0.047845 0.905536 0.000000 -0.309338 -1.345761
0.073188 0.459660 0.100000 -0.443914 -0.166032
0.084138 0.363428 0.200000 -0.460518 -0.584745
0.096772 0.272607 0.300000 -0.518992 -0.017075
0.104531 0.424029 0.400000 -0.520700 -1.435073
0.123873 0.994667 0.500000 -0.664207 2.774115
0.116864 0.854191 0.600000 -0.386795 -0.150569
0.112348 1.064780 0.700000 -0.401852 2.253398
0.101596 0.975841 0.800000 -0.176513 -0.727092
0.094542 1.018749 0.900000 -0.249222 -1.676257
0.093846 0.952277 1.000000 -0.416847 -0.758358
0.096139 0.893926 1.100000 -0.492683 -0.710024
0.100965 0.829955 1.200000 -0.563686 -0.353013
0.106567 0.813805 1.300000 -0.598987 -1.098961
0.116213 0.772558 1.400000 -0.708883 -0.624654
0.127543 0.903638 1.500000 -0.771348 2.395764
0.128357 0.852375 1.600000 -0.531772 0.253606
0.128350 0.853018 1.700000 -0.506411 1.314493
0.125295 0.859066 1.800000 -0.374962 -1.391353
0.125637 0.836411 1.900000 -0.514097 -0.901083
0.128347 0.796669 2.000000 -0.604206 0.060309
0.130645 0.760464 2.100000 -0.598175 -0.018217
0.132790 0.728561 2.200000 -0.599997 -0.231075
0.135346 0.750778 2.300000 -0.623104 -1.588557
0.142162 0.750713 2.400000 -0.781960 -1.224060
0.152422 0.735989 2.500000 -0.904366 -0.857784
0.164932 0.709564 2.600000 -0.990144 -0.212147
0.177307 0.708221 2.700000 -1.011359 1.159273
0.185017 0.755266 2.800000 -0.895432 2.035936
0.186827 0.758626 2.900000 -0.691838 1.308489
0.185876 0.736320 3.000000 -0.560989 0.366489
0.184364 0.723355 3.100000 -0.524340 0.801780
0.181766 0.705441 3.200000 -0.444162 0.514178
0.178688 0.698870 3.300000 -0.392745 -0.981885
0.177026 0.688275 3.400000 -0.490933 0.809978
0.174443 0.694793 3.500000 -0.409935 -1.358613
0.173753 0.682447 3.600000 -0.545797 -0.689909
0.174154 0.669903 3.700000 -0.614787 -0.641542
0.175598 0.657200 3.800000 -0.678942 0.590723
0.176011 0.650984 3.900000 -0.619869 -0.903960
0.177871 0.667060 4.000000 -0.710265 -1.618703
0.182691 0.653651 4.100000 -0.872136 0.455780
0.186386 0.675917 4.200000 -0.826558 -1.795052
0.193652 0.668323 4.300000 -1.006063 -0.826789
0.202519 0.673604 4.400000 -1.088742 1.346066
0.208012 0.659539 4.500000 -0.954135 -0.230762
0.213745 0.691014 4.600000 -0.977211 -2.068259
0.223896 0.690647 4.700000 -1.184037 -1.160533
0.236574 0.680638 4.800000 -1.300091 -0.632789
0.250430 0.678563 4.900000 -1.363370 1.074145
0.260985 0.677079 5.000000 -1.255955 -1.098043
0.273901 0.691668 5.100000 -1.365759 1.694532
0.282235 0.691666 5.200000 -1.196306 1.176081
0.287782 0.680701 5.300000 -1.078698 -0.446120
0.294021 0.670288 5.400000 -1.123310 -0.464723
0.300988 0.662239 5.500000 -1.169782 -0.662643
0.309110 0.668569 5.600000 -1.236047 -1.430433
0.320176 0.657485 5.700000 -1.379090 0.226619
0.330341 0.665098 5.800000 -1.356428 1.487741
0.336989 0.677623 5.900000 -1.207654 1.683212
0.340319 0.717822 6.000000 -1.039333 2.501906
0.339852 0.728339 6.100000 -0.789142 -1.655206
0.341691 0.787071 6.200000 -0.954663 2.976061
0.339725 0.777723 6.300000 -0.657057 -0.614512
0.338469 0.767836 6.400000 -0.718508 -0.519655
0.337838 0.756471 6.500000 -0.770473 0.188618
0.337012 0.747275 6.600000 -0.751612 -0.529781
0.336816 0.785898 6.700000 -0.804590 -2.597546
0.340143 0.775432 6.800000 -1.064344 -0.356975
0.343928 0.765026 6.900000 -1.100042 -0.306756
0.348087 0.754958 7.000000 -1.130717 -0.316863
0.352636 0.757229 7.100000 -1.162404 1.355319
0.355028 0.783441 7.200000 -1.026872 2.311161
0.354509 0.778223 7.300000 -0.795756 -0.891365
0.355002 0.770185 7.400000 -0.884892 -0.592230
0.356195 0.787481 7.500000 -0.944115 2.041929
0.355124 0.778860 7.600000 -0.739922 -0.497250
0.354568 0.800711 7.700000 -0.789647 2.228561
0.352113 0.804500 7.800000 -0.566791 -1.483249
0.350908 0.795629 7.900000 -0.715116 -0.435508
0.350129 0.829939 8.000000 -0.758667 2.673866
0.347331 0.858057 8.100000 -0.491280 -2.504220
0.346460 0.851352 8.200000 -0.741702 0.776669
0.344960 0.849535 8.300000 -0.664036 1.182143
0.342654 0.840085 8.400000 -0.545821 -0.304245
0.340601 0.830496 8.500000 -0.576246 -0.175686
0.338712 0.822182 8.600000 -0.593814 -0.462936
0.337191 0.835602 8.700000 -0.640108 -2.001560
0.337369 0.850322 8.800000 -0.840264 -2.071552
0.339715 0.842561 8.900000 -1.047419 -0.551068
0.342661 0.858218 9.000000 -1.102526 2.129473
0.343237 0.853621 9.100000 -0.889579 0.933070
0.342956 0.859502 9.200000 -0.796272 1.673686
0.341411 0.856478 9.300000 -0.628903 1.072609
0.339249 0.847852 9.400000 -0.521642 -0.271814
0.337284 0.846585 9.500000 -0.548824 1.205196
0.334753 0.842026 9.600000 -0.428304 0.899288
0.331921 0.900189 9.700000 -0.338375 -3.617177
0.331044 0.896675 9.800000 -0.700093 1.051029
0.329503 0.887714 9.900000 -0.594990 -0.034067
0.328014 0.894712 10.000000 -0.598397 1.785785
0.325662 0.903396 10.100000 -0.419818 -1.887043
0.324298 0.896555 10.200000 -0.608523 -0.630520
0.323348 0.888076 10.300000 -0.671575 -0.171692
0.322527 0.879781 10.400000 -0.688744 0.185119
0.321603 0.875102 10.500000 -0.670232 -0.876133
0.321281 0.884938 10.600000 -0.757845 -1.963437
0.322522 0.885547 10.700000 -0.954189 1.378891
0.322619 0.877756 10.800000 -0.816300 -0.269521
0.322919 0.871883 10.900000 -0.843252 -0.680878
0.323751 0.871196 11.000000 -0.911340 1.261432
0.323612 0.890008 11.100000 -0.785196 2.440559
0.322044 0.882362 11.200000 -0.541140 -0.227885
0.320614 0.874707 11.300000 -0.563929 0.138966
0.319142 0.867139 11.400000 -0.550032 0.094289
0.317650 0.867567 11.500000 -0.540603 -1.354094
0.316888 0.860223 11.600000 -0.676013 -0.128542
0.316213 0.854111 11.700000 -0.688867 0.527329
0.315256 0.849846 11.800000 -0.636134 -0.832598
0.314786 0.843359 11.900000 -0.719394 -0.377684
0.314553 0.839548 12.000000 -0.757162 0.874376
0.313813 0.833902 12.100000 -0.669725 0.549048
0.312798 0.838962 12.200000 -0.614820 -1.706668
0.312764 0.850146 12.300000 -0.785487 -2.109861
0.314233 0.878326 12.400000 -0.996473 2.957236
0.313688 0.884884 12.500000 -0.700749 -1.846394
0.314304 0.880367 12.600000 -0.885389 0.788992
0.314389 0.878283 12.700000 -0.806489 1.107865
0.313828 0.880174 12.800000 -0.695703 1.498140
0.312560 0.873407 12.900000 -0.545889 0.029957
0.311299 0.877545 13.000000 -0.542893 1.682532
0.309473 0.873701 13.100000 -0.374640 -0.860355
0.307944 0.877986 13.200000 -0.460676 1.699193
0.305961 0.904769 13.300000 -0.290756 -2.988936
0.304982 0.898706 13.400000 -0.589650 0.415417
0.303844 0.899746 13.500000 -0.548108 1.442296
0.302222 0.893243 13.600000 -0.403879 -0.133763
0.300663 0.898684 13.700000 -0.417255 -1.813350
0.299788 0.892270 13.800000 -0.598590 0.118735
0.298877 0.898290 13.900000 -0.586717 -1.862867
0.298876 0.892823 14.000000 -0.773003 0.504693
0.298609 0.892102 14.100000 -0.722534 -1.257320
0.299037 0.892199 14.200000 -0.848266 -1.346104
0.300315 0.893396 14.300000 -0.982876 -1.459201
0.302637 0.893107 14.400000 -1.128797 1.304932
0.303977 0.900503 14.500000 -0.998303 1.986428
0.304085 0.897169 14.600000 -0.799661 0.905982
0.303729 0.931676 14.700000 -0.709062 -3.465335
0.305429 0.932240 14.800000 -1.055596 1.425267
0.306172 0.932281 14.900000 -0.913069 -1.369899
0.307795 0.933472 15.000000 -1.050059 -1.491386
0.310501 0.938023 15.100000 -1.199198 -1.802957
0.314691 0.936038 15.200000 -1.379493 1.126267
0.317858 0.929965 15.300000 -1.266867 0.039049
0.320953 0.944368 15.400000 -1.262962 2.514969
0.322174 0.940669 15.500000 -1.011465 0.857073
0.322852 0.935477 15.600000 -0.925757 -0.500944
0.323822 0.932504 15.700000 -0.975852 0.965212
0.324217 0.936086 15.800000 -0.879331 1.733174
0.323748 0.943646 15.900000 -0.706013 2.071587
0.322510 0.937823 16.000000 -0.498855 -0.110534
0.321322 0.933930 16.100000 -0.509908 -0.783914
0.320412 0.937293 16.200000 -0.588299 1.721621
0.318986 0.932548 16.300000 -0.416137 -0.564236
0.317730 0.931039 16.400000 -0.472561 -1.169196
0.316862 0.925868 16.500000 -0.589480 -0.381238
0.316144 0.921738 16.600000 -0.627604 0.687213
0.315192 0.932219 16.700000 -0.558883 -2.316285
0.315176 0.928451 16.800000 -0.790511 -0.768774
0.315535 0.934697 16.900000 -0.867389 -1.995053
0.317018 0.929860 17.000000 -1.066894 0.463831
0.318202 0.927758 17.100000 -1.020511 1.066235
0.318777 0.927367 17.200000 -0.913887 1.311563
0.318705 0.924834 17.300000 -0.782731 0.986521
0.318221 0.921652 17.400000 -0.684079 -0.857955
0.318097 0.918158 17.500000 -0.769874 -0.783143
0.318332 0.940228 17.600000 -0.848189 3.106282
0.317355 0.935000 17.700000 -0.537561 0.138731
0.316348 0.929820 17.800000 -0.523687 0.124916
0.315317 0.926057 17.900000 -0.511196 -0.710656
0.314511 0.926970 18.000000 -0.582261 -1.477391
0.314247 0.950399 18.100000 -0.730001 3.222140
0.312984 0.955576 18.200000 -0.407787 1.948227
0.311407 0.961663 18.300000 -0.212964 -2.037383
0.310193 0.956466 18.400000 -0.416702 0.018728
0.308987 0.953083 18.500000 -0.414829 -0.809113
0.307992 0.948321 18.600000 -0.495741 -0.353941
0.307104 0.943661 18.700000 -0.531135 -0.379958
0.306336 0.939582 18.800000 -0.569131 0.587768
0.305409 0.949924 18.900000 -0.510354 -2.410198
0.305288 0.945727 19.000000 -0.751374 -0.544630
0.305389 0.961931 19.100000 -0.805837 2.848488
0.304510 0.957095 19.200000 -0.520988 -0.239092
0.303706 0.952406 19.300000 -0.544897 -0.307865
0.302998 0.951002 19.400000 -0.575684 1.164928
0.301990 0.948999 19.500000 -0.459191 -1.056903
0.301267 0.946838 19.600000 -0.564881 -1.023004
0.300870 0.942981 19.700000 -0.667181 0.605330
0.300282 0.961902 19.800000 -0.606648 -3.068634
0.300867 0.984266 19.900000 -0.913512 3.296843
0.300218 0.986055 20.000000 -0.583828 -1.639465
0.300116 0.999027 20.100000 -0.747774 2.685659
0.299203 1.004786 20.200000 -0.479208 -2.082366
0.298895 1.000723 20.300000 -0.687445 -0.593037
0.298797 0.998326 20.400000 -0.746748 1.009318
0.298359 0.996046 20.500000 -0.645817 -1.028271
0.298271 0.991289 20.600000 -0.748644 -0.151419
0.298240 0.990379 20.700000 -0.763786 1.266427
0.297784 0.996173 20.800000 -0.637143 -2.098288
0.298074 0.993238 20.900000 -0.846972 -0.871527
0.298729 0.993512 21.000000 -0.934124 -1.449825
0.300066 0.988991 21.100000 -1.079107 -0.264508
0.301526 0.986259 21.200000 -1.105558 -0.902425
0.303458 0.995109 21.300000 -1.195800 2.400018
0.304172 0.990987 21.400000 -0.955798 0.466968
0.304676 0.988048 21.500000 -0.909102 0.843901
0.304840 0.996892 21.600000 -0.824712 -2.411341
0.306047 0.992950 21.700000 -1.065846 -0.524384
0.307504 0.994977 21.800000 -1.118284 1.695199
0.308153 0.996463 21.900000 -0.948764 1.625943
0.308157 0.994653 22.000000 -0.786170 1.092243
0.307801 0.993463 22.100000 -0.676946 1.208681
0.307114 0.995154 22.200000 -0.556077 1.655644
0.306083 0.998005 22.300000 -0.390513 -1.807620
0.305448 0.993782 22.400000 -0.571275 0.309185
0.304742 0.990955 22.500000 -0.540357 -0.842430
0.304259 0.986987 22.600000 -0.624600 0.424823
0.303668 0.984118 22.700000 -0.582117 0.816130
0.302889 0.979967 22.800000 -0.500504 0.258446
0.302061 0.976421 22.900000 -0.474660 0.573650
0.301131 0.986479 23.000000 -0.417295 2.568957
0.299888 0.982925 23.100000 -0.160399 0.569219
0.298624 0.978783 23.200000 -0.103477 0.187958
0.297363 0.975671 23.300000 -0.084681 -0.708037
0.296149 0.972682 23.400000 -0.155485 -0.739228
0.295006 0.973424 23.500000 -0.229408 1.515059
0.293774 0.977999 23.600000 -0.077902 2.028693
0.292573 0.974674 23.700000 0.124968 0.611006
0.291421 0.974106 23.800000 0.186068 -1.295220
0.290213 0.983106 23.900000 0.056546 2.503673
0.289204 0.979535 24.000000 0.306913 0.495075
0.288272 0.975582 24.100000 0.356421 -0.213945
0.287316 0.971740 24.200000 0.335026 0.289847
0.286410 0.967901 24.300000 0.364011 0.264154
0.285553 0.965694 24.400000 0.390427 -0.924310
0.284572 0.962131 24.500000 0.297996 -0.422413
0.283553 0.959403 24.600000 0.255754 0.759433
0.282631 0.956773 24.700000 0.331698 0.783965
0.281834 0.953274 24.800000 0.410094 0.413612
0.281114 0.953136 24.900000 0.451455 1.355436
0.280680 0.952558 25.000000 0.586999 -1.271396
0.279986 0.948968 25.100000 0.459859 0.309480
0.279356 0.952875 25.200000 0.490807 -1.968457
0.278426 0.952571 25.300000 0.293962 1.323272
0.277690 0.960482 25.400000 0.426289 2.437192
0.277482 0.957461 25.500000 0.670008 0.611653
0.277443 0.953745 25.600000 0.731173 0.071088
0.277424 0.961529 25.700000 0.738282 -2.433939
0.276825 0.966582 25.800000 0.494888 2.130845
0.276725 0.963038 25.900000 0.707973 0.300282
0.276708 0.973830 26.000000 0.738001 2.749402
0.277610 0.980445 26.100000 1.012941 -2.326800
0.277712 0.981582 26.200000 0.780261 -1.599764
0.277388 0.978013 26.300000 0.620285 0.280556
0.277135 0.975240 26.400000 0.648340 -0.697325
0.276722 0.976723 26.500000 0.578608 -1.655175
0.276005 0.974953 26.600000 0.413090 1.004141
0.275467 0.979837 26.700000 0.513505 -2.137219
0.274610 0.979409 26.800000 0.299783 -1.314941
0.273646 0.978801 26.900000 0.168288 -1.277031
0.272639 0.977251 27.000000 0.040585 -1.057090
0.271644 0.973728 27.100000 -0.065124 -0.194894
0.270662 0.970172 27.200000 -0.084613 0.075374
0.269686 0.967434 27.300000 -0.077076 0.663175
0.268705 0.966527 27.400000 -0.010758 -1.198456
0.267762 0.967061 27.500000 -0.130604 1.492661
0.266796 0.968176 27.600000 0.018662 -1.597409
0.265872 0.965956 27.700000 -0.141078 -0.837623
0.265010 0.966925 27.800000 -0.224841 1.572469
0.264072 0.980790 27.900000 -0.067594 3.114271
0.263238 0.980822 28.000000 0.243833 -1.406918
0.262323 0.978928 28.100000 0.103141 -0.945045
0.261396 0.981603 28.200000 0.008637 1.863386
0.260543 0.978417 28.300000 0.194976 -0.391749
0.259671 0.976016 28.400000 0.155801 0.766918
0.258858 0.985805 28.500000 0.232492 2.747978
0.258404 0.983416 28.600000 0.507290 0.774683
0.258101 0.983357 28.700000 0.584759 1.390296
0.258114 0.984114 28.800000 0.723788 -1.550598
0.257782 0.986038 28.900000 0.568728 1.756194
0.257848 0.991096 29.000000 0.744348 2.217224
0.258563 0.994579 29.100000 0.966070 -2.004006
0.258681 0.993376 29.200000 0.765670 -1.133264
0.258525 1.006473 29.300000 0.652343 -3.112503
0.257845 1.003093 29.400000 0.341093 -0.136137
0.257156 1.007551 29.500000 0.327479 -2.155293
0.256311 1.004845 29.600000 0.111950 0.638567
0.255503 1.001501 29.700000 0.175807 -0.129825
0.254692 1.001776 29.800000 0.162824 1.472261
0.254004 0.998585 29.900000 0.310050 -0.297700
0.253290 0.997967 30.000000 0.280280 1.274858
0.252727 0.997541 30.100000 0.407766 1.318728
0.252373 0.994298 30.200000 0.539639 -0.171140
0.251992 1.003268 30.300000 0.522525 2.728101
0.252203 1.003166 30.400000 0.795335 -1.394453
0.252082 1.002084 30.500000 0.655890 -1.159394
0.251735 0.999908 30.600000 0.539950 0.817221
0.251545 0.997752 30.700000 0.621672 0.819752
0.251533 1.001419 30.800000 0.703648 -2.064318
0.251120 0.999146 30.900000 0.497216 0.770472
0.250843 0.995936 31.000000 0.574263 -0.045494
0.250559 0.996086 31.100000 0.569714 -1.443956
0.250047 0.993408 31.200000 0.425318 -0.561962
0.249468 0.990756 31.300000 0.369122 0.566817
0.248964 0.992045 31.400000 0.425804 -1.671467
0.248282 0.988908 31.500000 0.258657 -0.039476
0.247601 0.988175 31.600000 0.254709 -1.230053
0.246849 0.985846 31.700000 0.131704 0.703459
0.246140 0.987214 31.800000 0.202050 -1.686592
0.245372 0.984297 31.900000 0.033391 -0.327866
0.244608 0.981711 32.000000 0.000604 -0.555615
0.243853 0.978959 32.100000 -0.054957 0.436816
0.243098 0.978259 32.200000 -0.011276 -1.227236
0.242375 0.981034 32.300000 -0.133999 1.937703
0.241635 0.980397 32.400000 0.059771 -1.244014
0.240900 0.981944 32.500000 -0.064631 -1.723294
0.240250 0.979877 32.600000 -0.236960 0.782472
0.239555 0.977187 32.700000 -0.158713 0.441749
0.238847 0.974491 32.800000 -0.114538 0.424139
0.238131 0.973023 32.900000 -0.072124 0.990243
0.237413 0.973918 33.000000 0.026900 -1.593170
0.236724 0.976002 33.100000 -0.132417 -1.825318
0.236162 0.974109 33.200000 -0.314948 0.831510
0.235536 0.971444 33.300000 -0.231798 0.409435
0.234887 0.968619 33.400000 -0.190854 0.224829
0.234230 0.983951 33.500000 -0.168371 3.498562
0.233584 0.985580 33.600000 0.181485 1.750944
0.233081 0.982685 33.700000 0.356579 0.118630
0.232594 0.981140 33.800000 0.368442 0.958030
0.232227 0.979407 33.900000 0.464246 0.885591
0.231994 0.978091 34.000000 0.552805 -1.030285
0.231611 0.975776 34.100000 0.449776 0.610382
0.231316 0.976913 34.200000 0.510814 1.652669
0.231308 0.980730 34.300000 0.676081 -2.140166
0.230947 1.006224 34.400000 0.462065 -4.421772
0.230280 1.004898 34.500000 0.019887 -1.046354
0.229627 1.007431 34.600000 -0.084748 1.941093
0.228984 1.005781 34.700000 0.109361 0.930858
0.228387 1.004005 34.800000 0.202447 -0.878396
0.227753 1.005968 34.900000 0.114607 -1.839015
0.227111 1.007821 35.000000 -0.069294 -1.820095
0.226555 1.007073 35.100000 -0.251304 1.220462
0.225937 1.008990 35.200000 -0.129257 1.835085
0.225303 1.012623 35.300000 0.054251 -2.142468
0.224705 1.018953 35.400000 -0.159996 -2.553303
0.224316 1.016899 35.500000 -0.415326 -0.758717
0.224025 1.024583 35.600000 -0.491198 -2.742267
0.224218 1.021879 35.700000 -0.765424 -0.335662
0.224482 1.022597 35.800000 -0.798991 -1.599758
0.225136 1.021518 35.900000 -0.958966 1.126433
0.225504 1.022823 36.000000 -0.846323 1.727786
0.225508 1.020232 36.100000 -0.673545 0.411884
0.225438 1.017460 36.200000 -0.632356 -0.167465
0.225397 1.016682 36.300000 -0.649103 -1.211779
0.225592 1.013907 36.400000 -0.770281 0.086912
0.225768 1.011719 36.500000 -0.761589 0.652699
0.225814 1.009081 36.600000 -0.696319 0.295512
0.225804 1.012225 36.700000 -0.666768 -2.081466
0.226229 1.009568 36.800000 -0.874915 -0.251576
0.226713 1.010392 36.900000 -0.900072 1.621375
0.226836 1.007724 37.000000 -0.737935 0.202972
0.226918 1.005908 37.100000 -0.717638 -0.814845
0.227166 1.003886 37.200000 -0.799122 -0.709938
0.227571 1.026737 37.300000 -0.870116 4.370385
0.227214 1.028531 37.400000 -0.433078 -1.843614
0.227116 1.026714 37.500000 -0.617439 -0.830983
0.227165 1.029437 37.600000 -0.700537 2.026550
0.226892 1.027780 37.700000 -0.497882 -0.897740
0.226749 1.026564 37.800000 -0.587656 -1.064793
0.226786 1.035227 37.900000 -0.694136 -2.938837
0.227472 1.035000 38.000000 -0.988019 1.377437
0.227823 1.033265 38.100000 -0.850276 0.863011
0.227990 1.032777 38.200000 -0.763975 -1.300948
0.228437 1.030662 38.300000 -0.894069 -0.664568
0.229042 1.028650 38.400000 -0.960526 -0.715242
0.229828 1.028000 38.500000 -1.032050 1.247422
0.230298 1.025609 38.600000 -0.907308 0.453067
0.230662 1.031749 38.700000 -0.862001 -2.610644
0.231690 1.034864 38.800000 -1.123066 -2.118388
0.233380 1.032490 38.900000 -1.334905 0.466811
0.234906 1.031033 39.000000 -1.288223 0.962013
0.236119 1.028992 39.100000 -1.192022 -0.679372
0.237538 1.026703 39.200000 -1.259959 -0.509040
0.239116 1.024106 39.300000 -1.310863 0.083816
0.240658 1.021849 39.400000 -1.302482 0.515160
0.242026 1.021735 39.500000 -1.250966 1.397571
0.242971 1.021388 39.600000 -1.111209 -1.329484
0.244305 1.019355 39.700000 -1.244157 0.651650
0.245435 1.017767 39.800000 -1.178992 -0.878306
0.246827 1.028716 39.900000 -1.266823 3.285639
0.247310 1.029560 40.000000 -0.938259 1.653398
0.247437 1.027129 40.100000 -0.772919 -0.323599
0.247628 1.024585 40.200000 -0.805279 0.064752
0.247805 1.022395 40.300000 -0.798804 -0.528347
0.248088 1.022810 40.400000 -0.851638 -1.543199
0.248724 1.020966 40.500000 -1.005958 0.740423
0.249179 1.026467 40.600000 -0.931916 -2.553295
0.250296 1.024241 40.700000 -1.187245 0.486603
0.251269 1.026493 40.800000 -1.138585 -1.972366
0.252832 1.030634 40.900000 -1.335822 -2.334305
0.255213 1.030613 41.000000 -1.569252 1.429578
0.257062 1.036683 41.100000 -1.426294 2.657713
0.258070 1.042017 41.200000 -1.160523 2.545328
0.258438 1.041166 41.300000 -0.905990 1.174583
0.258565 1.042661 41.400000 -0.788532 -1.822892
0.259076 1.041551 41.500000 -0.970821 1.077827
0.259348 1.051059 41.600000 -0.863039 3.164293
0.259085 1.049630 41.700000 -0.546609 0.952972
0.258709 1.047245 41.800000 -0.451312 -0.316687
0.258371 1.045133 41.900000 -0.482981 0.566225
0.257973 1.043088 42.000000 -0.426358 -0.606545
0.257643 1.045638 42.100000 -0.487013 2.058763
0.257127 1.046469 42.200000 -0.281136 1.671762
0.256536 1.044100 42.300000 -0.113960 -0.289801
0.255957 1.041648 42.400000 -0.142940 -0.063445
0.255382 1.039254 42.500000 -0.149285 -0.208231
0.254818 1.036841 42.600000 -0.170108 0.132935
0.254251 1.034762 42.700000 -0.156814 0.542342
0.253671 1.043612 42.800000 -0.102580 3.108523
0.253131 1.042737 42.900000 0.208272 -1.155382
0.252554 1.040826 43.000000 0.092734 -0.661445
0.251970 1.039806 43.100000 0.026589 -1.095932
0.251396 1.038414 43.200000 -0.083004 -0.934629
0.250853 1.036359 43.300000 -0.176467 -0.541985
0.250337 1.035466 43.400000 -0.230665 1.138073
0.249779 1.033242 43.500000 -0.116858 -0.363150
0.249234 1.031029 43.600000 -0.153173 0.363686
0.248680 1.029022 43.700000 -0.116804 -0.551653
0.248148 1.027260 43.800000 -0.171970 -0.714427
0.247651 1.025205 43.900000 -0.243412 0.496729
0.247132 1.022892 44.000000 -0.193739 -0.098329
0.246620 1.020966 44.100000 -0.203572 0.586114
0.246087 1.020927 44.200000 -0.144961 -1.416685
0.245625 1.019921 44.300000 -0.286629 1.071683
0.245109 1.018241 44.400000 -0.179461 0.738125
0.244572 1.015966 44.500000 -0.105649 -0.084714
0.244040 1.013727 44.600000 -0.114120 0.175214
0.243505 1.013304 44.700000 -0.096598 1.283958
0.242964 1.011107 44.800000 0.031797 0.231791
0.242428 1.011457 44.900000 0.054976 -1.528560
0.241901 1.009429 45.000000 -0.097880 -0.440285
0.241388 1.011961 45.100000 -0.141908 2.075468
0.240860 1.010013 45.200000 0.065639 0.509777
0.240344 1.008021 45.300000 0.116616 -0.459370
0.239821 1.007054 45.400000 0.070679 1.065822
0.239330 1.006214 45.500000 0.177262 -1.117221
0.238811 1.005213 45.600000 0.065540 -1.047642
0.238291 1.003866 45.700000 -0.039225 0.881130
0.237775 1.002790 45.800000 0.048888 1.009821
0.237282 1.001150 45.900000 0.149871 -0.704842
0.236774 0.999633 46.000000 0.079386 0.777297
0.236288 0.997535 46.100000 0.157116 -0.246423
0.235797 0.996170 46.200000 0.132474 -0.854633
0.235291 0.995491 46.300000 0.047010 1.167370
0.234814 0.995078 46.400000 0.163747 -1.267529
0.234312 0.993210 46.500000 0.036994 0.499502
0.233818 0.995095 46.600000 0.086945 -1.935621
0.233331 0.995389 46.700000 -0.106617 1.505107
0.232835 0.993314 46.800000 0.043893 0.210372
0.232344 0.993795 46.900000 0.064930 -1.561648
0.231860 0.994036 47.000000 -0.091234 -1.488127
0.231430 0.992379 47.100000 -0.240047 -0.651495
0.231039 0.992893 47.200000 -0.305197 -1.571988
0.230777 0.992264 47.300000 -0.462395 1.178788
0.230416 0.991402 47.400000 -0.344517 1.079419
0.229991 0.989421 47.500000 -0.236575 -0.311114
0.229584 0.989027 47.600000 -0.267686 -1.266109
0.229266 0.990671 47.700000 -0.394297 1.884065
0.228832 0.988611 47.800000 -0.205891 0.089310
0.228395 0.986727 47.900000 -0.196960 0.410162
0.227946 0.987608 48.000000 -0.155943 -1.679562
0.227582 0.986439 48.100000 -0.323899 -0.921493
0.227290 0.986664 48.200000 -0.416049 1.479672
0.226894 0.985934 48.300000 -0.268082 1.125631
0.226451 0.984580 48.400000 -0.155519 -0.811544
0.226043 0.982573 48.500000 -0.236673 -0.135781
0.225643 0.982791 48.600000 -0.250251 -1.475589
0.225343 0.981642 48.700000 -0.397810 -0.918596
0.225127 0.983372 48.800000 -0.489670 -1.911899
0.225141 0.981388 48.900000 -0.680859 -0.149440
0.225175 0.980542 49.000000 -0.695804 -1.064032
0.225372 0.978755 49.100000 -0.802207 -0.450518
0.225643 0.982428 49.200000 -0.847258 -2.361963
0.226374 0.983473 49.300000 -1.083455 1.731338
0.226754 0.986530 49.400000 -0.910321 2.234592
0.226772 0.984938 49.500000 -0.686862 0.627616
0.226708 0.986921 49.600000 -0.624100 1.985029
0.226434 0.984940 49.700000 -0.425597 -0.023101
0.226164 0.987176 49.800000 -0.427907 2.049868
0.225761 0.985307 49.900000 -0.222921 -0.323911
0.225376 0.983340 50.000000 -0.255312 -0.003772
0.224992 0.981561 50.100000 -0.255689 -0.424817
0.224633 0.980795 50.200000 -0.298171 -1.092260
0.224352 0.979572 50.300000 -0.407397 -0.853564
0.224148 0.987198 50.400000 -0.492753 3.108312
0.223738 0.985365 50.500000 -0.181922 0.344791
0.223318 0.983491 50.600000 -0.147443 0.264904
0.222893 0.982037 50.700000 -0.120952 -0.699954
0.222491 0.980284 50.800000 -0.190948 0.423665
0.222076 0.978706 50.900000 -0.148581 0.592287
0.221649 0.981041 51.000000 -0.089353 -2.084342
0.221303 0.981623 51.100000 -0.297787 -1.599385
0.221076 0.981538 51.200000 -0.457725 -1.369778
0.220990 0.981551 51.300000 -0.594703 -1.405877
0.221086 0.986834 51.400000 -0.735291 2.721029
0.220865 0.985504 51.500000 -0.463188 0.775590
0.220582 0.985673 51.600000 -0.385629 1.464711
0.220211 0.983814 51.700000 -0.239158 0.212490
0.219832 0.982135 51.800000 -0.217909 -0.474637
0.219477 0.988534 51.900000 -0.265372 2.935772
0.219057 0.986819 52.000000 0.028205 -0.436596
0.218637 0.985449 52.100000 -0.015455 -0.736759
0.218227 0.983867 52.200000 -0.089131 0.562734
0.217812 0.982493 52.300000 -0.032857 0.726078
0.217398 0.988619 52.400000 0.039750 2.897793
0.217088 0.987631 52.500000 0.329530 0.968547
0.216849 0.986027 52.600000 0.426384 -0.533410
0.216570 0.984262 52.700000 0.373043 -0.329791
0.216270 0.983073 52.800000 0.340064 -0.842649
0.215923 0.982488 52.900000 0.255799 -1.160272
0.215535 0.980655 53.000000 0.139772 -0.135233
0.215145 0.980841 53.100000 0.126249 1.469379
0.214811 0.979362 53.200000 0.273187 -0.620808
0.214451 0.986043 53.300000 0.211106 3.015648
0.214296 0.984837 53.400000 0.512671 0.825487
0.214226 0.983209 53.500000 0.595219 -0.473774
0.214107 0.982581 53.600000 0.547842 1.136594
0.214115 0.990976 53.700000 0.661501 -3.316336
0.213819 0.989947 53.800000 0.329868 -0.934391
0.213475 0.989062 53.900000 0.236429 1.012187
0.213186 0.987486 54.000000 0.337647 0.521982
0.212933 0.989591 54.100000 0.389846 -2.063231
0.212571 0.990908 54.200000 0.183523 -1.846527
0.212181 0.989686 54.300000 -0.001130 -0.807227
0.211798 0.987876 54.400000 -0.081853 -0.084878
0.211417 0.989471 54.500000 -0.090341 1.928079
0.211040 0.989503 54.600000 0.102467 1.418995
0.210710 0.987890 54.700000 0.244367 -0.458889
0.210362 0.987767 54.800000 0.198478 -1.356776
0.209983 0.986542 54.900000 0.062800 0.792864
0.209620 0.984957 55.000000 0.142087 0.475728
0.209273 0.984332 55.100000 0.189660 -1.131493
0.208900 0.983552 55.200000 0.076510 1.051373
0.208552 0.983194 55.300000 0.181648 1.253304
0.208261 0.981665 55.400000 0.306978 0.518386
0.208003 0.981490 55.500000 0.358817 1.330085
0.207846 0.983309 55.600000 0.491825 -1.997311
0.207550 0.987020 55.700000 0.292094 2.471418
0.207439 0.986508 55.800000 0.539236 1.183784
0.207455 0.984812 55.900000 0.657614 0.271562
0.207503 0.985394 56.000000 0.684770 1.619671
0.207772 0.983978 56.100000 0.846738 -0.615746
0.207950 0.990619 56.200000 0.785163 -3.073219
0.207784 0.989752 56.300000 0.477841 1.001745
0.207712 0.988517 56.400000 0.578016 -0.764635
0.207567 0.987243 56.500000 0.501552 -0.731381
0.207363 0.985869 56.600000 0.428414 -0.645285
0.207114 0.984436 56.700000 0.363886 -0.585715
0.206832 0.983896 56.800000 0.305314 -1.164062
0.206501 0.982310 56.900000 0.188908 -0.398804
0.206158 0.983656 57.000000 0.149028 -1.871437
0.205799 0.984461 57.100000 -0.038116 -1.699478
0.205478 0.982868 57.200000 -0.208064 -0.377690
0.205173 0.986895 57.300000 -0.245833 -2.566991
0.205035 0.985180 57.400000 -0.502532 0.030834
0.204896 0.985619 57.500000 -0.499449 1.573801
0.204642 0.984639 57.600000 -0.342069 0.916791
0.204342 0.988742 57.700000 -0.250389 -2.590825
0.204214 0.990355 57.800000 -0.509472 1.960722
0.203946 0.989529 57.900000 -0.313400 -1.011375
0.203743 0.988222 58.000000 -0.414537 -0.678070
0.203593 0.986640 58.100000 -0.482344 0.367637
0.203414 0.988640 58.200000 -0.445581 -2.075024
0.203431 0.987005 58.300000 -0.653083 -0.259521
0.203477 0.987405 58.400000 -0.679035 -1.562656
0.203725 0.986860 58.500000 -0.835301 -1.156117
0.204148 0.987332 58.600000 -0.950912 -1.589824
0.204849 0.987262 58.700000 -1.109895 1.375717
0.205303 0.987826 58.800000 -0.972323 1.624298
0.205511 0.988106 58.900000 -0.809893 -1.518691
0.205946 0.993871 59.000000 -0.961762 2.964871
0.205972 0.992408 59.100000 -0.665275 0.505100
0.205943 0.990950 59.200000 -0.614765 0.505866
0.205865 0.990089 59.300000 -0.564179 -0.979294
0.205887 0.994638 59.400000 -0.662108 2.719205
0.205669 0.993151 59.500000 -0.390187 -0.465151
0.205484 0.992042 59.600000 -0.436703 0.813656
0.205246 0.990383 59.700000 -0.355337 -0.016730
0.205010 0.994092 59.800000 -0.357010 2.534609
0.204677 0.992721 59.900000 -0.103549 -0.585185
0.204359 0.993267 60.000000 -0.162068 1.625226
0.204019 0.994058 60.100000 0.000455 1.714528
0.203705 0.995842 60.200000 0.171908 -2.034692
0.203369 0.996034 60.300000 -0.031561 1.491111
0.203044 0.997590 60.400000 0.117550 -1.968254
0.202714 0.997611 60.500000 -0.079276 1.421713
0.202384 0.996050 60.600000 0.062896 0.315891
0.202058 0.995550 60.700000 0.094485 1.176826
0.201763 0.993961 60.800000 0.212167 -0.235140
0.201462 0.992454 60.900000 0.188653 0.386458
0.201174 0.992589 61.000000 0.227299 -1.466305
0.200851 0.991206 61.100000 0.080669 0.539908
0.200538 0.989871 61.200000 0.134659 0.588011
0.200242 0.990691 61.300000 0.193460 -1.728408
0.199917 0.989081 61.400000 0.020620 -0.021131
0.199592 0.990750 61.500000 0.018507 2.008786
0.199308 0.990369 61.600000 0.219385 1.229269
0.199080 0.989103 61.700000 0.342312 0.644710
0.198892 0.989245 61.800000 0.406783 1.467797
0.198819 0.987653 61.900000 0.553563 -0.061436
0.198740 0.987965 62.000000 0.547419 1.537442
0.198815 0.986681 62.100000 0.701164 0.615043
0.198963 0.985115 62.200000 0.762668 -0.147054
0.199093 0.985322 62.300000 0.747962 1.493070
0.199418 0.984426 62.400000 0.897269 0.922331
0.199882 0.983840 62.500000 0.989502 -1.111073
0.200178 0.985272 62.600000 0.878395 1.940133
0.200775 0.987446 62.700000 1.072409 -2.168019
0.201038 0.985893 62.800000 0.855607 0.147161
0.201320 0.984338 62.900000 0.870323 -0.113062
0.201585 0.985236 63.000000 0.859017 -1.761218
0.201635 0.983689 63.100000 0.682895 -0.121101
0.201672 0.982143 63.200000 0.670785 0.103655
0.201720 0.981946 63.300000 0.681150 -1.309247
0.201641 0.980485 63.400000 0.550225 -0.328239
0.201534 0.979755 63.500000 0.517401 -1.016615
0.201353 0.982227 63.600000 0.415740 -2.260188
0.201066 0.983586 63.700000 0.189721 1.922951
0.200866 0.982054 63.800000 0.382016 0.100939
0.200672 0.980886 63.900000 0.392110 -0.684516
0.200440 0.984213 64.000000 0.323659 2.495429
0.200384 0.982683 64.100000 0.573201 0.065390
0.200334 0.983023 64.200000 0.579740 -1.549814
0.200163 0.985423 64.300000 0.424759 -2.248897
0.199884 0.984039 64.400000 0.199869 -0.430787
0.199593 0.983028 64.500000 0.156791 -0.813475
0.199289 0.984210 64.600000 0.075443 1.869638
0.199035 0.984785 64.700000 0.262407 1.647407
0.198869 0.983372 64.800000 0.427148 0.367373
0.198728 0.982901 64.900000 0.463885 -1.164177
0.198516 0.982257 65.000000 0.347467 1.061570
0.198369 0.985989 65.100000 0.453624 2.613537
0.198457 0.986112 65.200000 0.714978 -1.460333
0.198401 0.984614 65.300000 0.568945 0.114420
0.198355 0.990931 65.400000 0.580387 -3.200803
0.198104 0.990575 65.500000 0.260306 -1.230405
0.197817 0.989201 65.600000 0.137266 0.419295
0.197541 0.988624 65.700000 0.179195 1.104097
0.197305 0.987676 65.800000 0.289605 -0.853375
0.197037 0.987741 65.900000 0.204268 1.435548
0.196831 0.986529 66.000000 0.347823 0.610824
0.196660 0.985648 66.100000 0.408905 -0.898229
0.196440 0.984233 66.200000 0.319082 -0.308040
0.196206 0.983155 66.300000 0.288278 -0.732535
0.195946 0.986695 66.400000 0.215024 -2.583482
0.195653 0.985511 66.500000 -0.043324 -0.630253
0.195369 0.990513 66.600000 -0.106349 2.939953
0.195102 0.989041 66.700000 0.187646 0.121727
0.194841 0.988341 66.800000 0.199819 1.020550
0.194618 0.989542 66.900000 0.301874 -1.893413
0.194337 0.988982 67.000000 0.112533 1.108233
0.194085 0.988125 67.100000 0.223356 -0.908952
0.193810 0.987989 67.200000 0.132461 1.338907
0.193575 0.986985 67.300000 0.266351 -0.789429
0.193314 0.985766 67.400000 0.187409 0.572694
0.193072 0.984738 67.500000 0.244678 0.762951
0.192863 0.989205 67.600000 0.320973 2.831612
0.192848 0.989113 67.700000 0.604134 1.361389
0.192968 0.993696 67.800000 0.740273 -2.863824
0.192835 0.992412 67.900000 0.453891 -0.491953
0.192672 0.992351 68.000000 0.404695 -1.378883
0.192442 0.993669 68.100000 0.266807 -1.944805
0.192164 0.996396 68.200000 0.072327 2.390177
0.191954 0.996068 68.300000 0.311344 -1.242213
0.191699 0.996570 68.400000 0.187123 -1.637050
0.191420 0.996827 68.500000 0.023418 1.531632
0.191164 0.995928 68.600000 0.176581 0.871119
0.190937 1.003661 68.700000 0.263693 3.554213
0.190938 1.002210 68.800000 0.619115 0.084455
0.190947 1.004998 68.900000 0.627560 -2.419123
0.190778 1.004338 69.000000 0.385648 1.047670
0.190676 1.003322 69.100000 0.490415 -0.776219
0.190524 1.002191 69.200000 0.412793 -0.662846
0.190336 1.000952 69.300000 0.346508 -0.533724
0.190124 0.999514 69.400000 0.293136 -0.060571
0.189910 0.998181 69.500000 0.287079 -0.377774
0.189682 1.000350 69.600000 0.249301 -2.240476
0.189411 1.000476 69.700000 0.025254 1.475600
0.189161 1.000632 69.800000 0.172814 -1.489451
0.188891 0.999263 69.900000 0.023869 -0.291743
0.188622 0.998600 70.000000 -0.005306 1.033529
0.188360 0.997341 70.100000 0.098047 -0.480319
0.188094 0.995934 70.200000 0.050015 -0.128876
0.187828 0.994980 70.300000 0.037128 -0.805288
0.187563 0.993854 70.400000 -0.043401 0.633442
0.187297 0.993367 70.500000 0.019943 -1.140649
0.187038 0.992105 70.600000 -0.094122 0.450005
0.186776 0.992197 70.700000 -0.049121 1.454036
0.186519 1.003295 70.800000 0.096282 4.209543
0.186445 1.003225 70.900000 0.517237 -1.381351
0.186284 1.003948 71.000000 0.379102 1.741860
0.186237 1.002538 71.100000 0.553288 -0.011163
0.186190 1.008718 71.200000 0.552171 -3.289045
0.185964 1.008120 71.300000 0.223267 -1.078496
0.185713 1.007261 71.400000 0.115417 0.888242
0.185483 1.007783 71.500000 0.204241 -1.661548
0.185225 1.006640 71.600000 0.038087 0.614658
0.184974 1.005465 71.700000 0.099552 -0.570804
0.184718 1.004223 71.800000 0.042472 -0.474085
0.184461 1.003245 71.900000 -0.004937 0.774691
0.184209 1.002111 72.000000 0.072533 -0.609305
0.183954 1.000725 72.100000 0.011602 -0.044215
0.183700 1.000872 72.200000 0.007180 -1.488079
0.183460 1.003810 72.300000 -0.141627 2.501239
0.183215 1.002426 72.400000 0.108496 0.030157
0.182971 1.001326 72.500000 0.111512 0.638736
0.182741 1.004213 72.600000 0.175386 2.489855
0.182613 1.002842 72.700000 0.424371 -0.111837
0.182480 1.001916 72.800000 0.413188 0.810059
0.182397 1.000582 72.900000 0.494193 -0.237548
0.182299 0.999857 73.000000 0.470439 0.969647
0.182270 1.000619 73.100000 0.567403 -1.765275
0.182125 1.000751 73.200000 0.390876 -1.481290
0.181918 1.000397 73.300000 0.242747 -1.217161
0.181680 0.999164 73.400000 0.121031 -0.433705
0.181437 0.997926 73.500000 0.077660 0.420571
0.181201 0.996777 73.600000 0.119717 0.549130
0.180976 0.999664 73.700000 0.174630 2.500966
0.180853 1.008114 73.800000 0.424727 3.806444
0.181047 1.007171 73.900000 0.805371 -0.787680
0.181159 1.008585 74.000000 0.726603 2.027172
0.181497 1.007346 74.100000 0.929320 0.422295
0.181888 1.006293 74.200000 0.971550 -0.670697
0.182193 1.005646 74.300000 0.904480 1.024677
0.182629 1.004328 74.400000 1.006948 -0.219061
0.183034 1.003454 74.500000 0.985042 -0.839173
0.183333 1.002722 74.600000 0.901125 -0.955941
0.183521 1.001804 74.700000 0.805531 0.795199
0.183799 1.000472 74.800000 0.885050 -0.087047
0.184066 0.999303 74.900000 0.876346 -0.497644
0.184276 0.998888 75.000000 0.826581 -1.172957
0.184366 0.997651 75.100000 0.709286 -0.370514
0.184421 0.997449 75.200000 0.672234 1.300125
0.184603 0.997669 75.300000 0.802247 1.525478
0.184962 0.999233 75.400000 0.954794 2.087410
0.185613 1.000214 75.500000 1.163536 1.865676
0.186572 0.999326 75.600000 1.350103 0.810678
0.187677 0.998850 75.700000 1.431171 -1.129974
0.188574 0.999979 75.800000 1.318174 -1.926569
0.189159 0.998833 75.900000 1.125517 0.507314
0.189820 0.997870 76.000000 1.176248 -0.729080
0.190369 0.996789 76.100000 1.103340 0.590590
0.191005 0.996300 76.200000 1.162399 1.116805
0.191818 0.995709 76.300000 1.274080 -1.043949
0.192461 0.995584 76.400000 1.169685 1.341671
0.193320 0.994558 76.500000 1.303852 0.647445
0.194289 0.998349 76.600000 1.368596 2.793734
0.195804 0.997809 76.700000 1.647970 -1.079925
0.197091 0.998283 76.800000 1.539977 -1.650937
0.198063 0.998471 76.900000 1.374883 1.511852
0.199316 0.997581 77.000000 1.526069 0.790482
0.200726 0.997307 77.100000 1.605117 -1.253849
0.201883 0.998356 77.200000 1.479732 -1.901425
0.202697 0.999071 77.300000 1.289589 -1.761879
0.203235 0.999251 77.400000 1.113402 1.508927
0.204003 0.997963 77.500000 1.264294 0.012904
0.204771 0.998670 77.600000 1.265585 -1.758981
0.205271 0.998316 77.700000 1.089687 1.202732
0.205947 0.997640 77.800000 1.209960 -0.971103
0.206477 0.996564 77.900000 1.112849 0.562875
0.207088 0.995387 78.000000 1.169137 -0.393483
0.207639 0.994795 78.100000 1.129789 -1.032197
0.208047 0.993729 78.200000 1.026569 0.565475
0.208530 0.992865 78.300000 1.083117 0.795419
0.209125 0.992388 78.400000 1.162658 1.112501
0.209891 0.991938 78.500000 1.273908 -1.129998
0.210481 0.990775 78.600000 1.160909 -0.391558
0.211012 0.990793 78.700000 1.121753 -1.417485
0.211353 0.989821 78.800000 0.980004 0.669146
0.211779 0.988878 78.900000 1.046919 -0.699705
0.212115 0.990205 79.000000 0.976948 -2.019253
0.212226 0.989212 79.100000 0.775023 -0.638906
0.212278 0.987998 79.200000 0.711132 0.231178
0.212350 0.987596 79.300000 0.734250 1.156436
0.212537 0.986399 79.400000 0.849894 0.268475
0.212753 0.985249 79.500000 0.876741 -0.375863
0.212928 0.985200 79.600000 0.839155 1.375614
0.213258 0.983984 79.700000 0.976716 0.171313
0.213610 0.982835 79.800000 0.993848 -0.363494
0.213916 0.982320 79.900000 0.957498 1.068868
0.214356 0.981094 80.000000 1.064385 -0.014192
0.214793 0.979872 80.100000 1.062966 -0.041807
0.215223 0.979167 80.200000 1.058785 -0.909837
0.215538 0.978180 80.300000 0.967801 -0.609449
0.215781 0.979863 80.400000 0.906857 -2.160146
0.215810 0.978768 80.500000 0.690842 0.441050
0.215877 0.983536 80.600000 0.734947 -3.106849
0.215721 0.982392 80.700000 0.424262 0.344738
0.215584 0.981411 80.800000 0.458736 -0.613851
0.215416 0.983597 80.900000 0.397351 2.346228
0.215396 0.982603 81.000000 0.631974 -0.595731
0.215333 0.982127 81.100000 0.572400 1.091556
0.215354 0.984060 81.200000 0.681556 2.260068
0.215595 0.983170 81.300000 0.907563 -0.720055
0.215759 0.982043 81.400000 0.835557 -0.360605
0.215886 0.981088 81.500000 0.799497 -0.636632
0.215953 0.979887 81.600000 0.735834 0.018462
0.216022 0.979725 81.700000 0.737680 1.301575
0.216218 0.979012 81.800000 0.867837 0.890071
0.216512 0.977825 81.900000 0.956845 -0.104836
0.216794 0.981067 82.000000 0.946361 -2.697906
0.216809 0.982012 82.100000 0.676570 1.875092
0.216999 0.981803 82.200000 0.864080 -1.272469
0.217065 0.980617 82.300000 0.736833 -0.096236
0.217123 0.980003 82.400000 0.727209 0.973721
0.217271 0.980866 82.500000 0.824581 -1.840134
0.217257 0.979680 82.600000 0.640568 -0.013700
0.217241 0.978510 82.700000 0.639198 0.145773
0.217237 0.977463 82.800000 0.653775 -0.470266
0.217197 0.978479 82.900000 0.606749 1.908359
0.217318 0.978676 83.000000 0.797585 -1.511402
0.217308 0.983638 83.100000 0.646444 -3.195903
0.217111 0.983206 83.200000 0.326854 -1.117474
0.216879 0.982140 83.300000 0.215107 -0.433393
0.216637 0.981002 83.400000 0.171767 -0.252099
0.216390 0.980022 83.500000 0.146558 0.568477
0.216157 0.978857 83.600000 0.203405 -0.098865
0.215921 0.978331 83.700000 0.193519 -1.037568
0.215668 0.978622 83.800000 0.089762 -1.563860
0.215414 0.977472 83.900000 -0.066624 -0.154843
0.215162 0.976316 84.000000 -0.082108 0.102390
0.214910 0.975172 84.100000 -0.071869 0.165100
0.214657 0.974025 84.200000 -0.055359 -0.128904
0.214405 0.973065 84.300000 -0.068250 0.571402
0.214151 0.973008 84.400000 -0.011110 1.360055
0.213907 0.972188 84.500000 0.124896 0.748086
0.213678 0.971117 84.600000 0.199705 -0.359900
0.213442 0.971205 84.700000 0.163715 1.445988
0.213247 0.970993 84.800000 0.308313 1.258521
0.213107 0.971007 84.900000 0.434166 -1.401893
0.212907 0.973040 85.000000 0.293976 -2.324358
0.212660 0.972887 85.100000 0.061541 1.298118
0.212432 0.972044 85.200000 0.191352 0.712352
0.212223 0.971039 85.300000 0.262587 0.477301
0.212031 0.969946 85.400000 0.310318 0.268366
0.211850 0.968964 85.500000 0.337154 0.508738
0.211691 0.968765 85.600000 0.388028 -1.263989
0.211484 0.967682 85.700000 0.261629 -0.281672
0.211269 0.967088 85.800000 0.233462 -0.955866
0.211035 0.966428 85.900000 0.137875 0.894044
0.210820 0.967585 86.000000 0.227280 -1.981270
0.210576 0.966857 86.100000 0.029153 0.824524
0.210339 0.966875 86.200000 0.111605 -1.401661
0.210096 0.965910 86.300000 -0.028561 0.516407
0.209853 0.964943 86.400000 0.023080 -0.509311
0.209611 0.964694 86.500000 -0.027851 -1.224202
0.209383 0.963734 86.600000 -0.150272 -0.513153
0.209165 0.963041 86.700000 -0.201587 0.851451
0.208932 0.965767 86.800000 -0.116442 2.581607
0.208703 0.965657 86.900000 0.141719 1.319034
0.208507 0.964562 87.000000 0.273622 -0.155122
0.208306 0.966178 87.100000 0.258110 -2.178653
0.208068 0.965205 87.200000 0.040245 -0.484386
0.207830 0.965106 87.300000 -0.008194 1.325069
0.207601 0.966360 87.400000 0.124313 2.031125
0.207426 0.965582 87.500000 0.327426 0.754604
0.207282 0.965011 87.600000 0.402886 -0.964150
0.207099 0.964353 87.700000 0.306471 -0.880287
0.206891 0.963300 87.800000 0.218442 0.278606
0.206690 0.962210 87.900000 0.246303 0.084984
0.206492 0.963340 88.000000 0.254801 -1.978779
0.206260 0.962962 88.100000 0.056923 1.122921
0.206043 0.961984 88.200000 0.169216 0.445502
0.205835 0.960976 88.300000 0.213766 -0.376039
0.205620 0.959959 88.400000 0.176162 -0.349571
0.205399 0.958892 88.500000 0.141205 0.172053
0.205182 0.958189 88.600000 0.158410 -0.819193
0.204954 0.958802 88.700000 0.076491 -1.733523
0.204729 0.957748 88.800000 -0.096862 -0.205456
0.204507 0.956842 88.900000 -0.117407 0.551424
0.204279 0.957517 89.000000 -0.062265 -1.765345
0.204082 0.957421 89.100000 -0.238799 -1.320360
0.203931 0.957216 89.200000 -0.370835 1.244315
0.203737 0.956150 89.300000 -0.246404 0.091393
0.203540 0.955483 89.400000 -0.237265 0.848043
0.203326 0.955989 89.500000 -0.152460 1.678589
0.203100 0.955244 89.600000 0.015399 -0.758629
0.202876 0.954185 89.700000 -0.060464 0.089792
0.202651 0.953150 89.800000 -0.051485 0.217512
0.202427 0.952141 89.900000 -0.029734 -0.300245
0.202204 0.951586 90.000000 -0.059758 0.950909
0.201980 0.951012 90.100000 0.035333 0.931968
0.201766 0.950804 90.200000 0.128529 -1.234766
0.201543 0.950517 90.300000 0.005053 1.176045
0.201328 0.949619 90.400000 0.122657 0.526267
0.201123 0.948613 90.500000 0.175284 0.275409
0.200924 0.950358 90.600000 0.202825 -2.250144
0.200703 0.952663 90.700000 -0.022189 -2.467034
0.200522 0.951818 90.800000 -0.268893 -0.606659
0.200361 0.951101 90.900000 -0.329559 -0.774198
0.200232 0.950207 91.000000 -0.406978 0.523400
0.200082 0.949167 91.100000 -0.354638 -0.056165
0.199934 0.948352 91.200000 -0.360255 -0.639848
0.199813 0.948245 91.300000 -0.424240 -1.304075
0.199763 0.948534 91.400000 -0.554647 1.557895
0.199632 0.947663 91.500000 -0.398858 -0.547431
0.199526 0.946635 91.600000 -0.453601 -0.100598
0.199426 0.945633 91.700000 -0.463661 -0.234709
0.199338 0.944927 91.800000 -0.487132 0.770445
0.199213 0.943966 91.900000 -0.410087 0.348593
0.199073 0.943958 92.000000 -0.375228 1.368215
0.198888 0.943008 92.100000 -0.238406 0.368960
0.198694 0.945038 92.200000 -0.201510 -2.373451
0.198584 0.944161 92.300000 -0.438855 0.518805
0.198450 0.943218 92.400000 -0.386975 -0.380723
0.198333 0.943700 92.500000 -0.425047 -1.666830
0.198308 0.943854 92.600000 -0.591730 -1.474402
0.198389 0.942857 92.700000 -0.739170 -0.191692
0.198485 0.941856 92.800000 -0.758340 -0.158867
0.198594 0.941059 92.900000 -0.774226 -0.634590
0.198757 0.943168 93.000000 -0.837685 2.409876
0.198735 0.942203 93.100000 -0.596698 0.297715
0.198694 0.942261 93.200000 -0.566926 -1.411614
0.198750 0.941272 93.300000 -0.708088 0.190100
0.198791 0.940707 93.400000 -0.689078 -0.909434
0.198904 0.940013 93.500000 -0.780021 -0.763251
0.199083 0.941456 93.600000 -0.856346 -2.141032
0.199481 0.940584 93.700000 -1.070449 0.496530
0.199824 0.940790 93.800000 -1.020796 -1.505998
0.200341 0.940355 93.900000 -1.171396 1.031222
0.200735 0.939438 94.000000 -1.068274 -0.392942
0.201173 0.939529 94.100000 -1.107568 -1.432453
0.201789 0.938939 94.200000 -1.250814 0.874954
0.202292 0.938901 94.300000 -1.163318 1.343888
0.202638 0.938102 94.400000 -1.028929 -0.605846
0.203051 0.937358 94.500000 -1.089514 -0.684632
0.203545 0.938409 94.600000 -1.157977 1.966319
0.203817 0.939443 94.700000 -0.961345 1.958567
0.203911 0.938881 94.800000 -0.765488 -0.901491
0.204082 0.939075 94.900000 -0.855638 1.498615
0.204129 0.940714 95.000000 -0.705776 2.235164
0.204037 0.946849 95.100000 -0.482260 3.682805
0.203830 0.946233 95.200000 -0.113979 0.848668
0.203617 0.946590 95.300000 -0.029112 1.603987
0.203412 0.945993 95.400000 0.131286 -0.868237
0.203201 0.945192 95.500000 0.044463 0.599982
0.202994 0.944412 95.600000 0.104461 0.630454
0.202797 0.943757 95.700000 0.167506 -0.795852
0.202589 0.942961 95.800000 0.087921 0.600415
0.202390 0.942111 95.900000 0.147962 -0.503519
0.202184 0.941451 96.000000 0.097611 -0.784975
0.201974 0.940643 96.100000 0.019113 -0.572863
0.201765 0.941012 96.200000 -0.038173 -1.609925
0.201576 0.941338 96.300000 -0.199166 1.584373
0.201368 0.940481 96.400000 -0.040728 0.479362
0.201160 0.941351 96.500000 0.007208 1.887342
0.200972 0.942152 96.600000 0.195942 1.852195
0.200839 0.941739 96.700000 0.381161 -1.041495
0.200672 0.942511 96.800000 0.277012 1.838793
0.200574 0.941540 96.900000 0.460891 -0.032747
0.200475 0.942737 97.000000 0.457617 2.051051
0.200495 0.941901 97.100000 0.662722 0.510184
0.200551 0.942748 97.200000 0.713740 1.879615
0.200762 0.942068 97.300000 0.901702 -0.747895
0.200907 0.942569 97.400000 0.826912 1.691930
0.201209 0.941690 97.500000 0.996105 0.410724
0.201554 0.940743 97.600000 1.037177 -0.183317
0.201879 0.941723 97.700000 1.018846 -1.948776
0.202019 0.940773 97.800000 0.823968 -0.155003
0.202147 0.939816 97.900000 0.808468 -0.072484
0.202268 0.938861 98.000000 0.801219 0.071054
0.202394 0.943003 98.100000 0.808325 -3.164244
0.202312 0.942060 98.200000 0.491900 0.181565
0.202238 0.941696 98.300000 0.510057 -1.080488
0.202115 0.941069 98.400000 0.402008 0.805406
0.202028 0.940391 98.500000 0.482549 -0.738611
0.201908 0.940468 98.600000 0.408688 1.425487
0.201857 0.942992 98.700000 0.551236 -2.620929
0.201695 0.943047 98.800000 0.289143 -1.411929
0.201503 0.942135 98.900000 0.147951 0.282541
0.201315 0.943217 99.000000 0.176205 -2.007226
0.201113 0.942665 99.100000 -0.024518 -0.889828
0.200916 0.943817 99.200000 -0.113501 -2.043095
0.200765 0.948940 99.300000 -0.317810 -3.474295
0.200786 0.948219 99.400000 -0.665240 -0.681599
0.200854 0.947329 99.500000 -0.733399 -0.351627
0.200949 0.946379 99.600000 -0.768562 -0.012643
0.201045 0.946123 99.700000 -0.769826 -1.175065
0.201237 0.945571 99.800000 -0.887333 0.888926
0.201355 0.944655 99.900000 -0.798440 -0.240860
0.201492 0.946241 100.000000 -0.822526 -2.250541
0.201838 0.945482 100.100000 -1.047580 -0.609992
0.202250 0.944540 100.200000 -1.108580 -0.002486
0.202660 0.943623 100.300000 -1.108828 -0.219004
0.203095 0.942731 100.400000 -1.130729 0.308172
0.203494 0.943400 100.500000 -1.099911 -1.797747
0.204105 0.945044 100.600000 -1.279686 2.279873
0.204451 0.947474 100.700000 -1.051699 -2.605552
0.205102 0.954560 100.800000 -1.312254 4.024122
0.205309 0.954804 100.900000 -0.909842 1.550121
0.205388 0.954243 101.000000 -0.754830 -0.880316
0.205536 0.953506 101.100000 -0.842861 -0.645686
0.205739 0.953434 101.200000 -0.907430 1.327392
0.205832 0.952703 101.300000 -0.774691 -0.651221
0.205977 0.951870 101.400000 -0.839813 -0.462585
0.206161 0.951516 101.500000 -0.886071 1.088198
0.206255 0.950625 101.600000 -0.777252 0.301436
0.206326 0.950307 101.700000 -0.747108 -1.119767
0.206486 0.950608 101.800000 -0.859085 1.585308
0.206524 0.952436 101.900000 -0.700554 -2.372837
0.206753 0.951584 102.000000 -0.937838 -0.406750
0.207019 0.950654 102.100000 -0.978513 -0.054694
0.207290 0.950219 102.200000 -0.983982 1.004951
0.207468 0.949346 102.300000 -0.883487 0.335807
0.207618 0.948542 102.400000 -0.849906 -0.501172
0.207811 0.947623 102.500000 -0.900023 -0.104051
0.208012 0.946778 102.600000 -0.910429 -0.400248
0.208249 0.945863 102.700000 -0.950453 -0.110432
0.208496 0.945742 102.800000 -0.961496 1.281631
0.208630 0.945658 102.900000 -0.833333 1.311177
0.208667 0.945389 103.000000 -0.702216 1.156136
0.208632 0.944503 103.100000 -0.586602 0.246027
0.208583 0.944008 103.200000 -0.561999 -0.931534
0.208588 0.943989 103.300000 -0.655153 -1.359472
0.208689 0.945412 103.400000 -0.791100 -2.198407
0.208981 0.946298 103.500000 -1.010941 1.930750
0.209102 0.945411 103.600000 -0.817866 -0.227113
0.209241 0.945051 103.700000 -0.840577 1.070219
0.209298 0.944374 103.800000 -0.733555 -0.694079
0.209407 0.943682 103.900000 -0.802963 -0.670323
0.209570 0.949700 104.000000 -0.869995 3.796940
0.209484 0.949108 104.100000 -0.490301 -0.816019
0.209440 0.948415 104.200000 -0.571903 -0.673560
0.209435 0.947987 104.300000 -0.639259 1.000915
0.209374 0.947096 104.400000 -0.539168 -0.186917
0.209322 0.946216 104.500000 -0.557859 0.231733
0.209259 0.947951 104.600000 -0.534686 -2.350601
0.209342 0.949746 104.700000 -0.769746 -2.378347
0.209626 0.948979 104.800000 -1.007581 0.539954
0.209859 0.948509 104.900000 -0.953586 0.954072
0.210010 0.947762 105.000000 -0.858178 0.571185
0.210116 0.947489 105.100000 -0.801060 1.149799
0.210139 0.951461 105.200000 -0.686080 -3.203145
0.210421 0.950568 105.300000 -1.006394 0.143517
0.210688 0.949832 105.400000 -0.992043 -0.590422
0.211011 0.950165 105.500000 -1.051085 -1.612902
0.211507 0.950359 105.600000 -1.212375 -1.520671
0.212187 0.949910 105.700000 -1.364442 0.974463
0.212744 0.951146 105.800000 -1.266996 -2.125667
0.213576 0.950428 105.900000 -1.479563 -0.615236
0.214494 0.953600 106.000000 -1.541086 2.938313
0.215025 0.953880 106.100000 -1.247255 -1.581740
0.215751 0.952994 106.200000 -1.405429 0.153405
0.216457 0.953046 106.300000 -1.390088 -1.419587
0.217355 0.952155 106.400000 -1.532047 0.099248
0.218238 0.951529 106.500000 -1.522122 -0.754924
0.219230 0.951627 106.600000 -1.597615 1.453046
0.220012 0.951482 106.700000 -1.452310 1.262110
0.220629 0.950597 106.800000 -1.326099 -0.102418
0.221257 0.949929 106.900000 -1.336341 -0.687447
0.221972 0.949070 107.000000 -1.405086 0.245859
0.222654 0.952367 107.100000 -1.380500 2.994471
0.222991 0.951502 107.200000 -1.081053 0.218791
0.223305 0.951846 107.300000 -1.059173 1.625293
0.223472 0.951775 107.400000 -0.896644 -1.323170
0.223756 0.951473 107.500000 -1.028961 1.120210
0.223939 0.951110 107.600000 -0.916940 1.058113
0.224036 0.950338 107.700000 -0.811129 -0.487994
0.224171 0.950565 107.800000 -0.859928 -1.546313
0.224440 0.949773 107.900000 -1.014560 0.437415
0.224668 0.949487 108.000000 -0.970818 1.131597
0.224801 0.948615 108.100000 -0.857658 -0.109692
0.224941 0.948251 108.200000 -0.868628 -1.052832
0.225171 0.947376 108.300000 -0.973911 0.000149
0.225401 0.946511 108.400000 -0.973896 -0.128833
0.225642 0.946193 108.500000 -0.986779 -1.097271
0.225987 0.945505 108.600000 -1.096506 -0.628811
0.226397 0.952832 108.700000 -1.159387 4.223065
0.226439 0.952008 108.800000 -0.737081 0.332881
0.226458 0.951733 108.900000 -0.703793 1.142566
0.226410 0.950869 109.000000 -0.589536 0.135478
0.226354 0.950744 109.100000 -0.575988 1.276458
0.226239 0.958854 109.200000 -0.448343 -4.430570
0.226396 0.958147 109.300000 -0.891400 0.607934
0.226504 0.957452 109.400000 -0.830606 -0.627794
0.226661 0.957441 109.500000 -0.893386 1.374865
0.226715 0.959373 109.600000 -0.755899 2.480873
0.226626 0.959956 109.700000 -0.507812 1.788357
0.226469 0.959257 109.800000 -0.328976 0.620373
0.226296 0.958503 109.900000 -0.266939 0.508685
0.226111 0.957663 110.000000 -0.216070 0.260840
0.225923 0.956888 110.100000 -0.189986 -0.454900
0.225743 0.957840 110.200000 -0.235476 -2.003674
0.225624 0.957914 110.300000 -0.435844 1.441303
0.225459 0.957060 110.400000 -0.291713 -0.173181
0.225298 0.956211 110.500000 -0.309031 -0.189222
0.225143 0.955447 110.600000 -0.327954 -0.468830
0.225003 0.955680 110.700000 -0.374837 -1.558253
0.224927 0.955765 110.800000 -0.530662 -1.448953
0.224930 0.955085 110.900000 -0.675557 0.634152
0.224897 0.954549 111.000000 -0.612142 0.847894
0.224819 0.953815 111.100000 -0.527353 -0.526546
0.224768 0.953760 111.200000 -0.580007 1.336369
0.224656 0.955211 111.300000 -0.446370 -2.266919
0.224658 0.954771 111.400000 -0.673062 -0.964225
0.224722 0.954317 111.500000 -0.769485 -0.947243
0.224855 0.954197 111.600000 -0.864209 1.280316
0.224896 0.953404 111.700000 -0.736177 -0.368833
0.224962 0.952608 111.800000 -0.773061 0.352189
0.225004 0.957630 111.900000 -0.737842 -3.627049
0.225344 0.958057 112.000000 -1.100546 -1.694834
0.225862 0.957543 112.100000 -1.270030 -0.873307
0.226481 0.957188 112.200000 -1.357361 1.057492
0.226976 0.956337 112.300000 -1.251611 0.037784
0.227467 0.957889 112.400000 -1.247833 -2.324833
0.228238 0.957197 112.500000 -1.480316 -0.597705
0.229087 0.956351 112.600000 -1.540087 -0.080078
0.229947 0.957039 112.700000 -1.548095 1.861529
0.230565 0.956411 112.800000 -1.361942 0.704016
0.231099 0.959778 112.900000 -1.291540 3.086007
0.231321 0.958930 113.000000 -0.982939 0.032847
0.231541 0.958381 113.100000 -0.979655 0.820714
0.231692 0.957995 113.200000 -0.897583 -1.021232
0.231928 0.957342 113.300000 -0.999706 0.659232
0.232108 0.956707 113.400000 -0.933783 -0.688508
0.232346 0.955996 113.500000 -1.002634 -0.546266
0.232634 0.961438 113.600000 -1.057261 -3.779625
0.233334 0.960914 113.700000 -1.435223 0.854744
0.233929 0.961046 113.800000 -1.349749 1.491203
0.234356 0.960474 113.900000 -1.200628 0.786193
0.234702 0.959660 114.000000 -1.122009 0.247832
0.235024 0.959313 114.100000 -1.097226 -1.061776
0.235452 0.958552 114.200000 -1.203403 -0.424889
0.235924 0.957994 114.300000 -1.245892 -0.799627
0.236486 0.957160 114.400000 -1.325855 0.076417
0.237038 0.956503 114.500000 -1.318213 -0.638804
0.237664 0.955884 114.600000 -1.382094 -0.702332
0.238376 0.955076 114.700000 -1.452327 0.239784
0.239056 0.954339 114.800000 -1.428349 -0.464790
0.239794 0.953513 114.900000 -1.474828 -0.090350
0.240542 0.953834 115.000000 -1.483863 1.627108
0.241091 0.953625 115.100000 -1.321152 -1.194002
0.241781 0.952962 115.200000 -1.440552 -0.614860
0.242549 0.953113 115.300000 -1.502038 -1.501286
0.243521 0.952391 115.400000 -1.652167 -0.488178
0.244562 0.953371 115.500000 -1.700984 2.042503
0.245319 0.952762 115.600000 -1.496734 0.704481
0.245985 0.952405 115.700000 -1.426286 1.039318
0.246527 0.951613 115.800000 -1.322354 0.259451
0.247039 0.951583 115.900000 -1.296409 -1.354562
0.247709 0.951528 116.000000 -1.431865 1.332368
0.248222 0.954214 116.100000 -1.298629 -2.854145
0.249087 0.953394 116.200000 -1.584043 -0.031465
0.249955 0.952809 116.300000 -1.587190 0.737481
0.250724 0.952150 116.400000 -1.513441 0.608022
0.251414 0.955302 116.500000 -1.452639 3.042373
0.251763 0.955929 116.600000 -1.148402 -1.836423
0.252307 0.956258 116.700000 -1.332044 1.637538
0.252675 0.955791 116.800000 -1.168291 0.905506
0.252956 0.955098 116.900000 -1.077740 -0.537907
0.253286 0.956350 117.000000 -1.131531 -2.200774
0.253850 0.955542 117.100000 -1.351608 -0.134797
0.254427 0.954727 117.200000 -1.365088 -0.009520
0.255005 0.955324 117.300000 -1.366040 1.819803
0.255385 0.954606 117.400000 -1.184059 0.472054
0.255717 0.955384 117.500000 -1.136854 -1.933745
0.256252 0.954573 117.600000 -1.330229 -0.030104
0.256789 0.954720 117.700000 -1.333239 1.501711
0.257165 0.956105 117.800000 -1.183068 2.274870
0.257334 0.958098 117.900000 -0.955581 2.572366
0.257322 0.957932 118.000000 -0.698344 -1.234475
0.257390 0.958888 118.100000 -0.821792 2.043309
0.257334 0.962637 118.200000 -0.617461 -3.284407
0.257494 0.962666 118.300000 -0.945901 -1.412316
0.257776 0.962136 118.400000 -1.087133 0.818766
0.257984 0.967226 118.500000 -1.005256 3.741064
0.257935 0.967079 118.600000 -0.631150 -1.259547
0.257959 0.967481 118.700000 -0.757105 -1.699990
0.258103 0.966891 118.800000 -0.927104 0.728224
0.258193 0.966244 118.900000 -0.854281 -0.629206
0.258329 0.966007 119.000000 -0.917202 -1.169127
0.258561 0.966183 119.100000 -1.034115 1.533378
0.258670 0.967009 119.200000 -0.880777 1.975950
0.258648 0.966237 119.300000 -0.683182 0.298086
0.258611 0.965436 119.400000 -0.653373 0.141074
0.258565 0.965076 119.500000 -0.639266 -1.034294
0.258580 0.966016 119.600000 -0.742695 2.044254
0.258485 0.965245 119.700000 -0.538270 -0.293797
0.258404 0.964510 119.800000 -0.567650 0.408851
0.258304 0.963922 119.900000 -0.526764 -0.720172
0.258238 0.964199 120.000000 -0.598782 1.609792
0.258103 0.963753 120.100000 -0.437802 0.925586
0.257938 0.963687 120.200000 -0.345244 1.330052
0.257742 0.963984 120.300000 -0.212239 1.625920
0.257530 0.963193 120.400000 -0.049647 -0.143270
0.257318 0.962475 120.500000 -0.063974 -0.441701
0.257109 0.965201 120.600000 -0.108144 2.916361
0.256910 0.964462 120.700000 0.183492 0.379420
0.256718 0.963809 120.800000 0.221434 0.591465
0.256539 0.964342 120.900000 0.280581 1.794125
0.256414 0.965748 121.000000 0.459993 2.309705
0.256399 0.967679 121.100000 0.690964 2.571120
0.256559 0.967296 121.200000 0.948076 -1.002938
0.256643 0.966999 121.300000 0.847782 1.102500
0.256810 0.967104 121.400000 0.958032 -1.479051
0.256868 0.966333 121.500000 0.810127 -0.245793
0.256911 0.965639 121.600000 0.785548 -0.492599
0.256923 0.965626 121.700000 0.736288 -1.377858
0.256859 0.966169 121.800000 0.598502 -1.804595
0.256720 0.965469 121.900000 0.418042 0.473083
0.256598 0.964774 122.000000 0.465351 0.483800
0.256496 0.964157 122.100000 0.513731 -0.649036
0.256369 0.963597 122.200000 0.448827 -0.748222
0.256217 0.963745 122.300000 0.374005 -1.513062
0.256028 0.964050 122.400000 0.222699 -1.635434
0.255820 0.964204 122.500000 0.059155 -1.518375
0.255615 0.966618 122.600000 -0.092682 -2.802245
0.255464 0.965874 122.700000 -0.372907 0.322866
0.255303 0.965552 122.800000 -0.340620 -1.068208
0.255177 0.964788 122.900000 -0.447441 -0.227962
0.255059 0.964194 123.000000 -0.470237 0.682555
0.254918 0.963861 123.100000 -0.401982 1.053244
0.254747 0.963254 123.200000 -0.296657 0.655223
0.254562 0.962636 123.300000 -0.231135 -0.634354
0.254391 0.963985 123.400000 -0.294570 2.292768
0.254187 0.963391 123.500000 -0.065293 0.678275
0.253981 0.963162 123.600000 0.002534 -1.166561
0.253782 0.962492 123.700000 -0.114122 -0.516353
0.253588 0.962106 123.800000 -0.165757 0.983725
0.253385 0.961392 123.900000 -0.067385 -0.394104
0.253186 0.960959 124.000000 -0.106795 0.921005
0.252982 0.963314 124.100000 -0.014695 -2.787693
0.252813 0.962638 124.200000 -0.293464 -0.495951
0.252657 0.962114 124.300000 -0.343059 0.788547
0.252482 0.963819 124.400000 -0.264204 2.483565
0.252280 0.963064 124.500000 -0.015848 -0.214365
0.252078 0.964587 124.600000 -0.037284 -2.392663
0.251906 0.967515 124.700000 -0.276551 -3.039620
0.251840 0.966776 124.800000 -0.580513 -0.295559
0.251787 0.966114 124.900000 -0.610069 -0.529383
0.251762 0.965594 125.000000 -0.663007 0.793693
0.251696 0.966092 125.100000 -0.583638 1.782927
0.251561 0.965415 125.200000 -0.405345 0.484309
0.251411 0.966162 125.300000 -0.356914 -1.950433
0.251332 0.965742 125.400000 -0.551957 0.937162
0.251216 0.966064 125.500000 -0.458241 1.655578
0.251050 0.965477 125.600000 -0.292683 -0.675172
0.250902 0.968353 125.700000 -0.360201 3.027604
0.250704 0.968897 125.800000 -0.057440 -1.818453
0.250528 0.968902 125.900000 -0.239285 -1.396642
0.250386 0.968702 126.000000 -0.378950 -1.197146
0.250286 0.968919 126.100000 -0.498664 -1.576476
0.250259 0.968920 126.200000 -0.656312 -1.393594
0.250311 0.972651 126.300000 -0.795671 -3.371612
0.250620 0.973384 126.400000 -1.132832 1.949383
0.250770 0.973552 126.500000 -0.937894 -1.540565
0.251042 0.976910 126.600000 -1.091951 3.233373
0.251077 0.978159 126.700000 -0.768613 2.263538
0.250995 0.977793 126.800000 -0.542259 1.012443
0.250874 0.977038 126.900000 -0.441015 0.198442
0.250747 0.976616 127.000000 -0.421171 -0.938562
0.250654 0.978265 127.100000 -0.515027 2.479422
0.250485 0.981129 127.200000 -0.267085 -3.041106
0.250416 0.981133 127.300000 -0.571195 -1.404901
0.250419 0.981176 127.400000 -0.711686 1.438986
0.250349 0.981464 127.500000 -0.567787 -1.642779
0.250363 0.981682 127.600000 -0.732065 1.586881
0.250295 0.980935 127.700000 -0.573377 -0.231931
0.250239 0.980444 127.800000 -0.596570 0.840959
0.250146 0.981650 127.900000 -0.512474 -2.246691
0.250163 0.981037 128.000000 -0.737143 0.626662
0.250145 0.980400 128.100000 -0.674477 0.573571
0.250098 0.979651 128.200000 -0.617120 0.200664
0.250042 0.978975 128.300000 -0.597054 0.471664
0.249965 0.978284 128.400000 -0.549887 0.425563
0.249871 0.977523 128.500000 -0.507331 -0.029407
0.249778 0.978601 128.600000 -0.510272 -2.174870
0.249790 0.982653 128.700000 -0.727759 -3.520411
0.250048 0.983306 128.800000 -1.079800 -1.910705
0.250481 0.982559 128.900000 -1.270870 -0.192423
0.250931 0.982219 129.000000 -1.290112 1.043320
0.251281 0.982300 129.100000 -1.185780 1.474367
0.251504 0.981707 129.200000 -1.038344 -0.656623
0.251780 0.981616 129.300000 -1.104006 1.314177
0.251951 0.981172 129.400000 -0.972588 -0.901814
0.252192 0.980791 129.500000 -1.062770 0.988105
0.252356 0.980414 129.600000 -0.963959 0.991733
0.252450 0.979795 129.700000 -0.864786 0.593859
0.252505 0.979511 129.800000 -0.805400 -1.105858
0.252634 0.978778 129.900000 -0.915986 0.228046
0.252746 0.979607 130.000000 -0.893181 -2.028842
0.253013 0.978858 130.100000 -1.096065 0.089936
0.253273 0.978798 130.200000 -1.087072 1.342135
0.253426 0.978048 130.300000 -0.952858 0.013600
0.253579 0.979997 130.400000 -0.951498 2.653881
0.253565 0.980244 130.500000 -0.686110 -1.614493
0.253646 0.979924 130.600000 -0.847560 1.059489
0.253662 0.979702 130.700000 -0.741611 1.174460
0.253617 0.980929 130.800000 -0.624165 -2.274378
0.253701 0.980222 130.900000 -0.851602 0.329346
0.253763 0.979623 131.000000 -0.818668 0.623924
0.253787 0.979353 131.100000 -0.756275 1.119289
0.253752 0.978623 131.200000 -0.644347 -0.204451
0.253727 0.978299 131.300000 -0.664792 1.050735
0.253653 0.977925 131.400000 -0.559718 0.986860
0.253541 0.977495 131.500000 -0.461032 -0.908510
0.253464 0.977713 131.600000 -0.551883 1.590119
0.253331 0.980308 131.700000 -0.392871 -2.965736
0.253319 0.980899 131.800000 -0.689445 1.875740
0.253222 0.980293 131.900000 -0.501871 0.602583
0.253104 0.983060 132.000000 -0.441613 3.044848
0.252920 0.982426 132.100000 -0.137128 -0.538433
0.252743 0.981684 132.200000 -0.190971 0.040067
0.252565 0.981287 132.300000 -0.186964 -0.954367
0.252404 0.981364 132.400000 -0.282401 -1.472495
0.252284 0.980624 132.500000 -0.429651 0.005029
0.252163 0.981004 132.600000 -0.429148 1.722909
0.251998 0.982129 132.700000 -0.256857 -2.224805
0.251895 0.981418 132.800000 -0.479337 -0.272990
0.251802 0.980919 132.900000 -0.506636 -0.797062
0.251742 0.980213 133.000000 -0.586343 -0.289616
0.251695 0.980551 133.100000 -0.615304 -1.690970
0.251737 0.979951 133.200000 -0.784401 -0.602191
0.251816 0.982167 133.300000 -0.844620 2.805664
0.251746 0.983093 133.400000 -0.564054 -2.106408
0.251782 0.982599 133.500000 -0.774695 0.803434
0.251774 0.982541 133.600000 -0.694351 1.346166
0.251703 0.981820 133.700000 -0.559735 0.182457
0.251625 0.981087 133.800000 -0.541489 0.056289
0.251544 0.982123 133.900000 -0.535860 2.176431
0.251394 0.981417 134.000000 -0.318217 -0.265590
0.251251 0.981615 134.100000 -0.344776 -1.579292
0.251158 0.982643 134.200000 -0.502705 -2.173582
0.251164 0.984226 134.300000 -0.720063 -2.494157
0.251327 0.983494 134.400000 -0.969479 0.026912
0.251487 0.983825 134.500000 -0.966788 1.690049
0.251537 0.983382 134.600000 -0.797783 0.880596
0.251537 0.982673 134.700000 -0.709723 0.233596
0.251525 0.982607 134.800000 -0.686364 1.336634
0.251452 0.981881 134.900000 -0.552700 -0.075208
0.251382 0.982363 135.000000 -0.560221 1.807258
0.251249 0.982709 135.100000 -0.379495 -1.703521
0.251175 0.982220 135.200000 -0.549847 0.801067
0.251071 0.981518 135.300000 -0.469741 0.250394
0.250959 0.981833 135.400000 -0.444701 -1.678565
0.250912 0.981834 135.500000 -0.612558 1.402179
0.250810 0.986513 135.600000 -0.472340 -3.829085
0.250894 0.986936 135.700000 -0.855249 1.767065
0.250879 0.986214 135.800000 -0.678542 0.097359
0.250859 0.985875 135.900000 -0.668806 1.026088
0.250793 0.985950 136.000000 -0.566197 1.474854
0.250673 0.985954 136.100000 -0.418712 -1.407520
0.250604 0.986077 136.200000 -0.559464 -1.519563
0.250606 0.987501 136.300000 -0.711420 -2.419817
0.250755 0.987447 136.400000 -0.953402 1.352288
0.250816 0.986782 136.500000 -0.818173 0.395506
0.250855 0.986069 136.600000 -0.778622 0.162205
0.250884 0.985351 136.700000 -0.762402 -0.075628
0.250917 0.986536 136.800000 -0.769965 2.283910
0.250841 0.986872 136.900000 -0.541574 -1.701292
0.250843 0.986167 137.000000 -0.711703 -0.201169
0.250855 0.986601 137.100000 -0.731820 1.778595
0.250784 0.986074 137.200000 -0.553960 -0.724613
0.250744 0.985504 137.300000 -0.626422 0.637827
0.250677 0.985117 137.400000 -0.562639 -0.951702
0.250652 0.984889 137.500000 -0.657809 1.159266
0.250577 0.987979 137.600000 -0.541882 -3.236904
0.250667 0.987621 137.700000 -0.865573 0.995208
0.250698 0.987058 137.800000 -0.766052 -0.649441
0.250766 0.986363 137.900000 -0.830996 0.238488
0.250821 0.985649 138.000000 -0.807147 -0.017935
0.250876 0.984946 138.100000 -0.808941 -0.167216
0.250941 0.989398 138.200000 -0.825663 -3.779501
0.251283 0.988698 138.300000 -1.203613 -0.203854
0.251642 0.988180 138.400000 -1.223998 -0.735481
0.252068 0.988236 138.500000 -1.297546 -1.460722
0.252638 0.988623 138.600000 -1.443618 -1.745904
0.253399 0.987982 138.700000 -1.618209 -0.444562
0.254212 0.988392 138.800000 -1.662665 -1.764921
0.255245 0.987687 138.900000 -1.839157 -0.130260
0.256295 0.987215 139.000000 -1.852183 0.814426
0.257237 0.986583 139.100000 -1.770740 0.462825
0.258120 0.986259 139.200000 -1.724458 1.035025
0.258877 0.985553 139.300000 -1.620955 0.060772
0.259626 0.984974 139.400000 -1.614878 -0.596797
0.260445 0.985171 139.500000 -1.674558 1.587500
0.261081 0.984698 139.600000 -1.515808 0.806117
0.261631 0.985061 139.700000 -1.435196 -1.726923
0.262368 0.987912 139.800000 -1.607889 3.153911
0.262777 0.987401 139.900000 -1.292497 0.738229
0.263119 0.986812 140.000000 -1.218675 0.570159
0.263413 0.986894 140.100000 -1.161659 1.485014
0.263591 0.986208 140.200000 -1.013157 0.216612
0.263753 0.985849 140.300000 -0.991496 0.982390
0.263850 0.986939 140.400000 -0.893257 -2.243580
0.264106 0.987317 140.500000 -1.117615 -1.743037
0.264511 0.989587 140.600000 -1.291919 2.891577
0.264681 0.989246 140.700000 -1.002761 1.009676
0.264781 0.988780 140.800000 -0.901793 0.816507
0.264832 0.988812 140.900000 -0.820143 -1.437486
0.264974 0.988158 141.000000 -0.963891 -0.363423
0.265140 0.988177 141.100000 -1.000233 1.424441
0.265213 0.987813 141.200000 -0.857789 0.974378
0.265230 0.987156 141.300000 -0.760352 -0.341373
0.265265 0.986663 141.400000 -0.794489 -0.761747
0.265346 0.986166 141.500000 -0.870664 0.752606
0.265382 0.986939 141.600000 -0.795403 2.040249
0.265318 0.987967 141.700000 -0.591378 2.211214
0.265179 0.987271 141.800000 -0.370257 0.030888
0.265040 0.986598 141.900000 -0.367168 0.249302
0.264895 0.986090 142.000000 -0.342238 0.727141
0.264734 0.985752 142.100000 -0.269523 1.005392
0.264558 0.985202 142.200000 -0.168984 -0.637046
0.264391 0.984612 142.300000 -0.232689 0.538932
0.264217 0.984599 142.400000 -0.178796 1.389837
0.264032 0.983908 142.500000 -0.039812 -0.002981
0.263848 0.983235 142.600000 -0.040110 0.217874
0.263663 0.982550 142.700000 -0.018323 0.097337
0.263479 0.982781 142.800000 -0.008589 -1.619824
0.263304 0.982264 142.900000 -0.170571 0.699385
0.263124 0.981754 143.000000 -0.100633 -0.710609
0.262951 0.981150 143.100000 -0.171694 -0.483178
0.262784 0.980467 143.200000 -0.220012 -0.068003
0.262619 0.979904 143.300000 -0.226812 -0.587647
0.262464 0.979487 143.400000 -0.285577 0.873844
0.262295 0.980217 143.500000 -0.198192 2.013455
0.262112 0.979959 143.600000 0.003153 -1.105057
0.261934 0.979278 143.700000 -0.107352 -0.035563
0.261756 0.981820 143.800000 -0.110909 -3.045411
0.261635 0.981193 143.900000 -0.415450 0.396170
0.261502 0.980972 144.000000 -0.375833 1.151165
0.261344 0.980554 144.100000 -0.260716 -0.869090
0.261205 0.979880 144.200000 -0.347625 -0.129838
0.261069 0.979218 144.300000 -0.360609 -0.216660
0.260939 0.979841 144.400000 -0.382275 1.939036
0.260771 0.979837 144.500000 -0.188371 -1.396190
0.260628 0.979200 144.600000 -0.327990 -0.338269
0.260493 0.978524 144.700000 -0.361817 0.020709
0.260358 0.977918 144.800000 -0.359746 0.449434
0.260213 0.978236 144.900000 -0.314803 1.696624
0.260040 0.977784 145.000000 -0.145141 0.803220
0.259863 0.977403 145.100000 -0.064819 0.920435
0.259684 0.977027 145.200000 0.027225 0.929481
0.259511 0.977398 145.300000 0.120173 -1.741595
0.259333 0.976947 145.400000 -0.053986 -0.801669
0.259161 0.977157 145.500000 -0.134153 1.601296
0.258984 0.976523 145.600000 0.025976 0.326259
0.258807 0.977484 145.700000 0.058602 2.181060
0.258656 0.977971 145.800000 0.276708 1.837143
0.258551 0.977339 145.900000 0.460422 -0.333175
0.258437 0.979931 146.000000 0.427105 3.086860
0.258445 0.979797 146.100000 0.735791 -1.252182
0.258396 0.979132 146.200000 0.610573 0.112639
0.258352 0.980336 146.300000 0.621837 2.341720
0.258425 0.979952 146.400000 0.856009 -0.914584
0.258448 0.979511 146.500000 0.764550 0.816954
0.258516 0.978945 146.600000 0.846246 -0.545624
0.258554 0.978520 146.700000 0.791683 -0.841815
0.258548 0.978108 146.800000 0.707502 -0.863711
0.258503 0.977504 146.900000 0.621130 0.427733
0.258478 0.976909 147.000000 0.663904 0.449702
0.258473 0.976338 147.100000 0.708874 -0.524578
0.258443 0.975873 147.200000 0.656416 -0.761866
0.258382 0.975440 147.300000 0.580230 0.821704
0.258356 0.974799 147.400000 0.662400 -0.245963
0.258319 0.974139 147.500000 0.637804 0.048026
0.258284 0.973484 147.600000 0.642606 -0.120506
0.258243 0.972834 147.700000 0.630556 0.156013
0.258210 0.973653 147.800000 0.646157 2.090137
0.258282 0.974396 147.900000 0.855171 -2.036120
0.258251 0.974533 148.000000 0.651559 -1.534499
0.258161 0.973997 148.100000 0.498109 0.601023
0.258092 0.973431 148.200000 0.558211 -0.517688
0.258004 0.972781 148.300000 0.506442 0.137175
0.257922 0.973019 148.400000 0.520160 1.628319
0.257905 0.972763 148.500000 0.682992 1.088884
0.257942 0.972292 148.600000 0.791880 0.738011
0.258021 0.972073 148.700000 0.865681 -1.137418
0.258037 0.971460 148.800000 0.751939 0.341999
0.258072 0.970826 148.900000 0.786139 -0.231124
0.258094 0.970657 149.000000 0.763027 -1.198909
0.258059 0.970007 149.100000 0.643136 -0.045793
0.258023 0.969402 149.200000 0.638557 0.367378
0.258003 0.968787 149.300000 0.675294 0.317344
0.257998 0.968651 149.400000 0.707029 -1.236922
0.257939 0.969767 149.500000 0.583337 -2.297258
0.257808 0.970112 149.600000 0.353611 1.723675
0.257729 0.969803 149.700000 0.525978 -1.007999
0.257617 0.969344 149.800000 0.425178 -0.749859
0.257486 0.970336 149.900000 0.350192 2.216758
0.257424 0.970165 150.000000 0.571868 -1.195056
0.257320 0.969520 150.100000 0.452363 -0.050701
0.257216 0.969309 150.200000 0.447293 -1.142791
0.257081 0.969002 150.300000 0.333014 -1.007515
0.256929 0.968383 150.400000 0.232262 -0.275670
0.256772 0.967765 150.500000 0.204695 0.271665
0.256619 0.968330 150.600000 0.231862 1.907797
0.256508 0.968114 150.700000 0.422641 1.133511
0.256434 0.967720 150.800000 0.535992 0.863182
0.256392 0.967085 150.900000 0.622311 0.139343
0.256356 0.966945 151.000000 0.636245 -1.229122
0.256274 0.966332 151.100000 0.513333 -0.284562
0.256182 0.967323 151.200000 0.484876 2.220643
0.256178 0.966688 151.300000 0.706941 -0.104888
0.256169 0.966342 151.400000 0.696452 0.941161
0.256206 0.966689 151.500000 0.790568 1.727820
0.256343 0.966352 151.600000 0.963350 0.953422
0.256543 0.965979 151.700000 1.058692 0.894271
0.256808 0.966043 151.800000 1.148119 -1.458905
0.256970 0.966188 151.900000 1.002229 1.539925
0.257240 0.966648 152.000000 1.156221 -1.825775
0.257383 0.966767 152.100000 0.973644 1.514980
0.257629 0.968241 152.200000 1.125142 2.534227
0.258084 0.968371 152.300000 1.378564 -1.527409
0.258407 0.967737 152.400000 1.225824 0.042642
0.258734 0.967238 152.500000 1.230088 0.644417
0.259113 0.968267 152.600000 1.294530 -2.252806
0.259318 0.968137 152.700000 1.069249 1.240717
0.259614 0.967515 152.800000 1.193321 -0.185822
0.259895 0.966891 152.900000 1.174738 -0.158387
0.260164 0.966535 153.000000 1.158900 0.918595
0.260505 0.966303 153.100000 1.250759 -1.105237
0.260759 0.966260 153.200000 1.140235 1.342613
0.261118 0.967281 153.300000 1.274497 -2.250653
0.261307 0.966852 153.400000 1.049431 0.784792
0.261551 0.967010 153.500000 1.127911 1.555382
0.261917 0.966586 153.600000 1.283449 0.794775
0.262350 0.966045 153.700000 1.362926 0.516617
0.262830 0.965608 153.800000 1.414588 -0.768026
0.263240 0.964996 153.900000 1.337785 0.211851
0.263669 0.964384 154.000000 1.358971 0.205639
0.264115 0.965075 154.100000 1.379534 2.015577
0.264754 0.964681 154.200000 1.581092 -0.844388
0.265307 0.965091 154.300000 1.496653 -1.787288
0.265698 0.967256 154.400000 1.317925 -2.935949
0.265865 0.966711 154.500000 1.024330 0.499711
0.266066 0.966400 154.600000 1.074301 -0.986039
0.266202 0.966809 154.700000 0.975697 1.788903
0.266461 0.966269 154.800000 1.154587 -0.509753
0.266682 0.965802 154.900000 1.103612 0.695367
0.266953 0.966310 155.000000 1.173149 -1.872848
0.267094 0.966347 155.100000 0.985864 -1.431463
0.267151 0.966569 155.200000 0.842717 -1.619081
0.267128 0.966189 155.300000 0.680809 0.867990
0.267146 0.965622 155.400000 0.767608 -0.409217
0.267144 0.965295 155.500000 0.726687 0.955837
0.267189 0.964899 155.600000 0.822270 -0.834657
0.267193 0.964482 155.700000 0.738805 0.793675
0.267236 0.963865 155.800000 0.818172 -0.084175
0.267275 0.964280 155.900000 0.809755 1.794828
0.267418 0.966068 156.000000 0.989237 2.740556
0.267757 0.965451 156.100000 1.263293 0.081125
0.268103 0.967275 156.200000 1.271406 2.762266
0.268697 0.966667 156.300000 1.547632 0.183595
0.269309 0.968400 156.400000 1.565992 2.712431
0.270215 0.968854 156.500000 1.837235 -1.833266
0.270915 0.971114 156.600000 1.653908 -3.003286
0.271327 0.971347 156.700000 1.353580 1.634292
0.271887 0.970728 156.800000 1.517009 -0.037259
0.272443 0.970127 156.900000 1.513283 -0.233161
0.272976 0.969529 157.000000 1.489967 -0.247949
0.273486 0.969744 157.100000 1.465172 -1.617267
0.273852 0.970135 157.200000 1.303445 1.780141
0.274375 0.971266 157.300000 1.481459 2.345219
0.275135 0.974784 157.400000 1.715981 3.609106
0.276329 0.974251 157.500000 2.076892 -0.519229
0.277454 0.973833 157.600000 2.024969 0.793249
0.278682 0.973261 157.700000 2.104294 0.378830
0.279958 0.972647 157.800000 2.142177 0.077048
0.281244 0.973940 157.900000 2.149882 -2.456230
0.282213 0.973811 158.000000 1.904259 1.239994
0.283334 0.973677 158.100000 2.028258 1.234545
0.284618 0.973081 158.200000 2.151713 0.244880
0.285933 0.972726 158.300000 2.176201 0.906936
0.287374 0.972216 158.400000 2.266894 -0.574018
0.288731 0.972802 158.500000 2.209492 -1.950378
0.289828 0.972696 158.600000 2.014455 -1.267821
0.290767 0.972896 158.700000 1.887672 -1.606924
0.291523 0.973940 158.800000 1.726980 -2.294183
0.292045 0.973386 158.900000 1.497562 -0.431889
0.292526 0.973073 159.000000 1.454373 0.974392
0.293099 0.973029 159.100000 1.551812 1.343819
0.293807 0.973349 159.200000 1.686194 -1.722397
0.294342 0.973254 159.300000 1.513954 1.282182
0.295003 0.978782 159.400000 1.642172 -4.424798
0.295269 0.978251 159.500000 1.199693 0.512783
0.295574 0.978470 159.600000 1.250971 -1.629795
0.295759 0.978414 159.700000 1.087991 1.333724
0.296041 0.977822 159.800000 1.221364 0.253876
0.296341 0.977627 159.900000 1.246751 1.152852
0.296736 0.977017 160.000000 1.362037 -0.050051
0.297125 0.980866 160.100000 1.357031 -3.779868
0.297239 0.980264 160.200000 0.979045 -0.174069
0.297342 0.979669 160.300000 0.961638 -0.227589
0.297431 0.979217 160.400000 0.938879 -0.714870
0.297480 0.979956 160.500000 0.867392 -2.081235
0.297430 0.981310 160.600000 0.659268 -2.512189
0.297297 0.980702 160.700000 0.408049 -0.088661
0.297162 0.980860 160.800000 0.399183 -1.570981
0.296995 0.981452 160.900000 0.242085 1.967086
0.296871 0.982348 161.000000 0.438794 2.202402
0.296821 0.982554 161.100000 0.659034 -1.621441
0.296714 0.982433 161.200000 0.496890 1.254561
0.296650 0.982936 161.300000 0.622346 -1.894344
0.296524 0.983932 161.400000 0.432911 2.276563
0.296476 0.983984 161.500000 0.660568 1.461383
0.296494 0.985279 161.600000 0.806706 -2.481028
0.296407 0.989970 161.700000 0.558603 -4.141381
0.296230 0.989506 161.800000 0.144465 0.690186
0.296061 0.990052 161.900000 0.213484 -1.936279
0.295879 0.990424 162.000000 0.019856 1.784628
0.295709 0.990162 162.100000 0.198319 1.063623
0.295555 0.989561 162.200000 0.304681 0.177067
0.295405 0.988959 162.300000 0.322388 -0.152883
0.295252 0.988482 162.400000 0.307099 -0.653805
0.295089 0.988316 162.500000 0.241719 -1.198549
0.294912 0.990486 162.600000 0.121864 -3.006389
0.294741 0.990152 162.700000 -0.178775 -0.945263
0.294582 0.989592 162.800000 -0.273301 -0.392908
0.294432 0.989542 162.900000 -0.312592 1.347608
0.294261 0.988951 163.000000 -0.177831 -0.227601
0.294093 0.988577 163.100000 -0.200591 -0.871095
0.293938 0.987979 163.200000 -0.287701 -0.153625
0.293786 0.987571 163.300000 -0.303063 -0.801781
0.293652 0.987511 163.400000 -0.383241 -1.334090
0.293554 0.987133 163.500000 -0.516650 0.857973
0.293431 0.988836 163.600000 -0.430853 2.748096
0.293259 0.988626 163.700000 -0.156043 1.135310
0.293081 0.988036 163.800000 -0.042512 0.205510
0.292902 0.989145 163.900000 -0.021961 -2.369333
0.292744 0.988546 164.000000 -0.258895 0.116665
0.292585 0.991071 164.100000 -0.247228 3.204455
0.292408 0.990519 164.200000 0.073217 -0.409322
0.292231 0.989947 164.300000 0.032285 -0.319317
0.292053 0.989346 164.400000 0.000354 -0.033562
0.291876 0.989648 164.500000 -0.003003 -1.724458
0.291708 0.989047 164.600000 -0.175449 -0.008697
0.291540 0.988936 164.700000 -0.176318 1.269289
0.291364 0.990081 164.800000 -0.049389 -2.398699
0.291213 0.989591 164.900000 -0.289259 -0.601703
0.291073 0.989003 165.000000 -0.349429 0.199470
0.290930 0.988412 165.100000 -0.329482 -0.155606
0.290790 0.987814 165.200000 -0.345043 0.022560
0.290650 0.987222 165.300000 -0.342787 -0.133480
0.290513 0.986626 165.400000 -0.356135 0.031497
0.290375 0.986685 165.500000 -0.352985 1.472282
0.290212 0.986627 165.600000 -0.205757 1.334616
0.290039 0.986233 165.700000 -0.072296 0.816058
0.289864 0.985779 165.800000 0.009310 -0.683224
0.289690 0.985601 165.900000 -0.059012 1.174857
0.289517 0.985533 166.000000 0.058474 -1.321085
0.289345 0.985568 166.100000 -0.073635 -1.445024
0.289185 0.984997 166.200000 -0.218137 0.269210
0.289022 0.984919 166.300000 -0.191216 1.307738
0.288850 0.984410 166.400000 -0.060442 0.525114
0.288676 0.983928 166.500000 -0.007931 -0.601162
0.288504 0.983508 166.600000 -0.068047 -0.754004
0.288338 0.983140 166.700000 -0.143448 0.859994
0.288166 0.982657 166.800000 -0.057448 0.593985
0.287993 0.984161 166.900000 0.001950 -2.643836
0.287842 0.984261 167.000000 -0.262433 -1.517357
0.287721 0.984480 167.100000 -0.414169 -1.643049
0.287649 0.983948 167.200000 -0.578474 -0.436741
0.287593 0.984817 167.300000 -0.622148 2.208087
0.287469 0.984254 167.400000 -0.401339 -0.291425
0.287353 0.983952 167.500000 -0.430482 -0.977018
0.287264 0.985588 167.600000 -0.528184 -2.730751
0.287285 0.985504 167.700000 -0.801259 -1.299330
0.287372 0.984917 167.800000 -0.931192 0.037062
0.287457 0.985584 167.900000 -0.927485 2.051658
0.287441 0.985293 168.000000 -0.722320 0.997269
0.287385 0.984714 168.100000 -0.622593 -0.150277
0.287335 0.987458 168.200000 -0.637620 3.347080
0.287192 0.986943 168.300000 -0.302912 0.492656
0.287040 0.986444 168.400000 -0.253647 -0.538912
0.286898 0.985892 168.500000 -0.307538 0.334727
0.286750 0.985325 168.600000 -0.274065 -0.241815
0.286607 0.985040 168.700000 -0.298247 1.005066
0.286449 0.984512 168.800000 -0.197740 0.430213
0.286286 0.983932 168.900000 -0.154719 -0.094324
0.286125 0.984276 169.000000 -0.164151 -1.769872
0.285990 0.987256 169.100000 -0.341139 -3.471550
0.285961 0.986844 169.200000 -0.688294 -0.762290
0.285965 0.987996 169.300000 -0.764523 2.424096
0.285877 0.987458 169.400000 -0.522113 0.389507
0.285777 0.988589 169.500000 -0.483162 2.410665
0.285626 0.988191 169.600000 -0.242096 0.791654
0.285466 0.987620 169.700000 -0.162930 -0.194681
0.285307 0.987067 169.800000 -0.182399 0.307029
0.285146 0.986735 169.900000 -0.151696 0.920268
0.284980 0.987345 170.000000 -0.059669 2.011574
0.284818 0.988711 170.100000 0.141489 -2.574119
0.284655 0.990415 170.200000 -0.115923 -2.789334
0.284533 0.990258 170.300000 -0.394857 1.202857
0.284389 0.990427 170.400000 -0.274571 1.598986
0.284226 0.990200 170.500000 -0.114672 1.098397
0.284059 0.989634 170.600000 -0.004833 -0.214388
0.283893 0.989576 170.700000 -0.026272 1.335616
0.283731 0.990637 170.800000 0.107290 -2.367512
0.283569 0.991401 170.900000 -0.129461 -2.143344
0.283438 0.991114 171.000000 -0.343796 -0.999544
0.283330 0.990746 171.100000 -0.443750 -0.850035
0.283246 0.990168 171.200000 -0.528753 -0.047749
0.283164 0.989603 171.300000 -0.533528 0.211242
0.283076 0.989692 171.400000 -0.512404 1.511461
0.282949 0.989125 171.500000 -0.361258 -0.179781
0.282826 0.990448 171.600000 -0.379236 -2.553830
0.282778 0.990738 171.700000 -0.634619 1.725420
0.282676 0.992316 171.800000 -0.462077 -2.721599
0.282668 0.991742 171.900000 -0.734237 -0.100494
0.282665 0.991497 172.000000 -0.744286 -1.067673
0.282711 0.991313 172.100000 -0.851054 1.161205
0.282704 0.991241 172.200000 -0.734933 -1.317281
0.282758 0.991194 172.300000 -0.866661 -1.348609
0.282885 0.990725 172.400000 -1.001522 0.605764
0.282977 0.990262 172.500000 -0.940946 0.616812
0.283037 0.990267 172.600000 -0.879265 1.414029
0.283031 0.990209 172.700000 -0.737862 1.334375
0.282973 0.990539 172.800000 -0.604424 -1.766520
0.282986 0.991319 172.900000 -0.781076 2.163153
0.282914 0.991138 173.000000 -0.564761 -1.164607
0.282885 0.993831 173.100000 -0.681221 -3.363372
0.283020 0.994194 173.200000 -1.017559 1.800846
0.283059 0.993712 173.300000 -0.837474 -0.565395
0.283127 0.994590 173.400000 -0.894014 2.243637
0.283093 0.994565 173.500000 -0.669650 -1.378376
0.283117 0.994201 173.600000 -0.807487 -0.852026
0.283184 0.993633 173.700000 -0.892690 0.119027
0.283244 0.993158 173.800000 -0.880787 -0.578694
0.283334 0.992594 173.900000 -0.938657 0.159337
0.283416 0.992118 174.000000 -0.922723 -0.571866
0.283529 0.991553 174.100000 -0.979910 -0.118316
0.283648 0.991153 174.200000 -0.991741 0.767305
0.283726 0.990862 174.300000 -0.915011 -0.984746
0.283858 0.991021 174.400000 -1.013485 1.592576
0.283904 0.990613 174.500000 -0.854228 -0.745581
0.283988 0.990255 174.600000 -0.928786 0.854308
0.284029 0.990816 174.700000 -0.843355 1.985854
0.283986 0.990633 174.800000 -0.644770 1.157993
0.283903 0.990874 174.900000 -0.528970 -1.680266
0.283880 0.990440 175.000000 -0.696997 0.679262
0.283831 0.990837 175.100000 -0.629071 1.837101
0.283726 0.990272 175.200000 -0.445361 -0.007631
0.283621 0.989797 175.300000 -0.446124 0.559660
0.283502 0.989237 175.400000 -0.390158 0.116262
0.283382 0.988954 175.500000 -0.378532 0.993216
0.283243 0.988761 175.600000 -0.279210 1.139361
0.283089 0.988231 175.700000 -0.165274 -0.339150
0.282940 0.987674 175.800000 -0.199189 0.121257
0.282789 0.987251 175.900000 -0.187063 0.697622
0.282632 0.986690 176.000000 -0.117301 -0.000084
0.282476 0.986865 176.100000 -0.117309 -1.609264
0.282337 0.986952 176.200000 -0.278236 1.509715
0.282182 0.986784 176.300000 -0.127264 1.175993
0.282022 0.986229 176.400000 -0.009665 -0.116666
0.281862 0.985674 176.500000 -0.021332 0.115528
0.281703 0.985207 176.600000 -0.009779 -0.566148
0.281545 0.985172 176.700000 -0.066394 1.359397
0.281387 0.984646 176.800000 0.069546 -0.331112
0.281228 0.984209 176.900000 0.036435 -0.648227
0.281070 0.983673 177.000000 -0.028388 -0.266301
0.280912 0.983122 177.100000 -0.055018 -0.116583
0.280755 0.982776 177.200000 -0.066676 -0.860618
0.280603 0.983760 177.300000 -0.152738 -2.335431
0.280487 0.984077 177.400000 -0.386281 -1.759569
0.280418 0.983523 177.500000 -0.562238 -0.022971
0.280350 0.984136 177.600000 -0.564535 2.036097
0.280229 0.983624 177.700000 -0.360925 0.382584
0.280101 0.983147 177.800000 -0.322667 0.520326
0.279964 0.982741 177.900000 -0.270634 -0.721975
0.279840 0.982224 178.000000 -0.342832 0.348326
0.279709 0.982092 178.100000 -0.307999 1.222742
0.279562 0.981953 178.200000 -0.185725 1.211998
0.279407 0.981628 178.300000 -0.064525 0.896997
0.279250 0.981134 178.400000 0.025174 -0.444109
0.279094 0.981197 178.500000 -0.019237 1.479340
0.278943 0.983052 178.600000 0.128697 2.931137
0.278836 0.982726 178.700000 0.421811 -0.894928
0.278711 0.982177 178.800000 0.332318 -0.001827
0.278586 0.981629 178.900000 0.332136 0.049901
0.278463 0.982441 179.000000 0.337126 -2.207517
0.278311 0.982215 179.100000 0.116374 1.074242
0.278170 0.981688 179.200000 0.223798 0.273661
0.278032 0.981142 179.300000 0.251164 0.060379
0.277896 0.981131 179.400000 0.257202 1.387814
0.277785 0.980585 179.500000 0.395984 0.025010
0.277674 0.980041 179.600000 0.398485 -0.070212
0.277562 0.979937 179.700000 0.391463 -1.259209
0.277428 0.984573 179.800000 0.265542 4.317563
0.277409 0.984093 179.900000 0.697299 -0.491938
0.277371 0.985170 180.000000 0.648105 -2.417901
0.277263 0.985148 180.100000 0.406315 1.374685
0.277191 0.985344 180.200000 0.543783 -1.636199
0.277078 0.985106 180.300000 0.380164 -1.055320
0.276945 0.985118 180.400000 0.274632 -1.418774
0.276797 0.984713 180.500000 0.132754 0.712988
0.276655 0.984374 180.600000 0.204053 0.862778
0.276525 0.984537 180.700000 0.290331 -1.598750
0.276377 0.984557 180.800000 0.130456 1.428830
0.276245 0.984037 180.900000 0.273339 0.295083
0.276118 0.983582 181.000000 0.302847 0.567383
0.276001 0.983067 181.100000 0.359585 0.313396
0.275891 0.987470 181.200000 0.390925 -4.234769
0.275739 0.987637 181.300000 -0.032552 -1.606688
0.275598 0.988295 181.400000 -0.193221 2.088289
0.275446 0.989007 181.500000 0.015608 -2.136686
0.275305 0.988504 181.600000 -0.198060 -0.386777
0.275169 0.988023 181.700000 -0.236738 0.478284
0.275028 0.988150 181.800000 -0.188910 -1.561508
0.274909 0.990256 181.900000 -0.345061 3.105006
0.274759 0.989827 182.000000 -0.034560 0.647605
0.274608 0.990228 182.100000 0.030201 1.854329
0.274470 0.990397 182.200000 0.215633 -1.611549
0.274321 0.991428 182.300000 0.054479 2.395862
0.274194 0.992204 182.400000 0.294065 2.195137
0.274116 0.991782 182.500000 0.513579 0.665202
0.274058 0.991481 182.600000 0.580099 -0.939455
0.273973 0.991206 182.700000 0.486153 -0.988572
0.273864 0.990699 182.800000 0.387296 -0.356758
0.273748 0.990230 182.900000 0.351620 0.516151
0.273643 0.989722 183.000000 0.403235 0.346392
0.273546 0.989618 183.100000 0.437875 1.264279
0.273484 0.989105 183.200000 0.564302 -0.316081
0.273412 0.990400 183.300000 0.532694 2.593278
0.273434 0.990398 183.400000 0.792022 1.405710
0.273522 0.990083 183.500000 0.932593 -0.908074
0.273566 0.990053 183.600000 0.841786 -1.367181
0.273552 0.989515 183.700000 0.705068 -0.005563
0.273538 0.988982 183.800000 0.704511 0.144739
0.273530 0.988510 183.900000 0.718985 0.491004
0.273542 0.988049 184.000000 0.768086 0.528529
0.273576 0.988275 184.100000 0.820939 1.675921
0.273693 0.988598 184.200000 0.988531 -1.780014
0.273723 0.988521 184.300000 0.810529 -1.300257
0.273700 0.987986 184.400000 0.680504 0.073798
0.273680 0.987816 184.500000 0.687883 1.160834
0.273706 0.987331 184.600000 0.803967 -0.429468
0.273715 0.987043 184.700000 0.761020 -0.952510
0.273687 0.988756 184.800000 0.665769 -2.882833
0.273577 0.989055 184.900000 0.377486 1.756411
0.273512 0.988610 185.000000 0.553127 0.574440
0.273465 0.988357 185.100000 0.610571 1.019077
0.273455 0.988057 185.200000 0.712479 0.930744
0.273482 0.987525 185.300000 0.805553 -0.067831
0.273507 0.987330 185.400000 0.798770 -1.118301
0.273486 0.986836 185.500000 0.686940 -0.374091
0.273453 0.986413 185.600000 0.649531 -0.635233
0.273398 0.986004 185.700000 0.586007 -0.671712
0.273323 0.985543 185.800000 0.518836 -0.509056
0.273235 0.985318 185.900000 0.467931 -1.064635
0.273124 0.985799 186.000000 0.361467 1.939074
0.273060 0.985879 186.100000 0.555374 1.507571
0.273047 0.986558 186.200000 0.706132 -2.121065
0.272966 0.986080 186.300000 0.494025 0.436632
0.272897 0.986120 186.400000 0.537688 1.457282
0.272876 0.985842 186.500000 0.683417 0.965947
0.272893 0.985330 186.600000 0.780011 0.245961
0.272920 0.986709 186.700000 0.804607 2.668695
0.273081 0.986211 186.800000 1.071477 -0.333393
0.273223 0.985977 186.900000 1.038138 -1.048618
0.273310 0.985450 187.000000 0.933276 0.022074
0.273398 0.984948 187.100000 0.935483 0.298201
0.273500 0.984697 187.200000 0.965303 -1.014677
0.273554 0.984766 187.300000 0.863835 1.492943
0.273681 0.984374 187.400000 1.013130 0.706092
0.273849 0.984010 187.500000 1.083739 -0.776577
0.273972 0.983699 187.600000 1.006081 -0.896032
0.274050 0.983543 187.700000 0.916478 -1.175549
0.274074 0.983390 187.800000 0.798923 -1.178844
0.274052 0.983023 187.900000 0.681039 0.766378
0.274058 0.982722 188.000000 0.757677 -0.914306
0.274031 0.982417 188.100000 0.666246 0.902865
0.274037 0.983082 188.200000 0.756532 2.113901
0.274140 0.982750 188.300000 0.967922 0.846071
0.274289 0.982420 188.400000 1.052530 0.849720
0.274486 0.982065 188.500000 1.137502 -0.790698
0.274638 0.981737 188.600000 1.058432 0.851525
0.274839 0.981806 188.700000 1.143584 1.491969
0.275136 0.981511 188.800000 1.292781 0.921393
0.275497 0.981136 188.900000 1.384920 -0.738657
0.275806 0.982450 189.000000 1.311055 -2.632744
0.275951 0.981948 189.100000 1.047780 0.258280
0.276109 0.981434 189.200000 1.073608 0.124080
0.276275 0.984117 189.300000 1.086016 -3.482588
0.276273 0.983603 189.400000 0.737757 0.137575
0.276276 0.983295 189.500000 0.751515 -0.893268
0.276246 0.982884 189.600000 0.662188 -0.640913
0.276194 0.982765 189.700000 0.598097 1.230375
0.276186 0.982303 189.800000 0.721134 0.456172
0.276195 0.981786 189.900000 0.766752 -0.045837
0.276203 0.981445 190.000000 0.762168 -0.816784
0.276179 0.982219 190.100000 0.680490 -2.215310
0.276090 0.982422 190.200000 0.458959 -1.654491
0.275967 0.982926 190.300000 0.293509 -1.970038
0.275825 0.982601 190.400000 0.096506 -0.853783
0.275680 0.982746 190.500000 0.011127 -1.586801
0.275541 0.982278 190.600000 -0.147553 0.423569
0.275400 0.983660 190.700000 -0.105196 -2.690490
0.275292 0.983549 190.800000 -0.374245 1.242825
0.275164 0.983127 190.900000 -0.249962 0.596389
0.275030 0.983358 191.000000 -0.190323 -1.688115
0.274920 0.983734 191.100000 -0.359135 1.844574
0.274784 0.983277 191.200000 -0.174678 -0.467064
0.274653 0.983310 191.300000 -0.221384 -1.447098
0.274545 0.982891 191.400000 -0.366094 0.601134
0.274426 0.982477 191.500000 -0.305980 0.617494
0.274298 0.981998 191.600000 -0.244231 0.356021
0.274167 0.983525 191.700000 -0.208629 2.796677
0.274025 0.983734 191.800000 0.071039 1.664612
0.273897 0.983222 191.900000 0.237500 0.002179
0.273769 0.982730 192.000000 0.237718 0.276735
0.273645 0.982294 192.100000 0.265391 -0.538167
0.273514 0.982117 192.200000 0.211575 -1.133609
0.273375 0.981635 192.300000 0.098214 -0.326873
0.273234 0.981344 192.400000 0.065526 -0.918466
0.273092 0.982208 192.500000 -0.026320 2.300062
0.272961 0.982786 192.600000 0.203686 2.047921
0.272863 0.982279 192.700000 0.408478 -0.099485
0.272763 0.982079 192.800000 0.398530 1.092283
0.272688 0.981994 192.900000 0.507758 -1.278518
0.272584 0.981770 193.000000 0.379906 -1.049646
0.272463 0.981959 193.100000 0.274941 1.640139
0.272372 0.981451 193.200000 0.438955 0.014783
0.272281 0.980944 193.300000 0.440434 -0.042633
0.272189 0.980713 193.400000 0.436170 1.034917
0.272124 0.980791 193.500000 0.539662 1.504266
0.272106 0.980855 193.600000 0.690089 -1.485873
0.272042 0.981152 193.700000 0.541501 -1.765091
0.271936 0.980872 193.800000 0.364992 0.935798
0.271850 0.980849 193.900000 0.458572 -1.368151
0.271736 0.980842 194.000000 0.321757 1.390483
0.271651 0.980337 194.100000 0.460805 -0.044407
0.271565 0.981625 194.200000 0.456364 2.639457
0.271559 0.981259 194.300000 0.720310 0.734681
0.271581 0.981578 194.400000 0.793778 -1.789257
0.271539 0.981959 194.500000 0.614853 -1.856204
0.271446 0.981582 194.600000 0.429232 0.705457
0.271371 0.981116 194.700000 0.499778 0.384985
0.271306 0.980691 194.800000 0.538276 -0.552909
0.271227 0.981194 194.900000 0.482985 -1.980128
0.271109 0.980721 195.000000 0.284973 0.344797
0.270996 0.980950 195.100000 0.319452 -1.689616
0.270863 0.980509 195.200000 0.150491 0.489478
0.270735 0.980206 195.300000 0.199438 -0.879761
0.270599 0.979705 195.400000 0.111462 0.050485
0.270464 0.979226 195.500000 0.116511 0.296380
0.270332 0.978995 195.600000 0.146149 -1.025331
0.270194 0.978725 195.700000 0.043616 -0.950012
0.270057 0.978243 195.800000 -0.051385 0.263618
0.269919 0.977938 195.900000 -0.025024 -0.871127
0.269785 0.977457 196.000000 -0.112136 -0.263026
0.269652 0.977033 196.100000 -0.138439 -0.540758
0.269524 0.976607 196.200000 -0.192515 0.530790
0.269392 0.976941 196.300000 -0.139436 1.807234
0.269255 0.976821 196.400000 0.041288 -1.216966
0.269120 0.976832 196.500000 -0.080409 1.412868
0.268984 0.976997 196.600000 0.060878 1.613797
0.268860 0.976617 196.700000 0.222258 0.676273
0.268745 0.976240 196.800000 0.289885 -0.685853
0.268621 0.975802 196.900000 0.221300 -0.476335
0.268492 0.975315 197.000000 0.173666 0.172693
0.268365 0.974933 197.100000 0.190935 -0.666998
0.268233 0.975195 197.200000 0.124236 -1.726879
0.268098 0.974932 197.300000 -0.048452 -0.955283
0.267967 0.975585 197.400000 -0.143981 2.128337
0.267833 0.975515 197.500000 0.068853 1.293443
0.267707 0.975076 197.600000 0.198197 -0.465327
0.267578 0.974947 197.700000 0.151665 1.200417
0.267461 0.974487 197.800000 0.271706 -0.357912
0.267340 0.974724 197.900000 0.235915 -1.699784
0.267206 0.974270 198.000000 0.065937 0.387342
0.267074 0.974907 198.100000 0.104671 2.114813
0.266965 0.974415 198.200000 0.316152 0.019969
0.266856 0.973930 198.300000 0.318149 0.155557
0.266749 0.973564 198.400000 0.333705 0.701956
0.266656 0.974363 198.500000 0.403901 -2.263232
0.266530 0.973873 198.600000 0.177577 -0.043366
0.266403 0.974480 198.700000 0.173241 -2.087906
0.266270 0.974358 198.800000 -0.035550 -1.210227
0.266142 0.975382 198.900000 -0.156572 2.454552
0.266011 0.976112 199.000000 0.088883 2.204273
0.265901 0.975763 199.100000 0.309310 -0.747331
0.265781 0.975729 199.200000 0.234577 1.348745
0.265682 0.975243 199.300000 0.369451 -0.106096
0.265581 0.974816 199.400000 0.358842 0.495177
0.265490 0.974596 199.500000 0.408360 1.035085
0.265423 0.974395 199.600000 0.511868 1.071473
0.265386 0.975070 199.700000 0.619015 2.155355
0.265427 0.976369 199.800000 0.834551 -2.672858
0.265375 0.976152 199.900000 0.567265 1.040842
0.265355 0.975982 200.000000 0.671349 1.128332
0.265376 0.977370 200.100000 0.784182 -2.740550
0.265309 0.979616 200.200000 0.510127 3.309516
0.265353 0.980113 200.300000 0.841079 -1.987138
0.265323 0.980600 200.400000 0.642365 1.978016
0.265367 0.980751 200.500000 0.840167 -1.602796
0.265350 0.980309 200.600000 0.679887 0.434518
0.265348 0.980820 200.700000 0.723339 2.003084
0.265428 0.981264 200.800000 0.923647 -1.935487
0.265429 0.980816 200.900000 0.730099 0.399439
0.265444 0.980453 201.000000 0.770043 0.707089
0.265488 0.979968 201.100000 0.840751 0.097581
0.265536 0.979512 201.200000 0.850510 0.351769
0.265599 0.979103 201.300000 0.885686 -0.559848
0.265638 0.978908 201.400000 0.829702 1.081915
0.265724 0.978490 201.500000 0.937893 0.523473
0.265835 0.978127 201.600000 0.990240 -0.701021
0.265913 0.978635 201.700000 0.920138 -2.001560
0.265910 0.978508 201.800000 0.719982 -1.202679
0.265867 0.978789 201.900000 0.599714 -1.758053
0.265780 0.978333 202.000000 0.423909 -0.340886
0.265686 0.977879 202.100000 0.389820 0.347241
0.265600 0.978077 202.200000 0.424545 1.660234
0.265555 0.977858 202.300000 0.590568 -1.034768
0.265482 0.978452 202.400000 0.487091 2.088226
0.265471 0.978373 202.500000 0.695914 -1.278964
0.265419 0.978893 202.600000 0.568017 2.015889
0.265434 0.978959 202.700000 0.769606 1.492924
0.265512 0.979833 202.800000 0.918899 -2.346247
0.265496 0.980876 202.900000 0.684274 -2.488409
0.265412 0.980422 203.000000 0.435433 -0.341820
0.265321 0.980053 203.100000 0.401251 0.679694
0.265245 0.979719 203.200000 0.469221 -0.777123
0.265152 0.979253 203.300000 0.391508 0.251129
0.265064 0.979554 203.400000 0.416621 -1.783824
0.264948 0.979164 203.500000 0.238239 0.610808
0.264840 0.978833 203.600000 0.299320 -0.780550
0.264722 0.978371 203.700000 0.221265 0.269465
0.264607 0.978063 203.800000 0.248211 0.836564
0.264505 0.977600 203.900000 0.331868 0.259989
0.264406 0.977983 204.000000 0.357866 1.875727
0.264350 0.977533 204.100000 0.545439 0.345910
0.264303 0.977108 204.200000 0.580030 0.467186
0.264269 0.977164 204.300000 0.626749 -1.478361
0.264196 0.976875 204.400000 0.478912 -0.877471
0.264105 0.976652 204.500000 0.391165 -1.020720
0.263996 0.976400 204.600000 0.289093 0.959292
0.263903 0.976023 204.700000 0.385023 -0.638744
0.263800 0.975562 204.800000 0.321148 -0.251033
0.263692 0.975175 204.900000 0.296045 0.606509
0.263595 0.974870 205.000000 0.356696 0.834161
0.263514 0.974400 205.100000 0.440112 0.150831
0.263436 0.974635 205.200000 0.455195 1.706806
0.263403 0.974160 205.300000 0.625876 0.010394
0.263370 0.974306 205.400000 0.626915 -1.596251
0.263295 0.974554 205.500000 0.467290 1.722518
0.263267 0.974275 205.600000 0.639542 -0.895960
0.263212 0.973899 205.700000 0.549946 -0.630920
0.263142 0.974022 205.800000 0.486854 1.566372
0.263115 0.973581 205.900000 0.643491 0.362384
0.263099 0.973609 206.000000 0.679729 -1.436690
0.263041 0.974801 206.100000 0.536060 2.619514
0.263068 0.974476 206.200000 0.798012 -0.780206
0.263066 0.974008 206.300000 0.719991 -0.133957
0.263060 0.974405 206.400000 0.706595 1.893946
0.263127 0.974246 206.500000 0.895990 1.137141
0.263246 0.973877 206.600000 1.009704 0.649158
0.263398 0.973426 206.700000 1.074620 -0.291137
0.263535 0.973922 206.800000 1.045506 -1.999616
0.263580 0.974759 206.900000 0.845545 2.326583
0.263733 0.974331 207.000000 1.078203 0.420258
0.263909 0.973875 207.100000 1.120229 0.242439
0.264098 0.973805 207.200000 1.144473 1.287148
0.264361 0.975607 207.300000 1.273187 -3.069520
0.264459 0.975723 207.400000 0.966235 1.559879
0.264635 0.975269 207.500000 1.122223 0.255919
0.264824 0.974818 207.600000 1.147815 0.282285
0.265030 0.974502 207.700000 1.176044 0.797865
0.265281 0.975034 207.800000 1.255830 2.039679
0.265666 0.974609 207.900000 1.459798 0.423931
0.266081 0.974196 208.000000 1.502191 -0.480506
0.266461 0.973971 208.100000 1.454141 -1.007371
0.266772 0.973639 208.200000 1.353403 0.749140
0.267134 0.973221 208.300000 1.428317 0.454855
0.267527 0.974538 208.400000 1.473803 2.727234
0.268130 0.974300 208.500000 1.746526 0.978485
0.268816 0.973857 208.600000 1.844375 -0.311223
0.269475 0.973393 208.700000 1.813253 0.103617
0.270142 0.972955 208.800000 1.823614 -0.346245
0.270778 0.972501 208.900000 1.788990 0.215598
0.271432 0.972200 209.000000 1.810550 -0.828182
0.272016 0.971865 209.100000 1.727731 0.736112
0.272661 0.971421 209.200000 1.801343 -0.291948
0.273281 0.972085 209.300000 1.772148 -2.173538
0.273728 0.971997 209.400000 1.554794 1.255025
0.274270 0.972173 209.500000 1.680297 -1.637728
0.274688 0.971850 209.600000 1.516524 0.767649
0.275162 0.971544 209.700000 1.593289 0.812671
0.275699 0.971356 209.800000 1.674556 1.074705
0.276324 0.971749 209.900000 1.782026 1.895828
0.277117 0.971301 210.000000 1.971609 -0.240950
0.277888 0.971130 210.100000 1.947514 -1.107380
0.278558 0.970929 210.200000 1.836776 -1.047232
0.279138 0.970683 210.300000 1.732053 -0.951417
0.279642 0.972626 210.400000 1.636911 -3.181507
0.279922 0.972231 210.500000 1.318761 0.528942
0.280236 0.971769 210.600000 1.371655 0.028527
0.280551 0.971328 210.700000 1.374507 -0.289050
0.280847 0.971148 210.800000 1.345602 -1.086417
0.281077 0.972292 210.900000 1.236961 -2.602583
0.281169 0.971843 211.000000 0.976702 0.222195
0.281273 0.971388 211.100000 0.998922 0.136659
0.281382 0.973697 211.200000 1.012588 3.420757
0.281683 0.974157 211.300000 1.354664 -1.973384
0.281866 0.974108 211.400000 1.157325 -1.318691
0.281982 0.973705 211.500000 1.025456 -0.493712
0.282074 0.973346 211.600000 0.976085 0.654206
0.282196 0.973685 211.700000 1.041505 1.838463
0.282418 0.974017 211.800000 1.225352 -1.831354
0.282541 0.973683 211.900000 1.042216 -0.731801
0.282629 0.973450 212.000000 0.969036 0.978672
0.282764 0.973289 212.100000 1.066903 -1.123029
0.282845 0.973385 212.200000 0.954601 -1.534338
0.282863 0.972988 212.300000 0.801167 0.512052
0.282901 0.972882 212.400000 0.852372 1.223600
0.282991 0.972723 212.500000 0.974732 -1.126944
0.283033 0.972472 212.600000 0.862038 -0.935236
0.283039 0.972110 212.700000 0.768514 -0.635996
0.283022 0.971669 212.800000 0.704914 -0.260060
0.282998 0.971213 212.900000 0.678908 0.035239
0.282974 0.970838 213.000000 0.682432 -0.587443
0.282933 0.970683 213.100000 0.623688 1.130089
0.282927 0.973100 213.200000 0.736697 -3.500865
0.282830 0.974053 213.300000 0.386610 -2.451518
0.282702 0.975273 213.400000 0.141459 -2.675484
0.282573 0.974969 213.500000 -0.126090 -0.807399
0.282451 0.974535 213.600000 -0.206830 0.308105
0.282326 0.974110 213.700000 -0.176019 0.364402
0.282199 0.974165 213.800000 -0.139579 1.478121
0.282067 0.974124 213.900000 0.008233 1.330953
0.281940 0.973675 214.000000 0.141328 -0.166747
0.281812 0.973324 214.100000 0.124654 0.664370
0.281689 0.972875 214.200000 0.191091 -0.145803
0.281565 0.972495 214.300000 0.176510 -0.562282
0.281437 0.972088 214.400000 0.120282 0.447598
0.281312 0.971737 214.500000 0.165042 -0.661310
0.281183 0.971347 214.600000 0.098911 -0.517555
0.281053 0.971425 214.700000 0.047155 -1.509892
0.280925 0.971284 214.800000 -0.103834 -1.155047
0.280805 0.970858 214.900000 -0.219339 -0.337134
0.280690 0.970469 215.000000 -0.253052 -0.517730
0.280581 0.970409 215.100000 -0.304825 -1.297225
0.280494 0.970016 215.200000 -0.434547 0.496390
0.280398 0.969732 215.300000 -0.384908 0.846547
0.280289 0.969328 215.400000 -0.300254 0.445869
0.280174 0.969392 215.500000 -0.255667 1.488990
0.280047 0.971928 215.600000 -0.106768 3.588378
0.279932 0.973068 215.700000 0.252070 2.619882
0.279864 0.972628 215.800000 0.514058 -0.217190
0.279790 0.972185 215.900000 0.492339 0.175903
0.279721 0.973198 216.000000 0.509929 2.514767
0.279726 0.973460 216.100000 0.761406 -1.754052
0.279676 0.973348 216.200000 0.586001 1.209701
0.279662 0.973249 216.300000 0.706971 1.232186
0.279692 0.972901 216.400000 0.830190 -0.664933
0.279697 0.974349 216.500000 0.763696 2.866621
0.279823 0.974170 216.600000 1.050358 1.083400
0.280003 0.974139 216.700000 1.158698 1.346911
0.280260 0.973805 216.800000 1.293390 -0.706781
0.280475 0.974165 216.900000 1.222711 1.872939
0.280804 0.973723 217.000000 1.410005 0.169548
0.281143 0.974076 217.100000 1.426960 -1.866179
0.281368 0.974527 217.200000 1.240342 -1.976610
0.281489 0.974122 217.300000 1.042681 0.435043
0.281630 0.973688 217.400000 1.086186 0.245124
0.281784 0.973308 217.500000 1.110698 -0.540972
0.281911 0.972876 217.600000 1.056601 -0.253214
0.282026 0.972450 217.700000 1.031279 0.299845
0.282155 0.972019 217.800000 1.061264 0.257795
0.282297 0.972302 217.900000 1.087043 -1.783243
0.282357 0.971877 218.000000 0.908719 -0.303828
0.282404 0.971607 218.100000 0.878336 -0.873590
0.282418 0.972648 218.200000 0.790977 2.547421
0.282539 0.972396 218.300000 1.045719 0.918449
0.282706 0.972001 218.400000 1.137564 -0.470456
0.282849 0.971929 218.500000 1.090519 1.275181
0.283058 0.971500 218.600000 1.218037 -0.259843
0.283254 0.971068 218.700000 1.192053 -0.232296
0.283436 0.970665 218.800000 1.168823 -0.423002
0.283597 0.970371 218.900000 1.126523 -0.807413
0.283717 0.970043 219.000000 1.045781 0.708640
0.283872 0.969605 219.100000 1.116645 0.150764
0.284034 0.969443 219.200000 1.131722 1.107318
0.284257 0.969140 219.300000 1.242454 -0.782642
0.284436 0.968712 219.400000 1.164190 0.236438
0.284628 0.968461 219.500000 1.187833 0.913674
0.284871 0.971503 219.600000 1.279201 3.911965
0.285376 0.971383 219.700000 1.670397 -1.189655
0.285793 0.971647 219.800000 1.551432 -1.762598
0.286093 0.971731 219.900000 1.375172 1.520805
0.286493 0.971828 220.000000 1.527252 1.538612
0.287005 0.971767 220.100000 1.681114 1.294235
0.287618 0.971338 220.200000 1.810537 0.231050
0.288251 0.970928 220.300000 1.833642 -0.371874
0.288852 0.971592 220.400000 1.796455 -2.206624
0.289283 0.971201 220.500000 1.575792 -0.465189
0.289682 0.970762 220.600000 1.529273 0.065958
0.290085 0.970329 220.700000 1.535869 0.177645
0.290500 0.969902 220.800000 1.553634 -0.232393
0.290899 0.969604 220.900000 1.530394 0.789860
0.291353 0.969394 221.000000 1.609380 -1.005661
0.291736 0.969491 221.100000 1.508814 -1.538501
0.292019 0.969313 221.200000 1.354964 1.072393
0.292370 0.968887 221.300000 1.462204 -0.225695
0.292706 0.968784 221.400000 1.439634 1.217791
0.293124 0.968357 221.500000 1.561413 -0.210123
0.293526 0.967920 221.600000 1.540401 -0.024651
0.293927 0.967673 221.700000 1.537936 -0.916305
0.294266 0.968246 221.800000 1.446305 -2.116307
0.294477 0.967863 221.900000 1.234675 -0.482974
0.294661 0.969141 222.000000 1.186377 2.759600
0.295010 0.968732 222.100000 1.462337 0.343938
0.295381 0.968300 222.200000 1.496731 -0.131122
0.295743 0.967925 222.300000 1.483619 0.519468
0.296140 0.967554 222.400000 1.535566 0.532467
0.296574 0.967304 222.500000 1.588812 -0.907916
0.296945 0.968297 222.600000 1.498021 2.521478
0.297499 0.969190 222.700000 1.750168 2.432181
0.298257 0.968794 222.800000 1.993386 -0.416599
0.298977 0.968739 222.900000 1.951727 1.299729
0.299814 0.968340 223.000000 2.081699 -0.400505
0.300614 0.970204 223.100000 2.041649 -3.202280
0.301142 0.970480 223.200000 1.721421 -1.781902
0.301541 0.970104 223.300000 1.543231 -0.511621
0.301904 0.970824 223.400000 1.492069 -2.271117
0.302127 0.971464 223.500000 1.264957 -2.191747
0.302236 0.971802 223.600000 1.045782 -1.859075
0.302266 0.971820 223.700000 0.859875 -1.422247
0.302246 0.972907 223.800000 0.717650 -2.609611
0.302158 0.974497 223.900000 0.456689 -3.011295
0.302028 0.975021 224.000000 0.155559 -2.073509
0.301894 0.974855 224.100000 -0.051791 1.098928
0.301760 0.974826 224.200000 0.058101 -1.347891
0.301627 0.974582 224.300000 -0.076688 0.925921
0.301493 0.974300 224.400000 0.015904 -0.825928
0.301360 0.973867 224.500000 -0.066688 -0.063401
0.301227 0.973903 224.600000 -0.073028 -1.452271
0.301103 0.973479 224.700000 -0.218256 -0.204071
0.300982 0.973106 224.800000 -0.238663 0.515389
0.300856 0.972903 224.900000 -0.187124 -1.017687
0.300741 0.972865 225.000000 -0.288892 1.331122
0.300613 0.973238 225.100000 -0.155780 1.904432
0.300480 0.972919 225.200000 0.034663 0.712681
0.300349 0.972662 225.300000 0.105931 -0.888641
0.300216 0.972235 225.400000 0.017067 0.135249
0.300083 0.971933 225.500000 0.030592 0.763511
0.299952 0.971752 225.600000 0.106943 1.060608
0.299830 0.971440 225.700000 0.213004 0.731043
0.299715 0.971059 225.800000 0.286108 0.473354
0.299607 0.971396 225.900000 0.333443 -1.861205
0.299479 0.970977 226.000000 0.147323 0.219870
0.299353 0.970622 226.100000 0.169310 0.579991
0.299232 0.970397 226.200000 0.227309 -0.960657
0.299104 0.970016 226.300000 0.131243 -0.464725
0.298974 0.970008 226.400000 0.084771 1.379076
0.298853 0.970960 226.500000 0.222678 2.501025
0.298770 0.970718 226.600000 0.472781 -0.920587
0.298670 0.970329 226.700000 0.380722 -0.420736
0.298564 0.970145 226.800000 0.338649 1.051274
0.298476 0.969901 226.900000 0.443776 0.911864
0.298407 0.969478 227.000000 0.534962 0.141825
0.298342 0.969819 227.100000 0.549145 -1.866569
0.298240 0.970593 227.200000 0.362488 -2.336282
0.298113 0.970252 227.300000 0.128860 0.628293
0.297990 0.970040 227.400000 0.191689 -0.987001
0.297861 0.970214 227.500000 0.092989 -1.653397
0.297731 0.969790 227.600000 -0.072351 -0.084907
0.297602 0.969372 227.700000 -0.080841 -0.191584
0.297473 0.968973 227.800000 -0.100000 -0.344909
0.297347 0.968662 227.900000 -0.134491 -0.719951
0.297226 0.968731 228.000000 -0.206486 -1.500479
0.297123 0.968306 228.100000 -0.356534 0.002089
0.297021 0.968366 228.200000 -0.356325 1.487421
0.296900 0.968172 228.300000 -0.207583 -1.023230
0.296791 0.967748 228.400000 -0.309906 0.025639
0.296682 0.969359 228.500000 -0.307342 -3.049812
0.296635 0.969133 228.600000 -0.612323 -0.952036
0.296614 0.968814 228.700000 -0.707526 0.688490
0.296574 0.968698 228.800000 -0.638677 -1.187738
0.296570 0.968543 228.900000 -0.757451 1.106958
0.296531 0.968139 229.000000 -0.646755 0.289697
0.296485 0.968592 229.100000 -0.617786 2.003773
0.296394 0.969576 229.200000 -0.417408 -2.539858
0.296363 0.969161 229.300000 -0.671394 0.187478
0.296327 0.968740 229.400000 -0.652646 -0.066513
0.296292 0.968896 229.500000 -0.659298 -1.629550
0.296310 0.969823 229.600000 -0.822253 2.488732
0.296253 0.969503 229.700000 -0.573380 -0.686247
0.296214 0.969842 229.800000 -0.642004 -1.870273
0.296234 0.969570 229.900000 -0.829032 0.829224
0.296227 0.969287 230.000000 -0.746109 -0.796988
0.296246 0.969336 230.100000 -0.825808 -1.471796
0.296323 0.969059 230.200000 -0.972988 0.812705
0.296367 0.968977 230.300000 -0.891717 1.250606
0.296366 0.968902 230.400000 -0.766657 -1.260360
0.296410 0.968493 230.500000 -0.892693 0.229961
0.296446 0.968339 230.600000 -0.869697 1.107383
0.296442 0.968030 230.700000 -0.758958 -0.715451
0.296463 0.967876 230.800000 -0.830503 1.105540
0.296447 0.967752 230.900000 -0.719949 -1.168442
0.296470 0.967334 231.000000 -0.836793 -0.065809
0.296496 0.966962 231.100000 -0.843374 0.460191
0.296505 0.966581 231.200000 -0.797355 0.413679
0.296500 0.966194 231.300000 -0.755987 -0.379689
0.296508 0.965840 231.400000 -0.793956 -0.543052
0.296536 0.965616 231.500000 -0.848262 -0.944993
0.296599 0.966844 231.600000 -0.942761 2.760345
0.296567 0.966799 231.700000 -0.666726 -1.313934
0.296577 0.966682 231.800000 -0.798120 1.180010
0.296549 0.967551 231.900000 -0.680119 2.442460
0.296462 0.967327 232.000000 -0.435873 0.946296
0.296359 0.967440 232.100000 -0.341243 1.567574
0.296239 0.968952 232.200000 -0.184486 -2.993250
0.296162 0.968789 232.300000 -0.483811 1.086368
0.296065 0.968544 232.400000 -0.375174 0.892756
0.295955 0.968143 232.500000 -0.285898 0.272984
0.295842 0.968747 232.600000 -0.258600 2.178972
0.295715 0.968608 232.700000 -0.040703 1.134423
0.295590 0.969094 232.800000 0.072740 -2.049547
0.295467 0.968844 232.900000 -0.132215 -0.879562
0.295350 0.969089 233.000000 -0.220171 -1.755205
0.295257 0.968675 233.100000 -0.395692 -0.098864
0.295166 0.968346 233.200000 -0.405578 0.634030
0.295064 0.967936 233.300000 -0.342175 -0.148082
0.294965 0.967522 233.400000 -0.356984 -0.006586
0.294866 0.967833 233.500000 -0.357642 -1.840790
0.294803 0.967419 233.600000 -0.541721 0.023010
0.294739 0.967005 233.700000 -0.539420 -0.006551
0.294676 0.968055 233.800000 -0.540075 -2.616754
0.294687 0.967659 233.900000 -0.801751 -0.289254
0.294708 0.967400 234.000000 -0.830676 0.849096
0.294701 0.967313 234.100000 -0.745766 1.235605
0.294658 0.968297 234.200000 -0.622206 -2.558831
0.294697 0.967989 234.300000 -0.878089 -0.702143
0.294763 0.967871 234.400000 -0.948303 1.174204
0.294784 0.967657 234.500000 -0.830883 -0.965671
0.294842 0.969089 234.600000 -0.927450 -2.942593
0.295034 0.969119 234.700000 -1.221709 1.442268
0.295156 0.969124 234.800000 -1.077483 1.400003
0.295217 0.968770 234.900000 -0.937482 0.523302
0.295258 0.968487 235.000000 -0.885152 0.778172
0.295271 0.968096 235.100000 -0.807335 -0.316942
0.295296 0.967857 235.200000 -0.839029 0.901198
0.295289 0.967910 235.300000 -0.748909 -1.477648
0.295335 0.967556 235.400000 -0.896674 0.517705
0.295361 0.967276 235.500000 -0.844903 -0.786043
0.295416 0.968544 235.600000 -0.923508 2.812216
0.295378 0.968231 235.700000 -0.642286 0.679013
0.295323 0.968466 235.800000 -0.574385 1.745349
0.295232 0.968088 235.900000 -0.399850 0.393929
0.295134 0.967886 236.000000 -0.360457 0.990559
0.295024 0.967637 236.100000 -0.261401 0.871613
0.294905 0.967278 236.200000 -0.174240 0.487393
0.294784 0.968502 236.300000 -0.125501 -2.779076
0.294694 0.968608 236.400000 -0.403408 1.561919
0.294582 0.968930 236.500000 -0.247216 -1.859420
0.294497 0.968575 236.600000 -0.433158 0.507530
0.294404 0.968184 236.700000 -0.382405 0.291991
0.294306 0.967847 236.800000 -0.353206 -0.582169
0.294217 0.967508 236.900000 -0.411423 0.574440
0.294120 0.967949 237.000000 -0.353979 -2.006513
0.294061 0.968435 237.100000 -0.554630 -2.059446
0.294059 0.968052 237.200000 -0.760575 0.344412
0.294046 0.968215 237.300000 -0.726134 -1.647337
0.294089 0.968115 237.400000 -0.890868 1.208382
0.294090 0.967967 237.500000 -0.770029 1.109540
0.294058 0.968373 237.600000 -0.659075 1.966522
0.293979 0.968184 237.700000 -0.462423 -1.018425
0.293922 0.967888 237.800000 -0.564266 -0.726368
0.293884 0.968074 237.900000 -0.636902 1.679772
0.293807 0.967750 238.000000 -0.468925 0.626304
0.293718 0.967437 238.100000 -0.406295 -0.666036
0.293642 0.967088 238.200000 -0.472898 -0.525015
0.293577 0.968109 238.300000 -0.525400 -2.608109
0.293583 0.967863 238.400000 -0.786211 -0.871656
0.293620 0.968342 238.500000 -0.873376 2.055295
0.293590 0.968285 238.600000 -0.667847 1.289486
0.293528 0.967944 238.700000 -0.538898 -0.556762
0.293479 0.967903 238.800000 -0.594575 1.318584
0.293401 0.967800 238.900000 -0.462716 -1.200315
0.293350 0.967495 239.000000 -0.582748 -0.693420
0.293316 0.967098 239.100000 -0.652090 -0.188833
0.293287 0.966770 239.200000 -0.670973 0.601223
0.293243 0.966445 239.300000 -0.610851 0.614067
0.293183 0.966084 239.400000 -0.549444 -0.452380
0.293135 0.965768 239.500000 -0.594682 0.645428
0.293071 0.965374 239.600000 -0.530139 -0.213255
0.293012 0.965065 239.700000 -0.551465 0.667746
0.292939 0.965804 239.800000 -0.484690 2.340587
0.292830 0.965527 239.900000 -0.250631 -0.774164
0.292731 0.965173 240.000000 -0.328048 -0.480784
0.292638 0.965364 240.100000 -0.376126 1.687844
0.292525 0.965091 240.200000 -0.207342 0.788207
0.292407 0.966061 240.300000 -0.128521 2.567895
0.292289 0.965730 240.400000 0.128268 -0.582840
0.292168 0.965449 240.500000 0.069984 -0.759887
0.292047 0.965051 240.600000 -0.006004 -0.125844
0.291926 0.964652 240.700000 -0.018589 -0.083515
0.291805 0.964872 240.800000 -0.026940 -1.729903
0.291692 0.964553 240.900000 -0.199931 0.625625
0.291575 0.964258 241.000000 -0.137368 -0.711916
0.291463 0.964053 241.100000 -0.208560 0.968075
0.291345 0.963810 241.200000 -0.111752 0.869086
0.291224 0.963745 241.300000 -0.024844 -1.271794
0.291109 0.963620 241.400000 -0.152023 1.149679
0.290988 0.964477 241.500000 -0.037055 2.463420
0.290877 0.964252 241.600000 0.209287 0.916857
0.290775 0.964866 241.700000 0.300972 -2.212927
0.290657 0.964790 241.800000 0.079680 1.250129
0.290545 0.964694 241.900000 0.204693 -1.210568
0.290426 0.965030 242.000000 0.083636 -1.886276
0.290309 0.964659 242.100000 -0.104992 0.362965
0.290190 0.964263 242.200000 -0.068695 -0.092178
0.290072 0.964023 242.300000 -0.077913 -0.875322
0.289958 0.964785 242.400000 -0.165445 2.371042
0.289839 0.964881 242.500000 0.071659 1.547509
0.289730 0.964730 242.600000 0.226410 1.095207
0.289634 0.964527 242.700000 0.335930 -0.971554
0.289527 0.964138 242.800000 0.238775 0.193777
0.289421 0.963860 242.900000 0.258153 0.761188
0.289325 0.963726 243.000000 0.334272 1.128625
0.289247 0.963492 243.100000 0.447134 -0.889483
0.289155 0.963104 243.200000 0.358186 -0.195222
0.289060 0.962763 243.300000 0.338664 0.516127
0.288972 0.962700 243.400000 0.390276 -1.272319
0.288868 0.963380 243.500000 0.263044 -2.288843
0.288749 0.963091 243.600000 0.034160 0.718316
0.288633 0.963950 243.700000 0.105992 -2.472790
0.288519 0.963565 243.800000 -0.141287 -0.225944
0.288406 0.963356 243.900000 -0.163882 -0.952264
0.288302 0.963219 244.000000 -0.259108 1.121672
0.288188 0.962945 244.100000 -0.146941 0.767614
0.288071 0.963033 244.200000 -0.070179 1.535268
0.287955 0.962639 244.300000 0.083347 0.004738
0.287838 0.962251 244.400000 0.083821 -0.168361
0.287722 0.961884 244.500000 0.066985 0.360006
0.287606 0.961494 244.600000 0.102986 0.120779
0.287492 0.961124 244.700000 0.115064 -0.332615
0.287375 0.960811 244.800000 0.081802 0.623726
0.287262 0.960759 244.900000 0.144175 1.290431
0.287160 0.960583 245.000000 0.273218 1.030218
0.287072 0.960674 245.100000 0.376240 1.538213
0.287012 0.960947 245.200000 0.530061 1.805012
0.286998 0.960887 245.300000 0.710562 1.275950
0.287025 0.960610 245.400000 0.838157 0.749833
0.287077 0.960914 245.500000 0.913140 -1.848206
0.287069 0.960582 245.600000 0.728320 -0.538052
0.287044 0.960354 245.700000 0.674515 0.894324
0.287046 0.960891 245.800000 0.763947 -2.135685
0.286991 0.960532 245.900000 0.550379 0.394164
0.286945 0.961618 246.000000 0.589795 -2.696278
0.286849 0.961433 246.100000 0.320167 1.006004
0.286769 0.961709 246.200000 0.420768 -1.811356
0.286664 0.961435 246.300000 0.239632 0.758298
0.286568 0.962251 246.400000 0.315462 2.438296
0.286515 0.962052 246.500000 0.559291 0.970666
0.286486 0.961695 246.600000 0.656358 -0.399508
0.286447 0.961836 246.700000 0.616407 -1.619590
0.286373 0.961692 246.800000 0.454448 1.100056
0.286322 0.961749 246.900000 0.564454 1.485098
0.286309 0.961389 247.000000 0.712963 0.382524
0.286307 0.961003 247.100000 0.751216 0.119634
0.286309 0.960672 247.200000 0.763179 0.533604
0.286328 0.960762 247.300000 0.816540 1.537948
0.286403 0.961298 247.400000 0.970334 -2.138690
0.286402 0.961010 247.500000 0.756465 -0.704024
0.286382 0.961034 247.600000 0.686063 1.428651
0.286405 0.960647 247.700000 0.828928 -0.060764
0.286426 0.960983 247.800000 0.822852 1.894446
0.286517 0.960606 247.900000 1.012296 -0.224273
0.286599 0.961471 248.000000 0.989869 2.493531
0.286793 0.962653 248.100000 1.239222 -2.790715
0.286863 0.962460 248.200000 0.960151 0.982518
0.286973 0.962626 248.300000 1.058402 1.658116
0.287159 0.962558 248.400000 1.224214 -1.260121
0.287286 0.962194 248.500000 1.098202 -0.342551
0.287398 0.964808 248.600000 1.063947 -3.863165
0.287375 0.964620 248.700000 0.677630 -0.998238
0.287327 0.964299 248.800000 0.577806 -0.576453
0.287266 0.963928 248.900000 0.520161 0.284059
0.287211 0.963804 249.000000 0.548567 1.143143
0.287184 0.964496 249.100000 0.662881 2.318916
0.287229 0.964247 249.200000 0.894773 0.830096
0.287305 0.964071 249.300000 0.977783 1.025562
0.287424 0.966044 249.400000 1.080339 -3.430732
0.287418 0.965731 249.500000 0.737266 -0.607900
0.287394 0.965349 249.600000 0.676476 -0.164263
0.287367 0.965026 249.700000 0.660049 -0.559501
0.287325 0.964844 249.800000 0.604099 -1.011029
0.287260 0.965224 249.900000 0.502996 -1.956978
0.287164 0.965245 250.000000 0.307299 1.426299
0.287090 0.965247 250.100000 0.449929 -1.393936
0.286995 0.964862 250.200000 0.310535 -0.057896
0.286898 0.964618 250.300000 0.304745 -0.840094
0.286794 0.964246 250.400000 0.220736 0.254716
0.286691 0.963897 250.500000 0.246207 0.427242
0.286594 0.963588 250.600000 0.288932 -0.615358
0.286490 0.963240 250.700000 0.227396 0.425135
0.286390 0.963534 250.800000 0.269909 1.843720
0.286317 0.963249 250.900000 0.454281 -0.704313
0.286232 0.963672 251.000000 0.383850 -2.012534
0.286125 0.963341 251.100000 0.182597 0.515219
0.286022 0.963169 251.200000 0.234119 1.031356
0.285931 0.964242 251.300000 0.337254 -2.706000
0.285818 0.963948 251.400000 0.066654 0.669329
0.285708 0.963852 251.500000 0.133587 -1.201913
0.285595 0.964199 251.600000 0.013396 1.917237
0.285490 0.963827 251.700000 0.205119 -0.229351
0.285383 0.963458 251.800000 0.182184 0.268232
0.285278 0.963105 251.900000 0.209008 0.382458
0.285177 0.962727 252.000000 0.247253 -0.135233
0.285075 0.963329 252.100000 0.233730 -2.227996
0.284962 0.963396 252.200000 0.010930 1.505088
0.284854 0.963060 252.300000 0.161439 0.480840
0.284750 0.962679 252.400000 0.209523 0.025271
0.284646 0.962302 252.500000 0.212050 0.151936
0.284544 0.962113 252.600000 0.227244 -0.983964
0.284435 0.962253 252.700000 0.128848 1.622692
0.284339 0.961913 252.800000 0.291117 -0.450682
0.284238 0.961741 252.900000 0.246049 1.025714
0.284150 0.961603 253.000000 0.348620 -1.107143
0.284049 0.961226 253.100000 0.237906 0.123251
0.283949 0.960848 253.200000 0.250231 -0.091398
0.283849 0.960785 253.300000 0.241091 -1.265183
0.283739 0.962030 253.400000 0.114573 -2.869851
0.283633 0.961651 253.500000 -0.172412 -0.012850
0.283527 0.961684 253.600000 -0.173697 -1.445747
0.283436 0.961682 253.700000 -0.318272 -1.382935
0.283365 0.961452 253.800000 -0.456566 -0.869067
0.283312 0.961176 253.900000 -0.543472 0.721145
0.283244 0.960802 254.000000 -0.471358 0.156560
0.283173 0.960833 254.100000 -0.455702 1.442048
0.283081 0.960466 254.200000 -0.311497 -0.228079
0.282992 0.960379 254.300000 -0.334305 1.217138
0.282889 0.960017 254.400000 -0.212591 -0.272735
0.282790 0.959640 254.500000 -0.239865 -0.039959
0.282690 0.959293 254.600000 -0.243860 0.391363
0.282588 0.959620 254.700000 -0.204724 -1.893173
0.282507 0.960683 254.800000 -0.394041 -2.708882
0.282483 0.960382 254.900000 -0.664930 -0.620855
0.282476 0.962428 255.000000 -0.727015 3.515911
0.282393 0.962056 255.100000 -0.375424 0.160530
0.282308 0.962092 255.200000 -0.359371 -1.451431
0.282247 0.961717 255.300000 -0.504514 -0.101006
0.282188 0.961350 255.400000 -0.514615 -0.215490
0.282134 0.961010 255.500000 -0.536164 -0.433895
0.282089 0.960934 255.600000 -0.579553 -1.236835
0.282076 0.961277 255.700000 -0.703237 1.917970
0.282017 0.961039 255.800000 -0.511440 0.838097
0.281942 0.960946 255.900000 -0.427630 1.203544
0.281851 0.961490 256.000000 -0.307276 -2.169406
0.281794 0.961238 256.100000 -0.524216 0.794007
0.281723 0.961105 256.200000 -0.444816 -1.115460
0.281673 0.961291 256.300000 -0.556361 -1.695351
0.281666 0.960977 256.400000 -0.725897 0.559843
0.281644 0.961679 256.500000 -0.669912 2.350464
0.281571 0.962497 256.600000 -0.434866 2.474150
0.281468 0.962525 256.700000 -0.187451 -1.438453
0.281380 0.962975 256.800000 -0.331296 2.058911
0.281274 0.964374 256.900000 -0.125405 3.019185
0.281170 0.964118 257.000000 0.176513 0.782834
0.281073 0.964102 257.100000 0.254797 -1.357370
0.280967 0.963876 257.200000 0.119060 -0.876369
0.280858 0.963658 257.300000 0.031423 0.897158
0.280752 0.963292 257.400000 0.121139 0.209718
0.280647 0.962981 257.500000 0.142110 -0.567499
0.280539 0.962934 257.600000 0.085361 -1.297326
0.280431 0.963108 257.700000 -0.044372 -1.680303
0.280331 0.962738 257.800000 -0.212402 -0.128178
0.280232 0.962507 257.900000 -0.225220 -0.858857
0.280142 0.962688 258.000000 -0.311106 -1.689699
0.280078 0.962430 258.100000 -0.480076 -0.771163
0.280030 0.962079 258.200000 -0.557192 -0.332015
0.279989 0.962697 258.300000 -0.590394 2.262259
0.279906 0.963178 258.400000 -0.364168 -2.101446
0.279862 0.962809 258.500000 -0.574312 0.129038
0.279815 0.962599 258.600000 -0.561408 -0.914465
0.279789 0.962303 258.700000 -0.652855 -0.627636
0.279780 0.962489 258.800000 -0.715619 1.699035
0.279729 0.962381 258.900000 -0.545715 -1.168578
0.279706 0.962082 259.000000 -0.662573 -0.613136
0.279699 0.961783 259.100000 -0.723886 0.614019
0.279676 0.961475 259.200000 -0.662485 0.568212
0.279639 0.961795 259.300000 -0.605663 -1.893804
0.279653 0.961705 259.400000 -0.795044 1.206655
0.279633 0.961391 259.500000 -0.674378 0.540174
0.279599 0.961123 259.600000 -0.620361 0.728938
0.279549 0.961422 259.700000 -0.547467 1.864224
0.279467 0.961616 259.800000 -0.361045 1.712086
0.279366 0.963268 259.900000 -0.189836 -3.242375
0.279310 0.963075 260.000000 -0.514074 0.962397
0.279236 0.964058 260.100000 -0.417834 -2.652817
0.279218 0.964147 260.200000 -0.683116 -1.546330
0.279246 0.964185 260.300000 -0.837749 1.459577
0.279230 0.963919 260.400000 -0.691791 -0.733599
0.279235 0.964648 260.500000 -0.765151 2.393259
0.279181 0.965179 260.600000 -0.525825 -2.167908
0.279180 0.964811 260.700000 -0.742616 -0.115668
0.279182 0.964445 260.800000 -0.754183 0.125617
0.279180 0.964365 260.900000 -0.741621 -1.229018
0.279217 0.964376 261.000000 -0.864523 -1.409624
0.279303 0.964570 261.100000 -1.005485 -1.716400
0.279462 0.965080 261.200000 -1.177125 2.143131
0.279532 0.964763 261.300000 -0.962812 -0.522608
0.279622 0.964397 261.400000 -1.015073 -0.115411
0.279717 0.964405 261.500000 -1.026614 1.404995
0.279760 0.964717 261.600000 -0.886114 1.886336
0.279746 0.965379 261.700000 -0.697481 2.323420
0.279680 0.965011 261.800000 -0.465139 0.020554
0.279614 0.966095 261.900000 -0.463083 -2.759284
0.279612 0.966196 262.000000 -0.739012 -1.568891
0.279658 0.965897 262.100000 -0.895901 -0.603004
0.279726 0.965686 262.200000 -0.956201 -0.906321
0.279828 0.965402 262.300000 -1.046833 -0.663894
0.279958 0.965127 262.400000 -1.113223 -0.699719
0.280118 0.964982 262.500000 -1.183195 -1.080304
0.280328 0.964625 262.600000 -1.291225 -0.239437
0.280551 0.964438 262.700000 -1.315169 0.972851
0.280726 0.964294 262.800000 -1.217884 1.082967
0.280853 0.964065 262.900000 -1.109587 0.848178
0.280946 0.963710 263.000000 -1.024769 -0.252466
0.281049 0.963851 263.100000 -1.050016 -1.634014
0.281222 0.963546 263.200000 -1.213417 0.563377
0.281369 0.963306 263.300000 -1.157079 0.815619
0.281482 0.962969 263.400000 -1.075517 -0.390281
0.281611 0.962810 263.500000 -1.114545 1.042393
0.281698 0.962535 263.600000 -1.010306 -0.687064
0.281811 0.962931 263.700000 -1.079013 -2.004348
0.282015 0.963676 263.800000 -1.279447 2.420512
0.282112 0.963427 263.900000 -1.037396 0.780636
0.282179 0.963167 264.000000 -0.959333 0.744593
0.282221 0.962940 264.100000 -0.884873 -0.853407
0.282292 0.964447 264.200000 -0.970214 3.144659
0.282266 0.964119 264.300000 -0.655748 -0.443386
0.282252 0.964553 264.400000 -0.700087 -2.055705
0.282301 0.964555 264.500000 -0.905657 1.391483
0.282305 0.964342 264.600000 -0.766509 0.897395
0.282285 0.963994 264.700000 -0.676769 -0.285946
0.282272 0.963656 264.800000 -0.705364 0.370509
0.282250 0.963337 264.900000 -0.668313 -0.490025
0.282241 0.963222 265.000000 -0.717316 1.147299
0.282203 0.963071 265.100000 -0.602586 1.059925
0.282143 0.963354 265.200000 -0.496593 1.851345
0.282055 0.963344 265.300000 -0.311459 1.370280
0.281954 0.963012 265.400000 -0.174431 0.402995
0.281851 0.963918 265.500000 -0.134131 -2.596087
0.281774 0.964433 265.600000 -0.393740 2.158831
0.281674 0.966196 265.700000 -0.177857 3.362005
0.281573 0.965861 265.800000 0.158344 0.389790
0.281475 0.965553 265.900000 0.197323 -0.538299
0.281373 0.965859 266.000000 0.143493 -1.887195
0.281267 0.965561 266.100000 -0.045227 0.589504
0.281162 0.965224 266.200000 0.013724 -0.369827
0.281056 0.964863 266.300000 -0.023259 0.066796
0.280951 0.966030 266.400000 -0.016579 -2.854669
0.280863 0.966204 266.500000 -0.302046 -1.691270
0.280799 0.966172 266.600000 -0.471173 -1.326474
0.280762 0.966893 266.700000 -0.603821 -2.404555
0.280790 0.967219 266.800000 -0.844276 -1.916821
0.280886 0.966869 266.900000 -1.035958 -0.256813
0.280992 0.966546 267.000000 -1.061640 0.454792
0.281080 0.966998 267.100000 -1.016160 2.084901
0.281097 0.966713 267.200000 -0.807670 0.643582
0.281095 0.967721 267.300000 -0.743312 2.706312
0.281032 0.967444 267.400000 -0.472681 -0.671387
0.280981 0.967233 267.500000 -0.539820 0.899474
0.280914 0.967285 267.600000 -0.449872 1.486198
0.280826 0.967210 267.700000 -0.301252 1.239640
0.280727 0.967052 267.800000 -0.177288 -1.041442
0.280637 0.966967 267.900000 -0.281433 1.216010
0.280537 0.967117 268.000000 -0.159832 -1.655754
0.280453 0.966775 268.100000 -0.325407 0.313290
0.280364 0.967176 268.200000 -0.294078 2.021250
0.280261 0.967036 268.300000 -0.091953 1.086669
0.280157 0.967022 268.400000 0.016714 1.364545
0.280057 0.967616 268.500000 0.153168 2.263203
0.279980 0.967835 268.600000 0.379489 -1.764700
0.279883 0.967738 268.700000 0.203019 -1.189632
0.279780 0.967378 268.800000 0.084056 0.011703
0.279678 0.967399 268.900000 0.085226 -1.429256
0.279574 0.967207 269.000000 -0.057700 -0.950512
0.279475 0.967142 269.100000 -0.152751 1.259612
0.279371 0.966825 269.200000 -0.026790 -0.475197
0.279268 0.966470 269.300000 -0.074309 -0.140852
0.279166 0.966257 269.400000 -0.088395 -0.884832
0.279069 0.966301 269.500000 -0.176878 -1.474228
0.278985 0.966063 269.600000 -0.324301 -0.803820
0.278912 0.966100 269.700000 -0.404683 -1.459995
0.278864 0.965825 269.800000 -0.550682 -0.670923
0.278832 0.966213 269.900000 -0.617774 2.006384
0.278761 0.965984 270.000000 -0.417136 -0.833678
0.278704 0.965832 270.100000 -0.500504 -1.054394
0.278669 0.965937 270.200000 -0.605943 1.581493
0.278603 0.966140 270.300000 -0.447794 1.740388
0.278514 0.965850 270.400000 -0.273755 0.601665
0.278419 0.965515 270.500000 -0.213588 -0.341617
0.278328 0.966282 270.600000 -0.247750 2.466473
0.278225 0.965937 270.700000 -0.001103 0.254482
0.278122 0.965725 270.800000 0.024345 -0.885720
0.278020 0.965484 270.900000 -0.064227 -0.789228
0.277922 0.965178 271.000000 -0.143149 -0.521610
0.277826 0.964864 271.100000 -0.195310 -0.480425
0.277735 0.964561 271.200000 -0.243353 -0.533149
0.277649 0.964224 271.300000 -0.296668 -0.318815
0.277566 0.964169 271.400000 -0.328549 1.276237
0.277471 0.964113 271.500000 -0.200926 -1.274254
0.277389 0.963825 271.600000 -0.328351 0.603867
0.277300 0.964055 271.700000 -0.267964 1.782746
0.277200 0.964083 271.800000 -0.089690 -1.442351
0.277108 0.965463 271.900000 -0.233925 -3.071741
0.277060 0.965180 272.000000 -0.541099 -0.623702
0.277025 0.965021 272.100000 -0.603469 1.031051
0.276969 0.964677 272.200000 -0.500364 0.237644
0.276909 0.964754 272.300000 -0.476600 -1.532616
0.276880 0.964681 272.400000 -0.629861 1.238064
0.276826 0.965523 272.500000 -0.506055 2.553168
0.276736 0.965811 272.600000 -0.250738 1.872371
0.276635 0.965690 272.700000 -0.063501 1.126524
0.276534 0.966475 272.800000 0.049151 2.492844
0.276449 0.966243 272.900000 0.298436 0.816233
0.276374 0.967202 273.000000 0.380059 -2.678295
0.276276 0.966924 273.100000 0.112230 -0.644754
0.276175 0.966571 273.200000 0.047754 -0.067703
0.276074 0.966364 273.300000 0.040984 0.893149
0.275976 0.966231 273.400000 0.130299 -1.098013
0.275876 0.965932 273.500000 0.020498 -0.546491
0.275775 0.965896 273.600000 -0.034151 -1.316180
0.275679 0.965614 273.700000 -0.165769 0.622311
0.275581 0.965359 273.800000 -0.103538 0.732021
0.275480 0.965007 273.900000 -0.030336 -0.000344
0.275380 0.965342 274.000000 -0.030371 1.941686
0.275284 0.964990 274.100000 0.163798 -0.015659
0.275189 0.965039 274.200000 0.162232 -1.481703
0.275088 0.964940 274.300000 0.014062 1.178304
0.274991 0.964637 274.400000 0.131892 0.515766
0.274897 0.964346 274.500000 0.183469 -0.578338
0.274800 0.964204 274.600000 0.125635 -1.069895
0.274700 0.963887 274.700000 0.018645 -0.433308
0.274600 0.965025 274.800000 -0.024685 -2.860617
0.274518 0.964843 274.900000 -0.310747 -0.965250
0.274449 0.964557 275.000000 -0.407272 -0.596228
0.274388 0.964211 275.100000 -0.466895 0.151157
0.274326 0.964368 275.200000 -0.451779 -1.670766
0.274296 0.964518 275.300000 -0.618856 1.660672
0.274233 0.964582 275.400000 -0.452789 1.509592
0.274150 0.964547 275.500000 -0.301829 -1.318183
0.274085 0.964367 275.600000 -0.433648 -0.968036
0.274037 0.964500 275.700000 -0.530451 -1.631420
0.274025 0.964150 275.800000 -0.693593 -0.030006
0.274013 0.964497 275.900000 -0.696594 1.960024
0.273959 0.964254 276.000000 -0.500592 0.765958
0.273893 0.965325 276.100000 -0.423996 -2.801332
0.273883 0.964981 276.200000 -0.704129 0.172725
0.273869 0.965194 276.300000 -0.686856 -1.762614
0.273905 0.964857 276.400000 -0.863118 0.251543
0.273933 0.965254 276.500000 -0.837964 2.031089
0.273907 0.965155 276.600000 -0.634855 -1.176765
0.273910 0.965308 276.700000 -0.752531 1.666377
0.273873 0.965209 276.800000 -0.585893 1.175135
0.273814 0.964981 276.900000 -0.468380 0.818800
0.273742 0.964639 277.000000 -0.386500 0.189591
0.273668 0.964412 277.100000 -0.367541 0.816634
0.273584 0.964244 277.200000 -0.285877 0.999890
0.273491 0.963984 277.300000 -0.185888 0.697258
0.273395 0.964552 277.400000 -0.116163 2.254099
0.273299 0.964240 277.500000 0.109247 -0.438798
0.273201 0.964128 277.600000 0.065367 1.142929
0.273109 0.963780 277.700000 0.179660 0.001443
0.273016 0.963513 277.800000 0.179805 -0.663377
0.272920 0.963196 277.900000 0.113467 -0.404557
0.272823 0.962979 278.000000 0.073011 -0.849867
0.272725 0.962819 278.100000 -0.011975 1.017666
0.272629 0.962976 278.200000 0.089791 1.673218
0.272543 0.962652 278.300000 0.257113 0.346668
0.272460 0.962978 278.400000 0.291780 -1.934613
0.272364 0.962717 278.500000 0.098318 -0.684459
0.272266 0.962490 278.600000 0.029873 0.813086
0.272171 0.962305 278.700000 0.111181 -0.945613
0.272073 0.961985 278.800000 0.016620 -0.376275
0.271976 0.961986 278.900000 -0.021008 1.389166
0.271881 0.961943 279.000000 0.117909 -1.297602
0.271784 0.961628 279.100000 -0.011851 -0.402978
0.271687 0.961655 279.200000 -0.052149 -1.440767
0.271597 0.962874 279.300000 -0.196226 2.955630
0.271501 0.962774 279.400000 0.099337 1.169535
0.271412 0.962442 279.500000 0.216291 -0.256271
0.271322 0.963147 279.600000 0.190664 2.422113
0.271258 0.962841 279.700000 0.432875 -0.462842
0.271188 0.964571 279.800000 0.386591 -3.407343
0.271092 0.966464 279.900000 0.045857 3.540250
0.271023 0.966271 280.000000 0.399882 -0.922906
0.270944 0.966896 280.100000 0.307591 -2.330605
0.270848 0.966936 280.200000 0.074530 -1.470018
0.270752 0.968835 280.300000 -0.072471 -3.547059
0.270688 0.968506 280.400000 -0.427177 -0.306457
0.270629 0.968166 280.500000 -0.457823 -0.170185
0.270573 0.968013 280.600000 -0.474841 1.036495
0.270501 0.967770 280.700000 -0.371192 0.759019
0.270420 0.967427 280.800000 -0.295290 0.093009
0.270339 0.969495 280.900000 -0.285989 3.681580
0.270244 0.969223 281.000000 0.082169 0.642486
0.270151 0.971140 281.100000 0.146417 3.566228
0.270100 0.971057 281.200000 0.503040 1.214182
0.270074 0.970725 281.300000 0.624458 -0.275278
0.270041 0.970382 281.400000 0.596931 0.101115
0.270010 0.971980 281.500000 0.607042 3.307071
0.270071 0.971638 281.600000 0.937749 0.135074
0.270135 0.971325 281.700000 0.951257 0.423300
0.270215 0.971017 281.800000 0.993587 -0.454382
0.270278 0.972286 281.900000 0.948148 3.017032
0.270459 0.972344 282.000000 1.249852 -1.506173
0.270578 0.972043 282.100000 1.099234 -0.498855
0.270677 0.971891 282.200000 1.049349 -1.041714
0.270739 0.971547 282.300000 0.945177 -0.019990
0.270801 0.973376 282.400000 0.943178 3.503608
0.271001 0.973092 282.500000 1.293539 -0.583356
0.271175 0.972792 282.600000 1.235204 -0.499384
0.271327 0.973716 282.700000 1.185265 2.678962
0.271605 0.973802 282.800000 1.453161 1.559475
0.271966 0.973785 282.900000 1.609109 -1.361192
0.272253 0.976412 283.000000 1.472990 -4.100908
0.272357 0.976172 283.100000 1.062899 -0.773660
0.272432 0.975862 283.200000 0.985533 -0.436549
0.272492 0.975628 283.300000 0.941878 0.794190
0.272580 0.977492 283.400000 1.021297 -3.537823
0.272563 0.977148 283.500000 0.667515 0.083656
0.272547 0.976805 283.600000 0.675880 -0.089969
0.272529 0.976697 283.700000 0.666883 -1.156065
0.272487 0.976520 283.800000 0.551277 0.974288
0.272465 0.976205 283.900000 0.648706 0.403781
0.272453 0.976544 284.000000 0.689084 1.970274
0.272495 0.976201 284.100000 0.886111 0.037915
0.272538 0.977049 284.200000 0.889903 -2.603307
0.272512 0.979865 284.300000 0.629572 4.239263
0.272612 0.979572 284.400000 1.053498 -0.536998
0.272691 0.979815 284.500000 0.999799 -1.829234
0.272713 0.979820 284.600000 0.816875 1.409966
0.272778 0.979589 284.700000 0.957872 -0.800288
0.272818 0.979299 284.800000 0.877843 -0.557541
0.272840 0.980958 284.900000 0.822089 -3.377981
0.272786 0.981090 285.000000 0.484291 -1.647925
0.272708 0.980842 285.100000 0.319498 -0.738961
0.272623 0.980567 285.200000 0.245602 -0.628214
0.272533 0.980224 285.300000 0.182781 0.043257
0.272444 0.979945 285.400000 0.187106 -0.605400
0.272352 0.979735 285.500000 0.126566 -0.873429
0.272256 0.979785 285.600000 0.039223 -1.499074
0.272163 0.981081 285.700000 -0.110684 -3.060578
0.272099 0.981850 285.800000 -0.416742 2.521921
0.272008 0.982005 285.900000 -0.164550 -1.688375
0.271932 0.981759 286.000000 -0.333387 0.744129
0.271849 0.981912 286.100000 -0.258974 -1.684407
0.271786 0.981595 286.200000 -0.427415 0.387304
0.271718 0.981316 286.300000 -0.388685 0.603778
0.271642 0.980973 286.400000 -0.328307 -0.004948
0.271566 0.980691 286.500000 -0.328802 0.587587
0.271484 0.980434 286.600000 -0.270043 -0.698995
0.271409 0.980880 286.700000 -0.339942 2.125074
0.271317 0.980692 286.800000 -0.127435 -0.941261
0.271231 0.980374 286.900000 -0.221561 -0.367881
0.271149 0.980057 287.000000 -0.258349 0.375591
0.271063 0.980252 287.100000 -0.220790 -1.755033
0.270996 0.982782 287.200000 -0.396293 4.061694
0.270901 0.983269 287.300000 0.009876 2.182335
0.270816 0.983440 287.400000 0.228109 1.717744
0.270750 0.983369 287.500000 0.399884 1.247447
0.270703 0.984450 287.600000 0.524629 -2.861430
0.270619 0.984111 287.700000 0.238486 0.128170
0.270536 0.983781 287.800000 0.251303 0.270902
0.270456 0.983592 287.900000 0.278393 0.936525
0.270386 0.984656 288.000000 0.372045 2.845565
0.270367 0.984895 288.100000 0.656602 1.828835
0.270395 0.984672 288.200000 0.839485 0.829869
0.270449 0.986610 288.300000 0.922472 -3.625317
0.270410 0.986379 288.400000 0.559941 0.803276
0.270387 0.986382 288.500000 0.640268 -1.409438
0.270337 0.986700 288.600000 0.499324 1.951366
0.270326 0.986361 288.700000 0.694461 0.134983
0.270320 0.986251 288.800000 0.707959 -1.154802
0.270287 0.986704 288.900000 0.592479 -2.143505
0.270218 0.987216 289.000000 0.378129 2.220839
0.270187 0.989976 289.100000 0.600213 -4.235555
0.270099 0.989717 289.200000 0.176657 -0.691424
0.270008 0.989375 289.300000 0.107515 -0.062012
0.269916 0.989672 289.400000 0.101313 1.922552
0.269838 0.989426 289.500000 0.293569 -0.746561
0.269753 0.989524 289.600000 0.218913 1.595901
0.269685 0.990961 289.700000 0.378503 -3.210586
0.269592 0.991049 289.800000 0.057444 -1.578268
0.269501 0.990727 289.900000 -0.100383 -0.337779
0.269411 0.990386 290.000000 -0.134161 0.035666
0.269321 0.990311 290.100000 -0.130594 1.242665
0.269228 0.989972 290.200000 -0.006327 -0.113673
0.269136 0.989631 290.300000 -0.017695 0.012557
0.269043 0.989436 290.400000 -0.016439 0.920960
0.268952 0.989219 290.500000 0.075657 -0.846805
0.268859 0.989347 290.600000 -0.009024 -1.650166
0.268772 0.990520 290.700000 -0.174040 -2.966225
0.268717 0.990584 290.800000 -0.470663 -1.534361
0.268692 0.990474 290.900000 -0.624099 1.157480
0.268644 0.990153 291.000000 -0.508351 0.339420
0.268591 0.990077 291.100000 -0.474409 -1.239696
0.268560 0.989896 291.200000 -0.598378 -0.961411
0.268550 0.990841 291.300000 -0.694519 2.736585
0.268489 0.990534 291.400000 -0.420861 -0.435290
0.268434 0.991802 291.500000 -0.464390 -3.061967
0.268443 0.991532 291.600000 -0.770587 -0.638604
0.268471 0.991948 291.700000 -0.834447 2.101263
0.268445 0.991660 291.800000 -0.624321 -0.548715
0.268432 0.991321 291.900000 -0.679192 -0.054093
0.268421 0.991004 292.000000 -0.684601 -0.359906
0.268418 0.990671 292.100000 -0.720592 -0.198421
0.268420 0.990360 292.200000 -0.740434 0.405174
0.268412 0.990336 292.300000 -0.699917 1.355766
0.268374 0.990508 292.400000 -0.564340 1.727729
0.268309 0.993122 292.500000 -0.391567 -4.157136
0.268329 0.994220 292.600000 -0.807281 -2.900530
0.268443 0.993922 292.700000 -1.097334 -0.489199
0.268575 0.994431 292.800000 -1.146254 -2.230383
0.268803 0.994262 292.900000 -1.369292 -0.998344
0.269080 0.994708 293.000000 -1.469126 -2.145017
0.269472 0.994472 293.100000 -1.683628 -0.777153
0.269909 0.994133 293.200000 -1.761344 0.069505
0.270341 0.993796 293.300000 -1.754393 -0.090667
0.270779 0.993710 293.400000 -1.763460 1.219188
0.271145 0.993474 293.500000 -1.641541 0.774441
0.271470 0.993376 293.600000 -1.564097 1.188111
0.271733 0.993072 293.700000 -1.445286 -0.443264
0.272018 0.992995 293.800000 -1.489612 -1.240479
0.272368 0.993470 293.900000 -1.613660 2.184978
0.272606 0.993779 294.000000 -1.395162 1.950380
0.272758 0.993470 294.100000 -1.200124 -0.413512
0.272928 0.993336 294.200000 -1.241476 -1.094549
0.273145 0.993855 294.300000 -1.350931 -2.245723
0.273474 0.993901 294.400000 -1.575503 1.503616
0.273725 0.993735 294.500000 -1.425141 -1.005487
0.274027 0.993473 294.600000 -1.525690 0.664646
0.274296 0.993371 294.700000 -1.459225 1.176450
0.274508 0.993086 294.800000 -1.341580 0.554674
0.274695 0.994904 294.900000 -1.286113 -3.565061
0.275059 0.994874 295.000000 -1.642619 1.346771
0.275351 0.994586 295.100000 -1.507942 -0.540030
0.275671 0.995018 295.200000 -1.561945 2.131005
0.275886 0.995172 295.300000 -1.348844 1.701502
0.276027 0.994835 295.400000 -1.178694 -0.021749
0.276170 0.994874 295.500000 -1.180869 -1.490086
0.276375 0.994538 295.600000 -1.329878 -0.001627
0.276581 0.994628 295.700000 -1.330040 1.588181
0.276719 0.994430 295.800000 -1.171222 -0.905548
0.276895 0.994624 295.900000 -1.261777 -1.770901
0.277151 0.994340 296.000000 -1.438867 -0.555756
0.277434 0.994013 296.100000 -1.494443 0.222527
0.277706 0.993679 296.200000 -1.472190 0.095987
0.277974 0.993383 296.300000 -1.462591 -0.485058
0.278265 0.994708 296.400000 -1.511097 -3.137410
0.278732 0.994933 296.500000 -1.824838 1.823243
0.279093 0.994714 296.600000 -1.642514 0.829213
0.279409 0.994643 296.700000 -1.559593 -1.253849
0.279793 0.994368 296.800000 -1.684978 0.593413
0.280144 0.994078 296.900000 -1.625636 -0.516148
0.280523 0.994123 297.000000 -1.677251 1.501256
0.280821 0.994074 297.100000 -1.527125 -1.303092
0.281188 0.993783 297.200000 -1.657435 0.508244
0.281528 0.994648 297.300000 -1.606610 -2.670913
0.282023 0.994315 297.400000 -1.873702 -0.105015
0.282525 0.994078 297.500000 -1.884203 -0.759464
0.283075 0.993774 297.600000 -1.960149 -0.423199
0.283653 0.993442 297.700000 -2.002469 -0.070805
0.284236 0.993120 297.800000 -2.009550 -0.265548
0.284836 0.992919 297.900000 -2.036105 -0.886896
0.285498 0.992832 298.000000 -2.124794 1.211010
0.286075 0.992570 298.100000 -2.003693 0.653144
0.286609 0.992556 298.200000 -1.938379 1.378251
0.287056 0.992449 298.300000 -1.800554 -1.160423
0.287576 0.992122 298.400000 -1.916596 0.179299
0.288083 0.991802 298.500000 -1.898666 -0.275810
0.288608 0.992909 298.600000 -1.926247 2.931993
0.288957 0.992622 298.700000 -1.633048 0.517416
0.289279 0.992727 298.800000 -1.581306 -1.616740
0.289690 0.992512 298.900000 -1.742980 -0.836790
0.290151 0.992194 299.000000 -1.826659 0.287062
0.290594 0.992046 299.100000 -1.797953 1.047932
0.290976 0.991772 299.200000 -1.693160 0.585778
0.291325 0.991537 299.300000 -1.634582 0.762480
0.291633 0.991345 299.400000 -1.558334 0.909677
0.291895 0.991340 299.500000 -1.467366 -1.397644
0.292229 0.991014 299.600000 -1.607131 -0.176582
0.292572 0.990715 299.700000 -1.624789 0.435670
0.292891 0.990620 299.800000 -1.581222 -1.188805
0.293275 0.990911 299.900000 -1.700102 1.929413
0.293556 0.993060 300.000000 -1.507161 -3.857505
0.294055 0.992752 300.100000 -1.892912 -0.369629
0.294577 0.992445 300.200000 -1.929874 0.380096
0.295075 0.992276 300.300000 -1.891865 -0.985793
0.295636 0.992392 300.400000 -1.990444 1.636030
0.296092 0.993380 300.500000 -1.826841 2.815208
0.296391 0.993301 300.600000 -1.545320 -1.229806
0.296755 0.993118 300.700000 -1.668301 -0.942127
0.297173 0.993493 300.800000 -1.762514 -2.059658
0.297718 0.993204 300.900000 -1.968479 -0.495202
0.298295 0.992893 301.000000 -2.018000 0.339674
0.298849 0.992813 301.100000 -1.984032 -1.226769
0.299487 0.992484 301.200000 -2.106709 -0.045932
0.300127 0.992209 301.300000 -2.111302 -0.570137
0.300807 0.992816 301.400000 -2.168316 -2.376307
0.301667 0.992745 301.500000 -2.405947 1.248836
0.302429 0.992730 301.600000 -2.281063 -1.376513
0.303298 0.992480 301.700000 -2.418714 -0.688204
0.304223 0.992215 301.800000 -2.487535 0.621096
0.305096 0.991949 301.900000 -2.425425 -0.612046
0.306018 0.991715 302.000000 -2.486630 0.758318
0.306878 0.991751 302.100000 -2.410798 1.483459
0.307624 0.991450 302.200000 -2.262452 -0.404794
0.308399 0.991281 302.300000 -2.302931 0.978931
0.309100 0.990964 302.400000 -2.205038 0.251091
0.309784 0.990857 302.500000 -2.179929 1.156319
0.310385 0.991394 302.600000 -2.064297 -2.286774
0.311151 0.991344 302.700000 -2.292975 1.296734
0.311821 0.991088 302.800000 -2.163301 -0.655799
0.312537 0.990977 302.900000 -2.228881 1.146619
0.313172 0.991027 303.000000 -2.114219 1.511596
0.313704 0.992055 303.100000 -1.963060 2.865737
0.314064 0.991761 303.200000 -1.676486 0.451695
0.314399 0.992119 303.300000 -1.631317 -2.038510
0.314850 0.991886 303.400000 -1.835168 -0.752875
0.315347 0.991643 303.500000 -1.910455 -0.713428
0.315890 0.991328 303.600000 -1.981798 0.260858
0.316416 0.991047 303.700000 -1.955712 0.526617
0.316908 0.990864 303.800000 -1.903050 -0.931976
0.317459 0.990548 303.900000 -1.996248 -0.252602
0.318026 0.990461 304.000000 -2.021508 -1.204527
0.318676 0.990142 304.100000 -2.141961 0.203525
0.319311 0.990029 304.200000 -2.121608 -1.136470
0.320026 0.989705 304.300000 -2.235255 0.092984
0.320735 0.989655 304.400000 -2.225957 -1.292360
0.321540 0.989333 304.500000 -2.355193 -0.136616
0.322355 0.989345 304.600000 -2.368855 -1.432727
0.323285 0.989026 304.700000 -2.512127 -0.194060
0.324230 0.988726 304.800000 -2.531533 -0.379957
0.325206 0.988800 304.900000 -2.569529 1.559431
0.326054 0.988780 305.000000 -2.413586 -1.362701
0.327012 0.988498 305.100000 -2.549856 0.506165
0.327928 0.988467 305.200000 -2.499239 1.335856
0.328737 0.988229 305.300000 -2.365654 -0.723694
0.329602 0.988211 305.400000 -2.438023 -1.365234
0.330579 0.987999 305.500000 -2.574547 0.827618
0.331486 0.987808 305.600000 -2.491785 -0.896923
0.332467 0.987506 305.700000 -2.581477 -0.363782
0.333479 0.989214 305.800000 -2.617855 3.524978
0.334209 0.989078 305.900000 -2.265358 1.068739
0.334860 0.989091 306.000000 -2.158484 1.434067
0.335414 0.989179 306.100000 -2.015077 1.587352
0.335867 0.988888 306.200000 -1.856342 0.445376
0.336293 0.989141 306.300000 -1.811804 1.877863
0.336614 0.988874 306.400000 -1.624018 -0.583829
0.336965 0.988796 306.500000 -1.682401 -1.224454
0.337387 0.988475 306.600000 -1.804846 0.106935
0.337801 0.988426 306.700000 -1.794153 1.293313
0.338143 0.988105 306.800000 -1.664821 -0.070143
0.338488 0.987793 306.900000 -1.671835 -0.255766
0.338847 0.987474 307.000000 -1.697412 -0.106863
0.339211 0.987171 307.100000 -1.708098 0.340825
0.339557 0.987047 307.200000 -1.674016 -1.101272
0.339964 0.987181 307.300000 -1.784143 1.672298
0.340279 0.986867 307.400000 -1.616913 -0.203620
0.340604 0.986702 307.500000 -1.637275 0.980295
0.340878 0.986501 307.600000 -1.539246 -0.857588
0.341196 0.986509 307.700000 -1.625005 1.423172
0.341443 0.988825 307.800000 -1.482687 4.029262
0.341521 0.988993 307.900000 -1.079761 1.734628
0.341543 0.988673 308.000000 -0.906298 0.065646
0.341564 0.989899 308.100000 -0.899734 -3.088145
0.341690 0.989637 308.200000 -1.208548 -0.604547
0.341840 0.989429 308.300000 -1.269003 0.834979
0.341957 0.989167 308.400000 -1.185505 0.599184
0.342052 0.988863 308.500000 -1.125586 0.318316
0.342135 0.989357 308.600000 -1.093755 2.242414
0.342146 0.989036 308.700000 -0.869513 0.016997
0.342157 0.988717 308.800000 -0.867814 0.080792
0.342166 0.988455 308.900000 -0.859735 -0.596761
0.342192 0.988564 309.000000 -0.919411 1.627809
0.342174 0.988247 309.100000 -0.756630 -0.142805
0.342160 0.987980 309.200000 -0.770910 0.567749
0.342132 0.987733 309.300000 -0.714135 -0.671569
0.342120 0.988411 309.400000 -0.781292 -2.483386
0.342180 0.989675 309.500000 -1.029631 -3.131496
0.342361 0.989758 309.600000 -1.342780 1.579049
0.342477 0.989453 309.700000 -1.184876 -0.294348
0.342604 0.989277 309.800000 -1.214310 0.942423
0.342696 0.989014 309.900000 -1.120068 0.593225
0.342767 0.988696 310.000000 -1.060746 -0.060552
0.342840 0.988522 310.100000 -1.066801 -0.947217
0.342947 0.988286 310.200000 -1.161522 -0.716809
0.343081 0.988848 310.300000 -1.233203 2.338139
0.343132 0.988863 310.400000 -0.999389 1.437688
0.343139 0.988584 310.500000 -0.855621 -0.500134
0.343161 0.988445 310.600000 -0.905634 1.052770
0.343153 0.988241 310.700000 -0.800357 -0.842694
0.343169 0.988144 310.800000 -0.884626 -1.172892
0.343220 0.988883 310.900000 -1.001915 2.563189
0.343199 0.989113 311.000000 -0.745597 1.847189
0.343139 0.988960 311.100000 -0.560878 1.012414
0.343063 0.989380 311.200000 -0.459636 2.143244
0.342962 0.989850 311.300000 -0.245312 -2.214100
0.342887 0.989794 311.400000 -0.466722 -1.276762
0.342834 0.989481 311.500000 -0.594398 0.173043
0.342777 0.989166 311.600000 -0.577094 0.127372
0.342718 0.988849 311.700000 -0.564357 -0.019050
0.342660 0.989229 311.800000 -0.566262 -2.085945
0.342646 0.988959 311.900000 -0.774856 0.540905
0.342620 0.988714 312.000000 -0.720766 0.668364
0.342579 0.988436 312.100000 -0.653929 0.495134
0.342527 0.988162 312.200000 -0.604416 0.513543
0.342467 0.987921 312.300000 -0.553062 -0.685957
0.342419 0.987892 312.400000 -0.621657 1.339082
0.342347 0.988371 312.500000 -0.487749 -2.229964
0.342319 0.988077 312.600000 -0.710746 0.374247
0.342282 0.987763 312.700000 -0.673321 0.090273
0.342243 0.987803 312.800000 -0.664293 -1.491346
0.342239 0.987547 312.900000 -0.813428 0.614963
0.342220 0.987913 313.000000 -0.751932 2.065105
0.342158 0.987784 313.100000 -0.545421 -1.081613
0.342117 0.987499 313.200000 -0.653583 0.435141
0.342068 0.987242 313.300000 -0.610068 0.600881
0.342007 0.987023 313.400000 -0.549980 -0.777409
0.341960 0.986785 313.500000 -0.627721 -0.692497
0.341929 0.986684 313.600000 -0.696971 1.158802
0.341874 0.986451 313.700000 -0.581091 0.714709
0.341806 0.986156 313.800000 -0.509620 0.347896
0.341733 0.985895 313.900000 -0.474830 -0.572725
0.341670 0.986566 314.000000 -0.532103 -2.488131
0.341658 0.986895 314.100000 -0.780916 2.009461
0.341603 0.987184 314.200000 -0.579970 1.946761
0.341518 0.987516 314.300000 -0.385294 -2.015109
0.341464 0.987206 314.400000 -0.586805 -0.171948
0.341413 0.986987 314.500000 -0.603999 0.769558
0.341349 0.986863 314.600000 -0.527044 -1.092525
0.341305 0.986614 314.700000 -0.636296 0.639649
0.341248 0.986408 314.800000 -0.572331 0.821066
0.341178 0.986965 314.900000 -0.490225 2.341550
0.341080 0.986654 315.000000 -0.256070 0.109864
0.340982 0.986341 315.100000 -0.245083 -0.070449
0.340884 0.986297 315.200000 -0.252128 -1.300749
0.340799 0.986244 315.300000 -0.382203 1.281200
0.340701 0.986112 315.400000 -0.254083 1.067052
0.340596 0.986175 315.500000 -0.147378 -1.537973
0.340503 0.985898 315.600000 -0.301175 -0.473051
0.340414 0.985586 315.700000 -0.348480 -0.069928
0.340326 0.985504 315.800000 -0.355473 -1.205273
0.340255 0.985269 315.900000 -0.476000 -0.695792
0.340194 0.985069 316.000000 -0.545580 -0.840171
0.340149 0.984926 316.100000 -0.629597 -1.032021
0.340126 0.984675 316.200000 -0.732799 0.621623
0.340090 0.986421 316.300000 -0.670637 3.608100
0.339998 0.986149 316.400000 -0.309827 -0.499822
0.339911 0.986321 316.500000 -0.359809 -1.749724
0.339849 0.986520 316.600000 -0.534781 -1.798264
0.339822 0.986733 316.700000 -0.714608 1.822461
0.339759 0.987102 316.800000 -0.532361 2.076858
0.339669 0.987318 316.900000 -0.324676 -1.828754
0.339602 0.987036 317.000000 -0.507551 -0.428091
0.339543 0.986725 317.100000 -0.550360 0.023613
0.339483 0.986414 317.200000 -0.547999 -0.033386
0.339424 0.986337 317.300000 -0.551338 1.218048
0.339346 0.987031 317.400000 -0.429533 -2.525989
0.339313 0.987818 317.500000 -0.682132 -2.640635
0.339347 0.987652 317.600000 -0.946195 -0.957615
0.339411 0.987403 317.700000 -1.041957 -0.630303
0.339496 0.987456 317.800000 -1.104987 1.519490
0.339532 0.987675 317.900000 -0.953038 -1.834793
0.339629 0.987384 318.000000 -1.136517 -0.358426
0.339738 0.987109 318.100000 -1.172360 0.472334
0.339830 0.986809 318.200000 -1.125127 0.248504
0.339913 0.986517 318.300000 -1.100276 -0.341108
0.340009 0.986400 318.400000 -1.134387 -1.109083
0.340145 0.986372 318.500000 -1.245295 -1.337844
0.340337 0.986079 318.600000 -1.379080 -0.331640
0.340543 0.986027 318.700000 -1.412244 1.280081
0.340695 0.985753 318.800000 -1.284236 0.471025
0.340828 0.985513 318.900000 -1.237133 0.662926
0.340936 0.985578 319.000000 -1.170840 1.546105
0.340991 0.985298 319.100000 -1.016230 0.426715
0.341032 0.985038 319.200000 -0.973558 0.558270
0.341058 0.986336 319.300000 -0.917731 -3.202890
0.341191 0.986186 319.400000 -1.238021 1.006353
0.341286 0.985977 319.500000 -1.137385 -0.799136
0.341411 0.985817 319.600000 -1.217299 0.975790
0.341501 0.985694 319.700000 -1.119720 -1.086969
0.341630 0.985640 319.800000 -1.228417 -1.274761
0.341810 0.985662 319.900000 -1.355893 1.453655
0.341932 0.985354 320.000000 -1.210527 0.003860
0.342054 0.985092 320.100000 -1.210141 0.539874
0.342156 0.985089 320.200000 -1.156154 -1.396829
0.342311 0.984784 320.300000 -1.295837 0.129537
0.342461 0.984681 320.400000 -1.282883 1.143682
0.342567 0.984801 320.500000 -1.168515 1.655367
0.342617 0.984731 320.600000 -1.002978 1.232574
0.342631 0.984606 320.700000 -0.879721 1.080885
0.342617 0.984374 320.800000 -0.771632 0.693320
0.342587 0.984108 320.900000 -0.702300 0.509729
0.342547 0.983804 321.000000 -0.651327 0.132633
0.342503 0.983499 321.100000 -0.638064 0.080317
0.342459 0.983199 321.200000 -0.630033 -0.208278
0.342418 0.983177 321.300000 -0.650860 -1.350707
0.342407 0.983167 321.400000 -0.785931 1.379631
0.342366 0.983552 321.500000 -0.647968 -2.107693
0.342374 0.983341 321.600000 -0.858737 0.778396
0.342363 0.983746 321.700000 -0.780898 2.139454
0.342306 0.983599 321.800000 -0.566952 -1.009984
0.342269 0.983312 321.900000 -0.667951 -0.342859
0.342240 0.983007 322.000000 -0.702236 0.052596
0.342209 0.982765 322.100000 -0.696977 -0.637866
0.342192 0.982780 322.200000 -0.760763 -1.435207
0.342213 0.982663 322.300000 -0.904284 1.101576
0.342205 0.982368 322.400000 -0.794127 -0.248347
0.342203 0.982339 322.500000 -0.818961 -1.333045
0.342237 0.982205 322.600000 -0.952266 -1.048146
0.342304 0.982769 322.700000 -1.057080 -2.367270
0.342457 0.983819 322.800000 -1.293807 -2.957708
0.342742 0.983567 322.900000 -1.589578 0.584176
0.342999 0.983634 323.000000 -1.531160 1.548852
0.343186 0.983947 323.100000 -1.376275 -1.998511
0.343464 0.983651 323.200000 -1.576126 0.218873
0.343731 0.983767 323.300000 -1.554239 -1.648689
0.344082 0.985268 323.400000 -1.719108 3.417827
0.344269 0.985035 323.500000 -1.377325 0.680520
0.344427 0.984790 323.600000 -1.309273 -0.617580
0.344611 0.984544 323.700000 -1.371031 -0.614464
0.344821 0.984393 323.800000 -1.432478 -0.995347
0.345077 0.984771 323.900000 -1.532012 2.101844
0.345240 0.984535 324.000000 -1.321828 0.665842
0.345377 0.984284 324.100000 -1.255244 0.584439
0.345491 0.984521 324.200000 -1.196800 -1.871272
0.345680 0.984532 324.300000 -1.383927 1.428300
0.345811 0.984337 324.400000 -1.241097 0.841757
0.345910 0.984059 324.500000 -1.156921 -0.401340
0.346024 0.984471 324.600000 -1.197055 -2.155463
0.346225 0.984566 324.700000 -1.412602 1.607049
0.346360 0.984579 324.800000 -1.251897 -1.432562
0.346552 0.984504 324.900000 -1.395153 1.217945
0.346695 0.984226 325.000000 -1.273359 -0.401024
0.346854 0.983939 325.100000 -1.313461 0.323217
0.347000 0.984068 325.200000 -1.281139 -1.675439
0.347215 0.983770 325.300000 -1.448683 -0.173610
0.347439 0.983500 325.400000 -1.466044 0.453773
0.347642 0.983242 325.500000 -1.420667 -0.539579
0.347869 0.983038 325.600000 -1.474625 0.796114
0.348061 0.982779 325.700000 -1.395014 0.526316
0.348231 0.982536 325.800000 -1.342382 0.621329
0.348375 0.982239 325.900000 -1.280249 0.154251
0.348514 0.982161 326.000000 -1.264824 1.206591
0.348608 0.982312 326.100000 -1.144165 1.717392
0.348646 0.982731 326.200000 -0.972426 -2.169106
0.348756 0.983701 326.300000 -1.189336 2.880059
0.348773 0.984174 326.400000 -0.901330 2.248493
0.348736 0.983979 326.500000 -0.676481 0.834812
0.348683 0.983998 326.600000 -0.593000 1.445853
0.348608 0.984260 326.700000 -0.448415 1.917966
0.348511 0.984990 326.800000 -0.256618 2.597102
0.348404 0.984923 326.900000 0.003092 -1.237595
0.348300 0.984888 327.000000 -0.120667 1.319278
0.348194 0.984615 327.100000 0.011261 0.424088
0.348088 0.984463 327.200000 0.053669 -0.987052
0.347982 0.984338 327.300000 -0.045036 1.072762
0.347876 0.984451 327.400000 0.062240 -1.647074
0.347771 0.984223 327.500000 -0.102467 -0.687421
0.347670 0.983923 327.600000 -0.171209 0.063618
0.347568 0.984004 327.700000 -0.164847 1.580411
0.347462 0.983861 327.800000 -0.006806 -1.013655
0.347358 0.983826 327.900000 -0.108172 1.319204
0.347252 0.983531 328.000000 0.023749 -0.179534
0.347146 0.983310 328.100000 0.005795 -0.716203
0.347041 0.983368 328.200000 -0.065825 1.533014
0.346937 0.983070 328.300000 0.087476 0.098904
0.346832 0.982814 328.400000 0.097367 0.533616
0.346730 0.982670 328.500000 0.150728 1.010247
0.346634 0.982410 328.600000 0.251753 -0.502279
0.346535 0.983123 328.700000 0.201525 2.579243
0.346462 0.982923 328.800000 0.459449 -0.807054
0.346378 0.983756 328.900000 0.378744 2.729146
0.346338 0.983752 329.000000 0.651659 1.392805
0.346328 0.983457 329.100000 0.790939 0.157041
0.346321 0.983841 329.200000 0.806643 2.120462
0.346374 0.983676 329.300000 1.018689 0.938004
0.346456 0.983861 329.400000 1.112490 1.785626
0.346604 0.984159 329.500000 1.291052 -1.983996
0.346680 0.984061 329.600000 1.092653 1.148833
0.346796 0.984607 329.700000 1.207536 2.360098
0.347007 0.984879 329.800000 1.443546 -1.939620
0.347138 0.984763 329.900000 1.249584 1.097284
0.347313 0.984891 330.000000 1.359312 1.677515
0.347561 0.985094 330.100000 1.527064 1.820456
0.347898 0.985310 330.200000 1.709109 -1.843062
0.348144 0.985066 330.300000 1.524803 -0.597113
0.348364 0.985714 330.400000 1.465092 2.500817
0.348703 0.985499 330.500000 1.715174 0.742031
0.349082 0.986694 330.600000 1.789377 -3.142082
0.349305 0.986946 330.700000 1.475169 -1.908596
0.349449 0.986930 330.800000 1.284309 1.366326
0.349648 0.986724 330.900000 1.420942 -0.779443
0.349815 0.987203 331.000000 1.342997 2.268106
0.350081 0.986930 331.100000 1.569808 0.412803
0.350367 0.986817 331.200000 1.611088 1.106013
0.350709 0.986868 331.300000 1.721689 1.519713
0.351133 0.986583 331.400000 1.873661 -0.292737
0.351540 0.986386 331.500000 1.844387 -0.816832
0.351902 0.986357 331.600000 1.762704 1.334745
0.352338 0.986061 331.700000 1.896178 -0.082167
0.352769 0.985768 331.800000 1.887962 -0.158209
0.353190 0.985638 331.900000 1.872141 1.054650
0.353673 0.985633 332.000000 1.977606 1.392660
0.354241 0.985339 332.100000 2.116872 -0.124692
0.354800 0.985321 332.200000 2.104403 -1.361206
0.355276 0.985074 332.300000 1.968282 -0.574140
0.355719 0.984779 332.400000 1.910868 -0.070870
0.356157 0.984717 332.500000 1.903781 -1.248192
0.356525 0.984421 332.600000 1.778962 0.027740
0.356895 0.984323 332.700000 1.781736 1.147416
0.357328 0.984458 332.800000 1.896478 -1.692528
0.357669 0.984217 332.900000 1.727225 -0.603622
0.357978 0.983995 333.000000 1.666863 0.699120
0.358323 0.983829 333.100000 1.736775 -0.927899
0.358621 0.983687 333.200000 1.643985 1.012381
0.358971 0.983882 333.300000 1.745223 -1.807666
0.359230 0.983786 333.400000 1.564456 -1.152059
0.359437 0.983532 333.500000 1.449250 -0.518198
0.359622 0.983275 333.600000 1.397431 -0.505151
0.359786 0.983035 333.700000 1.346915 -0.605498
0.359926 0.982780 333.800000 1.286366 -0.507708
0.360047 0.982532 333.900000 1.235595 0.555874
0.360189 0.982438 334.000000 1.291182 -1.156504
0.360287 0.982362 334.100000 1.175532 1.207309
0.360431 0.982169 334.200000 1.296263 0.822825
0.360607 0.982358 334.300000 1.378545 -1.795685
0.360714 0.982792 334.400000 1.198977 -2.207165
0.360750 0.982759 334.500000 0.978260 1.321669
0.360826 0.982872 334.600000 1.110427 1.648263
0.360961 0.982912 334.700000 1.275253 1.495415
0.361156 0.982669 334.800000 1.424795 0.580192
0.361377 0.982423 334.900000 1.482814 -0.564590
0.361573 0.983295 335.000000 1.426355 -2.794659
0.361661 0.983569 335.100000 1.146889 1.949339
0.361822 0.983277 335.200000 1.341823 -0.105417
0.361978 0.983364 335.300000 1.331281 -1.596883
0.362075 0.983080 335.400000 1.171593 0.248737
0.362180 0.983471 335.500000 1.196467 2.142986
0.362368 0.983194 335.600000 1.410765 0.325980
0.362571 0.982950 335.700000 1.443363 0.570596
0.362798 0.983559 335.800000 1.500423 -2.460817
0.362924 0.983332 335.900000 1.254341 0.665069
0.363076 0.983213 336.000000 1.320848 -1.080026
0.363186 0.984884 336.100000 1.212845 -3.633696
0.363186 0.984619 336.200000 0.849476 0.433280
0.363196 0.984523 336.300000 0.892804 -1.150637
0.363178 0.984355 336.400000 0.777740 -0.914092
0.363140 0.984234 336.500000 0.686331 -1.075793
0.363082 0.984573 336.600000 0.578752 -2.061759
0.362995 0.985058 336.700000 0.372576 2.288551
0.362941 0.984937 336.800000 0.601431 -1.072861
0.362869 0.984937 336.900000 0.494145 -1.403210
0.362780 0.984900 337.000000 0.353824 -1.311489
0.362680 0.984663 337.100000 0.222675 -0.612071
0.362576 0.984476 337.200000 0.161468 -0.839542
0.362470 0.985276 337.300000 0.077514 2.714326
0.362381 0.985015 337.400000 0.348946 0.461272
0.362296 0.984737 337.500000 0.395074 -0.305756
0.362209 0.984762 337.600000 0.364498 1.462653
0.362140 0.984474 337.700000 0.510763 0.145214
0.362074 0.984194 337.800000 0.525285 0.271139
0.362012 0.984011 337.900000 0.552398 -0.855066
0.361937 0.983734 338.000000 0.466892 0.315448
0.361867 0.984998 338.100000 0.498437 -3.242277
0.361764 0.984759 338.200000 0.174209 0.598802
0.361665 0.984502 338.300000 0.234089 -0.477743
0.361564 0.984239 338.400000 0.186315 -0.435301
0.361460 0.984011 338.500000 0.142785 -0.652932
0.361354 0.983796 338.600000 0.077492 -0.715056
0.361247 0.983875 338.700000 0.005986 -1.581021
0.361144 0.984691 338.800000 -0.152116 2.738874
0.361040 0.984401 338.900000 0.121771 -0.057734
0.360935 0.984161 339.000000 0.115998 -0.580643
0.360829 0.984402 339.100000 0.057934 1.898132
0.360732 0.984144 339.200000 0.247747 -0.465423
0.360632 0.984048 339.300000 0.201205 -1.148954
0.360527 0.984060 339.400000 0.086309 -1.430887
0.360421 0.983908 339.500000 -0.056780 -0.969664
0.360318 0.983651 339.600000 -0.153746 0.469579
0.360214 0.984023 339.700000 -0.106788 2.120273
0.360110 0.983756 339.800000 0.105239 0.386745
0.360007 0.983797 339.900000 0.143914 1.498891
0.359914 0.983894 340.000000 0.293803 -1.620959
0.359810 0.983912 340.100000 0.131707 1.447141
0.359716 0.983753 340.200000 0.276421 0.938289
0.359630 0.983937 340.300000 0.370250 1.794993
0.359569 0.983711 340.400000 0.549749 0.657042
0.359519 0.984141 340.500000 0.615453 -2.211968
0.359436 0.984141 340.600000 0.394257 -1.403432
0.359340 0.983897 340.700000 0.253913 0.553291
0.359249 0.983639 340.800000 0.309242 -0.454000
0.359154 0.983635 340.900000 0.263843 -1.394305
0.359051 0.985216 341.000000 0.124412 3.570369
0.358980 0.984939 341.100000 0.481449 0.291628
0.358913 0.984651 341.200000 0.510612 0.005505
0.358846 0.984392 341.300000 0.511162 0.451284
0.358786 0.984122 341.400000 0.556291 -0.354633
0.358721 0.985203 341.500000 0.520827 -3.057773
0.358622 0.984979 341.600000 0.215050 0.666785
0.358529 0.984735 341.700000 0.281729 -0.547402
0.358432 0.984450 341.800000 0.226988 -0.144684
0.358334 0.985323 341.900000 0.212520 -2.817495
0.358230 0.985109 342.000000 -0.069230 0.711906
0.358125 0.985250 342.100000 0.001961 1.713836
0.358025 0.985089 342.200000 0.173345 -0.930741
0.357921 0.984803 342.300000 0.080270 0.118107
0.357818 0.984838 342.400000 0.092081 -1.484921
0.357714 0.984601 342.500000 -0.056411 -0.588744
0.357611 0.984467 342.600000 -0.115285 1.027048
0.357507 0.984217 342.700000 -0.012581 0.500097
0.357403 0.983932 342.800000 0.037429 0.122418
0.357299 0.983920 342.900000 0.049671 -1.374733
0.357196 0.984089 343.000000 -0.087802 -1.767667
0.357102 0.983951 343.100000 -0.264569 -1.009853
0.357018 0.984015 343.200000 -0.365554 -1.552178
0.356953 0.983782 343.300000 -0.520772 -0.603499
0.356898 0.983785 343.400000 -0.581122 -1.411147
0.356870 0.984096 343.500000 -0.722237 2.026447
0.356806 0.983810 343.600000 -0.519592 -0.055826
0.356742 0.983808 343.700000 -0.525175 -1.396939
0.356703 0.983623 343.800000 -0.664869 0.832553
0.356648 0.983337 343.900000 -0.581613 0.016426
0.356593 0.983124 344.000000 -0.579971 -0.707311
0.356551 0.982875 344.100000 -0.650702 -0.503031
0.356519 0.982627 344.200000 -0.701005 -0.508499
0.356498 0.982342 344.300000 -0.751855 -0.014080
0.356477 0.982149 344.400000 -0.753263 0.796006
0.356439 0.981864 344.500000 -0.673662 0.043703
0.356401 0.981640 344.600000 -0.669292 0.650785
0.356350 0.982661 344.700000 -0.604213 3.000435
0.356260 0.982948 344.800000 -0.304170 -1.986422
0.356194 0.983232 344.900000 -0.502812 -1.980519
0.356162 0.982948 345.000000 -0.700864 -0.096163
0.356132 0.983102 345.100000 -0.710480 -1.740494
0.356142 0.982938 345.200000 -0.884530 -0.910164
0.356176 0.982699 345.300000 -0.975546 0.562970
0.356196 0.982433 345.400000 -0.919249 0.357304
0.356205 0.982372 345.500000 -0.883519 -1.242679
0.356249 0.982295 345.600000 -1.007786 -1.195357
0.356330 0.982125 345.700000 -1.127322 0.891574
0.356383 0.981857 345.800000 -1.038165 -0.324086
0.356445 0.981973 345.900000 -1.070573 -1.664214
0.356563 0.981971 346.000000 -1.236995 -1.395258
0.356734 0.981720 346.100000 -1.376521 -0.475387
0.356924 0.981437 346.200000 -1.424059 -0.059178
0.357116 0.981192 346.300000 -1.429977 0.516536
0.357287 0.981044 346.400000 -1.378324 0.967496
0.357421 0.981150 346.500000 -1.281574 -1.643103
0.357619 0.980939 346.600000 -1.445884 0.705571
0.357789 0.980996 346.700000 -1.375327 1.534626
0.357901 0.980715 346.800000 -1.221865 0.127044
0.358009 0.980639 346.900000 -1.209160 -1.196160
0.358160 0.980780 347.000000 -1.328776 1.715971
0.358249 0.980869 347.100000 -1.157179 -1.604639
0.358396 0.980759 347.200000 -1.317643 -1.095781
0.358586 0.980872 347.300000 -1.427221 1.657190
0.358712 0.980622 347.400000 -1.261502 0.474185
0.358821 0.980344 347.500000 -1.214084 0.167871
0.358924 0.980128 347.600000 -1.197296 -0.677653
0.359051 0.980049 347.700000 -1.265062 -1.187425
0.359223 0.979990 347.800000 -1.383804 1.245237
0.359347 0.979841 347.900000 -1.259280 0.961236
0.359438 0.980441 348.000000 -1.163157 -2.476760
0.359621 0.980175 348.100000 -1.410833 -0.333621
0.359817 0.980480 348.200000 -1.444195 2.020695
0.359935 0.980199 348.300000 -1.242125 -0.058160
0.360055 0.980337 348.400000 -1.247941 1.709412
0.360119 0.980161 348.500000 -1.077000 -0.856709
0.360209 0.980262 348.600000 -1.162671 -1.632309
0.360358 0.979989 348.700000 -1.325902 0.236703
0.360498 0.979910 348.800000 -1.302232 -1.185792
0.360683 0.979705 348.900000 -1.420811 -0.726485
0.360900 0.979579 349.000000 -1.493459 -1.040820
0.361162 0.979364 349.100000 -1.597541 -0.677744
0.361455 0.979167 349.200000 -1.665316 0.763323
0.361713 0.978931 349.300000 -1.588983 0.551122
0.361946 0.979085 349.400000 -1.533871 -1.742531
0.362260 0.979480 349.500000 -1.708124 2.171989
0.362474 0.979364 349.600000 -1.490925 1.073748
0.362644 0.979206 349.700000 -1.383551 -0.923420
0.362852 0.979364 349.800000 -1.475893 -1.749426
0.363137 0.979133 349.900000 -1.650835 0.588057
0.363396 0.979582 350.000000 -1.592030 2.258340
0.363558 0.980270 350.100000 -1.366196 2.603061
0.363629 0.980116 350.200000 -1.105889 0.940177
0.363672 0.979846 350.300000 -1.011872 0.255534
0.363707 0.979606 350.400000 -0.986318 0.526889
0.363727 0.979377 350.500000 -0.933629 -0.595670
0.363764 0.980029 350.600000 -0.993196 -2.555922
0.363883 0.979843 350.700000 -1.248789 0.810222
0.363973 0.979622 350.800000 -1.167766 -0.636925
0.364086 0.979350 350.900000 -1.231459 0.222260
0.364190 0.979087 351.000000 -1.209233 -0.340186
0.364307 0.979102 351.100000 -1.243252 -1.434921
0.364477 0.979093 351.200000 -1.386744 1.378071
0.364595 0.978831 351.300000 -1.248937 0.340331
0.364701 0.978582 351.400000 -1.214904 -0.452127
0.364823 0.978941 351.500000 -1.260116 2.116963
0.364876 0.978768 351.600000 -1.048420 -0.862704
0.364955 0.979417 351.700000 -1.134690 -2.554178
0.365126 0.979141 351.800000 -1.390108 -0.108431
0.365301 0.979242 351.900000 -1.400951 1.635409
0.365414 0.979630 352.000000 -1.237410 2.165660
0.365459 0.979567 352.100000 -1.020844 1.232033
0.365469 0.979300 352.200000 -0.897641 0.271949
0.365473 0.979101 352.300000 -0.870446 -0.747929
0.365496 0.978845 352.400000 -0.945239 -0.388245
0.365530 0.978569 352.500000 -0.984064 -0.102435
0.365566 0.979025 352.600000 -0.994307 2.274813
0.365546 0.978819 352.700000 -0.766826 0.708098
0.365511 0.978629 352.800000 -0.696016 -0.788554
0.365493 0.978360 352.900000 -0.774872 0.235274
0.365469 0.978292 353.000000 -0.751344 -1.213930
0.365473 0.978697 353.100000 -0.872737 2.195712
0.365430 0.978846 353.200000 -0.653166 1.735476
0.365359 0.978573 353.300000 -0.479618 -0.163609
0.365291 0.978313 353.400000 -0.495979 0.343631
0.365218 0.979128 353.500000 -0.461616 2.779142
0.365119 0.979500 353.600000 -0.183702 -2.141655
0.365038 0.979275 353.700000 -0.397867 -0.607600
0.364965 0.978999 353.800000 -0.458627 -0.043553
0.364892 0.978820 353.900000 -0.462983 -0.831633
0.364831 0.978696 354.000000 -0.546146 -1.039822
0.364788 0.978805 354.100000 -0.650128 1.650965
0.364718 0.978538 354.200000 -0.485032 -0.258724
0.364652 0.978308 354.300000 -0.510904 -0.574750
0.364595 0.978033 354.400000 -0.568379 -0.056953
0.364538 0.977757 354.500000 -0.574074 -0.022142
0.364482 0.977657 354.600000 -0.576288 1.114957
0.364410 0.977451 354.700000 -0.464793 -0.702117
0.364348 0.977938 354.800000 -0.535005 2.326058
0.364258 0.978289 354.900000 -0.302399 2.110243
0.364157 0.978161 355.000000 -0.091374 -1.022899
0.364059 0.977888 355.100000 -0.193664 0.136321
0.363961 0.978054 355.200000 -0.180032 1.769282
0.363859 0.977909 355.300000 -0.003104 -0.961853
0.363758 0.977635 355.400000 -0.099289 0.115652
0.363657 0.977725 355.500000 -0.087724 1.609590
0.363555 0.977459 355.600000 0.073235 0.260874
0.363455 0.977187 355.700000 0.099322 0.136166
0.363354 0.977931 355.800000 0.112939 2.691852
0.363273 0.977752 355.900000 0.382124 -0.828027
0.363183 0.977611 356.000000 0.299321 -0.974270
0.363087 0.977629 356.100000 0.201894 -1.443661
0.362986 0.977991 356.200000 0.057528 2.129766
0.362894 0.977920 356.300000 0.270505 -1.204013
0.362795 0.978120 356.400000 0.150103 -1.838020
0.362694 0.978791 356.500000 -0.033699 2.597000
0.362599 0.979213 356.600000 0.226001 2.228099
0.362526 0.979171 356.700000 0.448811 1.287934
0.362471 0.978982 356.800000 0.577605 -0.781032
0.362404 0.979522 356.900000 0.499501 -2.410929
0.362312 0.979306 357.000000 0.258409 0.646730
0.362226 0.979098 357.100000 0.323082 0.689668
0.362146 0.978939 357.200000 0.392048 -0.905111
0.362057 0.978701 357.300000 0.301537 -0.505882
0.361965 0.978439 357.400000 0.250949 0.295134
0.361874 0.978340 357.500000 0.280462 1.116051
0.361795 0.978066 357.600000 0.392068 -0.042359
0.361715 0.977858 357.700000 0.387832 0.684058
0.361643 0.977722 357.800000 0.456238 0.989018
0.361585 0.977469 357.900000 0.555139 0.384025
0.361533 0.977619 358.000000 0.593542 1.739908
0.361514 0.977425 358.100000 0.767533 0.751843
0.361512 0.977510 358.200000 0.842717 -1.600125
0.361476 0.977500 358.300000 0.682704 -1.373229
0.361417 0.977283 358.400000 0.545381 -0.634818
0.361349 0.977276 358.500000 0.481900 -1.379669
0.361264 0.977349 358.600000 0.343933 1.574090
0.361199 0.977095 358.700000 0.501342 0.363765
0.361138 0.976858 358.800000 0.537718 0.498912
0.361086 0.976639 358.900000 0.587609 0.617639
0.361044 0.976371 359.000000 0.649373 0.175994
0.361006 0.978342 359.100000 0.666973 -4.013553
0.360915 0.978388 359.200000 0.265617 -1.513835
0.360816 0.978801 359.300000 0.114234 -2.218404
0.360718 0.978728 359.400000 -0.107606 -1.198376
0.360624 0.978562 359.500000 -0.227444 0.871825
0.360527 0.978388 359.600000 -0.140262 -0.840064
0.360434 0.978534 359.700000 -0.224268 1.734672
0.360334 0.978418 359.800000 -0.050801 1.060102
0.360234 0.978147 359.900000 0.055210 -0.033235
0.360135 0.978016 360.000000 0.051886 1.009771
0.360038 0.977755 360.100000 0.152863 0.272400
0.359942 0.977512 360.200000 0.180103 -0.447658
0.359845 0.977788 360.300000 0.135337 1.986987
0.359761 0.977520 360.400000 0.334036 0.152775
0.359678 0.977316 360.500000 0.349313 -0.695512
0.359589 0.977380 360.600000 0.279762 1.554834
0.359516 0.977476 360.700000 0.435246 -1.625179
0.359426 0.977811 360.800000 0.272728 2.092606
0.359359 0.977544 360.900000 0.481988 0.154512
0.359294 0.977285 361.000000 0.497439 0.296313
0.359233 0.977133 361.100000 0.527071 -0.925347
0.359159 0.976902 361.200000 0.434536 0.532559
0.359093 0.976724 361.300000 0.487792 0.816200
0.359038 0.976919 361.400000 0.569412 1.834816
0.359017 0.976652 361.500000 0.752894 -0.135323
0.358994 0.977321 361.600000 0.739361 -2.606237
0.358926 0.978614 361.700000 0.478738 -3.363732
0.358830 0.978542 361.800000 0.142364 -1.196649
0.358731 0.978272 361.900000 0.022700 0.080390
0.358632 0.978305 362.000000 0.030739 1.481833
0.358537 0.978177 362.100000 0.178922 -1.014406
0.358439 0.977913 362.200000 0.077481 -0.210949
0.358341 0.978184 362.300000 0.056386 -1.979806
0.358245 0.978236 362.400000 -0.141594 1.527587
0.358146 0.978962 362.500000 0.011164 -2.687509
0.358056 0.979450 362.600000 -0.257586 -2.343655
0.357991 0.979328 362.700000 -0.491952 1.038644
0.357913 0.980306 362.800000 -0.388088 3.009062
0.357815 0.980115 362.900000 -0.087181 -0.756631
0.357720 0.980106 363.000000 -0.162844 1.376055
0.357622 0.980498 363.100000 -0.025239 -2.192345
0.357532 0.980501 363.200000 -0.244473 1.409016
0.357435 0.980273 363.300000 -0.103572 0.552744
0.357337 0.980520 363.400000 -0.048297 -1.938116
0.357247 0.980285 363.500000 -0.242109 0.502465
0.357154 0.980149 363.600000 -0.191863 0.986242
0.357057 0.979988 363.700000 -0.093238 0.886394
0.356958 0.980206 363.800000 -0.004599 1.883193
0.356865 0.979942 363.900000 0.183720 -0.195762
0.356771 0.980101 364.000000 0.164144 -1.766430
0.356673 0.979872 364.100000 -0.012499 -0.537776
0.356575 0.980159 364.200000 -0.066277 2.013163
0.356480 0.980056 364.300000 0.135040 -1.098772
0.356382 0.979996 364.400000 0.025162 -1.236019
0.356286 0.979818 364.500000 -0.098440 -0.811632
0.356193 0.979609 364.600000 -0.179603 -0.659180
0.356103 0.979406 364.700000 -0.245521 -0.690726
0.356019 0.979201 364.800000 -0.314593 -0.684180
0.355942 0.978951 364.900000 -0.383011 0.361264
0.355861 0.979895 365.000000 -0.346885 2.974514
0.355764 0.980204 365.100000 -0.049434 2.054012
0.355670 0.980738 365.200000 0.155968 2.420443
0.355594 0.981190 365.300000 0.398012 -2.294553
0.355501 0.980945 365.400000 0.168557 -0.413583
0.355406 0.980831 365.500000 0.127198 -1.062281
0.355308 0.981190 365.600000 0.020970 -2.142489
0.355216 0.981090 365.700000 -0.193279 -1.109952
0.355132 0.980830 365.800000 -0.304274 -0.249795
0.355050 0.980772 365.900000 -0.329253 1.238900
0.354959 0.981191 366.000000 -0.205363 -2.242313
0.354887 0.980984 366.100000 -0.429595 0.670183
0.354808 0.981009 366.200000 -0.362576 -1.463760
0.354746 0.980743 366.300000 -0.508952 0.098141
0.354684 0.980475 366.400000 -0.499138 0.013314
0.354621 0.980264 366.500000 -0.497807 -0.645496
0.354567 0.980043 366.600000 -0.562357 -0.577373
0.354523 0.979776 366.700000 -0.620094 -0.036000
0.354479 0.979679 366.800000 -0.623694 -1.118630
0.354456 0.979436 366.900000 -0.735557 0.420236
0.354425 0.979188 367.000000 -0.693533 0.374831
0.354387 0.978922 367.100000 -0.656050 -0.070396
0.354351 0.979041 367.200000 -0.663090 1.680815
0.354288 0.978792 367.300000 -0.495008 0.365997
0.354220 0.978562 367.400000 -0.458409 0.518106
0.354146 0.978299 367.500000 -0.406598 0.152202
0.354070 0.978702 367.600000 -0.391378 -2.217693
0.354025 0.978614 367.700000 -0.613147 -1.143129
0.354001 0.978387 367.800000 -0.727460 0.537411
0.353966 0.978207 367.900000 -0.673719 -0.796912
0.353947 0.979198 368.000000 -0.753410 -3.041104
0.354003 0.979140 368.100000 -1.057520 -1.238774
0.354097 0.979315 368.200000 -1.181398 -1.801607
0.354252 0.979055 368.300000 -1.361559 -0.201606
0.354415 0.978789 368.400000 -1.381719 0.032093
0.354577 0.979183 368.500000 -1.378510 2.204835
0.354662 0.980395 368.600000 -1.158026 3.301151
0.354659 0.980606 368.700000 -0.827911 -1.874470
0.354703 0.980343 368.800000 -1.015358 -0.158828
0.354751 0.980987 368.900000 -1.031241 2.590345
0.354735 0.980746 369.000000 -0.772207 -0.426439
0.354729 0.982890 369.100000 -0.814851 -4.217850
0.354840 0.982930 369.200000 -1.236636 1.506058
0.354904 0.982707 369.300000 -1.086030 0.559896
0.354951 0.982498 369.400000 -1.030040 -0.648481
0.355017 0.982522 369.500000 -1.094888 1.463156
0.355043 0.982262 369.600000 -0.948573 0.217550
0.355063 0.982291 369.700000 -0.926818 1.476858
0.355049 0.983140 369.800000 -0.779132 2.871191
0.354986 0.982949 369.900000 -0.492013 0.740568
0.354914 0.982864 370.000000 -0.417956 -1.156968
0.354856 0.982619 370.100000 -0.533653 0.395512
0.354793 0.982802 370.200000 -0.494102 1.821207
0.354711 0.983821 370.300000 -0.311981 -3.084625
0.354667 0.984426 370.400000 -0.620443 -2.539766
0.354674 0.984295 370.500000 -0.874420 0.997062
0.354660 0.984193 370.600000 -0.774714 1.102617
0.354624 0.983955 370.700000 -0.664452 0.447645
0.354580 0.984036 370.800000 -0.619688 1.604797
0.354513 0.984052 370.900000 -0.459208 -1.442239
0.354466 0.984135 371.000000 -0.603432 1.607947
0.354397 0.984087 371.100000 -0.442637 -1.270209
0.354345 0.984185 371.200000 -0.569658 -1.642073
0.354322 0.983927 371.300000 -0.733865 -0.222834
0.354304 0.983803 371.400000 -0.756149 1.023670
0.354266 0.983553 371.500000 -0.653782 -0.333711
0.354234 0.983998 371.600000 -0.687153 -2.296397
0.354252 0.984211 371.700000 -0.916793 1.885062
0.354228 0.984320 371.800000 -0.728286 1.666469
0.354175 0.984289 371.900000 -0.561640 1.317837
0.354105 0.984059 372.000000 -0.429856 0.509286
0.354029 0.983809 372.100000 -0.378927 0.326943
0.353950 0.983879 372.200000 -0.346233 1.578780
0.353860 0.983623 372.300000 -0.188355 0.233854
0.353768 0.983664 372.400000 -0.164969 -1.509669
0.353687 0.984024 372.500000 -0.315936 -2.156006
0.353630 0.983808 372.600000 -0.531537 -0.595060
0.353582 0.983855 372.700000 -0.591043 1.522839
0.353513 0.983631 372.800000 -0.438759 -0.546028
0.353451 0.983558 372.900000 -0.493362 1.194365
0.353375 0.983412 373.000000 -0.373925 -0.933538
0.353309 0.983277 373.100000 -0.467279 0.979336
0.353233 0.983044 373.200000 -0.369346 0.478276
0.353152 0.982783 373.300000 -0.321518 -0.139842
0.353073 0.982539 373.400000 -0.335502 -0.376854
0.352997 0.983018 373.500000 -0.373188 2.353800
0.352905 0.982755 373.600000 -0.137808 0.036390
0.352813 0.982571 373.700000 -0.134169 -0.771066
0.352724 0.982961 373.800000 -0.211275 2.208615
0.352630 0.983159 373.900000 0.009586 -1.857656
0.352540 0.983979 374.000000 -0.176179 -2.845347
0.352474 0.984079 374.100000 -0.460714 1.647854
0.352392 0.984063 374.200000 -0.295929 1.361489
0.352301 0.983959 374.300000 -0.159780 1.089133
0.352207 0.983702 374.400000 -0.050866 0.205088
0.352113 0.983579 374.500000 -0.030358 1.022903
0.352020 0.983358 374.600000 0.071933 0.562269
0.351928 0.983155 374.700000 0.128160 0.667204
0.351840 0.983117 374.800000 0.194880 1.294863
0.351760 0.982873 374.900000 0.324366 0.369130
0.351683 0.982611 375.000000 0.361279 0.016192
0.351607 0.982422 375.100000 0.362899 -0.740148
0.351525 0.982162 375.200000 0.288884 -0.111601
0.351441 0.982066 375.300000 0.277724 -1.114828
0.351351 0.981958 375.400000 0.166241 -1.073995
0.351258 0.981730 375.500000 0.058842 0.506367
0.351166 0.981611 375.600000 0.109478 -1.033040
0.351073 0.981713 375.700000 0.006174 1.650843
0.350983 0.981768 375.800000 0.171259 1.542948
0.350904 0.981982 375.900000 0.325553 1.889627
0.350846 0.981725 376.000000 0.514516 0.172374
0.350790 0.981889 376.100000 0.531753 -1.789330
0.350714 0.982025 376.200000 0.352820 -1.727286
0.350625 0.982287 376.300000 0.180092 1.985165
0.350551 0.982633 376.400000 0.378608 2.136501
0.350504 0.982372 376.500000 0.592258 -0.030566
0.350457 0.983049 376.600000 0.589202 2.658898
0.350461 0.983591 376.700000 0.855092 2.459672
0.350529 0.983332 376.800000 1.101059 0.096519
0.350600 0.984474 376.900000 1.110711 -3.252741
0.350589 0.984357 377.000000 0.785437 -1.041875
0.350557 0.984124 377.100000 0.681249 -0.458421
0.350518 0.983882 377.200000 0.635407 -0.380818
0.350472 0.983645 377.300000 0.597325 -0.425555
0.350420 0.983455 377.400000 0.554770 0.725151
0.350379 0.983269 377.500000 0.627285 -0.751208
0.350327 0.983524 377.600000 0.552164 -1.973283
0.350251 0.983304 377.700000 0.354836 -0.552203
0.350170 0.984633 377.800000 0.299615 3.465214
0.350133 0.985703 377.900000 0.646137 -3.172536
0.350054 0.985443 378.000000 0.328883 -0.018557
0.349976 0.985225 378.100000 0.327028 0.569228
0.349903 0.986177 378.200000 0.383950 3.029276
0.349873 0.986107 378.300000 0.686878 -1.200212
0.349823 0.985864 378.400000 0.566857 -0.362082
0.349768 0.985630 378.500000 0.530649 0.449070
0.349719 0.985728 378.600000 0.575556 -1.646045
0.349649 0.985653 378.700000 0.410951 -1.186026
0.349568 0.985394 378.800000 0.292348 0.070226
0.349488 0.985605 378.900000 0.299371 -1.891112
0.349397 0.985440 379.000000 0.110260 -0.845367
0.349305 0.985197 379.100000 0.025723 -0.363342
0.349213 0.985951 379.200000 -0.010611 -2.773230
0.349132 0.985698 379.300000 -0.287934 0.231505
0.349049 0.985774 379.400000 -0.264784 -1.594027
0.348981 0.985732 379.500000 -0.424186 -1.285788
0.348929 0.985817 379.600000 -0.552765 1.619502
0.348857 0.985961 379.700000 -0.390815 1.749092
0.348772 0.985703 379.800000 -0.215906 -0.121834
0.348687 0.985492 379.900000 -0.228089 0.608007
0.348599 0.985259 380.000000 -0.167288 0.444475
0.348509 0.985166 380.100000 -0.122841 1.125051
0.348417 0.984929 380.200000 -0.010336 -0.409537
0.348326 0.984671 380.300000 -0.051290 0.082540
0.348235 0.984481 380.400000 -0.043036 0.721726
0.348143 0.984252 380.500000 0.029137 -0.475750
0.348052 0.984088 380.600000 -0.018438 -0.848537
0.347962 0.983923 380.700000 -0.103292 -0.844152
0.347875 0.983670 380.800000 -0.187707 -0.193446
0.347790 0.984596 380.900000 -0.207052 3.004796
0.347699 0.984343 381.000000 0.093428 -0.194280
0.347609 0.984092 381.100000 0.074000 0.232090
0.347519 0.983835 381.200000 0.097209 -0.093310
0.347429 0.983665 381.300000 0.087878 0.818157
0.347342 0.983482 381.400000 0.169694 -0.756352
0.347252 0.983454 381.500000 0.094059 -1.323253
0.347161 0.983209 381.600000 -0.038267 0.319542
0.347070 0.983587 381.700000 -0.006313 2.202000
0.346985 0.983348 381.800000 0.213887 0.374172
0.346903 0.984137 381.900000 0.251305 -2.827788
0.346812 0.983921 382.000000 -0.031474 -0.565354
0.346722 0.983664 382.100000 -0.088010 0.058005
0.346632 0.983531 382.200000 -0.082209 0.975754
0.346542 0.983912 382.300000 0.015366 2.209676
0.346458 0.983675 382.400000 0.236334 0.385611
0.346378 0.984126 382.500000 0.274895 -2.328239
0.346288 0.984565 382.600000 0.042071 2.308935
0.346207 0.984866 382.700000 0.272965 -2.065896
0.346117 0.984626 382.800000 0.066375 -0.364846
0.346027 0.984391 382.900000 0.029890 0.413234
0.345937 0.984203 383.000000 0.071214 0.728306
0.345849 0.983948 383.100000 0.144044 0.111338
0.345762 0.983693 383.200000 0.155178 0.106198
0.345676 0.983471 383.300000 0.165798 -0.515044
0.345587 0.983753 383.400000 0.114293 -2.033051
0.345498 0.983964 383.500000 -0.089012 -1.893937
0.345418 0.983874 383.600000 -0.278405 1.128696
0.345332 0.983746 383.700000 -0.165536 -0.991423
0.345251 0.983778 383.800000 -0.264678 -1.488090
0.345183 0.983528 383.900000 -0.413487 -0.228370
0.345118 0.983274 384.000000 -0.436324 0.097712
0.345052 0.983020 384.100000 -0.426553 0.139450
0.344985 0.982964 384.200000 -0.412608 1.239521
0.344906 0.982720 384.300000 -0.288656 -0.302869
0.344829 0.984240 384.400000 -0.318943 3.694797
0.344740 0.983998 384.500000 0.050537 -0.330475
0.344650 0.983884 384.600000 0.017490 -1.044668
0.344562 0.983778 384.700000 -0.086977 -1.073095
0.344477 0.983655 384.800000 -0.194287 1.009782
0.344389 0.983748 384.900000 -0.093308 -1.637727
0.344308 0.983620 385.000000 -0.257081 -0.989187
0.344235 0.984351 385.100000 -0.356000 -2.757285
0.344197 0.984191 385.200000 -0.631728 0.856646
0.344147 0.983949 385.300000 -0.546064 -0.319364
0.344101 0.983856 385.400000 -0.578000 1.118154
0.344040 0.983606 385.500000 -0.466185 0.211936
0.343976 0.983381 385.600000 -0.444991 -0.478818
0.343919 0.983839 385.700000 -0.492873 2.344843
0.343838 0.984135 385.800000 -0.258389 2.063285
0.343749 0.984154 385.900000 -0.052060 -1.453384
0.343665 0.985432 386.000000 -0.197398 -3.439834
0.343614 0.985178 386.100000 -0.541382 -0.123183
0.343565 0.984936 386.200000 -0.553700 0.308139
0.343512 0.984881 386.300000 -0.522886 -1.243540
0.343477 0.985234 386.400000 -0.647240 -2.167811
0.343485 0.985042 386.500000 -0.864021 0.699829
0.343477 0.985158 386.600000 -0.794038 -1.691454
0.343508 0.985327 386.700000 -0.963184 -1.810940
0.343589 0.985117 386.800000 -1.144278 -0.589378
0.343687 0.984962 386.900000 -1.203216 -0.876420
0.343814 0.985088 387.000000 -1.290857 -1.717609
0.344001 0.984882 387.100000 -1.462618 0.609471
0.344166 0.984975 387.200000 -1.401671 -1.641432
0.344393 0.985229 387.300000 -1.565814 1.983620
0.344546 0.985222 387.400000 -1.367452 1.383925
0.344652 0.984972 387.500000 -1.229060 0.173490
0.344752 0.984769 387.600000 -1.211711 -0.628734
0.344873 0.984562 387.700000 -1.274584 0.603538
0.344974 0.984310 387.800000 -1.214230 0.123438
0.345071 0.984225 387.900000 -1.201887 1.145234
0.345135 0.984952 388.000000 -1.087363 2.759307
0.345130 0.984746 388.100000 -0.811433 -0.607964
0.345140 0.984948 388.200000 -0.872229 1.880375
0.345111 0.984800 388.300000 -0.684192 -0.904739
0.345099 0.984555 388.400000 -0.774665 -0.263229
0.345093 0.984303 388.500000 -0.800988 0.112737
0.345085 0.984078 388.600000 -0.789715 0.465830
0.345067 0.983871 388.700000 -0.743132 -0.595159
0.345061 0.983850 388.800000 -0.802648 -1.345128
0.345085 0.983866 388.900000 -0.937160 -1.445347
0.345147 0.984034 389.000000 -1.081695 -1.811178
0.345263 0.983803 389.100000 -1.262813 -0.406953
0.345393 0.983618 389.200000 -1.303508 -0.724532
0.345547 0.983650 389.300000 -1.375961 1.490745
0.345651 0.983495 389.400000 -1.226887 -0.869001
0.345784 0.983258 389.500000 -1.313787 0.350901
0.345905 0.983135 389.600000 -1.278697 1.002827
0.345995 0.982891 389.700000 -1.178414 -0.248827
0.346092 0.982954 389.800000 -1.203297 1.567600
0.346143 0.983012 389.900000 -1.046537 1.556373
0.346156 0.982760 390.000000 -0.890900 0.005836
0.346169 0.982791 390.100000 -0.890316 -1.485779
0.346219 0.982555 390.200000 -1.038894 0.346815
0.346259 0.982497 390.300000 -1.004213 1.231715
0.346270 0.982353 390.400000 -0.881041 -0.915209
0.346302 0.982458 390.500000 -0.972562 -1.669298
0.346380 0.982440 390.600000 -1.139492 -1.349098
0.346499 0.982434 390.700000 -1.274402 -1.386191
0.346666 0.982367 390.800000 -1.413021 1.200152
0.346791 0.982278 390.900000 -1.293006 -1.126635
0.346955 0.982028 391.000000 -1.405669 -0.108513
0.347123 0.981784 391.100000 -1.416520 0.230351
0.347282 0.982038 391.200000 -1.393485 1.986567
0.347376 0.981873 391.300000 -1.194829 -0.822503
0.347495 0.981626 391.400000 -1.277079 -0.167623
0.347620 0.981778 391.500000 -1.293841 -1.777220
0.347808 0.981668 391.600000 -1.471563 1.049142
0.347957 0.981582 391.700000 -1.366649 1.133230
0.348069 0.981358 391.800000 -1.253326 0.455959
0.348166 0.981659 391.900000 -1.207730 -2.079013
0.348333 0.981412 392.000000 -1.415631 -0.161771
0.348506 0.981201 392.100000 -1.431808 0.559692
0.348658 0.981019 392.200000 -1.375839 0.728191
0.348786 0.980946 392.300000 -1.303020 1.180415
0.348876 0.980751 392.400000 -1.184979 -0.655358
0.348986 0.980731 392.500000 -1.250514 1.342844
0.349056 0.980484 392.600000 -1.116230 -0.133094
0.349129 0.980262 392.700000 -1.129540 0.468659
0.349189 0.980201 392.800000 -1.082674 1.215812
0.349218 0.980494 392.900000 -0.961092 -2.065451
0.349303 0.980317 393.000000 -1.167637 0.753573
0.349366 0.980931 393.100000 -1.092280 2.606783
0.349365 0.980682 393.200000 -0.831602 -0.021482
0.349364 0.980572 393.300000 -0.833750 -1.047998
0.349387 0.981255 393.400000 -0.938550 2.707976
0.349355 0.981007 393.500000 -0.667752 0.092789
0.349322 0.980936 393.600000 -0.658473 1.183815
0.349270 0.980771 393.700000 -0.540092 0.814849
0.349208 0.980755 393.800000 -0.458607 1.355330
0.349133 0.981058 393.900000 -0.323074 -2.084676
0.349080 0.980932 394.000000 -0.531542 -0.987167
0.349042 0.981197 394.100000 -0.630258 2.013114
0.348976 0.981021 394.200000 -0.428947 0.754162
0.348904 0.981389 394.300000 -0.353531 -2.206401
0.348857 0.981263 394.400000 -0.574171 -0.982969
0.348826 0.981251 394.500000 -0.672468 -1.366566
0.348821 0.981544 394.600000 -0.809124 2.068795
0.348778 0.981341 394.700000 -0.602245 -0.595201
0.348745 0.981171 394.800000 -0.661765 -0.789231
0.348726 0.980927 394.900000 -0.740688 0.187575
0.348704 0.980750 395.000000 -0.721930 -0.748323
0.348696 0.981142 395.100000 -0.796763 2.249706
0.348649 0.981225 395.200000 -0.571792 1.617991
0.348582 0.981145 395.300000 -0.409993 1.153419
0.348505 0.980957 395.400000 -0.294651 -0.687711
0.348434 0.980967 395.500000 -0.363422 1.430873
0.348352 0.980742 395.600000 -0.220335 0.421080
0.348268 0.980631 395.700000 -0.178227 1.041102
0.348181 0.981892 395.800000 -0.074117 3.456355
0.348102 0.981677 395.900000 0.271519 0.514154
0.348027 0.981430 396.000000 0.322934 -0.073531
0.347952 0.981923 396.100000 0.315581 -2.421408
0.347865 0.982456 396.200000 0.073440 2.488733
0.347790 0.982209 396.300000 0.322314 -0.084060
0.347715 0.982118 396.400000 0.313908 1.112742
0.347650 0.981976 396.500000 0.425182 0.916091
0.347596 0.981825 396.600000 0.516791 0.875595
0.347555 0.981632 396.700000 0.604350 -0.654981
0.347504 0.981441 396.800000 0.538852 -0.673971
0.347444 0.983137 396.900000 0.471455 -3.927334
0.347357 0.983129 397.000000 0.078722 1.380357
0.347276 0.983860 397.100000 0.216758 2.788591
0.347219 0.983746 397.200000 0.495617 -1.027866
0.347151 0.983545 397.300000 0.392830 0.610627
0.347090 0.984472 397.400000 0.453893 -3.054960
0.347005 0.984587 397.500000 0.148397 1.698780
0.346931 0.984353 397.600000 0.318275 -0.324819
0.346854 0.984106 397.700000 0.285793 0.073935
0.346778 0.983908 397.800000 0.293186 0.626820
0.346706 0.984058 397.900000 0.355868 -1.779148
0.346623 0.983823 398.000000 0.177953 -0.300500
0.346539 0.983576 398.100000 0.147903 0.011171
0.346455 0.983390 398.200000 0.149021 0.701833
0.346374 0.983149 398.300000 0.219204 0.208548
0.346294 0.982975 398.400000 0.240059 0.759347
0.346220 0.985240 398.500000 0.315993 4.475210
0.346206 0.985156 398.600000 0.763514 -1.139724
0.346172 0.985124 398.700000 0.649542 1.310254
0.346162 0.985315 398.800000 0.780567 -1.868772
0.346119 0.985097 398.900000 0.593690 -0.481627
0.346070 0.985131 399.000000 0.545527 1.495752
0.346044 0.985176 399.100000 0.695103 -1.526387
0.345994 0.985309 399.200000 0.542464 1.743185
0.345971 0.985430 399.300000 0.716783 1.712026
0.345983 0.985188 399.400000 0.887985 -0.195181
0.345991 0.984942 399.500000 0.868467 -0.098810
0.345997 0.984752 399.600000 0.858586 0.669353
0.346018 0.985913 399.700000 0.925521 3.354809
0.346130 0.985775 399.800000 1.261002 0.929773
0.346272 0.985533 399.900000 1.353980 0.194814
0.346422 0.985301 400.000000 1.373461 -0.339623
0.346559 0.985178 400.100000 1.339499 0.992480
0.346731 0.985665 400.200000 1.438747 -2.422083
0.346823 0.985885 400.300000 1.196538 -1.932525
0.346862 0.985858 400.400000 1.003286 1.323897
0.346937 0.986418 400.500000 1.135676 -2.541263
0.346947 0.986498 400.600000 0.881549 -1.617434
0.346925 0.986955 400.700000 0.719806 -2.374227
0.346868 0.987917 400.800000 0.482383 3.112513
0.346860 0.987683 400.900000 0.793635 -0.311290
0.346846 0.989261 401.000000 0.762506 3.825743
0.346923 0.989877 401.100000 1.145080 -2.630879
0.346933 0.990477 401.200000 0.881992 -2.607152
0.346895 0.990368 401.300000 0.621277 -1.050252
0.346842 0.990243 401.400000 0.516251 -0.988846
0.346777 0.990559 401.500000 0.417367 2.124800
0.346740 0.990497 401.600000 0.629847 -1.220280
0.346686 0.990363 401.700000 0.507819 -0.949640
0.346621 0.990131 401.800000 0.412855 0.336441
0.346559 0.990206 401.900000 0.446499 1.607799
0.346519 0.990386 402.000000 0.607279 -1.851429
0.346455 0.990147 402.100000 0.422136 -0.240422
0.346389 0.989902 402.200000 0.398094 -0.083026
0.346321 0.989664 402.300000 0.389791 0.264793
0.346257 0.989669 402.400000 0.416271 -1.421256
0.346180 0.989466 402.500000 0.274145 -0.582451
0.346100 0.989287 402.600000 0.215900 0.732600
0.346025 0.989856 402.700000 0.289160 -2.562936
0.345939 0.989742 402.800000 0.032866 1.027250
0.345855 0.990104 402.900000 0.135591 2.213121
0.345785 0.989867 403.000000 0.356903 0.272613
0.345718 0.989637 403.100000 0.384165 0.349253
0.345654 0.989618 403.200000 0.419090 -1.352440
0.345578 0.989447 403.300000 0.283846 -0.772414
0.345498 0.989897 403.400000 0.206605 -2.369163
0.345412 0.990584 403.500000 -0.030312 -2.742181
0.345338 0.990608 403.600000 -0.304530 1.476403
0.345256 0.991109 403.700000 -0.156889 2.455270
0.345171 0.991275 403.800000 0.088638 -1.823530
0.345087 0.991165 403.900000 -0.093715 -1.044148
0.345006 0.990928 404.000000 -0.198130 0.259677
0.344925 0.990937 404.100000 -0.172162 1.433947
0.344839 0.991458 404.200000 -0.028768 2.487668
0.344760 0.991305 404.300000 0.219999 -0.866374
0.344677 0.991065 404.400000 0.133362 0.192252
0.344595 0.990896 404.500000 0.152587 0.783946
0.344516 0.991328 404.600000 0.230981 2.340370
0.344458 0.991207 404.700000 0.465018 -1.002048
0.344389 0.990969 404.800000 0.364814 -0.247220
0.344318 0.991257 404.900000 0.340092 2.076447
0.344270 0.991855 405.000000 0.547736 -2.612151
0.344196 0.992115 405.100000 0.286521 -2.024300
0.344112 0.992835 405.200000 0.084091 -2.795265
0.344031 0.993488 405.300000 -0.195435 -2.698238
0.343973 0.993418 405.400000 -0.465259 -1.193260
0.343931 0.994309 405.500000 -0.584585 -3.036019
0.343943 0.994720 405.600000 -0.888187 -2.306427
0.344013 0.994830 405.700000 -1.118830 -1.698392
0.344132 0.994727 405.800000 -1.288669 -1.071358
0.344288 0.994551 405.900000 -1.395805 0.752183
0.344417 0.994550 406.000000 -1.320586 -1.405279
0.344595 0.994785 406.100000 -1.461114 1.975914
0.344707 0.995040 406.200000 -1.263523 2.015452
0.344761 0.995004 406.300000 -1.061978 -1.303046
0.344851 0.994945 406.400000 -1.192282 1.228274
0.344907 0.995319 406.500000 -1.069455 2.243511
0.344910 0.995263 406.600000 -0.845104 1.237702
0.344889 0.995133 406.700000 -0.721334 0.966241
0.344852 0.995494 406.800000 -0.624710 2.220551
0.344787 0.995493 406.900000 -0.402654 1.406687
0.344711 0.995459 407.000000 -0.261986 1.310541
0.344629 0.995215 407.100000 -0.130932 0.035103
0.344546 0.994979 407.200000 -0.127421 0.255829
0.344463 0.994971 407.300000 -0.101838 1.388155
0.344378 0.994851 407.400000 0.036977 1.006877
0.344296 0.995449 407.500000 0.137665 2.619554
0.344231 0.995269 407.600000 0.399620 -0.724448
0.344160 0.995036 407.700000 0.327175 -0.302707
0.344086 0.994792 407.800000 0.296905 -0.011886
0.344013 0.994558 407.900000 0.295716 -0.282005
0.343937 0.994327 408.000000 0.267515 -0.314517
0.343860 0.994093 408.100000 0.236064 -0.285637
0.343781 0.993852 408.200000 0.207500 -0.133586
0.343701 0.993674 408.300000 0.194141 -0.733938
0.343619 0.993701 408.400000 0.120748 1.485096
0.343544 0.993530 408.500000 0.269257 -0.769264
0.343464 0.993311 408.600000 0.192331 0.438266
0.343387 0.993117 408.700000 0.236158 -0.637096
0.343307 0.992983 408.800000 0.172448 -0.941287
0.343224 0.992793 408.900000 0.078319 -0.656167
0.343140 0.992560 409.000000 0.012703 0.290476
0.343056 0.992337 409.100000 0.041750 -0.394014
0.342972 0.992149 409.200000 0.002349 0.667824
0.342889 0.991990 409.300000 0.069131 0.829365
0.342808 0.991748 409.400000 0.152068 0.036559
0.342727 0.991546 409.500000 0.155724 0.568309
0.342649 0.991686 409.600000 0.212554 1.770209
0.342584 0.992665 409.700000 0.389575 -3.163705
0.342501 0.992424 409.800000 0.073205 -0.069983
0.342418 0.992384 409.900000 0.066207 -1.287000
0.342335 0.992176 410.000000 -0.062494 -0.532630
0.342253 0.991945 410.100000 -0.115757 0.289474
0.342171 0.991714 410.200000 -0.086809 0.306323
0.342088 0.991505 410.300000 -0.056177 -0.518461
0.342006 0.991726 410.400000 -0.108023 1.948888
0.341924 0.991731 410.500000 0.086866 1.422385
0.341847 0.992315 410.600000 0.229104 2.603631
0.341793 0.992081 410.700000 0.489467 0.249547
0.341742 0.992482 410.800000 0.514422 2.297600
0.341726 0.992737 410.900000 0.744182 -2.019446
0.341679 0.992660 411.000000 0.542238 -1.163814
0.341618 0.992433 411.100000 0.425856 0.339517
0.341560 0.992194 411.200000 0.459808 -0.153571
0.341501 0.991953 411.300000 0.444451 0.041481
0.341443 0.991753 411.400000 0.448599 0.580022
0.341391 0.991514 411.500000 0.506601 -0.113379
0.341338 0.991804 411.600000 0.495263 2.091936
0.341315 0.991808 411.700000 0.704457 -1.419893
0.341271 0.991634 411.800000 0.562468 -0.742077
0.341217 0.991526 411.900000 0.488260 -1.045997
0.341152 0.991745 412.000000 0.383660 1.945051
0.341110 0.992085 412.100000 0.578165 -2.188495
0.341042 0.992141 412.200000 0.359316 -1.563415
0.340965 0.991902 412.300000 0.202974 0.112871
0.340888 0.991674 412.400000 0.214261 -0.319191
0.340809 0.991515 412.500000 0.182342 -0.822464
0.340728 0.992088 412.600000 0.100096 -2.590021
0.340648 0.991976 412.700000 -0.158906 1.027948
0.340566 0.991737 412.800000 -0.056111 -0.099116
0.340484 0.991693 412.900000 -0.066023 1.272797
0.340402 0.991543 413.000000 0.061257 0.865548
0.340322 0.991321 413.100000 0.147811 -0.386583
0.340242 0.991227 413.200000 0.109153 -1.096641
0.340159 0.991246 413.300000 -0.000511 1.463934
0.340080 0.991067 413.400000 0.145882 0.708872
0.340003 0.991640 413.500000 0.216770 -2.591542
0.339921 0.991901 413.600000 -0.042385 2.036916
0.339842 0.991728 413.700000 0.161307 -0.741046
0.339761 0.992152 413.800000 0.087202 -2.344010
0.339681 0.991936 413.900000 -0.147199 0.444327
0.339601 0.991711 414.000000 -0.102766 -0.347438
0.339521 0.991567 414.100000 -0.137510 0.889352
0.339439 0.991358 414.200000 -0.048575 0.498556
0.339357 0.991507 414.300000 0.001281 1.793018
0.339279 0.992164 414.400000 0.180583 -2.725479
0.339199 0.992477 414.500000 -0.091965 -2.140441
0.339128 0.992598 414.600000 -0.306009 1.728624
0.339049 0.992359 414.700000 -0.133147 -0.055558
0.338969 0.992164 414.800000 -0.138702 -0.603486
0.338892 0.991930 414.900000 -0.199051 -0.204278
0.338816 0.991692 415.000000 -0.219479 0.104592
0.338740 0.991453 415.100000 -0.209020 -0.061680
0.338664 0.991218 415.200000 -0.215188 -0.155568
0.338589 0.991573 415.300000 -0.230745 2.221709
0.338507 0.991355 415.400000 -0.008574 0.415834
0.338426 0.991429 415.500000 0.033010 -1.610023
0.338347 0.991456 415.600000 -0.127992 -1.488014
0.338275 0.991340 415.700000 -0.276794 -1.007783
0.338210 0.991102 415.800000 -0.377572 -0.002581
0.338146 0.991024 415.900000 -0.377830 -1.155901
0.338094 0.991457 416.000000 -0.493420 -2.363269
0.338077 0.991280 416.100000 -0.729747 0.710378
0.338048 0.991054 416.200000 -0.658710 0.329152
0.338014 0.990838 416.300000 -0.625794 -0.424339
0.337986 0.991192 416.400000 -0.668228 2.219570
0.337929 0.992192 416.500000 -0.446271 -3.211943
0.337918 0.992133 416.600000 -0.767466 1.220895
0.337887 0.991904 416.700000 -0.645376 0.280005
0.337852 0.991820 416.800000 -0.617375 -1.132982
0.337835 0.992380 416.900000 -0.730674 -2.579274
0.337871 0.992175 417.000000 -0.988601 0.527674
0.337895 0.992650 417.100000 -0.935834 2.437670
0.337872 0.992607 417.200000 -0.692067 -1.275285
0.337871 0.992386 417.300000 -0.819595 -0.383341
0.337878 0.992397 417.400000 -0.857929 1.440791
0.337858 0.992315 417.500000 -0.713850 1.138748
0.337821 0.992093 417.600000 -0.599975 0.361943
0.337778 0.992565 417.700000 -0.563781 2.435146
0.337709 0.992351 417.800000 -0.320266 -0.444456
0.337644 0.992121 417.900000 -0.364712 -0.240213
0.337582 0.992816 418.000000 -0.388733 -2.791908
0.337554 0.992624 418.100000 -0.667924 0.616180
0.337518 0.992910 418.200000 -0.606306 2.092988
0.337456 0.993500 418.300000 -0.397007 -2.631075
0.337427 0.993358 418.400000 -0.660115 0.895061
0.337385 0.993127 418.500000 -0.570609 0.223343
0.337341 0.992959 418.600000 -0.548274 0.760741
0.337287 0.992759 418.700000 -0.472200 0.556246
0.337227 0.993599 418.800000 -0.416576 -3.003872
0.337208 0.993392 418.900000 -0.716963 -0.507946
0.337198 0.993280 419.000000 -0.767757 -1.020203
0.337208 0.993137 419.100000 -0.869778 0.890047
0.337200 0.993481 419.200000 -0.780773 2.206034
0.337157 0.994488 419.300000 -0.560170 -3.230861
0.337169 0.994340 419.400000 -0.883256 0.862497
0.337165 0.994118 419.500000 -0.797006 0.363100
0.337153 0.994047 419.600000 -0.760696 -1.177094
0.337165 0.993817 419.700000 -0.878405 -0.249349
0.337182 0.993860 419.800000 -0.903340 1.531630
0.337169 0.993669 419.900000 -0.750177 0.622720
0.337145 0.993671 420.000000 -0.687905 -1.415341
0.337146 0.993436 420.100000 -0.829440 0.094539
0.337146 0.993280 420.200000 -0.819986 -0.823636
0.337163 0.993777 420.300000 -0.902349 2.482402
0.337133 0.993556 420.400000 -0.654109 -0.361655
0.337110 0.993527 420.500000 -0.690275 -1.318635
0.337110 0.993291 420.600000 -0.822138 0.055950
0.337109 0.993079 420.700000 -0.816543 0.453470
0.337100 0.993641 420.800000 -0.771196 -2.590877
0.337146 0.993413 420.900000 -1.030284 -0.269019
0.337198 0.993580 421.000000 -1.057186 -1.841206
0.337301 0.993425 421.100000 -1.241306 -0.823742
0.337429 0.993350 421.200000 -1.323680 -1.165399
0.337595 0.993247 421.300000 -1.440220 -1.058701
0.337799 0.993020 421.400000 -1.546090 0.267715
0.337992 0.993352 421.500000 -1.519319 2.186849
0.338113 0.993121 421.600000 -1.300634 0.196822
0.338227 0.992915 421.700000 -1.280952 -0.498750
0.338357 0.993102 421.800000 -1.330827 -1.888368
0.338550 0.992877 421.900000 -1.519664 -0.294967
0.338754 0.992920 422.000000 -1.549160 1.533069
0.338905 0.992686 422.100000 -1.395853 0.070032
0.339053 0.992535 422.200000 -1.388850 -0.842615
0.339229 0.992670 422.300000 -1.473112 1.769375
0.339348 0.992697 422.400000 -1.296174 1.486855
0.339423 0.992580 422.500000 -1.147489 -0.997393
0.339527 0.992552 422.600000 -1.247228 1.323843
0.339594 0.992383 422.700000 -1.114844 0.747469
0.339641 0.992261 422.800000 -1.040097 -0.973043
0.339714 0.992054 422.900000 -1.137401 0.489203
0.339774 0.991820 423.000000 -1.088481 0.018430
0.339833 0.991636 423.100000 -1.086638 -0.655077
0.339910 0.991519 423.200000 -1.152145 0.996039
0.339960 0.991574 423.300000 -1.052541 -1.563447
0.340052 0.991915 423.400000 -1.208886 2.207316
0.340087 0.992004 423.500000 -0.988155 -1.655950
0.340164 0.991825 423.600000 -1.153750 -0.682393
0.340260 0.991593 423.700000 -1.221989 0.114966
0.340353 0.991418 423.800000 -1.210492 -0.707814
0.340466 0.991906 423.900000 -1.281274 2.474003
0.340512 0.991879 424.000000 -1.033873 -1.324575
0.340592 0.991646 424.100000 -1.166331 -0.076157
0.340674 0.991584 424.200000 -1.173946 1.207697
0.340724 0.991371 424.300000 -1.053177 -0.423246
0.340785 0.991561 424.400000 -1.095501 1.894683
0.340802 0.991774 424.500000 -0.906033 -1.948781
0.340864 0.992313 424.600000 -1.100911 2.560866
0.340868 0.992172 424.700000 -0.844825 -0.886938
0.340890 0.993160 424.800000 -0.933518 3.221781
0.340854 0.992926 424.900000 -0.611340 -0.016484
0.340818 0.993696 425.000000 -0.612989 2.920471
0.340750 0.993615 425.100000 -0.320942 1.140849
0.340675 0.993437 425.200000 -0.206857 -0.689477
0.340604 0.993832 425.300000 -0.275804 -2.311561
0.340554 0.994209 425.400000 -0.506960 2.280250
0.340483 0.994170 425.500000 -0.278935 1.286308
0.340406 0.993944 425.600000 -0.150305 0.259190
0.340328 0.993721 425.700000 -0.124386 -0.294617
0.340251 0.993725 425.800000 -0.153847 -1.420790
0.340181 0.994008 425.900000 -0.295926 -2.098114
0.340131 0.993996 426.000000 -0.505738 -1.373840
0.340100 0.994228 426.100000 -0.643122 1.989804
0.340043 0.994805 426.200000 -0.444141 -2.628340
0.340022 0.994690 426.300000 -0.706975 -1.006858
0.340019 0.994463 426.400000 -0.807661 0.233672
0.340011 0.994375 426.500000 -0.784294 -1.112700
0.340025 0.994435 426.600000 -0.895564 -1.581109
0.340076 0.994230 426.700000 -1.053675 0.485322
0.340115 0.994233 426.800000 -1.005143 1.418410
0.340122 0.995029 426.900000 -0.863302 -2.964879
0.340200 0.994852 427.000000 -1.159790 -0.688419
0.340297 0.994734 427.100000 -1.228631 -0.991438
0.340424 0.994535 427.200000 -1.327775 -0.535790
0.340567 0.994355 427.300000 -1.381354 0.675689
0.340689 0.994202 427.400000 -1.313785 0.821056
0.340787 0.994202 427.500000 -1.231680 -1.410857
0.340928 0.994089 427.600000 -1.372765 1.012663
0.341037 0.993969 427.700000 -1.271499 0.980296
0.341118 0.993872 427.800000 -1.173469 -1.073996
0.341230 0.993708 427.900000 -1.280869 0.768358
0.341320 0.993646 428.000000 -1.204033 1.205034
0.341377 0.994787 428.100000 -1.083530 -3.429191
0.341535 0.994789 428.200000 -1.426449 1.416210
0.341648 0.994601 428.300000 -1.284828 -0.616833
0.341780 0.994497 428.400000 -1.346511 1.046422
0.341880 0.994506 428.500000 -1.241869 1.437759
0.341941 0.994311 428.600000 -1.098093 -0.567319
0.342017 0.994121 428.700000 -1.154825 -0.594797
0.342109 0.993889 428.800000 -1.214305 0.018844
0.342200 0.994299 428.900000 -1.212420 -2.346673
0.342365 0.994146 429.000000 -1.447088 -0.819671
0.342557 0.994057 429.100000 -1.529055 1.108243
0.342712 0.994048 429.200000 -1.418230 1.382030
0.342823 0.993916 429.300000 -1.280027 -0.925064
0.342962 0.993899 429.400000 -1.372534 1.355095
0.343060 0.994368 429.500000 -1.237024 2.453849
0.343095 0.994435 429.600000 -0.991639 1.602103
0.343096 0.994500 429.700000 -0.831429 1.593919
0.343068 0.994625 429.800000 -0.672037 1.751092
0.343017 0.995459 429.900000 -0.496928 3.027709
0.342942 0.995237 430.000000 -0.194157 -0.272214
0.342868 0.995010 430.100000 -0.221378 0.210343
0.342793 0.994804 430.200000 -0.200344 -0.466580
0.342720 0.994785 430.300000 -0.247002 1.350485
0.342642 0.994569 430.400000 -0.111954 -0.362498
0.342565 0.994400 430.500000 -0.148203 -0.728597
0.342491 0.994175 430.600000 -0.221063 -0.219996
0.342419 0.994113 430.700000 -0.243063 1.205244
0.342341 0.994212 430.800000 -0.122538 -1.685942
0.342271 0.994106 430.900000 -0.291132 1.039426
0.342196 0.993929 431.000000 -0.187190 0.678032
0.342118 0.993777 431.100000 -0.119387 0.820943
0.342039 0.994210 431.200000 -0.037292 2.392196
0.341965 0.993996 431.300000 0.201927 -0.375573
0.341888 0.993812 431.400000 0.164370 -0.633129
0.341810 0.993717 431.500000 0.101057 1.081028
0.341736 0.993561 431.600000 0.209160 0.803203
0.341667 0.993409 431.700000 0.289480 0.820223
0.341604 0.993186 431.800000 0.371502 0.236835
0.341543 0.992995 431.900000 0.395186 -0.585129
0.341477 0.992774 432.000000 0.336673 -0.265752
0.341409 0.992545 432.100000 0.310098 0.075067
0.341342 0.992317 432.200000 0.317605 -0.122122
0.341273 0.992185 432.300000 0.305392 0.918814
0.341213 0.991985 432.400000 0.397274 -0.505099
0.341148 0.992172 432.500000 0.346764 -1.896693
0.341072 0.991957 432.600000 0.157095 0.357978
0.340997 0.991782 432.700000 0.192892 -0.685973
0.340920 0.991560 432.800000 0.124295 -0.241127
0.340843 0.991627 432.900000 0.100182 1.601208
0.340772 0.992048 433.000000 0.260303 2.372733
0.340722 0.991821 433.100000 0.497576 0.149687
0.340673 0.991740 433.200000 0.512545 -1.128362
0.340613 0.991690 433.300000 0.399709 1.247272
0.340566 0.991463 433.400000 0.524436 -0.107546
0.340518 0.991284 433.500000 0.513681 -0.658944
0.340463 0.991505 433.600000 0.447787 -1.975416
0.340392 0.991277 433.700000 0.250245 0.022205
0.340321 0.991126 433.800000 0.252466 -0.821662
0.340245 0.990898 433.900000 0.170300 0.055201
0.340171 0.990775 434.000000 0.175820 -0.955593
0.340093 0.990727 434.100000 0.080261 1.248884
0.340020 0.990518 434.200000 0.205149 0.409002
0.339948 0.990327 434.300000 0.246049 0.571231
0.339881 0.990190 434.400000 0.303172 0.887610
0.339820 0.990031 434.500000 0.391933 -0.771612
0.339753 0.989849 434.600000 0.314772 0.631599
0.339692 0.990177 434.700000 0.377932 2.198897
0.339655 0.990390 434.800000 0.597822 1.956962
0.339649 0.990240 434.900000 0.793518 0.822861
0.339659 0.990504 435.000000 0.875804 2.067372
0.339716 0.990834 435.100000 1.082541 -2.203274
0.339723 0.990611 435.200000 0.862214 0.202468
0.339734 0.990384 435.300000 0.882461 -0.105577
0.339744 0.990202 435.400000 0.871903 -0.627164
0.339741 0.990100 435.500000 0.809187 1.042293
0.339759 0.989872 435.600000 0.913416 0.019679
0.339777 0.990023 435.700000 0.915384 -1.814739
0.339761 0.989950 435.800000 0.733910 -1.157930
0.339726 0.989856 435.900000 0.618117 1.077156
0.339709 0.989647 436.000000 0.725833 -0.403491
0.339685 0.989632 436.100000 0.685483 -1.356848
0.339642 0.989418 436.200000 0.549799 0.337021
0.339603 0.989449 436.300000 0.583501 -1.499824
0.339547 0.991444 436.400000 0.433518 -4.404595
0.339469 0.991458 436.500000 -0.006941 1.450462
0.339393 0.991623 436.600000 0.138105 -1.850856
0.339316 0.991462 436.700000 -0.046980 0.754008
0.339238 0.991541 436.800000 0.028420 1.635387
0.339165 0.991423 436.900000 0.191959 0.977068
0.339097 0.991196 437.000000 0.289666 -0.041675
0.339029 0.991051 437.100000 0.285498 -0.841946
0.338956 0.991118 437.200000 0.201304 -1.603008
0.338878 0.990891 437.300000 0.041003 -0.025741
0.338801 0.991689 437.400000 0.038429 -2.994011
0.338731 0.992370 437.500000 -0.260972 -2.817113
0.338688 0.992146 437.600000 -0.542684 -0.160809
0.338646 0.992104 437.700000 -0.558764 1.273377
0.338590 0.991922 437.800000 -0.431427 -0.622555
0.338540 0.992172 437.900000 -0.493682 -2.042350
0.338519 0.993087 438.000000 -0.697917 -3.162213
0.338559 0.993316 438.100000 -1.014139 1.998668
0.338557 0.993092 438.200000 -0.814272 -0.156853
0.338559 0.992866 438.300000 -0.829957 0.071728
0.338559 0.992720 438.400000 -0.822784 0.838667
0.338544 0.992761 438.500000 -0.738918 -1.530895
0.338557 0.992542 438.600000 -0.892007 -0.253185
0.338576 0.992359 438.700000 -0.917326 -0.618622
0.338608 0.992177 438.800000 -0.979188 -0.623720
0.338654 0.992282 438.900000 -1.041560 -1.704989
0.338745 0.992068 439.000000 -1.212059 -0.320280
0.338844 0.991909 439.100000 -1.244087 0.768200
0.338922 0.991751 439.200000 -1.167267 0.772244
0.338980 0.991526 439.300000 -1.090042 0.030967
0.339037 0.991560 439.400000 -1.086946 -1.511957
0.339134 0.991355 439.500000 -1.238141 -0.423665
0.339244 0.992026 439.600000 -1.280508 2.807476
0.339280 0.991871 439.700000 -0.999760 -0.786089
0.339335 0.991874 439.800000 -1.078369 1.419799
0.339358 0.991654 439.900000 -0.936389 0.204097
0.339376 0.991519 440.000000 -0.915979 0.893896
0.339376 0.991614 440.100000 -0.826590 1.679761
0.339348 0.991543 440.200000 -0.658614 1.164278
0.339305 0.991381 440.300000 -0.542186 -0.748460
0.339271 0.991230 440.400000 -0.617032 -0.805158
0.339249 0.991011 440.500000 -0.697548 0.225290
0.339224 0.990888 440.600000 -0.675019 -0.949489
0.339214 0.990697 440.700000 -0.769968 -0.547933
0.339214 0.990693 440.800000 -0.824761 1.392710
0.339191 0.990730 440.900000 -0.685490 1.520846
0.339146 0.990524 441.000000 -0.533405 -0.405272
0.339107 0.990701 441.100000 -0.573933 -1.880640
0.339096 0.990510 441.200000 -0.761997 0.543621
0.339075 0.990354 441.300000 -0.707634 0.782362
0.339043 0.990221 441.400000 -0.629398 0.896303
0.339000 0.990103 441.500000 -0.539768 0.966563
0.338945 0.990386 441.600000 -0.443112 -2.116700
0.338917 0.990269 441.700000 -0.654782 -0.974642
0.338904 0.990207 441.800000 -0.752246 1.197398
0.338873 0.990227 441.900000 -0.632506 -1.468962
0.338865 0.990057 442.000000 -0.779402 0.687038
0.338845 0.989840 442.100000 -0.710698 -0.246901
0.338830 0.989645 442.200000 -0.735388 0.508228
0.338806 0.989743 442.300000 -0.684566 -1.687221
0.338812 0.990120 442.400000 -0.853288 -2.306218
0.338868 0.990073 442.500000 -1.083910 -1.248000
0.338957 0.989849 442.600000 -1.208710 0.050522
0.339044 0.989646 442.700000 -1.203657 -0.421969
0.339142 0.989614 442.800000 -1.245854 -1.303413
0.339280 0.989417 442.900000 -1.376196 -0.479631
0.339432 0.989228 443.000000 -1.424159 0.550882
0.339567 0.989007 443.100000 -1.369070 0.132803
0.339697 0.988858 443.200000 -1.355790 0.815786
0.339804 0.989485 443.300000 -1.274212 2.744423
0.339840 0.989264 443.400000 -0.999769 0.130643
0.339873 0.989041 443.500000 -0.986705 -0.021349
0.339907 0.988877 443.600000 -0.988840 0.723477
0.339925 0.988788 443.700000 -0.916492 1.088956
0.339922 0.988582 443.800000 -0.807596 0.393856
0.339912 0.988744 443.900000 -0.768211 1.846852
0.339873 0.988545 444.000000 -0.583526 -0.461052
0.339841 0.988922 444.100000 -0.629631 2.307025
0.339783 0.988723 444.200000 -0.398928 0.458266
0.339720 0.988518 444.300000 -0.353102 -0.399912
0.339661 0.988627 444.400000 -0.393093 1.716219
0.339591 0.988530 444.500000 -0.221471 -1.054047
0.339526 0.988423 444.600000 -0.326876 1.013291
0.339456 0.988203 444.700000 -0.225547 0.149084
0.339384 0.988236 444.800000 -0.210638 1.507913
0.339308 0.988151 444.900000 -0.059847 -1.102225
0.339235 0.987988 445.000000 -0.170069 0.728203
0.339160 0.987805 445.100000 -0.097249 0.583666
0.339084 0.987712 445.200000 -0.038883 -1.072293
0.339011 0.987994 445.300000 -0.146112 2.117171
0.338935 0.988163 445.400000 0.065605 -1.866806
0.338861 0.987956 445.500000 -0.121075 -0.360796
0.338787 0.987984 445.600000 -0.157155 1.491565
0.338711 0.987765 445.700000 -0.007998 -0.153784
0.338635 0.987687 445.800000 -0.023377 -1.133079
0.338562 0.987872 445.900000 -0.136685 1.903028
0.338486 0.987755 446.000000 0.053618 -0.965587
0.338410 0.988229 446.100000 -0.042941 2.492470
0.338339 0.988245 446.200000 0.206306 1.455764
0.338277 0.988060 446.300000 0.351883 -0.564717
0.338211 0.988016 446.400000 0.295411 1.260560
0.338156 0.988062 446.500000 0.421467 1.544018
0.338117 0.988004 446.600000 0.575869 -1.205758
0.338064 0.988015 446.700000 0.455293 -1.440162
0.338000 0.987794 446.800000 0.311277 0.079412
0.337935 0.989552 446.900000 0.319218 -4.205752
0.337861 0.989335 447.000000 -0.101357 -0.191317
0.337787 0.989251 447.100000 -0.120489 1.108370
0.337712 0.989076 447.200000 -0.009652 -0.646255
0.337637 0.988857 447.300000 -0.074277 -0.129548
0.337562 0.989679 447.400000 -0.087232 -3.054556
0.337504 0.990248 447.500000 -0.392688 2.660455
0.337430 0.990271 447.600000 -0.126642 1.479172
0.337355 0.990119 447.700000 0.021275 -0.786534
0.337280 0.989949 447.800000 -0.057378 0.677025
0.337205 0.989731 447.900000 0.010324 0.138777
0.337130 0.989521 448.000000 0.024202 -0.314984
0.337054 0.990255 448.100000 -0.007296 -2.925716
0.336989 0.990034 448.200000 -0.299868 -0.033815
0.336924 0.989916 448.300000 -0.303249 -0.961625
0.336867 0.990000 448.400000 -0.399412 -1.653374
0.336827 0.989844 448.500000 -0.564749 0.760167
0.336779 0.989655 448.600000 -0.488733 -0.528250
0.336737 0.989983 448.700000 -0.541558 -2.219004
0.336727 0.989954 448.800000 -0.763458 -1.313097
0.336741 0.989812 448.900000 -0.894768 -0.840183
0.336772 0.989681 449.000000 -0.978786 -0.893782
0.336824 0.989521 449.100000 -1.068164 -0.739610
0.336895 0.989332 449.200000 -1.142125 0.522077
0.336952 0.989266 449.300000 -1.089918 -1.178100
0.337039 0.989289 449.400000 -1.207728 -1.477521
0.337168 0.989075 449.500000 -1.355480 0.242922
0.337290 0.989347 449.600000 -1.331188 2.103924
0.337355 0.989220 449.700000 -1.120795 -0.914287
0.337443 0.989434 449.800000 -1.212224 1.975164
0.337483 0.989239 449.900000 -1.014708 0.476386
0.337512 0.989165 450.000000 -0.967069 1.144567
0.337518 0.989002 450.100000 -0.852612 -0.711334
0.337537 0.988858 450.200000 -0.923746 -0.828034
0.337575 0.989020 450.300000 -1.006549 -1.854632
0.337658 0.989212 450.400000 -1.192012 1.924532
0.337694 0.989048 450.500000 -0.999559 0.709038
0.337714 0.988830 450.600000 -0.928655 0.107127
0.337733 0.988879 450.700000 -0.917943 -1.554870
0.337786 0.988660 450.800000 -1.073430 0.067815
0.337837 0.988952 450.900000 -1.066648 -2.148338
0.337944 0.988776 451.000000 -1.281482 0.618137
0.338034 0.988862 451.100000 -1.219668 1.660185
0.338082 0.988978 451.200000 -1.053650 1.739787
0.338093 0.989171 451.300000 -0.879671 1.928638
0.338070 0.989093 451.400000 -0.686807 1.128888
0.338032 0.989553 451.500000 -0.573918 -2.475789
0.338032 0.989898 451.600000 -0.821497 2.257397
0.337996 0.990033 451.700000 -0.595757 -1.789280
0.337988 0.990253 451.800000 -0.774685 1.991375
0.337950 0.990052 451.900000 -0.575548 -0.410342
0.337917 0.989853 452.000000 -0.616582 0.424910
0.337879 0.989637 452.100000 -0.574091 0.151308
0.337839 0.989422 452.200000 -0.558960 -0.193780
0.337801 0.989717 452.300000 -0.578338 2.155667
0.337741 0.990606 452.400000 -0.362772 3.166610
0.337666 0.990788 452.500000 -0.046111 1.904593
0.337594 0.992414 452.600000 0.144349 -4.087228
0.337527 0.992599 452.700000 -0.264374 -1.913257
0.337476 0.992381 452.800000 -0.455700 0.102942
0.337423 0.992501 452.900000 -0.445406 1.750610
0.337357 0.992286 453.000000 -0.270345 -0.200333
0.337292 0.992506 453.100000 -0.290378 1.994647
0.337218 0.992434 453.200000 -0.090913 1.156246
0.337144 0.992445 453.300000 0.024711 -1.441379
0.337071 0.992234 453.400000 -0.119426 0.277615
0.336998 0.992397 453.500000 -0.091665 1.859471
0.336924 0.992204 453.600000 0.094282 -0.486337
0.336850 0.991994 453.700000 0.045648 -0.275662
0.336776 0.992420 453.800000 0.018082 2.419897
0.336709 0.992284 453.900000 0.260072 0.863153
0.336648 0.992154 454.000000 0.346387 0.898166
0.336595 0.992124 454.100000 0.436204 -1.307976
0.336531 0.991936 454.200000 0.305406 0.528459
0.336471 0.991748 454.300000 0.358252 -0.521169
0.336408 0.991712 454.400000 0.306135 -1.286327
0.336337 0.991647 454.500000 0.177502 -1.180961
0.336264 0.991430 454.600000 0.059406 -0.093906
0.336190 0.991281 454.700000 0.050016 -0.795792
0.336116 0.991544 454.800000 -0.029564 2.090068
0.336046 0.991349 454.900000 0.179443 0.462352
0.335978 0.991587 455.000000 0.225678 2.035589
0.335924 0.991385 455.100000 0.429237 0.388885
0.335874 0.991187 455.200000 0.468126 0.422268
0.335829 0.992600 455.300000 0.510353 -3.853911
0.335757 0.992385 455.400000 0.124961 0.148528
0.335686 0.992964 455.500000 0.139814 -2.694309
0.335614 0.992923 455.600000 -0.129617 1.270513
0.335540 0.993075 455.700000 -0.002565 1.835704
0.335470 0.993859 455.800000 0.181005 3.022202
0.335422 0.993697 455.900000 0.483225 0.713888
0.335382 0.993668 456.000000 0.554614 1.314433
0.335360 0.993527 456.100000 0.686057 0.837760
0.335352 0.993316 456.200000 0.769833 0.248251
0.335348 0.993733 456.300000 0.794658 2.407022
0.335391 0.993516 456.400000 1.035361 0.001327
0.335435 0.993680 456.500000 1.035493 -1.867003
0.335441 0.993469 456.600000 0.848793 0.239908
0.335451 0.993251 456.700000 0.872784 0.043216
0.335462 0.993065 456.800000 0.877105 0.532399
0.335483 0.993023 456.900000 0.930345 -1.267348
0.335480 0.992817 457.000000 0.803610 -0.316372
0.335472 0.992694 457.100000 0.771973 0.927249
0.335480 0.992483 457.200000 0.864698 -0.229390
0.335484 0.993038 457.300000 0.841759 -2.659062
0.335447 0.992842 457.400000 0.575853 0.431260
0.335416 0.993188 457.500000 0.618979 -2.270837
0.335359 0.993103 457.600000 0.391895 1.098184
0.335314 0.993018 457.700000 0.501714 1.100693
0.335281 0.992879 457.800000 0.611783 -0.844884
0.335238 0.992663 457.900000 0.527295 -0.075890
0.335195 0.992493 458.000000 0.519706 0.649338
0.335159 0.992277 458.100000 0.584639 0.080288
0.335124 0.992299 458.200000 0.592668 1.478701
0.335111 0.992350 458.300000 0.740538 -1.565821
0.335075 0.992169 458.400000 0.583956 -0.571263
0.335032 0.992322 458.500000 0.526830 -1.841873
0.334972 0.992472 458.600000 0.342643 -1.831411
0.334902 0.992278 458.700000 0.159501 -0.458062
0.334830 0.992198 458.800000 0.113695 1.116667
0.334763 0.991996 458.900000 0.225362 -0.359735
0.334694 0.992526 459.000000 0.189388 2.617230
0.334643 0.992437 459.100000 0.451111 1.082292
0.334604 0.992748 459.200000 0.559341 -2.200565
0.334544 0.993185 459.300000 0.339284 -2.448652
0.334472 0.992969 459.400000 0.094419 0.067555
0.334400 0.992759 459.500000 0.101174 -0.232658
0.334328 0.992543 459.600000 0.077909 0.031063
0.334256 0.993212 459.700000 0.081015 2.851901
0.334198 0.993020 459.800000 0.366205 0.472851
0.334144 0.992812 459.900000 0.413490 0.269206
0.334092 0.992611 460.000000 0.440411 0.370517
0.334045 0.993109 460.100000 0.477462 2.562482
0.334031 0.993191 460.200000 0.733711 -1.655314
0.333993 0.993057 460.300000 0.568179 0.866986
0.333967 0.992843 460.400000 0.654878 0.132866
0.333943 0.993286 460.500000 0.668164 2.462465
0.333961 0.993144 460.600000 0.914411 -0.827914
0.333964 0.994025 460.700000 0.831619 -3.179080
0.333920 0.993887 460.800000 0.513711 -0.844365
0.333868 0.994143 460.900000 0.429275 -2.083892
0.333800 0.993930 461.000000 0.220886 0.181060
0.333734 0.993840 461.100000 0.238992 -1.072892
0.333664 0.993672 461.200000 0.131703 0.659874
0.333596 0.993459 461.300000 0.197690 -0.156556
0.333527 0.994236 461.400000 0.182034 3.027205
0.333480 0.994029 461.500000 0.484755 -0.278149
0.333431 0.993843 461.600000 0.456940 -0.517316
0.333376 0.993630 461.700000 0.405208 -0.125427
0.333321 0.993544 461.800000 0.392666 1.092462
0.333276 0.993434 461.900000 0.501912 0.984762
0.333243 0.993346 462.000000 0.600388 1.083423
0.333225 0.993196 462.100000 0.708730 -0.780123
0.333196 0.994139 462.200000 0.630718 -3.270921
0.333134 0.993962 462.300000 0.303626 0.592051
0.333076 0.994296 462.400000 0.362831 -2.254786
0.333006 0.994088 462.500000 0.137352 -0.250879
0.332935 0.993936 462.600000 0.112264 -0.760697
0.332864 0.993739 462.700000 0.036195 -0.401673
0.332792 0.993853 462.800000 -0.003973 -1.744574
0.332723 0.993666 462.900000 -0.178430 -0.512297
0.332657 0.993539 463.000000 -0.229660 0.899614
0.332587 0.993329 463.100000 -0.139698 -0.193785
0.332518 0.993173 463.200000 -0.159077 0.736832
0.332447 0.992959 463.300000 -0.085394 0.006716
0.332376 0.993251 463.400000 -0.084722 2.167857
0.332307 0.993080 463.500000 0.132064 -0.627199
0.332236 0.992978 463.600000 0.069344 1.021335
0.332167 0.992908 463.700000 0.171477 -1.157015
0.332096 0.992696 463.800000 0.055776 -0.128903
0.332024 0.992500 463.900000 0.042886 -0.414737
0.331953 0.992293 464.000000 0.001412 -0.235689
0.331881 0.992574 464.100000 -0.022157 -2.143379
0.331816 0.992567 464.200000 -0.236495 -1.387387
0.331760 0.992378 464.300000 -0.375234 -0.481079
0.331708 0.992237 464.400000 -0.423342 0.819551
0.331649 0.992077 464.500000 -0.341387 -0.705409
0.331596 0.992008 464.600000 -0.411927 -1.160673
0.331554 0.991832 464.700000 -0.527995 0.586104
0.331507 0.992251 464.800000 -0.469384 2.425663
0.331441 0.992679 464.900000 -0.226818 2.442245
0.331370 0.992576 465.000000 0.017406 -1.012654
0.331299 0.992417 465.100000 -0.083859 0.707412
0.331228 0.992623 465.200000 -0.013118 -1.977173
0.331162 0.992659 465.300000 -0.210835 1.521901
0.331091 0.992452 465.400000 -0.058645 0.237127
0.331020 0.992271 465.500000 -0.034932 -0.552594
0.330950 0.992313 465.600000 -0.090192 -1.541340
0.330885 0.992883 465.700000 -0.244326 2.699526
0.330814 0.992673 465.800000 0.025627 -0.169804
0.330743 0.992559 465.900000 0.008646 0.963759
0.330673 0.992468 466.000000 0.105022 -1.065171
0.330602 0.992374 466.100000 -0.001495 -1.052208
0.330533 0.992167 466.200000 -0.106716 0.235530
0.330462 0.992668 466.300000 -0.083163 2.580743
0.330395 0.992505 466.400000 0.174912 -0.676638
0.330325 0.992679 466.500000 0.107248 -1.901173
0.330255 0.993493 466.600000 -0.082869 -3.095115
0.330201 0.993326 466.700000 -0.392381 0.654589
0.330142 0.993171 466.800000 -0.326922 -0.733760
0.330088 0.993023 466.900000 -0.400298 0.781242
0.330029 0.992842 467.000000 -0.322174 0.536981
0.329966 0.993413 467.100000 -0.268475 -2.706358
0.329926 0.993220 467.200000 -0.539111 -0.428507
0.329892 0.993083 467.300000 -0.581962 0.838852
0.329848 0.992874 467.400000 -0.498077 -0.172236
0.329806 0.992705 467.500000 -0.515300 -0.641596
0.329771 0.992844 467.600000 -0.579460 -1.812819
0.329762 0.992770 467.700000 -0.760742 -1.134121
0.329774 0.993548 467.800000 -0.874154 -3.043927
0.329852 0.993350 467.900000 -1.178547 0.371928
0.329920 0.993141 468.000000 -1.141354 -0.175585
0.329993 0.993053 468.100000 -1.158912 1.075577
0.330041 0.992857 468.200000 -1.051355 -0.396357
0.330097 0.992883 468.300000 -1.090990 -1.492993
0.330191 0.992688 468.400000 -1.240290 0.400739
0.330274 0.992498 468.500000 -1.200216 -0.448331
0.330369 0.992286 468.600000 -1.245049 -0.009334
0.330464 0.992279 468.700000 -1.245982 -1.383167
0.330598 0.992102 468.800000 -1.384299 -0.573940
0.330749 0.992233 468.900000 -1.441693 -1.791440
0.330959 0.992184 469.000000 -1.620837 -1.236363
0.331213 0.992055 469.100000 -1.744473 0.881098
0.331434 0.992030 469.200000 -1.656363 1.322540
0.331611 0.991820 469.300000 -1.524109 -0.065134
0.331790 0.992712 469.400000 -1.530623 3.219673
0.331875 0.992558 469.500000 -1.208655 -0.734673
0.331979 0.992352 469.600000 -1.282123 0.222322
0.332077 0.992219 469.700000 -1.259891 0.853283
0.332154 0.992009 469.800000 -1.174562 -0.125269
0.332233 0.992303 469.900000 -1.187089 -2.178580
0.332372 0.992100 470.000000 -1.404947 0.279954
0.332503 0.991970 470.100000 -1.376952 0.869227
0.332609 0.991763 470.200000 -1.290029 -0.212944
0.332721 0.991571 470.300000 -1.311323 -0.413237
0.332845 0.992767 470.400000 -1.352647 3.639183
0.332878 0.992807 470.500000 -0.988729 1.534393
0.332882 0.993693 470.600000 -0.835290 -3.214198
0.332953 0.993528 470.700000 -1.156709 -0.660452
0.333041 0.993331 470.800000 -1.222755 -0.354241
0.333138 0.993179 470.900000 -1.258179 0.746733
0.333216 0.992970 471.000000 -1.183505 -0.135333
0.333298 0.993177 471.100000 -1.197039 1.984685
0.333333 0.992977 471.200000 -0.998570 -0.313494
0.333374 0.992884 471.300000 -1.029920 -1.053178
0.333440 0.992694 471.400000 -1.135237 0.444094
0.333496 0.993121 471.500000 -1.090828 2.452133
0.333501 0.992911 471.600000 -0.845615 -0.031612
0.333507 0.992712 471.700000 -0.848776 0.326856
0.333507 0.992596 471.800000 -0.816090 -0.946924
0.333524 0.992422 471.900000 -0.910783 0.585251
0.333530 0.992289 472.000000 -0.852258 0.852790
0.333522 0.992082 472.100000 -0.766979 -0.153216
0.333516 0.992154 472.200000 -0.782300 1.633207
0.333486 0.991945 472.300000 -0.618980 -0.091663
0.333457 0.992030 472.400000 -0.628146 -1.669996
0.333453 0.991986 472.500000 -0.795145 -1.252591
0.333472 0.992020 472.600000 -0.920405 1.517991
0.333464 0.991901 472.700000 -0.768605 -0.926955
0.333472 0.992046 472.800000 -0.861301 -1.830484
0.333517 0.995100 472.900000 -1.044349 5.557087
0.333472 0.995207 473.000000 -0.488641 1.733718
0.333412 0.995286 473.100000 -0.315269 -1.653084
0.333366 0.995220 473.200000 -0.480577 -1.168344
0.333333 0.995307 473.300000 -0.597412 -1.677513
0.333324 0.995527 473.400000 -0.765163 2.019709
0.333288 0.995351 473.500000 -0.563192 -0.568853
0.333258 0.995439 473.600000 -0.620077 -1.679592
0.333253 0.995283 473.700000 -0.788037 0.717337
0.333237 0.995378 473.800000 -0.716303 1.700110
0.333198 0.995169 473.900000 -0.546292 0.090188
0.333158 0.995357 474.000000 -0.537273 1.941652
0.333100 0.995148 474.100000 -0.343108 -0.104225
0.333043 0.994990 474.200000 -0.353530 -0.703636
0.332992 0.994888 474.300000 -0.423894 -1.007531
0.332951 0.994986 474.400000 -0.524647 -1.710921
0.332932 0.995057 474.500000 -0.695739 -1.630520
0.332939 0.994879 474.600000 -0.858791 0.549900
0.332937 0.994825 474.700000 -0.803801 -1.214423
0.332957 0.995162 474.800000 -0.925244 -2.277924
0.333027 0.995460 474.900000 -1.153036 -2.197170
0.333155 0.995311 475.000000 -1.372753 0.757571
0.333262 0.995501 475.100000 -1.296996 1.947554
0.333320 0.995317 475.200000 -1.102240 0.490264
0.333366 0.995238 475.300000 -1.053214 1.115658
0.333390 0.995767 475.400000 -0.941648 2.649374
0.333368 0.995601 475.500000 -0.676711 0.645615
0.333337 0.995393 475.600000 -0.612149 0.079765
0.333305 0.995273 475.700000 -0.604173 0.922041
0.333263 0.995152 475.800000 -0.511969 -0.914007
0.333231 0.995006 475.900000 -0.603369 0.780429
0.333190 0.995466 476.000000 -0.525327 2.522836
0.333128 0.995275 476.100000 -0.273043 -0.414630
0.333068 0.995164 476.200000 -0.314506 0.965146
0.333003 0.995039 476.300000 -0.217991 0.895591
0.332935 0.995303 476.400000 -0.128432 2.122632
0.332866 0.995098 476.500000 0.083831 -0.180185
0.332797 0.994890 476.600000 0.065812 -0.098377
0.332727 0.994694 476.700000 0.055975 0.344658
0.332658 0.994941 476.800000 0.090440 2.085374
0.332598 0.995104 476.900000 0.298978 -1.884019
0.332529 0.994905 477.000000 0.110576 0.287866
0.332462 0.994698 477.100000 0.139363 -0.115818
0.332394 0.994517 477.200000 0.127781 0.517697
0.332328 0.994936 477.300000 0.179550 2.446551
0.332277 0.995714 477.400000 0.424205 3.069385
0.332263 0.995997 477.500000 0.731144 -2.166958
0.332221 0.995789 477.600000 0.514448 -0.037183
0.332179 0.995958 477.700000 0.510730 -1.898832
0.332120 0.995986 477.800000 0.320847 -1.505660
0.332054 0.995827 477.900000 0.170281 0.688085
0.331990 0.995890 478.000000 0.239089 -1.607874
0.331922 0.995795 478.100000 0.078302 1.042036
0.331856 0.995743 478.200000 0.182505 1.222888
0.331796 0.996225 478.300000 0.304794 2.570024
0.331760 0.996126 478.400000 0.561797 1.021152
0.331736 0.996037 478.500000 0.663912 1.068625
0.331729 0.996128 478.600000 0.770774 -1.690871
0.331698 0.995978 478.700000 0.601687 0.750566
0.331676 0.995870 478.800000 0.676744 -0.977710
0.331642 0.995836 478.900000 0.578973 1.290557
0.331625 0.995678 479.000000 0.708029 0.688879
0.331619 0.995496 479.100000 0.776917 0.495064
0.331621 0.995323 479.200000 0.826423 0.579355
0.331633 0.995116 479.300000 0.884358 0.036179
0.331646 0.995203 479.400000 0.887976 1.681594
0.331694 0.995160 479.500000 1.056136 -1.258241
0.331715 0.995138 479.600000 0.930312 1.333386
0.331763 0.994941 479.700000 1.063650 0.310595
0.331819 0.994734 479.800000 1.094710 -0.036090
0.331874 0.994548 479.900000 1.091101 0.450293
0.331939 0.994346 480.000000 1.136130 0.230390
0.332010 0.994583 480.100000 1.159169 -2.064336
0.332035 0.994699 480.200000 0.952736 -1.762679
0.332029 0.994651 480.300000 0.776468 -1.236641
0.332004 0.994471 480.400000 0.652804 -0.513020
0.331973 0.994475 480.500000 0.601502 -1.420634
0.331926 0.994368 480.600000 0.459438 0.983015
0.331889 0.994162 480.700000 0.557740 -0.066595
0.331852 0.994067 480.800000 0.551080 -1.039111
0.331803 0.993912 480.900000 0.447169 -0.704134
0.331749 0.993846 481.000000 0.376756 1.161806
0.331706 0.993771 481.100000 0.492936 -1.125937
0.331652 0.993577 481.200000 0.380343 -0.344248
0.331595 0.993392 481.300000 0.345918 -0.458085
0.331536 0.993190 481.400000 0.300109 0.192406
0.331477 0.993376 481.500000 0.319350 1.943852
0.331436 0.993447 481.600000 0.513735 1.633398
0.331415 0.994217 481.700000 0.677075 -3.066804
0.331360 0.994010 481.800000 0.370395 0.022521
0.331306 0.993949 481.900000 0.372647 1.180891
0.331262 0.993865 482.000000 0.490736 1.087805
0.331231 0.994047 482.100000 0.599516 -1.934772
0.331179 0.993844 482.200000 0.406039 -0.165555
0.331126 0.993648 482.300000 0.389484 -0.308077
0.331071 0.993842 482.400000 0.358676 1.964092
0.331034 0.994087 482.500000 0.555085 2.088118
0.331026 0.994568 482.600000 0.763897 2.573846
0.331066 0.994710 482.700000 1.021282 -1.834891
0.331070 0.994573 482.800000 0.837792 -0.816674
0.331060 0.994539 482.900000 0.756125 1.288343
0.331073 0.994338 483.000000 0.884959 -0.218820
0.331081 0.994237 483.100000 0.863077 -1.005703
0.331073 0.994265 483.200000 0.762507 1.503128
0.331091 0.996367 483.300000 0.912820 -4.723412
0.331042 0.996183 483.400000 0.440479 -0.453916
0.330990 0.996059 483.500000 0.395087 0.891147
0.330946 0.995933 483.600000 0.484202 -0.878999
0.330894 0.995928 483.700000 0.396302 1.395119
0.330855 0.995937 483.800000 0.535814 1.441057
0.330834 0.996466 483.900000 0.679919 2.667011
0.330859 0.996397 484.000000 0.946621 1.152548
0.330907 0.996247 484.100000 1.061875 -0.736928
0.330939 0.997598 484.200000 0.988182 -3.882065
0.330908 0.997419 484.300000 0.599976 -0.510020
0.330871 0.997216 484.400000 0.548974 -0.188967
0.330832 0.997030 484.500000 0.530077 0.435104
0.330797 0.996825 484.600000 0.573588 0.056933
0.330764 0.996657 484.700000 0.579281 -0.607882
0.330723 0.996470 484.800000 0.518493 -0.420360
0.330678 0.996281 484.900000 0.476457 0.396003
0.330638 0.996124 485.000000 0.516057 0.684443
0.330605 0.995922 485.100000 0.584501 -0.197267
0.330569 0.995788 485.200000 0.564775 0.830059
0.330544 0.995585 485.300000 0.647781 -0.148062
0.330518 0.995470 485.400000 0.632974 -0.933247
0.330480 0.995554 485.500000 0.539650 1.676058
0.330463 0.995833 485.600000 0.707256 2.168543
0.330483 0.995874 485.700000 0.924110 1.544290
0.330535 0.995673 485.800000 1.078539 0.208778
0.330591 0.995579 485.900000 1.099417 -1.038323
0.330625 0.995543 486.000000 0.995584 -1.280695
0.330634 0.995342 486.100000 0.867515 0.196690
0.330647 0.995298 486.200000 0.887184 -1.248178
0.330639 0.995866 486.300000 0.762366 -2.742636
0.330596 0.995851 486.400000 0.488102 1.355932
0.330568 0.995840 486.500000 0.623696 1.373537
0.330559 0.996401 486.600000 0.761049 2.730444
0.330601 0.996285 486.700000 1.034094 0.928832
0.330664 0.996459 486.800000 1.126977 1.919562
0.330774 0.996259 486.900000 1.318933 0.218537
0.330891 0.996057 487.000000 1.340787 -0.163486
0.331003 0.995862 487.100000 1.324438 -0.290495
0.331107 0.995662 487.200000 1.295389 0.226370
0.331218 0.995749 487.300000 1.318026 1.683701
0.331376 0.995557 487.400000 1.486396 -0.341621
0.331525 0.995358 487.500000 1.452234 -0.221346
0.331666 0.995783 487.600000 1.430099 -2.477064
0.331742 0.995614 487.700000 1.182393 -0.589580
0.331803 0.995487 487.800000 1.123435 -0.867312
0.331845 0.995322 487.900000 1.036703 0.616229
0.331901 0.995573 488.000000 1.098326 -2.107539
0.331913 0.995374 488.100000 0.887572 0.218627
0.331930 0.995435 488.200000 0.909435 1.609741
0.331979 0.995844 488.300000 1.070409 -2.445184
0.331981 0.995652 488.400000 0.825891 -0.345245
0.331977 0.995454 488.500000 0.791366 -0.243615
0.331970 0.995270 488.600000 0.767005 -0.430872
0.331955 0.995199 488.700000 0.723918 1.139285
0.331959 0.995034 488.800000 0.837846 0.612993
0.331974 0.995016 488.900000 0.899145 -1.348620
0.331966 0.994889 489.000000 0.764283 -0.864739
0.331945 0.994839 489.100000 0.677810 1.224246
0.331942 0.994744 489.200000 0.800234 -1.027878
0.331924 0.994553 489.300000 0.697446 -0.348571
0.331901 0.994359 489.400000 0.662589 0.298922
0.331883 0.994161 489.500000 0.692481 -0.216944
0.331861 0.994254 489.600000 0.670787 -1.703721
0.331819 0.994247 489.700000 0.500415 1.386296
0.331792 0.994133 489.800000 0.639044 -0.930745
0.331755 0.993961 489.900000 0.545970 0.557888
0.331724 0.994951 490.000000 0.601759 3.418970
0.331748 0.994799 490.100000 0.943656 -0.706349
0.331758 0.994652 490.200000 0.873021 -0.741829
0.331755 0.994459 490.300000 0.798838 -0.307979
0.331748 0.994308 490.400000 0.768040 0.709384
0.331752 0.994374 490.500000 0.838978 1.624717
0.331786 0.994173 490.600000 1.001450 0.132810
0.331824 0.993971 490.700000 1.014731 0.002451
0.331861 0.994059 490.800000 1.014976 1.689798
0.331936 0.993920 490.900000 1.183956 -0.787277
0.331993 0.994055 491.000000 1.105228 -1.822208
0.332012 0.993875 491.100000 0.923008 0.465059
0.332040 0.993929 491.200000 0.969513 -1.587558
0.332039 0.994398 491.300000 0.810758 -2.567960
0.332003 0.994703 491.400000 0.553962 2.232662
0.331997 0.994630 491.500000 0.777228 -1.127692
0.331974 0.994484 491.600000 0.664458 0.748340
0.331962 0.994450 491.700000 0.739292 -1.285365
0.331933 0.994306 491.800000 0.610756 -0.755618
0.331894 0.994677 491.900000 0.535194 -2.373859
0.331836 0.994742 492.000000 0.297808 1.623857
0.331790 0.994624 492.100000 0.460194 0.910180
0.331754 0.994467 492.200000 0.551212 -0.662836
0.331710 0.994936 492.300000 0.484928 -2.571053
0.331648 0.994804 492.400000 0.227823 0.830833
0.331590 0.994945 492.500000 0.310906 -1.838208
0.331525 0.994749 492.600000 0.127086 0.237721
0.331460 0.994688 492.700000 0.150858 1.175767
0.331400 0.994530 492.800000 0.268434 0.657173
0.331344 0.994355 492.900000 0.334152 0.521637
0.331292 0.994747 493.000000 0.386315 -2.417778
0.331227 0.994545 493.100000 0.144538 -0.020877
0.331162 0.994422 493.200000 0.142450 0.881970
0.331100 0.994536 493.300000 0.230647 1.763204
0.331050 0.994559 493.400000 0.406967 1.489712
0.331014 0.994395 493.500000 0.555939 0.605817
0.330985 0.994359 493.600000 0.616520 1.280084
0.330975 0.994776 493.700000 0.744529 2.470972
0.331007 0.994576 493.800000 0.991626 0.098910
0.331042 0.994962 493.900000 1.001517 -2.408798
0.331033 0.994764 494.000000 0.760637 0.185903
0.331028 0.994701 494.100000 0.779227 1.172491
0.331042 0.995190 494.200000 0.896476 -2.610607
0.331016 0.995061 494.300000 0.635416 -0.849258
0.330980 0.994861 494.400000 0.550490 -0.090565
0.330942 0.995371 494.500000 0.541433 -2.651807
0.330883 0.995188 494.600000 0.276253 -0.424002
0.330822 0.994987 494.700000 0.233852 -0.071628
0.330760 0.994875 494.800000 0.226690 -0.939030
0.330695 0.995109 494.900000 0.132787 2.075273
0.330640 0.994910 495.000000 0.340314 0.136797
0.330586 0.994737 495.100000 0.353994 0.523007
0.330536 0.994544 495.200000 0.406294 0.291429
0.330488 0.994346 495.300000 0.435437 0.143742
0.330442 0.994150 495.400000 0.449811 0.214641
0.330398 0.994113 495.500000 0.471275 1.272995
0.330367 0.994672 495.600000 0.598575 2.745380
0.330377 0.994759 495.700000 0.873113 -1.686566
0.330361 0.996335 495.800000 0.704456 4.197812
0.330422 0.996134 495.900000 1.124238 -0.022689
0.330482 0.995957 496.000000 1.121969 0.484040
0.330553 0.995921 496.100000 1.170373 -1.278910
0.330596 0.995788 496.200000 1.042482 0.823230
0.330657 0.995702 496.300000 1.124805 -1.067141
0.330695 0.995555 496.400000 1.018091 0.727053
0.330748 0.995466 496.500000 1.090796 1.051944
0.330825 0.996257 496.600000 1.195990 -3.137573
0.330837 0.996056 496.700000 0.882233 -0.027975
0.330848 0.995959 496.800000 0.879435 1.011787
0.330878 0.995777 496.900000 0.980614 0.435067
0.330917 0.995582 497.000000 1.024121 -0.220527
0.330952 0.995504 497.100000 1.002068 1.102472
0.331010 0.995493 497.200000 1.112315 1.372232
0.331100 0.995293 497.300000 1.249539 0.000907
0.331190 0.995100 497.400000 1.249629 0.268417
0.331288 0.995038 497.500000 1.276471 -1.173031
0.331356 0.995385 497.600000 1.159168 -2.332624
0.331376 0.995208 497.700000 0.925905 0.472906
0.331404 0.997121 497.800000 0.973196 -4.586802
0.331364 0.996954 497.900000 0.514516 -0.579521
0.331319 0.996839 498.000000 0.456564 0.922683
0.331282 0.997270 498.100000 0.548832 -2.507102
0.331225 0.997091 498.200000 0.298122 -0.462806
0.331165 0.997096 498.300000 0.251841 1.429798
0.331114 0.997069 498.400000 0.394821 -1.311380
0.331054 0.996870 498.500000 0.263683 -0.109264
0.330994 0.996735 498.600000 0.252757 0.803547
0.330939 0.996586 498.700000 0.333112 0.715064
0.330889 0.996420 498.800000 0.404618 0.578634
0.330844 0.996252 498.900000 0.462481 -0.558769
0.330795 0.996061 499.000000 0.406604 -0.301040
0.330743 0.995863 499.100000 0.376500 0.121608
0.330692 0.996497 499.200000 0.388661 -2.884953
0.330626 0.996309 499.300000 0.100166 -0.332857
0.330561 0.996886 499.400000 0.066880 2.785388
0.330506 0.997007 499.500000 0.345419 1.788409
0.330468 0.996849 499.600000 0.524260 0.646364
0.330436 0.996650 499.700000 0.588896 0.046312
0.330405 0.996539 499.800000 0.593527 -0.939889
0.330364 0.996585 499.900000 0.499538 1.566584
0.330341 0.997473 500.000000 0.656197 3.299004
0.330372 0.997798 500.100000 0.986097 2.288860
0.330454 0.997864 500.200000 1.214983 -1.631044
0.330498 0.997701 500.300000 1.051879 -0.599333
0.330531 0.997503 500.400000 0.991946 0.139070
0.330566 0.997340 500.500000 1.005853 -0.600423
0.330589 0.997455 500.600000 0.945810 -1.773846
0.330582 0.997845 500.700000 0.768426 2.428392
0.330618 0.997689 500.800000 1.011265 0.660337
0.330668 0.997490 500.900000 1.077299 -0.040854
0.330717 0.997322 501.000000 1.073213 0.561124
0.330778 0.997159 501.100000 1.129325 -0.600831
0.330826 0.997209 501.200000 1.069242 1.578505
0.330910 0.997073 501.300000 1.227093 -0.793876
0.330976 0.996914 501.400000 1.147705 0.632463
0.331056 0.996761 501.500000 1.210952 0.676528
0.331153 0.996860 501.600000 1.278604 1.728786
0.331297 0.996751 501.700000 1.451483 0.949854
0.331469 0.997497 501.800000 1.546468 -3.079354
0.331556 0.997310 501.900000 1.238533 -0.331229
0.331634 0.997114 502.000000 1.205410 0.165338
0.331717 0.998100 502.100000 1.221944 -3.449780
0.331728 0.997924 502.200000 0.876966 0.482896
0.331747 0.998604 502.300000 0.925255 2.970999
0.331829 0.998592 502.400000 1.222355 -1.368824
0.331881 0.998411 502.500000 1.085473 0.419563
0.331941 0.998233 502.600000 1.127429 -0.459478
0.331991 0.998218 502.700000 1.081481 -1.357960
0.332014 0.998022 502.800000 0.945685 -0.148088
0.332034 0.997881 502.900000 0.930877 -0.758142
0.332041 0.997723 503.000000 0.855062 -0.643107
0.332037 0.997784 503.100000 0.790752 1.614707
0.332061 0.997715 503.200000 0.952222 1.140198
0.332108 0.997541 503.300000 1.066242 -0.495786
0.332145 0.997389 503.400000 1.016663 0.683234
0.332196 0.997305 503.500000 1.084987 1.070533
0.332271 0.997126 503.600000 1.192040 -0.432515
0.332336 0.997866 503.700000 1.148789 -3.074262
0.332340 0.997958 503.800000 0.841362 1.709308
0.332376 0.997948 503.900000 1.012293 1.379039
0.332441 0.997815 504.000000 1.150197 -0.809106
0.332489 0.997711 504.100000 1.069287 -0.971093
0.332516 0.997652 504.200000 0.972177 1.181689
0.332568 0.997505 504.300000 1.090346 0.716102
0.332636 0.997314 504.400000 1.161956 -0.260140
0.332698 0.997149 504.500000 1.135942 -0.574690
0.332747 0.997367 504.600000 1.078473 -2.048448
0.332757 0.997182 504.700000 0.873628 0.365853
0.332773 0.997070 504.800000 0.910214 0.928819
0.332807 0.996914 504.900000 1.003096 -0.641441
0.332828 0.996786 505.000000 0.938952 -0.840929
0.332835 0.996884 505.100000 0.854859 1.725639
0.332873 0.997379 505.200000 1.027423 2.644802
0.332973 0.997988 505.300000 1.291903 -2.855673
0.333007 0.997798 505.400000 1.006335 -0.282265
0.333036 0.997727 505.500000 0.978109 -1.128649
0.333044 0.997582 505.600000 0.865244 -0.728942
0.333040 0.997590 505.700000 0.792350 -1.440463
0.333016 0.997396 505.800000 0.648304 -0.173846
0.332989 0.997249 505.900000 0.630919 0.713518
0.332972 0.997681 506.000000 0.702271 2.521957
0.332996 0.997512 506.100000 0.954466 0.537647
0.333031 0.997438 506.200000 1.008231 -1.116139
0.333045 0.997354 506.300000 0.896617 1.071172
0.333078 0.997159 506.400000 1.003735 0.121013
0.333114 0.996988 506.500000 1.015836 -0.514324
0.333141 0.996802 506.600000 0.964403 0.324624
0.333173 0.996887 506.700000 0.996866 -1.691800
0.333175 0.996691 506.800000 0.827686 -0.054275
0.333176 0.996690 506.900000 0.822258 -1.406798
0.333156 0.996611 507.000000 0.681578 1.091816
0.333152 0.996442 507.100000 0.790760 0.526833
0.333156 0.996297 507.200000 0.843443 0.727423
0.333173 0.996104 507.300000 0.916186 -0.169873
0.333187 0.995912 507.400000 0.899198 0.208718
0.333205 0.996112 507.500000 0.920070 -2.007246
0.333190 0.995917 507.600000 0.719346 -0.088293
0.333174 0.995970 507.700000 0.710516 -1.589382
0.333139 0.995780 507.800000 0.551578 -0.253226
0.333100 0.995911 507.900000 0.526255 -1.824147
0.333046 0.996044 508.000000 0.343841 -1.828733
0.332983 0.996107 508.100000 0.160967 1.620172
0.332928 0.995926 508.200000 0.322985 0.390432
0.332876 0.995796 508.300000 0.362028 -0.820863
0.332818 0.995617 508.400000 0.279942 -0.416930
0.332758 0.995501 508.500000 0.238249 0.899692
0.332703 0.995306 508.600000 0.328218 0.080195
0.332649 0.995283 508.700000 0.336237 1.323591
0.332605 0.996070 508.800000 0.468596 -3.162871
0.332542 0.996445 508.900000 0.152309 2.411465
0.332492 0.996481 509.000000 0.393456 -1.533967
0.332432 0.996285 509.100000 0.240059 0.033207
0.332373 0.996157 509.200000 0.243380 0.826212
0.332318 0.995988 509.300000 0.326001 0.525527
0.332267 0.995793 509.400000 0.378554 0.071216
0.332216 0.995600 509.500000 0.385675 -0.162072
0.332164 0.995984 509.600000 0.369468 2.429058
0.332136 0.995973 509.700000 0.612374 -1.371616
0.332093 0.997187 509.800000 0.475212 3.790789
0.332100 0.996996 509.900000 0.854291 -0.226147
0.332102 0.996869 510.000000 0.831677 -0.832104
0.332092 0.996683 510.100000 0.748466 0.319286
0.332087 0.996585 510.200000 0.780395 0.993759
0.332097 0.996400 510.300000 0.879771 -0.327705
0.332103 0.996506 510.400000 0.847000 1.753667
0.332140 0.996366 510.500000 1.022367 -0.748684
0.332163 0.996186 510.600000 0.947498 0.400116
0.332193 0.996081 510.700000 0.987510 -0.956031
0.332206 0.995897 510.800000 0.891907 -0.334035
0.332213 0.995828 510.900000 0.858503 1.135757
0.332241 0.995633 511.000000 0.972079 -0.000028
0.332268 0.995671 511.100000 0.972076 1.542263
0.332327 0.995895 511.200000 1.126303 -2.068809
0.332345 0.995733 511.300000 0.919422 -0.583387
0.332352 0.995568 511.400000 0.861083 0.548450
0.332369 0.995390 511.500000 0.915928 -0.409468
0.332379 0.995343 511.600000 0.874981 1.227738
0.332411 0.995162 511.700000 0.997755 -0.374621
0.332437 0.994993 511.800000 0.960293 -0.505254
0.332452 0.994810 511.900000 0.909768 0.345687
0.332475 0.994625 512.000000 0.944336 0.306339
0.332503 0.994535 512.100000 0.974970 -1.035245
0.332512 0.994610 512.200000 0.871446 1.659887
0.332552 0.994547 512.300000 1.037434 1.160412
0.332617 0.994433 512.400000 1.153475 -0.905791
0.332662 0.994431 512.500000 1.062896 1.402185
0.332738 0.994873 512.600000 1.203115 -2.552653
0.332761 0.994680 512.700000 0.947850 -0.121575
0.332782 0.994486 512.800000 0.935692 0.021514
0.332802 0.994297 512.900000 0.937844 0.227782
0.332827 0.994251 513.000000 0.960622 -1.232405
0.332831 0.994793 513.100000 0.837381 2.747714
0.332887 0.994628 513.200000 1.112153 -0.543702
0.332931 0.994436 513.300000 1.057782 0.134697
0.332978 0.994447 513.400000 1.071252 1.449450
0.333057 0.994357 513.500000 1.216197 -1.028930
0.333113 0.994180 513.600000 1.113304 -0.416897
0.333159 0.994028 513.700000 1.071615 -0.655201
0.333193 0.993835 513.800000 1.006094 -0.077868
0.333225 0.993652 513.900000 0.998308 0.313991
0.333264 0.993766 514.000000 1.029707 -1.777550
0.333269 0.993611 514.100000 0.851952 -0.630675
0.333265 0.993534 514.200000 0.788884 1.093897
0.333279 0.993342 514.300000 0.898274 -0.068369
0.333291 0.993167 514.400000 0.891437 -0.437270
0.333296 0.992997 514.500000 0.847710 -0.482070
0.333294 0.993048 514.600000 0.799503 1.585493
0.333318 0.993010 514.700000 0.958052 1.261444
0.333367 0.992858 514.800000 1.084197 0.648912
0.333431 0.993982 514.900000 1.149088 3.682585
0.333590 0.993911 515.000000 1.517346 -1.123215
0.333716 0.993740 515.100000 1.405025 0.476804
0.333856 0.993959 515.200000 1.452705 -2.059116
0.333942 0.993845 515.300000 1.246794 -0.901312
0.334007 0.993851 515.400000 1.156663 -1.432082
0.334042 0.993688 515.500000 1.013454 -0.557248
0.334066 0.993889 515.600000 0.957730 2.013929
0.334132 0.994116 515.700000 1.159122 -2.081629
0.334155 0.993970 515.800000 0.950959 0.696730
0.334191 0.994028 515.900000 1.020633 -1.605320
0.334198 0.994075 516.000000 0.860101 -1.573584
0.334181 0.993890 516.100000 0.702742 0.275923
0.334168 0.993697 516.200000 0.730334 -0.005065
0.334155 0.993572 516.300000 0.729828 -0.831099
0.334131 0.993381 516.400000 0.646718 -0.147693
0.334105 0.993192 516.500000 0.631949 0.182259
0.334081 0.993025 516.600000 0.650175 0.510765
0.334064 0.992863 516.700000 0.701251 -0.559500
0.334039 0.992725 516.800000 0.645301 0.746590
0.334025 0.992663 516.900000 0.719960 -1.157021
0.333996 0.993117 517.000000 0.604258 -2.585494
0.333943 0.992973 517.100000 0.345709 -0.706987
0.333885 0.992994 517.200000 0.275010 1.484617
0.333838 0.992808 517.300000 0.423472 0.228604
0.333793 0.993033 517.400000 0.446332 -2.078612
0.333734 0.992842 517.500000 0.238471 0.093429
0.333675 0.992652 517.600000 0.247814 0.111907
0.333617 0.992493 517.700000 0.259004 0.583877
0.333563 0.992340 517.800000 0.317392 0.632613
0.333512 0.992166 517.900000 0.380653 0.427758
0.333465 0.992590 518.000000 0.423429 2.526048
0.333445 0.992640 518.100000 0.676034 1.582192
0.333448 0.992615 518.200000 0.834253 1.314877
0.333473 0.992748 518.300000 0.965741 -1.833341
0.333468 0.993186 518.400000 0.782407 2.555335
0.333508 0.993145 518.500000 1.037940 -1.248132
0.333524 0.993190 518.600000 0.913127 -1.567264
0.333515 0.993115 518.700000 0.756401 1.096817
0.333523 0.993240 518.800000 0.866082 1.813140
0.333564 0.993550 518.900000 1.047396 2.280356
0.333656 0.993373 519.000000 1.275432 0.383614
0.333758 0.993226 519.100000 1.313793 -0.677372
0.333844 0.993051 519.200000 1.246056 -0.422338
0.333919 0.993036 519.300000 1.203822 -1.349439
0.333965 0.992857 519.400000 1.068878 0.361514
0.334018 0.992864 519.500000 1.105030 1.434036
0.334103 0.992827 519.600000 1.248433 -1.266812
0.334160 0.992851 519.700000 1.121752 1.494540
0.334251 0.992693 519.800000 1.271206 -0.589788
0.334328 0.992503 519.900000 1.212227 -0.071399
0.334404 0.992335 520.000000 1.205088 -0.488925
0.334468 0.992466 520.100000 1.156195 1.828002
0.334576 0.992289 520.200000 1.338995 0.385167
0.334694 0.992106 520.300000 1.377512 0.282232
0.334819 0.992043 520.400000 1.405735 1.151610
0.334977 0.992156 520.500000 1.520896 1.777940
0.335190 0.991970 520.600000 1.698690 -0.215325
0.335396 0.992674 520.700000 1.677158 3.052303
0.335709 0.992712 520.800000 1.982388 1.544759
0.336082 0.992854 520.900000 2.136864 -1.860612
0.336383 0.992802 521.000000 1.950803 1.201935
0.336730 0.992636 521.100000 2.070996 -0.508980
0.337057 0.992696 521.200000 2.020098 -1.613623
0.337323 0.992509 521.300000 1.858736 0.196337
0.337597 0.992935 521.400000 1.878370 2.535526
0.337968 0.993263 521.500000 2.131922 2.325706
0.338439 0.993295 521.600000 2.364493 -1.523774
0.338843 0.994148 521.700000 2.212115 -3.299570
0.339118 0.993966 521.800000 1.882158 -0.286308
0.339382 0.993816 521.900000 1.853528 0.652652
0.339669 0.993878 522.000000 1.918793 1.622289
0.340019 0.993769 522.100000 2.081022 -0.924239
0.340332 0.994604 522.200000 1.988598 3.272069
0.340780 0.994447 522.300000 2.315805 -0.593397
0.341202 0.994415 522.400000 2.256465 -1.287410
0.341570 0.994236 522.500000 2.127724 -0.342243
0.341924 0.994533 522.600000 2.093500 -2.254862
0.342193 0.994342 522.700000 1.868014 0.029314
0.342462 0.994562 522.800000 1.870945 2.069819
0.342809 0.994591 522.900000 2.077927 1.513191
0.343219 0.995851 523.000000 2.229246 -3.896013
0.343476 0.995687 523.100000 1.839645 -0.516861
0.343716 0.995997 523.200000 1.787959 -2.289158
0.343883 0.995861 523.300000 1.559043 0.754371
0.344072 0.995753 523.400000 1.634480 -0.926474
0.344234 0.995599 523.500000 1.541832 -0.621398
0.344377 0.995435 523.600000 1.479693 -0.520987
0.344506 0.995424 523.700000 1.427594 1.370416
0.344673 0.995328 523.800000 1.564636 0.987448
0.344872 0.995820 523.900000 1.663380 -2.674969
0.344992 0.996196 524.000000 1.395883 2.434625
0.345182 0.996010 524.100000 1.639346 0.199463
0.345379 0.995913 524.200000 1.659292 0.987918
0.345608 0.995724 524.300000 1.758084 -0.113372
0.345833 0.995581 524.400000 1.746747 -0.701815
0.346035 0.995452 524.500000 1.676565 -0.797920
0.346212 0.995600 524.600000 1.596773 1.882866
0.346449 0.995416 524.700000 1.785060 0.244367
0.346695 0.995243 524.800000 1.809496 -0.421040
0.346927 0.995056 524.900000 1.767393 0.160947
0.347164 0.995000 525.000000 1.783487 -1.183814
0.347362 0.994919 525.100000 1.665106 -1.064112
0.347527 0.995045 525.200000 1.558695 -1.821475
0.347641 0.995270 525.300000 1.376547 -2.086118
0.347704 0.995172 525.400000 1.167935 -0.982478
0.347747 0.996142 525.500000 1.069688 -3.490289
0.347730 0.996082 525.600000 0.720659 1.166231
0.347731 0.995942 525.700000 0.837282 0.723137
0.347743 0.995870 525.800000 0.909596 1.111874
0.347776 0.995821 525.900000 1.020783 -1.215147
0.347787 0.995792 526.000000 0.899268 -1.299247
0.347777 0.995879 526.100000 0.769343 1.705656
0.347795 0.995700 526.200000 0.939909 0.317196
0.347819 0.995512 526.300000 0.971629 -0.101063
0.347840 0.996184 526.400000 0.961522 -3.011137
0.347816 0.996561 526.500000 0.660409 -2.443888
0.347766 0.996399 526.600000 0.416020 -0.530331
0.347713 0.996211 526.700000 0.362987 -0.124114
0.347658 0.996126 526.800000 0.350575 1.043551
0.347612 0.996210 526.900000 0.454931 1.699247
0.347583 0.996028 527.000000 0.624855 0.259032
0.347557 0.997325 527.100000 0.650758 3.958559
0.347595 0.997894 527.200000 1.046614 2.828292
0.347697 0.997818 527.300000 1.329444 -1.091470
0.347772 0.997745 527.400000 1.220297 -1.104307
0.347823 0.997683 527.500000 1.109866 -1.161671
0.347851 0.997547 527.600000 0.993699 -0.742209
0.347865 0.998078 527.700000 0.919478 -2.758238
0.347838 0.998043 527.800000 0.643654 1.275540
0.347829 0.998486 527.900000 0.771208 2.582693
0.347863 0.998353 528.000000 1.029477 -0.767448
0.347883 0.998169 528.100000 0.952732 -0.244005
0.347899 0.998086 528.200000 0.928332 -1.058479
0.347897 0.998235 528.300000 0.822484 1.887676
0.347928 0.998074 528.400000 1.011252 0.548390
0.347970 0.997987 528.500000 1.066091 1.037460
0.348033 0.997952 528.600000 1.169837 1.273534
0.348127 0.997779 528.700000 1.297190 0.413717
0.348230 0.997732 528.800000 1.338562 1.220818
0.348366 0.997576 528.900000 1.460643 -0.588315
0.348486 0.997947 529.000000 1.401812 -2.434406
0.348547 0.997913 529.100000 1.158371 1.278519
0.348637 0.998012 529.200000 1.286223 1.745584
0.348773 0.997931 529.300000 1.460782 -1.065512
0.348880 0.997744 529.400000 1.354230 -0.121611
0.348984 0.997575 529.500000 1.342069 0.458867
0.349100 0.997388 529.600000 1.387956 0.069453
0.349218 0.998793 529.700000 1.394901 -4.109079
0.349244 0.999052 529.800000 0.983993 2.177350
0.349314 0.999398 529.900000 1.201728 2.380310
0.349443 0.999222 530.000000 1.439759 -0.373709
0.349563 0.999104 530.100000 1.402389 -0.860570
0.349661 0.999133 530.200000 1.316332 1.520293
0.349798 0.998992 530.300000 1.468361 0.705430
0.349955 0.998817 530.400000 1.538904 0.375440
0.350123 0.998630 530.500000 1.576448 0.122506
0.350295 0.998459 530.600000 1.588698 0.423375
0.350480 0.998594 530.700000 1.631036 1.852882
0.350724 0.998459 530.800000 1.816324 0.748856
0.350995 0.998271 530.900000 1.891210 0.051348
0.351268 0.998084 531.000000 1.896345 -0.109236
0.351536 0.998292 531.100000 1.885421 2.052134
0.351881 0.998392 531.200000 2.090634 -1.746288
0.352160 0.998502 531.300000 1.916005 1.781184
0.352507 0.998413 531.400000 2.094124 -1.024685
0.352814 0.998271 531.500000 1.991655 -0.698668
0.353094 0.998212 531.600000 1.921789 1.169234
0.353419 0.998108 531.700000 2.038712 0.944379
0.353780 0.997970 531.800000 2.133150 -0.722396
0.354113 0.999133 531.900000 2.060910 -3.790985
0.354312 0.998982 532.000000 1.681812 0.628659
0.354532 0.999128 532.100000 1.744678 -1.884589
0.354692 0.999061 532.200000 1.556219 1.135218
0.354888 0.998947 532.300000 1.669741 0.883903
0.355111 0.998767 532.400000 1.758131 0.288048
0.355344 0.998893 532.500000 1.786936 -1.828162
0.355519 0.998724 532.600000 1.604119 0.437275
0.355707 0.998634 532.700000 1.647847 1.017600
0.355928 0.998495 532.800000 1.749607 -0.722830
0.356125 0.998420 532.900000 1.677324 1.090699
0.356357 0.998664 533.000000 1.786394 -2.144694
0.356522 0.998555 533.100000 1.571924 0.917762
0.356715 0.999085 533.200000 1.663701 -2.765102
0.356828 0.999933 533.300000 1.387190 -3.323909
0.356866 0.999958 533.400000 1.054800 -1.505628
0.356875 1.000006 533.500000 0.904237 1.582289
0.356914 0.999822 533.600000 1.062466 -0.204424
0.356949 0.999724 533.700000 1.042023 0.977946
0.357004 0.999793 533.800000 1.139818 -1.652896
0.357026 0.999642 533.900000 0.974528 -0.618792
0.357037 0.999755 534.000000 0.912649 1.792881
0.357082 0.999620 534.100000 1.091937 -0.747162
0.357112 0.999679 534.200000 1.017221 1.619921
0.357175 0.999701 534.300000 1.179213 1.493749
0.357274 0.999651 534.400000 1.328588 -1.210699
0.357343 0.999660 534.500000 1.207518 1.447857
0.357447 0.999573 534.600000 1.352304 -1.036120
0.357526 0.999390 534.700000 1.248692 0.188050
0.357610 0.999225 534.800000 1.267497 0.487746
0.357705 0.999104 534.900000 1.316271 -0.836151
0.357780 0.998985 535.000000 1.232656 -0.851121
0.357836 0.998984 535.100000 1.147544 1.412165
0.357924 0.999045 535.200000 1.288761 -1.627419
0.357976 0.998886 535.300000 1.126019 -0.540235
0.358016 0.999015 535.400000 1.071995 1.840453
0.358097 0.999496 535.500000 1.256041 -2.672491
0.358121 0.999783 535.600000 0.988792 2.252869
0.358192 0.999884 535.700000 1.214079 -1.756741
0.358226 0.999719 535.800000 1.038404 -0.483422
0.358250 0.999867 535.900000 0.990062 -1.891437
0.358243 0.999824 536.000000 0.800919 -1.240446
0.358219 0.999668 536.100000 0.676874 -0.572550
0.358188 0.999739 536.200000 0.619619 1.661710
0.358179 1.000013 536.300000 0.785790 2.222575
0.358207 0.999902 536.400000 1.008047 0.902652
0.358252 0.999723 536.500000 1.098312 -0.268056
0.358293 1.000119 536.600000 1.071507 -2.501376
0.358289 0.999933 536.700000 0.821369 -0.039514
0.358284 0.999848 536.800000 0.817418 -1.042724
0.358265 0.999672 536.900000 0.713146 0.323257
0.358250 0.999549 537.000000 0.745471 0.826007
0.358247 0.999375 537.100000 0.828072 -0.356984
0.358239 0.999743 537.200000 0.792374 -2.440477
0.358200 0.999571 537.300000 0.548326 -0.380276
0.358158 1.000239 537.400000 0.510298 -3.031217
0.358095 1.000142 537.500000 0.207177 -0.978395
0.358030 1.000725 537.600000 0.109337 -2.875545
0.357966 1.000684 537.700000 -0.178217 1.249220
0.357900 1.000615 537.800000 -0.053296 1.123195
0.357833 1.000506 537.900000 0.059024 0.906655
0.357769 1.000768 538.000000 0.149690 2.196863
0.357715 1.001045 538.100000 0.369376 2.231089
0.357681 1.000904 538.200000 0.592485 0.695327
0.357656 1.000837 538.300000 0.662017 1.133295
0.357645 1.000788 538.400000 0.775347 -1.212834
0.357618 1.000602 538.500000 0.654064 0.041706
0.357592 1.000709 538.600000 0.658234 1.775763
0.357591 1.001073 538.700000 0.835811 2.433145
0.357632 1.000889 538.800000 1.079125 0.127234
0.357677 1.000711 538.900000 1.091848 0.288262
0.357727 1.000560 539.000000 1.120675 0.617713
0.357790 1.000383 539.100000 1.182446 -0.292561
0.357847 1.000198 539.200000 1.153190 -0.079520
0.357902 1.000446 539.300000 1.145238 2.163720
0.358008 1.000304 539.400000 1.361610 0.684397
0.358131 1.000123 539.500000 1.430050 0.212671
0.358260 1.000196 539.600000 1.451317 -1.670857
0.358346 1.000400 539.700000 1.284231 -2.047805
0.358388 1.000253 539.800000 1.079450 0.649587
0.358442 1.001003 539.900000 1.144409 -3.176780
0.358439 1.000824 540.000000 0.826731 -0.265891
0.358432 1.000680 540.100000 0.800142 0.666887
0.358435 1.000935 540.200000 0.866831 2.181430
0.358478 1.000800 540.300000 1.084974 -0.737200
0.358506 1.000621 540.400000 1.011254 0.260999
0.358540 1.000454 540.500000 1.037353 -0.443124
0.358564 1.000270 540.600000 0.993041 0.113415
0.358591 1.000095 540.700000 1.004383 0.326716
0.358625 0.999973 540.800000 1.037054 -0.823698
0.358642 0.999856 540.900000 0.954684 0.856030
0.358676 0.999680 541.000000 1.040287 -0.302734
0.358704 0.999614 541.100000 1.010014 1.136473
0.358755 0.999643 541.200000 1.123661 -1.518815
0.358775 0.999468 541.300000 0.971780 -0.327389
0.358791 0.999496 541.400000 0.939041 -1.519077
0.358782 0.999332 541.500000 0.787133 -0.470527
0.358766 0.999354 541.600000 0.740080 1.495593
0.358773 0.999250 541.700000 0.889640 -0.933719
0.358765 0.999082 541.800000 0.796268 -0.415292
0.358751 0.999008 541.900000 0.754739 -1.097229
0.358724 0.999001 542.000000 0.645016 -1.383055
0.358681 0.998825 542.100000 0.506710 0.310422
0.358642 0.998641 542.200000 0.537752 -0.004324
0.358602 0.998478 542.300000 0.537320 -0.479643
0.358558 0.998337 542.400000 0.489356 0.679762
0.358521 0.998198 542.500000 0.557332 0.697647
0.358491 0.998041 542.600000 0.627097 -0.542705
0.358455 0.997905 542.700000 0.572826 0.723439
0.358427 0.997902 542.800000 0.645170 1.399072
0.358418 0.997784 542.900000 0.785077 0.847354
0.358422 0.998043 543.000000 0.869813 2.193019
0.358465 0.998671 543.100000 1.089114 2.968833
0.358576 0.998517 543.200000 1.385998 -0.575568
0.358672 0.998633 543.300000 1.328441 -1.805303
0.358727 0.998536 543.400000 1.147911 0.966717
0.358804 0.998395 543.500000 1.244582 0.681638
0.358896 0.998271 543.600000 1.312746 -0.805682
0.358970 0.998320 543.700000 1.232178 -1.592114
0.359010 0.998259 543.800000 1.072967 -1.155720
0.359028 0.999187 543.900000 0.957395 3.477599
0.359119 0.999012 544.000000 1.305155 -0.303460
0.359202 0.999162 544.100000 1.274808 -1.904494
0.359244 0.999055 544.200000 1.084359 -0.912777
0.359268 0.998968 544.300000 0.993081 1.026528
0.359313 0.998792 544.400000 1.095734 -0.277151
0.359351 0.998619 544.500000 1.068019 -0.346051
0.359384 0.998446 544.600000 1.033414 0.321161
0.359422 0.998421 544.700000 1.065530 -1.316540
0.359436 0.998406 544.800000 0.933876 -1.351789
0.359428 0.999019 544.900000 0.798697 2.946667
0.359472 0.998935 545.000000 1.093364 1.036947
0.359538 0.998821 545.100000 1.197058 -0.869862
0.359585 0.998746 545.200000 1.110072 -1.088781
0.359611 0.998924 545.300000 1.001194 -1.983900
0.359604 0.998749 545.400000 0.802804 -0.295315
0.359593 0.998600 545.500000 0.773273 0.608164
0.359590 0.998553 545.600000 0.834089 -1.220919
0.359571 0.998375 545.700000 0.711997 -0.231276
0.359549 0.998467 545.800000 0.688870 1.730443
0.359551 1.000169 545.900000 0.861914 -4.537402
0.359500 1.000035 546.000000 0.408174 -0.732415
0.359445 1.000348 546.100000 0.334932 -2.327212
0.359380 1.000191 546.200000 0.102211 -0.535597
0.359314 1.000016 546.300000 0.048651 0.293100
0.359249 0.999833 546.400000 0.077961 -0.058111
0.359184 0.999933 546.500000 0.072150 1.758845
0.359124 1.000199 546.600000 0.248035 -2.215029
0.359058 1.000045 546.700000 0.026532 -0.567042
0.358993 1.000046 546.800000 -0.030173 1.418400
0.358928 1.000371 546.900000 0.111667 2.356366
0.358874 1.000654 547.000000 0.347304 -2.258314
0.358809 1.000476 547.100000 0.121473 0.210287
0.358746 1.000531 547.200000 0.142501 -1.614098
0.358680 1.000349 547.300000 -0.018908 0.114447
0.358615 1.000222 547.400000 -0.007464 -0.779782
0.358550 1.000099 547.500000 -0.085442 0.807439
0.358484 0.999922 547.600000 -0.004698 -0.258179
0.358419 0.999870 547.700000 -0.030516 1.193015
0.358354 0.999948 547.800000 0.088786 1.691151
0.358295 0.999768 547.900000 0.257901 0.167439
0.358236 0.999588 548.000000 0.274645 0.144148
0.358179 0.999446 548.100000 0.289059 -0.668249
0.358118 1.000028 548.200000 0.222235 2.894101
0.358076 0.999852 548.300000 0.511645 -0.265393
0.358033 0.999692 548.400000 0.485105 0.499733
0.357993 1.000349 548.500000 0.535079 -3.033661
0.357933 1.000359 548.600000 0.231713 1.453790
0.357881 1.000421 548.700000 0.377092 -1.637576
0.357820 1.000273 548.800000 0.213334 -0.609203
0.357757 1.000158 548.900000 0.152414 0.862818
0.357697 1.000071 549.000000 0.238696 -1.019452
0.357633 0.999996 549.100000 0.136750 -1.083609
0.357568 1.000659 549.200000 0.028389 3.047070
0.357513 1.000490 549.300000 0.333096 0.385827
0.357461 1.000837 549.400000 0.371679 -2.411354
0.357397 1.000977 549.500000 0.130544 -1.881443
0.357333 1.000808 549.600000 -0.057601 -0.372765
0.357268 1.000838 549.700000 -0.094877 1.529209
0.357204 1.000795 549.800000 0.058044 1.234451
0.357142 1.000642 549.900000 0.181489 -0.570882
0.357078 1.000764 550.000000 0.124401 -1.828076
0.357014 1.000594 550.100000 -0.058407 -0.353763
0.356950 1.000436 550.200000 -0.093783 0.516962
0.356885 1.000272 550.300000 -0.042087 0.439758
0.356820 1.000140 550.400000 0.001889 0.738274
0.356756 1.000175 550.500000 0.075716 1.546596
0.356696 1.000046 550.600000 0.230376 0.757946
0.356640 1.000268 550.700000 0.306170 -2.109920
0.356576 1.000168 550.800000 0.095178 0.942432
0.356514 0.999986 550.900000 0.189422 -0.014248
0.356453 1.000032 551.000000 0.187997 -1.583840
0.356388 0.999930 551.100000 0.029613 -0.932121
0.356324 0.999810 551.200000 -0.063599 -0.829052
0.356261 0.999649 551.300000 -0.146505 0.472709
0.356197 0.999989 551.400000 -0.099234 2.397144
0.356135 1.000260 551.500000 0.140481 -2.233500
0.356071 1.000083 551.600000 -0.082869 -0.228623
0.356007 0.999907 551.700000 -0.105732 -0.231017
0.355944 1.000000 551.800000 -0.128833 1.739373
0.355880 0.999836 551.900000 0.045104 0.437396
0.355816 0.999668 552.000000 0.088844 -0.383813
0.355752 0.999500 552.100000 0.050462 -0.380745
0.355688 0.999397 552.200000 0.012388 -0.926838
0.355624 0.999430 552.300000 -0.080296 1.534896
0.355560 0.999265 552.400000 0.073194 0.428783
0.355497 0.999141 552.500000 0.116072 -0.791367
0.355433 0.999274 552.600000 0.036935 1.862009
0.355373 0.999185 552.700000 0.223136 -1.009319
0.355310 0.999152 552.800000 0.122204 1.276464
0.355251 0.998971 552.900000 0.249850 -0.021995
0.355193 0.998950 553.000000 0.247651 -1.328005
0.355130 0.998870 553.100000 0.114850 -1.053083
0.355065 0.998843 553.200000 0.009542 -1.304109
0.355003 0.998671 553.300000 -0.120869 0.308355
0.354939 0.998856 553.400000 -0.090033 2.010989
0.354876 0.999265 553.500000 0.111066 -2.553635
0.354814 0.999091 553.600000 -0.144298 -0.275226
0.354753 0.999078 553.700000 -0.171820 -1.359786
0.354697 0.999916 553.800000 -0.307799 3.359887
0.354633 0.999848 553.900000 0.028190 -1.116728
0.354570 0.999672 554.000000 -0.083483 -0.226005
0.354507 0.999500 554.100000 -0.106084 0.290486
0.354443 0.999518 554.200000 -0.077035 1.483719
0.354380 0.999482 554.300000 0.071337 1.267294
0.354319 0.999543 554.400000 0.198066 1.634173
0.354267 0.999562 554.500000 0.361484 -1.485402
0.354208 0.999385 554.600000 0.212943 0.199187
0.354149 0.999213 554.700000 0.232862 -0.295488
0.354089 0.999081 554.800000 0.203313 0.735651
0.354032 0.998901 554.900000 0.276878 -0.006461
0.353975 0.998744 555.000000 0.276232 0.503695
0.353921 0.998980 555.100000 0.326602 2.148362
0.353883 0.998981 555.200000 0.541438 -1.416725
0.353834 0.998802 555.300000 0.399765 -0.086497
0.353784 0.998775 555.400000 0.391116 -1.303168
0.353726 0.998620 555.500000 0.260799 -0.524552
0.353667 0.998444 555.600000 0.208344 0.208801
0.353608 0.998351 555.700000 0.229224 0.983118
0.353554 0.998194 555.800000 0.327536 0.500079
0.353503 0.998016 555.900000 0.377544 0.129590
0.353453 0.998777 556.000000 0.390503 -3.234506
0.353390 0.998685 556.100000 0.067052 -0.984321
0.353327 0.998524 556.200000 -0.031380 -0.456242
0.353264 0.998345 556.300000 -0.077004 0.045379
0.353201 0.998191 556.400000 -0.072466 -0.531714
0.353139 0.998345 556.500000 -0.125638 -1.928124
0.353084 0.998231 556.600000 -0.318450 0.849054
0.353026 0.998807 556.700000 -0.233545 2.899605
0.352963 0.998654 556.800000 0.056416 -0.548688
0.352899 0.998838 556.900000 0.001547 2.011405
0.352840 0.998761 557.000000 0.202687 -1.064700
0.352777 0.998720 557.100000 0.096217 1.242302
0.352718 0.998578 557.200000 0.220447 -0.646428
0.352657 0.998521 557.300000 0.155805 -1.164868
0.352594 0.998490 557.400000 0.039318 -1.288240
0.352531 0.998844 557.500000 -0.089506 -2.436231
0.352478 0.998698 557.600000 -0.333129 -0.611144
0.352429 0.998562 557.700000 -0.394244 -0.691792
0.352385 0.998393 557.800000 -0.463423 0.336273
0.352338 0.998214 557.900000 -0.429795 -0.044560
0.352292 0.998103 558.000000 -0.434251 0.870718
0.352240 0.997954 558.100000 -0.347180 -0.571897
0.352191 0.997799 558.200000 -0.404369 0.513265
0.352140 0.997620 558.300000 -0.353043 0.031922
0.352087 0.997706 558.400000 -0.349851 -1.720428
0.352049 0.997529 558.500000 -0.521894 0.120843
0.352009 0.997355 558.600000 -0.509809 -0.217063
0.351971 0.997177 558.700000 -0.531516 -0.078276
0.351934 0.997012 558.800000 -0.539343 -0.390108
0.351901 0.996856 558.900000 -0.578354 -0.503234
0.351874 0.996819 559.000000 -0.628677 -1.254373
0.351862 0.996839 559.100000 -0.754115 -1.489735
0.351872 0.996661 559.200000 -0.903088 -0.039385
0.351882 0.996483 559.300000 -0.907027 0.030062
0.351892 0.996309 559.400000 -0.904020 0.212053
0.351899 0.996189 559.500000 -0.882815 0.810992
0.351894 0.996038 559.600000 -0.801716 -0.548545
0.351896 0.997098 559.700000 -0.856570 3.722386
0.351854 0.997620 559.800000 -0.484332 2.800648
0.351795 0.997442 559.900000 -0.204267 -0.001182
0.351736 0.997596 560.000000 -0.204385 -1.928912
0.351688 0.997426 560.100000 -0.397277 0.289282
0.351637 0.997251 560.200000 -0.368348 0.202706
0.351585 0.997079 560.300000 -0.348078 -0.254330
0.351535 0.996912 560.400000 -0.373511 -0.351696
0.351487 0.997199 560.500000 -0.408680 2.283102
0.351427 0.997045 560.600000 -0.180370 0.515946
0.351366 0.996894 560.700000 -0.128776 -0.546680
0.351306 0.996810 560.800000 -0.183444 1.027586
0.351244 0.996637 560.900000 -0.080685 0.208933
0.351182 0.997506 561.000000 -0.059792 -3.427789
0.351134 0.998111 561.100000 -0.402571 -2.964603
0.351115 0.998387 561.200000 -0.699031 -2.255372
0.351128 0.998270 561.300000 -0.924568 0.827589
0.351129 0.998196 561.400000 -0.841809 1.079593
0.351114 0.998205 561.500000 -0.733850 1.449004
0.351083 0.998382 561.600000 -0.588950 1.995721
0.351034 0.998204 561.700000 -0.389377 -0.050443
0.350985 0.999153 561.800000 -0.394422 3.557641
0.350923 0.999018 561.900000 -0.038658 0.696489
0.350860 0.998963 562.000000 0.030991 -1.174841
0.350799 0.998856 562.100000 -0.086493 -0.886969
0.350739 0.998681 562.200000 -0.175190 0.176937
0.350679 0.998571 562.300000 -0.157496 0.872618
0.350617 0.998441 562.400000 -0.070234 0.730418
0.350555 0.998477 562.500000 0.002808 -1.551899
0.350494 0.998304 562.600000 -0.152382 -0.221325
0.350435 0.998351 562.700000 -0.174515 -1.586431
0.350382 0.998179 562.800000 -0.333158 -0.259968
0.350332 0.998003 562.900000 -0.359155 0.084475
0.350280 0.997825 563.000000 -0.350707 -0.042464
0.350229 0.997874 563.100000 -0.354954 -1.593121
0.350191 0.998020 563.200000 -0.514266 1.908269
0.350138 0.997844 563.300000 -0.323439 0.119376
0.350084 0.997707 563.400000 -0.311501 0.670927
0.350027 0.997598 563.500000 -0.244408 0.879193
0.349968 0.997897 563.600000 -0.156489 2.315306
0.349906 0.998013 563.700000 0.075041 -1.819992
0.349845 0.997840 563.800000 -0.106958 -0.199495
0.349784 0.997799 563.900000 -0.126907 -1.236852
0.349728 0.997937 564.000000 -0.250592 1.886285
0.349666 0.997773 564.100000 -0.061964 -0.384298
0.349605 0.997719 564.200000 -0.100394 1.175887
0.349543 0.997551 564.300000 0.017195 -0.307684
0.349481 0.997485 564.400000 -0.013573 1.118995
0.349420 0.997375 564.500000 0.098326 -0.865043
0.349358 0.997395 564.600000 0.011822 1.491633
0.349299 0.997353 564.700000 0.160985 1.233246
0.349244 0.997950 564.800000 0.284310 -2.957260
0.349182 0.997911 564.900000 -0.011416 1.245840
0.349122 0.997745 565.000000 0.113168 -0.348094
0.349061 0.998017 565.100000 0.078358 -2.250452
0.349001 0.998189 565.200000 -0.146687 1.986771
0.348939 0.998049 565.300000 0.051990 -0.642862
0.348878 0.999004 565.400000 -0.012296 3.576139
0.348826 0.999173 565.500000 0.345318 -1.978764
0.348767 0.999011 565.600000 0.147441 0.400830
0.348708 0.998839 565.700000 0.187524 0.241226
0.348650 0.999338 565.800000 0.211647 2.763332
0.348610 0.999499 565.900000 0.487980 1.956477
0.348590 0.999331 566.000000 0.683628 0.311524
0.348573 0.999335 566.100000 0.714780 -1.431040
0.348540 0.999179 566.200000 0.571676 -0.481528
0.348503 0.999008 566.300000 0.523524 -0.229512
0.348464 0.998835 566.400000 0.500572 0.207499
0.348426 0.998712 566.500000 0.521322 -0.773632
0.348382 0.998542 566.600000 0.443959 -0.268400
0.348336 0.998724 566.700000 0.417119 -2.014582
0.348279 0.998668 566.800000 0.215661 1.166715
0.348227 0.998745 566.900000 0.332332 -1.695703
0.348168 0.998718 567.000000 0.162762 1.300093
0.348114 0.998623 567.100000 0.292771 0.956819
0.348066 0.999134 567.200000 0.388453 -2.793566
0.348006 0.998966 567.300000 0.109097 -0.302996
0.347945 0.999314 567.400000 0.078797 2.438342
0.347893 0.999190 567.500000 0.322631 -0.770446
0.347837 0.999154 567.600000 0.245587 1.259705
0.347788 0.999108 567.700000 0.371557 -1.214832
0.347732 0.999097 567.800000 0.250074 -1.366707
0.347672 0.999689 567.900000 0.113403 2.953720
0.347625 0.999514 568.000000 0.408775 -0.113665
0.347578 0.999397 568.100000 0.397409 -0.819807
0.347526 0.999411 568.200000 0.315428 -1.470297
0.347467 0.999236 568.300000 0.168398 -0.095771
0.347408 0.999718 568.400000 0.158821 -2.734490
0.347348 0.999557 568.500000 -0.114628 -0.409277
0.347289 0.999845 568.600000 -0.155556 2.296204
0.347229 0.999691 568.700000 0.074065 -0.492768
0.347168 0.999866 568.800000 0.024788 -1.998334
0.347109 0.999813 568.900000 -0.175045 1.182821
0.347049 0.999960 569.000000 -0.056763 1.917510
0.346989 1.000189 569.100000 0.134988 -2.146195
0.346929 1.000031 569.200000 -0.079632 -0.439896
0.346869 0.999866 569.300000 -0.123621 0.350928
0.346809 0.999821 569.400000 -0.088529 1.222316
0.346748 0.999647 569.500000 0.033703 -0.086052
0.346687 0.999565 569.600000 0.025098 -1.032378
0.346627 0.999603 569.700000 -0.078140 -1.562578
0.346571 0.999429 569.800000 -0.234398 0.111053
0.346515 0.999271 569.900000 -0.223292 -0.443897
0.346460 0.999096 570.000000 -0.267682 -0.055255
0.346406 0.998992 570.100000 -0.273208 0.903386
0.346348 0.999169 570.200000 -0.182869 2.001837
0.346288 0.999081 570.300000 0.017315 0.997554
0.346228 0.998949 570.400000 0.117070 -0.707194
0.346168 0.999254 570.500000 0.046350 -2.340017
0.346110 0.999534 570.600000 -0.187651 -2.278090
0.346064 0.999395 570.700000 -0.415460 0.645770
0.346015 0.999956 570.800000 -0.350883 2.898476
0.345954 0.999936 570.900000 -0.061036 1.330716
0.345894 0.999901 571.000000 0.072036 1.263844
0.345837 0.999727 571.100000 0.198420 0.142088
0.345781 0.999739 571.200000 0.212629 1.461755
0.345731 0.999608 571.300000 0.358805 -0.706863
0.345678 0.999505 571.400000 0.288118 -0.903466
0.345621 0.999642 571.500000 0.197772 -1.890269
0.345561 0.999700 571.600000 0.008745 1.630540
0.345503 0.999860 571.700000 0.171799 -1.955850
0.345442 0.999961 571.800000 -0.023786 -1.777457
0.345385 0.999787 571.900000 -0.201532 0.103647
0.345328 0.999613 572.000000 -0.191167 0.070276
0.345271 0.999499 572.100000 -0.184140 -0.838004
0.345217 0.999411 572.200000 -0.267940 -0.990870
0.345168 0.999236 572.300000 -0.367027 -0.070176
0.345120 0.999102 572.400000 -0.374045 0.675077
0.345068 0.999187 572.500000 -0.306537 1.726475
0.345009 0.999270 572.600000 -0.133889 -1.715762
0.344957 0.999394 572.700000 -0.305466 -1.848730
0.344918 0.999649 572.800000 -0.490339 2.219005
0.344864 0.999500 572.900000 -0.268438 -0.543374
0.344813 0.999354 573.000000 -0.322775 0.567386
0.344759 0.999250 573.100000 -0.266037 0.899626
0.344702 0.999310 573.200000 -0.176074 -1.639255
0.344652 0.999161 573.300000 -0.340000 0.532380
0.344599 0.999219 573.400000 -0.286762 1.632406
0.344540 0.999080 573.500000 -0.123521 0.635966
0.344480 0.998977 573.600000 -0.059924 -0.903295
0.344422 0.998877 573.700000 -0.150254 0.919549
0.344363 0.998710 573.800000 -0.058299 -0.295909
0.344303 0.998537 573.900000 -0.087890 0.093110
0.344244 0.998387 574.000000 -0.078579 0.525107
0.344184 0.998313 574.100000 -0.026068 1.071995
0.344125 0.998166 574.200000 0.081131 0.556734
0.344066 0.998204 574.300000 0.136805 -1.557237
0.344006 0.998129 574.400000 -0.018919 1.068011
0.343947 0.998063 574.500000 0.087882 -1.110481
0.343887 0.997917 574.600000 -0.023166 -0.563979
0.343828 0.998037 574.700000 -0.079564 -1.838902
0.343774 0.997877 574.800000 -0.263454 0.383808
0.343719 0.997704 574.900000 -0.225073 -0.083338
0.343664 0.997597 575.000000 -0.233407 0.873987
0.343606 0.997432 575.100000 -0.146009 -0.324614
0.343549 0.997271 575.200000 -0.178470 0.367270
0.343491 0.997140 575.300000 -0.141743 -0.699323
0.343435 0.997019 575.400000 -0.211675 0.778865
0.343377 0.996847 575.500000 -0.133789 0.085501
0.343319 0.996745 575.600000 -0.125239 -0.905783
0.343263 0.996640 575.700000 -0.215817 0.890208
0.343205 0.996869 575.800000 -0.126796 2.149484
0.343146 0.996720 575.900000 0.088152 -0.531792
0.343087 0.996548 576.000000 0.034973 -0.092763
0.343027 0.996982 576.100000 0.025697 2.645640
0.342975 0.996810 576.200000 0.290261 0.121715
0.342924 0.997335 576.300000 0.302432 2.835238
0.342894 0.997193 576.400000 0.585956 -0.602355
0.342858 0.997021 576.500000 0.525721 -0.093370
0.342822 0.996855 576.600000 0.516384 0.287340
0.342788 0.996732 576.700000 0.545118 -0.753170
0.342748 0.996563 576.800000 0.469801 -0.222219
0.342706 0.996440 576.900000 0.447579 -0.752438
0.342659 0.996308 577.000000 0.372335 0.688529
0.342616 0.996719 577.100000 0.441188 -2.595581
0.342560 0.996604 577.200000 0.181630 -0.814007
0.342501 0.996439 577.300000 0.100229 0.297696
0.342443 0.998139 577.400000 0.129999 -4.650936
0.342394 0.997969 577.500000 -0.335095 0.181943
0.342343 0.997871 577.600000 -0.316901 0.928083
0.342288 0.997722 577.700000 -0.224092 -0.524616
0.342236 0.999180 577.800000 -0.276554 4.340880
0.342179 0.999014 577.900000 0.157534 -0.293062
0.342121 0.998877 578.000000 0.128228 0.644398
0.342065 0.999065 578.100000 0.192668 -2.042709
0.342006 0.998893 578.200000 -0.011603 -0.085970
0.341947 0.998848 578.300000 -0.020200 -1.214996
0.341889 0.998816 578.400000 -0.141700 -1.274422
0.341836 0.998700 578.500000 -0.269142 -0.810943
0.341788 0.998615 578.600000 -0.350236 1.006556
0.341734 0.998464 578.700000 -0.249581 -0.499419
0.341683 0.998400 578.800000 -0.299523 -1.118204
0.341639 0.998265 578.900000 -0.411343 0.661467
0.341590 0.998712 579.000000 -0.345196 2.677296
0.341531 0.998926 579.100000 -0.077467 -2.117590
0.341480 0.998783 579.200000 -0.289226 0.582395
0.341425 0.998716 579.300000 -0.230986 1.106040
0.341368 0.998916 579.400000 -0.120382 2.078130
0.341309 0.998820 579.500000 0.087431 0.939267
0.341253 0.999383 579.600000 0.181358 2.918656
0.341214 1.000236 579.700000 0.473223 -3.449025
0.341156 1.000128 579.800000 0.128321 -0.866315
0.341098 0.999957 579.900000 0.041689 -0.104529
0.341039 0.999799 580.000000 0.031236 -0.406383
0.340980 0.999630 580.100000 -0.009402 0.195852
0.340922 0.999459 580.200000 0.010183 0.121638
0.340863 0.999543 580.300000 0.022347 1.725339
0.340807 0.999754 580.400000 0.194881 -2.109287
0.340749 0.999584 580.500000 -0.016048 -0.141408
0.340690 0.999513 580.600000 -0.030189 1.086171
0.340632 0.999435 580.700000 0.078429 1.047094
0.340576 0.999314 580.800000 0.183138 0.770689
0.340523 0.999629 580.900000 0.260207 2.378860
0.340486 0.999463 581.000000 0.498093 0.260809
0.340451 0.999362 581.100000 0.524174 0.909279
0.340425 0.999245 581.200000 0.615102 -0.799585
0.340391 0.999223 581.300000 0.535143 -1.319381
0.340347 0.999052 581.400000 0.403205 0.084351
0.340303 0.999064 581.500000 0.411640 1.462073
0.340271 0.998985 581.600000 0.557847 1.040370
0.340250 0.998834 581.700000 0.661884 -0.488386
0.340224 0.998716 581.800000 0.613046 -0.789226
0.340190 0.998594 581.900000 0.534123 -0.755935
0.340150 0.998478 582.000000 0.458530 -0.809526
0.340103 0.998532 582.100000 0.377577 1.619943
0.340070 0.998578 582.200000 0.539571 -1.592171
0.340024 0.998408 582.300000 0.380354 0.092830
0.339979 0.998355 582.400000 0.389637 -1.177140
0.339927 0.998470 582.500000 0.271923 -1.824974
0.339869 0.998306 582.600000 0.089426 0.298649
0.339812 0.998174 582.700000 0.119291 0.673798
0.339757 0.998230 582.800000 0.186671 -1.628341
0.339698 0.999065 582.900000 0.023837 -3.425611
0.339649 0.998896 583.000000 -0.318724 -0.160998
0.339600 0.998731 583.100000 -0.334824 -0.275624
0.339553 0.998563 583.200000 -0.362387 0.199079
0.339505 0.998457 583.300000 -0.342479 0.867200
0.339453 0.998469 583.400000 -0.255759 1.463728
0.339395 0.998304 583.500000 -0.109386 0.270895
0.339338 0.998137 583.600000 -0.082296 0.223975
0.339280 0.997997 583.700000 -0.059899 -0.597640
0.339223 0.997998 583.800000 -0.119663 1.417466
0.339165 0.997830 583.900000 0.022084 0.182755
0.339107 0.997700 584.000000 0.040359 -0.690645
0.339049 0.997610 584.100000 -0.028705 -0.972310
0.338993 0.997448 584.200000 -0.125936 -0.310810
0.338937 0.997303 584.300000 -0.157017 -0.552528
0.338883 0.997680 584.400000 -0.212270 2.529132
0.338825 0.997531 584.500000 0.040643 0.509187
0.338768 0.997386 584.600000 0.091562 0.544600
0.338711 0.997224 584.700000 0.146022 0.312852
0.338656 0.997237 584.800000 0.177307 -1.466093
0.338598 0.997109 584.900000 0.030698 -0.702517
0.338541 0.996946 585.000000 -0.039554 0.291731
0.338483 0.997176 585.100000 -0.010381 2.166177
0.338429 0.997053 585.200000 0.206237 0.744914
0.338378 0.997596 585.300000 0.280728 2.889500
0.338347 0.997427 585.400000 0.569678 -0.132570
0.338316 0.997414 585.500000 0.556421 1.355919
0.338299 0.997385 585.600000 0.692013 -1.288696
0.338269 0.997593 585.700000 0.563144 2.102827
0.338262 0.997450 585.800000 0.773426 0.572686
0.338263 0.997374 585.900000 0.830695 1.047407
0.338280 0.997205 586.000000 0.935436 0.122063
0.338299 0.997081 586.100000 0.947642 -0.740092
0.338306 0.997077 586.200000 0.873633 1.393969
0.338336 0.997331 586.300000 1.013030 2.230947
0.338409 0.997508 586.400000 1.236125 2.017897
0.338527 0.997681 586.500000 1.437914 2.003475
0.338698 0.998465 586.600000 1.638262 -3.346734
0.338785 0.998762 586.700000 1.303588 2.340430
0.338929 0.998733 586.800000 1.537631 1.290510
0.339108 0.998627 586.900000 1.666682 0.868967
0.339312 0.998475 587.000000 1.753579 -0.451282
0.339503 0.998356 587.100000 1.708451 0.779695
0.339717 0.998200 587.200000 1.786420 -0.392948
0.339919 0.998073 587.300000 1.747126 0.710508
0.340142 0.998025 587.400000 1.818176 -1.197496
0.340330 0.997905 587.500000 1.698427 0.766803
0.340540 0.997784 587.600000 1.775107 0.754150
0.340773 0.997729 587.700000 1.850522 1.161316
0.341044 0.997669 587.800000 1.966654 -1.138903
0.341278 0.997610 587.900000 1.852763 -1.139815
0.341477 0.997582 588.000000 1.738782 1.292490
0.341716 0.997467 588.100000 1.868031 -0.796518
0.341929 0.997408 588.200000 1.788379 -1.143901
0.342109 0.997441 588.300000 1.673989 1.541563
0.342335 0.997411 588.400000 1.828145 -1.284569
0.342522 0.997251 588.500000 1.699688 -0.325963
0.342700 0.997157 588.600000 1.667092 0.939895
0.342905 0.997616 588.700000 1.761082 -2.720249
0.343036 0.997737 588.800000 1.489057 1.851550
0.343215 0.997951 588.900000 1.674212 2.122885
0.343459 0.998108 589.000000 1.886500 -1.963245
0.343643 0.997993 589.100000 1.690176 -0.801275
0.343805 0.998543 589.200000 1.610048 -2.910474
0.343894 0.998617 589.300000 1.319001 -1.695664
0.343948 0.998464 589.400000 1.149435 -0.438179
0.343993 0.998526 589.500000 1.105617 -1.650850
0.344010 0.998375 589.600000 0.940532 -0.464141
0.344019 0.998604 589.700000 0.894117 2.167675
0.344065 0.998608 589.800000 1.110885 1.428920
0.344140 0.998740 589.900000 1.253777 -1.885105
0.344178 0.998714 590.000000 1.065266 -1.304134
0.344194 0.999262 590.100000 0.934853 -2.909356
0.344171 0.999296 590.200000 0.643917 1.547887
0.344166 0.999228 590.300000 0.798706 1.094747
0.344178 0.999068 590.400000 0.908181 0.321029
0.344195 0.999030 590.500000 0.940284 1.243994
0.344232 0.998943 590.600000 1.064683 -0.988780
0.344253 0.998796 590.700000 0.965805 -0.509885
0.344266 0.999392 590.800000 0.914817 -3.006931
0.344239 0.999223 590.900000 0.614124 -0.041026
0.344212 0.999063 591.000000 0.610021 -0.316502
0.344182 0.999209 591.100000 0.578371 -1.931718
0.344137 0.999240 591.200000 0.385199 1.536792
0.344103 0.999093 591.300000 0.538878 -0.515250
0.344065 0.998929 591.400000 0.487353 0.219045
0.344029 0.998762 591.500000 0.509258 0.180904
0.343994 0.999150 591.600000 0.527348 2.566840
0.343988 0.999087 591.700000 0.784032 -1.114993
0.343968 0.998918 591.800000 0.672533 0.081259
0.343949 0.998768 591.900000 0.680659 0.460904
0.343936 0.998600 592.000000 0.726749 0.114702
0.343924 0.998738 592.100000 0.738219 -1.905984
0.343891 0.998622 592.200000 0.547621 -0.788448
0.343851 0.998506 592.300000 0.468776 -0.788425
0.343806 0.998374 592.400000 0.389934 0.657979
0.343766 0.998457 592.500000 0.455732 -1.725328
0.343714 0.998291 592.600000 0.283199 0.169948
0.343664 0.998347 592.700000 0.300194 1.634085
0.343624 0.998273 592.800000 0.463602 1.053104
0.343594 0.998142 592.900000 0.568913 0.668325
0.343570 0.997981 593.000000 0.635745 -0.296968
0.343543 0.997845 593.100000 0.606048 0.621666
0.343522 0.997891 593.200000 0.668215 -1.593506
0.343486 0.997829 593.300000 0.508864 1.122106
0.343461 0.997694 593.400000 0.621075 -0.623183
0.343429 0.997534 593.500000 0.558757 -0.309268
0.343395 0.997668 593.600000 0.527830 1.896070
0.343381 0.997626 593.700000 0.717437 1.221440
0.343382 0.997511 593.800000 0.839581 -0.791955
0.343373 0.997346 593.900000 0.760385 -0.202848
0.343361 0.997188 594.000000 0.740101 -0.337203
0.343345 0.997020 594.100000 0.706380 0.017534
0.343330 0.997535 594.200000 0.708134 2.848425
0.343355 0.997399 594.300000 0.992976 -0.611734
0.343370 0.997398 594.400000 0.931803 -1.410597
0.343365 0.997493 594.500000 0.790743 -1.764856
0.343339 0.997325 594.600000 0.614257 -0.030840
0.343313 0.997171 594.700000 0.611173 0.410118
0.343291 0.997080 594.800000 0.652185 -0.953457
0.343259 0.997099 594.900000 0.556840 -1.491062
0.343215 0.997393 595.000000 0.407733 -2.343824
0.343160 0.997247 595.100000 0.173351 0.505080
0.343107 0.997117 595.200000 0.223859 0.664060
0.343056 0.997040 595.300000 0.290265 -1.039907
0.343002 0.997050 595.400000 0.186274 1.452033
0.342953 0.997066 595.500000 0.331477 1.480930
0.342915 0.996903 595.600000 0.479570 0.222910
0.342879 0.996888 595.700000 0.501861 -1.347818
0.342832 0.996780 595.800000 0.367080 -0.838133
0.342782 0.996776 595.900000 0.283266 1.395548
0.342739 0.996691 596.000000 0.422821 0.990371
0.342704 0.996642 596.100000 0.521858 1.187032
0.342681 0.996584 596.200000 0.640561 -1.142360
0.342647 0.996524 596.300000 0.526325 1.127862
0.342624 0.996496 596.400000 0.639112 -1.289966
0.342588 0.997302 596.500000 0.510115 -3.406948
0.342533 0.997370 596.600000 0.169420 1.673913
0.342485 0.997203 596.700000 0.336812 -0.021729
0.342437 0.997057 596.800000 0.334639 0.509572
0.342392 0.997018 596.900000 0.385596 1.232749
0.342357 0.996928 597.000000 0.508871 0.960976
0.342330 0.996788 597.100000 0.604968 -0.565427
0.342298 0.996812 597.200000 0.548426 1.511229
0.342282 0.996654 597.300000 0.699548 -0.320745
0.342262 0.996747 597.400000 0.667474 -1.760509
0.342225 0.996580 597.500000 0.491423 0.038008
0.342188 0.996425 597.600000 0.495224 -0.373036
0.342148 0.996353 597.700000 0.457920 -1.063493
0.342101 0.996559 597.800000 0.351571 2.112396
0.342071 0.996795 597.900000 0.562811 -2.194352
0.342023 0.996822 598.000000 0.343375 -1.520705
0.341969 0.996784 598.100000 0.191305 -1.242374
0.341912 0.996627 598.200000 0.067067 0.329400
0.341856 0.996476 598.300000 0.100007 0.431225
0.341801 0.996460 598.400000 0.143130 -1.345576
0.341744 0.996294 598.500000 0.008572 0.041926
0.341686 0.996278 598.600000 0.012765 1.340293
0.341631 0.996218 598.700000 0.146794 1.131539
0.341580 0.996195 598.800000 0.259948 1.308966
0.341536 0.996152 598.900000 0.390845 -1.218057
0.341485 0.995987 599.000000 0.269039 0.089092
0.341434 0.995904 599.100000 0.277948 -0.999364
0.341380 0.995738 599.200000 0.178012 0.071493
0.341326 0.995694 599.300000 0.185161 1.210459
0.341276 0.995608 599.400000 0.306207 -0.977133
0.341223 0.995482 599.500000 0.208494 0.697647
0.341173 0.995322 599.600000 0.278258 -0.250506
0.341121 0.995295 599.700000 0.253208 1.293906
0.341077 0.995291 599.800000 0.382598 1.393637
0.341042 0.995133 599.900000 0.521962 0.307563
0.341011 0.994987 600.000000 0.552718 0.481475
0.340984 0.995584 600.100000 0.600866 3.027040
0.340995 0.995643 600.200000 0.903570 1.641736
0.341034 0.995671 600.300000 1.067743 -1.527716
0.341047 0.995576 600.400000 0.914972 -0.920103
0.341046 0.995412 600.500000 0.822961 0.131927
0.341048 0.995436 600.600000 0.836154 1.509866
0.341072 0.995551 600.700000 0.987141 1.835382
0.341129 0.995402 600.800000 1.170679 -0.451057
0.341178 0.995894 600.900000 1.125573 -2.811166
0.341180 0.995772 601.000000 0.844457 0.730563
0.341194 0.995722 601.100000 0.917513 -1.175804
0.341190 0.996015 601.200000 0.799932 2.349198
0.341222 0.996124 601.300000 1.034852 -1.816932
0.341226 0.996039 601.400000 0.853159 -0.987077
0.341217 0.995935 601.500000 0.754451 0.858048
0.341219 0.996046 601.600000 0.840256 -1.824036
0.341198 0.995904 601.700000 0.657853 0.530441
0.341183 0.996262 601.800000 0.710897 -2.511027
0.341144 0.996109 601.900000 0.459794 -0.393041
0.341102 0.995998 602.000000 0.420490 -0.805672
0.341055 0.995918 602.100000 0.339923 -1.018217
0.341003 0.995906 602.200000 0.238101 -1.357508
0.340947 0.995825 602.300000 0.102350 1.005486
0.340894 0.995659 602.400000 0.202899 0.024174
0.340841 0.995496 602.500000 0.205316 -0.140237
0.340788 0.995350 602.600000 0.191293 0.485100
0.340736 0.995244 602.700000 0.239803 -0.840696
0.340681 0.995079 602.800000 0.155733 -0.052898
0.340627 0.995133 602.900000 0.150443 -1.625790
0.340570 0.995471 603.000000 -0.012136 2.463938
0.340518 0.995484 603.100000 0.234258 1.463881
0.340474 0.995323 603.200000 0.380646 -0.210902
0.340428 0.995198 603.300000 0.359556 -0.699398
0.340379 0.995716 603.400000 0.289616 -2.870729
0.340322 0.996662 603.500000 0.002543 -3.661307
0.340277 0.996537 603.600000 -0.363588 0.703214
0.340228 0.996382 603.700000 -0.293266 -0.346814
0.340180 0.996248 603.800000 -0.327948 -0.609922
0.340137 0.996167 603.900000 -0.388940 -1.008505
0.340100 0.996459 604.000000 -0.489790 -2.348848
0.340087 0.996456 604.100000 -0.724675 -1.399569
0.340093 0.997028 604.200000 -0.864632 2.983960
0.340063 0.997101 604.300000 -0.566236 -1.697131
0.340052 0.996945 604.400000 -0.735949 -0.315947
0.340044 0.996974 604.500000 -0.767544 -1.533254
0.340058 0.996953 604.600000 -0.920869 -1.318102
0.340093 0.996902 604.700000 -1.052679 -1.173797
0.340150 0.996772 604.800000 -1.170059 0.647483
0.340195 0.997319 604.900000 -1.105311 2.934632
0.340193 0.997173 605.000000 -0.811848 0.475683
0.340185 0.997110 605.100000 -0.764279 1.109089
0.340164 0.996953 605.200000 -0.653370 0.309677
0.340140 0.996789 605.300000 -0.622403 0.081592
0.340115 0.996740 605.400000 -0.614244 -1.182381
0.340103 0.996594 605.500000 -0.732482 0.484319
0.340086 0.996526 605.600000 -0.684050 -1.078634
0.340081 0.996584 605.700000 -0.791913 1.642464
0.340058 0.996437 605.800000 -0.627667 -0.459244
0.340039 0.996319 605.900000 -0.673591 0.750726
0.340013 0.996227 606.000000 -0.598518 -0.936555
0.339996 0.996398 606.100000 -0.692174 2.016441
0.339960 0.996368 606.200000 -0.490530 -1.275932
0.339935 0.996238 606.300000 -0.618123 -0.643123
0.339918 0.996089 606.400000 -0.682435 0.434035
0.339895 0.996431 606.500000 -0.639032 2.477242
0.339852 0.996467 606.600000 -0.391308 1.561989
0.339800 0.996306 606.700000 -0.235109 -0.174289
0.339750 0.996250 606.800000 -0.252538 -1.145772
0.339705 0.996138 606.900000 -0.367115 -0.797076
0.339665 0.996445 607.000000 -0.446822 2.392195
0.339613 0.996827 607.100000 -0.207603 -2.574452
0.339575 0.996741 607.200000 -0.465048 -0.978217
0.339545 0.996605 607.300000 -0.562870 -0.577365
0.339521 0.996471 607.400000 -0.620606 -0.603102
0.339503 0.996311 607.500000 -0.680917 -0.236030
0.339488 0.996258 607.600000 -0.704520 1.157764
0.339461 0.996604 607.700000 -0.588743 2.491732
0.339414 0.996514 607.800000 -0.339570 0.948199
0.339363 0.996495 607.900000 -0.244750 1.323377
0.339309 0.996411 608.000000 -0.112412 0.988265
0.339253 0.996265 608.100000 -0.013586 0.466142
0.339197 0.996139 608.200000 0.033028 -0.678585
0.339141 0.995979 608.300000 -0.034830 0.194534
0.339086 0.996066 608.400000 -0.015377 -1.749156
0.339033 0.996565 608.500000 -0.190292 -2.838735
0.338996 0.996410 608.600000 -0.474166 -0.328852
0.338961 0.996776 608.700000 -0.507051 -2.541133
0.338953 0.998303 608.800000 -0.761164 -4.536490
0.339019 0.998684 608.900000 -1.214813 2.577845
0.339038 0.998530 609.000000 -0.957029 -0.339055
0.339063 0.998369 609.100000 -0.990934 0.198015
0.339085 0.998291 609.200000 -0.971133 1.021427
0.339091 0.998210 609.300000 -0.868990 1.002608
0.339084 0.998107 609.400000 -0.768729 0.865675
0.339067 0.998006 609.500000 -0.682162 -0.876372
0.339060 0.998004 609.600000 -0.769799 1.403922
0.339036 0.997867 609.700000 -0.629407 -0.567930
0.339019 0.997732 609.800000 -0.686200 -0.585507
0.339009 0.997676 609.900000 -0.744751 -1.144910
0.339014 0.998183 610.000000 -0.859242 -2.860723
0.339066 0.998809 610.100000 -1.145314 -3.104604
0.339184 0.998661 610.200000 -1.455774 -0.434896
0.339313 0.998520 610.300000 -1.499264 -0.525518
0.339454 0.998356 610.400000 -1.551816 0.028797
0.339595 0.998484 610.500000 -1.548936 1.884448
0.339691 0.998321 610.600000 -1.360491 -0.080043
0.339789 0.998159 610.700000 -1.368496 -0.140797
0.339890 0.998495 610.800000 -1.382575 2.470474
0.339940 0.998631 610.900000 -1.135528 -1.912245
0.340028 0.998600 611.000000 -1.326752 -1.274557
0.340145 0.998721 611.100000 -1.454208 1.863209
0.340221 0.998647 611.200000 -1.267887 -1.047596
0.340320 0.998488 611.300000 -1.372647 -0.217650
0.340423 0.998326 611.400000 -1.394412 0.141059
0.340523 0.998175 611.500000 -1.380306 0.384303
0.340615 0.998013 611.600000 -1.341876 -0.121813
0.340709 0.998151 611.700000 -1.354057 -1.918891
0.340848 0.997989 611.800000 -1.545946 0.132401
0.340985 0.997844 611.900000 -1.532706 -0.473741
0.341133 0.997683 612.000000 -1.580080 -0.154791
0.341285 0.997524 612.100000 -1.595559 0.202022
0.341432 0.997651 612.200000 -1.575357 1.884173
0.341533 0.997764 612.300000 -1.386940 1.838448
0.341596 0.997654 612.400000 -1.203095 0.803857
0.341643 0.997807 612.500000 -1.122709 1.969370
0.341657 0.997752 612.600000 -0.925772 1.148437
0.341655 0.997676 612.700000 -0.810929 1.030306
0.341640 0.997921 612.800000 -0.707898 -2.235494
0.341655 0.997788 612.900000 -0.931447 0.608350
0.341661 0.997902 613.000000 -0.870612 -1.843184
0.341696 0.997776 613.100000 -1.054931 0.670084
0.341720 0.997617 613.200000 -0.987922 -0.187735
0.341747 0.997519 613.300000 -1.006696 -0.891660
0.341789 0.997415 613.400000 -1.095862 0.851393
0.341817 0.997388 613.500000 -1.010723 1.288633
0.341824 0.997234 613.600000 -0.881859 -0.325607
0.341837 0.997541 613.700000 -0.914420 -2.401174
0.341890 0.997492 613.800000 -1.154537 -1.179856
0.341966 0.997920 613.900000 -1.272523 2.693411
0.341992 0.997982 614.000000 -1.003182 1.657106
0.341993 0.997853 614.100000 -0.837471 -0.642164
0.342004 0.998019 614.200000 -0.901688 2.008932
0.341988 0.997989 614.300000 -0.700795 1.275176
0.341959 0.997828 614.400000 -0.573277 -0.147176
0.341932 0.997914 614.500000 -0.587995 1.749050
0.341890 0.997859 614.600000 -0.413090 1.147933
0.341842 0.998043 614.700000 -0.298296 2.062812
0.341787 0.998928 614.800000 -0.092015 -3.589241
0.341748 0.998771 614.900000 -0.450939 -0.241945
0.341711 0.998664 615.000000 -0.475134 0.831715
0.341668 0.998820 615.100000 -0.391962 -1.977858
0.341640 0.999067 615.200000 -0.589748 -2.243140
0.341639 0.999230 615.300000 -0.814062 -2.000851
0.341667 0.999174 615.400000 -1.014147 -1.145030
0.341715 0.999172 615.500000 -1.128650 1.407810
0.341738 0.999616 615.600000 -0.987869 -2.730686
0.341812 0.999674 615.700000 -1.260938 1.648480
0.341854 0.999606 615.800000 -1.096090 -1.077355
0.341916 1.000503 615.900000 -1.203825 -3.611955
0.342059 1.000444 616.000000 -1.565021 -1.130125
0.342232 1.000365 616.100000 -1.678033 1.013311
0.342379 1.000245 616.200000 -1.576702 -0.725494
0.342544 1.000089 616.300000 -1.649251 -0.272875
0.342716 0.999938 616.400000 -1.676539 0.380998
0.342878 0.999872 616.500000 -1.638439 1.089072
0.343012 0.999827 616.600000 -1.529532 1.197945
0.343118 0.999672 616.700000 -1.409738 0.298321
0.343216 0.999517 616.800000 -1.379905 -0.298326
0.343322 0.999463 616.900000 -1.409738 -1.152055
0.343455 0.999638 617.000000 -1.524944 -2.042268
0.343641 0.999477 617.100000 -1.729170 0.033079
0.343827 0.999376 617.200000 -1.725862 -0.873397
0.344037 0.999215 617.300000 -1.813202 -0.011434
0.344248 0.999102 617.400000 -1.814346 -0.781011
0.344482 0.999059 617.500000 -1.892447 1.210849
0.344681 0.999130 617.600000 -1.771362 1.695296
0.344832 0.999027 617.700000 -1.601832 0.852783
0.344963 0.999004 617.800000 -1.516554 -1.306233
0.345126 0.998854 617.900000 -1.647177 -0.388287
0.345301 0.999005 618.000000 -1.686006 1.965765
0.345424 0.998872 618.100000 -1.489429 0.595204
0.345534 0.998795 618.200000 -1.429909 -1.023350
0.345668 0.998794 618.300000 -1.532244 -1.407068
0.345838 0.998665 618.400000 -1.672951 0.637925
0.345991 0.998539 618.500000 -1.609158 -0.661010
0.346162 0.998652 618.600000 -1.675259 1.841515
0.346286 0.999006 618.700000 -1.491108 2.525916
0.346354 0.998866 618.800000 -1.238516 0.518918
0.346412 0.998998 618.900000 -1.186624 -1.903516
0.346509 0.998889 619.000000 -1.376976 -0.807708
0.346624 0.998750 619.100000 -1.457747 -0.520914
0.346753 0.998809 619.200000 -1.509838 1.652939
0.346843 0.998672 619.300000 -1.344544 0.549004
0.346921 0.998544 619.400000 -1.289644 -0.645185
0.347013 0.998732 619.500000 -1.354162 2.077903
0.347063 0.998573 619.600000 -1.146372 0.181366
0.347109 0.998547 619.700000 -1.128235 -1.291799
0.347181 0.999374 619.800000 -1.257415 -3.500208
0.347333 0.999213 619.900000 -1.607436 -0.111393
0.347489 0.999372 620.000000 -1.618576 1.990079
0.347595 0.999319 620.100000 -1.419568 1.158540
0.347676 0.999585 620.200000 -1.303714 2.302369
0.347713 1.000123 620.300000 -1.073477 2.944998
0.347706 1.000008 620.400000 -0.778977 -0.761285
0.347709 0.999993 620.500000 -0.855105 1.344365
0.347694 1.000236 620.600000 -0.720669 2.241559
0.347658 1.000077 620.700000 -0.496513 0.162217
0.347621 0.999918 620.800000 -0.480291 -0.158554
0.347585 1.000059 620.900000 -0.496147 -1.935318
0.347567 0.999925 621.000000 -0.689678 -0.577245
0.347556 1.000160 621.100000 -0.747403 -2.218403
0.347576 0.999999 621.200000 -0.969243 0.061907
0.347594 0.999850 621.300000 -0.963052 0.375311
0.347607 1.000231 621.400000 -0.925521 2.597330
0.347587 1.000092 621.500000 -0.665788 0.513598
0.347562 1.000029 621.600000 -0.614429 -1.106306
0.347548 1.000674 621.700000 -0.725059 3.164349
0.347505 1.000796 621.800000 -0.408624 -1.878030
0.347478 1.000693 621.900000 -0.596427 -0.847440
0.347460 1.000818 622.000000 -0.681171 1.884036
0.347423 1.000671 622.100000 -0.492768 -0.419158
0.347390 1.000539 622.200000 -0.534683 0.603734
0.347353 1.000474 622.300000 -0.474310 -1.091524
0.347324 1.000378 622.400000 -0.583462 -0.896003
0.347305 1.000250 622.500000 -0.673063 0.637283
0.347279 1.000104 622.600000 -0.609334 0.420933
0.347249 1.000020 622.700000 -0.567241 -0.977736
0.347229 0.999860 622.800000 -0.665015 -0.063931
0.347209 0.999712 622.900000 -0.671408 0.408171
0.347185 0.999566 623.000000 -0.630591 0.412391
0.347157 0.999814 623.100000 -0.589352 2.257953
0.347112 0.999654 623.200000 -0.363556 0.033589
0.347067 1.000036 623.300000 -0.360197 -2.600133
0.347042 0.999880 623.400000 -0.620211 0.227878
0.347015 0.999741 623.500000 -0.597423 -0.525526
0.346993 0.999586 623.600000 -0.649975 -0.246707
0.346974 0.999458 623.700000 -0.674646 0.634898
0.346949 0.999453 623.800000 -0.611156 -1.389601
0.346938 0.999469 623.900000 -0.750116 1.482811
0.346912 0.999363 624.000000 -0.601835 0.825438
0.346878 0.999365 624.100000 -0.519292 -1.420393
0.346857 0.999205 624.200000 -0.661331 0.053397
0.346836 0.999060 624.300000 -0.655991 -0.434953
0.346820 0.998901 624.400000 -0.699486 -0.094541
0.346804 0.999064 624.500000 -0.708941 2.010134
0.346769 0.998910 624.600000 -0.507927 -0.271258
0.346737 0.998793 624.700000 -0.535053 0.732181
0.346698 0.999084 624.800000 -0.461835 2.374296
0.346647 0.998928 624.900000 -0.224405 0.205878
0.346595 0.998858 625.000000 -0.203817 1.058835
0.346540 0.998752 625.100000 -0.097934 -0.820217
0.346487 0.998755 625.200000 -0.179956 -1.425909
0.346440 0.998595 625.300000 -0.322547 -0.076767
0.346394 0.998437 625.400000 -0.330223 0.112621
0.346346 0.998467 625.500000 -0.318961 -1.542759
0.346309 0.998809 625.600000 -0.473237 2.505081
0.346258 0.999510 625.700000 -0.222729 3.282025
0.346203 0.999357 625.800000 0.105474 0.283503
0.346149 0.999207 625.900000 0.133824 -0.339055
0.346095 0.999051 626.000000 0.099918 -0.231914
0.346040 0.998892 626.100000 0.076727 -0.032766
0.345985 0.998737 626.200000 0.073450 0.242854
0.345931 0.998587 626.300000 0.097736 -0.343481
0.345876 0.999020 626.400000 0.063388 2.723456
0.345830 0.998861 626.500000 0.335733 -0.114864
0.345783 0.998815 626.600000 0.324247 1.191875
0.345743 0.998691 626.700000 0.443434 0.659953
0.345709 0.998767 626.800000 0.509429 -1.720170
0.345663 0.998829 626.900000 0.337412 1.664258
0.345628 0.998688 627.000000 0.503838 -0.475402
0.345589 0.998537 627.100000 0.456298 0.331562
0.345553 0.998404 627.200000 0.489454 -0.570190
0.345513 0.998398 627.300000 0.432435 -1.385478
0.345465 0.998259 627.400000 0.293887 -0.510757
0.345415 0.998152 627.500000 0.242812 -0.808566
0.345362 0.998048 627.600000 0.161955 0.826333
0.345311 0.997889 627.700000 0.244589 0.078841
0.345262 0.998074 627.800000 0.252473 2.076872
0.345223 0.998024 627.900000 0.460160 1.172449
0.345195 0.997866 628.000000 0.577405 0.061697
0.345167 0.997760 628.100000 0.583574 -0.813628
0.345132 0.997811 628.200000 0.502212 1.624987
0.345113 0.997718 628.300000 0.664710 0.907104
0.345103 0.997564 628.400000 0.755421 -0.263147
0.345090 0.997465 628.500000 0.729106 -0.861950
0.345068 0.997313 628.600000 0.642911 -0.300625
0.345043 0.998437 628.700000 0.612849 -4.016168
0.344992 0.998516 628.800000 0.211232 -1.729349
0.344937 0.998430 628.900000 0.038297 -0.953280
0.344883 0.998763 629.000000 -0.057031 2.487407
0.344831 0.999202 629.100000 0.191710 -2.742310
0.344777 0.999049 629.200000 -0.082521 0.272351
0.344722 0.998891 629.300000 -0.055286 -0.122837
0.344668 0.998957 629.400000 -0.067570 -1.681809
0.344617 0.998799 629.500000 -0.235751 0.035289
0.344567 0.998641 629.600000 -0.232222 0.129716
0.344516 0.998589 629.700000 -0.219250 -1.158436
0.344470 0.998490 629.800000 -0.335094 0.861838
0.344420 0.998663 629.900000 -0.248910 -2.043602
0.344382 0.998529 630.000000 -0.453270 0.559987
0.344340 0.998404 630.100000 -0.397272 -0.643582
0.344302 0.998298 630.200000 -0.461630 0.817678
0.344259 0.998143 630.300000 -0.379862 0.201274
0.344215 0.998010 630.400000 -0.359735 0.562383
0.344167 0.997903 630.500000 -0.303496 0.806013
0.344117 0.997902 630.600000 -0.222895 1.405807
0.344063 0.997870 630.700000 -0.082315 1.264515
0.344008 0.997736 630.800000 0.044137 0.546167
0.343955 0.998379 630.900000 0.098754 3.180157
0.343914 0.998376 631.000000 0.416769 1.399737
0.343884 0.998243 631.100000 0.556743 -0.563643
0.343849 0.998086 631.200000 0.500379 0.137622
0.343816 0.997932 631.300000 0.514141 -0.209211
0.343781 0.998605 631.400000 0.493220 3.240123
0.343779 0.998459 631.500000 0.817232 -0.400510
0.343773 0.998689 631.600000 0.777181 2.212926
0.343797 0.998641 631.700000 0.998474 1.180365
0.343841 0.998499 631.800000 1.116510 -0.443335
0.343878 0.998359 631.900000 1.072177 -0.482750
0.343906 0.998237 632.000000 1.023902 -0.671053
0.343924 0.998119 632.100000 0.956797 -0.713839
0.343932 0.998490 632.200000 0.885413 -2.584472
0.343909 0.998409 632.300000 0.626965 -0.986163
0.343876 0.998251 632.400000 0.528349 0.078781
0.343845 0.998401 632.500000 0.536227 1.972459
0.343833 0.998287 632.600000 0.733473 0.741603
0.343830 0.998138 632.700000 0.807633 -0.332791
0.343823 0.998003 632.800000 0.774354 0.537184
0.343823 0.998024 632.900000 0.828073 -1.504388
0.343805 0.998067 633.000000 0.677634 1.594694
0.343806 0.997944 633.100000 0.837103 0.666039
0.343816 0.997811 633.200000 0.903707 -0.554568
0.343819 0.998053 633.300000 0.848250 -2.248675
0.343795 0.998217 633.400000 0.623383 2.017757
0.343794 0.998292 633.500000 0.825158 -1.718834
0.343774 0.998146 633.600000 0.653275 0.381444
0.343757 0.998000 633.700000 0.691419 -0.378047
0.343737 0.998103 633.800000 0.653615 1.815935
0.343738 0.997962 633.900000 0.835208 -0.466440
0.343732 0.998089 634.000000 0.788564 1.899402
0.343754 0.998097 634.100000 0.978504 -1.447911
0.343754 0.998034 634.200000 0.833713 1.094286
0.343770 0.997913 634.300000 0.943142 0.680788
0.343797 0.997916 634.400000 1.011221 -1.424145
0.343802 0.997759 634.500000 0.868806 0.064024
0.343808 0.997603 634.600000 0.875209 -0.091073
0.343813 0.997450 634.700000 0.866101 -0.254148
0.343815 0.997294 634.800000 0.840687 -0.066074
0.343815 0.997142 634.900000 0.834079 -0.260256
0.343812 0.997016 635.000000 0.808054 0.626619
0.343818 0.997023 635.100000 0.870716 -1.445771
0.343805 0.996872 635.200000 0.726138 0.274184
0.343796 0.998676 635.300000 0.753557 4.990847
0.343865 0.998560 635.400000 1.252641 -0.727065
0.343921 0.998617 635.500000 1.179935 -1.647541
0.343948 0.998656 635.600000 1.015181 1.579929
0.344002 0.998499 635.700000 1.173174 -0.023067
0.344056 0.998553 635.800000 1.170867 -1.638091
0.344081 0.998434 635.900000 1.007058 -0.694693
0.344096 0.998333 636.000000 0.937589 0.849019
0.344124 0.998364 636.100000 1.022491 -1.544310
0.344129 0.998237 636.200000 0.868060 -0.613902
0.344126 0.998170 636.300000 0.806669 1.071407
0.344138 0.998016 636.400000 0.913810 0.190489
0.344152 0.998748 636.500000 0.932859 3.363180
0.344225 0.998592 636.600000 1.269177 0.142329
0.344300 0.998501 636.700000 1.283410 -0.910699
0.344358 0.998409 636.800000 1.192340 0.909489
0.344433 0.998272 636.900000 1.283289 0.505524
0.344518 0.998124 637.000000 1.333841 -0.325040
0.344597 0.998079 637.100000 1.301337 1.194053
0.344701 0.998081 637.200000 1.420743 -1.420877
0.344776 0.997930 637.300000 1.278655 -0.271134
0.344844 0.997774 637.400000 1.251542 -0.101908
0.344911 0.997629 637.500000 1.241351 0.376214
0.344985 0.997475 637.600000 1.278972 -0.182392
0.345056 0.997474 637.700000 1.260733 -1.409265
0.345100 0.997955 637.800000 1.119806 2.852002
0.345201 0.997799 637.900000 1.405007 -0.033812
0.345300 0.997726 638.000000 1.401625 -1.031627
0.345378 0.997573 638.100000 1.298463 -0.189024
0.345453 0.997422 638.200000 1.279560 -0.269197
0.345521 0.997348 638.300000 1.252641 -1.024259
0.345571 0.997591 638.400000 1.150215 -2.258910
0.345584 0.997453 638.500000 0.924324 -0.472699
0.345590 0.997621 638.600000 0.877054 -2.035762
0.345571 0.997485 638.700000 0.673477 0.511833
0.345558 0.997333 638.800000 0.724661 -0.232386
0.345543 0.997215 638.900000 0.701422 -0.698578
0.345520 0.997080 639.000000 0.631564 0.515792
0.345502 0.996932 639.100000 0.683144 -0.323325
0.345481 0.997039 639.200000 0.650811 1.830819
0.345482 0.996883 639.300000 0.833893 -0.022026
0.345482 0.996801 639.400000 0.831690 -0.971743
0.345470 0.996645 639.500000 0.734516 -0.040093
0.345458 0.996525 639.600000 0.730507 0.677162
0.345453 0.996715 639.700000 0.798223 2.103755
0.345479 0.996565 639.800000 1.008598 0.263759
0.345509 0.996824 639.900000 1.034974 -2.304774
0.345505 0.996679 640.000000 0.804497 0.369128
0.345506 0.997310 640.100000 0.841410 -3.173811
0.345474 0.997200 640.200000 0.524029 0.763813
0.345448 0.997072 640.300000 0.600410 -0.598850
0.345417 0.996919 640.400000 0.540525 -0.186497
0.345384 0.997000 640.500000 0.521875 1.741205
0.345368 0.997436 640.600000 0.695996 2.752246
0.345388 0.997293 640.700000 0.971220 -0.411054
0.345402 0.997631 640.800000 0.930115 2.515541
0.345457 0.997583 640.900000 1.181669 -1.172485
0.345491 0.997605 641.000000 1.064420 -1.508745
0.345502 0.997493 641.100000 0.913546 0.746024
0.345524 0.997368 641.200000 0.988148 0.629528
0.345557 0.997243 641.300000 1.051101 -0.629760
0.345579 0.997088 641.400000 0.988125 0.014956
0.345601 0.997131 641.500000 0.989621 1.594663
0.345650 0.996976 641.600000 1.149087 -0.122316
0.345697 0.996825 641.700000 1.136855 0.211715
0.345748 0.996734 641.800000 1.158027 -0.913768
0.345783 0.996969 641.900000 1.066650 -2.237245
0.345784 0.996821 642.000000 0.842926 0.311125
0.345790 0.996795 642.100000 0.874038 -1.287435
0.345779 0.996916 642.200000 0.745295 -1.882032
0.345749 0.996842 642.300000 0.557091 1.026394
0.345730 0.996749 642.400000 0.659731 -0.894958
0.345701 0.996595 642.500000 0.570235 -0.118819
0.345672 0.996548 642.600000 0.558353 1.176298
0.345653 0.996423 642.700000 0.675983 -0.616389
0.345629 0.996543 642.800000 0.614344 1.881027
0.345625 0.996631 642.900000 0.802447 -1.769931
0.345602 0.996481 643.000000 0.625454 0.254928
0.345581 0.996560 643.100000 0.650946 -1.733791
0.345545 0.996589 643.200000 0.477567 -1.536819
0.345500 0.996463 643.300000 0.323885 0.609972
0.345457 0.996482 643.400000 0.384883 -1.496663
0.345408 0.996358 643.500000 0.235216 -0.633057
0.345357 0.996332 643.600000 0.171911 -1.286127
0.345303 0.996179 643.700000 0.043298 0.124759
0.345250 0.997814 643.800000 0.055774 -4.801755
0.345210 0.997694 643.900000 -0.424402 0.672748
0.345166 0.997540 644.000000 -0.357127 -0.022310
0.345123 0.997436 644.100000 -0.359358 -0.810815
0.345084 0.997506 644.200000 -0.440439 1.701868
0.345036 0.997380 644.300000 -0.270253 0.616228
0.344986 0.997240 644.400000 -0.208630 0.424778
0.344935 0.997275 644.500000 -0.166152 1.564676
0.344881 0.997144 644.600000 -0.009684 -0.554413
0.344828 0.997664 644.700000 -0.065126 -2.949686
0.344785 0.997638 644.800000 -0.360094 -1.287339
0.344750 0.997508 644.900000 -0.488828 -0.563052
0.344720 0.997355 645.000000 -0.545133 -0.146412
0.344690 0.997261 645.100000 -0.559775 -0.883175
0.344669 0.997336 645.200000 -0.648092 -1.723285
0.344668 0.997555 645.300000 -0.820421 -2.195177
0.344699 0.997401 645.400000 -1.039938 -0.043402
0.344730 0.997279 645.500000 -1.044278 0.654698
0.344750 0.997129 645.600000 -0.978809 0.242884
0.344768 0.997131 645.700000 -0.954520 -1.420860
0.344807 0.997185 645.800000 -1.096606 1.640838
0.344821 0.997063 645.900000 -0.932522 0.645432
0.344826 0.996915 646.000000 -0.867979 -0.280089
0.344835 0.996811 646.100000 -0.895988 -0.807453
0.344855 0.996686 646.200000 -0.976733 0.608573
0.344867 0.996532 646.300000 -0.915876 -0.043604
0.344879 0.996393 646.400000 -0.920236 -0.444371
0.344898 0.996300 646.500000 -0.964674 -0.892813
0.344930 0.996163 646.600000 -1.053955 -0.465622
0.344971 0.996672 646.700000 -1.100517 -2.928608
0.345067 0.996518 646.800000 -1.393378 -0.085676
0.345166 0.996530 646.900000 -1.401945 1.462568
0.345234 0.997350 647.000000 -1.255689 3.551721
0.345244 0.997197 647.100000 -0.900516 -0.072108
0.345254 0.997051 647.200000 -0.907727 0.328957
0.345260 0.996903 647.300000 -0.874832 0.276055
0.345262 0.996753 647.400000 -0.847226 -0.236300
0.345267 0.996653 647.500000 -0.870856 -0.831723
0.345284 0.996626 647.600000 -0.954028 1.282429
0.345283 0.996801 647.700000 -0.825785 2.065861
0.345260 0.996699 647.800000 -0.619199 0.816910
0.345229 0.996701 647.900000 -0.537508 -1.421719
0.345211 0.996548 648.000000 -0.679680 -0.115751
0.345195 0.996941 648.100000 -0.691255 2.662400
0.345155 0.997104 648.200000 -0.425015 2.024716
0.345106 0.997484 648.300000 -0.222544 2.630841
0.345053 0.997673 648.400000 0.040540 2.109787
0.345005 0.997520 648.500000 0.251519 0.055274
0.344956 0.998000 648.600000 0.257047 -2.868049
0.344903 0.997912 648.700000 -0.029758 0.927603
0.344850 0.997763 648.800000 0.063002 -0.250385
0.344797 0.997817 648.900000 0.037963 -1.640620
0.344746 0.997776 649.000000 -0.126099 1.210308
0.344692 0.997845 649.100000 -0.005068 1.699366
0.344641 0.997714 649.200000 0.164869 -0.549394
0.344589 0.997624 649.300000 0.109929 -0.906618
0.344536 0.997479 649.400000 0.019267 0.329728
0.344483 0.997476 649.500000 0.052240 -1.397471
0.344431 0.997749 649.600000 -0.087507 -2.354842
0.344386 0.997919 649.700000 -0.322991 2.052631
0.344334 0.998088 649.800000 -0.117728 -2.046815
0.344289 0.997938 649.900000 -0.322409 -0.202215
0.344245 0.997834 650.000000 -0.342631 -0.805031
0.344206 0.998051 650.100000 -0.423134 2.195542
0.344156 0.998087 650.200000 -0.203580 1.569741
0.344104 0.998058 650.300000 -0.046606 -1.268758
0.344053 0.997906 650.400000 -0.173482 -0.150674
0.344003 0.998029 650.500000 -0.188549 -1.896077
0.343961 0.997883 650.600000 -0.378157 -0.308707
0.343921 0.997736 650.700000 -0.409027 0.291382
0.343879 0.997916 650.800000 -0.379889 -2.083987
0.343853 0.997998 650.900000 -0.588288 -1.749784
0.343845 0.998314 651.000000 -0.763266 -2.471401
0.343870 0.998165 651.100000 -1.010406 -0.226975
0.343900 0.998032 651.200000 -1.033104 -0.523232
0.343937 0.997989 651.300000 -1.085427 1.194508
0.343956 0.997838 651.400000 -0.965976 0.188108
0.343972 0.997813 651.500000 -0.947166 1.288799
0.343971 0.997661 651.600000 -0.818286 0.147476
0.343967 0.997530 651.700000 -0.803538 0.535894
0.343958 0.997445 651.800000 -0.749949 0.943027
0.343938 0.997621 651.900000 -0.655646 -2.071111
0.343942 0.997663 652.000000 -0.862757 -1.592957
0.343970 0.997530 652.100000 -1.022053 0.508990
0.343989 0.997520 652.200000 -0.971154 -1.365707
0.344031 0.997368 652.300000 -1.107724 -0.121520
0.344074 0.997536 652.400000 -1.119876 2.045168
0.344085 0.997415 652.500000 -0.915359 -0.645576
0.344106 0.997397 652.600000 -0.979917 -1.328695
0.344148 0.997271 652.700000 -1.112787 0.586039
0.344181 0.997135 652.800000 -1.054183 0.470397
0.344206 0.997281 652.900000 -1.007143 1.975107
0.344203 0.997170 653.000000 -0.809632 -0.737911
0.344210 0.997432 653.100000 -0.883423 2.328952
0.344190 0.997394 653.200000 -0.650528 1.219950
0.344159 0.997241 653.300000 -0.528533 -0.055301
0.344128 0.997378 653.400000 -0.534063 1.943716
0.344084 0.997352 653.500000 -0.339692 1.288900
0.344035 0.997220 653.600000 -0.210802 -0.511865
0.343987 0.997089 653.700000 -0.261988 0.541261
0.343938 0.996954 653.800000 -0.207862 0.465001
0.343888 0.997131 653.900000 -0.161362 2.078696
0.343835 0.996980 654.000000 0.046508 -0.131641
0.343783 0.997087 654.100000 0.033344 -1.842477
0.343732 0.996936 654.200000 -0.150904 0.118433
0.343681 0.997162 654.300000 -0.139061 -2.225796
0.343638 0.997011 654.400000 -0.361640 -0.119179
0.343596 0.996971 654.500000 -0.373558 1.213099
0.343549 0.996820 654.600000 -0.252248 0.119032
0.343501 0.996672 654.700000 -0.240345 -0.246583
0.343454 0.996651 654.800000 -0.265004 1.311936
0.343403 0.996563 654.900000 -0.133810 -0.914159
0.343354 0.996455 655.000000 -0.225226 -0.760558
0.343309 0.996621 655.100000 -0.301282 2.041889
0.343257 0.997106 655.200000 -0.097093 2.888501
0.343207 0.997065 655.300000 0.191757 1.206580
0.343162 0.996994 655.400000 0.312415 -1.030622
0.343113 0.996850 655.500000 0.209353 0.339357
0.343066 0.996698 655.600000 0.243289 0.040077
0.343018 0.996573 655.700000 0.247297 0.589842
0.342973 0.997003 655.800000 0.306281 -2.763334
0.342921 0.996859 655.900000 0.029947 0.329847
0.342869 0.996713 656.000000 0.062932 -0.269151
0.342816 0.996563 656.100000 0.036017 -0.171343
0.342764 0.996412 656.200000 0.018883 -0.028004
0.342712 0.996535 656.300000 0.016082 1.901327
0.342663 0.996942 656.400000 0.206215 2.707899
0.342628 0.996814 656.500000 0.477005 0.556511
0.342598 0.996843 656.600000 0.532656 -1.544026
0.342556 0.996722 656.700000 0.378253 0.637012
0.342519 0.997324 656.800000 0.441955 -3.145345
0.342468 0.997174 656.900000 0.127420 -0.152015
0.342417 0.997063 657.000000 0.112219 0.736973
0.342368 0.996935 657.100000 0.185916 0.557944
0.342320 0.996876 657.200000 0.241710 1.104017
0.342277 0.996726 657.300000 0.352112 -0.115317
0.342234 0.996821 657.400000 0.340580 -1.800775
0.342184 0.996909 657.500000 0.160503 1.774798
0.342141 0.996769 657.600000 0.337983 -0.395099
0.342095 0.997082 657.700000 0.298473 -2.472124
0.342044 0.997029 657.800000 0.051260 1.140767
0.341994 0.996916 657.900000 0.165337 -0.709725
0.341942 0.996859 658.000000 0.094364 1.115366
0.341894 0.996708 658.100000 0.205901 -0.024844
0.341845 0.998030 658.200000 0.203417 -4.404850
0.341797 0.997932 658.300000 -0.237068 0.841780
0.341747 0.997793 658.400000 -0.152890 0.404831
0.341696 0.997899 658.500000 -0.112407 1.840469
0.341645 0.998349 658.600000 0.071640 -2.816289
0.341596 0.998212 658.700000 -0.209989 -0.428706
0.341549 0.998062 658.800000 -0.252860 -0.148383
0.341503 0.998028 658.900000 -0.267698 -1.243483
0.341463 0.997877 659.000000 -0.392046 -0.080434
0.341423 0.997726 659.100000 -0.400090 0.120369
0.341383 0.997575 659.200000 -0.388053 -0.072673
0.341343 0.997426 659.300000 -0.395320 0.160833
0.341302 0.997317 659.400000 -0.379237 -0.741404
0.341266 0.998368 659.500000 -0.453377 -3.983075
0.341269 0.998217 659.600000 -0.851685 0.077540
0.341271 0.998180 659.700000 -0.843931 -1.226045
0.341290 0.998084 659.800000 -0.966535 -0.859675
0.341322 0.998068 659.900000 -1.052503 -1.332200
0.341377 0.997941 660.000000 -1.185723 -0.567688
0.341442 0.997985 660.100000 -1.242492 1.603904
0.341479 0.997887 660.200000 -1.082101 -0.842413
0.341531 0.997997 660.300000 -1.166342 -1.856104
0.341617 0.998827 660.400000 -1.351953 3.601085
0.341640 0.999217 660.500000 -0.991844 2.671728
0.341628 0.999360 660.600000 -0.724672 1.974358
0.341597 0.999211 660.700000 -0.527236 0.167734
0.341565 0.999911 660.800000 -0.510462 -3.354424
0.341568 0.999910 660.900000 -0.845905 -1.409508
0.341590 0.999940 661.000000 -0.986856 1.546292
0.341591 0.999829 661.100000 -0.832226 0.730703
0.341583 0.999872 661.200000 -0.759156 -1.600555
0.341595 0.999875 661.300000 -0.919212 1.430621
0.341589 0.999919 661.400000 -0.776149 -1.608040
0.341603 0.999794 661.500000 -0.936953 -0.580349
0.341627 0.999678 661.600000 -0.994988 -0.681563
0.341660 0.999701 661.700000 -1.063145 -1.517989
0.341720 0.999824 661.800000 -1.214944 1.904581
0.341748 0.999824 661.900000 -1.024485 1.415639
0.341755 0.999876 662.000000 -0.882922 1.638224
0.341743 0.999746 662.100000 -0.719099 0.528395
0.341725 0.999610 662.200000 -0.666260 -0.446253
0.341711 0.999715 662.300000 -0.710885 1.843225
0.341680 0.999583 662.400000 -0.526562 0.497757
0.341646 0.999773 662.500000 -0.476787 -2.125607
0.341630 0.999662 662.600000 -0.689348 -0.726187
0.341623 0.999532 662.700000 -0.761966 -0.527799
0.341621 0.999604 662.800000 -0.814746 1.717884
0.341601 0.999545 662.900000 -0.642958 1.102734
0.341571 0.999964 663.000000 -0.532684 2.749142
0.341524 0.999815 663.100000 -0.257770 -0.153183
0.341478 1.000337 663.200000 -0.273088 2.987298
0.341427 1.000268 663.300000 0.025641 -1.041791
0.341376 1.000783 663.400000 -0.078538 -2.970732
0.341335 1.000752 663.500000 -0.375611 1.263453
0.341288 1.000656 663.600000 -0.249266 0.851527
0.341239 1.000529 663.700000 -0.164113 0.557122
0.341188 1.000407 663.800000 -0.108401 0.617752
0.341137 1.000264 663.900000 -0.046626 0.331511
0.341086 1.000120 664.000000 -0.013475 -0.295728
0.341035 0.999992 664.100000 -0.043047 0.545052
0.340983 0.999842 664.200000 0.011458 -0.099848
0.340932 1.000571 664.300000 0.001473 -3.418850
0.340889 1.000454 664.400000 -0.340412 0.667516
0.340844 1.000347 664.500000 -0.273660 -0.757951
0.340802 1.000252 664.600000 -0.349455 0.859723
0.340756 1.000457 664.700000 -0.263483 2.175349
0.340704 1.000368 664.800000 -0.045948 0.898908
0.340653 1.000222 664.900000 0.043943 -0.252938
0.340602 1.000072 665.000000 0.018649 0.096308
0.340551 1.000312 665.100000 0.028280 2.276889
0.340505 1.000381 665.200000 0.255969 1.710113
0.340467 1.000235 665.300000 0.426980 -0.234048
0.340428 1.000101 665.400000 0.403575 0.467313
0.340392 1.000130 665.500000 0.450306 -1.545258
0.340348 1.000102 665.600000 0.295781 -1.272917
0.340299 1.000662 665.700000 0.168489 3.076107
0.340265 1.000517 665.800000 0.476100 -0.258623
0.340229 1.000416 665.900000 0.450237 0.809342
0.340199 1.000368 666.000000 0.531171 -1.166321
0.340161 1.000225 666.100000 0.414539 -0.318433
0.340121 1.000076 666.200000 0.382696 -0.091818
0.340080 0.999951 666.300000 0.373514 0.581001
0.340043 1.000013 666.400000 0.431614 -1.679879
0.339997 0.999882 666.500000 0.263626 -0.505820
0.339950 0.999780 666.600000 0.213044 0.804465
0.339905 0.999647 666.700000 0.293491 0.463830
0.339863 0.999681 666.800000 0.339874 -1.566149
0.339815 0.999532 666.900000 0.183259 0.153905
0.339767 0.999388 667.000000 0.198650 0.273188
0.339719 0.999400 667.100000 0.225968 -1.466720
0.339669 1.000106 667.200000 0.079296 -3.379374
0.339623 0.999967 667.300000 -0.258641 -0.392790
0.339579 1.000071 667.400000 -0.297920 -1.839012
0.339545 1.000037 667.500000 -0.481821 -1.244243
0.339522 1.000673 667.600000 -0.606245 3.238635
0.339477 1.000529 667.700000 -0.282382 -0.296099
0.339434 1.000486 667.800000 -0.311992 -1.194561
0.339397 1.000341 667.900000 -0.431448 -0.253280
0.339362 1.000215 668.000000 -0.456776 -0.560984
0.339331 1.000092 668.100000 -0.512874 0.592330
0.339295 1.000103 668.200000 -0.453641 1.466713
0.339251 0.999958 668.300000 -0.306970 0.252689
0.339207 0.999810 668.400000 -0.281701 0.116371
0.339161 1.000098 668.500000 -0.270064 -2.419638
0.339130 0.999949 668.600000 -0.512028 -0.041785
0.339099 0.999929 668.700000 -0.516206 1.319586
0.339060 0.999952 668.800000 -0.384248 -1.516898
0.339031 0.999849 668.900000 -0.535938 -0.787373
0.339008 1.000182 669.000000 -0.614675 -2.542912
0.339014 1.000045 669.100000 -0.868966 -0.400292
0.339025 0.999896 669.200000 -0.908995 -0.033759
0.339037 0.999747 669.300000 -0.912371 0.119153
0.339046 0.999694 669.400000 -0.900456 -1.136340
0.339073 0.999789 669.500000 -1.014090 -1.808979
0.339129 0.999643 669.600000 -1.194988 -0.188621
0.339188 0.999901 669.700000 -1.213850 2.335694
0.339209 0.999773 669.800000 -0.980280 -0.540622
0.339238 0.999650 669.900000 -1.034343 -0.587914
0.339277 0.999509 670.000000 -1.093134 -0.329734
0.339321 0.999721 670.100000 -1.126107 -2.200937
0.339405 0.999577 670.200000 -1.346201 -0.259997
0.339495 0.999756 670.300000 -1.372201 -2.097644
0.339631 0.999639 670.400000 -1.581965 0.658088
0.339752 0.999807 670.500000 -1.516156 -2.060794
0.339922 1.000386 670.600000 -1.722236 -3.126162
0.340180 1.000764 670.700000 -2.034852 -2.658227
0.340524 1.001551 670.800000 -2.300675 3.543775
0.340756 1.001463 670.900000 -1.946297 0.906361
0.340961 1.001361 671.000000 -1.855661 -0.798320
0.341190 1.001418 671.100000 -1.935493 1.664097
0.341372 1.001289 671.200000 -1.769083 0.524185
0.341541 1.001203 671.300000 -1.716665 0.921008
0.341686 1.001120 671.400000 -1.624564 0.940952
0.341810 1.001291 671.500000 -1.530469 -2.073659
0.341984 1.001500 671.600000 -1.737835 -2.193180
0.342218 1.001351 671.700000 -1.957153 -0.025951
0.342453 1.001209 671.800000 -1.959748 -0.302041
0.342696 1.001140 671.900000 -1.989952 1.038275
0.342910 1.001161 672.000000 -1.886125 1.509045
0.343083 1.001051 672.100000 -1.735220 -0.727475
0.343275 1.000925 672.200000 -1.807968 0.554957
0.343452 1.001046 672.300000 -1.752472 1.906613
0.343583 1.000915 672.400000 -1.561811 -0.487154
0.343724 1.001157 672.500000 -1.610526 -2.291684
0.343925 1.001068 672.600000 -1.839694 0.900937
0.344101 1.000948 672.700000 -1.749601 -0.615141
0.344294 1.000840 672.800000 -1.811115 0.743401
0.344467 1.000709 672.900000 -1.736775 -0.488452
0.344652 1.000564 673.000000 -1.785620 0.229632
0.344832 1.000416 673.100000 -1.762657 0.079831
0.345009 1.000371 673.200000 -1.754674 -1.179501
0.345219 1.000266 673.300000 -1.872624 0.765379
0.345407 1.000118 673.400000 -1.796086 -0.085778
0.345597 1.000044 673.500000 -1.804664 1.001270
0.345762 1.000023 673.600000 -1.704537 -1.309659
0.345960 0.999901 673.700000 -1.835503 -0.596223
0.346175 0.999758 673.800000 -1.895125 -0.283758
0.346398 0.999622 673.900000 -1.923501 -0.409131
0.346633 0.999475 674.000000 -1.964414 0.143175
0.346864 0.999366 674.100000 -1.950096 -0.725629
0.347116 0.999221 674.200000 -2.022659 -0.206054
0.347374 0.999521 674.300000 -2.043265 -2.458798
0.347711 0.999442 674.400000 -2.289145 -0.962768
0.348081 0.999356 674.500000 -2.385421 0.918727
0.348419 0.999222 674.600000 -2.293549 0.441303
0.348743 0.999270 674.700000 -2.249418 -1.626353
0.349122 0.999318 674.800000 -2.412054 -1.626102
0.349561 0.999316 674.900000 -2.574664 1.401048
0.349948 0.999259 675.000000 -2.434559 -1.110198
0.350376 0.999287 675.100000 -2.545579 -1.541350
0.350864 0.999214 675.200000 -2.699714 1.007468
0.351312 0.999066 675.300000 -2.598967 -0.075375
0.351763 0.999524 675.400000 -2.606504 -2.860322
0.352330 0.999643 675.500000 -2.892537 1.897063
0.352819 0.999820 675.600000 -2.702830 2.098180
0.353226 0.999678 675.700000 -2.493012 0.277405
0.353624 0.999537 675.800000 -2.465272 -0.297074
0.354032 0.999474 675.900000 -2.494979 -1.073380
0.354480 0.999379 676.000000 -2.602317 0.846438
0.354897 0.999302 676.100000 -2.517673 -0.974316
0.355350 0.999469 676.200000 -2.615105 2.063528
0.355726 0.999857 676.300000 -2.408752 2.693101
0.356012 0.999717 676.400000 -2.139442 0.324105
0.356287 0.999589 676.500000 -2.107032 -0.519253
0.356579 0.999761 676.600000 -2.158957 2.080121
0.356808 0.999619 676.700000 -1.950945 0.281775
0.357028 0.999623 676.800000 -1.922767 -1.431446
0.357290 0.999518 676.900000 -2.065912 -0.759571
0.357576 0.999378 677.000000 -2.141869 0.331956
0.357852 0.999231 677.100000 -2.108673 -0.037190
0.358128 0.999088 677.200000 -2.112392 0.249562
0.358397 0.998944 677.300000 -2.087436 0.208018
0.358659 0.999032 677.400000 -2.066634 1.786614
0.358870 0.999070 677.500000 -1.887973 -1.587127
0.359126 0.999151 677.600000 -2.046686 -1.759324
0.359437 0.999149 677.700000 -2.222618 1.402668
0.359704 0.999412 677.800000 -2.082351 -2.359361
0.360047 0.999285 677.900000 -2.318287 -0.525107
0.360409 0.999338 678.000000 -2.370798 1.647924
0.360714 0.999220 678.100000 -2.206006 0.634463
0.360999 0.999126 678.200000 -2.142559 0.844808
0.361258 0.998985 678.300000 -2.058078 -0.310434
0.361527 0.998942 678.400000 -2.089122 1.185571
0.361760 0.998838 678.500000 -1.970565 0.768784
0.361970 0.998728 678.600000 -1.893686 0.713087
0.362162 0.998642 678.700000 -1.822378 -0.911265
0.362378 0.998828 678.800000 -1.913504 2.125253
0.362538 0.999201 678.900000 -1.700979 2.656556
0.362636 0.999135 679.000000 -1.435323 -1.051099
0.362757 0.999002 679.100000 -1.540433 0.438576
0.362869 0.998870 679.200000 -1.496575 -0.454123
0.362990 0.999169 679.300000 -1.541988 2.461184
0.363061 0.999127 679.400000 -1.295869 -1.196066
0.363155 0.999023 679.500000 -1.415476 -0.764029
0.363265 0.999026 679.600000 -1.491879 -1.428844
0.363408 0.998888 679.700000 -1.634763 0.344461
0.363543 0.999411 679.800000 -1.600317 3.017874
0.363613 0.999869 679.900000 -1.298530 -2.869265
0.363745 1.000346 680.000000 -1.585456 2.913098
0.363814 1.000424 680.100000 -1.294146 -1.748363
0.363919 1.000325 680.200000 -1.468983 -0.813161
0.364043 1.000205 680.300000 -1.550299 -0.608273
0.364180 1.000370 680.400000 -1.611126 2.058878
0.364271 1.000561 680.500000 -1.405238 -2.146248
0.364411 1.000415 680.600000 -1.619863 0.066357
0.364548 1.000292 680.700000 -1.613227 -0.576903
0.364700 1.000202 680.800000 -1.670918 -0.881084
0.364873 1.001015 680.900000 -1.759026 3.616361
0.364963 1.000870 681.000000 -1.397390 -0.164487
0.365056 1.000732 681.100000 -1.413839 0.347514
0.365142 1.000590 681.200000 -1.379087 0.237462
0.365223 1.000633 681.300000 -1.355341 -1.611083
0.365339 1.000489 681.400000 -1.516449 -0.180260
0.365458 1.001535 681.500000 -1.534475 -4.032190
0.365679 1.001556 681.600000 -1.937694 -1.512854
0.365946 1.001409 681.700000 -2.088980 0.064908
0.366210 1.001380 681.800000 -2.082489 1.269312
0.366437 1.001530 681.900000 -1.955558 2.010651
0.366609 1.001469 682.000000 -1.754493 -1.081990
0.366809 1.001326 682.100000 -1.862692 0.225463
0.367004 1.001215 682.200000 -1.840146 -0.698878
0.367217 1.001168 682.300000 -1.910033 -1.168626
0.367464 1.001065 682.400000 -2.026896 -0.773827
0.367735 1.000930 682.500000 -2.104279 0.384638
0.367994 1.000827 682.600000 -2.065815 0.775904
0.368229 1.000846 682.700000 -1.988224 1.504593
0.368423 1.001054 682.800000 -1.837765 -2.199409
0.368679 1.000971 682.900000 -2.057706 0.929560
0.368907 1.001044 683.000000 -1.964750 1.734666
0.369088 1.000954 683.100000 -1.791283 0.880268
0.369246 1.000850 683.200000 -1.703257 0.755252
0.369386 1.000704 683.300000 -1.627731 0.078039
0.369524 1.000602 683.400000 -1.619928 -0.785908
0.369681 1.000579 683.500000 -1.698518 1.296981
0.369807 1.000455 683.600000 -1.568820 0.556431
0.369920 1.000331 683.700000 -1.513177 -0.544022
0.370046 1.000303 683.800000 -1.567579 1.274317
0.370143 1.000284 683.900000 -1.440148 1.320097
0.370214 1.000139 684.000000 -1.308138 0.071150
0.370284 1.000346 684.100000 -1.301023 2.201359
0.370315 1.000227 684.200000 -1.080887 0.608069
0.370337 1.000205 684.300000 -1.020080 -1.301047
0.370380 1.000095 684.400000 -1.150185 0.704915
0.370411 1.000218 684.500000 -1.079693 1.920020
0.370414 1.000264 684.600000 -0.887691 -1.619684
0.370440 1.000127 684.700000 -1.049660 -0.358786
0.370472 1.000183 684.800000 -1.085538 1.662944
0.370480 1.000066 684.900000 -0.919244 -0.634242
0.370496 0.999930 685.000000 -0.982668 0.369752
0.370508 1.000191 685.100000 -0.945693 -2.360555
0.370555 1.000330 685.200000 -1.181748 1.976154
0.370572 1.000186 685.300000 -0.984133 0.170166
0.370586 1.000184 685.400000 -0.967116 -1.404813
0.370621 1.000053 685.500000 -1.107598 0.453256
0.370650 0.999914 685.600000 -1.062272 0.312910
0.370673 0.999859 685.700000 -1.030981 1.110370
0.370681 1.000168 685.800000 -0.919944 2.499087
0.370660 1.000035 685.900000 -0.670035 0.417488
0.370634 0.999892 686.000000 -0.628286 0.180761
0.370607 0.999760 686.100000 -0.610210 -0.437805
0.370585 0.999618 686.200000 -0.653991 0.222118
0.370560 0.999541 686.300000 -0.631779 -0.970344
0.370544 0.999396 686.400000 -0.728813 -0.081355
0.370530 0.999311 686.500000 -0.736949 0.913717
0.370506 0.999216 686.600000 -0.645577 -0.833442
0.370491 0.999204 686.700000 -0.728921 -1.352990
0.370491 0.999062 686.800000 -0.864220 -0.215178
0.370495 0.999610 686.900000 -0.885738 3.088071
0.370465 0.999521 687.000000 -0.576931 0.880537
0.370428 0.999492 687.100000 -0.488877 -1.266093
0.370402 0.999882 687.200000 -0.615487 2.711927
0.370357 0.999737 687.300000 -0.344294 -0.061634
0.370312 0.999592 687.400000 -0.350457 -0.116732
0.370268 0.999491 687.500000 -0.362131 0.782723
0.370220 0.999375 687.600000 -0.283858 -0.625435
0.370174 0.999231 687.700000 -0.346402 0.164005
0.370129 0.999333 687.800000 -0.330001 1.843401
0.370076 0.999189 687.900000 -0.145661 -0.132430
0.370024 0.999070 688.000000 -0.158904 -0.605245
0.369974 0.998967 688.100000 -0.219429 -0.758470
0.369927 0.998922 688.200000 -0.295276 -1.171459
0.369885 0.998782 688.300000 -0.412422 0.270965
0.369842 0.998659 688.400000 -0.385325 0.557859
0.369797 0.998639 688.500000 -0.329539 -1.307883
0.369758 0.998513 688.600000 -0.460328 0.522239
0.369717 0.998742 688.700000 -0.408104 2.269760
0.369665 0.998613 688.800000 -0.181128 0.468528
0.369613 0.998483 688.900000 -0.134275 -0.446386
0.369562 0.998566 689.000000 -0.178913 -1.774533
0.369517 0.998427 689.100000 -0.356367 0.286219
0.369471 0.998342 689.200000 -0.327745 -0.901479
0.369431 0.998208 689.300000 -0.417893 -0.394251
0.369392 0.998080 689.400000 -0.457318 -0.486677
0.369357 0.997960 689.500000 -0.505986 -0.576459
0.369327 0.997905 689.600000 -0.563631 1.111181
0.369288 0.997947 689.700000 -0.452513 1.607733
0.369241 0.997813 689.800000 -0.291740 -0.383542
0.369195 0.997694 689.900000 -0.330094 -0.591452
0.369152 0.997736 690.000000 -0.389239 -1.606079
0.369121 0.997645 690.100000 -0.549847 0.856292
0.369083 0.997640 690.200000 -0.464218 1.387651
0.369037 0.997954 690.300000 -0.325453 2.516143
0.368984 0.997809 690.400000 -0.073839 -0.027855
0.368931 0.997685 690.500000 -0.076624 0.520390
0.368878 0.997558 690.600000 -0.024585 0.494900
0.368824 0.997432 690.700000 0.024905 -0.502635
0.368771 0.997369 690.800000 -0.025359 -1.061220
0.368719 0.997262 690.900000 -0.131481 -0.721036
0.368669 0.997242 691.000000 -0.203584 1.309759
0.368616 0.997112 691.100000 -0.072608 -0.441314
0.368563 0.996970 691.200000 -0.116740 -0.170812
0.368511 0.996990 691.300000 -0.133821 1.508156
0.368458 0.996849 691.400000 0.016995 0.203738
0.368405 0.997036 691.500000 0.037368 -2.141997
0.368354 0.997099 691.600000 -0.176831 -1.690634
0.368309 0.997027 691.700000 -0.345895 0.997572
0.368260 0.997175 691.800000 -0.246137 -2.013483
0.368222 0.997176 691.900000 -0.447486 1.415686
0.368175 0.997042 692.000000 -0.305917 0.377256
0.368127 0.997233 692.100000 -0.268192 -2.153285
0.368091 0.997254 692.200000 -0.483520 -1.510640
0.368067 0.997181 692.300000 -0.634584 0.991637
0.368034 0.997461 692.400000 -0.535420 2.422717
0.367987 0.997619 692.500000 -0.293149 2.047192
0.367935 0.997492 692.600000 -0.088429 -0.475379
0.367883 0.997399 692.700000 -0.135967 -0.846464
0.367834 0.997298 692.800000 -0.220614 -0.771150
0.367787 0.997154 692.900000 -0.297729 -0.027822
0.367740 0.997245 693.000000 -0.300511 1.802198
0.367688 0.997238 693.100000 -0.120291 1.377828
0.367635 0.997094 693.200000 0.017492 0.051202
0.367582 0.997068 693.300000 0.022612 -1.278868
0.367530 0.996926 693.400000 -0.105275 0.140331
0.367478 0.996880 693.500000 -0.091242 -1.165197
0.367428 0.997055 693.600000 -0.207762 -2.102621
0.367387 0.996963 693.700000 -0.418024 -0.849015
0.367353 0.996858 693.800000 -0.502925 0.730305
0.367313 0.997009 693.900000 -0.429895 -2.021959
0.367289 0.996915 694.000000 -0.632091 0.827226
0.367258 0.996773 694.100000 -0.549368 0.141926
0.367226 0.996633 694.200000 -0.535175 -0.223799
0.367195 0.997133 694.300000 -0.557555 -2.989769
0.367195 0.996990 694.400000 -0.856532 -0.134925
0.367197 0.997793 694.500000 -0.870025 -3.624709
0.367253 0.997692 694.600000 -1.232496 0.775555
0.367296 0.997558 694.700000 -1.154940 -0.367300
0.367346 0.997415 694.800000 -1.191670 0.016590
0.367395 0.997283 694.900000 -1.190011 -0.403756
0.367451 0.998213 695.000000 -1.230387 -3.862147
0.367586 0.998829 695.100000 -1.616601 3.249956
0.367653 0.998700 695.200000 -1.291606 0.463736
0.367711 0.998934 695.300000 -1.245232 -2.289730
0.367815 0.998811 695.400000 -1.474205 0.538880
0.367907 0.998899 695.500000 -1.420317 -1.793353
0.368038 0.998859 695.600000 -1.599652 1.203358
0.368142 0.998899 695.700000 -1.479317 1.597664
0.368215 0.999364 695.800000 -1.319550 2.910553
0.368238 0.999221 695.900000 -1.028495 -0.016615
0.368261 0.999195 696.000000 -1.030157 -1.280125
0.368304 0.999075 696.100000 -1.158169 0.572530
0.368339 0.999002 696.200000 -1.100916 0.992210
0.368358 0.998998 696.300000 -1.001695 -1.394221
0.368398 0.999128 696.400000 -1.141117 1.952920
0.368410 0.999082 696.500000 -0.945825 1.160277
0.368406 0.999082 696.600000 -0.829797 1.413824
0.368387 0.999006 696.700000 -0.688415 0.971494
0.368359 0.998876 696.800000 -0.591266 -0.428779
0.368335 0.998744 696.900000 -0.634144 -0.402756
0.368315 0.998612 697.000000 -0.674419 -0.397218
0.368299 0.998592 697.100000 -0.714141 1.310596
0.368271 0.998572 697.200000 -0.583081 -1.310809
0.368254 0.998711 697.300000 -0.714162 1.982433
0.368221 0.998824 697.400000 -0.515919 -1.891784
0.368203 0.998835 697.500000 -0.705097 -1.464803
0.368203 0.998716 697.600000 -0.851578 -0.581752
0.368209 0.998598 697.700000 -0.909753 0.598473
0.368208 0.998455 697.800000 -0.849905 -0.023315
0.368207 0.998344 697.900000 -0.852237 -0.663386
0.368215 0.998206 698.000000 -0.918576 0.267578
0.368219 0.998113 698.100000 -0.891818 -0.836692
0.368235 0.998249 698.200000 -0.975487 -1.972834
0.368281 0.998269 698.300000 -1.172770 -1.507379
0.368353 0.998298 698.400000 -1.323508 -1.552410
0.368457 0.998166 698.500000 -1.478749 0.378856
0.368553 0.998164 698.600000 -1.440864 1.406168
0.368621 0.998060 698.700000 -1.300247 0.733318
0.368676 0.998035 698.800000 -1.226915 -1.286358
0.368755 0.997947 698.900000 -1.355551 0.873069
0.368817 0.997911 699.000000 -1.268244 -1.220529
0.368902 0.998996 699.100000 -1.390297 4.143480
0.368918 0.998859 699.200000 -0.975949 -0.285523
0.368937 0.998846 699.300000 -1.004501 -1.347630
0.368977 0.998730 699.400000 -1.139264 -0.615746
0.369028 0.998763 699.500000 -1.200839 -1.566393
0.369106 0.998729 699.600000 -1.357478 1.235334
0.369163 0.999066 699.700000 -1.233945 2.592136
0.369178 0.999055 699.800000 -0.974731 -1.356601
0.369213 0.998931 699.900000 -1.110391 0.515298
0.369240 0.998903 700.000000 -1.058861 1.264239
0.369250 0.998771 700.100000 -0.932438 0.381966
0.369254 0.999225 700.200000 -0.894241 2.891337
0.369227 0.999183 700.300000 -0.605107 1.190044
0.369192 0.999041 700.400000 -0.486103 0.016326
0.369156 0.999016 700.500000 -0.484470 1.285738
0.369112 0.999026 700.600000 -0.355896 -1.461769
0.369077 0.999232 700.700000 -0.502073 -2.209129
0.369062 0.999126 700.800000 -0.722986 0.723482
0.369039 0.999041 700.900000 -0.650638 0.897880
0.369009 0.998903 701.000000 -0.560850 -0.252149
0.368981 0.998789 701.100000 -0.586065 -0.625857
0.368959 1.000019 701.200000 -0.648651 -4.387348
0.368990 0.999876 701.300000 -1.087385 0.039284
0.369021 0.999804 701.400000 -1.083457 -0.988833
0.369068 1.000056 701.500000 -1.182340 -2.354975
0.369159 1.000247 701.600000 -1.417838 2.161086
0.369209 1.000333 701.700000 -1.201729 1.793972
0.369231 1.000193 701.800000 -1.022332 0.173509
0.369250 1.000087 701.900000 -1.004981 -0.719017
0.369280 0.999961 702.000000 -1.076883 -0.478432
0.369318 0.999846 702.100000 -1.124726 0.622152
0.369346 0.999704 702.200000 -1.062511 -0.013632
0.369374 0.999565 702.300000 -1.063874 -0.217350
0.369405 0.999451 702.400000 -1.085609 0.633117
0.369427 0.999410 702.500000 -1.022297 1.193741
0.369432 0.999308 702.600000 -0.902923 -0.748695
0.369448 0.999237 702.700000 -0.977793 -0.999595
0.369478 0.999152 702.800000 -1.077752 -0.895141
0.369522 0.999074 702.900000 -1.167266 0.947618
0.369551 0.999136 703.000000 -1.072505 1.695168
0.369557 0.999052 703.100000 -0.902988 -0.907812
0.369574 0.998910 703.200000 -0.993769 -0.038968
0.369593 0.999108 703.300000 -0.997666 2.184368
0.369583 0.999184 703.400000 -0.779229 1.753520
0.369557 0.999077 703.500000 -0.603877 0.704811
0.369524 0.999136 703.600000 -0.533396 1.678955
0.369481 0.999010 703.700000 -0.365500 0.474068
0.369436 0.998871 703.800000 -0.318094 -0.208300
0.369392 0.998730 703.900000 -0.338924 0.104901
0.369347 0.998588 704.000000 -0.328433 0.079887
0.369302 0.998541 704.100000 -0.320445 1.150933
0.369252 0.998439 704.200000 -0.205351 -0.749398
0.369205 0.998299 704.300000 -0.280291 -0.188492
0.369159 0.998317 704.400000 -0.299140 1.498817
0.369109 0.998183 704.500000 -0.149259 0.324309
0.369057 0.998064 704.600000 -0.116828 -0.568922
0.369007 0.997924 704.700000 -0.173720 0.139591
0.368956 0.997859 704.800000 -0.159761 1.038889
0.368904 0.997994 704.900000 -0.055872 1.972836
0.368853 0.997879 705.000000 0.141411 0.622308
0.368804 0.997742 705.100000 0.203642 -0.243118
0.368754 0.997603 705.200000 0.179330 -0.192854
0.368704 0.997469 705.300000 0.160045 0.323170
0.368654 0.997344 705.400000 0.192362 -0.482838
0.368603 0.997302 705.500000 0.144078 1.180835
0.368556 0.997165 705.600000 0.262162 0.256202
0.368509 0.997190 705.700000 0.287782 1.532289
0.368471 0.997399 705.800000 0.441011 -2.224307
0.368422 0.997314 705.900000 0.218580 -0.885843
0.368371 0.997205 706.000000 0.129996 -0.674862
0.368319 0.997089 706.100000 0.062510 0.603207
0.368268 0.997001 706.200000 0.122830 0.860184
0.368219 0.996945 706.300000 0.208849 1.099859
0.368174 0.996812 706.400000 0.318835 0.335130
0.368131 0.996706 706.500000 0.352348 -0.708618
0.368084 0.996802 706.600000 0.281486 -1.827498
0.368033 0.996705 706.700000 0.098736 -0.791257
0.367981 0.996597 706.800000 0.019610 -0.688414
0.367929 0.996603 706.900000 -0.049231 -1.439966
0.367880 0.996470 707.000000 -0.193228 -0.327905
0.367831 0.996337 707.100000 -0.226018 0.334071
0.367782 0.996204 707.200000 -0.192611 -0.331703
0.367734 0.996063 707.300000 -0.225781 -0.019554
0.367685 0.996109 707.400000 -0.227737 1.627065
0.367634 0.996184 707.500000 -0.065030 -1.748606
0.367586 0.996052 707.600000 -0.239891 -0.336132
0.367539 0.995913 707.700000 -0.273504 -0.172502
0.367493 0.995778 707.800000 -0.290754 0.281712
0.367446 0.995806 707.900000 -0.262583 1.546889
0.367395 0.995759 708.000000 -0.107894 1.152847
0.367343 0.995671 708.100000 0.007391 0.861301
0.367292 0.995540 708.200000 0.093521 0.370084
0.367241 0.995417 708.300000 0.130529 -0.500307
0.367190 0.995361 708.400000 0.080498 -1.093214
0.367138 0.995323 708.500000 -0.028823 -1.201840
0.367088 0.995366 708.600000 -0.149007 1.611552
0.367036 0.995580 708.700000 0.012148 -2.242768
0.366988 0.995496 708.800000 -0.212129 0.892181
0.366937 0.995443 708.900000 -0.122911 1.116173
0.366885 0.995468 709.000000 -0.011293 1.530541
0.366835 0.995368 709.100000 0.141761 -0.756405
0.366783 0.995390 709.200000 0.066120 1.517435
0.366735 0.995250 709.300000 0.217864 -0.075303
0.366686 0.995118 709.400000 0.210334 0.339318
0.366639 0.995065 709.500000 0.244265 -1.111242
0.366589 0.995111 709.600000 0.133141 -1.628381
0.366537 0.995410 709.700000 -0.029697 -2.495865
0.366491 0.995671 709.800000 -0.279283 2.387920
0.366439 0.995533 709.900000 -0.040491 0.177680
0.366388 0.995410 710.000000 -0.022723 0.486318
0.366336 0.995293 710.100000 0.025908 0.577153
0.366285 0.995263 710.200000 0.083624 -1.251945
0.366234 0.995167 710.300000 -0.041571 -0.795001
0.366183 0.995176 710.400000 -0.121071 -1.453622
0.366137 0.995142 710.500000 -0.266433 1.228672
0.366087 0.995003 710.600000 -0.143566 -0.075666
0.366037 0.994865 710.700000 -0.151133 0.188622
0.365986 0.994918 710.800000 -0.132270 -1.655485
0.365941 0.994781 710.900000 -0.297819 0.213438
0.365895 0.994797 711.000000 -0.276475 -1.489345
0.365856 0.995020 711.100000 -0.425410 -2.271704
0.365835 0.996044 711.200000 -0.652580 4.068217
0.365788 0.996155 711.300000 -0.245758 -1.889244
0.365750 0.996169 711.400000 -0.434683 1.484251
0.365704 0.996030 711.500000 -0.286258 -0.120997
0.365659 0.995995 711.600000 -0.298357 1.218280
0.365610 0.996031 711.700000 -0.176529 -1.581865
0.365566 0.996027 711.800000 -0.334716 1.392819
0.365517 0.996449 711.900000 -0.195434 2.828928
0.365467 0.996378 712.000000 0.087459 0.990926
0.365418 0.996679 712.100000 0.186552 2.504370
0.365380 0.996650 712.200000 0.436989 -1.261494
0.365335 0.996602 712.300000 0.310839 -1.143501
0.365287 0.996486 712.400000 0.196489 0.576943
0.365240 0.996608 712.500000 0.254183 1.932493
0.365203 0.996471 712.600000 0.447433 0.200054
0.365167 0.996506 712.700000 0.467438 -1.579911
0.365122 0.996376 712.800000 0.309447 -0.379213
0.365076 0.996453 712.900000 0.271526 -1.756066
0.365026 0.997014 713.000000 0.095919 -3.160802
0.364978 0.996886 713.100000 -0.220161 0.411522
0.364929 0.997644 713.200000 -0.179009 3.578812
0.364880 0.997545 713.300000 0.178872 0.768220
0.364834 0.998009 713.400000 0.255694 -2.933822
0.364783 0.998211 713.500000 -0.037688 2.210375
0.364734 0.998247 713.600000 0.183350 -1.583959
0.364683 0.998596 713.700000 0.024954 -2.641519
0.364636 0.998464 713.800000 -0.239198 0.328871
0.364588 0.998417 713.900000 -0.206311 -1.155049
0.364544 0.998298 714.000000 -0.321816 0.544443
0.364498 0.998174 714.100000 -0.267372 0.468991
0.364450 0.998071 714.200000 -0.220473 -0.728568
0.364405 0.998250 714.300000 -0.293330 -2.134533
0.364372 0.998541 714.400000 -0.506783 -2.480378
0.364361 0.998725 714.500000 -0.754821 -2.148944
0.364376 0.999196 714.600000 -0.969715 2.954488
0.364357 0.999087 714.700000 -0.674266 0.665103
0.364332 0.999266 714.800000 -0.607756 -2.134770
0.364328 0.999217 714.900000 -0.821233 1.143253
0.364312 0.999081 715.000000 -0.706908 -0.231625
0.364298 0.998942 715.100000 -0.730070 -0.062378
0.364285 0.999044 715.200000 -0.736308 -1.859223
0.364294 0.998999 715.300000 -0.922230 1.166846
0.364288 0.998895 715.400000 -0.805546 0.709414
0.364275 0.998941 715.500000 -0.734604 1.628704
0.364247 0.998828 715.600000 -0.571734 0.622904
0.364214 0.998694 715.700000 -0.509444 -0.266498
0.364183 0.998620 715.800000 -0.536093 0.967409
0.364146 0.998535 715.900000 -0.439353 -0.884597
0.364114 0.998403 716.000000 -0.527812 -0.324165
0.364086 0.998588 716.100000 -0.560229 2.156090
0.364043 0.998621 716.200000 -0.344620 1.572147
0.363995 0.998516 716.300000 -0.187405 0.699140
0.363945 0.998531 716.400000 -0.117491 1.487187
0.363894 0.998394 716.500000 0.031228 -0.204365
0.363843 0.998269 716.600000 0.010791 -0.454110
0.363793 0.998687 716.700000 -0.034620 2.827147
0.363746 0.998687 716.800000 0.248095 1.411520
0.363706 0.998968 716.900000 0.389247 -2.453345
0.363657 0.999649 717.000000 0.143913 3.429915
0.363623 0.999517 717.100000 0.486904 0.325543
0.363591 0.999720 717.200000 0.519458 2.217745
0.363578 0.999581 717.300000 0.741233 -0.103330
0.363565 0.999531 717.400000 0.730900 -1.128155
0.363541 0.999392 717.500000 0.618084 0.058809
0.363517 0.999283 717.600000 0.623965 -0.659777
0.363488 0.999503 717.700000 0.557988 -2.270698
0.363445 0.999470 717.800000 0.330918 -1.237069
0.363398 0.999340 717.900000 0.207211 -0.364150
0.363349 0.999289 718.000000 0.170796 1.123776
0.363304 0.999449 718.100000 0.283174 2.072796
0.363270 0.999318 718.200000 0.490453 0.335227
0.363239 0.999302 718.300000 0.523976 -1.331798
0.363199 0.999167 718.400000 0.390796 -0.235742
0.363158 0.999938 718.500000 0.367222 -3.617129
0.363107 0.999830 718.600000 0.005509 0.669090
0.363057 0.999761 718.700000 0.072418 1.003801
0.363009 0.999766 718.800000 0.172798 -1.438083
0.362958 1.000446 718.900000 0.028990 3.433011
0.362917 1.000330 719.000000 0.372291 0.575699
0.362880 1.000359 719.100000 0.429861 -1.552397
0.362835 1.000559 719.200000 0.274621 -2.209123
0.362784 1.000508 719.300000 0.053709 1.126968
0.362736 1.000438 719.400000 0.166405 0.997802
0.362690 1.000320 719.500000 0.266186 -0.545314
0.362643 1.000265 719.600000 0.211654 1.100103
0.362600 1.000916 719.700000 0.321665 3.372662
0.362580 1.001169 719.800000 0.658931 -2.374309
0.362542 1.001037 719.900000 0.421500 0.316974
0.362506 1.001231 720.000000 0.453197 2.192723
0.362487 1.001097 720.100000 0.672470 0.263926
0.362470 1.001139 720.200000 0.698862 1.614283
0.362471 1.001497 720.300000 0.860291 -2.675704
0.362445 1.002243 720.400000 0.592720 -3.570406
0.362399 1.002117 720.500000 0.235680 0.443383
0.362354 1.002043 720.600000 0.280018 -0.966550
0.362306 1.001905 720.700000 0.183363 0.127341
0.362258 1.001784 720.800000 0.196097 0.513726
0.362212 1.001778 720.900000 0.247470 1.384555
0.362173 1.002198 721.000000 0.385925 -2.836974
0.362123 1.002180 721.100000 0.102228 -1.325178
0.362073 1.002468 721.200000 -0.030290 -2.480127
0.362028 1.002547 721.300000 -0.278303 -1.773007
0.361992 1.003202 721.400000 -0.455603 -3.384990
0.361986 1.003140 721.500000 -0.794102 -1.056709
0.361992 1.003139 721.600000 -0.899773 1.409834
0.361981 1.003002 721.700000 -0.758790 0.162999
0.361970 1.002971 721.800000 -0.742490 -1.249927
0.361972 1.002956 721.900000 -0.867483 1.338209
0.361959 1.003010 722.000000 -0.733662 1.667931
0.361931 1.003014 722.100000 -0.566869 1.436403
0.361893 1.002912 722.200000 -0.423228 -0.727544
0.361860 1.002907 722.300000 -0.495983 1.393232
0.361819 1.002794 722.400000 -0.356660 0.613074
0.361775 1.002670 722.500000 -0.295352 -0.455359
0.361733 1.002558 722.600000 -0.340888 -0.621747
0.361694 1.002459 722.700000 -0.403063 0.756342
0.361651 1.002540 722.800000 -0.327428 1.782276
0.361603 1.002403 722.900000 -0.149201 0.142575
0.361554 1.002341 723.000000 -0.134943 1.055251
0.361504 1.002425 723.100000 -0.029418 1.795487
0.361456 1.002288 723.200000 0.150130 -0.144081
0.361407 1.002163 723.300000 0.135722 0.447733
0.361359 1.002049 723.400000 0.180496 -0.590668
0.361310 1.002145 723.500000 0.121429 1.840852
0.361267 1.002111 723.600000 0.305514 1.231628
0.361230 1.001973 723.700000 0.428677 0.053581
0.361193 1.001986 723.800000 0.434035 1.480514
0.361166 1.002499 723.900000 0.582086 -3.070883
0.361122 1.002363 724.000000 0.274998 0.219989
0.361078 1.002503 724.100000 0.296997 2.005454
0.361045 1.002379 724.200000 0.497542 -0.469163
0.361009 1.002377 724.300000 0.450626 1.404351
0.360984 1.002250 724.400000 0.591061 0.400510
0.360961 1.002114 724.500000 0.631112 -0.176676
0.360937 1.002157 724.600000 0.613445 -1.620133
0.360902 1.002199 724.700000 0.451431 -1.618194
0.360858 1.002366 724.800000 0.289612 2.103574
0.360825 1.002276 724.900000 0.499969 -0.836139
0.360787 1.003026 725.000000 0.416355 3.589835
0.360779 1.003839 725.100000 0.775339 -3.714525
0.360740 1.003758 725.200000 0.403887 0.909490
0.360708 1.003931 725.300000 0.494836 2.125700
0.360692 1.003793 725.400000 0.707406 -0.103222
0.360676 1.003670 725.500000 0.697083 -0.462460
0.360656 1.003533 725.600000 0.650837 -0.155629
0.360634 1.003408 725.700000 0.635274 0.428692
0.360616 1.003335 725.800000 0.678144 -0.979507
0.360589 1.003208 725.900000 0.580193 0.396296
0.360566 1.003071 726.000000 0.619823 0.147029
0.360544 1.002995 726.100000 0.634526 0.946058
0.360531 1.003014 726.200000 0.729131 1.511890
0.360535 1.002889 726.300000 0.880320 -0.436445
0.360533 1.002894 726.400000 0.836676 -1.441630
0.360517 1.002776 726.500000 0.692513 -0.544041
0.360495 1.002648 726.600000 0.638109 0.366219
0.360477 1.002512 726.700000 0.674731 -0.177287
0.360457 1.002561 726.800000 0.657002 1.648757
0.360454 1.002869 726.900000 0.821878 -2.545588
0.360426 1.002922 727.000000 0.567319 1.667002
0.360414 1.003230 727.100000 0.734019 -2.546127
0.360380 1.003105 727.200000 0.479406 -0.433104
0.360344 1.003067 727.300000 0.436096 -1.209529
0.360301 1.002975 727.400000 0.315143 -0.811346
0.360255 1.002888 727.500000 0.234008 -0.859026
0.360207 1.003964 727.600000 0.148106 4.204402
0.360180 1.003867 727.700000 0.568546 -0.767407
0.360147 1.003831 727.800000 0.491805 1.217229
0.360123 1.003718 727.900000 0.613528 -0.605157
0.360095 1.003691 728.000000 0.553013 -1.269761
0.360058 1.003587 728.100000 0.426037 0.705294
0.360025 1.004242 728.200000 0.496566 3.399001
0.360024 1.004170 728.300000 0.836466 0.977919
0.360035 1.004054 728.400000 0.934258 -0.556142
0.360038 1.004059 728.500000 0.878644 1.443703
0.360061 1.003939 728.600000 1.023014 -0.517506
0.360076 1.003803 728.700000 0.971263 0.143429
0.360093 1.003669 728.800000 0.985606 0.228425
0.360113 1.003532 728.900000 1.008449 -0.057505
0.360133 1.003449 729.000000 1.002698 0.898363
0.360165 1.003653 729.100000 1.092535 -2.231107
0.360168 1.003519 729.200000 0.869424 -0.219593
0.360168 1.004032 729.300000 0.847465 3.082320
0.360210 1.003896 729.400000 1.155697 0.124323
0.360254 1.003856 729.500000 1.168129 1.191845
0.360318 1.003823 729.600000 1.287313 -1.241153
0.360362 1.003789 729.700000 1.163198 1.224738
0.360425 1.003667 729.800000 1.285672 -0.486189
0.360481 1.003542 729.900000 1.237053 0.412675
0.360543 1.003425 730.000000 1.278321 0.553867
0.360616 1.003301 730.100000 1.333707 0.443334
0.360696 1.003164 730.200000 1.378041 0.097958
0.360779 1.003245 730.300000 1.387836 -1.782879
0.360830 1.003398 730.400000 1.209548 2.059157
0.360917 1.003324 730.500000 1.415464 -0.968856
0.360987 1.003278 730.600000 1.318579 -1.150687
0.361037 1.003271 730.700000 1.203510 1.379328
0.361110 1.003136 730.800000 1.341443 -0.194171
0.361181 1.003449 730.900000 1.322026 -2.565163
0.361209 1.003894 731.000000 1.065509 -2.919509
0.361200 1.003801 731.100000 0.773558 0.796930
0.361201 1.003973 731.200000 0.853251 -2.127861
0.361179 1.003894 731.300000 0.640465 0.920065
0.361167 1.003839 731.400000 0.732472 -1.098813
0.361144 1.003711 731.500000 0.622591 -0.378123
0.361118 1.003604 731.600000 0.584778 0.662201
0.361097 1.003471 731.700000 0.650998 0.252920
0.361079 1.003637 731.800000 0.676290 2.105203
0.361084 1.003678 731.900000 0.886811 1.613499
0.361109 1.003543 732.000000 1.048161 -0.198925
0.361132 1.003415 732.100000 1.028268 0.355493
0.361160 1.003613 732.200000 1.063818 2.216916
0.361224 1.003493 732.300000 1.285509 -0.490154
0.361279 1.003804 732.400000 1.236494 2.561706
0.361382 1.003669 732.500000 1.492664 0.188846
0.361488 1.003856 732.600000 1.511549 -2.178880
0.361553 1.003738 732.700000 1.293661 -0.518910
0.361609 1.003636 732.800000 1.241770 0.724403
0.361677 1.003513 732.900000 1.314210 0.439009
0.361754 1.003381 733.000000 1.358111 -0.268503
0.361825 1.003300 733.100000 1.331261 0.904934
0.361914 1.003163 733.200000 1.421754 0.048826
0.362003 1.003182 733.300000 1.426637 -1.513172
0.362065 1.003552 733.400000 1.275319 2.725632
0.362179 1.003417 733.500000 1.547883 0.164670
0.362296 1.003297 733.600000 1.564350 0.497315
0.362424 1.003239 733.700000 1.614081 -1.074544
0.362529 1.003347 733.800000 1.506627 -1.893525
0.362598 1.003213 733.900000 1.317274 0.210818
0.362671 1.003076 734.000000 1.338356 -0.007170
0.362743 1.003443 734.100000 1.337639 -2.719586
0.362771 1.003468 734.200000 1.065680 -1.537301
0.362779 1.003384 734.300000 0.911950 0.884210
0.362797 1.003292 734.400000 1.000371 -0.805457
0.362805 1.003176 734.500000 0.919826 0.551266
0.362821 1.003162 734.600000 0.974952 -1.343388
0.362819 1.003175 734.700000 0.840613 -1.480947
0.362803 1.003111 734.800000 0.692519 -1.030975
0.362777 1.003673 734.900000 0.589421 3.204250
0.362784 1.003564 735.000000 0.909846 -0.643338
0.362783 1.003433 735.100000 0.845513 -0.281204
0.362779 1.003484 735.200000 0.817392 1.657859
0.362796 1.004226 735.300000 0.983178 -3.596217
0.362773 1.004106 735.400000 0.623556 0.483422
0.362754 1.004085 735.500000 0.671899 1.304471
0.362749 1.004412 735.600000 0.802346 -2.610145
0.362719 1.004317 735.700000 0.541331 0.784608
0.362696 1.004227 735.800000 0.619792 -0.832419
0.362666 1.004170 735.900000 0.536550 -1.078556
0.362630 1.004034 736.000000 0.428695 0.088931
0.362593 1.003901 736.100000 0.437588 -0.204494
0.362556 1.003772 736.200000 0.417138 0.341961
0.362520 1.003641 736.300000 0.451334 -0.273714
0.362483 1.003520 736.400000 0.423963 0.474366
0.362449 1.003500 736.500000 0.471400 -1.309671
0.362408 1.003378 736.600000 0.340432 -0.449533
0.362365 1.003300 736.700000 0.295479 -0.926825
0.362318 1.003418 736.800000 0.202797 1.934742
0.362280 1.003291 736.900000 0.396271 -0.380151
0.362239 1.003219 737.000000 0.358256 0.973615
0.362204 1.003237 737.100000 0.455617 1.505085
0.362180 1.003127 737.200000 0.606126 -0.614190
0.362151 1.003408 737.300000 0.544707 2.479853
0.362145 1.003285 737.400000 0.792692 -0.454138
0.362133 1.003166 737.500000 0.747278 -0.499505
0.362117 1.003031 737.600000 0.697328 0.117405
0.362102 1.003017 737.700000 0.709068 1.340779
0.362101 1.002882 737.800000 0.843146 -0.074224
0.362100 1.002751 737.900000 0.835724 0.272964
0.362101 1.002860 738.000000 0.863020 1.900984
0.362127 1.002737 738.100000 1.053119 -0.436467
0.362147 1.002605 738.200000 1.009472 0.237837
0.362170 1.002470 738.300000 1.033256 -0.106778
0.362192 1.002338 738.400000 1.022578 0.237485
0.362217 1.002210 738.500000 1.046326 -0.351237
0.362237 1.002110 738.600000 1.011203 -0.716108
0.362248 1.002001 738.700000 0.939592 0.632615
0.362267 1.001924 738.800000 1.002853 0.928486
0.362299 1.001789 738.900000 1.095702 0.093546
0.362333 1.001752 739.000000 1.105057 1.211417
0.362385 1.001626 739.100000 1.226198 0.366070
0.362444 1.001491 739.200000 1.262805 -0.058856
0.362502 1.001420 739.300000 1.256920 0.980498
0.362577 1.001599 739.400000 1.354970 -2.153883
0.362616 1.001647 739.500000 1.139581 1.650316
0.362682 1.001718 739.600000 1.304613 1.747127
0.362781 1.001621 739.700000 1.479326 0.756703
0.362895 1.001491 739.800000 1.554996 -0.265353
0.363004 1.001505 739.900000 1.528460 -1.485863
0.363084 1.001370 740.000000 1.379874 0.080089
0.363165 1.001316 740.100000 1.387883 1.097179
0.363267 1.001599 740.200000 1.497601 2.487938
0.363424 1.001473 740.300000 1.746395 0.379501
0.363590 1.001338 740.400000 1.784345 -0.050207
0.363755 1.001204 740.500000 1.779324 0.127984
0.363922 1.001429 740.600000 1.792123 2.309996
0.364149 1.001363 740.700000 2.023122 -1.015276
0.364349 1.001754 740.800000 1.921595 2.791548
0.364627 1.001894 740.900000 2.200749 -2.017554
0.364848 1.001882 741.000000 1.998994 -1.354190
0.365033 1.001864 741.100000 1.863575 1.320164
0.365252 1.001900 741.200000 1.995591 1.589963
0.365516 1.001859 741.300000 2.154588 -1.184235
0.365746 1.001742 741.400000 2.036164 -0.513999
0.365962 1.001636 741.500000 1.984764 0.652935
0.366196 1.001620 741.600000 2.050058 1.332178
0.366468 1.001485 741.700000 2.183276 -0.061722
0.366738 1.001362 741.800000 2.177103 -0.409180
0.366996 1.001758 741.900000 2.136186 -2.808298
0.367179 1.001662 742.000000 1.855356 0.755273
0.367380 1.001618 742.100000 1.930883 1.164684
0.367613 1.001497 742.200000 2.047351 -0.453910
0.367834 1.001421 742.300000 2.001960 -0.933460
0.368030 1.001368 742.400000 1.908614 1.104406
0.368254 1.001448 742.500000 2.019055 1.787301
0.368530 1.001859 742.600000 2.197785 -2.847319
0.368727 1.001880 742.700000 1.913053 -1.521825
0.368886 1.001751 742.800000 1.760871 0.286634
0.369052 1.001876 742.900000 1.789534 1.963423
0.369267 1.001747 743.000000 1.985876 -0.303784
0.369475 1.002028 743.100000 1.955498 2.485211
0.369752 1.001894 743.200000 2.204019 0.148255
0.370033 1.001796 743.300000 2.218844 0.737287
0.370337 1.001809 743.400000 2.292573 1.479322
0.370688 1.001685 743.500000 2.440505 0.410383
0.371052 1.001552 743.600000 2.481544 -0.160236
0.371411 1.001573 743.700000 2.465520 1.520048
0.371821 1.001644 743.800000 2.617525 -1.749592
0.372172 1.002046 743.900000 2.442566 -2.826171
0.372436 1.001999 744.000000 2.159949 1.139185
0.372733 1.002244 744.100000 2.273867 2.376637
0.373107 1.002109 744.200000 2.511531 -0.069088
0.373478 1.002506 744.300000 2.504622 -2.813088
0.373760 1.002373 744.400000 2.223313 -0.129744
0.374038 1.002271 744.500000 2.210339 0.698370
0.374336 1.002182 744.600000 2.280176 -0.827012
0.374610 1.002164 744.700000 2.197475 -1.319032
0.374847 1.002057 744.800000 2.065571 -0.642203
0.375065 1.001929 744.900000 2.001351 -0.301786
0.375275 1.001797 745.000000 1.971173 0.191404
0.375491 1.001680 745.100000 1.990313 0.503471
0.375720 1.001551 745.200000 2.040660 -0.291390
0.375941 1.001767 745.300000 2.011521 -2.286597
0.376104 1.001877 745.400000 1.782861 -1.908962
0.376223 1.002262 745.500000 1.591965 2.781735
0.376407 1.003262 745.600000 1.870139 -4.113023
0.376499 1.003284 745.700000 1.458836 -1.527686
0.376563 1.003250 745.800000 1.306068 -1.227234
0.376607 1.003482 745.900000 1.183344 -2.336773
0.376617 1.003352 746.000000 0.949667 0.258243
0.376630 1.003227 746.100000 0.975491 0.381943
0.376648 1.003150 746.200000 1.013686 0.927478
0.376680 1.003236 746.300000 1.106433 -1.811549
0.376687 1.003105 746.400000 0.925278 -0.249134
0.376691 1.002992 746.500000 0.900365 -0.555260
0.376688 1.003036 746.600000 0.844839 -1.633101
0.376669 1.003084 746.700000 0.681529 1.650209
0.376666 1.002950 746.800000 0.846550 0.086759
0.376665 1.002830 746.900000 0.855226 0.457931
0.376669 1.002825 747.000000 0.901019 1.392385
0.376691 1.002803 747.100000 1.040257 -1.293498
0.376696 1.002877 747.200000 0.910907 1.764752
0.376724 1.002850 747.300000 1.087383 1.263745
0.376772 1.002932 747.400000 1.213757 1.798273
0.376852 1.002842 747.500000 1.393584 0.813618
0.376947 1.002765 747.600000 1.474946 -0.919375
0.377025 1.002683 747.700000 1.383009 0.884580
0.377119 1.002557 747.800000 1.471467 0.343988
0.377220 1.002450 747.900000 1.505866 0.641182
0.377334 1.002326 748.000000 1.569984 0.376938
0.377457 1.002329 748.100000 1.607678 1.430918
0.377611 1.002198 748.200000 1.750769 -0.232825
0.377760 1.002072 748.300000 1.727487 -0.340835
0.377901 1.002016 748.400000 1.693403 1.076252
0.378067 1.002094 748.500000 1.801029 -1.780875
0.378193 1.002014 748.600000 1.622941 0.901748
0.378338 1.002040 748.700000 1.713116 -1.547808
0.378450 1.002437 748.800000 1.558335 2.817907
0.378625 1.002313 748.900000 1.840126 0.383870
0.378810 1.002301 749.000000 1.878513 1.352645
0.379030 1.002429 749.100000 2.013777 1.981947
0.379306 1.002316 749.200000 2.211972 -0.558521
0.379566 1.002257 749.300000 2.156120 -1.057165
0.379796 1.002125 749.400000 2.050404 0.166070
0.380030 1.002184 749.500000 2.067011 -1.698795
0.380219 1.003305 749.600000 1.897131 -4.337453
0.380311 1.003474 749.700000 1.463386 2.131979
0.380448 1.003549 749.800000 1.676584 -1.767159
0.380547 1.003420 749.900000 1.499868 0.266591
0.380652 1.003400 750.000000 1.526527 1.308699
0.380784 1.003290 750.100000 1.657397 -0.591135
0.380904 1.003218 750.200000 1.598283 -0.964763
0.381003 1.003120 750.300000 1.501807 0.732760
0.381118 1.003045 750.400000 1.575083 -0.937538
0.381213 1.002975 750.500000 1.481329 -0.977640
0.381290 1.002903 750.600000 1.383565 -0.961317
0.381349 1.003395 750.700000 1.287433 -3.065476
0.381363 1.003270 750.800000 0.980886 -0.350401
0.381371 1.003136 750.900000 0.945846 -0.005284
0.381380 1.003201 751.000000 0.945317 1.728670
0.381413 1.003125 751.100000 1.118184 0.930036
0.381459 1.003177 751.200000 1.211188 -1.665375
0.381481 1.003306 751.300000 1.044651 -1.989859
0.381478 1.003294 751.400000 0.845665 -1.346249
0.381461 1.003195 751.500000 0.711040 0.725991
0.381451 1.003394 751.600000 0.783639 -2.234447
0.381421 1.003570 751.700000 0.560194 -2.157305
0.381378 1.003615 751.800000 0.344464 1.640542
0.381345 1.003701 751.900000 0.508518 1.813958
0.381326 1.003803 752.000000 0.689914 -1.881941
0.381292 1.004641 752.100000 0.501720 3.824099
0.381293 1.004508 752.200000 0.884130 -0.021141
0.381294 1.004849 752.300000 0.882015 2.672878
0.381331 1.004790 752.400000 1.149303 -1.056729
0.381353 1.004708 752.500000 1.043630 -0.884644
0.381363 1.004584 752.600000 0.955166 -0.383873
0.381368 1.004492 752.700000 0.916779 0.789435
0.381383 1.004732 752.800000 0.995722 2.368974
0.381434 1.004656 752.900000 1.232619 0.929401
0.381500 1.004804 753.000000 1.325560 2.060862
0.381605 1.004762 753.100000 1.531646 -1.169930
0.381687 1.004683 753.200000 1.414653 0.909700
0.381787 1.004739 753.300000 1.505623 -1.688065
0.381854 1.004608 753.400000 1.336816 0.177794
0.381926 1.004477 753.500000 1.354596 0.190210
0.382000 1.004862 753.600000 1.373617 -2.796192
0.382029 1.004743 753.700000 1.093997 0.468924
0.382064 1.004610 753.800000 1.140890 0.043660
0.382101 1.005006 753.900000 1.145256 -2.824841
0.382099 1.005116 754.000000 0.862772 1.914083
0.382122 1.004994 754.100000 1.054180 -0.413759
0.382140 1.005147 754.200000 1.012804 -2.076428
0.382132 1.005015 754.300000 0.805161 -0.145339
0.382123 1.004896 754.400000 0.790627 0.460563
0.382119 1.004771 754.500000 0.836684 0.361107
0.382118 1.004641 754.600000 0.872794 0.213308
0.382121 1.004565 754.700000 0.894125 0.930332
0.382135 1.004580 754.800000 0.987158 -1.494640
0.382131 1.004581 754.900000 0.837694 1.421790
0.382143 1.004547 755.000000 0.979873 1.225366
0.382173 1.004618 755.100000 1.102410 -1.752212
0.382180 1.004507 755.200000 0.927189 -0.581569
0.382179 1.004385 755.300000 0.869032 -0.408942
0.382174 1.004908 755.400000 0.828138 3.149269
0.382210 1.005006 755.500000 1.143064 -1.865041
0.382220 1.005262 755.600000 0.956560 -2.425728
0.382203 1.005229 755.700000 0.713988 1.229651
0.382199 1.005098 755.800000 0.836953 0.183476
0.382196 1.004966 755.900000 0.855300 0.067388
0.382195 1.004960 756.000000 0.862039 -1.389469
0.382179 1.004894 756.100000 0.723092 -1.001404
0.382154 1.004770 756.200000 0.622952 -0.364147
0.382126 1.004822 756.300000 0.586537 -1.676072
0.382088 1.004701 756.400000 0.418930 0.414928
0.382051 1.004569 756.500000 0.460423 0.073679
0.382015 1.004518 756.600000 0.467791 -1.114095
0.381973 1.004610 756.700000 0.356381 1.844647
0.381942 1.004722 756.800000 0.540846 1.925198
0.381927 1.004602 756.900000 0.733365 -0.446692
0.381908 1.004700 757.000000 0.688696 -1.868898
0.381874 1.004568 757.100000 0.501806 0.001668
0.381840 1.004507 757.200000 0.501973 1.042135
0.381814 1.004376 757.300000 0.606187 -0.142440
0.381787 1.004250 757.400000 0.591943 0.332829
0.381762 1.004169 757.500000 0.625226 0.880766
0.381745 1.004037 757.600000 0.713302 -0.119584
0.381727 1.004006 757.700000 0.701344 -1.236706
0.381699 1.003895 757.800000 0.577673 -0.574961
0.381666 1.003845 757.900000 0.520177 1.118605
0.381642 1.003803 758.000000 0.632038 -1.169558
0.381610 1.003862 758.100000 0.515082 1.705595
0.381590 1.003829 758.200000 0.685642 1.224356
0.381583 1.003705 758.300000 0.808077 -0.363585
0.381572 1.003712 758.400000 0.771719 1.454385
0.381577 1.003752 758.500000 0.917157 1.615670
0.381604 1.003640 758.600000 1.078724 0.552093
0.381638 1.003547 758.700000 1.133933 -0.773433
0.381661 1.003441 758.800000 1.056590 -0.629536
0.381676 1.003384 758.900000 0.993637 -1.068519
0.381678 1.003294 759.000000 0.886785 -0.798572
0.381670 1.003174 759.100000 0.806927 -0.431350
0.381658 1.003042 759.200000 0.763793 0.019373
0.381647 1.002989 759.300000 0.765730 -1.095198
0.381625 1.002857 759.400000 0.656210 -0.105422
0.381602 1.002731 759.500000 0.645668 -0.302577
0.381577 1.002637 759.600000 0.615410 0.756068
0.381558 1.002536 759.700000 0.691017 -0.682369
0.381533 1.002434 759.800000 0.622780 0.673077
0.381514 1.002327 759.900000 0.690088 -0.621085
0.381490 1.002197 760.000000 0.627979 0.165756
0.381467 1.002143 760.100000 0.644555 -1.087413
0.381436 1.002032 760.200000 0.535813 0.561555
0.381409 1.001937 760.300000 0.591969 -0.753226
0.381376 1.002005 760.400000 0.516646 1.741212
0.381357 1.001879 760.500000 0.690767 0.299741
0.381341 1.001748 760.600000 0.720742 0.107968
0.381326 1.001783 760.700000 0.731538 -1.592167
0.381298 1.001753 760.800000 0.572322 -1.245555
0.381261 1.001645 760.900000 0.447766 0.595497
0.381228 1.001604 761.000000 0.507316 -1.175926
0.381188 1.001664 761.100000 0.389723 1.705551
0.381158 1.001571 761.200000 0.560278 0.772843
0.381135 1.001584 761.300000 0.637563 1.480526
0.381125 1.001486 761.400000 0.785615 -0.720225
0.381109 1.001683 761.500000 0.713593 -2.234534
0.381074 1.002064 761.600000 0.490139 -2.795743
0.381027 1.002938 761.700000 0.210565 -3.913049
0.380979 1.002933 761.800000 -0.180740 -1.390481
0.380936 1.003017 761.900000 -0.319788 1.812638
0.380887 1.002973 762.000000 -0.138524 -1.156147
0.380842 1.002865 762.100000 -0.254139 0.596012
0.380794 1.002870 762.200000 -0.194538 -1.443905
0.380752 1.002762 762.300000 -0.338928 -0.601001
0.380712 1.002706 762.400000 -0.399028 -1.072268
0.380679 1.003076 762.500000 -0.506255 2.766256
0.380633 1.002949 762.600000 -0.229629 0.265730
0.380586 1.002902 762.700000 -0.203056 1.133591
0.380536 1.002955 762.800000 -0.089697 1.677320
0.380487 1.002846 762.900000 0.078035 0.583448
0.380438 1.002833 763.000000 0.136380 1.344603
0.380393 1.002919 763.100000 0.270840 1.823986
0.380357 1.002837 763.200000 0.453238 -0.865705
0.380316 1.002769 763.300000 0.366668 0.979224
0.380280 1.002643 763.400000 0.464590 -0.291938
0.380243 1.002981 763.500000 0.435397 -2.677270
0.380195 1.003057 763.600000 0.167670 1.779414
0.380153 1.003068 763.700000 0.345611 -1.477716
0.380105 1.003006 763.800000 0.197839 1.026109
0.380062 1.002879 763.900000 0.300450 -0.268931
0.380017 1.002749 764.000000 0.273557 0.097381
0.379972 1.003149 764.100000 0.283295 -2.849875
0.379923 1.003019 764.200000 -0.001692 -0.163124
0.379873 1.002912 764.300000 -0.018005 0.603259
0.379823 1.002805 764.400000 0.042321 0.601618
0.379774 1.002685 764.500000 0.102483 0.421770
0.379726 1.002651 764.600000 0.144660 1.217519
0.379681 1.002860 764.700000 0.266412 2.281616
0.379647 1.002787 764.800000 0.494574 -0.942365
0.379608 1.002733 764.900000 0.400337 -1.085242
0.379564 1.002606 765.000000 0.291813 -0.260325
0.379519 1.002681 765.100000 0.265780 1.774727
0.379482 1.002715 765.200000 0.443253 -1.589214
0.379438 1.002585 765.300000 0.284332 -0.095398
0.379393 1.002560 765.400000 0.274792 1.278287
0.379354 1.002537 765.500000 0.402621 -1.283249
0.379310 1.002633 765.600000 0.274296 1.863300
0.379274 1.002758 765.700000 0.460626 1.979403
0.379253 1.002749 765.800000 0.658566 -1.367088
0.379221 1.002619 765.900000 0.521857 0.125151
0.379190 1.002490 766.000000 0.534372 -0.192484
0.379158 1.002376 766.100000 0.515124 0.504348
0.379130 1.002270 766.200000 0.565559 0.613422
0.379106 1.002183 766.300000 0.626901 -0.822143
0.379076 1.002192 766.400000 0.544687 -1.463509
0.379037 1.002137 766.500000 0.398336 1.079173
0.379004 1.002008 766.600000 0.506253 0.112463
0.378972 1.002147 766.700000 0.517499 -2.033715
0.378929 1.002081 766.800000 0.314128 -0.999398
0.378882 1.001976 766.900000 0.214188 0.630836
0.378838 1.001847 767.000000 0.277271 -0.144761
0.378793 1.001727 767.100000 0.262795 0.401349
0.378750 1.001677 767.200000 0.302930 1.112889
0.378712 1.001583 767.300000 0.414219 -0.746366
0.378670 1.001472 767.400000 0.339582 -0.555086
0.378626 1.001383 767.500000 0.284074 0.795474
0.378585 1.001295 767.600000 0.363621 -0.801130
0.378541 1.001197 767.700000 0.283508 -0.710232
0.378495 1.001170 767.800000 0.212485 1.260087
0.378453 1.001204 767.900000 0.338494 -1.591222
0.378406 1.001165 768.000000 0.179371 1.182122
0.378362 1.001066 768.100000 0.297584 0.696165
0.378322 1.001048 768.200000 0.367200 1.313640
0.378289 1.001077 768.300000 0.498564 1.561795
0.378267 1.000977 768.400000 0.654744 -0.686828
0.378240 1.000936 768.500000 0.586061 1.172631
0.378223 1.000815 768.600000 0.703324 0.362216
0.378210 1.000686 768.700000 0.739546 -0.127712
0.378195 1.000557 768.800000 0.726774 -0.166518
0.378178 1.000438 768.900000 0.710122 -0.401153
0.378159 1.000886 769.000000 0.670007 2.983627
0.378170 1.000756 769.100000 0.968370 0.029923
0.378182 1.000626 769.200000 0.971362 -0.063847
0.378194 1.000499 769.300000 0.964977 -0.190600
0.378203 1.000628 769.400000 0.945917 -1.998525
0.378190 1.000613 769.500000 0.746065 1.327114
0.378191 1.000569 769.600000 0.878776 -1.156155
0.378180 1.000448 769.700000 0.763161 0.354520
0.378172 1.000369 769.800000 0.798613 0.885970
0.378174 1.000242 769.900000 0.887210 -0.238408
0.378173 1.000272 770.000000 0.863369 -1.565993
0.378156 1.000286 770.100000 0.706770 1.491455
0.378155 1.000514 770.200000 0.855915 -2.348064
0.378131 1.000390 770.300000 0.621109 -0.303321
0.378104 1.000435 770.400000 0.590777 -1.637352
0.378067 1.000391 770.500000 0.427042 -1.154763
0.378024 1.000270 770.600000 0.311565 -0.371833
0.377980 1.000391 770.700000 0.274382 1.964090
0.377946 1.000289 770.800000 0.470791 0.649973
0.377915 1.000193 770.900000 0.535788 0.728760
0.377890 1.000230 771.000000 0.608664 1.602787
0.377880 1.000285 771.100000 0.768943 1.689500
0.377888 1.000165 771.200000 0.937893 0.373473
0.377900 1.000038 771.300000 0.975240 -0.207761
0.377910 0.999963 771.400000 0.954464 -0.916318
0.377910 1.000666 771.500000 0.862832 3.586009
0.377957 1.000557 771.600000 1.221433 0.559472
0.378014 1.000571 771.700000 1.277380 -1.489150
0.378048 1.000442 771.800000 1.128465 0.059685
0.378082 1.000491 771.900000 1.134434 -1.660321
0.378094 1.000486 772.000000 0.968402 -1.387448
0.378089 1.000356 772.100000 0.829657 0.039487
0.378085 1.000256 772.200000 0.833606 0.677899
0.378089 1.000136 772.300000 0.901396 0.377313
0.378097 1.000052 772.400000 0.939127 0.838303
0.378116 0.999937 772.500000 1.022957 0.461515
0.378141 0.999808 772.600000 1.069109 0.079622
0.378167 0.999700 772.700000 1.077071 0.575783
0.378201 0.999597 772.800000 1.134649 -0.639248
0.378227 0.999515 772.900000 1.070724 0.856062
0.378264 0.999484 773.000000 1.156331 1.233438
0.378321 0.999417 773.100000 1.279674 0.982110
0.378395 0.999418 773.200000 1.377885 1.417430
0.378495 0.999462 773.300000 1.519628 -1.636019
0.378565 0.999405 773.400000 1.356026 -1.062164
0.378617 0.999379 773.500000 1.249810 1.262027
0.378691 0.999529 773.600000 1.376013 -2.079318
0.378730 0.999409 773.700000 1.168081 -0.381773
0.378764 0.999282 773.800000 1.129904 0.140222
0.378799 0.999158 773.900000 1.143926 0.286114
0.378839 0.999275 774.000000 1.172537 -1.951452
0.378852 0.999356 774.100000 0.977392 -1.803520
0.378844 0.999227 774.200000 0.797040 -0.091001
0.378835 0.999105 774.300000 0.787940 0.318589
0.378829 0.999051 774.400000 0.819799 -1.083364
0.378813 0.999075 774.500000 0.711462 1.534860
0.378813 0.998954 774.600000 0.864948 0.365447
0.378816 0.998829 774.700000 0.901493 0.239930
0.378823 0.998908 774.800000 0.925486 -1.796857
0.378810 0.998889 774.900000 0.745800 -1.301290
0.378785 0.998782 775.000000 0.615671 0.589263
0.378766 0.998736 775.100000 0.674598 -1.133607
0.378737 0.998730 775.200000 0.561237 -1.377755
0.378700 0.998729 775.300000 0.423462 -1.407723
0.378656 0.998781 775.400000 0.282689 1.674008
0.378620 0.998711 775.500000 0.450090 -0.956979
0.378580 0.999194 775.600000 0.354392 -3.079686
0.378531 0.999365 775.700000 0.046424 2.157266
0.378487 0.999383 775.800000 0.262150 -1.510050
0.378439 0.999258 775.900000 0.111145 -0.241931
0.378390 0.999571 776.000000 0.086952 2.619679
0.378350 0.999705 776.100000 0.348920 -2.017437
0.378302 0.999576 776.200000 0.147176 -0.065430
0.378255 0.999468 776.300000 0.140633 0.559632
0.378208 0.999348 776.400000 0.196596 0.369651
0.378163 0.999663 776.500000 0.233562 2.625025
0.378130 0.999632 776.600000 0.496064 -1.231430
0.378091 0.999662 776.700000 0.372921 -1.570936
0.378045 0.999698 776.800000 0.215827 -1.599562
0.377997 0.999789 776.900000 0.055871 -1.847202
0.377949 0.999677 777.000000 -0.128849 0.511637
0.377901 0.999770 777.100000 -0.077685 1.856488
0.377853 0.999664 777.200000 0.107963 0.592447
0.377806 0.999571 777.300000 0.167208 0.741889
0.377761 0.999515 777.400000 0.241397 -1.063521
0.377714 0.999396 777.500000 0.135045 -0.379591
0.377666 0.999394 777.600000 0.097086 -1.402813
0.377617 0.999674 777.700000 -0.043195 2.520982
0.377572 0.999703 777.800000 0.208903 -1.567640
0.377523 1.001870 777.900000 0.052139 5.976069
0.377502 1.001753 778.000000 0.649746 0.434338
0.377484 1.001682 778.100000 0.693179 0.947335
0.377476 1.001555 778.200000 0.787913 -0.175517
0.377465 1.001447 778.300000 0.770361 -0.558469
0.377450 1.001354 778.400000 0.714514 0.743424
0.377441 1.001299 778.500000 0.788857 1.076700
0.377444 1.001301 778.600000 0.896527 -1.424464
0.377432 1.001211 778.700000 0.754080 -0.775124
0.377413 1.001124 778.800000 0.676568 -0.803498
0.377388 1.001000 778.900000 0.596218 -0.254858
0.377360 1.000945 779.000000 0.570732 1.074770
0.377341 1.000820 779.100000 0.678209 0.224589
0.377324 1.000701 779.200000 0.700668 0.387960
0.377311 1.000926 779.300000 0.739464 -2.344941
0.377279 1.001144 779.400000 0.504970 2.325896
0.377265 1.001089 779.500000 0.737560 1.070092
0.377263 1.001085 779.600000 0.844569 1.392233
0.377276 1.001373 779.700000 0.983792 -2.545996
0.377262 1.001305 779.800000 0.729193 0.976673
0.377258 1.001275 779.900000 0.826860 -1.236799
0.377241 1.001154 780.000000 0.703180 -0.336574
0.377221 1.001039 780.100000 0.669523 -0.453700
0.377198 1.001440 780.200000 0.624153 2.875819
0.377203 1.001312 780.300000 0.911735 -0.021782
0.377207 1.001198 780.400000 0.909556 -0.471102
0.377207 1.001076 780.500000 0.862446 0.308389
0.377210 1.000987 780.600000 0.893285 0.786510
0.377222 1.000889 780.700000 0.971936 -0.682714
0.377226 1.000762 780.800000 0.903665 0.157837
0.377232 1.000634 780.900000 0.919448 -0.012022
0.377237 1.000521 781.000000 0.918246 0.476549
0.377249 1.000473 781.100000 0.965901 1.120014
0.377275 1.000346 781.200000 1.077903 0.133744
0.377303 1.000234 781.300000 1.091277 -0.496145
0.377324 1.000145 781.400000 1.041662 -0.780903
0.377335 1.000017 781.500000 0.963572 0.010060
0.377346 0.999918 781.600000 0.964578 -0.673283
0.377349 0.999990 781.700000 0.897250 1.769058
0.377375 0.999914 781.800000 1.074156 0.902566
0.377413 0.999838 781.900000 1.164412 0.897168
0.377466 1.000123 782.000000 1.254129 -2.542296
0.377481 1.000048 782.100000 0.999900 -0.910282
0.377486 0.999933 782.200000 0.908871 0.444652
0.377496 0.999806 782.300000 0.953336 -0.085887
0.377504 0.999678 782.400000 0.944748 0.044330
0.377514 0.999662 782.500000 0.949181 -1.321831
0.377508 0.999680 782.600000 0.816998 1.512231
0.377520 0.999578 782.700000 0.968221 0.623357
0.377539 0.999610 782.800000 1.030557 -1.581182
0.377540 0.999505 782.900000 0.872438 -0.596601
0.377534 0.999490 783.000000 0.812778 -1.332100
0.377515 0.999377 783.100000 0.679568 -0.479187
0.377492 0.999264 783.200000 0.631650 -0.479994
0.377466 0.999577 783.300000 0.583650 2.626941
0.377463 0.999461 783.400000 0.846344 0.413023
0.377466 0.999333 783.500000 0.887647 0.055870
0.377468 0.999469 783.600000 0.893234 2.031251
0.377497 0.999363 783.700000 1.096359 -0.582764
0.377517 0.999472 783.800000 1.038082 -1.923796
0.377515 0.999532 783.900000 0.845703 -1.717095
0.377496 1.000043 784.000000 0.673993 3.164553
0.377510 0.999916 784.100000 0.990448 0.058313
0.377525 0.999999 784.200000 0.996280 -1.815104
0.377519 0.999914 784.300000 0.814769 0.819155
0.377523 0.999811 784.400000 0.896685 -0.626137
0.377519 0.999697 784.500000 0.834071 -0.445393
0.377510 0.999762 784.600000 0.789532 1.741469
0.377521 0.999761 784.700000 0.963679 -1.404922
0.377517 0.999861 784.800000 0.823186 1.888000
0.377534 0.999828 784.900000 1.011986 1.220774
0.377567 0.999702 785.000000 1.134064 -0.129819
0.377599 0.999740 785.100000 1.121082 -1.614529
0.377610 0.999620 785.200000 0.959629 -0.323278
0.377617 0.999577 785.300000 0.927301 -1.154470
0.377611 0.999455 785.400000 0.811854 -0.264448
0.377602 0.999367 785.500000 0.785409 0.787822
0.377601 0.999254 785.600000 0.864192 -0.478659
0.377596 0.999452 785.700000 0.816326 -2.261271
0.377570 0.999378 785.800000 0.590199 -0.911603
0.377537 0.999346 785.900000 0.499038 -1.220830
0.377498 0.999246 786.000000 0.376955 0.659001
0.377463 0.999132 786.100000 0.442855 -0.456133
0.377425 0.999062 786.200000 0.397242 0.944796
0.377392 0.999253 786.300000 0.491722 -2.237608
0.377349 0.999190 786.400000 0.267961 -0.999499
0.377303 0.999093 786.500000 0.168011 0.686890
0.377258 0.998999 786.600000 0.236700 0.721610
0.377216 0.998889 786.700000 0.308861 -0.514717
0.377173 0.998811 786.800000 0.257389 0.875052
0.377132 0.998850 786.900000 0.344895 1.617456
0.377101 0.998761 787.000000 0.506640 -0.776328
0.377065 0.998669 787.100000 0.429007 0.743529
0.377033 0.998638 787.200000 0.503360 1.223201
0.377010 0.998582 787.300000 0.625681 -1.057810
0.376979 0.998594 787.400000 0.519900 -1.480367
0.376940 0.998518 787.500000 0.371863 0.892739
0.376906 0.998434 787.600000 0.461137 0.822786
0.376876 0.998321 787.700000 0.543415 -0.456584
0.376844 0.998308 787.800000 0.497757 1.343030
0.376822 0.998473 787.900000 0.632060 -2.142576
0.376785 0.998420 788.000000 0.417802 1.074024
0.376755 0.998403 788.100000 0.525205 -1.317110
0.376717 0.998341 788.200000 0.393494 1.007036
0.376685 0.998332 788.300000 0.494197 -1.363020
0.376645 0.998248 788.400000 0.357895 -0.822507
0.376602 0.998127 788.500000 0.275645 0.298250
0.376560 0.998014 788.600000 0.305470 -0.456572
0.376517 0.997959 788.700000 0.259813 -1.059963
0.376470 0.998040 788.800000 0.153816 1.810178
0.376430 0.998156 788.900000 0.334834 1.959122
0.376400 0.998176 789.000000 0.530746 -1.517175
0.376361 0.998247 789.100000 0.379029 -1.766340
0.376316 0.998121 789.200000 0.202395 0.080400
0.376271 0.998006 789.300000 0.210435 0.430533
0.376228 0.997895 789.400000 0.253488 0.491400
0.376186 0.997774 789.500000 0.302628 -0.297940
0.376143 0.997740 789.600000 0.272834 1.204979
0.376105 0.997641 789.700000 0.393332 0.659824
0.376071 0.997527 789.800000 0.459314 -0.434815
0.376034 0.997566 789.900000 0.415833 1.618520
0.376008 0.997444 790.000000 0.577685 0.259693
0.375983 0.997421 790.100000 0.603654 -1.272423
0.375950 0.997385 790.200000 0.476412 -1.197262
0.375911 0.997301 790.300000 0.356686 0.818597
0.375875 0.997324 790.400000 0.438545 -1.532547
0.375833 0.997266 790.500000 0.285291 1.041111
0.375795 0.997384 790.600000 0.389402 -1.963987
0.375750 0.997490 790.700000 0.193003 -1.915294
0.375702 0.997364 790.800000 0.001474 0.040108
0.375655 0.997635 790.900000 0.005484 -2.508832
0.375611 0.997644 791.000000 -0.245399 1.458803
0.375564 0.997519 791.100000 -0.099518 0.145035
0.375517 0.997400 791.200000 -0.085015 0.343046
0.375470 0.997471 791.300000 -0.050710 1.762288
0.375423 0.997452 791.400000 0.125519 -1.304548
0.375376 0.998036 791.500000 -0.004936 3.351756
0.375335 0.998314 791.600000 0.330239 2.530640
0.375310 0.998195 791.700000 0.583303 0.334538
0.375286 0.998156 791.800000 0.616757 1.176959
0.375273 0.998133 791.900000 0.734453 1.274670
0.375272 0.998393 792.000000 0.861920 -2.473816
0.375249 0.998358 792.100000 0.614539 1.196111
0.375235 0.998264 792.200000 0.734150 -0.716056
0.375216 0.998144 792.300000 0.662544 -0.307847
0.375194 0.998064 792.400000 0.631759 -0.852793
0.375165 0.997989 792.500000 0.546480 -0.897330
0.375131 0.997878 792.600000 0.456747 0.496982
0.375100 0.997951 792.700000 0.506445 1.772533
0.375082 0.997851 792.800000 0.683699 0.640756
0.375070 0.997725 792.900000 0.747774 0.068117
0.375059 0.997696 793.000000 0.754586 1.240561
0.375060 0.997615 793.100000 0.878642 -0.838592
0.375052 0.997697 793.200000 0.794783 1.814589
0.375065 0.997611 793.300000 0.976242 0.800826
0.375088 0.997522 793.400000 1.056324 0.760652
0.375122 0.997402 793.500000 1.132390 0.304854
0.375160 0.997316 793.600000 1.162875 0.785711
0.375210 0.997193 793.700000 1.241446 -0.226631
0.375256 0.997110 793.800000 1.218783 -0.823895
0.375290 0.997008 793.900000 1.136393 -0.604084
0.375316 0.997099 794.000000 1.075985 1.854157
0.375368 0.997518 794.100000 1.261401 -2.942473
0.375380 0.997438 794.200000 0.967154 0.849279
0.375403 0.997419 794.300000 1.052081 1.300420
0.375443 0.997294 794.400000 1.182123 -0.074328
0.375483 0.997172 794.500000 1.174691 0.247069
0.375526 0.997047 794.600000 1.199397 0.031795
0.375570 0.996971 794.700000 1.202577 0.888534
0.375627 0.997422 794.800000 1.291430 3.029034
0.375740 0.997301 794.900000 1.594334 -0.251715
0.375848 0.997204 795.000000 1.569162 -0.673010
0.375942 0.997801 795.100000 1.501861 -3.389759
0.375980 0.997998 795.200000 1.162885 -2.265075
0.375988 0.997992 795.300000 0.936378 -1.376997
0.375981 0.998157 795.400000 0.798678 2.150662
0.375998 0.998275 795.500000 1.013744 -1.966087
0.375993 0.998494 795.600000 0.817136 -2.343009
0.375967 0.998405 795.700000 0.582835 0.761239
0.375947 0.998296 795.800000 0.658959 0.507521
0.375931 0.998584 795.900000 0.709711 2.565965
0.375943 0.998866 796.000000 0.966307 2.548409
0.375989 0.998793 796.100000 1.221148 -0.907146
0.376022 0.998667 796.200000 1.130434 0.059226
0.376056 0.998708 796.300000 1.136356 -1.625650
0.376068 0.998817 796.400000 0.973791 -1.931820
0.376059 0.998842 796.500000 0.780609 -1.549675
0.376037 0.998982 796.600000 0.625642 -2.053860
0.376001 0.998865 796.700000 0.420256 0.374529
0.375967 0.999106 796.800000 0.457709 2.415394
0.375950 0.999038 796.900000 0.699248 -0.959893
0.375926 0.998937 797.000000 0.603259 0.625740
0.375906 0.998878 797.100000 0.665833 1.025698
0.375896 0.998753 797.200000 0.768403 -0.038914
0.375886 0.998693 797.300000 0.764511 1.023906
0.375886 0.998585 797.400000 0.866902 -0.519323
0.375880 0.998473 797.500000 0.814970 -0.465601
0.375870 0.998471 797.600000 0.768410 1.399730
0.375875 0.998364 797.700000 0.908382 -0.543370
0.375873 0.998543 797.800000 0.854045 -2.200165
0.375851 0.998430 797.900000 0.634029 0.446422
0.375833 0.998874 798.000000 0.678671 -3.013737
0.375795 0.998867 798.100000 0.377298 -1.374173
0.375752 0.999340 798.200000 0.239880 -3.090633
0.375705 0.999337 798.300000 -0.069183 1.393376
0.375658 0.999371 798.400000 0.070155 1.598295
0.375614 0.999346 798.500000 0.229984 -1.258764
0.375568 0.999238 798.600000 0.104108 -0.531668
0.375521 0.999145 798.700000 0.050941 -0.715600
0.375474 0.999290 798.800000 -0.020619 2.075484
0.375429 0.999165 798.900000 0.186929 0.110336
0.375385 0.999041 799.000000 0.197963 0.122168
0.375341 0.998942 799.100000 0.210180 0.643519
0.375298 0.998857 799.200000 0.274532 -0.798992
0.375254 0.998918 799.300000 0.194632 -1.725753
0.375207 0.999375 799.400000 0.022057 3.050434
0.375167 0.999996 799.500000 0.327100 -3.453522
0.375120 0.999871 799.600000 -0.018252 0.018831
0.375073 0.999887 799.700000 -0.016369 -1.499925
0.375028 0.999839 799.800000 -0.166361 1.110294
0.374981 0.999746 799.900000 -0.055332 -0.713469
0.374935 0.999623 800.000000 -0.126679 -0.188824
0.374890 0.999506 800.100000 -0.145561 -0.356861
0.374845 0.999407 800.200000 -0.181247 0.639209
0.374799 0.999287 800.300000 -0.117326 -0.288087
0.374753 0.999440 800.400000 -0.146135 2.109373
0.374707 0.999316 800.500000 0.064802 0.135324
0.374660 0.999219 800.600000 0.078335 0.658253
0.374615 0.999173 800.700000 0.144160 -1.128949
0.374568 0.999157 800.800000 0.031265 -1.320343
0.374522 0.999648 800.900000 -0.100769 3.139895
0.374478 0.999890 801.000000 0.213220 2.425273
0.374444 0.999766 801.100000 0.455748 0.083863
0.374411 0.999691 801.200000 0.464134 0.892368
0.374383 0.999665 801.300000 0.553371 -1.254753
0.374348 0.999542 801.400000 0.427895 -0.181943
0.374312 0.999425 801.500000 0.409701 0.363826
0.374278 0.999324 801.600000 0.446084 0.607384
0.374247 0.999205 801.700000 0.506822 0.314449
0.374218 0.999200 801.800000 0.538267 1.380539
0.374200 0.999078 801.900000 0.676321 -0.210582
0.374180 0.999059 802.000000 0.655263 -1.302114
0.374151 0.998936 802.100000 0.525051 0.164053
0.374123 0.999865 802.200000 0.541457 -4.112133
0.374077 0.999741 802.300000 0.130243 -0.020536
0.374031 0.999896 802.400000 0.128190 2.119881
0.373992 0.999940 802.500000 0.340178 -1.644322
0.373947 1.000125 802.600000 0.175746 -2.229386
0.373901 1.000151 802.700000 -0.047193 1.553358
0.373855 1.000243 802.800000 0.108143 1.866023
0.373814 1.000176 802.900000 0.294745 -0.963863
0.373770 1.000162 803.000000 0.198359 1.328211
0.373730 1.000041 803.100000 0.331180 0.262071
0.373691 0.999949 803.200000 0.357387 -0.722956
0.373650 0.999962 803.300000 0.285091 -1.482357
0.373605 0.999973 803.400000 0.136856 -1.475375
0.373558 0.999895 803.500000 -0.010682 0.864787
0.373512 0.999777 803.600000 0.075797 -0.322591
0.373466 0.999660 803.700000 0.043538 -0.350012
0.373419 0.999557 803.800000 0.008537 0.585541
0.373373 0.999456 803.900000 0.067091 0.618230
0.373328 0.999578 804.000000 0.128914 -1.989011
0.373282 1.000047 804.100000 -0.069987 3.088478
0.373239 0.999952 804.200000 0.238861 0.685876
0.373198 1.000002 804.300000 0.307448 -1.677171
0.373153 0.999897 804.400000 0.139731 0.548362
0.373109 0.999856 804.500000 0.194567 1.158122
0.373069 1.000057 804.600000 0.310379 2.287209
0.373040 1.000045 804.700000 0.539100 -1.349361
0.373004 0.999937 804.800000 0.404164 -0.497396
0.372966 0.999887 804.900000 0.354425 1.098807
0.372933 0.999806 805.000000 0.464305 0.831503
0.372905 0.999860 805.100000 0.547456 -1.691133
0.372868 0.999735 805.200000 0.378342 -0.005354
0.372830 0.999742 805.300000 0.377807 -1.450076
0.372787 0.999764 805.400000 0.232799 -1.535462
0.372741 0.999675 805.500000 0.079253 -0.748107
0.372695 1.000041 805.600000 0.004442 -2.812326
0.372654 1.000028 805.700000 -0.276790 1.334781
0.372609 0.999905 805.800000 -0.143312 0.155858
0.372563 0.999818 805.900000 -0.127726 -0.771410
0.372520 0.999720 806.000000 -0.204867 0.650682
0.372475 0.999610 806.100000 -0.139799 0.469751
0.372429 0.999491 806.200000 -0.092824 0.286421
0.372383 0.999596 806.300000 -0.064182 -1.920586
0.372341 0.999474 806.400000 -0.256240 -0.181689
0.372300 1.000247 806.500000 -0.274409 -3.803139
0.372280 1.000198 806.600000 -0.654723 1.098627
0.372252 1.000124 806.700000 -0.544861 -0.904631
0.372231 1.000004 806.800000 -0.635324 0.258551
0.372208 1.000020 806.900000 -0.609469 1.501659
0.372175 1.000009 807.000000 -0.459303 -1.347623
0.372151 0.999951 807.100000 -0.594065 1.032914
0.372120 0.999902 807.200000 -0.490774 -1.096138
0.372096 0.999945 807.300000 -0.600387 -1.644325
0.372086 0.999902 807.400000 -0.764820 1.140174
0.372066 1.000168 807.500000 -0.650802 -2.510997
0.372070 1.000294 807.600000 -0.901902 2.008682
0.372055 1.000176 807.700000 -0.701034 -0.302434
0.372042 1.000308 807.800000 -0.731277 -2.033501
0.372050 1.000344 807.900000 -0.934627 1.607650
0.372041 1.000342 808.000000 -0.773862 1.398472
0.372020 1.000218 808.100000 -0.634015 -0.058209
0.371999 1.000123 808.200000 -0.639836 0.684415
0.371973 1.000186 808.300000 -0.571395 -1.733737
0.371961 1.000067 808.400000 -0.744768 -0.284502
0.371952 1.000207 808.500000 -0.773219 2.064721
0.371926 1.000161 808.600000 -0.566746 -1.119529
0.371909 1.000209 808.700000 -0.678699 -1.666460
0.371907 1.000226 808.800000 -0.845345 1.513062
0.371891 1.000392 808.900000 -0.694039 2.163618
0.371859 1.000295 809.000000 -0.477677 0.657283
0.371823 1.000176 809.100000 -0.411949 -0.258574
0.371789 1.000072 809.200000 -0.437807 -0.565825
0.371758 1.000058 809.300000 -0.494389 -1.333050
0.371737 0.999997 809.400000 -0.627694 -1.006857
0.371724 0.999874 809.500000 -0.728380 0.008861
0.371710 0.999772 809.600000 -0.727494 -0.593600
0.371703 0.999831 809.700000 -0.786854 -1.720910
0.371714 0.999771 809.800000 -0.958945 -1.010254
0.371737 0.999680 809.900000 -1.059970 0.721437
0.371751 0.999557 810.000000 -0.987826 0.072641
0.371765 0.999492 810.100000 -0.980562 0.980044
0.371767 0.999386 810.200000 -0.882558 0.524139
0.371764 0.999585 810.300000 -0.830144 2.286016
0.371740 0.999715 810.400000 -0.601542 2.026342
0.371704 0.999603 810.500000 -0.398908 0.427795
0.371666 0.999701 810.600000 -0.356129 -1.895979
0.371639 0.999590 810.700000 -0.545727 -0.437544
0.371614 0.999470 810.800000 -0.589481 -0.235854
0.371592 0.999409 810.900000 -0.613066 1.001794
0.371562 0.999287 811.000000 -0.512887 0.135894
0.371532 0.999393 811.100000 -0.499298 1.927587
0.371492 0.999622 811.200000 -0.306539 2.391669
0.371446 0.999506 811.300000 -0.067372 0.346502
0.371400 0.999798 811.400000 -0.032722 2.595383
0.371358 0.999678 811.500000 0.226817 0.243677
0.371316 0.999559 811.600000 0.251184 0.255975
0.371275 1.000332 811.700000 0.276782 -3.813591
0.371230 1.000256 811.800000 -0.104577 -0.879575
0.371186 1.000151 811.900000 -0.192535 -0.532131
0.371144 1.000487 812.000000 -0.245748 -2.732048
0.371115 1.000367 812.100000 -0.518953 0.230602
0.371085 1.000246 812.200000 -0.495893 -0.189354
0.371055 1.000130 812.300000 -0.514828 0.328013
0.371024 1.000046 812.400000 -0.482027 -0.802214
0.370998 0.999929 812.500000 -0.562248 0.317301
0.370969 0.999808 812.600000 -0.530518 0.162165
0.370940 0.999778 812.700000 -0.514302 -1.231714
0.370919 0.999655 812.800000 -0.637473 0.009260
0.370899 0.999533 812.900000 -0.636547 0.080774
0.370877 0.999653 813.000000 -0.628470 -1.990081
0.370874 0.999721 813.100000 -0.827478 -1.759131
0.370890 0.999600 813.200000 -1.003391 0.200780
0.370904 0.999606 813.300000 -0.983313 1.444705
0.370902 0.999493 813.400000 -0.838842 0.407375
0.370895 0.999544 813.500000 -0.798105 1.681721
0.370874 0.999435 813.600000 -0.629933 0.473013
0.370849 0.999334 813.700000 -0.582631 0.594287
0.370821 0.999246 813.800000 -0.523203 0.759140
0.370787 0.999177 813.900000 -0.447289 0.933502
0.370749 0.999167 814.000000 -0.353939 1.356728
0.370707 0.999075 814.100000 -0.218266 -0.697416
0.370666 0.999019 814.200000 -0.288007 1.045748
0.370623 0.999096 814.300000 -0.183432 -1.803385
0.370586 0.999034 814.400000 -0.363771 0.995057
0.370544 0.998918 814.500000 -0.264265 -0.335011
0.370504 0.998813 814.600000 -0.297766 -0.529290
0.370466 0.998697 814.700000 -0.350695 0.324313
0.370427 0.998747 814.800000 -0.318264 -1.679459
0.370396 0.998700 814.900000 -0.486210 1.107292
0.370359 0.998582 815.000000 -0.375481 -0.275729
0.370324 0.998463 815.100000 -0.403054 -0.238020
0.370290 0.998446 815.200000 -0.426856 1.309424
0.370250 0.998334 815.300000 -0.295913 0.416852
0.370208 0.998249 815.400000 -0.254228 -0.776600
0.370170 0.998329 815.500000 -0.331888 1.821273
0.370126 0.998207 815.600000 -0.149761 -0.041089
0.370082 0.998618 815.700000 -0.153870 -2.950069
0.370049 0.998787 815.800000 -0.448877 -2.179795
0.370031 0.998784 815.900000 -0.666856 1.393379
0.370002 0.998697 816.000000 -0.527518 0.759578
0.369969 0.998706 816.100000 -0.451561 1.466695
0.369930 0.998615 816.200000 -0.304891 0.718254
0.369888 0.998493 816.300000 -0.233066 -0.070115
0.369846 0.998452 816.400000 -0.240077 -1.147449
0.369808 0.998410 816.500000 -0.354822 1.145984
0.369767 0.998641 816.600000 -0.240224 2.402792
0.369721 0.998545 816.700000 0.000055 0.653124
0.369676 0.998425 816.800000 0.065368 0.181890
0.369632 0.998563 816.900000 0.083557 -2.064251
0.369587 0.998445 817.000000 -0.122868 0.245017
0.369543 0.998378 817.100000 -0.098367 -0.952354
0.369500 0.998353 817.200000 -0.193602 1.262320
0.369455 0.998451 817.300000 -0.067370 1.895293
0.369411 0.998353 817.400000 0.122159 -0.628392
0.369366 0.998290 817.500000 0.059320 -0.986026
0.369321 0.998313 817.600000 -0.039282 -1.537365
0.369278 0.998204 817.700000 -0.193019 0.467341
0.369234 0.998300 817.800000 -0.146285 -1.890028
0.369196 0.998513 817.900000 -0.335288 -2.340942
0.369170 0.998405 818.000000 -0.569382 0.476042
0.369142 0.998318 818.100000 -0.521778 0.761378
0.369109 0.998336 818.200000 -0.445640 1.511527
0.369069 0.998287 818.300000 -0.294487 -1.089987
0.369034 0.998220 818.400000 -0.403486 0.954407
0.368995 0.998386 818.500000 -0.308045 2.170864
0.368950 0.998343 818.600000 -0.090959 -1.134969
0.368907 0.998232 818.700000 -0.204456 0.418679
0.368864 0.998226 818.800000 -0.162588 1.379788
0.368819 0.998684 818.900000 -0.024609 3.080978
0.368779 0.998856 819.000000 0.283489 -2.195994
0.368734 0.998757 819.100000 0.063890 0.613805
0.368690 0.998636 819.200000 0.125270 -0.128568
0.368646 0.998652 819.300000 0.112413 1.503028
0.368605 0.998781 819.400000 0.262716 -2.026191
0.368560 0.998786 819.500000 0.060097 1.440992
0.368518 0.998664 819.600000 0.204196 0.077735
0.368476 0.998598 819.700000 0.211970 -0.951167
0.368432 0.998949 819.800000 0.116853 2.785126
0.368396 0.998878 819.900000 0.395365 -0.913359
0.368357 0.998757 820.000000 0.304030 -0.100395
0.368317 0.998636 820.100000 0.293990 0.159204
0.368278 0.998549 820.200000 0.309911 0.755185
0.368242 0.998439 820.300000 0.385429 0.432859
0.368209 0.998318 820.400000 0.428715 0.081185
0.368175 0.998196 820.500000 0.436833 -0.027270
0.368142 0.998251 820.600000 0.434107 1.701190
0.368119 0.998133 820.700000 0.604226 -0.238507
0.368095 0.998024 820.800000 0.580375 0.467856
0.368074 0.997953 820.900000 0.627161 0.904852
0.368061 0.998314 821.000000 0.717646 -2.815503
0.368028 0.998263 821.100000 0.436095 -1.076230
0.367989 0.998143 821.200000 0.328472 -0.161243
0.367950 0.998289 821.300000 0.312348 2.094813
0.367922 0.998169 821.400000 0.521830 0.168184
0.367895 0.998364 821.500000 0.538648 -2.281404
0.367856 0.998271 821.600000 0.310508 0.687251
0.367820 0.998168 821.700000 0.379233 0.544584
0.367787 0.998253 821.800000 0.433691 1.842679
0.367765 0.998497 821.900000 0.617959 2.451872
0.367766 0.998426 822.000000 0.863146 -0.911631
0.367757 0.998719 822.100000 0.771983 2.610995
0.367778 0.998649 822.200000 1.033083 -0.915378
0.367787 0.998696 822.300000 0.941545 -1.664201
0.367779 0.998662 822.400000 0.775125 1.199717
0.367783 0.998598 822.500000 0.895096 -0.971273
0.367777 0.998660 822.600000 0.797969 -1.738694
0.367756 0.998713 822.700000 0.624100 1.695239
0.367749 0.998670 822.800000 0.793624 -1.133309
0.367733 0.998744 822.900000 0.680293 -1.791865
0.367703 0.998624 823.000000 0.501106 -0.134481
0.367673 0.998505 823.100000 0.487658 0.220286
0.367644 0.998387 823.200000 0.509687 0.217898
0.367617 0.998270 823.300000 0.531477 0.253175
0.367591 0.998268 823.400000 0.556794 1.406449
0.367576 0.998262 823.500000 0.697439 -1.377701
0.367550 0.998364 823.600000 0.559669 1.914028
0.367540 0.998243 823.700000 0.751072 0.090275
0.367530 0.998655 823.800000 0.760099 -2.964237
0.367499 0.998851 823.900000 0.463675 -2.285041
0.367457 0.998732 824.000000 0.235171 -0.190663
0.367416 0.998617 824.100000 0.216105 -0.334201
0.367373 0.998496 824.200000 0.182685 0.081285
0.367331 0.998467 824.300000 0.190813 1.231709
0.367292 0.998588 824.400000 0.313984 1.998168
0.367264 0.998554 824.500000 0.513801 -1.196018
0.367228 0.998467 824.600000 0.394199 -0.750178
0.367190 0.998371 824.700000 0.319182 0.642153
0.367154 0.998551 824.800000 0.383397 -2.228721
0.367112 0.998432 824.900000 0.160525 0.175547
0.367069 0.998317 825.000000 0.178079 0.312332
0.367027 0.998205 825.100000 0.209313 -0.395667
0.366984 0.998622 825.200000 0.169746 -2.977710
0.366941 0.998696 825.300000 -0.128025 -1.795002
0.366902 0.998579 825.400000 -0.307525 0.275163
0.366863 0.998463 825.500000 -0.280009 -0.275473
0.366824 0.998439 825.600000 -0.307556 1.265700
0.366781 0.998367 825.700000 -0.180986 0.898920
0.366737 0.998252 825.800000 -0.091094 0.303153
0.366693 0.998159 825.900000 -0.060779 -0.676806
0.366650 0.998135 826.000000 -0.128460 -1.269004
0.366609 0.998023 826.100000 -0.255360 0.366833
0.366568 0.998306 826.200000 -0.218677 -2.583545
0.366537 0.998340 826.300000 -0.477031 -1.600751
0.366518 0.998225 826.400000 -0.637106 0.298940
0.366496 0.998383 826.500000 -0.607212 -2.149469
0.366492 0.998333 826.600000 -0.822159 1.080591
0.366479 0.998484 826.700000 -0.714100 2.117302
0.366450 0.998671 826.800000 -0.502370 -2.256468
0.366437 0.998993 826.900000 -0.728017 2.708274
0.366406 0.998874 827.000000 -0.457189 0.164826
0.366373 0.999061 827.100000 -0.440707 -2.255165
0.366356 0.999031 827.200000 -0.666223 1.226927
0.366329 0.999335 827.300000 -0.543531 -2.652156
0.366324 0.999376 827.400000 -0.808746 1.633915
0.366305 0.999338 827.500000 -0.645355 1.170823
0.366278 0.999422 827.600000 -0.528272 1.840045
0.366241 0.999471 827.700000 -0.344268 -1.676582
0.366212 0.999718 827.800000 -0.511926 -2.467976
0.366203 1.000052 827.900000 -0.758724 2.745440
0.366173 1.000052 828.000000 -0.484180 -1.412754
0.366152 0.999932 828.100000 -0.625455 -0.073416
0.366132 0.999819 828.200000 -0.632797 0.365940
0.366110 0.999846 828.300000 -0.596203 -1.566333
0.366100 0.999732 828.400000 -0.752836 0.310477
0.366087 0.999745 828.500000 -0.721788 -1.489663
0.366088 0.999842 828.600000 -0.870754 -1.898557
0.366112 0.999873 828.700000 -1.060610 -1.589280
0.366158 0.999925 828.800000 -1.219538 -1.689365
0.366230 1.000090 828.900000 -1.388475 2.176811
0.366268 1.000035 829.000000 -1.170793 1.045349
0.366293 0.999970 829.100000 -1.066259 0.959753
0.366305 0.999853 829.200000 -0.970283 0.227595
0.366315 0.999736 829.300000 -0.947524 -0.256814
0.366328 0.999762 829.400000 -0.973205 1.559148
0.366324 0.999682 829.500000 -0.817290 -0.819710
0.366329 0.999564 829.600000 -0.899261 -0.190103
0.366335 0.999476 829.700000 -0.918272 -0.733190
0.366351 0.999359 829.800000 -0.991591 -0.240324
0.366369 0.999315 829.900000 -1.015623 -1.123996
0.366401 0.999353 830.000000 -1.128023 -1.622546
0.366457 0.999289 830.100000 -1.290277 0.967131
0.366499 0.999225 830.200000 -1.193564 0.966672
0.366527 0.999111 830.300000 -1.096897 -0.321330
0.366560 0.999131 830.400000 -1.129030 -1.529965
0.366615 0.999017 830.500000 -1.282027 0.311430
0.366665 0.998946 830.600000 -1.250884 -0.907490
0.366729 0.998914 830.700000 -1.341633 1.209661
0.366774 0.998905 830.800000 -1.220667 1.362710
0.366801 0.998786 830.900000 -1.084396 0.092201
0.366826 0.998742 831.000000 -1.075175 1.128907
0.366838 0.998971 831.100000 -0.962285 2.408835
0.366825 0.998855 831.200000 -0.721401 -0.273652
0.366815 0.998739 831.300000 -0.748766 -0.256594
0.366807 0.998739 831.400000 -0.774426 1.413819
0.366787 0.998683 831.500000 -0.633044 1.027416
0.366759 0.998655 831.600000 -0.530302 1.239406
0.366725 0.998542 831.700000 -0.406362 -0.342169
0.366693 0.998665 831.800000 -0.440579 2.010380
0.366652 0.998549 831.900000 -0.239541 0.274475
0.366611 0.998574 832.000000 -0.212093 1.549015
0.366567 0.998465 832.100000 -0.057192 -0.433857
0.366524 0.998346 832.200000 -0.100577 -0.110313
0.366480 0.998291 832.300000 -0.111609 -1.039773
0.366439 0.998173 832.400000 -0.215586 -0.211437
0.366398 0.998451 832.500000 -0.236730 -2.572882
0.366369 0.998623 832.600000 -0.494018 2.204942
0.366330 0.998583 832.700000 -0.273524 1.156141
0.366287 0.998637 832.800000 -0.157909 -1.701281
0.366250 0.998535 832.900000 -0.328038 -0.542748
0.366214 0.998554 833.000000 -0.382312 1.520084
0.366174 0.998530 833.100000 -0.230304 1.267385
0.366130 0.998454 833.200000 -0.103565 0.854827
0.366086 0.998593 833.300000 -0.018083 -2.075243
0.366046 0.998484 833.400000 -0.225607 -0.430065
0.366006 0.998417 833.500000 -0.268614 0.931081
0.365964 0.998318 833.600000 -0.175505 0.596036
0.365921 0.999228 833.700000 -0.115902 4.143090
0.365882 0.999251 833.800000 0.298407 -1.546468
0.365840 0.999155 833.900000 0.143760 0.622777
0.365798 0.999232 834.000000 0.206038 -1.812672
0.365754 0.999279 834.100000 0.024771 1.667375
0.365713 0.999213 834.200000 0.191508 0.951808
0.365674 0.999136 834.300000 0.286689 0.840928
0.365638 0.999081 834.400000 0.370782 -1.041428
0.365599 0.998982 834.500000 0.266639 -0.590287
0.365558 0.999443 834.600000 0.207611 3.111588
0.365530 0.999343 834.700000 0.518769 -0.582760
0.365499 0.999243 834.800000 0.460493 0.565943
0.365471 0.999139 834.900000 0.517088 -0.521082
0.365440 0.999023 835.000000 0.464979 -0.226147
0.365408 0.998908 835.100000 0.442365 -0.283901
0.365375 0.998930 835.200000 0.413975 -1.539268
0.365335 0.998840 835.300000 0.260048 0.706488
0.365298 0.998747 835.400000 0.330697 0.655550
0.365264 0.998743 835.500000 0.396252 1.394259
0.365237 0.998689 835.600000 0.535678 1.046811
0.365218 0.999228 835.700000 0.640359 3.317655
0.365231 0.999110 835.800000 0.972124 -0.112621
0.365242 0.999319 835.900000 0.960862 -2.346568
0.365230 0.999253 836.000000 0.726205 -0.937623
0.365210 0.999369 836.100000 0.632443 1.986407
0.365208 0.999531 836.200000 0.831084 2.169298
0.365230 0.999419 836.300000 1.048014 0.364259
0.365257 0.999301 836.400000 1.084439 -0.142674
0.365281 0.999327 836.500000 1.070172 -1.557708
0.365288 0.999349 836.600000 0.914401 -1.540382
0.365279 0.999463 836.700000 0.760363 -1.975496
0.365254 0.999343 836.800000 0.562813 -0.005594
0.365229 0.999916 836.900000 0.562254 3.404524
0.365234 1.000698 837.000000 0.902706 -3.883685
0.365206 1.000590 837.100000 0.514338 -0.439943
0.365176 1.000532 837.200000 0.470344 1.012932
0.365152 1.000493 837.300000 0.571637 -1.162244
0.365121 1.001143 837.400000 0.455412 3.591061
0.365117 1.001573 837.500000 0.814518 -3.034354
0.365089 1.001677 837.600000 0.511083 -1.935178
0.365051 1.001749 837.700000 0.317565 1.791379
0.365022 1.001661 837.800000 0.496703 -0.726636
0.364989 1.001743 837.900000 0.424040 -1.837995
0.364949 1.001664 838.000000 0.240240 -0.828084
0.364907 1.001792 838.100000 0.157432 2.033882
0.364871 1.002151 838.200000 0.360820 2.834555
0.364853 1.002073 838.300000 0.644275 0.831509
0.364841 1.002086 838.400000 0.727426 1.491876
0.364843 1.001970 838.500000 0.876614 0.234043
0.364848 1.001878 838.600000 0.900018 0.678367
0.364860 1.002202 838.700000 0.967855 2.727159
0.364908 1.002310 838.800000 1.240571 1.953139
0.364988 1.002266 838.900000 1.435885 -1.124241
0.365049 1.002223 839.000000 1.323461 1.134311
0.365128 1.002413 839.100000 1.436892 2.278413
0.365250 1.002328 839.200000 1.664733 0.757571
0.365387 1.002380 839.300000 1.740490 -1.696596
0.365490 1.002926 839.400000 1.570831 3.343285
0.365663 1.002878 839.500000 1.905159 1.093298
0.365861 1.002927 839.600000 2.014489 1.681959
0.366101 1.003115 839.700000 2.182685 -2.272479
0.366285 1.003076 839.800000 1.955437 -1.164794
0.366443 1.002974 839.900000 1.838957 0.544457
0.366612 1.003365 840.000000 1.893403 -2.928792
0.366721 1.003265 840.100000 1.600524 -0.562481
0.366819 1.003153 840.200000 1.544276 0.342903
0.366924 1.003337 840.300000 1.578566 -2.261219
0.366989 1.003259 840.400000 1.352444 -0.831593
0.367041 1.003275 840.500000 1.269285 -1.505731
0.367072 1.003203 840.600000 1.118712 0.894848
0.367115 1.003085 840.700000 1.208197 0.163535
0.367161 1.002972 840.800000 1.224550 0.321606
0.367211 1.002946 840.900000 1.256711 -1.251640
0.367243 1.003043 841.000000 1.131547 -1.905497
0.367252 1.003394 841.100000 0.940997 -2.814608
0.367235 1.003278 841.200000 0.659536 0.233530
0.367219 1.003160 841.300000 0.682889 -0.119633
0.367202 1.003151 841.400000 0.670926 -1.366534
0.367175 1.003037 841.500000 0.534272 -0.288100
0.367147 1.002971 841.600000 0.505463 0.946783
0.367124 1.002995 841.700000 0.600141 1.552923
0.367115 1.002882 841.800000 0.755433 -0.308533
0.367102 1.002766 841.900000 0.724580 -0.213722
0.367088 1.002648 842.000000 0.703208 -0.152396
0.367073 1.002537 842.100000 0.687968 0.382083
0.367060 1.002423 842.200000 0.726176 0.288018
0.367051 1.002632 842.300000 0.754978 -2.349137
0.367023 1.002563 842.400000 0.520064 0.915761
0.367002 1.002669 842.500000 0.611641 1.949067
0.366997 1.002571 842.600000 0.806547 -0.595187
0.366986 1.002505 842.700000 0.747029 0.940788
0.366985 1.002402 842.800000 0.841107 -0.520488
0.366978 1.002391 842.900000 0.789059 -1.348128
0.366960 1.002355 843.000000 0.654246 -1.183640
0.366934 1.002341 843.100000 0.535882 -1.330676
0.366900 1.002697 843.200000 0.402814 -2.829707
0.366857 1.002945 843.300000 0.119843 -2.488887
0.366814 1.002944 843.400000 -0.129045 -1.407059
0.366775 1.003049 843.500000 -0.269751 -1.946165
0.366745 1.002951 843.600000 -0.464368 0.587413
0.366711 1.002947 843.700000 -0.405626 1.393333
0.366672 1.002847 843.800000 -0.266293 0.556524
0.366631 1.003023 843.900000 -0.210641 2.230683
0.366587 1.004128 844.000000 0.012428 4.546015
0.366557 1.004028 844.100000 0.467029 0.570680
0.366530 1.003928 844.200000 0.524097 0.556007
0.366506 1.003811 844.300000 0.579698 0.205279
0.366484 1.003719 844.400000 0.600226 -0.670680
0.366458 1.004126 844.500000 0.533158 2.980132
0.366455 1.004133 844.600000 0.831171 1.456243
0.366468 1.004341 844.700000 0.976795 2.352590
0.366512 1.004464 844.800000 1.212054 -2.021457
0.366529 1.004347 844.900000 1.009909 -0.153711
0.366544 1.004346 845.000000 0.994537 -1.413934
0.366544 1.004238 845.100000 0.853144 -0.419434
0.366539 1.004123 845.200000 0.811201 0.254898
0.366537 1.004078 845.300000 0.836690 -1.119685
0.366525 1.004697 845.400000 0.724722 3.532721
0.366550 1.004611 845.500000 1.077994 -0.738550
0.366567 1.004502 845.600000 1.004139 0.417986
0.366588 1.004417 845.700000 1.045938 0.750755
0.366619 1.004387 845.800000 1.121013 1.223641
0.366667 1.004288 845.900000 1.243377 -0.583661
0.366707 1.004227 846.000000 1.185011 -0.982713
0.366733 1.004175 846.100000 1.086740 1.063116
0.366774 1.004067 846.200000 1.193052 -0.441647
0.366808 1.003951 846.300000 1.148887 -0.190713
0.366840 1.003874 846.400000 1.129816 -0.840717
0.366862 1.003760 846.500000 1.045744 0.268226
0.366886 1.003852 846.600000 1.072566 -1.889580
0.366889 1.004117 846.700000 0.883608 -2.547447
0.366869 1.004141 846.800000 0.628864 -1.552648
0.366839 1.004032 846.900000 0.473599 -0.408208
0.366807 1.004001 847.000000 0.432778 1.220926
0.366782 1.003883 847.100000 0.554871 0.096374
0.366757 1.003920 847.200000 0.564508 -1.623202
0.366723 1.003812 847.300000 0.402188 0.412221
0.366692 1.003745 847.400000 0.443410 0.935928
0.366666 1.003946 847.500000 0.537003 2.327030
0.366657 1.003947 847.600000 0.769706 -1.424165
0.366637 1.004117 847.700000 0.627290 -2.211457
0.366604 1.004088 847.800000 0.406144 1.230118
0.366577 1.004058 847.900000 0.529156 1.220824
0.366559 1.003939 848.000000 0.651238 0.028909
0.366541 1.004125 848.100000 0.654129 2.271774
0.366543 1.004194 848.200000 0.881306 1.783884
0.366566 1.004515 848.300000 1.059695 -2.729464
0.366560 1.004810 848.400000 0.786748 -2.647804
0.366532 1.004698 848.500000 0.521968 0.323928
0.366507 1.004847 848.600000 0.554361 2.130239
0.366499 1.004859 848.700000 0.767385 1.491421
0.366505 1.005160 848.800000 0.916527 -2.666721
0.366487 1.005089 848.900000 0.649855 -0.896293
0.366462 1.004970 849.000000 0.560225 0.070685
0.366438 1.004853 849.100000 0.567294 0.150772
0.366415 1.004989 849.200000 0.582371 -2.076072
0.366380 1.005211 849.300000 0.374764 -2.405717
0.366338 1.005156 849.400000 0.134192 -1.038138
0.366295 1.005297 849.500000 0.030378 2.097657
0.366255 1.005240 849.600000 0.240144 1.020683
0.366219 1.005140 849.700000 0.342212 0.556124
0.366185 1.005033 849.800000 0.397825 -0.437959
0.366149 1.005054 849.900000 0.354029 1.540457
0.366121 1.005010 850.000000 0.508075 -1.122557
0.366088 1.004899 850.100000 0.395819 0.338680
0.366055 1.004783 850.200000 0.429687 0.199945
0.366024 1.004853 850.300000 0.449681 -1.789233
0.365986 1.004749 850.400000 0.270758 0.496335
0.365949 1.004876 850.500000 0.320392 2.040006
0.365922 1.005099 850.600000 0.524392 -2.408670
0.365883 1.005076 850.700000 0.283525 1.277205
0.365850 1.004958 850.800000 0.411246 0.038404
0.365817 1.004855 850.900000 0.415086 -0.497012
0.365782 1.004880 851.000000 0.365385 1.563265
0.365755 1.004766 851.100000 0.521711 0.243366
0.365730 1.004667 851.200000 0.546048 0.570919
0.365708 1.004556 851.300000 0.603140 0.355412
0.365689 1.004543 851.400000 0.638681 1.335126
0.365681 1.004425 851.500000 0.772194 -0.035638
0.365673 1.004329 851.600000 0.768630 -0.615809
0.365660 1.004260 851.700000 0.707049 -0.905968
0.365639 1.004184 851.800000 0.616452 0.852783
0.365625 1.004513 851.900000 0.701731 -2.758437
0.365593 1.004434 852.000000 0.425887 -0.817818
0.365557 1.004601 852.100000 0.344105 2.199793
0.365532 1.004501 852.200000 0.564084 -0.557479
0.365505 1.004489 852.300000 0.508336 1.345219
0.365486 1.004469 852.400000 0.642858 1.292888
0.365478 1.004352 852.500000 0.772147 -0.063098
0.365470 1.004244 852.600000 0.765837 0.413870
0.365465 1.004135 852.700000 0.807224 0.388894
0.365464 1.004094 852.800000 0.846114 1.142021
0.365475 1.003986 852.900000 0.960316 -0.415004
0.365482 1.003881 853.000000 0.918815 0.461672
0.365494 1.003848 853.100000 0.964983 1.202394
0.365520 1.003796 853.200000 1.085222 1.059699
0.365560 1.003736 853.300000 1.191192 0.986161
0.365615 1.003622 853.400000 1.289808 0.269044
0.365674 1.003609 853.500000 1.316712 1.335709
0.365754 1.003504 853.600000 1.450283 0.463278
0.365842 1.003674 853.700000 1.496611 2.215515
0.365972 1.003618 853.800000 1.718163 -1.020981
0.366082 1.003505 853.900000 1.616065 0.282585
0.366198 1.003406 854.000000 1.644323 -0.565726
0.366302 1.003571 854.100000 1.587750 -2.194965
0.366369 1.004261 854.200000 1.368254 3.714953
0.366503 1.004151 854.300000 1.739749 0.349823
0.366645 1.004033 854.400000 1.774731 -0.083535
0.366784 1.004234 854.500000 1.766378 2.333015
0.366975 1.004189 854.600000 1.999679 -1.107961
0.367141 1.004592 854.700000 1.888883 -2.983560
0.367246 1.004531 854.800000 1.590527 0.982131
0.367370 1.004497 854.900000 1.688740 1.198466
0.367518 1.004610 855.000000 1.808587 1.982908
0.367711 1.004535 855.100000 2.006878 -0.857269
0.367884 1.004558 855.200000 1.921151 -1.548776
0.368023 1.005178 855.300000 1.766273 3.552974
0.368243 1.005066 855.400000 2.121571 0.283120
0.368470 1.004959 855.500000 2.149883 0.436373
0.368708 1.005280 855.600000 2.193520 -2.737424
0.368880 1.005652 855.700000 1.919778 -2.894748
0.368993 1.005722 855.800000 1.630303 -1.792785
0.369072 1.005658 855.900000 1.451024 0.957205
0.369169 1.005620 856.000000 1.546745 1.161942
0.369287 1.005582 856.100000 1.662939 1.167563
0.369429 1.005508 856.200000 1.779695 -0.869313
0.369553 1.005400 856.300000 1.692764 0.400969
0.369686 1.005319 856.400000 1.732861 -0.786285
0.369802 1.005210 856.500000 1.654232 0.380008
0.369926 1.005096 856.600000 1.692233 0.233411
0.370055 1.005075 856.700000 1.715574 -1.285807
0.370158 1.005163 856.800000 1.586993 1.873963
0.370299 1.005100 856.900000 1.774390 0.970259
0.370460 1.005072 857.000000 1.871416 1.233587
0.370649 1.004985 857.100000 1.994774 0.716075
0.370855 1.004874 857.200000 2.066382 -0.337886
0.371052 1.004824 857.300000 2.032593 1.070073
0.371276 1.004736 857.400000 2.139601 -0.711043
0.371482 1.005138 857.500000 2.068496 -2.985658
0.371622 1.005026 857.600000 1.769931 -0.296743
0.371755 1.004998 857.700000 1.740256 -1.237145
0.371864 1.005229 857.800000 1.616542 2.441965
0.372022 1.005154 857.900000 1.860738 0.854162
0.372200 1.005168 858.000000 1.946155 -1.496741
0.372344 1.005762 858.100000 1.796480 -3.494733
0.372423 1.005931 858.200000 1.447007 2.217833
0.372542 1.005868 858.300000 1.668790 0.959262
0.372680 1.005821 858.400000 1.764717 1.097368
0.372841 1.005721 858.500000 1.874453 -0.540432
0.372990 1.005651 858.600000 1.820410 -0.903757
0.373121 1.005802 858.700000 1.730034 -2.145769
0.373211 1.005704 858.800000 1.515458 -0.578144
0.373292 1.005643 858.900000 1.457643 -0.976033
0.373356 1.005641 859.000000 1.360040 -1.410815
0.373399 1.005525 859.100000 1.218958 -0.053385
0.373441 1.005721 859.200000 1.213620 -2.318955
0.373454 1.005639 859.300000 0.981724 -0.783305
0.373458 1.005673 859.400000 0.903394 1.610931
0.373480 1.006033 859.500000 1.064487 -2.861734
0.373472 1.006108 859.600000 0.778314 1.819635
0.373482 1.005996 859.700000 0.960277 0.281280
0.373496 1.005886 859.800000 0.988405 0.355687
0.373513 1.005862 859.900000 1.023974 -1.267255
0.373516 1.005761 860.000000 0.897248 0.515552
0.373525 1.005649 860.100000 0.948803 0.285729
0.373537 1.005871 860.200000 0.977376 2.415562
0.373580 1.005754 860.300000 1.218933 -0.066110
0.373622 1.005663 860.400000 1.212322 0.663541
0.373674 1.005572 860.500000 1.278676 -0.672232
0.373716 1.005493 860.600000 1.211452 -0.807719
0.373747 1.005446 860.700000 1.130681 1.094946
0.373793 1.005394 860.800000 1.240175 -1.049900
0.373824 1.005280 860.900000 1.135185 -0.242368
0.373852 1.005185 861.000000 1.110948 -0.604007
0.373873 1.005123 861.100000 1.050548 0.975570
0.373906 1.005020 861.200000 1.148105 0.475756
0.373946 1.004928 861.300000 1.195680 0.661188
0.373995 1.004958 861.400000 1.261799 -1.590391
0.374022 1.005070 861.500000 1.102760 -1.984046
0.374026 1.004959 861.600000 0.904355 -0.305245
0.374027 1.005132 861.700000 0.873831 2.233286
0.374053 1.005349 861.800000 1.097159 -2.400213
0.374052 1.005240 861.900000 0.857138 -0.352914
0.374048 1.005146 862.000000 0.821847 -0.624059
0.374038 1.005038 862.100000 0.759441 0.380240
0.374032 1.005058 862.200000 0.797465 1.534190
0.374041 1.004983 862.300000 0.950884 -0.844798
0.374041 1.004904 862.400000 0.866404 -0.813199
0.374033 1.004790 862.500000 0.785084 0.182926
0.374027 1.004819 862.600000 0.803377 1.586284
0.374038 1.004847 862.700000 0.962005 1.576671
0.374067 1.005049 862.800000 1.119672 -2.346502
0.374069 1.004934 862.900000 0.885022 0.112371
0.374072 1.004852 863.000000 0.896259 -0.771977
0.374068 1.004936 863.100000 0.819061 -1.863481
0.374047 1.004821 863.200000 0.632713 0.106031
0.374028 1.004904 863.300000 0.643316 -1.856835
0.373997 1.004817 863.400000 0.457633 -0.708883
0.373962 1.004793 863.500000 0.386745 -1.263789
0.373923 1.004711 863.600000 0.260366 -0.775391
0.373882 1.005077 863.700000 0.182826 -2.887227
0.373839 1.004965 863.800000 -0.105896 0.260509
0.373796 1.004892 863.900000 -0.079845 -0.867393
0.373754 1.004860 864.000000 -0.166585 1.202480
0.373711 1.004743 864.100000 -0.046337 0.018410
0.373668 1.004696 864.200000 -0.044496 1.091959
0.373625 1.004668 864.300000 0.064700 1.236564
0.373584 1.004639 864.400000 0.188357 -1.224039
0.373541 1.004540 864.500000 0.065953 -0.555828
0.373498 1.004459 864.600000 0.010370 0.779629
0.373455 1.004613 864.700000 0.088333 -2.161396
0.373413 1.004513 864.800000 -0.127807 -0.519629
0.373372 1.004406 864.900000 -0.179770 -0.407019
0.373331 1.004447 865.000000 -0.220472 1.648864
0.373288 1.004335 865.100000 -0.055585 -0.258997
0.373245 1.004230 865.200000 -0.081485 0.436699
0.373202 1.004272 865.300000 -0.037815 1.651840
0.373160 1.004246 865.400000 0.127369 -1.249084
0.373117 1.004368 865.500000 0.002461 2.029963
0.373076 1.004266 865.600000 0.205457 0.500211
0.373037 1.004150 865.700000 0.255478 -0.059079
0.372998 1.004037 865.800000 0.249570 0.228998
0.372959 1.003962 865.900000 0.272470 -0.832342
0.372918 1.003859 866.000000 0.189236 0.488204
0.372878 1.003940 866.100000 0.238056 -1.843561
0.372835 1.003903 866.200000 0.053700 -1.173491
0.372792 1.004150 866.300000 -0.063649 -2.505369
0.372755 1.004040 866.400000 -0.314186 0.334006
0.372717 1.003942 866.500000 -0.280785 0.546722
0.372677 1.003826 866.600000 -0.226113 0.091825
0.372636 1.003710 866.700000 -0.216930 0.030776
0.372596 1.003619 866.800000 -0.213853 -0.653379
0.372557 1.003586 866.900000 -0.279191 -1.194372
0.372524 1.003665 867.000000 -0.398628 -1.838813
0.372500 1.003569 867.100000 -0.582509 0.578255
0.372473 1.004030 867.200000 -0.524684 -3.165269
0.372471 1.004093 867.300000 -0.841211 1.760346
0.372454 1.003988 867.400000 -0.665176 0.419486
0.372433 1.004029 867.500000 -0.623227 1.649013
0.372402 1.004145 867.600000 -0.458326 -2.004362
0.372384 1.004087 867.700000 -0.658762 1.007593
0.372359 1.004187 867.800000 -0.558003 -1.932511
0.372349 1.004211 867.900000 -0.751254 1.561053
0.372327 1.004122 868.000000 -0.595149 0.677279
0.372300 1.004013 868.100000 -0.527421 0.340116
0.372271 1.004080 868.200000 -0.493409 1.777695
0.372234 1.004219 868.300000 -0.315640 2.102885
0.372191 1.004116 868.400000 -0.105351 0.475142
0.372149 1.004008 868.500000 -0.057837 0.359352
0.372106 1.004150 868.600000 -0.021902 -2.117575
0.372066 1.004695 868.700000 -0.233659 3.387044
0.372024 1.004581 868.800000 0.105045 0.172620
0.371982 1.004518 868.900000 0.122307 0.960682
0.371942 1.004571 869.000000 0.218375 1.709607
0.371908 1.004564 869.100000 0.389336 -1.374802
0.371869 1.004499 869.200000 0.251856 0.931091
0.371833 1.004482 869.300000 0.344965 -1.312469
0.371793 1.004536 869.400000 0.213718 1.717651
0.371759 1.004436 869.500000 0.385483 0.524190
0.371727 1.004362 869.600000 0.437902 -0.847233
0.371691 1.004269 869.700000 0.353179 -0.615419
0.371653 1.004447 869.800000 0.291637 -2.259893
0.371611 1.004390 869.900000 0.065648 1.011927
0.371570 1.004534 870.000000 0.166840 2.123864
0.371535 1.004466 870.100000 0.379227 -0.912524
0.371498 1.004509 870.200000 0.287974 -1.659987
0.371456 1.004401 870.300000 0.121976 0.358781
0.371414 1.004378 870.400000 0.157854 1.267968
0.371376 1.004837 870.500000 0.284650 3.161904
0.371355 1.004747 870.600000 0.600841 0.669635
0.371337 1.004670 870.700000 0.667804 0.814068
0.371327 1.004555 870.800000 0.749211 -0.034415
0.371316 1.004477 870.900000 0.745770 0.815775
0.371313 1.004524 871.000000 0.827347 1.678429
0.371327 1.004754 871.100000 0.995190 2.453147
0.371373 1.004814 871.200000 1.240505 -1.749460
0.371395 1.004740 871.300000 1.065559 0.845413
0.371429 1.004625 871.400000 1.150100 -0.110284
0.371461 1.004610 871.500000 1.139071 -1.320085
0.371476 1.004584 871.600000 1.007063 1.244214
0.371507 1.004476 871.700000 1.131484 -0.357994
0.371533 1.004640 871.800000 1.095685 -2.208474
0.371534 1.004946 871.900000 0.874837 -2.709942
0.371513 1.004840 872.000000 0.603843 0.391830
0.371494 1.004780 872.100000 0.643026 -0.982242
0.371468 1.004665 872.200000 0.544802 -0.108883
0.371442 1.004820 872.300000 0.533914 2.172014
0.371432 1.004710 872.400000 0.751115 -0.279432
0.371419 1.004632 872.500000 0.723172 -0.812536
0.371400 1.004518 872.600000 0.641918 0.114737
0.371382 1.004721 872.700000 0.653392 2.356577
0.371385 1.004969 872.800000 0.889050 -2.516712
0.371366 1.004883 872.900000 0.637379 -0.713344
0.371341 1.004770 873.000000 0.566044 0.177783
0.371318 1.004658 873.100000 0.583823 -0.253508
0.371294 1.004560 873.200000 0.558472 0.544739
0.371273 1.004531 873.300000 0.612946 -1.225369
0.371244 1.004451 873.400000 0.490409 -0.775521
0.371211 1.004350 873.500000 0.412857 -0.504478
0.371176 1.004571 873.600000 0.362409 -2.420943
0.371135 1.004487 873.700000 0.120315 0.740841
0.371094 1.004374 873.800000 0.194399 -0.186890
0.371054 1.004523 873.900000 0.175710 -2.147866
0.371011 1.004470 874.000000 -0.039077 -1.040431
0.370970 1.004359 874.100000 -0.143120 -0.272623
0.370929 1.004252 874.200000 -0.170382 -0.349241
0.370889 1.004173 874.300000 -0.205306 -0.799898
0.370851 1.004122 874.400000 -0.285296 -1.051190
0.370818 1.004056 874.500000 -0.390415 0.931306
0.370780 1.004227 874.600000 -0.297285 -2.232630
0.370754 1.004152 874.700000 -0.520548 -0.838390
0.370732 1.004055 874.800000 -0.604387 0.562417
0.370707 1.003942 874.900000 -0.548145 0.166201
0.370681 1.003827 875.000000 -0.531525 0.017613
0.370654 1.004054 875.100000 -0.529763 -2.444263
0.370646 1.003945 875.200000 -0.774190 0.307873
0.370635 1.003833 875.300000 -0.743403 -0.227113
0.370627 1.003727 875.400000 -0.766114 -0.396427
0.370621 1.003672 875.500000 -0.805757 -1.019158
0.370626 1.003614 875.600000 -0.907672 -0.992556
0.370642 1.003529 875.700000 -1.006928 -0.722728
0.370666 1.003500 875.800000 -1.079201 -1.223329
0.370706 1.003418 875.900000 -1.201534 -0.764623
0.370757 1.003467 876.000000 -1.277996 -1.688201
0.370834 1.003442 876.100000 -1.446816 1.258251
0.370891 1.003341 876.200000 -1.320991 0.484544
0.370941 1.003327 876.300000 -1.272537 -1.325311
0.371012 1.003379 876.400000 -1.405068 -1.710690
0.371111 1.003451 876.500000 -1.576137 -1.804962
0.371245 1.003365 876.600000 -1.756633 0.712406
0.371364 1.003254 876.700000 -1.685392 -0.226200
0.371488 1.003142 876.800000 -1.708012 0.227706
0.371608 1.003045 876.900000 -1.685242 -0.540602
0.371738 1.002988 877.000000 -1.739302 1.002056
0.371849 1.002907 877.100000 -1.639096 -0.768224
0.371974 1.002795 877.200000 -1.715919 -0.211957
0.372104 1.003418 877.300000 -1.737114 -3.596552
0.372312 1.003833 877.400000 -2.096769 3.048489
0.372452 1.003752 877.500000 -1.791921 -0.761990
0.372609 1.004105 877.600000 -1.868120 -2.864705
0.372831 1.004023 877.700000 -2.154590 0.757206
0.373034 1.003913 877.800000 -2.078870 -0.266232
0.373244 1.003822 877.900000 -2.105493 -0.646989
0.373470 1.003727 878.000000 -2.170192 0.570659
0.373682 1.003669 878.100000 -2.113126 -1.000295
0.373918 1.003585 878.200000 -2.213155 0.729310
0.374136 1.003481 878.300000 -2.140224 -0.410129
0.374364 1.003526 878.400000 -2.181237 1.673628
0.374552 1.003416 878.500000 -2.013874 0.277016
0.374734 1.003600 878.600000 -1.986173 -2.289366
0.374971 1.003494 878.700000 -2.215109 0.389623
0.375198 1.003915 878.800000 -2.176147 -3.066438
0.375506 1.003821 878.900000 -2.482791 0.597186
0.375797 1.003779 879.000000 -2.423072 -1.121191
0.376120 1.004105 879.100000 -2.535191 2.782293
0.376366 1.004165 879.200000 -2.256962 1.754570
0.376570 1.004077 879.300000 -2.081505 -0.672957
0.376790 1.003973 879.400000 -2.148801 -0.422416
0.377020 1.003876 879.500000 -2.191042 -0.545288
0.377263 1.003828 879.600000 -2.245571 -1.082589
0.377535 1.003939 879.700000 -2.353830 -1.988841
0.377863 1.003856 879.800000 -2.552714 0.734997
0.378169 1.004098 879.900000 -2.479215 2.504602
0.378408 1.004127 880.000000 -2.228754 1.587276
0.378609 1.004108 880.100000 -2.070027 -1.295043
0.378841 1.004127 880.200000 -2.199531 1.531796
0.379035 1.004029 880.300000 -2.046351 0.526814
0.379218 1.004601 880.400000 -1.993670 -3.474269
0.379486 1.004908 880.500000 -2.341097 -2.724076
0.379831 1.004850 880.600000 -2.613504 -0.992114
0.380205 1.004802 880.700000 -2.712716 -1.081860
0.380614 1.004977 880.800000 -2.820902 2.257375
0.380953 1.004903 880.900000 -2.595164 0.834574
0.381268 1.004797 881.000000 -2.511707 -0.377174
0.381593 1.004748 881.100000 -2.549424 1.070513
0.381888 1.004664 881.200000 -2.442373 0.726937
0.382164 1.004724 881.300000 -2.369679 1.754060
0.382393 1.004663 881.400000 -2.194273 0.962289
0.382600 1.004557 881.500000 -2.098045 0.383555
0.382797 1.004477 881.600000 -2.059689 0.777205
0.382976 1.004952 881.700000 -1.981969 -3.222670
0.383234 1.004839 881.800000 -2.304236 -0.101620
0.383494 1.004740 881.900000 -2.314397 -0.517520
0.383768 1.004785 882.000000 -2.366149 1.671564
0.383998 1.004991 882.100000 -2.198993 2.377675
0.384173 1.005161 882.200000 -1.961226 -2.236842
0.384400 1.005057 882.300000 -2.184910 0.424961
0.384616 1.005252 882.400000 -2.142414 -2.333038
0.384892 1.005311 882.500000 -2.375717 1.751246
0.385123 1.005300 882.600000 -2.200593 -1.343489
0.385388 1.005196 882.700000 -2.334942 -0.416388
0.385665 1.005089 882.800000 -2.376581 -0.346984
0.385950 1.005145 882.900000 -2.411279 -1.733469
0.386285 1.005032 883.000000 -2.584626 -0.143913
0.386623 1.004919 883.100000 -2.599017 -0.105671
0.386965 1.004810 883.200000 -2.609584 0.282883
0.387298 1.004708 883.300000 -2.581296 0.449262
0.387619 1.004716 883.400000 -2.536370 1.470777
0.387898 1.004668 883.500000 -2.389292 -1.070584
0.388206 1.004665 883.600000 -2.496351 1.401075
0.388477 1.004837 883.700000 -2.356243 -2.248671
0.388810 1.004802 883.800000 -2.581110 -1.174902
0.389177 1.004807 883.900000 -2.698600 -1.450722
0.389591 1.004741 884.000000 -2.843673 -0.916876
0.390034 1.004628 884.100000 -2.935360 -0.094383
0.390480 1.004521 884.200000 -2.944798 -0.346297
0.390938 1.004586 884.300000 -2.979428 1.775948
0.391337 1.004473 884.400000 -2.801833 -0.124430
0.391741 1.004488 884.500000 -2.814276 1.504886
0.392098 1.004375 884.600000 -2.663788 -0.110007
0.392458 1.004339 884.700000 -2.674789 1.172054
0.392783 1.004235 884.800000 -2.557583 -0.423615
0.393120 1.004125 884.900000 -2.599945 0.228132
0.393451 1.004030 885.000000 -2.577131 0.575314
0.393765 1.004283 885.100000 -2.519600 2.547760
0.394010 1.004189 885.200000 -2.264824 -0.575047
0.394271 1.004089 885.300000 -2.322329 0.500313
0.394518 1.004182 885.400000 -2.272297 -1.911907
0.394816 1.004124 885.500000 -2.463488 -0.991943
0.395142 1.004128 885.600000 -2.562682 1.440479
0.395427 1.004648 885.700000 -2.418635 -3.349710
0.395811 1.004565 885.800000 -2.753605 -0.725806
0.396217 1.004562 885.900000 -2.826186 1.400902
0.396579 1.004586 886.000000 -2.686096 -1.559144
0.396990 1.004585 886.100000 -2.842010 -1.414571
0.397448 1.004485 886.200000 -2.983467 -0.481337
0.397921 1.004423 886.300000 -3.031601 -0.953464
0.398428 1.004362 886.400000 -3.126947 0.965581
0.398901 1.004250 886.500000 -3.030389 0.149013
0.399368 1.004322 886.600000 -3.015488 1.812530
0.399776 1.004335 886.700000 -2.834235 -1.497795
0.400233 1.004222 886.800000 -2.984015 -0.066398
0.400692 1.004499 886.900000 -2.990654 -2.630319
0.401244 1.004764 887.000000 -3.253686 2.590688
0.401704 1.004724 887.100000 -2.994617 1.133933
0.402126 1.004703 887.200000 -2.881224 -1.279503
0.402591 1.004670 887.300000 -3.009174 1.195044
0.403016 1.004954 887.400000 -2.889670 -2.655885
0.403532 1.004932 887.500000 -3.155258 1.273381
0.404003 1.004857 887.600000 -3.027920 0.817897
0.404446 1.004873 887.700000 -2.946131 -1.515250
0.404941 1.004789 887.800000 -3.097656 -0.722277
0.405461 1.004679 887.900000 -3.169883 -0.229640
0.405989 1.004574 888.000000 -3.192847 -0.394746
0.406532 1.004705 888.100000 -3.232322 -2.079771
0.407152 1.004619 888.200000 -3.440299 -0.703010
0.407800 1.004668 888.300000 -3.510600 1.695046
0.408382 1.004567 888.400000 -3.341095 -0.452404
0.408982 1.004636 888.500000 -3.386336 1.799593
0.409514 1.005219 888.600000 -3.206377 -3.519105
0.410180 1.005109 888.700000 -3.558287 0.232979
0.410837 1.004996 888.800000 -3.534989 0.028202
0.411492 1.004905 888.900000 -3.532169 0.622149
0.412123 1.005024 889.000000 -3.469954 2.029893
0.412677 1.004913 889.100000 -3.266965 -0.195656
0.413238 1.004835 889.200000 -3.286530 -0.794355
0.413828 1.004885 889.300000 -3.365966 -1.702927
0.414485 1.004783 889.400000 -3.536259 -0.427833
0.415158 1.004700 889.500000 -3.579042 0.730130
0.415802 1.004588 889.600000 -3.506029 -0.145799
0.416452 1.004509 889.700000 -3.520609 -0.774694
0.417133 1.004516 889.800000 -3.598078 -1.459508
0.417873 1.004534 889.900000 -3.744029 1.525412
0.418551 1.004430 890.000000 -3.591488 -0.408349
0.419245 1.004378 890.100000 -3.632323 1.037975
0.419897 1.004323 890.200000 -3.528525 1.020174
0.420509 1.004257 890.300000 -3.426508 -0.908848
0.421157 1.004340 890.400000 -3.517393 1.869865
0.421732 1.004228 890.500000 -3.330406 0.024253
0.422307 1.004168 890.600000 -3.327981 -0.967753
0.422918 1.004103 890.700000 -3.424756 0.930033
0.423493 1.004293 890.800000 -3.331753 2.319752
0.423985 1.004291 890.900000 -3.099778 -1.404156
0.424526 1.004216 891.000000 -3.240193 -0.825130
0.425098 1.004146 891.100000 -3.322706 -0.869088
0.425702 1.004035 891.200000 -3.409615 0.168159
0.426300 1.004136 891.300000 -3.392799 1.951051
0.426826 1.004142 891.400000 -3.197694 -1.458703
0.427405 1.004068 891.500000 -3.343564 -0.823854
0.428015 1.004010 891.600000 -3.425950 -0.985541
0.428664 1.003994 891.700000 -3.524504 -1.316449
0.429365 1.003989 891.800000 -3.656149 1.381639
0.430011 1.004090 891.900000 -3.517985 -1.952029
0.430735 1.003978 892.000000 -3.713188 0.126314
0.431454 1.003883 892.100000 -3.700556 0.558075
0.432150 1.004002 892.200000 -3.644749 2.033648
0.432766 1.003909 892.300000 -3.441384 -0.580124
0.433403 1.003899 892.400000 -3.499397 -1.358093
0.434095 1.003851 892.500000 -3.635206 1.068097
0.434743 1.003846 892.600000 -3.528396 -1.384150
0.435448 1.003733 892.700000 -3.666811 0.037705
0.436150 1.003716 892.800000 -3.663041 -1.305921
0.436907 1.003604 892.900000 -3.793633 -0.024045
0.437665 1.003512 893.000000 -3.796037 0.595963
0.438398 1.003953 893.100000 -3.736441 3.145272
0.439004 1.004004 893.200000 -3.421914 1.709717
0.439546 1.004462 893.300000 -3.250942 3.192514
0.439978 1.004459 893.400000 -2.931691 1.397067
0.440365 1.004365 893.500000 -2.791984 0.579544
0.440734 1.004304 893.600000 -2.734030 -0.951170
0.441132 1.004194 893.700000 -2.829147 0.209480
0.441524 1.004366 893.800000 -2.808199 2.257311
0.441848 1.004285 893.900000 -2.582467 -0.739162
0.442193 1.004243 894.000000 -2.656384 -1.124602
0.442572 1.004262 894.100000 -2.768844 1.530423
0.442905 1.004214 894.200000 -2.615801 1.078086
0.443207 1.004530 894.300000 -2.507993 -2.767111
0.443591 1.004441 894.400000 -2.784704 0.644776
0.443955 1.004911 894.500000 -2.720226 3.227288
0.444227 1.004858 894.600000 -2.397498 1.033799
0.444471 1.004765 894.700000 -2.294118 0.581589
0.444701 1.004670 894.800000 -2.235959 0.551643
0.444917 1.004578 894.900000 -2.180795 0.604502
0.445118 1.004978 895.000000 -2.120344 3.028848
0.445253 1.004896 895.100000 -1.817460 -0.731220
0.445403 1.005180 895.200000 -1.890582 -2.664218
0.445613 1.005085 895.300000 -2.157003 0.560202
0.445810 1.005071 895.400000 -2.100983 1.327456
0.445976 1.004997 895.500000 -1.968238 0.824985
0.446125 1.004926 895.600000 -1.885739 0.861080
0.446256 1.004852 895.700000 -1.799631 0.822789
0.446371 1.004745 895.800000 -1.717352 -0.309254
0.446492 1.004827 895.900000 -1.748277 1.865303
0.446578 1.004729 896.000000 -1.561747 -0.502761
0.446673 1.004706 896.100000 -1.612023 -1.265861
0.446792 1.004622 896.200000 -1.738609 0.701195
0.446897 1.004607 896.300000 -1.668490 1.321476
0.446979 1.004562 896.400000 -1.536342 1.096860
0.447043 1.004554 896.500000 -1.426656 -1.363584
0.447129 1.004703 896.600000 -1.563015 2.166753
0.447180 1.004761 896.700000 -1.346339 -1.745884
0.447259 1.004662 896.800000 -1.520928 0.473005
0.447331 1.004925 896.900000 -1.473627 -2.593142
0.447448 1.004943 897.000000 -1.732941 1.527542
0.447537 1.004867 897.100000 -1.580187 0.803893
0.447613 1.004771 897.200000 -1.499798 0.539516
0.447679 1.004973 897.300000 -1.445846 -2.375710
0.447787 1.004871 897.400000 -1.683417 -0.411583
0.447903 1.004776 897.500000 -1.724576 0.560757
0.448008 1.004673 897.600000 -1.668500 0.400684
0.448106 1.004639 897.700000 -1.628432 -1.178071
0.448226 1.004529 897.800000 -1.746239 -0.180166
0.448349 1.004555 897.900000 -1.764255 1.574788
0.448443 1.005096 898.000000 -1.606776 3.425200
0.448482 1.005063 898.100000 -1.264256 -1.188360
0.448539 1.004954 898.200000 -1.383092 0.218379
0.448592 1.004869 898.300000 -1.361254 0.704983
0.448635 1.004778 898.400000 -1.290756 0.609834
0.448669 1.004961 898.500000 -1.229773 -2.301941
0.448738 1.004870 898.600000 -1.459967 -0.607701
0.448816 1.004780 898.700000 -1.520737 -0.628004
0.448906 1.004674 898.800000 -1.583537 0.312783
0.448990 1.004596 898.900000 -1.552259 0.780581
0.449061 1.004592 899.000000 -1.474201 -1.390682
0.449156 1.004504 899.100000 -1.613269 0.659881
0.449239 1.004622 899.200000 -1.547281 2.029579
0.449289 1.004514 899.300000 -1.344323 0.282952
0.449336 1.004725 899.400000 -1.316028 2.407588
0.449350 1.004751 899.500000 -1.075269 1.576373
0.449347 1.004640 899.600000 -0.917632 0.013039
0.449344 1.004532 899.700000 -0.916328 0.262102
0.449338 1.004588 899.800000 -0.890118 -1.735394
0.449351 1.004478 899.900000 -1.063657 0.182172
0.449361 1.004372 900.000000 -1.045440 -0.332541
0.449376 1.004618 900.100000 -1.078694 -2.535228
0.449425 1.004816 900.200000 -1.332217 2.362046
0.449442 1.004875 900.300000 -1.096012 1.754365
0.449439 1.004786 900.400000 -0.920576 0.639511
0.449430 1.004681 900.500000 -0.856625 0.328899
0.449417 1.004697 900.600000 -0.823735 1.518082
0.449392 1.004608 900.700000 -0.671927 0.633341
0.449363 1.004516 900.800000 -0.608593 0.585998
0.449330 1.004430 900.900000 -0.549993 0.683730
0.449293 1.004330 901.000000 -0.481620 0.451065
0.449254 1.004824 901.100000 -0.436513 3.305081
0.449205 1.004751 901.200000 -0.106005 -0.827952
0.449157 1.004734 901.300000 -0.188800 1.302207
0.449107 1.004643 901.400000 -0.058580 0.613252
0.449057 1.004551 901.500000 0.002746 -0.593634
0.449008 1.004443 901.600000 -0.056618 -0.252933
0.448958 1.004333 901.700000 -0.081911 -0.122392
0.448909 1.004224 901.800000 -0.094150 0.213883
0.448859 1.004137 901.900000 -0.072762 -0.664646
0.448811 1.004237 902.000000 -0.139227 1.950319
0.448761 1.004167 902.100000 0.055805 -0.870076
0.448712 1.004994 902.200000 -0.031202 -4.115067
0.448673 1.005297 902.300000 -0.442709 2.734930
0.448625 1.005192 902.400000 -0.169216 -0.338341
0.448577 1.005271 902.500000 -0.203050 -1.850451
0.448536 1.005170 902.600000 -0.388095 0.432799
0.448493 1.005100 902.700000 -0.344815 0.868866
0.448447 1.005093 902.800000 -0.257929 -1.372893
0.448406 1.004984 902.900000 -0.395218 -0.177994
0.448365 1.004874 903.000000 -0.413018 0.162777
0.448325 1.004763 903.100000 -0.396740 0.014201
0.448284 1.004706 903.200000 -0.395320 -0.994012
0.448247 1.004658 903.300000 -0.494721 -1.064677
0.448218 1.004593 903.400000 -0.601189 0.922079
0.448183 1.004495 903.500000 -0.508981 0.473845
0.448145 1.005277 903.600000 -0.461596 4.018387
0.448095 1.005293 903.700000 -0.059758 -1.516694
0.448048 1.005484 903.800000 -0.211427 2.338688
0.447999 1.005814 903.900000 0.022442 -2.823733
0.447953 1.005723 904.000000 -0.259931 0.601792
0.447906 1.005810 904.100000 -0.199752 1.893676
0.447856 1.005706 904.200000 -0.010385 0.374997
0.447807 1.005792 904.300000 0.027115 1.886051
0.447760 1.005684 904.400000 0.215720 -0.258555
0.447712 1.005608 904.500000 0.189865 -0.795605
0.447663 1.006213 904.600000 0.110304 3.598991
0.447626 1.006109 904.700000 0.470203 0.371310
0.447591 1.006111 904.800000 0.507334 1.426687
0.447565 1.006167 904.900000 0.650003 -1.739683
0.447528 1.006063 905.000000 0.476035 0.357057
0.447493 1.006120 905.100000 0.511740 -1.747954
0.447450 1.006011 905.200000 0.336945 -0.191615
0.447406 1.006032 905.300000 0.317783 1.545818
0.447369 1.005943 905.400000 0.472365 -0.627553
0.447329 1.005980 905.500000 0.409610 1.642783
0.447297 1.005949 905.600000 0.573888 -1.201557
0.447259 1.005883 905.700000 0.453732 0.903987
0.447226 1.005918 905.800000 0.544131 1.626030
0.447205 1.005808 905.900000 0.706734 -0.110004
0.447182 1.005697 906.000000 0.695734 -0.122481
0.447158 1.005851 906.100000 0.683486 -2.188595
0.447121 1.005744 906.200000 0.464626 0.261956
0.447085 1.005633 906.300000 0.490822 0.013437
0.447049 1.005834 906.400000 0.492165 2.379918
0.447029 1.005742 906.500000 0.730157 0.581366
0.447014 1.005664 906.600000 0.788294 0.779437
0.447006 1.005699 906.700000 0.866238 -1.626850
0.446984 1.005595 906.800000 0.703552 -0.339975
0.446959 1.005486 906.900000 0.669555 0.185641
0.446936 1.005429 907.000000 0.688119 -0.988327
0.446906 1.005325 907.100000 0.589286 0.353704
0.446878 1.005744 907.200000 0.624657 3.099523
0.446877 1.005688 907.300000 0.934609 0.996545
0.446887 1.005642 907.400000 1.034264 -1.088681
0.446885 1.005553 907.500000 0.925396 -0.632118
0.446877 1.005452 907.600000 0.862184 -0.415117
0.446865 1.005459 907.700000 0.820672 1.461778
0.446867 1.005408 907.800000 0.966850 -1.042643
0.446859 1.005302 907.900000 0.862585 0.303431
0.446853 1.005204 908.000000 0.892929 0.471437
0.446853 1.005152 908.100000 0.940072 -1.031520
0.446842 1.005067 908.200000 0.836920 -0.685517
0.446825 1.005000 908.300000 0.768369 -0.892074
0.446802 1.004900 908.400000 0.679161 0.439220
0.446781 1.004795 908.500000 0.723083 0.318428
0.446763 1.004686 908.600000 0.754926 -0.172518
0.446744 1.004610 908.700000 0.737674 -0.790265
0.446719 1.004519 908.800000 0.658648 0.595483
0.446698 1.004436 908.900000 0.718196 0.702677
0.446683 1.004932 909.000000 0.788464 -3.320909
0.446645 1.005309 909.100000 0.456373 2.978745
0.446628 1.005232 909.200000 0.754247 0.775654
0.446617 1.005146 909.300000 0.831813 -0.672796
0.446600 1.005052 909.400000 0.764533 0.543356
0.446587 1.005016 909.500000 0.818869 -1.167419
0.446565 1.005096 909.600000 0.702127 1.859155
0.446560 1.005057 909.700000 0.888042 -1.140793
0.446543 1.004976 909.800000 0.773963 0.731986
0.446534 1.004899 909.900000 0.847162 0.784457
0.446532 1.005048 910.000000 0.925607 -2.173983
0.446510 1.005283 910.100000 0.708209 2.507143
0.446512 1.005261 910.200000 0.958923 -1.270590
0.446501 1.005156 910.300000 0.831864 0.308229
0.446493 1.005046 910.400000 0.862687 -0.078579
0.446484 1.005050 910.500000 0.854829 -1.441291
0.446462 1.005233 910.600000 0.710700 -2.314021
0.446426 1.005125 910.700000 0.479298 -0.193128
0.446389 1.005034 910.800000 0.459985 0.589017
0.446354 1.005031 910.900000 0.518887 1.397223
0.446329 1.004962 911.000000 0.658609 0.874625
0.446311 1.004984 911.100000 0.746072 -1.552897
0.446281 1.005041 911.200000 0.590782 -1.743210
0.446241 1.004999 911.300000 0.416461 1.120591
0.446208 1.005084 911.400000 0.528520 1.882651
0.446187 1.004976 911.500000 0.716785 -0.232796
0.446164 1.004877 911.600000 0.693506 -0.449474
0.446139 1.004804 911.700000 0.648558 0.827122
0.446119 1.004768 911.800000 0.731270 1.156556
0.446109 1.004753 911.900000 0.846926 1.322916
0.446113 1.004770 912.000000 0.979218 -1.518029
0.446102 1.004660 912.100000 0.827415 -0.067403
0.446090 1.004693 912.200000 0.820674 1.617981
0.446094 1.004607 912.300000 0.982473 0.667598
0.446105 1.004509 912.400000 1.049232 -0.457024
0.446111 1.004474 912.500000 1.003530 -1.171126
0.446106 1.004385 912.600000 0.886417 -0.628233
0.446094 1.005104 912.700000 0.823594 3.889897
0.446126 1.005005 912.800000 1.212584 0.448525
0.446163 1.004912 912.900000 1.257436 0.558975
0.446209 1.004822 913.000000 1.313334 -0.598191
0.446246 1.005152 913.100000 1.253515 -2.837846
0.446249 1.005170 913.200000 0.969730 1.527599
0.446269 1.005089 913.300000 1.122490 0.729258
0.446298 1.005414 913.400000 1.195416 -2.819194
0.446295 1.005512 913.500000 0.913497 -1.950442
0.446274 1.005403 913.600000 0.718452 -0.090802
0.446253 1.005429 913.700000 0.709372 -1.577036
0.446221 1.005323 913.800000 0.551669 -0.288494
0.446187 1.005449 913.900000 0.522819 2.074838
0.446167 1.005340 914.000000 0.730303 -0.139105
0.446147 1.005529 914.100000 0.716393 2.339184
0.446147 1.005504 914.200000 0.950311 -1.247299
0.446136 1.005407 914.300000 0.825581 -0.486363
0.446120 1.005499 914.400000 0.776945 1.918702
0.446122 1.005427 914.500000 0.968815 -0.834890
0.446116 1.005760 914.600000 0.885326 -2.848219
0.446087 1.005923 914.700000 0.600504 2.233054
0.446076 1.006123 914.800000 0.823809 -2.381286
0.446046 1.006029 914.900000 0.585681 0.537374
0.446019 1.006652 915.000000 0.639418 3.663248
0.446026 1.006570 915.100000 1.005743 -0.720998
0.446025 1.006488 915.200000 0.933643 -0.708341
0.446017 1.006541 915.300000 0.862809 -1.728795
0.445994 1.006555 915.400000 0.689930 -1.507294
0.445961 1.006487 915.500000 0.539200 -0.877906
0.445924 1.006455 915.600000 0.451410 -1.194882
0.445881 1.006482 915.700000 0.331922 1.579903
0.445845 1.006397 915.800000 0.489912 -0.673803
0.445806 1.006287 915.900000 0.422532 0.059563
0.445768 1.006327 916.000000 0.428488 1.656675
0.445738 1.006250 916.100000 0.594156 -0.780826
0.445704 1.006201 916.200000 0.516073 -1.052769
0.445665 1.006110 916.300000 0.410796 -0.581186
0.445623 1.006050 916.400000 0.352677 0.954246
0.445585 1.005943 916.500000 0.448102 0.221210
0.445549 1.006401 916.600000 0.470223 -3.226485
0.445501 1.006427 916.700000 0.147574 -1.578478
0.445453 1.006324 916.800000 -0.010273 -0.367180
0.445404 1.006218 916.900000 -0.046991 -0.266231
0.445356 1.006229 917.000000 -0.073614 -1.482883
0.445310 1.006119 917.100000 -0.221903 -0.030583
0.445264 1.006029 917.200000 -0.224961 0.597440
0.445217 1.005971 917.300000 -0.165217 0.971989
0.445169 1.005870 917.400000 -0.068018 0.417917
0.445121 1.005774 917.500000 -0.026227 0.492720
0.445072 1.005678 917.600000 0.023045 0.498535
0.445024 1.005591 917.700000 0.072899 -0.646308
0.444975 1.005535 917.800000 0.008268 -0.988400
0.444927 1.005505 917.900000 -0.090572 1.208201
0.444879 1.005448 918.000000 0.030248 -0.985299
0.444831 1.005385 918.100000 -0.068282 -0.919903
0.444784 1.005630 918.200000 -0.160272 -2.551496
0.444745 1.005716 918.300000 -0.415422 1.896565
0.444699 1.005984 918.400000 -0.225765 -2.632147
0.444664 1.005920 918.500000 -0.488980 0.917483
0.444624 1.005835 918.600000 -0.397232 0.666877
0.444581 1.005917 918.700000 -0.330544 -1.876035
0.444548 1.005843 918.800000 -0.518147 -0.807608
0.444519 1.005743 918.900000 -0.598908 -0.425591
0.444493 1.005790 919.000000 -0.641467 -1.691999
0.444480 1.005759 919.100000 -0.810667 -1.205439
0.444479 1.005697 919.200000 -0.931211 0.928035
0.444469 1.005588 919.300000 -0.838408 0.104570
0.444458 1.005507 919.400000 -0.827951 -0.720908
0.444454 1.005862 919.500000 -0.900041 -2.923275
0.444483 1.006224 919.600000 -1.192369 -2.945809
0.444554 1.006122 919.700000 -1.486950 -0.357545
0.444632 1.006046 919.800000 -1.522704 0.786422
0.444697 1.005986 919.900000 -1.444062 -0.951266
0.444777 1.005877 920.000000 -1.539189 -0.047882
0.444859 1.005818 920.100000 -1.543977 0.964631
0.444924 1.006134 920.200000 -1.447514 2.798875
0.444950 1.006027 920.300000 -1.167626 0.180520
0.444973 1.005919 920.400000 -1.149574 -0.182381
0.444999 1.005812 920.500000 -1.167812 0.171420
0.445023 1.005758 920.600000 -1.150671 -1.008588
0.445059 1.006307 920.700000 -1.251529 3.483656
0.445055 1.006204 920.800000 -0.903164 -0.322129
0.445055 1.006540 920.900000 -0.935377 -2.863105
0.445087 1.006505 921.000000 -1.221687 -1.170658
0.445136 1.006444 921.100000 -1.338753 -0.950671
0.445199 1.006456 921.200000 -1.433820 1.489303
0.445241 1.006550 921.300000 -1.284890 -1.937209
0.445311 1.006562 921.400000 -1.478611 -1.493477
0.445406 1.006945 921.500000 -1.627958 -3.011210
0.445560 1.006973 921.600000 -1.929079 1.595689
0.445682 1.006872 921.700000 -1.769510 -0.387249
0.445811 1.006763 921.800000 -1.808235 -0.025117
0.445940 1.006737 921.900000 -1.810747 1.241099
0.446046 1.006966 922.000000 -1.686637 2.496614
0.446109 1.006858 922.100000 -1.436976 -0.112569
0.446175 1.006825 922.200000 -1.448233 1.185867
0.446222 1.007839 922.300000 -1.329646 4.551916
0.446215 1.007730 922.400000 -0.874454 -0.096172
0.446209 1.007719 922.500000 -0.884072 1.348210
0.446191 1.007657 922.600000 -0.749251 0.928067
0.446166 1.007596 922.700000 -0.656444 0.949034
0.446135 1.007648 922.800000 -0.561541 -1.722028
0.446116 1.007607 922.900000 -0.733743 -1.126415
0.446106 1.007544 923.000000 -0.846385 0.915703
0.446089 1.007506 923.100000 -0.754815 -1.149446
0.446082 1.008059 923.200000 -0.869759 -3.496578
0.446114 1.007954 923.300000 -1.219417 0.283266
0.446142 1.008076 923.400000 -1.191090 -2.064121
0.446200 1.008220 923.500000 -1.397502 -2.164121
0.446292 1.008113 923.600000 -1.613914 -0.188661
0.446388 1.008026 923.700000 -1.632781 -0.644385
0.446496 1.008103 923.800000 -1.697219 1.851526
0.446571 1.008004 923.900000 -1.512066 -0.447201
0.446654 1.007909 924.000000 -1.556787 -0.497906
0.446746 1.007802 924.100000 -1.606577 0.213979
0.446833 1.007836 924.200000 -1.585179 1.625322
0.446894 1.007734 924.300000 -1.422647 -0.356234
0.446961 1.007626 924.400000 -1.458270 0.106743
0.447026 1.007783 924.500000 -1.447596 2.219656
0.447059 1.007875 924.600000 -1.225631 1.926678
0.447068 1.007819 924.700000 -1.032963 0.990167
0.447067 1.007731 924.800000 -0.933946 0.621204
0.447060 1.007837 924.900000 -0.871826 1.995503
0.447036 1.007917 925.000000 -0.672275 -1.868358
0.447027 1.007891 925.100000 -0.859111 -1.239884
0.447031 1.007786 925.200000 -0.983099 -0.259498
0.447038 1.007822 925.300000 -1.009049 1.638256
0.447028 1.008085 925.400000 -0.845224 -2.626181
0.447046 1.008007 925.500000 -1.107842 -0.756363
0.447074 1.007959 925.600000 -1.183478 -1.057612
0.447115 1.007850 925.700000 -1.289239 -0.093383
0.447158 1.007818 925.800000 -1.298578 1.189959
0.447185 1.007711 925.900000 -1.179582 -0.173595
0.447214 1.007638 926.000000 -1.196941 -0.810050
0.447254 1.008158 926.100000 -1.277946 -3.414376
0.447347 1.008076 926.200000 -1.619384 -0.698032
0.447453 1.007996 926.300000 -1.689187 -0.741415
0.447572 1.007941 926.400000 -1.763328 0.990783
0.447673 1.008035 926.500000 -1.664250 1.940212
0.447742 1.007935 926.600000 -1.470229 0.409264
0.447804 1.007855 926.700000 -1.429302 0.723492
0.447855 1.007746 926.800000 -1.356953 0.076689
0.447904 1.007659 926.900000 -1.349284 -0.632724
0.447964 1.007552 927.000000 -1.412557 -0.191745
0.448026 1.008427 927.100000 -1.431731 4.270395
0.448032 1.008789 927.200000 -1.004692 2.953173
0.448011 1.008754 927.300000 -0.709374 -1.175556
0.447999 1.008798 927.400000 -0.826930 -1.680792
0.448005 1.008772 927.500000 -0.995009 -1.238763
0.448024 1.008721 927.600000 -1.118886 1.039105
0.448031 1.008626 927.700000 -1.014975 0.494804
0.448033 1.008650 927.800000 -0.965495 -1.571000
0.448053 1.008587 927.900000 -1.122595 -0.921326
0.448084 1.008513 928.000000 -1.214727 -0.798538
0.448126 1.008745 928.100000 -1.294581 2.514554
0.448136 1.008714 928.200000 -1.043126 -1.199715
0.448161 1.008634 928.300000 -1.163097 -0.730886
0.448195 1.008698 928.400000 -1.236186 -1.794304
0.448254 1.008629 928.500000 -1.415616 -0.848397
0.448327 1.008524 928.600000 -1.500456 -0.271451
0.448405 1.008727 928.700000 -1.527601 2.405299
0.448445 1.008640 928.800000 -1.287071 0.642549
0.448478 1.009094 928.900000 -1.222816 -3.231922
0.448558 1.008992 929.000000 -1.546008 0.358293
0.448633 1.009021 929.100000 -1.510179 -1.596975
0.448734 1.009139 929.200000 -1.669877 2.050731
0.448801 1.009097 929.300000 -1.464803 -1.115667
0.448887 1.009100 929.400000 -1.576370 1.439314
0.448949 1.008992 929.500000 -1.432439 0.093925
0.449009 1.009021 929.600000 -1.423046 1.597800
0.449047 1.009011 929.700000 -1.263266 -1.353006
0.449104 1.008988 929.800000 -1.398567 -1.260937
0.449181 1.008964 929.900000 -1.524660 -1.256408
0.449279 1.008895 930.000000 -1.650301 -0.859671
0.449392 1.008853 930.100000 -1.736268 -1.111246
0.449528 1.008936 930.200000 -1.847393 1.884415
0.449627 1.008828 930.300000 -1.658951 0.092599
0.449725 1.008758 930.400000 -1.649692 -0.846474
0.449838 1.008659 930.500000 -1.734339 0.418919
0.449944 1.008598 930.600000 -1.692447 0.945468
0.450033 1.008562 930.700000 -1.597900 -1.160125
0.450142 1.008550 930.800000 -1.713913 1.337107
0.450228 1.008478 930.900000 -1.580202 -0.825462
0.450328 1.008429 931.000000 -1.662748 -1.049996
0.450447 1.008536 931.100000 -1.767748 2.001626
0.450531 1.008443 931.200000 -1.567585 0.531745
0.450606 1.008437 931.300000 -1.514411 1.379202
0.450659 1.008587 931.400000 -1.376491 2.196538
0.450683 1.008483 931.500000 -1.156837 0.264059
0.450703 1.008492 931.600000 -1.130431 1.478715
0.450706 1.008404 931.700000 -0.982559 -0.608519
0.450716 1.008374 931.800000 -1.043411 -1.211870
0.450741 1.008437 931.900000 -1.164598 1.784039
0.450744 1.008338 932.000000 -0.986194 0.413149
0.450744 1.008503 932.100000 -0.944880 2.259200
0.450723 1.008399 932.200000 -0.718960 -0.270060
0.450705 1.008321 932.300000 -0.745966 0.745486
0.450681 1.008247 932.400000 -0.671417 0.806874
0.450651 1.008152 932.500000 -0.590730 0.482234
0.450619 1.008078 932.600000 -0.542506 0.794675
0.450582 1.008048 932.700000 -0.463039 -1.212489
0.450552 1.008171 932.800000 -0.584288 -2.074670
0.450537 1.008251 932.900000 -0.791755 1.873222
0.450508 1.008160 933.000000 -0.604432 0.562164
0.450476 1.008476 933.100000 -0.548216 2.813687
0.450432 1.008391 933.200000 -0.266847 0.652091
0.450386 1.008590 933.300000 -0.201638 2.393522
0.450337 1.008535 933.400000 0.037714 -0.997782
0.450289 1.008428 933.500000 -0.062064 0.150951
0.450241 1.008455 933.600000 -0.046969 -1.590321
0.450195 1.008440 933.700000 -0.206001 1.312258
0.450147 1.008341 933.800000 -0.074775 0.416777
0.450099 1.008358 933.900000 -0.033098 1.526172
0.450052 1.008599 934.000000 0.119520 2.552960
0.450011 1.008491 934.100000 0.374816 -0.060232
0.449970 1.008383 934.200000 0.368792 -0.033295
0.449929 1.008401 934.300000 0.365463 -1.535934
0.449884 1.008390 934.400000 0.211869 -1.341352
0.449836 1.008316 934.500000 0.077734 0.799924
0.449789 1.008208 934.600000 0.157727 0.018240
0.449742 1.008589 934.700000 0.159551 -3.022547
0.449695 1.008481 934.800000 -0.142704 -0.058807
0.449648 1.008689 934.900000 -0.148585 2.431012
0.449601 1.008796 935.000000 0.094516 -2.004722
0.449553 1.008935 935.100000 -0.105956 -2.148923
0.449511 1.008834 935.200000 -0.320848 0.359157
0.449467 1.008755 935.300000 -0.284932 -0.730031
0.449426 1.008904 935.400000 -0.357936 -2.192431
0.449396 1.009015 935.500000 -0.577179 -2.022781
0.449380 1.009439 935.600000 -0.779457 3.155984
0.449343 1.009338 935.700000 -0.463858 -0.336443
0.449309 1.009235 935.800000 -0.497503 0.300431
0.449272 1.009473 935.900000 -0.467460 2.545104
0.449227 1.009424 936.000000 -0.212949 -1.050558
0.449184 1.009339 936.100000 -0.318005 0.648587
0.449140 1.009270 936.200000 -0.253146 -0.853127
0.449098 1.009221 936.300000 -0.338459 -1.054544
0.449060 1.009163 936.400000 -0.443913 -0.959749
0.449028 1.009056 936.500000 -0.539888 -0.164595
0.448997 1.009185 936.600000 -0.556348 -2.102642
0.448980 1.009079 936.700000 -0.766612 0.190510
0.448962 1.008992 936.800000 -0.747561 -0.633284
0.448949 1.008940 936.900000 -0.810889 1.012669
0.448928 1.009038 937.000000 -0.709622 1.964230
0.448894 1.008932 937.100000 -0.513199 -0.166792
0.448861 1.008824 937.200000 -0.529878 -0.094807
0.448829 1.008745 937.300000 -0.539359 0.725594
0.448793 1.008696 937.400000 -0.466800 1.048107
0.448752 1.008824 937.500000 -0.361989 2.101388
0.448705 1.008720 937.600000 -0.151850 -0.270265
0.448659 1.008616 937.700000 -0.178877 0.260353
0.448612 1.008514 937.800000 -0.152842 0.305243
0.448565 1.008444 937.900000 -0.122317 -0.839200
0.448520 1.008693 938.000000 -0.206237 -2.587702
0.448484 1.008786 938.100000 -0.465007 1.939065
0.448440 1.008685 938.200000 -0.271101 0.347732
0.448395 1.008669 938.300000 -0.236328 -1.312010
0.448354 1.008614 938.400000 -0.367529 0.993795
0.448310 1.008578 938.500000 -0.268149 1.155005
0.448264 1.008572 938.600000 -0.152649 1.384310
0.448216 1.008694 938.700000 -0.014218 -2.071924
0.448171 1.008649 938.800000 -0.221410 -1.082809
0.448129 1.009180 938.900000 -0.329691 -3.462863
0.448106 1.009247 939.000000 -0.675977 1.812787
0.448071 1.009143 939.100000 -0.494699 -0.257295
0.448038 1.009245 939.200000 -0.520428 1.982516
0.447995 1.009196 939.300000 -0.322176 1.050627
0.447950 1.009144 939.400000 -0.217114 1.016874
0.447903 1.009292 939.500000 -0.115426 -2.192402
0.447862 1.009542 939.600000 -0.334667 -2.590811
0.447833 1.009740 939.700000 -0.593748 2.397213
0.447792 1.009633 939.800000 -0.354026 -0.073725
0.447751 1.009538 939.900000 -0.361399 0.478273
0.447709 1.009431 940.000000 -0.313572 -0.051502
0.447666 1.009445 940.100000 -0.318722 1.511596
0.447620 1.009408 940.200000 -0.167562 1.148899
0.447573 1.009336 940.300000 -0.052672 -0.822936
0.447526 1.009313 940.400000 -0.134966 -1.252583
0.447482 1.009242 940.500000 -0.260224 0.834820
0.447436 1.009384 940.600000 -0.176742 -2.164696
0.447397 1.009300 940.700000 -0.393212 0.668114
0.447355 1.009209 940.800000 -0.326400 -0.539074
0.447315 1.009101 940.900000 -0.380308 -0.001332
0.447275 1.009018 941.000000 -0.380441 -0.668000
0.447239 1.009167 941.100000 -0.447241 2.196151
0.447194 1.009159 941.200000 -0.227626 1.366241
0.447147 1.009132 941.300000 -0.091002 1.231777
0.447099 1.009096 941.400000 0.032176 1.153229
0.447053 1.009000 941.500000 0.147499 0.468819
0.447007 1.009798 941.600000 0.194381 4.128249
0.446980 1.010831 941.700000 0.607206 -4.633614
0.446933 1.011129 941.800000 0.143844 -2.764609
0.446887 1.011026 941.900000 -0.132617 0.301003
0.446840 1.010941 942.000000 -0.102516 -0.642653
0.446794 1.010842 942.100000 -0.166782 -0.399245
0.446749 1.010770 942.200000 -0.206706 0.810113
0.446702 1.010716 942.300000 -0.125695 -1.005407
0.446657 1.010961 942.400000 -0.226235 2.576169
0.446610 1.010974 942.500000 0.031381 -1.509126
0.446564 1.010960 942.600000 -0.119531 -1.325391
0.446520 1.010876 942.700000 -0.252070 0.662950
0.446474 1.010771 942.800000 -0.185775 0.167383
0.446428 1.010664 942.900000 -0.169037 0.010947
0.446382 1.010654 943.000000 -0.167942 -1.355720
0.446340 1.010762 943.100000 -0.303514 2.014878
0.446293 1.010682 943.200000 -0.102027 -0.714828
0.446247 1.010575 943.300000 -0.173509 0.068239
0.446202 1.010530 943.400000 -0.166685 1.078857
0.446154 1.010423 943.500000 -0.058800 -0.110592
0.446107 1.010339 943.600000 -0.069859 -0.656005
0.446061 1.010235 943.700000 -0.135459 0.262813
0.446015 1.010143 943.800000 -0.109178 0.532495
0.445967 1.010406 943.900000 -0.055929 2.639879
0.445923 1.010309 944.000000 0.208059 -0.451586
0.445877 1.010277 944.100000 0.162901 1.187615
0.445834 1.010178 944.200000 0.281662 -0.379700
0.445790 1.010107 944.300000 0.243692 0.823492
0.445748 1.010023 944.400000 0.326041 0.663907
0.445709 1.009969 944.500000 0.392432 0.995945
0.445675 1.010253 944.600000 0.492026 -2.720602
0.445630 1.010149 944.700000 0.219966 0.207764
0.445586 1.010227 944.800000 0.240743 1.868703
0.445548 1.010139 944.900000 0.427613 -0.597024
0.445508 1.010036 945.000000 0.367911 -0.270439
0.445467 1.009994 945.100000 0.340867 1.111381
0.445431 1.009889 945.200000 0.452005 0.194541
0.445396 1.009786 945.300000 0.471459 0.255801
0.445362 1.009906 945.400000 0.497039 -2.071935
0.445319 1.009881 945.500000 0.289846 1.241857
0.445281 1.009812 945.600000 0.414031 -0.845766
0.445240 1.009942 945.700000 0.329455 -2.117779
0.445193 1.009838 945.800000 0.117677 -0.207063
0.445147 1.009734 945.900000 0.096970 0.221874
0.445101 1.009627 946.000000 0.119158 -0.047447
0.445054 1.009677 946.100000 0.114413 1.721526
0.445012 1.009573 946.200000 0.286566 -0.227545
0.444968 1.009566 946.300000 0.263811 1.375700
0.444930 1.009626 946.400000 0.401381 -1.775771
0.444885 1.009593 946.500000 0.223804 -1.179190
0.444839 1.009555 946.600000 0.105885 -1.137664
0.444792 1.009454 946.700000 -0.007881 -0.346396
0.444745 1.009540 946.800000 -0.042521 -1.906403
0.444701 1.009510 946.900000 -0.233161 -1.206480
0.444661 1.009461 947.000000 -0.353809 -1.047780
0.444625 1.009391 947.100000 -0.458587 0.833195
0.444585 1.009294 947.200000 -0.375268 0.411155
0.444544 1.009218 947.300000 -0.334152 -0.763521
0.444506 1.009120 947.400000 -0.410504 -0.397159
0.444470 1.009080 947.500000 -0.450220 1.128698
0.444429 1.009043 947.600000 -0.337351 1.146387
0.444385 1.008966 947.700000 -0.222712 0.737570
0.444339 1.008927 947.800000 -0.148955 1.132033
0.444292 1.009066 947.900000 -0.035751 2.157905
0.444247 1.009222 948.000000 0.180039 2.230429
0.444209 1.009189 948.100000 0.403082 -1.180010
0.444166 1.009083 948.200000 0.285081 -0.072715
0.444124 1.009147 948.300000 0.277809 -1.800910
0.444077 1.009100 948.400000 0.097718 -1.061584
0.444030 1.009443 948.500000 -0.008440 2.918975
0.443988 1.009338 948.600000 0.283457 -0.165944
0.443945 1.009411 948.700000 0.266863 1.847159
0.443909 1.009537 948.800000 0.451579 2.098465
0.443885 1.009537 948.900000 0.661425 -1.423061
0.443852 1.010300 949.000000 0.519119 4.061161
0.443851 1.010228 949.100000 0.925235 -0.810663
0.443842 1.010167 949.200000 0.844169 -0.931044
0.443825 1.010067 949.300000 0.751065 -0.332310
0.443805 1.009967 949.400000 0.717834 0.356922
0.443788 1.010166 949.500000 0.753526 -2.409614
0.443755 1.010587 949.600000 0.512565 3.163191
0.443745 1.010545 949.700000 0.828884 1.105695
0.443744 1.010472 949.800000 0.939453 -0.801196
0.443737 1.010429 949.900000 0.859334 -1.097153
0.443719 1.010355 950.000000 0.749618 -0.786337
0.443696 1.010730 950.100000 0.670985 3.021749
0.443700 1.010745 950.200000 0.973159 -1.519605
0.443688 1.010639 950.300000 0.821199 -0.119653
0.443676 1.010645 950.400000 0.809234 -1.462746
0.443653 1.010543 950.500000 0.662959 -0.290140
0.443627 1.010512 950.600000 0.633945 1.190192
0.443610 1.010468 950.700000 0.752964 -1.087987
0.443585 1.010490 950.800000 0.644166 1.566772
0.443572 1.010559 950.900000 0.800843 -1.824280
0.443546 1.010904 951.000000 0.618415 -2.929132
0.443505 1.011104 951.100000 0.325502 2.414753
0.443475 1.011012 951.200000 0.566977 -0.523556
0.443442 1.011490 951.300000 0.514621 3.333228
0.443434 1.011435 951.400000 0.847944 0.986874
0.443434 1.011329 951.500000 0.946631 0.079853
0.443435 1.011347 951.600000 0.954617 1.538077
0.443453 1.011458 951.700000 1.108424 2.034826
0.443497 1.011441 951.800000 1.311907 1.300394
0.443560 1.011341 951.900000 1.441946 -0.353685
0.443617 1.011235 952.000000 1.406578 0.111359
0.443676 1.011293 952.100000 1.417714 -1.763266
0.443710 1.011189 952.200000 1.241387 -0.209390
0.443742 1.011296 952.300000 1.220448 2.016669
0.443801 1.011255 952.400000 1.422115 -1.111497
0.443845 1.011251 952.500000 1.310965 1.399549
0.443909 1.011218 952.600000 1.450920 1.181843
0.443992 1.011120 952.700000 1.569105 -0.390152
0.444068 1.011018 952.800000 1.530089 -0.267648
0.444140 1.010927 952.900000 1.503325 -0.534492
0.444204 1.011018 953.000000 1.449875 1.936803
0.444299 1.010917 953.100000 1.643556 0.329875
0.444399 1.010985 953.200000 1.676543 -1.820119
0.444470 1.010948 953.300000 1.494531 1.148731
0.444559 1.010951 953.400000 1.609404 1.441579
0.444674 1.010847 953.500000 1.753562 -0.172547
0.444785 1.010756 953.600000 1.736308 -0.537231
0.444887 1.010661 953.700000 1.682584 0.458832
0.444997 1.010595 953.800000 1.728468 0.877488
0.445123 1.010506 953.900000 1.816216 -0.573226
0.445239 1.010494 954.000000 1.758894 1.338682
0.445380 1.011318 954.100000 1.892762 -4.211900
0.445447 1.011309 954.200000 1.471572 1.357216
0.445535 1.011643 954.300000 1.607294 2.897356
0.445677 1.011711 954.400000 1.897029 -1.825648
0.445784 1.011927 954.500000 1.714464 -2.478170
0.445850 1.011865 954.600000 1.466647 -0.918229
0.445903 1.011827 954.700000 1.374825 -1.136493
0.445939 1.011775 954.800000 1.261175 -1.018693
0.445963 1.011670 954.900000 1.159306 -0.145572
0.445985 1.011807 955.000000 1.144749 2.155241
0.446035 1.011870 955.100000 1.360273 1.792461
0.446112 1.011771 955.200000 1.539519 0.361073
0.446195 1.011735 955.300000 1.575626 1.160568
0.446299 1.011697 955.400000 1.691683 1.134686
0.446422 1.011591 955.500000 1.805152 0.077935
0.446548 1.011542 955.600000 1.812945 1.041096
0.446693 1.011490 955.700000 1.917055 -1.011147
0.446819 1.011469 955.800000 1.815940 1.276865
0.446970 1.011407 955.900000 1.943627 -0.912667
0.447102 1.011710 956.000000 1.852360 2.796206
0.447293 1.011604 956.100000 2.131981 0.073845
0.447486 1.011665 956.200000 2.139365 -1.786091
0.447640 1.011615 956.300000 1.960756 -1.026565
0.447774 1.011749 956.400000 1.858099 2.144593
0.447951 1.011679 956.500000 2.072559 0.819457
0.448147 1.011855 956.600000 2.154504 2.321633
0.448398 1.011750 956.700000 2.386668 -0.146877
0.448645 1.011655 956.800000 2.371980 -0.441396
0.448881 1.011598 956.900000 2.327840 0.968206
0.449142 1.011497 957.000000 2.424661 -0.314000
0.449394 1.012058 957.100000 2.393261 -3.571752
0.449563 1.011953 957.200000 2.036086 -0.105737
0.449731 1.012202 957.300000 2.025512 2.606674
0.449957 1.012101 957.400000 2.286180 0.284053
0.450189 1.012171 957.500000 2.314585 -1.837833
0.450380 1.012071 957.600000 2.130802 -0.324708
0.450562 1.012436 957.700000 2.098331 -3.001799
0.450684 1.012330 957.800000 1.798151 -0.043089
0.450805 1.012279 957.900000 1.793842 -1.026176
0.450907 1.012248 958.000000 1.691224 1.194069
0.451031 1.012322 958.100000 1.810631 1.855280
0.451192 1.012391 958.200000 1.996159 1.827380
0.451393 1.012443 958.300000 2.178897 -1.740406
0.451555 1.012605 958.400000 2.004857 -2.264319
0.451673 1.012996 958.500000 1.778425 3.087145
0.451853 1.012891 958.600000 2.087139 0.114343
0.452036 1.012795 958.700000 2.098574 0.426296
0.452228 1.012698 958.800000 2.141203 0.406300
0.452429 1.013144 958.900000 2.181833 -3.250510
0.452561 1.013145 959.000000 1.856782 -1.436351
0.452667 1.013322 959.100000 1.713147 -2.327494
0.452734 1.013217 959.200000 1.480398 -0.032699
0.452801 1.013119 959.300000 1.477128 -0.384001
0.452861 1.013072 959.400000 1.438728 1.065185
0.452938 1.013017 959.500000 1.545246 0.983953
0.453032 1.012942 959.600000 1.643641 0.764962
0.453139 1.012893 959.700000 1.720138 -1.042572
0.453228 1.012795 959.800000 1.615880 0.375911
0.453323 1.012690 959.900000 1.653472 -0.081094
0.453417 1.013175 960.000000 1.645362 3.369081
0.453574 1.013077 960.100000 1.982270 -0.371584
0.453724 1.013076 960.200000 1.945112 -1.413100
0.453846 1.013040 960.300000 1.803802 1.161343
0.453991 1.012943 960.400000 1.919936 -0.393014
0.454128 1.013457 960.500000 1.880635 -3.448698
0.454203 1.013412 960.600000 1.535765 -1.081702
0.454262 1.013332 960.700000 1.427595 -0.698373
0.454310 1.013797 960.800000 1.357758 3.310626
0.454412 1.013723 960.900000 1.688820 -0.776053
0.454499 1.013712 961.000000 1.611215 1.353497
0.454611 1.013607 961.100000 1.746565 -0.074173
0.454721 1.013847 961.200000 1.739147 2.575228
0.454881 1.013880 961.300000 1.996670 1.635013
0.455076 1.013800 961.400000 2.160171 -0.693259
0.455256 1.014156 961.500000 2.090845 -2.978653
0.455376 1.014128 961.600000 1.792980 1.222839
0.455519 1.014025 961.700000 1.915264 0.223913
0.455667 1.013928 961.800000 1.937655 -0.391435
0.455807 1.013879 961.900000 1.898512 -1.040475
0.455927 1.013808 962.000000 1.794464 0.815931
0.456063 1.013789 962.100000 1.876058 -1.291347
0.456174 1.013760 962.200000 1.746923 1.212317
0.456308 1.013664 962.300000 1.868155 0.411974
0.456450 1.013560 962.400000 1.909352 -0.196520
0.456588 1.014275 962.500000 1.889700 -3.973960
0.456656 1.014312 962.600000 1.492304 -1.651930
0.456700 1.014207 962.700000 1.327111 -0.130458
0.456742 1.014103 962.800000 1.314065 0.113521
0.456786 1.014014 962.900000 1.325417 -0.567979
0.456822 1.013946 963.000000 1.268619 -0.845420
0.456847 1.013903 963.100000 1.184077 -1.101476
0.456860 1.013873 963.200000 1.073930 1.199909
0.456886 1.013825 963.300000 1.193921 -1.050376
0.456901 1.013839 963.400000 1.088883 1.515871
0.456933 1.013755 963.500000 1.240470 0.646382
0.456974 1.013651 963.600000 1.305108 -0.077050
0.457014 1.013655 963.700000 1.297403 -1.455680
0.457035 1.013553 963.800000 1.151835 -0.226883
0.457054 1.013509 963.900000 1.129147 1.083224
0.457086 1.013593 964.000000 1.237470 -1.913329
0.457095 1.013488 964.100000 1.046137 -0.035375
0.457104 1.013388 964.200000 1.042599 0.292284
0.457116 1.013479 964.300000 1.071828 -1.944324
0.457109 1.013911 964.400000 0.877395 -3.219197
0.457078 1.013818 964.500000 0.555475 0.499752
0.457049 1.013714 964.600000 0.605451 0.115382
0.457022 1.013640 964.700000 0.616989 -0.777166
0.456989 1.013612 964.800000 0.539272 -1.215746
0.456951 1.013637 964.900000 0.417698 1.582520
0.456921 1.013725 965.000000 0.575950 -1.933540
0.456881 1.013693 965.100000 0.382596 1.188110
0.456847 1.013610 965.200000 0.501407 0.646379
0.456816 1.013623 965.300000 0.566045 1.509096
0.456795 1.013653 965.400000 0.716954 1.617543
0.456788 1.013553 965.500000 0.878708 0.282725
0.456783 1.013459 965.600000 0.906981 -0.459230
0.456774 1.013354 965.700000 0.861058 0.057221
0.456766 1.013767 965.800000 0.866780 3.163921
0.456791 1.013963 965.900000 1.183172 -2.409959
0.456790 1.013861 966.000000 0.942176 -0.233538
0.456786 1.013757 966.100000 0.918822 -0.162764
0.456781 1.013655 966.200000 0.902546 0.215532
0.456778 1.013550 966.300000 0.924099 -0.124638
0.456774 1.014031 966.400000 0.911635 -3.362903
0.456744 1.014252 966.500000 0.575345 2.511910
0.456732 1.014647 966.600000 0.826536 -3.109381
0.456698 1.014562 966.700000 0.515598 0.611910
0.456668 1.014614 966.800000 0.576789 1.744194
0.456650 1.014635 966.900000 0.751208 1.558494
0.456645 1.014530 967.000000 0.907058 -0.066762
0.456640 1.014794 967.100000 0.900382 -2.669760
0.456614 1.014797 967.200000 0.633406 -1.449278
0.456579 1.014747 967.300000 0.488478 1.023238
0.456550 1.014719 967.400000 0.590802 1.222509
0.456529 1.014619 967.500000 0.713053 0.309625
0.456510 1.014533 967.600000 0.744015 -0.611860
0.456487 1.014487 967.700000 0.682829 1.064142
0.456472 1.014411 967.800000 0.789243 -0.743287
0.456451 1.014313 967.900000 0.714915 -0.378825
0.456428 1.014521 968.000000 0.677032 -2.458162
0.456390 1.014451 968.100000 0.431216 -0.826551
0.456349 1.014358 968.200000 0.348561 -0.478265
0.456307 1.014461 968.300000 0.300734 -2.003161
0.456260 1.014363 968.400000 0.100418 -0.375068
0.456213 1.014267 968.500000 0.062911 0.395408
0.456167 1.014168 968.600000 0.102452 0.337968
0.456121 1.014066 968.700000 0.136249 0.255432
0.456075 1.013981 968.800000 0.161792 0.617378
0.456031 1.013879 968.900000 0.223530 -0.187274
0.455986 1.013788 969.000000 0.204803 -0.514783
0.455940 1.013855 969.100000 0.153324 1.824483
0.455899 1.013975 969.200000 0.335773 2.087667
0.455867 1.013898 969.300000 0.544539 0.729261
0.455840 1.013814 969.400000 0.617465 0.629563
0.455816 1.013739 969.500000 0.680422 -0.756094
0.455788 1.013710 969.600000 0.604812 -1.215601
0.455753 1.013668 969.700000 0.483252 1.099043
0.455724 1.013713 969.800000 0.593156 1.700358
0.455707 1.013609 969.900000 0.763192 0.164297
0.455692 1.013559 970.000000 0.779622 1.025647
0.455685 1.013460 970.100000 0.882187 -0.324160
0.455675 1.013661 970.200000 0.849771 -2.432777
0.455647 1.013620 970.300000 0.606493 -1.115087
0.455613 1.013525 970.400000 0.494984 0.426179
0.455581 1.013574 970.500000 0.537602 -1.726589
0.455541 1.013525 970.600000 0.364943 -1.035698
0.455497 1.013582 970.700000 0.261373 -1.770556
0.455451 1.013482 970.800000 0.084318 -0.292911
0.455404 1.013773 970.900000 0.055027 -2.769510
0.455360 1.013680 971.000000 -0.221924 0.472930
0.455314 1.013590 971.100000 -0.174631 -0.533560
0.455270 1.013566 971.200000 -0.227987 1.250381
0.455224 1.013632 971.300000 -0.102949 1.815640
0.455177 1.013757 971.400000 0.078615 2.113235
0.455135 1.013653 971.500000 0.289938 -0.004030
0.455092 1.013640 971.600000 0.289535 -1.335820
0.455047 1.013540 971.700000 0.155953 0.275384
0.455002 1.013446 971.800000 0.183492 -0.451307
0.454956 1.013485 971.900000 0.138361 1.665521
0.454914 1.013404 972.000000 0.304913 -0.683984
0.454870 1.013456 972.100000 0.236515 -1.742652
0.454823 1.013735 972.200000 0.062249 2.727148
0.454782 1.013631 972.300000 0.334964 -0.123410
0.454741 1.013578 972.400000 0.322623 -0.997381
0.454697 1.013689 972.500000 0.222885 -2.045882
0.454650 1.013831 972.600000 0.018297 2.187134
0.454606 1.013727 972.700000 0.237010 0.134718
0.454563 1.013710 972.800000 0.250482 -1.302321
0.454517 1.013699 972.900000 0.120250 1.343548
0.454473 1.013598 973.000000 0.254605 -0.230911
0.454429 1.013616 973.100000 0.231514 -1.544073
0.454383 1.013568 973.200000 0.077106 -1.049876
0.454336 1.013523 973.300000 -0.027881 1.065540
0.454290 1.013551 973.400000 0.078673 1.604030
0.454246 1.013490 973.500000 0.239076 0.922028
0.454205 1.013398 973.600000 0.331279 -0.490000
0.454163 1.013348 973.700000 0.282279 -1.023719
0.454118 1.013300 973.800000 0.179907 -1.046655
0.454071 1.013210 973.900000 0.075241 -0.511671
0.454025 1.013124 974.000000 0.024074 -0.600293
0.453978 1.013021 974.100000 -0.035955 0.081776
0.453932 1.012923 974.200000 -0.027778 -0.365832
0.453885 1.012977 974.300000 -0.064361 1.750304
0.453839 1.012933 974.400000 0.110670 1.086333
0.453795 1.012840 974.500000 0.219303 -0.454597
0.453750 1.012928 974.600000 0.173843 1.932466
0.453711 1.012955 974.700000 0.367090 -1.597265
0.453666 1.012870 974.800000 0.207363 0.618798
0.453623 1.012774 974.900000 0.269243 0.383882
0.453582 1.012673 975.000000 0.307631 -0.227812
0.453539 1.012613 975.100000 0.284850 0.929715
0.453500 1.012510 975.200000 0.377822 -0.067717
0.453461 1.012425 975.300000 0.371050 -0.613313
0.453419 1.012501 975.400000 0.309719 -1.871097
0.453373 1.012627 975.500000 0.122609 -2.120617
0.453327 1.012789 975.600000 -0.089453 2.277204
0.453282 1.013238 975.700000 0.138267 3.283133
0.453247 1.013407 975.800000 0.466581 -2.308517
0.453203 1.013321 975.900000 0.235729 0.593691
0.453161 1.013218 976.000000 0.295098 -0.119570
0.453119 1.013319 976.100000 0.283141 1.999504
0.453084 1.013315 976.200000 0.483091 -1.390252
0.453044 1.013308 976.300000 0.344066 1.380107
0.453009 1.013252 976.400000 0.482077 -0.967262
0.452971 1.013223 976.500000 0.385351 -1.208054
0.452928 1.013122 976.600000 0.264545 0.218835
0.452886 1.013058 976.700000 0.286429 -0.880702
0.452841 1.012955 976.800000 0.198359 0.136929
0.452797 1.012864 976.900000 0.212052 -0.481782
0.452752 1.012821 977.000000 0.163873 -1.096836
0.452706 1.012733 977.100000 0.054190 -0.551439
0.452660 1.012663 977.200000 -0.000954 -0.800732
0.452614 1.012579 977.300000 -0.081027 -0.631919
0.452569 1.012487 977.400000 -0.144219 -0.461746
0.452524 1.012518 977.500000 -0.190394 1.623813
0.452478 1.012822 977.600000 -0.028012 -2.822473
0.452437 1.012727 977.700000 -0.310260 -0.423682
0.452397 1.012663 977.800000 -0.352628 0.869864
0.452354 1.012591 977.900000 -0.265642 -0.791964
0.452314 1.012488 978.000000 -0.344838 0.028457
0.452274 1.012418 978.100000 -0.341992 0.811735
0.452231 1.012419 978.200000 -0.260819 -1.429246
0.452193 1.012493 978.300000 -0.403743 -1.864718
0.452165 1.012397 978.400000 -0.590215 0.382290
0.452134 1.012719 978.500000 -0.551986 -2.886453
0.452124 1.012734 978.600000 -0.840631 1.521666
0.452102 1.012650 978.700000 -0.688465 -0.613498
0.452084 1.012685 978.800000 -0.749815 -1.649562
0.452081 1.012601 978.900000 -0.914771 -0.608258
0.452083 1.012498 979.000000 -0.975597 -0.080500
0.452087 1.012443 979.100000 -0.983647 0.982719
0.452080 1.012342 979.200000 -0.885375 -0.214834
0.452076 1.012249 979.300000 -0.906858 0.450293
0.452068 1.012210 979.400000 -0.861829 -1.117811
0.452070 1.012120 979.500000 -0.973610 -0.515634
0.452078 1.012777 979.600000 -1.025173 -3.859633
0.452133 1.012945 979.700000 -1.411137 2.307350
0.452158 1.012883 979.800000 -1.180402 0.900434
0.452173 1.012780 979.900000 -1.090358 0.089426
0.452186 1.012709 980.000000 -1.081416 0.792140
0.452191 1.012739 980.100000 -1.002202 -1.614788
0.452214 1.012727 980.200000 -1.163680 -1.337048
0.452254 1.012629 980.300000 -1.297385 -0.335095
0.452298 1.012526 980.400000 -1.330895 -0.083828
0.452344 1.012984 980.500000 -1.339278 3.317161
0.452349 1.013451 980.600000 -1.007561 3.344071
0.452326 1.013518 980.700000 -0.673154 1.828024
0.452292 1.013443 980.800000 -0.490352 0.746243
0.452255 1.013383 980.900000 -0.415728 0.918453
0.452214 1.013287 981.000000 -0.323882 0.382300
0.452172 1.013338 981.100000 -0.285652 -1.741810
0.452137 1.013237 981.200000 -0.459833 0.202263
0.452101 1.013142 981.300000 -0.439607 0.406024
0.452063 1.013612 981.400000 -0.399005 -3.355593
0.452044 1.013959 981.500000 -0.734564 2.971964
0.452008 1.013902 981.600000 -0.437368 -0.956134
0.451976 1.013875 981.700000 -0.532981 -1.220304
0.451952 1.013860 981.800000 -0.655011 -1.313220
0.451938 1.013757 981.900000 -0.786333 0.097677
0.451922 1.013856 982.000000 -0.776566 1.994680
0.451893 1.013768 982.100000 -0.577098 0.540333
0.451861 1.013672 982.200000 -0.523064 0.371917
0.451827 1.013614 982.300000 -0.485873 -0.951318
0.451798 1.013518 982.400000 -0.581004 0.359365
0.451768 1.013427 982.500000 -0.545068 -0.499712
0.451740 1.013326 982.600000 -0.595039 0.193718
0.451711 1.013226 982.700000 -0.575667 -0.255041
0.451683 1.013197 982.800000 -0.601171 -1.204841
0.451664 1.013096 982.900000 -0.721656 0.172449
0.451643 1.012994 983.000000 -0.704411 -0.143589
0.451623 1.012891 983.100000 -0.718770 0.087719
0.451603 1.012796 983.200000 -0.709998 -0.395669
0.451585 1.012696 983.300000 -0.749564 0.227935
0.451566 1.012593 983.400000 -0.726771 0.044184
0.451547 1.012490 983.500000 -0.722353 0.110032
0.451527 1.012421 983.600000 -0.711349 -0.813979
0.451513 1.012367 983.700000 -0.792747 -0.977562
0.451507 1.012305 983.800000 -0.890503 0.895649
0.451494 1.012240 983.900000 -0.800939 -0.866834
0.451488 1.012138 984.000000 -0.887622 -0.155477
0.451484 1.012391 984.100000 -0.903170 -2.645259
0.451507 1.012291 984.200000 -1.167695 -0.253478
0.451534 1.012201 984.300000 -1.193043 0.491395
0.451554 1.012100 984.400000 -1.143904 0.199563
0.451572 1.012032 984.500000 -1.123948 0.829620
0.451582 1.011987 984.600000 -1.040985 -1.066578
0.451603 1.011948 984.700000 -1.147643 1.116926
0.451611 1.012047 984.800000 -1.035951 1.992356
0.451601 1.012093 984.900000 -0.836715 1.712346
0.451578 1.012213 985.000000 -0.665480 -2.098062
0.451571 1.012131 985.100000 -0.875287 -0.640191
0.451570 1.012065 985.200000 -0.939306 0.846211
0.451561 1.011993 985.300000 -0.854685 -0.774380
0.451559 1.011932 985.400000 -0.932123 0.910744
0.451549 1.012148 985.500000 -0.841048 2.504180
0.451521 1.012227 985.600000 -0.590630 1.896955
0.451483 1.012201 985.700000 -0.400935 -1.223129
0.451451 1.012098 985.800000 -0.523248 -0.002870
0.451420 1.012073 985.900000 -0.523535 -1.241823
0.451395 1.012000 986.000000 -0.647717 0.757600
0.451366 1.011964 986.100000 -0.571957 -1.148929
0.451344 1.011952 986.200000 -0.686850 -1.336040
0.451332 1.011947 986.300000 -0.820454 -1.388632
0.451333 1.011868 986.400000 -0.959317 0.672149
0.451328 1.011839 986.500000 -0.892102 -1.208005
0.451334 1.011824 986.600000 -1.012903 1.315381
0.451328 1.012212 986.700000 -0.881365 3.109767
0.451299 1.012111 986.800000 -0.570388 -0.186688
0.451270 1.012089 986.900000 -0.589057 1.259318
0.451236 1.012009 987.000000 -0.463125 -0.675166
0.451204 1.011921 987.100000 -0.530642 -0.537304
0.451176 1.011911 987.200000 -0.584372 -1.352995
0.451156 1.011862 987.300000 -0.719672 1.025852
0.451130 1.011967 987.400000 -0.617086 -2.023989
0.451118 1.011882 987.500000 -0.819485 0.575261
0.451102 1.011818 987.600000 -0.761959 -0.872615
0.451093 1.011768 987.700000 -0.849221 1.020387
0.451075 1.011767 987.800000 -0.747182 -1.415278
0.451070 1.011680 987.900000 -0.888710 -0.554846
0.451069 1.011690 988.000000 -0.944194 1.492360
0.451055 1.011636 988.100000 -0.794958 -0.977215
0.451050 1.012007 988.200000 -0.892680 3.057773
0.451022 1.012032 988.300000 -0.586903 1.586799
0.450985 1.011930 988.400000 -0.428223 0.113402
0.450949 1.012234 988.500000 -0.416883 2.835136
0.450904 1.012185 988.600000 -0.133369 -1.026720
0.450861 1.012108 988.700000 -0.236041 -0.700716
0.450820 1.012022 988.800000 -0.306113 0.579992
0.450778 1.011996 988.900000 -0.248113 1.224534
0.450733 1.011904 989.000000 -0.125660 0.457334
0.450688 1.011846 989.100000 -0.079927 0.936765
0.450642 1.011821 989.200000 0.013750 -1.233205
0.450597 1.011728 989.300000 -0.109571 0.433442
0.450552 1.011668 989.400000 -0.066226 0.910005
0.450507 1.011948 989.500000 0.024774 2.751560
0.450466 1.011902 989.600000 0.299930 -1.057422
0.450422 1.011907 989.700000 0.194188 1.453223
0.450382 1.011807 989.800000 0.339510 -0.220070
0.450342 1.011719 989.900000 0.317503 0.534489
0.450303 1.011744 990.000000 0.370952 1.583311
0.450272 1.011688 990.100000 0.529283 -0.964497
0.450236 1.011783 990.200000 0.432834 1.976175
0.450211 1.011737 990.300000 0.630451 -1.051082
0.450179 1.011636 990.400000 0.525343 -0.149204
0.450147 1.011602 990.500000 0.510422 -1.165435
0.450109 1.011597 990.600000 0.393879 -1.383973
0.450067 1.011536 990.700000 0.255482 -0.906310
0.450023 1.011576 990.800000 0.164851 -1.676868
0.449978 1.011503 990.900000 -0.002836 0.758544
0.449932 1.011514 991.000000 0.073018 -1.495190
0.449887 1.011416 991.100000 -0.076501 -0.288961
0.449842 1.011534 991.200000 -0.105397 2.089830
0.449798 1.011879 991.300000 0.103586 2.978214
0.449760 1.011947 991.400000 0.401408 1.832728
0.449732 1.011868 991.500000 0.584680 -0.678070
0.449700 1.011781 991.600000 0.516873 0.544712
0.449672 1.011772 991.700000 0.571345 1.361852
0.449651 1.011718 991.800000 0.707530 -0.973620
0.449625 1.011740 991.900000 0.610168 1.567086
0.449609 1.011652 992.000000 0.766876 0.533765
0.449598 1.011603 992.100000 0.820253 -1.021259
0.449578 1.011840 992.200000 0.718127 -2.592780
0.449544 1.011759 992.300000 0.458849 0.652692
0.449512 1.011743 992.400000 0.524118 -1.306303
0.449475 1.011642 992.500000 0.393488 -0.142542
0.449437 1.011896 992.600000 0.379234 2.656717
0.449412 1.011849 992.700000 0.644905 -1.046091
0.449382 1.011750 992.800000 0.540296 -0.222844
0.449350 1.011789 992.900000 0.518012 1.672970
0.449329 1.011820 993.000000 0.685309 1.623359
0.449319 1.011810 993.100000 0.847645 1.351605
0.449323 1.012802 993.200000 0.982805 -4.662409
0.449291 1.012935 993.300000 0.516564 -2.160670
0.449250 1.013034 993.400000 0.300497 1.998013
0.449218 1.013141 993.500000 0.500299 -2.039281
0.449177 1.013299 993.600000 0.296371 2.272454
0.449146 1.013214 993.700000 0.523616 0.579924
0.449117 1.013354 993.800000 0.581609 2.193725
0.449105 1.013774 993.900000 0.800981 3.219636
0.449123 1.013707 994.000000 1.122945 -0.837116
0.449132 1.013608 994.100000 1.039233 -0.258497
0.449138 1.013507 994.200000 1.013383 0.140132
0.449146 1.013428 994.300000 1.027397 0.662621
0.449161 1.013326 994.400000 1.093659 0.031518
0.449177 1.013273 994.500000 1.096810 -0.990021
0.449181 1.013213 994.600000 0.997808 0.912519
0.449196 1.013323 994.700000 1.089060 -2.051818
0.449190 1.013261 994.800000 0.883879 -0.891801
0.449177 1.013366 994.900000 0.794698 2.029878
0.449181 1.013269 995.000000 0.997686 -0.313582
0.449183 1.013291 995.100000 0.966328 1.569026
0.449202 1.013342 995.200000 1.123231 1.741157
0.449241 1.013269 995.300000 1.297346 0.756858
0.449290 1.013348 995.400000 1.373032 -1.898519
0.449316 1.013251 995.500000 1.183180 -0.313883
0.449337 1.013164 995.600000 1.151792 -0.549269
0.449352 1.013073 995.700000 1.096865 -0.456411
0.449363 1.013411 995.800000 1.051224 -2.957712
0.449346 1.013331 995.900000 0.755453 -0.665819
0.449325 1.013231 996.000000 0.688871 0.186274
0.449305 1.013147 996.100000 0.707498 0.597674
0.449290 1.013066 996.200000 0.767266 -0.638761
0.449269 1.012980 996.300000 0.703390 0.560152
0.449253 1.013441 996.400000 0.759405 3.346995
0.449268 1.013383 996.500000 1.094104 -0.932410
0.449273 1.013294 996.600000 1.000863 -0.509694
0.449273 1.013220 996.700000 0.949894 -0.738256
0.449267 1.013135 996.800000 0.876068 0.589238
0.449266 1.013051 996.900000 0.934992 0.581942
0.449270 1.012960 997.000000 0.993186 -0.454433
0.449270 1.012861 997.100000 0.947743 0.253589
0.449272 1.012764 997.200000 0.973102 -0.285523
0.449272 1.012665 997.300000 0.944550 0.218902
0.449274 1.012612 997.400000 0.966440 -0.985185
0.449267 1.012704 997.500000 0.867921 -1.965902
0.449244 1.012604 997.600000 0.671331 -0.186774
0.449221 1.012587 997.700000 0.652654 1.300980
0.449206 1.012566 997.800000 0.782752 1.267247
0.449203 1.012496 997.900000 0.909477 -0.780106
0.449192 1.012449 998.000000 0.831466 -1.047848
0.449174 1.012348 998.100000 0.726681 0.007731
0.449155 1.012249 998.200000 0.727454 -0.232635
0.449135 1.012207 998.300000 0.704191 -1.084965
0.449108 1.012108 998.400000 0.595694 -0.217806
0.449079 1.012013 998.500000 0.573914 -0.368804
0.449049 1.011981 998.600000 0.537033 -1.173904
0.449013 1.011879 998.700000 0.419643 -0.052388
0.448976 1.011792 998.800000 0.414404 -0.521288
0.448938 1.012080 998.900000 0.362275 2.790960
0.448914 1.011989 999.000000 0.641371 -0.440611
0.448887 1.011980 999.100000 0.597310 -1.362027
0.448852 1.012001 999.200000 0.461108 -1.558166
0.448812 1.011900 999.300000 0.305291 0.073488
0.448772 1.011858 999.400000 0.312640 1.095254
0.448736 1.011807 999.500000 0.422165 -0.996556
0.448696 1.011710 999.600000 0.322510 -0.304636
0.448656 1.011616 999.700000 0.292046 -0.380444
0.448614 1.011518 999.800000 0.254002 -0.248395
0.448572 1.011424 999.900000 0.229162 0.364316
