0.387558 0.212902 0.000000 0.880406 -0.652537
0.363255 0.165233 0.100000 0.823351 -0.484898
0.341563 0.157772 0.200000 0.772240 -0.534509
0.319433 0.176001 0.300000 0.711400 -0.679249
0.295265 0.229263 0.400000 0.630225 -0.940542
0.268605 0.322285 0.500000 0.520205 -1.254907
0.242492 0.328745 0.600000 0.414269 -0.857326
0.218771 0.341563 0.700000 0.324742 -0.928754
0.197378 0.356969 0.800000 0.229066 -0.980021
0.178380 0.389040 0.900000 0.121607 -1.164193
0.162169 0.403473 1.000000 0.010770 -1.046719
0.148975 0.404778 1.100000 -0.087604 -0.915569
0.138635 0.394765 1.200000 -0.170661 -0.741078
0.130759 0.379686 1.300000 -0.238198 -0.606079
0.124888 0.361765 1.400000 -0.292191 -0.470885
0.120510 0.342092 1.500000 -0.331174 -0.306578
0.117177 0.323345 1.600000 -0.357385 -0.216296
0.114641 0.306488 1.700000 -0.378225 -0.199621
0.112698 0.290740 1.800000 -0.394277 -0.120604
0.111231 0.276841 1.900000 -0.408313 -0.159720
0.110135 0.263786 2.000000 -0.419993 -0.073289
0.109176 0.251820 2.100000 -0.422012 0.033059
0.107986 0.243057 2.200000 -0.404488 0.317049
0.106400 0.234704 2.300000 -0.373955 0.291848
0.104635 0.225641 2.400000 -0.352906 0.127495
0.102877 0.217041 2.500000 -0.343285 0.064103
0.101205 0.209003 2.600000 -0.339823 0.004649
0.099704 0.201679 2.700000 -0.344015 -0.088700
0.098420 0.194897 2.800000 -0.353463 -0.099993
0.097247 0.188454 2.900000 -0.355656 0.056468
0.096095 0.182400 3.000000 -0.350805 0.040094
0.094854 0.177754 3.100000 -0.335797 0.259687
0.093433 0.173402 3.200000 -0.309679 0.261222
0.091938 0.168424 3.300000 -0.291984 0.091221
0.090419 0.164079 3.400000 -0.278352 0.180833
0.088821 0.160427 3.500000 -0.256488 0.255405
0.087097 0.158204 3.600000 -0.223878 0.395402
0.085227 0.157333 3.700000 -0.178994 0.500220
0.083237 0.158053 3.800000 -0.123409 0.608920
0.081235 0.154951 3.900000 -0.079772 0.260737
0.079291 0.151877 4.000000 -0.054642 0.240530
0.077420 0.148349 4.100000 -0.038254 0.085993
0.075629 0.145021 4.200000 -0.028807 0.102501
0.073916 0.141728 4.300000 -0.022900 0.015119
0.072277 0.138762 4.400000 -0.015722 0.128366
0.070705 0.136126 4.500000 0.000086 0.187150
0.069210 0.135017 4.600000 0.029985 0.409920
0.067814 0.133194 4.700000 0.065992 0.308206
0.066540 0.132505 4.800000 0.103775 0.445955
0.065437 0.132338 4.900000 0.151098 0.498354
0.064491 0.130074 5.000000 0.185320 0.183676
0.063620 0.127581 5.100000 0.195971 0.028524
0.062790 0.125176 5.200000 0.198235 0.016717
0.062021 0.123046 5.300000 0.206195 0.142507
0.061316 0.120824 5.400000 0.215425 0.041480
0.060651 0.118682 5.500000 0.219533 0.040597
0.059994 0.116734 5.600000 0.215379 -0.123780
0.059289 0.115375 5.700000 0.195385 -0.275381
0.058544 0.113548 5.800000 0.175375 -0.123356
0.057808 0.111657 5.900000 0.169666 0.009878
0.057094 0.109834 6.000000 0.168650 -0.030158
0.056412 0.108144 6.100000 0.172176 0.100922
0.055779 0.106498 6.200000 0.181958 0.094303
0.055238 0.105958 6.300000 0.205655 0.379275
0.054835 0.105133 6.400000 0.240884 0.323535
0.054530 0.103661 6.500000 0.263448 0.126239
0.054281 0.102201 6.600000 0.275202 0.108352
0.054078 0.100740 6.700000 0.284392 0.075059
0.053888 0.099290 6.800000 0.286288 -0.037381
0.053675 0.097950 6.900000 0.279154 -0.104970
0.053445 0.096572 7.000000 0.273357 -0.010300
0.053197 0.095333 7.100000 0.266740 -0.121867
0.052905 0.094207 7.200000 0.252508 -0.162037
0.052581 0.092974 7.300000 0.240535 -0.076475
0.052235 0.091824 7.400000 0.230865 -0.116430
0.051838 0.091211 7.500000 0.209970 -0.300785
0.051385 0.090319 7.600000 0.184237 -0.212284
0.050881 0.089992 7.700000 0.155571 -0.359898
0.050329 0.089598 7.800000 0.120324 -0.343187
0.049748 0.089048 7.900000 0.087983 -0.301858
0.049150 0.089017 8.000000 0.052005 -0.416176
0.048551 0.089974 8.100000 0.002154 -0.578772
0.047992 0.092437 8.200000 -0.065294 -0.767320
0.047532 0.093954 8.300000 -0.137001 -0.663062
0.047241 0.097209 8.400000 -0.213362 -0.860961
0.047160 0.097815 8.500000 -0.283944 -0.546492
0.047283 0.098573 8.600000 -0.340011 -0.572306
0.047675 0.100370 8.700000 -0.404588 -0.716566
0.048310 0.099802 8.800000 -0.456362 -0.315553
0.049111 0.099460 8.900000 -0.490781 -0.371494
0.050154 0.099997 9.000000 -0.536667 -0.544650
0.051547 0.101310 9.100000 -0.597252 -0.664643
0.053350 0.102347 9.200000 -0.662079 -0.628893
0.055677 0.105394 9.300000 -0.737747 -0.881713
0.058605 0.106867 9.400000 -0.817055 -0.700451
0.062026 0.107344 9.500000 -0.879859 -0.552550
0.065932 0.108270 9.600000 -0.939001 -0.628016
0.070238 0.107779 9.700000 -0.987872 -0.346748
0.074766 0.107036 9.800000 -1.018362 -0.261830
0.079450 0.106197 9.900000 -1.042243 -0.215009
0.084148 0.105146 10.000000 -1.052543 0.009562
0.088663 0.104249 10.100000 -1.043764 0.165452
0.092880 0.103550 10.200000 -1.022732 0.253835
0.096669 0.103578 10.300000 -0.986879 0.461475
0.099894 0.104385 10.400000 -0.932979 0.613743
0.102529 0.105236 10.500000 -0.870932 0.623684
0.104556 0.107291 10.600000 -0.799252 0.806397
0.105961 0.109672 10.700000 -0.716026 0.853726
0.106841 0.111275 10.800000 -0.635399 0.754237
0.107250 0.114203 10.900000 -0.550938 0.930932
0.107208 0.117882 11.000000 -0.453031 1.022332
0.106777 0.122934 11.100000 -0.343178 1.169446
0.106052 0.128501 11.200000 -0.223089 1.226377
0.105171 0.132684 11.300000 -0.106445 1.100313
0.104257 0.136898 11.400000 0.004401 1.111110
0.103408 0.139649 11.500000 0.107979 0.954945
0.102718 0.143998 11.600000 0.212902 1.138851
0.102304 0.148519 11.700000 0.328324 1.164063
0.102243 0.151331 11.800000 0.435955 0.982948
0.102579 0.154017 11.900000 0.534002 0.973340
0.103374 0.156464 12.000000 0.630337 0.948824
0.104702 0.159380 12.100000 0.728605 1.012151
0.106567 0.160442 12.200000 0.817520 0.761502
0.108859 0.160433 12.300000 0.883994 0.564616
0.111394 0.159323 12.400000 0.922741 0.207950
0.114031 0.158182 12.500000 0.941975 0.176167
0.116729 0.156973 12.600000 0.955656 0.097054
0.119404 0.155754 12.700000 0.958348 -0.043225
0.121892 0.155037 12.800000 0.938365 -0.355745
0.124024 0.154973 12.900000 0.893386 -0.541607
0.125749 0.155109 13.000000 0.836757 -0.587862
0.127028 0.156318 13.100000 0.767528 -0.793392
0.127818 0.158369 13.200000 0.681322 -0.926409
0.128155 0.160433 13.300000 0.588121 -0.932687
0.128122 0.162100 13.400000 0.497339 -0.878051
0.127768 0.165051 13.500000 0.400134 -1.061457
0.127153 0.167768 13.600000 0.294953 -1.036697
0.126372 0.169688 13.700000 0.196339 -0.930293
0.125494 0.172922 13.800000 0.093951 -1.112777
0.124599 0.176271 13.900000 -0.018611 -1.132913
0.123786 0.181223 14.000000 -0.141665 -1.322576
0.123185 0.186615 14.100000 -0.276922 -1.376090
0.122908 0.190853 14.200000 -0.409018 -1.259167
0.123017 0.193592 14.300000 -0.526372 -1.081879
0.123554 0.196165 14.400000 -0.633952 -1.064620
0.124538 0.197431 14.500000 -0.731070 -0.872792
0.125917 0.197663 14.600000 -0.808936 -0.680565
0.127648 0.197641 14.700000 -0.874291 -0.623571
0.129716 0.197363 14.800000 -0.933551 -0.558986
0.132085 0.196774 14.900000 -0.984961 -0.466899
0.134651 0.195629 15.000000 -1.019324 -0.218538
0.137251 0.194343 15.100000 -1.029382 0.017951
0.139778 0.193103 15.200000 -1.023649 0.096105
0.142149 0.192101 15.300000 -1.004873 0.278430
0.144268 0.191419 15.400000 -0.970077 0.415619
0.146043 0.191443 15.500000 -0.917925 0.624882
0.147330 0.193694 15.600000 -0.834311 1.043860
0.148009 0.198356 15.700000 -0.713638 1.364025
0.148124 0.202976 15.800000 -0.576783 1.365958
0.147809 0.207186 15.900000 -0.441929 1.324072
0.147195 0.210741 16.000000 -0.312956 1.248605
0.146395 0.214239 16.100000 -0.187859 1.246994
0.145510 0.217265 16.200000 -0.065721 1.189499
0.144631 0.219611 16.300000 0.048917 1.097339
0.143827 0.221428 16.400000 0.155009 1.019088
0.143151 0.222585 16.500000 0.251683 0.909418
0.142640 0.223419 16.600000 0.339913 0.850808
0.142315 0.223730 16.700000 0.419774 0.742370
0.142198 0.224091 16.800000 0.494798 0.754651
0.142316 0.224390 16.900000 0.569789 0.741682
0.142637 0.223590 17.000000 0.627972 0.418579
0.143140 0.223214 17.100000 0.677164 0.563508
0.143831 0.222354 17.200000 0.724762 0.386009
0.144667 0.221383 17.300000 0.760495 0.327100
0.145596 0.220177 17.400000 0.784099 0.143728
0.146615 0.219176 17.500000 0.806107 0.296121
0.147732 0.218024 17.600000 0.829739 0.175462
0.148864 0.216808 17.700000 0.835715 -0.056404
0.149933 0.215666 17.800000 0.824999 -0.157224
0.150916 0.214548 17.900000 0.808589 -0.169778
0.151794 0.213547 18.000000 0.787122 -0.258319
0.152578 0.212421 18.100000 0.767539 -0.131649
0.153293 0.211332 18.200000 0.752815 -0.161806
0.153920 0.210330 18.300000 0.733077 -0.231772
0.154429 0.209507 18.400000 0.704350 -0.341243
0.154790 0.208879 18.500000 0.665665 -0.430434
0.154956 0.209027 18.600000 0.609627 -0.687873
0.154903 0.209339 18.700000 0.538462 -0.731709
0.154669 0.209271 18.800000 0.470334 -0.626945
0.154264 0.210232 18.900000 0.394558 -0.885261
0.153694 0.211631 19.000000 0.301214 -0.977031
0.153001 0.213009 19.100000 0.203310 -0.976072
0.152239 0.214036 19.200000 0.108914 -0.906902
0.151455 0.215499 19.300000 0.013459 -0.997667
0.150693 0.216001 19.400000 -0.076264 -0.791834
0.149979 0.215816 19.500000 -0.146022 -0.599435
0.149310 0.214957 19.600000 -0.191418 -0.305581
0.148676 0.213998 19.700000 -0.217967 -0.223975
0.148087 0.213377 19.800000 -0.250472 -0.425142
0.147564 0.212839 19.900000 -0.294827 -0.459973
0.147102 0.211953 20.000000 -0.331116 -0.263665
0.146666 0.210904 20.100000 -0.343711 0.012908
0.146236 0.209866 20.200000 -0.344165 -0.022217
0.145809 0.208839 20.300000 -0.344138 0.022681
0.145381 0.207825 20.400000 -0.340711 0.045584
0.144943 0.206855 20.500000 -0.332074 0.126759
0.144474 0.206117 20.600000 -0.309278 0.328371
0.143948 0.205877 20.700000 -0.264820 0.559019
0.143366 0.205514 20.800000 -0.211220 0.510091
0.142757 0.204617 20.900000 -0.176338 0.184898
0.142144 0.203656 21.000000 -0.164101 0.058829
0.141536 0.202696 21.100000 -0.162191 -0.021002
0.140943 0.201863 21.200000 -0.174467 -0.224522
0.140371 0.200965 21.300000 -0.192752 -0.140136
0.139825 0.200222 21.400000 -0.214127 -0.286777
0.139305 0.199332 21.500000 -0.234889 -0.127141
0.138807 0.198480 21.600000 -0.249751 -0.169587
0.138325 0.197572 21.700000 -0.259768 -0.030034
0.137852 0.196676 21.800000 -0.263952 -0.053637
0.137399 0.195861 21.900000 -0.275979 -0.186788
0.136961 0.194975 22.000000 -0.284972 0.007722
0.136526 0.194097 22.100000 -0.283995 0.011636
0.136096 0.193231 22.200000 -0.285657 -0.045064
0.135675 0.192369 22.300000 -0.288790 -0.017514
0.135276 0.191679 22.400000 -0.303260 -0.271973
0.134922 0.191035 22.500000 -0.332113 -0.303890
0.134607 0.190267 22.600000 -0.356504 -0.182586
0.134331 0.189576 22.700000 -0.378484 -0.256298
0.134084 0.188756 22.800000 -0.394313 -0.059187
0.133851 0.187950 22.900000 -0.401416 -0.082792
0.133652 0.187299 23.000000 -0.419240 -0.273491
0.133487 0.186503 23.100000 -0.436606 -0.072670
0.133316 0.185748 23.200000 -0.432981 0.145322
0.133096 0.185353 23.300000 -0.404054 0.432294
0.132823 0.184661 23.400000 -0.371673 0.212978
0.132507 0.184213 23.500000 -0.341097 0.397300
0.132150 0.183540 23.600000 -0.310009 0.222312
0.131758 0.183119 23.700000 -0.278409 0.408450
0.131319 0.182921 23.800000 -0.231823 0.521115
0.130836 0.182957 23.900000 -0.174685 0.618943
0.130314 0.183712 24.000000 -0.100866 0.854296
0.129776 0.184101 24.100000 -0.020668 0.745395
0.129249 0.184649 24.200000 0.056618 0.796613
0.128751 0.184556 24.300000 0.125113 0.569361
0.128296 0.184661 24.400000 0.186142 0.648475
0.127897 0.184494 24.500000 0.245505 0.535666
0.127565 0.184488 24.600000 0.302672 0.605149
0.127325 0.184780 24.700000 0.368903 0.716641
0.127209 0.185267 24.800000 0.444021 0.782357
0.127230 0.185312 24.900000 0.514681 0.627177
0.127370 0.185019 25.000000 0.569807 0.472491
0.127622 0.184743 25.100000 0.617574 0.480802
0.128001 0.184587 25.200000 0.668651 0.538686
0.128527 0.184460 25.300000 0.723306 0.552076
0.129195 0.184122 25.400000 0.773190 0.443231
0.129973 0.183578 25.500000 0.810410 0.299366
0.130819 0.182915 25.600000 0.833568 0.162714
0.131724 0.182313 25.700000 0.853480 0.235146
0.132651 0.181616 25.800000 0.862311 -0.059273
0.133529 0.180988 25.900000 0.849717 -0.191883
0.134366 0.180295 26.000000 0.839226 -0.016558
0.135204 0.179613 26.100000 0.841183 0.056210
0.135973 0.179314 26.200000 0.821513 -0.449488
0.136600 0.179017 26.300000 0.776460 -0.448932
0.137118 0.178481 26.400000 0.740278 -0.272096
0.137540 0.178130 26.500000 0.705955 -0.412634
0.137848 0.177832 26.600000 0.663000 -0.444085
0.138051 0.177480 26.700000 0.620242 -0.408528
0.138146 0.177390 26.800000 0.572016 -0.553660
0.138134 0.177184 26.900000 0.519517 -0.493294
0.138039 0.176849 27.000000 0.473931 -0.415720
0.137865 0.176742 27.100000 0.425845 -0.543721
0.137619 0.176462 27.200000 0.376110 -0.448058
0.137317 0.176185 27.300000 0.331155 -0.448628
0.136970 0.175808 27.400000 0.289585 -0.380394
0.136580 0.175731 27.500000 0.242663 -0.556011
0.136152 0.175524 27.600000 0.190374 -0.486902
0.135705 0.175012 27.700000 0.153034 -0.257385
0.135250 0.174434 27.800000 0.131776 -0.166413
0.134794 0.173812 27.900000 0.124419 0.020178
0.134341 0.173200 28.000000 0.122507 -0.058473
0.133892 0.172593 28.100000 0.122822 0.065134
0.133449 0.172004 28.200000 0.131470 0.107562
0.133017 0.171464 28.300000 0.146584 0.194269
0.132602 0.171044 28.400000 0.172419 0.321541
0.132219 0.170908 28.500000 0.214281 0.514221
0.131884 0.170890 28.600000 0.268886 0.575432
0.131605 0.170671 28.700000 0.321029 0.464719
0.131378 0.170326 28.800000 0.363194 0.376440
0.131212 0.170191 28.900000 0.407703 0.512054
0.131128 0.170177 29.000000 0.462257 0.576697
0.131127 0.169885 29.100000 0.511800 0.411546
0.131198 0.169541 29.200000 0.551067 0.372008
0.131371 0.169732 29.300000 0.603345 0.672016
0.131681 0.169795 29.400000 0.667775 0.613548
0.132098 0.169383 29.500000 0.714035 0.308932
0.132593 0.169026 29.600000 0.747358 0.356366
0.133167 0.168588 29.700000 0.779115 0.277381
0.133799 0.168087 29.800000 0.802761 0.194571
0.134476 0.167574 29.900000 0.820915 0.167951
0.135170 0.167018 30.000000 0.828590 -0.014884
0.135831 0.166522 30.100000 0.818484 -0.186743
0.136429 0.166085 30.200000 0.796046 -0.260700
0.136925 0.165954 30.300000 0.757794 -0.502653
0.137270 0.166270 30.400000 0.696298 -0.724414
0.137467 0.166380 30.500000 0.628284 -0.631912
0.137530 0.166705 30.600000 0.560018 -0.729971
0.137459 0.167329 30.700000 0.480968 -0.847138
0.137265 0.168094 30.800000 0.393459 -0.898613
0.136970 0.168874 30.900000 0.303034 -0.905250
0.136606 0.169306 31.000000 0.218597 -0.778845
0.136204 0.169347 31.100000 0.149280 -0.603513
0.135780 0.169618 31.200000 0.083293 -0.713165
0.135348 0.169615 31.300000 0.018418 -0.580770
0.134921 0.169516 31.400000 -0.037057 -0.525831
0.134510 0.169914 31.500000 -0.101894 -0.768351
0.134135 0.170207 31.600000 -0.176759 -0.725200
0.133810 0.170456 31.700000 -0.248500 -0.706103
0.133539 0.170274 31.800000 -0.307707 -0.474654
0.133309 0.169873 31.900000 -0.346019 -0.289400
0.133118 0.169557 32.000000 -0.379033 -0.369623
0.132974 0.169255 32.100000 -0.416618 -0.380434
0.132891 0.169121 32.200000 -0.460806 -0.501659
0.132883 0.168966 32.300000 -0.510390 -0.487775
0.132959 0.168884 32.400000 -0.561583 -0.533921
0.133136 0.168889 32.500000 -0.617570 -0.583465
0.133439 0.169101 32.600000 -0.681397 -0.690516
0.133886 0.169221 32.700000 -0.748363 -0.645728
0.134472 0.169174 32.800000 -0.808515 -0.554479
0.135178 0.168929 32.900000 -0.857362 -0.420131
0.135993 0.168689 33.000000 -0.899606 -0.423103
0.136903 0.168323 33.100000 -0.936204 -0.307201
0.137880 0.167877 33.200000 -0.961598 -0.199624
0.138930 0.167547 33.300000 -0.988585 -0.339624
0.140037 0.167056 33.400000 -1.009472 -0.076928
0.141122 0.166604 33.500000 -1.004614 0.173975
0.142144 0.166173 33.600000 -0.985534 0.206253
0.143123 0.165685 33.700000 -0.972700 0.048914
0.144058 0.165265 33.800000 -0.959378 0.216792
0.144906 0.164988 33.900000 -0.929598 0.377258
0.145616 0.165052 34.000000 -0.880062 0.611144
0.146158 0.165326 34.100000 -0.813367 0.719293
0.146525 0.165757 34.200000 -0.737630 0.791474
0.146733 0.166094 34.300000 -0.660312 0.750596
0.146803 0.166435 34.400000 -0.584907 0.753457
0.146751 0.166846 34.500000 -0.507770 0.785262
0.146597 0.167132 34.600000 -0.431825 0.729484
0.146353 0.167790 34.700000 -0.350650 0.890202
0.146024 0.169010 34.800000 -0.251431 1.089601
0.145639 0.169686 34.900000 -0.151644 0.900611
0.145230 0.170372 35.000000 -0.061081 0.906126
0.144818 0.170879 35.100000 0.026215 0.835271
0.144425 0.171375 35.200000 0.109784 0.831993
0.144073 0.172123 35.300000 0.198282 0.933911
0.143796 0.173523 35.400000 0.303045 1.156837
0.143638 0.174856 35.500000 0.418081 1.138300
0.143625 0.175914 35.600000 0.527828 1.051217
0.143767 0.176433 35.700000 0.623163 0.850542
0.144052 0.176663 35.800000 0.701877 0.719825
0.144468 0.176622 35.900000 0.766488 0.569179
0.145019 0.176756 36.000000 0.828611 0.670861
0.145737 0.177051 36.100000 0.899946 0.752931
0.146627 0.177078 36.200000 0.968343 0.611733
0.147669 0.176981 36.300000 1.025654 0.531952
0.148848 0.176782 36.400000 1.075193 0.456701
0.150153 0.176539 36.500000 1.119108 0.419891
0.151586 0.176340 36.600000 1.162906 0.454557
0.153174 0.176275 36.700000 1.213317 0.551996
0.154914 0.176016 36.800000 1.261130 0.402136
0.156762 0.175642 36.900000 1.295038 0.274668
0.158668 0.175187 37.000000 1.314605 0.115951
0.160577 0.174719 37.100000 1.318064 -0.046682
0.162461 0.174252 37.200000 1.314021 -0.033286
0.164293 0.173842 37.300000 1.302079 -0.204736
0.166032 0.173482 37.400000 1.277866 -0.277839
0.167628 0.173382 37.500000 1.237779 -0.521910
0.169044 0.173309 37.600000 1.184540 -0.539649
0.170256 0.173593 37.700000 1.119920 -0.749503
0.171244 0.173923 37.800000 1.043599 -0.772648
0.171983 0.174997 37.900000 0.950798 -1.079031
0.172455 0.176267 38.000000 0.839163 -1.147849
0.172689 0.177566 38.100000 0.723478 -1.159743
0.172717 0.178964 38.200000 0.605479 -1.194148
0.172564 0.180918 38.300000 0.477294 -1.363343
0.172280 0.181878 38.400000 0.356314 -1.049238
0.171919 0.182529 38.500000 0.257041 -0.930856
0.171511 0.183006 38.600000 0.167408 -0.857065
0.171079 0.183195 38.700000 0.088547 -0.715812
0.170640 0.183157 38.800000 0.023577 -0.580003
0.170205 0.183226 38.900000 -0.037990 -0.648453
0.169785 0.183592 39.000000 -0.110968 -0.807931
0.169400 0.184081 39.100000 -0.194884 -0.866434
0.169076 0.184931 39.200000 -0.289310 -1.017920
0.168842 0.185800 39.300000 -0.391794 -1.026854
0.168719 0.186448 39.400000 -0.490381 -0.940002
0.168721 0.186993 39.500000 -0.582449 -0.896955
0.168885 0.188124 39.600000 -0.683891 -1.127743
0.169260 0.189307 39.700000 -0.797946 -1.148137
0.169850 0.189789 39.800000 -0.899294 -0.873534
0.170618 0.189884 39.900000 -0.976928 -0.675251
0.171537 0.189788 40.000000 -1.038346 -0.550263
0.172563 0.189423 40.100000 -1.080647 -0.293547
0.173652 0.189008 40.200000 -1.105835 -0.209288
0.174802 0.188630 40.300000 -1.129819 -0.269927
0.175981 0.188165 40.400000 -1.142243 0.022229
0.177143 0.187705 40.500000 -1.138293 0.056092
0.178248 0.187369 40.600000 -1.119523 0.318471
0.179263 0.187017 40.700000 -1.088690 0.296026
0.180166 0.186905 40.800000 -1.047223 0.531316
0.180926 0.186848 40.900000 -0.991892 0.572152
0.181517 0.187269 41.000000 -0.920705 0.848260
0.181900 0.188236 41.100000 -0.823948 1.082237
0.182088 0.188947 41.200000 -0.720460 0.981755
0.182104 0.190065 41.300000 -0.614015 1.141916
0.181961 0.191403 41.400000 -0.495584 1.220755
0.181684 0.193237 41.500000 -0.365145 1.381730
0.181304 0.195812 41.600000 -0.216119 1.591789
0.180874 0.198692 41.700000 -0.052477 1.673071
0.180459 0.201941 41.800000 0.119915 1.766450
0.180142 0.206120 41.900000 0.307593 1.978446
0.180011 0.209709 42.000000 0.499654 1.853126
0.180148 0.213690 42.100000 0.689951 1.943916
0.180635 0.217116 42.200000 0.878804 1.823847
0.181496 0.219196 42.300000 1.044547 1.482414
0.182719 0.220683 42.400000 1.184257 1.304979
0.184247 0.220977 42.500000 1.291376 0.831518
0.185962 0.220659 42.600000 1.353788 0.413223
0.187777 0.220224 42.700000 1.387603 0.261715
0.189640 0.219720 42.800000 1.405222 0.090068
0.191469 0.219281 42.900000 1.397253 -0.249206
0.193189 0.218941 43.000000 1.365645 -0.381025
0.194758 0.218760 43.100000 1.319939 -0.530524
0.196119 0.219027 43.200000 1.252348 -0.818019
0.197231 0.219508 43.300000 1.164980 -0.924670
0.198097 0.220020 43.400000 1.071461 -0.940546
0.198728 0.220730 43.500000 0.972703 -1.029416
0.199114 0.222071 43.600000 0.857447 -1.270143
0.199258 0.223795 43.700000 0.723707 -1.397930
0.199183 0.225927 43.800000 0.577297 -1.522999
0.198941 0.227678 43.900000 0.430180 -1.411499
0.198582 0.229657 44.000000 0.285061 -1.483681
0.198154 0.231478 44.100000 0.138587 -1.438310
0.197707 0.233492 44.200000 -0.008655 -1.499356
0.197292 0.235843 44.300000 -0.163903 -1.598179
0.196968 0.238329 44.400000 -0.326118 -1.638298
0.196797 0.240881 44.500000 -0.491400 -1.659400
0.196836 0.243162 44.600000 -0.654154 -1.587727
0.197138 0.245576 44.700000 -0.815293 -1.627518
0.197755 0.247647 44.800000 -0.973717 -1.533303
0.198712 0.249309 44.900000 -1.121294 -1.411147
0.200012 0.250380 45.000000 -1.252692 -1.210374
0.201614 0.250771 45.100000 -1.359687 -0.924158
0.203458 0.250731 45.200000 -1.440181 -0.681821
0.205499 0.250548 45.300000 -1.503379 -0.579488
0.207698 0.250185 45.400000 -1.553117 -0.413161
0.209979 0.249651 45.500000 -1.579618 -0.115587
0.212227 0.249172 45.600000 -1.573049 0.246765
0.214387 0.248674 45.700000 -1.550302 0.206155
0.216413 0.248455 45.800000 -1.512688 0.544340
0.218245 0.248298 45.900000 -1.455607 0.593821
0.219892 0.248089 46.000000 -1.398180 0.551041
0.221347 0.248080 46.100000 -1.335544 0.698250
0.222551 0.248716 46.200000 -1.248332 1.041883
0.223446 0.250091 46.300000 -1.129367 1.331645
0.224039 0.251288 46.400000 -0.998917 1.270196
0.224362 0.252816 46.500000 -0.865660 1.388146
0.224459 0.253901 46.600000 -0.734262 1.232503
0.224361 0.255727 46.700000 -0.597871 1.488873
0.224093 0.257824 46.800000 -0.444323 1.574411
0.223701 0.260165 46.900000 -0.282796 1.648108
0.223239 0.263082 47.000000 -0.109596 1.807614
0.222773 0.266419 47.100000 0.077103 1.917358
0.222376 0.269382 47.200000 0.264766 1.826456
0.222115 0.272061 47.300000 0.444260 1.754507
0.222044 0.274288 47.400000 0.613955 1.630937
0.222198 0.275939 47.500000 0.768708 1.456340
0.222601 0.277338 47.600000 0.910532 1.373330
0.223264 0.278221 47.700000 1.038649 1.182652
0.224189 0.278968 47.800000 1.154444 1.127923
0.225352 0.279048 47.900000 1.250917 0.796525
0.226704 0.278901 48.000000 1.323213 0.646064
0.228198 0.278498 48.100000 1.376214 0.411417
0.229759 0.277930 48.200000 1.401407 0.091093
0.231312 0.277366 48.300000 1.401111 -0.096767
0.232820 0.276824 48.400000 1.387677 -0.170722
0.234273 0.276285 48.500000 1.370441 -0.172464
0.235655 0.275809 48.600000 1.346793 -0.298946
0.236960 0.275292 48.700000 1.320970 -0.215354
0.238172 0.274920 48.800000 1.288479 -0.432748
0.239240 0.274801 48.900000 1.233790 -0.658258
0.240112 0.275079 49.000000 1.155341 -0.906850
0.240768 0.275479 49.100000 1.061170 -0.971500
0.241229 0.275731 49.200000 0.967627 -0.894014
0.241530 0.275810 49.300000 0.883005 -0.793503
0.241679 0.276229 49.400000 0.793953 -0.983174
0.241680 0.276622 49.500000 0.696012 -0.970369
0.241557 0.276933 49.600000 0.600805 -0.928625
0.241334 0.277137 49.700000 0.510624 -0.870087
0.241029 0.277361 49.800000 0.422791 -0.882009
0.240658 0.277640 49.900000 0.332811 -0.913016
0.240238 0.277721 50.000000 0.247023 -0.798051
0.239786 0.277939 50.100000 0.162922 -0.879905
0.239315 0.278223 50.200000 0.072839 -0.917325
0.238840 0.278631 50.300000 -0.022435 -0.983573
0.238385 0.279571 50.400000 -0.133244 -1.227759
0.237979 0.280567 50.500000 -0.257515 -1.251655
0.237644 0.280907 50.600000 -0.367986 -0.951681
0.237382 0.281059 50.700000 -0.458111 -0.846296
0.237203 0.281134 50.800000 -0.540586 -0.799247
0.237122 0.281394 50.900000 -0.626220 -0.909757
0.237172 0.281930 51.000000 -0.724601 -1.053673
0.237383 0.282493 51.100000 -0.830922 -1.067900
0.237764 0.282751 51.200000 -0.930117 -0.911127
0.238303 0.282794 51.300000 -1.014903 -0.780548
0.238998 0.282805 51.400000 -1.092088 -0.759808
0.239825 0.282469 51.500000 -1.153606 -0.467326
0.240745 0.282066 51.600000 -1.196325 -0.385325
0.241735 0.281578 51.700000 -1.227785 -0.242554
0.242782 0.281100 51.800000 -1.252905 -0.259268
0.243876 0.280586 51.900000 -1.274077 -0.163526
0.245003 0.280067 52.000000 -1.289437 -0.143499
0.246147 0.279531 52.100000 -1.297613 -0.019961
0.247274 0.279008 52.200000 -1.292924 0.113200
0.248353 0.278534 52.300000 -1.274847 0.247135
0.249350 0.278154 52.400000 -1.242565 0.396648
0.250249 0.277795 52.500000 -1.201441 0.423234
0.251029 0.277608 52.600000 -1.150188 0.599140
0.251662 0.277632 52.700000 -1.081962 0.761834
0.252143 0.277638 52.800000 -1.006196 0.749166
0.252478 0.277768 52.900000 -0.926892 0.832713
0.252669 0.277968 53.000000 -0.841224 0.876046
0.252703 0.278844 53.100000 -0.736198 1.219738
0.252580 0.279842 53.200000 -0.611219 1.273440
0.252334 0.280419 53.300000 -0.492997 1.084375
0.251996 0.281247 53.400000 -0.378341 1.203135
0.251585 0.282359 53.500000 -0.251649 1.324572
0.251131 0.283187 53.600000 -0.124809 1.205534
0.250664 0.283836 53.700000 -0.007986 1.124900
0.250208 0.284200 53.800000 0.097524 0.979708
0.249781 0.284580 53.900000 0.196207 0.989153
0.249403 0.285179 54.000000 0.301071 1.103349
0.249105 0.286136 54.100000 0.419904 1.267999
0.248911 0.286626 54.200000 0.536146 1.050770
0.248827 0.286951 54.300000 0.637090 0.963168
0.248870 0.287440 54.400000 0.738074 1.052069
0.249070 0.288054 54.500000 0.846711 1.115856
0.249448 0.288507 54.600000 0.954512 1.035050
0.250017 0.289001 54.700000 1.059374 1.057566
0.250777 0.289142 54.800000 1.155305 0.856347
0.251719 0.289253 54.900000 1.240157 0.837029
0.252806 0.288903 55.000000 1.304143 0.439156
0.253982 0.288485 55.100000 1.343194 0.340337
0.255257 0.288188 55.200000 1.385200 0.498800
0.256619 0.287710 55.300000 1.420972 0.214844
0.258046 0.287289 55.400000 1.448209 0.329566
0.259541 0.286816 55.500000 1.475776 0.220853
0.261073 0.286311 55.600000 1.492078 0.104853
0.262606 0.285802 55.700000 1.494187 -0.062454
0.264125 0.285290 55.800000 1.491357 0.006911
0.265634 0.284783 55.900000 1.489218 -0.048977
0.267100 0.284324 56.000000 1.475103 -0.232322
0.268501 0.283860 56.100000 1.452478 -0.218289
0.269833 0.283431 56.200000 1.426942 -0.290613
0.271064 0.283125 56.300000 1.388750 -0.471094
0.272167 0.282899 56.400000 1.337155 -0.557760
0.273121 0.282817 56.500000 1.274739 -0.687149
0.273909 0.282897 56.600000 1.199671 -0.810159
0.274509 0.283275 56.700000 1.109039 -0.997876
0.274932 0.283452 56.800000 1.015050 -0.876409
0.275189 0.283941 56.900000 0.917969 -1.060367
0.275275 0.284667 57.000000 0.805586 -1.181577
0.275197 0.285767 57.100000 0.678588 -1.352142
0.274982 0.286488 57.200000 0.551514 -1.182303
0.274663 0.287355 57.300000 0.429471 -1.252422
0.274266 0.288228 57.400000 0.303718 -1.256227
0.273814 0.289597 57.500000 0.167214 -1.467499
0.273340 0.291359 57.600000 0.012652 -1.616396
0.272887 0.293378 57.700000 -0.153961 -1.707867
0.272506 0.295214 57.800000 -0.322126 -1.647053
0.272245 0.297332 57.900000 -0.492166 -1.745758
0.272159 0.299452 58.000000 -0.667303 -1.748580
0.272292 0.301191 58.100000 -0.836139 -1.619820
0.272667 0.302519 58.200000 -0.990831 -1.466419
0.273299 0.303593 58.300000 -1.132669 -1.363580
0.274204 0.304567 58.400000 -1.267249 -1.321837
0.275399 0.305374 58.500000 -1.395979 -1.246858
0.276861 0.305612 58.600000 -1.505767 -0.943432
0.278550 0.305650 58.700000 -1.593615 -0.809611
0.280450 0.305618 58.800000 -1.672123 -0.757342
0.282551 0.305479 58.900000 -1.743581 -0.668903
0.284837 0.305274 59.000000 -1.807497 -0.606986
0.287271 0.304890 59.100000 -1.857756 -0.396088
0.289836 0.304574 59.200000 -1.901791 -0.483609
0.292511 0.304113 59.300000 -1.938437 -0.247867
0.295251 0.303636 59.400000 -1.960941 -0.201951
0.298027 0.303131 59.500000 -1.974740 -0.074025
0.300772 0.302659 59.600000 -1.968078 0.206653
0.303428 0.302216 59.700000 -1.943926 0.274370
0.305951 0.301920 59.800000 -1.905093 0.499979
0.308276 0.301836 59.900000 -1.844429 0.709861
0.310356 0.301962 60.000000 -1.765286 0.868575
0.312121 0.302838 60.100000 -1.657204 1.287890
0.313511 0.304237 60.200000 -1.516736 1.514272
0.314524 0.305875 60.300000 -1.360194 1.608301
0.315180 0.307831 60.400000 -1.193046 1.726037
0.315496 0.310609 60.500000 -1.006506 1.995620
0.315504 0.313788 60.600000 -0.800377 2.116582
0.315273 0.316681 60.700000 -0.592193 2.036222
0.314884 0.319085 60.800000 -0.395505 1.887153
0.314401 0.321740 60.900000 -0.202222 1.968966
0.313887 0.324464 61.000000 -0.003623 1.993171
0.313408 0.327707 61.100000 0.203983 2.149089
0.313038 0.330711 61.200000 0.416102 2.082740
0.312846 0.333713 61.300000 0.624997 2.085081
0.312898 0.336461 61.400000 0.830345 2.011854
0.313254 0.339181 61.500000 1.031711 2.005934
0.313948 0.340996 61.600000 1.217903 1.708484
0.315007 0.342948 61.700000 1.391666 1.758943
0.316473 0.344651 61.800000 1.563595 1.671626
0.318362 0.346021 61.900000 1.724820 1.545390
0.320669 0.346993 62.000000 1.871343 1.378274
0.323362 0.347496 62.100000 1.997996 1.148910
0.326430 0.348028 62.200000 2.113933 1.165143
0.329851 0.348157 62.300000 2.218705 0.925587
0.333535 0.347878 62.400000 2.294624 0.589322
0.337421 0.347568 62.500000 2.351956 0.555559
0.341409 0.347016 62.600000 2.382455 0.052826
0.345402 0.346465 62.700000 2.386895 0.036914
0.349412 0.345926 62.800000 2.394863 0.123490
0.353382 0.345432 62.900000 2.387908 -0.262021
0.357225 0.344982 63.000000 2.357129 -0.351070
0.360925 0.344534 63.100000 2.321854 -0.351485
0.364470 0.344138 63.200000 2.282474 -0.433208
0.367827 0.343838 63.300000 2.232886 -0.555275
0.370944 0.343756 63.400000 2.166717 -0.764237
0.373790 0.343710 63.500000 2.088622 -0.792774
0.376336 0.343989 63.600000 1.997689 -1.020930
0.378540 0.344514 63.700000 1.888055 -1.165690
0.380366 0.345563 63.800000 1.758205 -1.424610
0.381780 0.347186 63.900000 1.603378 -1.663994
0.382759 0.349708 64.000000 1.420650 -1.981533
0.383332 0.352042 64.100000 1.224919 -1.922563
0.383561 0.354489 64.200000 1.030164 -1.962410
0.383504 0.356956 64.300000 0.832952 -1.971594
0.383224 0.359263 64.400000 0.637813 -1.921008
0.382781 0.361918 64.500000 0.439430 -2.036819
0.382228 0.365290 64.600000 0.224310 -2.255297
0.381638 0.367394 64.700000 0.018009 -1.859435
0.381072 0.369379 64.800000 -0.166415 -1.819822
0.380575 0.370958 64.900000 -0.341396 -1.670873
0.380186 0.372327 65.000000 -0.504777 -1.588645
0.379931 0.373231 65.100000 -0.653939 -1.386977
0.379822 0.373838 65.200000 -0.785636 -1.240409
0.379850 0.373877 65.300000 -0.892636 -0.893830
0.379998 0.373774 65.400000 -0.976672 -0.782912
0.380262 0.373588 65.500000 -1.051478 -0.709827
0.380668 0.373795 65.600000 -1.137575 -1.009140
0.381241 0.373780 65.700000 -1.230923 -0.853396
0.381963 0.373594 65.800000 -1.309223 -0.709006
0.382825 0.373385 65.900000 -1.379111 -0.685902
0.383825 0.373122 66.000000 -1.445139 -0.631959
0.384949 0.372745 66.100000 -1.501736 -0.497569
0.386184 0.372371 66.200000 -1.551671 -0.499432
0.387522 0.371931 66.300000 -1.596719 -0.399839
0.388912 0.371374 66.400000 -1.619596 -0.056497
0.390266 0.370891 66.500000 -1.606556 0.316772
0.391543 0.370399 66.600000 -1.576075 0.290468
0.392720 0.370055 66.700000 -1.534877 0.531266
0.393780 0.369668 66.800000 -1.484623 0.470410
0.394715 0.369435 66.900000 -1.428230 0.654393
0.395486 0.369479 67.000000 -1.350664 0.892969
0.396051 0.370020 67.100000 -1.245217 1.210895
0.396399 0.370607 67.200000 -1.122509 1.236642
0.396540 0.371443 67.300000 -0.991982 1.367218
0.396494 0.372297 67.400000 -0.854420 1.376751
0.396280 0.373427 67.500000 -0.709854 1.507324
0.395925 0.374559 67.600000 -0.558610 1.509731
0.395457 0.376202 67.700000 -0.396458 1.725576
0.394910 0.378045 67.800000 -0.219542 1.804004
0.394331 0.379157 67.900000 -0.053573 1.506325
0.393759 0.380173 68.000000 0.095292 1.463497
0.393223 0.380995 68.100000 0.237421 1.371884
0.392748 0.381645 68.200000 0.370576 1.284537
0.392361 0.382547 68.300000 0.505771 1.413186
0.392088 0.383223 68.400000 0.641776 1.300169
0.391953 0.383940 68.500000 0.773233 1.322868
0.391990 0.384975 68.600000 0.913689 1.480097
0.392235 0.385884 68.700000 1.059108 1.421430
0.392700 0.386490 68.800000 1.193892 1.267734
0.393394 0.387068 68.900000 1.320222 1.253207
0.394332 0.387561 69.000000 1.443479 1.206394
0.395534 0.388094 69.100000 1.565559 1.229967
0.396994 0.388272 69.200000 1.677904 1.011623
0.398690 0.388308 69.300000 1.774140 0.908922
0.400577 0.388001 69.400000 1.849353 0.591724
0.402600 0.387597 69.500000 1.902140 0.462011
0.404712 0.387074 69.600000 1.936054 0.214936
0.406817 0.386552 69.700000 1.936211 -0.211899
0.408804 0.386267 69.800000 1.894889 -0.612537
0.410574 0.386385 69.900000 1.815636 -0.968555
0.412069 0.386836 70.000000 1.707664 -1.185190
0.413257 0.387649 70.100000 1.578868 -1.384009
0.414147 0.388417 70.200000 1.441200 -1.361707
0.414734 0.389970 70.300000 1.286664 -1.721560
0.415009 0.392083 70.400000 1.103176 -1.939048
0.415003 0.394301 70.500000 0.906786 -1.978583
0.414768 0.396673 70.600000 0.705579 -2.035319
0.414370 0.398309 70.700000 0.515100 -1.763815
0.413866 0.399993 70.800000 0.337239 -1.784420
0.413299 0.402028 70.900000 0.151534 -1.920685
0.412720 0.404614 71.000000 -0.050826 -2.116945
0.412183 0.406317 71.100000 -0.247120 -1.798469
0.411727 0.407519 71.200000 -0.416963 -1.589593
0.411381 0.408612 71.300000 -0.573903 -1.541554
0.411186 0.410152 71.400000 -0.738220 -1.737446
0.411202 0.412011 71.500000 -0.918813 -1.866192
0.411456 0.413081 71.600000 -1.089345 -1.535667
0.411956 0.414065 71.700000 -1.241300 -1.496377
0.412703 0.414536 71.800000 -1.377799 -1.226809
0.413686 0.414885 71.900000 -1.497112 -1.154073
0.414929 0.415434 72.000000 -1.618751 -1.273756
0.416451 0.415769 72.100000 -1.740019 -1.146110
0.418238 0.415903 72.200000 -1.848189 -1.012491
0.420250 0.415719 72.300000 -1.936612 -0.751874
0.422458 0.415507 72.400000 -2.010547 -0.724093
0.424843 0.415160 72.500000 -2.075479 -0.571978
0.427326 0.414605 72.600000 -2.111931 -0.155241
0.429810 0.414043 72.700000 -2.114490 0.103773
0.432215 0.413581 72.800000 -2.089617 0.392117
0.434469 0.413286 72.900000 -2.038381 0.629624
0.436517 0.413189 73.000000 -1.965315 0.827545
0.438303 0.413480 73.100000 -1.867733 1.119020
0.439792 0.413983 73.200000 -1.748923 1.250704
0.440946 0.415224 73.300000 -1.604626 1.628200
0.441732 0.417150 73.400000 -1.427112 1.913226
0.442140 0.420033 73.500000 -1.218255 2.253741
0.442191 0.423717 73.600000 -0.979788 2.503839
0.441957 0.427039 73.700000 -0.734041 2.398213
0.441520 0.430728 73.800000 -0.487959 2.511188
0.440960 0.434785 73.900000 -0.230747 2.620378
0.440365 0.438369 74.000000 0.025226 2.485980
0.439822 0.441838 74.100000 0.272866 2.454544
0.439403 0.444574 74.200000 0.507437 2.224843
0.439168 0.447146 74.300000 0.727809 2.171834
0.439173 0.449463 74.400000 0.941159 2.084783
0.439452 0.451111 74.500000 1.137514 1.832469
0.440012 0.452237 74.600000 1.309938 1.607498
0.440851 0.452962 74.700000 1.461182 1.410088
0.441950 0.453250 74.800000 1.589821 1.156432
0.443277 0.453248 74.900000 1.695411 0.950444
0.444813 0.453160 75.000000 1.787139 0.880254
0.446543 0.452923 75.100000 1.868383 0.741163
0.448412 0.452430 75.200000 1.925836 0.405165
0.450361 0.451869 75.300000 1.958282 0.242706
0.452356 0.451287 75.400000 1.978274 0.156919
0.454320 0.450773 75.500000 1.968357 -0.355049
0.456173 0.450319 75.600000 1.927353 -0.462304
0.457877 0.450042 75.700000 1.869415 -0.693195
0.459409 0.449751 75.800000 1.800691 -0.676915
0.460777 0.449487 75.900000 1.731328 -0.706079
0.461976 0.449286 76.000000 1.657321 -0.769691
0.462992 0.449254 76.100000 1.572515 -0.921806
0.463822 0.449217 76.200000 1.480265 -0.917822
0.464485 0.449062 76.300000 1.393412 -0.813959
0.464988 0.449113 76.400000 1.303103 -0.987496
0.465314 0.449406 76.500000 1.195405 -1.160925
0.465439 0.450387 76.600000 1.059530 -1.550244
0.465369 0.451225 76.700000 0.907642 -1.479305
0.465134 0.452252 76.800000 0.754527 -1.575215
0.464761 0.453254 76.900000 0.597129 -1.564559
0.464289 0.453959 77.000000 0.447907 -1.411836
0.463746 0.454868 77.100000 0.300924 -1.520612
0.463162 0.455541 77.200000 0.154692 -1.396347
0.462563 0.456432 77.300000 0.008860 -1.513302
0.461980 0.457364 77.400000 -0.143966 -1.535740
0.461440 0.458101 77.500000 -0.292851 -1.434411
0.460965 0.458614 77.600000 -0.430383 -1.309273
0.460576 0.459150 77.700000 -0.562330 -1.323423
0.460284 0.459306 77.800000 -0.682692 -1.077525
0.460076 0.459043 77.900000 -0.772463 -0.712898
0.459938 0.458708 78.000000 -0.839667 -0.628033
0.459874 0.458415 78.100000 -0.905108 -0.678100
0.459902 0.458286 78.200000 -0.981394 -0.844735
0.460042 0.458198 78.300000 -1.067948 -0.882667
0.460314 0.458208 78.400000 -1.160542 -0.965390
0.460726 0.458102 78.500000 -1.252330 -0.866166
0.461267 0.457841 78.600000 -1.331369 -0.710948
0.461920 0.457487 78.700000 -1.396928 -0.597380
0.462681 0.457150 78.800000 -1.457901 -0.619829
0.463548 0.456743 78.900000 -1.515024 -0.520300
0.464496 0.456233 79.000000 -1.557439 -0.326181
0.465508 0.455734 79.100000 -1.591327 -0.350749
0.466567 0.455171 79.200000 -1.615707 -0.135918
0.467646 0.454603 79.300000 -1.626964 -0.089347
0.468716 0.454045 79.400000 -1.623937 0.149510
0.469744 0.453512 79.500000 -1.604158 0.244526
0.470710 0.453018 79.600000 -1.574557 0.345475
0.471591 0.452604 79.700000 -1.532402 0.495124
0.472363 0.452297 79.800000 -1.475274 0.644227
0.473015 0.452000 79.900000 -1.410095 0.655411
0.473558 0.451655 80.000000 -1.347525 0.592025
0.473989 0.451445 80.100000 -1.280112 0.752643
0.474317 0.451078 80.200000 -1.214296 0.559283
0.474543 0.450938 80.300000 -1.145002 0.823231
0.474639 0.451063 80.400000 -1.051074 1.050686
0.474595 0.451442 80.500000 -0.936760 1.229873
0.474408 0.452115 80.600000 -0.804435 1.410078
0.474098 0.452587 80.700000 -0.669004 1.291155
0.473690 0.453133 80.800000 -0.537219 1.337827
0.473209 0.453449 80.900000 -0.410468 1.190286
0.472677 0.453812 81.000000 -0.289487 1.223243
0.472111 0.454330 81.100000 -0.161881 1.322664
0.471532 0.454559 81.200000 -0.038825 1.131828
0.470956 0.454897 81.300000 0.078444 1.207932
0.470400 0.454927 81.400000 0.188068 0.978603
0.469873 0.454901 81.500000 0.283841 0.932108
0.469389 0.455127 81.600000 0.387214 1.130891
0.468974 0.455616 81.700000 0.509423 1.307885
0.468643 0.455751 81.800000 0.628303 1.063496
0.468396 0.455768 81.900000 0.730183 0.969155
0.468241 0.455743 82.000000 0.825512 0.932992
0.468172 0.455493 82.100000 0.907754 0.707645
0.468178 0.455149 82.200000 0.972656 0.587347
0.468262 0.454878 82.300000 1.036221 0.681528
0.468414 0.454416 82.400000 1.089653 0.384255
0.468624 0.454012 82.500000 1.133476 0.490862
0.468909 0.453663 82.600000 1.186845 0.574653
0.469252 0.453146 82.700000 1.227108 0.228352
0.469625 0.452620 82.800000 1.247689 0.182754
0.470013 0.452075 82.900000 1.258383 0.030852
0.470407 0.451533 83.000000 1.262879 0.059551
0.470801 0.450992 83.100000 1.263195 -0.052892
0.471167 0.450505 83.200000 1.245433 -0.301459
0.471482 0.450045 83.300000 1.212019 -0.364715
0.471742 0.449608 83.400000 1.173004 -0.413157
0.471943 0.449172 83.500000 1.131614 -0.412003
0.472093 0.448712 83.600000 1.093019 -0.357290
0.472200 0.448231 83.700000 1.059813 -0.304500
0.472265 0.447775 83.800000 1.026456 -0.360608
0.472284 0.447337 83.900000 0.988269 -0.400842
0.472261 0.446869 84.000000 0.951739 -0.327259
0.472199 0.446419 84.100000 0.916809 -0.369242
0.472107 0.445912 84.200000 0.888551 -0.193625
0.471994 0.445411 84.300000 0.868053 -0.214926
0.471853 0.444954 84.400000 0.839987 -0.344892
0.471671 0.444589 84.500000 0.796553 -0.521681
0.471424 0.444545 84.600000 0.725212 -0.902173
0.471111 0.444358 84.700000 0.642051 -0.756207
0.470734 0.444528 84.800000 0.549773 -1.085300
0.470296 0.444658 84.900000 0.442562 -1.053264
0.469810 0.444791 85.000000 0.336796 -1.056623
0.469286 0.445375 85.100000 0.215068 -1.372541
0.468739 0.445801 85.200000 0.082479 -1.272338
0.468192 0.446165 85.300000 -0.042965 -1.230209
0.467661 0.446644 85.400000 -0.170184 -1.308109
0.467170 0.447311 85.500000 -0.307224 -1.426311
0.466742 0.447955 85.600000 -0.449584 -1.413977
0.466404 0.448687 85.700000 -0.593958 -1.466729
0.466178 0.449322 85.800000 -0.738144 -1.410042
0.466082 0.449845 85.900000 -0.876032 -1.341107
0.466137 0.450456 86.000000 -1.013248 -1.397014
0.466357 0.450813 86.100000 -1.144992 -1.231451
0.466730 0.450838 86.200000 -1.255448 -0.972149
0.467231 0.450641 86.300000 -1.341702 -0.748745
0.467848 0.450411 86.400000 -1.414803 -0.710229
0.468562 0.450018 86.500000 -1.473893 -0.468769
0.469358 0.449639 86.600000 -1.522025 -0.492287
0.470231 0.449214 86.700000 -1.566856 -0.402661
0.471141 0.448698 86.800000 -1.588237 -0.023746
0.472047 0.448183 86.900000 -1.587043 0.046958
0.472927 0.447696 87.000000 -1.573716 0.218554
0.473754 0.447253 87.100000 -1.545190 0.350092
0.474507 0.446863 87.200000 -1.504436 0.462477
0.475156 0.446681 87.300000 -1.443248 0.758255
0.475689 0.446423 87.400000 -1.371870 0.664813
0.476112 0.446233 87.500000 -1.300979 0.749031
0.476399 0.446459 87.600000 -1.206554 1.135119
0.476522 0.447007 87.700000 -1.081394 1.361872
0.476489 0.447531 87.800000 -0.945557 1.347586
0.476315 0.448226 87.900000 -0.805049 1.455420
0.476019 0.449022 88.000000 -0.656095 1.516059
0.475619 0.450122 88.100000 -0.495671 1.684591
0.475141 0.451163 88.200000 -0.328259 1.655065
0.474619 0.452066 88.300000 -0.166037 1.581008
0.474083 0.452380 88.400000 -0.026177 1.208264
0.473553 0.452729 88.500000 0.096239 1.234069
0.473048 0.453236 88.600000 0.225418 1.343456
0.472588 0.453686 88.700000 0.358219 1.306033
0.472192 0.454198 88.800000 0.491227 1.347846
0.471886 0.454897 88.900000 0.632322 1.467636
0.471701 0.455731 89.000000 0.783419 1.547370
0.471676 0.456919 89.100000 0.948215 1.741288
0.471843 0.457806 89.200000 1.114713 1.580533
0.472209 0.458386 89.300000 1.263976 1.397456
0.472775 0.458816 89.400000 1.399088 1.298488
0.473537 0.459005 89.500000 1.520355 1.121125
0.474491 0.459137 89.600000 1.630366 1.074321
0.475626 0.459060 89.700000 1.728436 0.882571
0.476901 0.458729 89.800000 1.801207 0.569330
0.478284 0.458364 89.900000 1.855270 0.510030
0.479760 0.457954 90.000000 1.901909 0.421151
0.481335 0.457599 90.100000 1.949278 0.525110
0.482963 0.457092 90.200000 1.975591 -0.000493
0.484559 0.456624 90.300000 1.962528 -0.259775
0.486089 0.456175 90.400000 1.933502 -0.318469
0.487537 0.455770 90.500000 1.896393 -0.421156
0.488857 0.455609 90.600000 1.835818 -0.787329
0.490020 0.455431 90.700000 1.757843 -0.767348
0.491023 0.455380 90.800000 1.674012 -0.904592
0.491846 0.455514 90.900000 1.574797 -1.074391
0.492472 0.455888 91.000000 1.457685 -1.261752
0.492892 0.456502 91.100000 1.322972 -1.425534
0.493117 0.457042 91.200000 1.182409 -1.377995
0.493162 0.457923 91.300000 1.033712 -1.588534
0.493039 0.458879 91.400000 0.872235 -1.632630
0.492771 0.460007 91.500000 0.703791 -1.727722
0.492378 0.461861 91.600000 0.513044 -2.078339
0.491893 0.463564 91.700000 0.307959 -2.012820
0.491364 0.465248 91.800000 0.106542 -2.005400
0.490834 0.466877 91.900000 -0.093326 -1.981979
0.490345 0.468205 92.000000 -0.284825 -1.838224
0.489930 0.469272 92.100000 -0.462402 -1.704367
0.489613 0.470183 92.200000 -0.628976 -1.618898
0.489421 0.471058 92.300000 -0.790254 -1.598971
0.489368 0.471540 92.400000 -0.938282 -1.354049
0.489458 0.471910 92.500000 -1.070113 -1.276347
0.489686 0.471933 92.600000 -1.183854 -0.992689
0.490031 0.471752 92.700000 -1.272707 -0.780047
0.490486 0.471581 92.800000 -1.351450 -0.791587
0.491040 0.471232 92.900000 -1.418302 -0.542202
0.491677 0.470881 93.000000 -1.472347 -0.536727
0.492369 0.470390 93.100000 -1.507388 -0.162163
0.493078 0.469889 93.200000 -1.519295 -0.075944
0.493787 0.469388 93.300000 -1.520033 0.060814
0.494488 0.468886 93.400000 -1.515847 0.021825
0.495184 0.468385 93.500000 -1.514188 0.010492
0.495850 0.467948 93.600000 -1.496441 0.343647
0.496438 0.467666 93.700000 -1.447260 0.637517
0.496911 0.467579 93.800000 -1.371230 0.879212
0.497259 0.467477 93.900000 -1.283949 0.861371
0.497489 0.467436 94.000000 -1.194284 0.927022
0.497599 0.467480 94.100000 -1.097253 1.008399
0.497602 0.467443 94.200000 -1.000027 0.930587
0.497505 0.467529 94.300000 -0.900877 1.047300
0.497311 0.467672 94.400000 -0.793332 1.097958
0.497027 0.467994 94.500000 -0.676013 1.242593
0.496665 0.468230 94.600000 -0.554740 1.176373
0.496244 0.468325 94.700000 -0.442822 1.055894
0.495780 0.468497 94.800000 -0.333540 1.124292
0.495282 0.468922 94.900000 -0.210993 1.320921
0.494763 0.469575 95.000000 -0.070794 1.476432
0.494247 0.470270 95.100000 0.078599 1.504070
0.493758 0.471265 95.200000 0.238392 1.684411
0.493323 0.471940 95.300000 0.397698 1.493470
0.492959 0.472361 95.400000 0.538842 1.322213
0.492670 0.472453 95.500000 0.658192 1.058511
0.492467 0.472739 95.600000 0.772422 1.221178
0.492356 0.472670 95.700000 0.878863 0.901987
0.492345 0.472865 95.800000 0.981577 1.148272
0.492458 0.473053 95.900000 1.096409 1.143182
0.492713 0.473316 96.000000 1.214089 1.205327
0.493123 0.473517 96.100000 1.332348 1.154492
0.493688 0.473546 96.200000 1.440386 1.001219
0.494402 0.473507 96.300000 1.537344 0.933708
0.495264 0.473422 96.400000 1.628482 0.885198
0.496282 0.473391 96.500000 1.719989 0.941386
0.497454 0.473201 96.600000 1.805353 0.762095
0.498757 0.472924 96.700000 1.875564 0.639267
0.500168 0.472556 96.800000 1.931828 0.483782
0.501659 0.472128 96.900000 1.972917 0.336575
0.503223 0.471727 97.000000 2.010207 0.408555
0.504867 0.471318 97.100000 2.049865 0.383606
0.506586 0.470897 97.200000 2.086750 0.353223
0.508321 0.470429 97.300000 2.095845 -0.172034
0.510008 0.469976 97.400000 2.075225 -0.238472
0.511606 0.469658 97.500000 2.034914 -0.565525
0.513069 0.469447 97.600000 1.970142 -0.726104
0.514381 0.469264 97.700000 1.895500 -0.762149
0.515523 0.469308 97.800000 1.806548 -1.012163
0.516455 0.469690 97.900000 1.690690 -1.299106
0.517145 0.470534 98.000000 1.544819 -1.611036
0.517597 0.471281 98.100000 1.386262 -1.551348
0.517828 0.472385 98.200000 1.220057 -1.764379
0.517836 0.474165 98.300000 1.025909 -2.109260
0.517651 0.475749 98.400000 0.819052 -2.016909
0.517315 0.477569 98.500000 0.611134 -2.131066
0.516873 0.479229 98.600000 0.401183 -2.057104
0.516372 0.480276 98.700000 0.210802 -1.740107
0.515851 0.481084 98.800000 0.043401 -1.599188
0.515337 0.481972 98.900000 -0.119447 -1.649827
0.514858 0.482875 99.000000 -0.285315 -1.659435
0.514438 0.483500 99.100000 -0.442945 -1.485096
0.514087 0.483711 99.200000 -0.576423 -1.177322
0.513811 0.483855 99.300000 -0.691555 -1.119772
0.513618 0.483972 99.400000 -0.802564 -1.095215
0.513508 0.483833 99.500000 -0.899170 -0.831875
0.513474 0.483644 99.600000 -0.979362 -0.768305
0.513514 0.483388 99.700000 -1.051744 -0.676010
0.513625 0.483115 99.800000 -1.118129 -0.648892
0.513818 0.482911 99.900000 -1.188032 -0.746509
0.514093 0.482627 100.000000 -1.257027 -0.630303
0.514446 0.482305 100.100000 -1.316961 -0.565893
0.514870 0.481957 100.200000 -1.371158 -0.515908
0.515354 0.481537 100.300000 -1.414400 -0.347064
0.515874 0.481074 100.400000 -1.440738 -0.178672
0.516416 0.480605 100.500000 -1.456801 -0.142428
0.516966 0.480128 100.600000 -1.463115 0.016124
0.517501 0.479666 100.700000 -1.453947 0.166413
0.518017 0.479195 100.800000 -1.440680 0.097365
0.518507 0.478752 100.900000 -1.423076 0.253524
0.518940 0.478425 101.000000 -1.383146 0.543124
0.519274 0.478384 101.100000 -1.309081 0.934800
0.519488 0.478377 101.200000 -1.213522 0.971101
0.519576 0.478649 101.300000 -1.103295 1.228024
0.519532 0.479063 101.400000 -0.974521 1.340821
0.519351 0.480120 101.500000 -0.818990 1.762703
0.519045 0.481050 101.600000 -0.645984 1.688264
0.518646 0.482028 101.700000 -0.475190 1.718944
0.518180 0.483231 101.800000 -0.296417 1.847777
0.517679 0.484196 101.900000 -0.117877 1.713728
0.517173 0.484937 102.000000 0.046995 1.575165
0.516686 0.485393 102.100000 0.195082 1.378779
0.516233 0.485680 102.200000 0.326794 1.248738
0.515832 0.486185 102.300000 0.460308 1.415532
0.515506 0.486685 102.400000 0.602115 1.413840
0.515264 0.486877 102.500000 0.731588 1.168897
0.515115 0.487113 102.600000 0.850707 1.208069
0.515069 0.487252 102.700000 0.967498 1.122203
0.515117 0.487075 102.800000 1.062901 0.780780
0.515246 0.486848 102.900000 1.137694 0.711754
0.515452 0.486591 103.000000 1.206790 0.667213
0.515725 0.486217 103.100000 1.262635 0.446980
0.516058 0.485874 103.200000 1.310821 0.515166
0.516435 0.485422 103.300000 1.346237 0.191248
0.516821 0.484954 103.400000 1.353367 -0.048918
0.517192 0.484499 103.500000 1.342613 -0.165245
0.517539 0.484050 103.600000 1.324684 -0.191846
0.517848 0.483664 103.700000 1.294565 -0.408919
0.518103 0.483300 103.800000 1.251079 -0.458131
0.518299 0.482962 103.900000 1.202293 -0.514686
0.518433 0.482671 104.000000 1.146426 -0.599517
0.518493 0.482483 104.100000 1.078429 -0.756881
0.518466 0.482512 104.200000 0.989727 -1.012882
0.518327 0.483098 104.300000 0.864829 -1.479580
0.518068 0.484080 104.400000 0.703600 -1.737251
0.517706 0.485123 104.500000 0.527547 -1.774867
0.517269 0.486252 104.600000 0.347036 -1.826308
0.516788 0.487536 104.700000 0.159574 -1.913711
0.516296 0.489140 104.800000 -0.040756 -2.083352
0.515833 0.490624 104.900000 -0.246633 -2.023892
0.515440 0.492222 105.000000 -0.452479 -2.083140
0.515156 0.493734 105.100000 -0.659200 -2.041193
0.515022 0.495271 105.200000 -0.864491 -2.054873
0.515074 0.496680 105.300000 -1.067242 -1.990397
0.515341 0.497926 105.400000 -1.262401 -1.903467
0.515840 0.498849 105.500000 -1.443798 -1.715681
0.516568 0.499405 105.600000 -1.603678 -1.474154
0.517503 0.499564 105.700000 -1.735521 -1.156192
0.518596 0.499345 105.800000 -1.830147 -0.731469
0.519803 0.499040 105.900000 -1.896538 -0.593653
0.521119 0.498752 106.000000 -1.957359 -0.620774
0.522524 0.498342 106.100000 -2.006393 -0.357808
0.523965 0.497875 106.200000 -2.026973 -0.053027
0.525365 0.497504 106.300000 -2.006889 0.453963
0.526662 0.497222 106.400000 -1.952633 0.627911
0.527803 0.497292 106.500000 -1.867537 1.069932
0.528746 0.497553 106.600000 -1.751473 1.245120
0.529466 0.498235 106.700000 -1.610567 1.565977
0.529947 0.499173 106.800000 -1.445215 1.732503
0.530191 0.500596 106.900000 -1.257566 2.011194
0.530215 0.502060 107.000000 -1.054776 2.034017
0.530060 0.503426 107.100000 -0.853390 1.983104
0.529768 0.504643 107.200000 -0.658609 1.902252
0.529382 0.505513 107.300000 -0.478206 1.696059
0.528931 0.506610 107.400000 -0.301177 1.835893
0.528446 0.507842 107.500000 -0.113222 1.913977
0.527958 0.508815 107.600000 0.071178 1.764487
0.527496 0.509797 107.700000 0.248358 1.770410
0.527089 0.510600 107.800000 0.420263 1.659047
0.526756 0.511136 107.900000 0.577430 1.476278
0.526506 0.511452 108.000000 0.716869 1.305476
0.526340 0.511449 108.100000 0.832869 1.008415
0.526249 0.511288 108.200000 0.924557 0.820770
0.526231 0.511126 108.300000 1.006761 0.819715
0.526281 0.510820 108.400000 1.077807 0.597651
0.526387 0.510466 108.500000 1.132986 0.503505
0.526539 0.510051 108.600000 1.175440 0.343640
0.526718 0.509595 108.700000 1.201208 0.170613
0.526918 0.509149 108.800000 1.220708 0.219141
0.527148 0.508723 108.900000 1.246506 0.296354
0.527397 0.508258 109.000000 1.264666 0.066006
0.527649 0.507793 109.100000 1.266964 -0.019742
0.527889 0.507345 109.200000 1.256424 -0.190326
0.528110 0.506888 109.300000 1.240859 -0.119392
0.528301 0.506504 109.400000 1.214037 -0.415848
0.528440 0.506170 109.500000 1.166562 -0.530975
0.528514 0.505936 109.600000 1.104560 -0.705862
0.528502 0.505996 109.700000 1.015594 -1.069437
0.528389 0.506258 109.800000 0.898807 -1.260495
0.528183 0.506435 109.900000 0.776286 -1.183224
0.527900 0.506593 110.000000 0.658478 -1.166698
0.527546 0.507130 110.100000 0.525734 -1.482087
0.527134 0.507549 110.200000 0.381623 -1.392524
0.526682 0.508075 110.300000 0.237859 -1.475682
0.526209 0.508647 110.400000 0.088210 -1.509883
0.525735 0.509268 110.500000 -0.064956 -1.545909
0.525281 0.509783 110.600000 -0.216105 -1.469461
0.524867 0.510340 110.700000 -0.364993 -1.501123
0.524513 0.510863 110.800000 -0.514276 -1.477301
0.524233 0.511150 110.900000 -0.652888 -1.287873
0.524029 0.511217 111.000000 -0.771665 -1.081618
0.523913 0.511475 111.100000 -0.889192 -1.263953
0.523904 0.511695 111.200000 -1.014176 -1.229929
0.523997 0.511585 111.300000 -1.120032 -0.881601
0.524174 0.511366 111.400000 -1.200838 -0.730704
0.524424 0.511069 111.500000 -1.267568 -0.600881
0.524725 0.510650 111.600000 -1.312293 -0.291278
0.525057 0.510217 111.700000 -1.338480 -0.231683
0.525403 0.509761 111.800000 -1.350738 -0.012977
0.525743 0.509311 111.900000 -1.345964 0.107841
0.526072 0.508859 112.000000 -1.337255 0.065127
0.526380 0.508435 112.100000 -1.320893 0.261125
0.526639 0.508140 112.200000 -1.278005 0.594688
0.526811 0.508093 112.300000 -1.200408 0.953679
0.526890 0.507974 112.400000 -1.109142 0.866315
0.526880 0.507969 112.500000 -1.015518 1.001311
0.526793 0.507787 112.600000 -0.926221 0.779163
0.526639 0.507715 112.700000 -0.840865 0.923630
0.526416 0.507764 112.800000 -0.741382 1.061056
0.526128 0.507844 112.900000 -0.633387 1.093213
0.525790 0.507687 113.000000 -0.537791 0.812967
0.525421 0.507440 113.100000 -0.463134 0.675867
0.525021 0.507393 113.200000 -0.381482 0.953612
0.524594 0.507366 113.300000 -0.284773 0.975659
0.524147 0.507346 113.400000 -0.186506 0.984691
0.523690 0.507170 113.500000 -0.097769 0.785082
0.523229 0.506956 113.600000 -0.022023 0.725901
0.522771 0.506688 113.700000 0.046237 0.635679
0.522316 0.506315 113.800000 0.098433 0.405109
0.521867 0.506015 113.900000 0.147393 0.572140
0.521426 0.505603 114.000000 0.189668 0.270597
0.520991 0.505247 114.100000 0.225402 0.442840
0.520568 0.504921 114.200000 0.273463 0.516323
0.520156 0.504520 114.300000 0.314588 0.303748
0.519753 0.504100 114.400000 0.340810 0.219335
0.519355 0.503666 114.500000 0.357295 0.109452
0.518959 0.503228 114.600000 0.360397 -0.047783
0.518563 0.502789 114.700000 0.358347 0.007195
0.518165 0.502365 114.800000 0.350093 -0.172137
0.517765 0.501928 114.900000 0.342479 0.020905
0.517366 0.501492 115.000000 0.341997 -0.030480
0.516968 0.501060 115.100000 0.344350 0.077865
0.516573 0.500625 115.200000 0.348039 -0.004302
0.516176 0.500196 115.300000 0.342791 -0.100463
0.515774 0.499802 115.400000 0.322689 -0.300917
0.515362 0.499503 115.500000 0.279790 -0.555416
0.514940 0.499139 115.600000 0.232013 -0.397244
0.514512 0.498752 115.700000 0.196133 -0.318258
0.514077 0.498464 115.800000 0.151457 -0.573609
0.513637 0.498287 115.900000 0.084326 -0.766094
0.513195 0.498083 116.000000 0.009671 -0.723180
0.512755 0.497913 116.100000 -0.065409 -0.774845
0.512323 0.497679 116.200000 -0.137995 -0.673059
0.511902 0.497525 116.300000 -0.211726 -0.798308
0.511497 0.497267 116.400000 -0.283147 -0.626259
0.511109 0.497008 116.500000 -0.345890 -0.625648
0.510746 0.496849 116.600000 -0.416766 -0.788954
0.510410 0.496578 116.700000 -0.486432 -0.600665
0.510098 0.496246 116.800000 -0.539864 -0.465228
0.509806 0.495880 116.900000 -0.581747 -0.370395
0.509537 0.495554 117.000000 -0.624227 -0.477684
0.509290 0.495171 117.100000 -0.663532 -0.306358
0.509053 0.494749 117.200000 -0.679546 -0.012726
0.508813 0.494336 117.300000 -0.673163 0.140106
0.508568 0.493916 117.400000 -0.665082 0.020476
0.508317 0.493515 117.500000 -0.653491 0.210917
0.508055 0.493116 117.600000 -0.631811 0.221317
0.507781 0.492721 117.700000 -0.608919 0.235116
0.507499 0.492306 117.800000 -0.593140 0.078986
0.507214 0.491891 117.900000 -0.585047 0.082172
0.506922 0.491493 118.000000 -0.570465 0.208787
0.506625 0.491078 118.100000 -0.558376 0.031654
0.506326 0.490666 118.200000 -0.552218 0.091070
0.506027 0.490254 118.300000 -0.551299 -0.073427
0.505726 0.489850 118.400000 -0.547693 0.145647
0.505418 0.489460 118.500000 -0.528531 0.236592
0.505094 0.489154 118.600000 -0.491557 0.501470
0.504746 0.488982 118.700000 -0.428569 0.755571
0.504374 0.488797 118.800000 -0.353916 0.733536
0.503984 0.488559 118.900000 -0.285009 0.640782
0.503582 0.488300 119.000000 -0.222760 0.600889
0.503172 0.487970 119.100000 -0.170841 0.434389
0.502757 0.487598 119.200000 -0.134141 0.297379
0.502340 0.487287 119.300000 -0.095039 0.483120
0.501921 0.486922 119.400000 -0.054893 0.317359
0.501502 0.486529 119.500000 -0.029716 0.184582
0.501083 0.486143 119.600000 -0.009180 0.225201
0.500665 0.485800 119.700000 0.021495 0.387200
0.500249 0.485526 119.800000 0.068959 0.560168
0.499839 0.485246 119.900000 0.124404 0.546004
0.499436 0.484951 120.000000 0.177501 0.513282
0.499040 0.484591 120.100000 0.219328 0.320797
0.498652 0.484241 120.200000 0.253377 0.358725
0.498271 0.483862 120.300000 0.283103 0.234137
0.497898 0.483508 120.400000 0.311742 0.337633
0.497537 0.483210 120.500000 0.353694 0.499903
0.497190 0.482861 120.600000 0.396401 0.351932
0.496858 0.482554 120.700000 0.437696 0.472426
0.496546 0.482286 120.800000 0.489606 0.563668
0.496258 0.482015 120.900000 0.545660 0.554856
0.495997 0.481729 121.000000 0.599634 0.522153
0.495758 0.481373 121.100000 0.641611 0.315101
0.495529 0.480979 121.200000 0.661529 0.082007
0.495304 0.480583 121.300000 0.666850 0.024344
0.495078 0.480191 121.400000 0.663407 -0.092991
0.494841 0.479833 121.500000 0.643658 -0.301208
0.494583 0.479566 121.600000 0.600683 -0.556490
0.494302 0.479239 121.700000 0.552547 -0.403171
0.494004 0.478906 121.800000 0.513168 -0.382122
0.493693 0.478558 121.900000 0.477365 -0.331796
0.493373 0.478175 122.000000 0.453494 -0.143728
0.493046 0.477814 122.100000 0.432743 -0.270353
0.492709 0.477464 122.200000 0.403384 -0.315268
0.492363 0.477106 122.300000 0.373396 -0.282744
0.492008 0.476791 122.400000 0.337903 -0.425527
0.491642 0.476473 122.500000 0.295570 -0.418845
0.491266 0.476252 122.600000 0.242450 -0.641346
0.490878 0.476094 122.700000 0.172666 -0.751057
0.490482 0.475911 122.800000 0.099530 -0.707850
0.490084 0.475901 122.900000 0.015816 -0.962895
0.489688 0.475841 123.000000 -0.077445 -0.897537
0.489300 0.475627 123.100000 -0.155127 -0.651696
0.488922 0.475364 123.200000 -0.215333 -0.549259
0.488555 0.475082 123.300000 -0.268171 -0.504906
0.488202 0.474838 123.400000 -0.322949 -0.588291
0.487865 0.474578 123.500000 -0.380254 -0.555047
0.487548 0.474314 123.600000 -0.435299 -0.543298
0.487248 0.474003 123.700000 -0.483756 -0.423378
0.486967 0.473702 123.800000 -0.527560 -0.450859
0.486708 0.473413 123.900000 -0.574204 -0.480053
0.486469 0.473085 124.000000 -0.616466 -0.363096
0.486252 0.472801 124.100000 -0.659261 -0.491316
0.486057 0.472453 124.200000 -0.698061 -0.282587
0.485874 0.472080 124.300000 -0.718732 -0.129778
0.485698 0.471707 124.400000 -0.731587 -0.127044
0.485527 0.471329 124.500000 -0.737572 0.007629
0.485357 0.470952 124.600000 -0.740088 -0.058376
0.485194 0.470584 124.700000 -0.750455 -0.149049
0.485036 0.470207 124.800000 -0.758853 -0.018545
0.484870 0.469865 124.900000 -0.745218 0.290976
0.484681 0.469594 125.000000 -0.705001 0.511558
0.484456 0.469514 125.100000 -0.636286 0.859858
0.484189 0.469470 125.200000 -0.547556 0.910165
0.483884 0.469484 125.300000 -0.452475 0.986695
0.483548 0.469525 125.400000 -0.351798 1.021735
0.483187 0.469614 125.500000 -0.246576 1.077460
0.482810 0.469724 125.600000 -0.137278 1.103055
0.482426 0.469938 125.700000 -0.021090 1.215180
0.482047 0.470088 125.800000 0.097386 1.148309
0.481684 0.470367 125.900000 0.219179 1.281931
0.481350 0.470705 126.000000 0.350557 1.339388
0.481062 0.471021 126.100000 0.483763 1.318271
0.480824 0.471079 126.200000 0.602172 1.043631
0.480640 0.471101 126.300000 0.704557 0.999200
0.480514 0.471082 126.400000 0.801971 0.944485
0.480452 0.471055 126.500000 0.896141 0.934652
0.480448 0.470843 126.600000 0.974923 0.636789
0.480495 0.470638 126.700000 1.039420 0.650493
0.480592 0.470381 126.800000 1.098938 0.537168
0.480742 0.470177 126.900000 1.158419 0.650356
0.480946 0.469906 127.000000 1.216062 0.499860
0.481192 0.469594 127.100000 1.260320 0.383441
0.481468 0.469242 127.200000 1.289994 0.208759
0.481765 0.468893 127.300000 1.311474 0.220470
0.482091 0.468572 127.400000 1.339827 0.346168
0.482430 0.468208 127.500000 1.353083 -0.082118
0.482754 0.467859 127.600000 1.338208 -0.214290
0.483053 0.467517 127.700000 1.315049 -0.247157
0.483334 0.467154 127.800000 1.298607 -0.079781
0.483594 0.466836 127.900000 1.277186 -0.347606
0.483804 0.466642 128.000000 1.226611 -0.661548
0.483941 0.466584 128.100000 1.149110 -0.884592
0.484010 0.466407 128.200000 1.069957 -0.693486
0.484020 0.466279 128.300000 0.996225 -0.777190
0.483964 0.466296 128.400000 0.907795 -0.987076
0.483832 0.466583 128.500000 0.793530 -1.292902
0.483627 0.466891 128.600000 0.662868 -1.313530
0.483365 0.466999 128.700000 0.541779 -1.101395
0.483064 0.467042 128.800000 0.435326 -1.021941
0.482732 0.467094 128.900000 0.332298 -1.033356
0.482381 0.466930 129.000000 0.244572 -0.715849
0.482020 0.466752 129.100000 0.174201 -0.687911
0.481651 0.466683 129.200000 0.096194 -0.868754
0.481278 0.466580 129.300000 0.011688 -0.817010
0.480909 0.466456 129.400000 -0.068426 -0.781219
0.480544 0.466190 129.500000 -0.132423 -0.494882
0.480186 0.465894 129.600000 -0.177480 -0.403854
0.479835 0.465629 129.700000 -0.222510 -0.494856
0.479495 0.465398 129.800000 -0.276147 -0.575545
0.479170 0.465207 129.900000 -0.338003 -0.658876
0.478866 0.465063 130.000000 -0.408383 -0.745643
0.478591 0.465048 130.100000 -0.493018 -0.943572
0.478356 0.465024 130.200000 -0.587008 -0.931812
0.478168 0.465014 130.300000 -0.681315 -0.950017
0.478026 0.464878 130.400000 -0.766969 -0.758686
0.477921 0.464579 130.500000 -0.824433 -0.387212
0.477843 0.464305 130.600000 -0.866919 -0.460999
0.477784 0.463954 130.700000 -0.895368 -0.106121
0.477739 0.463634 130.800000 -0.915634 -0.299139
0.477723 0.463380 130.900000 -0.956155 -0.510276
0.477743 0.463101 131.000000 -1.003952 -0.443612
0.477794 0.462796 131.100000 -1.044017 -0.355998
0.477864 0.462448 131.200000 -1.066872 -0.099868
0.477943 0.462103 131.300000 -1.078552 -0.133765
0.478037 0.461774 131.400000 -1.097483 -0.244754
0.478143 0.461423 131.500000 -1.110186 -0.008634
0.478243 0.461077 131.600000 -1.105549 0.100870
0.478338 0.460728 131.700000 -1.098305 0.042946
0.478428 0.460380 131.800000 -1.092620 0.069983
0.478499 0.460088 131.900000 -1.069768 0.386185
0.478544 0.459767 132.000000 -1.036832 0.270078
0.478559 0.459507 132.100000 -0.999186 0.480978
0.478538 0.459260 132.200000 -0.949196 0.515954
0.478474 0.459102 132.300000 -0.887868 0.707572
0.478360 0.459052 132.400000 -0.808002 0.885817
0.478191 0.459068 132.500000 -0.714498 0.979470
0.477974 0.459083 132.600000 -0.616266 0.979963
0.477713 0.459189 132.700000 -0.512243 1.095337
0.477418 0.459132 132.800000 -0.413435 0.875142
0.477096 0.459228 132.900000 -0.315261 1.083793
0.476757 0.459093 133.000000 -0.223457 0.746753
0.476407 0.458916 133.100000 -0.152508 0.668407
0.476053 0.458761 133.200000 -0.083390 0.710570
0.475696 0.458574 133.300000 -0.015370 0.646270
0.475341 0.458486 133.400000 0.058395 0.825846
0.474993 0.458436 133.500000 0.144165 0.885484
0.474660 0.458555 133.600000 0.244212 1.111171
0.474355 0.458857 133.700000 0.365706 1.313333
0.474095 0.459238 133.800000 0.501330 1.392840
0.473892 0.459520 133.900000 0.635960 1.293115
0.473761 0.459931 134.000000 0.772044 1.422484
0.473706 0.459988 134.100000 0.895242 1.034819
0.473721 0.459968 134.200000 0.993796 0.931591
0.473808 0.459938 134.300000 1.086403 0.916424
0.473964 0.459796 134.400000 1.169028 0.732083
0.474179 0.459588 134.500000 1.235766 0.599635
0.474455 0.459433 134.600000 1.301275 0.708211
0.474797 0.459234 134.700000 1.367737 0.618179
0.475203 0.459039 134.800000 1.430109 0.626896
0.475671 0.458801 134.900000 1.487846 0.525451
0.476196 0.458552 135.000000 1.538918 0.494135
0.476765 0.458246 135.100000 1.578675 0.299332
0.477361 0.457917 135.200000 1.601790 0.162275
0.477972 0.457583 135.300000 1.615599 0.113917
0.478586 0.457247 135.400000 1.618867 -0.048310
0.479191 0.456912 135.500000 1.611826 -0.091457
0.479777 0.456593 135.600000 1.596415 -0.215504
0.480326 0.456318 135.700000 1.565070 -0.409531
0.480823 0.456066 135.800000 1.520635 -0.476354
0.481262 0.455849 135.900000 1.468346 -0.566317
0.481632 0.455715 136.000000 1.402809 -0.740883
0.481929 0.455550 136.100000 1.331584 -0.679233
0.482148 0.455553 136.200000 1.249485 -0.958734
0.482284 0.455529 136.300000 1.155340 -0.918778
0.482340 0.455585 136.400000 1.057553 -1.031853
0.482325 0.455547 136.500000 0.960762 -0.898317
0.482245 0.455604 136.600000 0.863915 -1.033703
0.482105 0.455624 136.700000 0.762841 -0.982222
0.481915 0.455641 136.800000 0.664489 -0.979564
0.481679 0.455676 136.900000 0.565098 -1.003078
0.481407 0.455688 137.000000 0.466117 -0.971291
0.481106 0.455685 137.100000 0.369759 -0.950810
0.480785 0.455568 137.200000 0.283561 -0.768257
0.480452 0.455358 137.300000 0.216111 -0.576779
0.480112 0.455130 137.400000 0.160513 -0.532228
0.479767 0.454922 137.500000 0.104669 -0.581933
0.479419 0.454805 137.600000 0.037041 -0.767708
0.479072 0.454725 137.700000 -0.043017 -0.829627
0.478731 0.454755 137.800000 -0.134494 -0.995854
0.478403 0.454705 137.900000 -0.228417 -0.877733
0.478095 0.454776 138.000000 -0.325119 -1.052081
0.477817 0.454872 138.100000 -0.432144 -1.083376
0.477575 0.454895 138.200000 -0.535907 -0.986745
0.477372 0.454813 138.300000 -0.626841 -0.827322
0.477206 0.454667 138.400000 -0.703924 -0.710541
0.477070 0.454401 138.500000 -0.760290 -0.413606
0.476950 0.454081 138.600000 -0.788165 -0.142218
0.476839 0.453761 138.700000 -0.802677 -0.147707
0.476735 0.453440 138.800000 -0.816153 -0.121501
0.476636 0.453114 138.900000 -0.823246 -0.020156
0.476540 0.452791 139.000000 -0.828986 -0.094961
0.476453 0.452476 139.100000 -0.842149 -0.168263
0.476365 0.452164 139.200000 -0.841070 0.190273
0.476270 0.451841 139.300000 -0.829485 0.040060
0.476169 0.451526 139.400000 -0.819490 0.159220
0.476058 0.451219 139.500000 -0.800837 0.212635
0.475940 0.450896 139.600000 -0.788999 0.022661
0.475821 0.450573 139.700000 -0.787875 -0.000689
0.475699 0.450259 139.800000 -0.780266 0.152477
0.475569 0.449943 139.900000 -0.766609 0.119516
0.475431 0.449633 140.000000 -0.751615 0.179400
0.475280 0.449352 140.100000 -0.725944 0.332763
0.475112 0.449073 140.200000 -0.692251 0.339065
0.474925 0.448832 140.300000 -0.651633 0.471289
0.474720 0.448552 140.400000 -0.611281 0.333080
0.474501 0.448271 140.500000 -0.578218 0.326228
0.474266 0.448046 140.600000 -0.536136 0.513506
0.474013 0.447813 140.700000 -0.485773 0.490933
0.473744 0.447580 140.800000 -0.436753 0.486794
0.473467 0.447264 140.900000 -0.408463 0.076352
0.473188 0.446950 141.000000 -0.399866 0.095010
0.472906 0.446648 141.100000 -0.385272 0.196208
0.472616 0.446382 141.200000 -0.356409 0.379885
0.472318 0.446112 141.300000 -0.319508 0.356082
0.472010 0.445932 141.400000 -0.270622 0.619728
0.471693 0.445710 141.500000 -0.213842 0.512659
0.471369 0.445525 141.600000 -0.157752 0.606509
0.471039 0.445353 141.700000 -0.095505 0.635344
0.470708 0.445242 141.800000 -0.025638 0.758815
0.470377 0.445020 141.900000 0.037949 0.509139
0.470048 0.444789 142.000000 0.087708 0.483533
0.469725 0.444632 142.100000 0.145308 0.666134
0.469410 0.444440 142.200000 0.208041 0.585289
0.469104 0.444191 142.300000 0.258604 0.423170
0.468809 0.443998 142.400000 0.308913 0.581052
0.468525 0.443749 142.500000 0.359149 0.420959
0.468251 0.443458 142.600000 0.392402 0.242185
0.467983 0.443161 142.700000 0.414301 0.194790
0.467721 0.442859 142.800000 0.431765 0.153728
0.467461 0.442550 142.900000 0.440553 0.021489
0.467199 0.442263 143.000000 0.429001 -0.252422
0.466925 0.442059 143.100000 0.388807 -0.550015
0.466637 0.441903 143.200000 0.328097 -0.661274
0.466335 0.441795 143.300000 0.257004 -0.757153
0.466020 0.441778 143.400000 0.173255 -0.913947
0.465698 0.441697 143.500000 0.087010 -0.806352
0.465374 0.441684 143.600000 0.000505 -0.919719
0.465054 0.441730 143.700000 -0.096125 -1.008325
0.464745 0.441802 143.800000 -0.199006 -1.044356
0.464453 0.441803 143.900000 -0.298543 -0.941314
0.464185 0.441847 144.000000 -0.396039 -1.004088
0.463948 0.441864 144.100000 -0.494773 -0.965822
0.463749 0.441919 144.200000 -0.594379 -1.021783
0.463597 0.442011 144.300000 -0.699291 -1.071704
0.463500 0.442081 144.400000 -0.805228 -1.042082
0.463462 0.442056 144.500000 -0.902611 -0.900822
0.463473 0.441894 144.600000 -0.980162 -0.646164
0.463529 0.441719 144.700000 -1.043228 -0.612460
0.463624 0.441485 144.800000 -1.096677 -0.454008
0.463751 0.441226 144.900000 -1.137673 -0.364221
0.463896 0.440926 145.000000 -1.161105 -0.103168
0.464038 0.440633 145.100000 -1.157509 0.175020
0.464162 0.440354 145.200000 -1.135182 0.270082
0.464263 0.440083 145.300000 -1.106408 0.303484
0.464344 0.439802 145.400000 -1.078806 0.246495
0.464415 0.439500 145.500000 -1.065439 0.019060
0.464481 0.439204 145.600000 -1.058160 0.125910
0.464530 0.438938 145.700000 -1.035597 0.324199
0.464554 0.438692 145.800000 -0.999330 0.399008
0.464534 0.438681 145.900000 -0.933330 0.918542
0.464455 0.438735 146.000000 -0.836256 1.017929
0.464318 0.438911 146.100000 -0.726063 1.180477
0.464124 0.439178 146.200000 -0.602363 1.287317
0.463886 0.439335 146.300000 -0.479781 1.157638
0.463613 0.439568 146.400000 -0.359133 1.249365
0.463314 0.440024 146.500000 -0.221905 1.488840
0.463000 0.440561 146.600000 -0.068769 1.566412
0.462687 0.441112 146.700000 0.088996 1.581085
0.462393 0.441638 146.800000 0.246345 1.558117
0.462131 0.442031 146.900000 0.396030 1.427989
0.461915 0.442367 147.000000 0.536172 1.367975
0.461749 0.442469 147.100000 0.659322 1.088529
0.461638 0.442620 147.200000 0.771672 1.153409
0.461589 0.442718 147.300000 0.883767 1.083162
0.461611 0.442838 147.400000 0.993832 1.113243
0.461709 0.442898 147.500000 1.101282 1.030740
0.461874 0.442757 147.600000 1.187388 0.686813
0.462081 0.442501 147.700000 1.239710 0.356806
0.462321 0.442258 147.800000 1.277958 0.407018
0.462588 0.441975 147.900000 1.309423 0.220902
0.462863 0.441677 148.000000 1.319298 -0.023846
0.463133 0.441381 148.100000 1.314043 -0.080472
0.463395 0.441088 148.200000 1.304473 -0.109870
0.463641 0.440807 148.300000 1.287940 -0.219576
0.463862 0.440557 148.400000 1.258132 -0.374856
0.464044 0.440360 148.500000 1.212146 -0.542389
0.464182 0.440176 148.600000 1.156005 -0.577140
0.464270 0.440047 148.700000 1.091748 -0.704565
0.464291 0.440261 148.800000 0.994715 -1.232082
0.464238 0.440366 148.900000 0.878178 -1.092043
0.464123 0.440515 149.000000 0.765675 -1.152170
0.463951 0.440780 149.100000 0.643143 -1.292401
0.463726 0.441147 149.200000 0.507858 -1.406577
0.463463 0.441363 149.300000 0.375382 -1.235730
0.463175 0.441492 149.400000 0.256962 -1.126344
0.462872 0.441749 149.500000 0.136103 -1.285142
0.462563 0.442018 149.600000 0.006563 -1.299236
0.462259 0.442246 149.700000 -0.121343 -1.252445
0.461969 0.442316 149.800000 -0.236577 -1.046092
0.461702 0.442494 149.900000 -0.348686 -1.191041
0.461464 0.442521 150.000000 -0.457627 -0.982044
0.461259 0.442546 150.100000 -0.555985 -0.980492
0.461098 0.442671 150.200000 -0.661373 -1.122697
0.460991 0.442804 150.300000 -0.774472 -1.134058
0.460950 0.443024 150.400000 -0.893648 -1.244254
0.460980 0.443073 150.500000 -1.006933 -1.015724
0.461079 0.443068 150.600000 -1.104671 -0.934510
0.461238 0.442912 150.700000 -1.183751 -0.643004
0.461450 0.442772 150.800000 -1.250135 -0.682098
0.461703 0.442504 150.900000 -1.298007 -0.272584
0.461980 0.442241 151.000000 -1.326739 -0.301351
0.462265 0.441952 151.100000 -1.336297 0.111019
0.462530 0.441697 151.200000 -1.313967 0.334368
0.462766 0.441439 151.300000 -1.281196 0.318734
0.462962 0.441295 151.400000 -1.231795 0.667078
0.463101 0.441179 151.500000 -1.161770 0.729514
0.463187 0.441059 151.600000 -1.089088 0.719921
0.463215 0.441061 151.700000 -1.005761 0.942529
0.463185 0.441032 151.800000 -0.913798 0.891544
0.463101 0.441064 151.900000 -0.819502 0.989520
0.462962 0.441255 152.000000 -0.709281 1.209594
0.462772 0.441409 152.100000 -0.590350 1.162671
0.462543 0.441501 152.200000 -0.478003 1.078214
0.462285 0.441559 152.300000 -0.372375 1.028769
0.462004 0.441843 152.400000 -0.254516 1.323140
0.461706 0.442116 152.500000 -0.122530 1.309907
0.461403 0.442260 152.600000 0.000834 1.150819
0.461106 0.442368 152.700000 0.113735 1.101494
0.460822 0.442579 152.800000 0.230920 1.236821
0.460561 0.442786 152.900000 0.354695 1.232682
0.460332 0.442854 153.000000 0.468928 1.046039
0.460138 0.442886 153.100000 0.571101 0.992479
0.459984 0.442903 153.200000 0.669332 0.967534
0.459880 0.443041 153.300000 0.775148 1.144329
0.459830 0.442976 153.400000 0.874053 0.828481
0.459828 0.442907 153.500000 0.956724 0.821294
0.459877 0.442786 153.600000 1.033781 0.716259
0.459979 0.442727 153.700000 1.111722 0.839544
0.460140 0.442601 153.800000 1.189193 0.706268
0.460356 0.442474 153.900000 1.259745 0.701886
0.460625 0.442282 154.000000 1.322054 0.541448
0.460942 0.442107 154.100000 1.378546 0.586383
0.461309 0.441898 154.200000 1.432455 0.489579
0.461714 0.441653 154.300000 1.474941 0.358438
0.462153 0.441404 154.400000 1.509721 0.336121
0.462611 0.441119 154.500000 1.529619 0.060926
0.463081 0.440847 154.600000 1.542716 0.201488
0.463564 0.440564 154.700000 1.556419 0.072366
0.464050 0.440280 154.800000 1.559414 -0.012042
0.464520 0.440022 154.900000 1.544660 -0.282222
0.464953 0.439809 155.000000 1.506982 -0.469156
0.465338 0.439606 155.100000 1.458424 -0.498929
0.465669 0.439472 155.200000 1.399304 -0.680276
0.465940 0.439332 155.300000 1.331741 -0.666916
0.466145 0.439316 155.400000 1.252678 -0.910382
0.466277 0.439324 155.500000 1.159327 -0.951497
0.466325 0.439711 155.600000 1.039343 -1.442908
0.466284 0.440057 155.700000 0.896852 -1.399253
0.466165 0.440528 155.800000 0.749870 -1.533001
0.465979 0.441079 155.900000 0.592231 -1.611829
0.465740 0.441567 156.000000 0.433653 -1.551453
0.465469 0.441838 156.100000 0.289933 -1.315030
0.465180 0.442017 156.200000 0.163758 -1.201806
0.464883 0.442103 156.300000 0.049699 -1.073350
0.464587 0.442256 156.400000 -0.062580 -1.166898
0.464300 0.442339 156.500000 -0.174702 -1.069795
0.464029 0.442382 156.600000 -0.278948 -1.009902
0.463778 0.442376 156.700000 -0.376210 -0.930489
0.463554 0.442401 156.800000 -0.472036 -0.981616
0.463360 0.442354 156.900000 -0.564307 -0.859168
0.463203 0.442420 157.000000 -0.659699 -1.044723
0.463091 0.442385 157.100000 -0.756160 -0.879652
0.463017 0.442241 157.200000 -0.833249 -0.658142
0.462971 0.441999 157.300000 -0.883876 -0.351534
0.462943 0.441743 157.400000 -0.915326 -0.276181
0.462926 0.441466 157.500000 -0.934296 -0.102305
0.462920 0.441208 157.600000 -0.952500 -0.261747
0.462929 0.440945 157.700000 -0.977140 -0.230235
0.462946 0.440666 157.800000 -0.989900 -0.024302
0.462965 0.440387 157.900000 -0.992550 -0.029086
0.462989 0.440114 158.000000 -1.000646 -0.133194
0.463017 0.439836 158.100000 -1.007862 -0.010969
0.463044 0.439560 158.200000 -1.005077 0.066216
0.463063 0.439292 158.300000 -0.992752 0.179462
0.463065 0.439057 158.400000 -0.965546 0.363277
0.463038 0.438891 158.500000 -0.917642 0.592530
0.462977 0.438749 158.600000 -0.855137 0.654163
0.462876 0.438718 158.700000 -0.778086 0.883204
0.462727 0.438913 158.800000 -0.672555 1.222670
0.462529 0.439193 158.900000 -0.544592 1.330203
0.462291 0.439537 159.000000 -0.407525 1.404288
0.462023 0.439827 159.100000 -0.269833 1.342388
0.461739 0.440107 159.200000 -0.135802 1.331455
0.461449 0.440463 159.300000 0.002111 1.420139
0.461167 0.440835 159.400000 0.145338 1.437375
0.460904 0.441261 159.500000 0.292425 1.497338
0.460673 0.441429 159.600000 0.427208 1.191036
0.460477 0.441565 159.700000 0.544430 1.147735
0.460325 0.441698 159.800000 0.659265 1.143547
0.460224 0.441816 159.900000 0.772903 1.123887
0.460183 0.441955 160.000000 0.887002 1.152917
0.460207 0.442047 160.100000 0.999135 1.084496
0.460290 0.441936 160.200000 1.090031 0.728541
0.460428 0.441861 160.300000 1.166642 0.800621
0.460614 0.441670 160.400000 1.232936 0.521885
0.460833 0.441425 160.500000 1.274696 0.311343
0.461077 0.441181 160.600000 1.305941 0.312648
0.461328 0.440912 160.700000 1.314917 -0.134025
0.461558 0.440684 160.800000 1.288945 -0.384113
0.461757 0.440455 160.900000 1.250589 -0.380453
0.461917 0.440301 161.000000 1.200508 -0.618661
0.462021 0.440315 161.100000 1.121304 -0.961766
0.462053 0.440472 161.200000 1.014044 -1.178110
0.462009 0.440826 161.300000 0.883696 -1.422531
0.461893 0.441176 161.400000 0.741247 -1.418965
0.461714 0.441712 161.500000 0.589087 -1.616846
0.461485 0.442242 161.600000 0.427229 -1.612010
0.461222 0.442804 161.700000 0.264041 -1.643557
0.460941 0.443143 161.800000 0.111009 -1.408804
0.460656 0.443424 161.900000 -0.026798 -1.340314
0.460381 0.443828 162.000000 -0.168227 -1.481636
0.460130 0.444399 162.100000 -0.325430 -1.655201
0.459919 0.444879 162.200000 -0.486815 -1.564451
0.459764 0.445410 162.300000 -0.646290 -1.617554
0.459681 0.445886 162.400000 -0.805584 -1.560646
0.459679 0.446243 162.500000 -0.955641 -1.433183
0.459765 0.446509 162.600000 -1.093918 -1.325738
0.459943 0.446744 162.700000 -1.224890 -1.287689
0.460209 0.446735 162.800000 -1.336078 -0.930305
0.460552 0.446713 162.900000 -1.428055 -0.905291
0.460961 0.446539 163.000000 -1.502073 -0.571292
0.461412 0.446300 163.100000 -1.547622 -0.337613
0.461886 0.446032 163.200000 -1.571040 -0.129852
0.462359 0.445763 163.300000 -1.571638 0.117760
0.462805 0.445549 163.400000 -1.543868 0.436287
0.463207 0.445353 163.500000 -1.496909 0.499955
0.463562 0.445162 163.600000 -1.446004 0.514909
0.463849 0.445244 163.700000 -1.366259 1.076746
0.464033 0.445671 163.800000 -1.236454 1.513345
0.464101 0.446305 163.900000 -1.074189 1.723859
0.464067 0.446892 164.000000 -0.903595 1.678943
0.463945 0.447698 164.100000 -0.725134 1.881519
0.463751 0.448475 164.200000 -0.537731 1.856866
0.463504 0.449511 164.300000 -0.340694 2.074418
0.463227 0.450727 164.400000 -0.125755 2.213939
0.462948 0.451873 164.500000 0.093586 2.161846
0.462696 0.453033 164.600000 0.310871 2.173215
0.462501 0.454234 164.700000 0.530362 2.205998
0.462388 0.455231 164.800000 0.743612 2.048351
0.462378 0.456108 164.900000 0.944033 1.950306
0.462487 0.456856 165.000000 1.133960 1.839051
0.462717 0.457206 165.100000 1.298311 1.439420
0.463070 0.457617 165.200000 1.445996 1.507816
0.463555 0.457923 165.300000 1.591108 1.387672
0.464167 0.458040 165.400000 1.717882 1.141729
0.464887 0.458008 165.500000 1.820246 0.900763
0.465683 0.457801 165.600000 1.889319 0.477135
0.466524 0.457551 165.700000 1.928140 0.297862
0.467384 0.457277 165.800000 1.946315 0.065130
0.468244 0.457002 165.900000 1.946955 -0.051664
0.469094 0.456731 166.000000 1.938461 -0.116979
0.469917 0.456487 166.100000 1.916644 -0.317829
0.470687 0.456316 166.200000 1.871252 -0.587474
0.471376 0.456265 166.300000 1.798569 -0.862344
0.471964 0.456314 166.400000 1.703327 -1.037330
0.472438 0.456513 166.500000 1.588397 -1.255284
0.472796 0.456708 166.600000 1.462757 -1.250509
0.473051 0.456867 166.700000 1.339861 -1.200478
0.473208 0.457122 166.800000 1.213072 -1.328687
0.473271 0.457453 166.900000 1.075197 -1.421633
0.473247 0.457822 167.000000 0.930451 -1.465717
0.473142 0.458437 167.100000 0.770580 -1.723984
0.472967 0.458948 167.200000 0.602932 -1.620049
0.472744 0.459370 167.300000 0.445150 -1.527264
0.472487 0.459773 167.400000 0.293069 -1.506576
0.472212 0.460172 167.500000 0.142260 -1.501988
0.471930 0.460474 167.600000 -0.002743 -1.390565
0.471655 0.460815 167.700000 -0.144482 -1.437342
0.471397 0.461017 167.800000 -0.279956 -1.265077
0.471166 0.461240 167.900000 -0.408122 -1.292138
0.470973 0.461503 168.000000 -0.540217 -1.343581
0.470827 0.461720 168.100000 -0.672049 -1.286667
0.470736 0.461886 168.200000 -0.797550 -1.217320
0.470706 0.462001 168.300000 -0.915930 -1.144658
0.470731 0.461914 168.400000 -1.013092 -0.793364
0.470807 0.461845 168.500000 -1.094577 -0.832915
0.470930 0.461667 168.600000 -1.164797 -0.567900
0.471090 0.461457 168.700000 -1.216345 -0.460849
0.471282 0.461245 168.800000 -1.262220 -0.454969
0.471500 0.460984 168.900000 -1.295359 -0.206200
0.471729 0.460714 169.000000 -1.310458 -0.095407
0.471959 0.460443 169.100000 -1.312125 0.061894
0.472184 0.460172 169.200000 -1.306684 0.045948
0.472394 0.459936 169.300000 -1.287029 0.346289
0.472575 0.459724 169.400000 -1.247123 0.449462
0.472724 0.459496 169.500000 -1.205352 0.383114
0.472843 0.459296 169.600000 -1.161524 0.490951
0.472933 0.459063 169.700000 -1.119043 0.355643
0.473004 0.458813 169.800000 -1.088215 0.258587
0.473050 0.458611 169.900000 -1.051173 0.480421
0.473067 0.458415 170.000000 -1.001961 0.500911
0.473063 0.458161 170.100000 -0.965166 0.231999
0.473043 0.457926 170.200000 -0.936475 0.340196
0.473003 0.457697 170.300000 -0.901054 0.366053
0.472941 0.457507 170.400000 -0.856729 0.518197
0.472854 0.457309 170.500000 -0.806255 0.488289
0.472744 0.457137 170.600000 -0.753027 0.573438
0.472607 0.456990 170.700000 -0.692154 0.640818
0.472443 0.456914 170.800000 -0.619425 0.810249
0.472256 0.456719 170.900000 -0.553902 0.495867
0.472058 0.456475 171.000000 -0.515093 0.277570
0.471851 0.456234 171.100000 -0.486070 0.301257
0.471632 0.456090 171.200000 -0.438569 0.647044
0.471395 0.456014 171.300000 -0.365726 0.806410
0.471144 0.455984 171.400000 -0.280254 0.898862
0.470879 0.455985 171.500000 -0.187172 0.958185
0.470607 0.456039 171.600000 -0.086676 1.046900
0.470333 0.456000 171.700000 0.010047 0.882332
0.470062 0.455914 171.800000 0.093646 0.785279
0.469797 0.455780 171.900000 0.166643 0.670819
0.469538 0.455570 172.000000 0.222003 0.433116
0.469285 0.455331 172.100000 0.258585 0.296494
0.469036 0.455073 172.200000 0.281011 0.150691
0.468788 0.454809 172.300000 0.290471 0.037889
0.468541 0.454546 172.400000 0.290962 -0.028114
0.468292 0.454292 172.500000 0.280587 -0.179102
0.468041 0.454033 172.600000 0.265431 -0.122996
0.467789 0.453773 172.700000 0.254271 -0.099457
0.467536 0.453517 172.800000 0.242183 -0.141686
0.467279 0.453286 172.900000 0.218611 -0.328938
0.467019 0.453076 173.000000 0.180922 -0.423105
0.466754 0.452923 173.100000 0.128958 -0.614008
0.466486 0.452780 173.200000 0.066042 -0.641191
0.466217 0.452666 173.300000 -0.001835 -0.713157
0.465949 0.452500 173.400000 -0.066409 -0.574775
0.465685 0.452337 173.500000 -0.124464 -0.583529
0.465426 0.452112 173.600000 -0.171260 -0.349544
0.465172 0.451948 173.700000 -0.217744 -0.578513
0.464927 0.451820 173.800000 -0.280593 -0.675709
0.464694 0.451683 173.900000 -0.347278 -0.654795
0.464477 0.451587 174.000000 -0.417895 -0.754485
0.464279 0.451456 174.100000 -0.489234 -0.668772
0.464098 0.451242 174.200000 -0.542545 -0.394375
0.463932 0.451079 174.300000 -0.591251 -0.578076
0.463782 0.450853 174.400000 -0.637167 -0.337670
0.463644 0.450618 174.500000 -0.668180 -0.281227
0.463518 0.450385 174.600000 -0.697030 -0.294722
0.463403 0.450143 174.700000 -0.723554 -0.234642
0.463293 0.449886 174.800000 -0.737814 -0.049758
0.463188 0.449635 174.900000 -0.747592 -0.145940
0.463086 0.449378 175.000000 -0.753809 0.021962
0.462979 0.449136 175.100000 -0.741732 0.219101
0.462862 0.448895 175.200000 -0.718887 0.236341
0.462738 0.448645 175.300000 -0.699766 0.144546
0.462607 0.448400 175.400000 -0.682935 0.190990
0.462471 0.448147 175.500000 -0.668621 0.094003
0.462329 0.447906 175.600000 -0.652693 0.223770
0.462181 0.447655 175.700000 -0.635707 0.114489
0.462028 0.447405 175.800000 -0.623807 0.122632
0.461872 0.447156 175.900000 -0.611014 0.132305
0.461711 0.446906 176.000000 -0.598333 0.120347
0.461548 0.446653 176.100000 -0.589405 0.057317
0.461381 0.446408 176.200000 -0.578292 0.164366
0.461206 0.446187 176.300000 -0.553065 0.339089
0.461018 0.446024 176.400000 -0.507865 0.562963
0.460818 0.445798 176.500000 -0.464429 0.302703
0.460609 0.445597 176.600000 -0.427902 0.426097
0.460389 0.445423 176.700000 -0.380236 0.524900
0.460160 0.445243 176.800000 -0.328546 0.506113
0.459922 0.445032 176.900000 -0.284317 0.375789
0.459680 0.444812 177.000000 -0.248644 0.335679
0.459434 0.444598 177.100000 -0.213626 0.362885
0.459184 0.444373 177.200000 -0.180300 0.301727
0.458932 0.444125 177.300000 -0.160279 0.097112
0.458681 0.443877 177.400000 -0.160008 -0.092280
0.458430 0.443630 177.500000 -0.168937 -0.085916
0.458182 0.443390 177.600000 -0.182455 -0.184115
0.457937 0.443183 177.700000 -0.211320 -0.392380
0.457697 0.442985 177.800000 -0.252198 -0.423329
0.457463 0.442755 177.900000 -0.286686 -0.264471
0.457231 0.442507 178.000000 -0.298510 0.029170
0.456998 0.442269 178.100000 -0.287495 0.190846
0.456761 0.442040 178.200000 -0.264717 0.263623
0.456521 0.441821 178.300000 -0.235523 0.318826
0.456276 0.441635 178.400000 -0.196131 0.467325
0.456026 0.441501 178.500000 -0.140772 0.637458
0.455772 0.441465 178.600000 -0.065389 0.866995
0.455517 0.441410 178.700000 0.019624 0.828927
0.455265 0.441334 178.800000 0.100418 0.782863
0.455021 0.441354 178.900000 0.188567 0.976292
0.454789 0.441359 179.000000 0.285050 0.948637
0.454575 0.441319 179.100000 0.375674 0.859297
0.454385 0.441425 179.200000 0.475094 1.125040
0.454223 0.441389 179.300000 0.574941 0.866572
0.454096 0.441465 179.400000 0.672285 1.076318
0.454015 0.441602 179.500000 0.784947 1.171932
0.453986 0.441670 179.600000 0.896895 1.061618
0.454006 0.441599 179.700000 0.989830 0.792272
0.454065 0.441442 179.800000 1.057858 0.564861
0.454162 0.441334 179.900000 1.121324 0.702194
0.454306 0.441251 180.000000 1.194791 0.764242
0.454495 0.441089 180.100000 1.260535 0.547448
0.454724 0.440942 180.200000 1.317733 0.594438
0.454992 0.440753 180.300000 1.369920 0.447024
0.455295 0.440569 180.400000 1.415521 0.463485
0.455630 0.440356 180.500000 1.455528 0.335061
0.455983 0.440118 180.600000 1.479667 0.146783
0.456342 0.439875 180.700000 1.485951 -0.021081
0.456686 0.439657 180.800000 1.469614 -0.304829
0.457000 0.439475 180.900000 1.430898 -0.467253
0.457274 0.439306 181.000000 1.381539 -0.516879
0.457501 0.439219 181.100000 1.317967 -0.751322
0.457666 0.439259 181.200000 1.229571 -1.012234
0.457761 0.439359 181.300000 1.122994 -1.113683
0.457784 0.439618 181.400000 0.999590 -1.348329
0.457736 0.439943 181.500000 0.860019 -1.435910
0.457622 0.440375 181.600000 0.709625 -1.564437
0.457459 0.440598 181.700000 0.565925 -1.301444
0.457258 0.440924 181.800000 0.428639 -1.437557
0.457030 0.441167 181.900000 0.289967 -1.328556
0.456785 0.441416 182.000000 0.156332 -1.337407
0.456535 0.441622 182.100000 0.025199 -1.278559
0.456288 0.441922 182.200000 -0.109323 -1.405552
0.456054 0.442130 182.300000 -0.244056 -1.282197
0.455841 0.442299 182.400000 -0.369716 -1.224769
0.455654 0.442294 182.500000 -0.477776 -0.930553
0.455494 0.442287 182.600000 -0.570942 -0.928393
0.455364 0.442239 182.700000 -0.659619 -0.840840
0.455270 0.442284 182.800000 -0.753061 -1.024185
0.455222 0.442351 182.900000 -0.857626 -1.062427
0.455222 0.442314 183.000000 -0.954273 -0.865689
0.455260 0.442145 183.100000 -1.023616 -0.517345
0.455320 0.441925 183.200000 -1.063352 -0.275307
0.455394 0.441698 183.300000 -1.088504 -0.226916
0.455482 0.441469 183.400000 -1.110413 -0.210686
0.455579 0.441231 183.500000 -1.125074 -0.082045
0.455679 0.440991 183.600000 -1.130918 -0.034988
0.455778 0.440752 183.700000 -1.129614 0.060660
0.455872 0.440516 183.800000 -1.120766 0.115430
0.455951 0.440315 183.900000 -1.096190 0.374967
0.456006 0.440121 184.000000 -1.056774 0.410945
0.456035 0.439968 184.100000 -1.008086 0.560267
0.456030 0.439854 184.200000 -0.945917 0.679829
0.455992 0.439732 184.300000 -0.879047 0.653732
0.455920 0.439690 184.400000 -0.803582 0.851902
0.455813 0.439647 184.500000 -0.718263 0.849855
0.455674 0.439619 184.600000 -0.631556 0.879704
0.455505 0.439662 184.700000 -0.536391 1.018935
0.455309 0.439739 184.800000 -0.431193 1.079725
0.455091 0.439802 184.900000 -0.324202 1.054525
0.454859 0.439804 185.000000 -0.224078 0.942573
0.454618 0.439801 185.100000 -0.130161 0.930981
0.454373 0.439851 185.200000 -0.031778 1.032013
0.454129 0.439910 185.300000 0.072474 1.047913
0.453894 0.440057 185.400000 0.184840 1.194246
0.453673 0.440129 185.500000 0.298353 1.070209
0.453469 0.440023 185.600000 0.387016 0.697881
0.453279 0.439864 185.700000 0.448927 0.537066
0.453104 0.439713 185.800000 0.504171 0.565377
0.452945 0.439573 185.900000 0.562485 0.598360
0.452800 0.439353 186.000000 0.604995 0.249149
0.452664 0.439138 186.100000 0.631230 0.274633
0.452534 0.438902 186.200000 0.647191 0.043536
0.452406 0.438671 186.300000 0.655306 0.118866
0.452282 0.438437 186.400000 0.665293 0.080623
0.452159 0.438203 186.500000 0.667005 -0.046459
0.452030 0.437990 186.600000 0.650495 -0.283188
0.451889 0.437808 186.700000 0.614062 -0.443738
0.451730 0.437720 186.800000 0.554788 -0.739256
0.451548 0.437684 186.900000 0.474592 -0.860720
0.451350 0.437547 187.000000 0.401221 -0.602206
0.451140 0.437388 187.100000 0.344448 -0.530068
0.450922 0.437234 187.200000 0.290485 -0.546394
0.450695 0.437130 187.300000 0.228302 -0.694410
0.450462 0.437032 187.400000 0.157816 -0.711756
0.450223 0.436977 187.500000 0.081103 -0.818919
0.449983 0.436909 187.600000 0.000636 -0.786325
0.449745 0.436776 187.700000 -0.069426 -0.611003
0.449510 0.436619 187.800000 -0.126811 -0.533707
0.449280 0.436462 187.900000 -0.180133 -0.530159
0.449055 0.436288 188.000000 -0.230245 -0.469546
0.448836 0.436085 188.100000 -0.270128 -0.325910
0.448621 0.435873 188.200000 -0.300044 -0.270921
0.448412 0.435666 188.300000 -0.328852 -0.304044
0.448206 0.435438 188.400000 -0.349668 -0.110928
0.448002 0.435208 188.500000 -0.357282 -0.040977
0.447801 0.434982 188.600000 -0.366536 -0.144084
0.447602 0.434755 188.700000 -0.379173 -0.108127
0.447407 0.434549 188.800000 -0.399727 -0.302624
0.447220 0.434355 188.900000 -0.433351 -0.368565
0.447042 0.434173 189.000000 -0.472978 -0.422380
0.446877 0.434010 189.100000 -0.519357 -0.503335
0.446726 0.433832 189.200000 -0.566710 -0.441502
0.446587 0.433634 189.300000 -0.605850 -0.339399
0.446457 0.433415 189.400000 -0.632682 -0.195860
0.446333 0.433190 189.500000 -0.648325 -0.116341
0.446215 0.432986 189.600000 -0.669202 -0.300962
0.446107 0.432764 189.700000 -0.692226 -0.158352
0.445999 0.432538 189.800000 -0.695950 0.084316
0.445887 0.432318 189.900000 -0.683027 0.173379
0.445767 0.432112 190.000000 -0.660087 0.284229
0.445635 0.431939 190.100000 -0.623079 0.454196
0.445487 0.431796 190.200000 -0.572063 0.563557
0.445322 0.431656 190.300000 -0.514988 0.574878
0.445142 0.431570 190.400000 -0.449409 0.733602
0.444943 0.431592 190.500000 -0.363925 0.972234
0.444729 0.431583 190.600000 -0.269558 0.910107
0.444505 0.431484 190.700000 -0.188989 0.696617
0.444275 0.431431 190.800000 -0.113335 0.812922
0.444043 0.431438 190.900000 -0.025269 0.944337
0.443812 0.431489 191.000000 0.073590 1.028152
0.443587 0.431481 191.100000 0.170821 0.911406
0.443373 0.431437 191.200000 0.258331 0.834374
0.443173 0.431477 191.300000 0.350686 1.008731
0.442999 0.431693 191.400000 0.466366 1.300084
0.442862 0.431987 191.500000 0.602184 1.410065
0.442776 0.432305 191.600000 0.745177 1.443138
0.442747 0.432491 191.700000 0.880524 1.257017
0.442775 0.432556 191.800000 0.996454 1.055789
0.442859 0.432590 191.900000 1.099280 0.996020
0.442996 0.432523 192.000000 1.188324 0.780467
0.443174 0.432365 192.100000 1.252921 0.508206
0.443379 0.432163 192.200000 1.293174 0.294951
0.443596 0.431940 192.300000 1.312594 0.092636
0.443818 0.431717 192.400000 1.319400 0.043686
0.444029 0.431525 192.500000 1.303784 -0.355572
0.444208 0.431392 192.600000 1.256319 -0.591329
0.444339 0.431387 192.700000 1.180695 -0.917597
0.444415 0.431394 192.800000 1.087399 -0.943204
0.444435 0.431504 192.900000 0.983223 -1.135092
0.444397 0.431721 193.000000 0.860942 -1.304433
0.444302 0.432030 193.100000 0.723661 -1.434292
0.444157 0.432481 193.200000 0.570798 -1.615518
0.443972 0.432790 193.300000 0.417857 -1.435006
0.443761 0.433197 193.400000 0.267649 -1.561847
0.443536 0.433439 193.500000 0.122012 -1.343030
0.443307 0.433717 193.600000 -0.015169 -1.393881
0.443084 0.433911 193.700000 -0.148817 -1.272187
0.442875 0.434045 193.800000 -0.271633 -1.177906
0.442686 0.434190 193.900000 -0.390661 -1.196962
0.442521 0.434186 194.000000 -0.496979 -0.923648
0.442378 0.434062 194.100000 -0.574424 -0.620928
0.442254 0.433925 194.200000 -0.634536 -0.578511
0.442153 0.433853 194.300000 -0.702038 -0.769006
0.442082 0.433771 194.400000 -0.777707 -0.740924
0.442035 0.433602 194.500000 -0.837796 -0.457560
0.442001 0.433384 194.600000 -0.866992 -0.124495
0.441973 0.433167 194.700000 -0.881060 -0.156686
0.441948 0.432946 194.800000 -0.886562 0.046988
0.441915 0.432750 194.900000 -0.868291 0.317757
0.441861 0.432621 195.000000 -0.822136 0.603341
0.441785 0.432471 195.100000 -0.765338 0.529225
0.441690 0.432304 195.200000 -0.715649 0.461549
0.441577 0.432167 195.300000 -0.663885 0.571080
0.441443 0.432070 195.400000 -0.600226 0.698940
0.441291 0.431927 195.500000 -0.537581 0.550194
0.441125 0.431791 195.600000 -0.481203 0.574383
0.440946 0.431638 195.700000 -0.426505 0.516474
0.440755 0.431558 195.800000 -0.363433 0.742220
0.440551 0.431481 195.900000 -0.288728 0.748015
0.440338 0.431374 196.000000 -0.217871 0.665277
0.440121 0.431205 196.100000 -0.162124 0.446239
0.439900 0.431023 196.200000 -0.120399 0.385971
0.439678 0.430881 196.300000 -0.073375 0.552554
0.439454 0.430804 196.400000 -0.008205 0.748077
0.439231 0.430646 196.500000 0.053904 0.490377
0.439010 0.430470 196.600000 0.098998 0.409107
0.438792 0.430310 196.700000 0.143606 0.481090
0.438579 0.430170 196.800000 0.195500 0.554470
0.438373 0.430030 196.900000 0.251188 0.556662
0.438174 0.429882 197.000000 0.305547 0.527872
0.437985 0.429772 197.100000 0.364575 0.650238
0.437811 0.429693 197.200000 0.434251 0.740250
0.437655 0.429629 197.300000 0.510492 0.781141
0.437521 0.429553 197.400000 0.587081 0.747018
0.437412 0.429515 197.500000 0.666634 0.840653
0.437332 0.429447 197.600000 0.747258 0.767999
0.437281 0.429347 197.700000 0.819903 0.681468
0.437261 0.429273 197.800000 0.891718 0.751890
0.437271 0.429134 197.900000 0.957247 0.555408
0.437308 0.428982 198.000000 1.010561 0.508592
0.437375 0.428858 198.100000 1.066256 0.603307
0.437470 0.428695 198.200000 1.119510 0.459326
0.437578 0.428479 198.300000 1.140844 -0.034375
0.437674 0.428293 198.400000 1.122004 -0.341696
0.437750 0.428122 198.500000 1.083705 -0.422031
0.437801 0.427962 198.600000 1.039041 -0.468617
0.437822 0.427883 198.700000 0.978639 -0.736590
0.437801 0.427925 198.800000 0.891021 -1.011646
0.437740 0.427919 198.900000 0.794567 -0.911987
0.437643 0.427943 199.000000 0.699965 -0.975123
0.437517 0.427896 199.100000 0.610068 -0.817630
0.437364 0.427945 199.200000 0.517670 -1.026002
0.437187 0.428040 199.300000 0.410580 -1.110450
0.436990 0.428148 199.400000 0.297972 -1.136019
0.436780 0.428289 199.500000 0.181387 -1.189896
0.436562 0.428389 199.600000 0.065554 -1.120795
0.436344 0.428389 199.700000 -0.037067 -0.926020
0.436129 0.428267 199.800000 -0.113977 -0.607599
0.435918 0.428150 199.900000 -0.175612 -0.622161
0.435715 0.428031 200.000000 -0.237757 -0.617754
0.435519 0.427877 200.100000 -0.293182 -0.487805
0.435329 0.427696 200.200000 -0.335786 -0.361994
0.435145 0.427492 200.300000 -0.363922 -0.199091
0.434965 0.427290 200.400000 -0.384247 -0.206620
0.434788 0.427080 200.500000 -0.400804 -0.123676
0.434615 0.426877 200.600000 -0.416753 -0.194898
0.434445 0.426670 200.700000 -0.433998 -0.149250
0.434280 0.426467 200.800000 -0.451368 -0.197638
0.434119 0.426263 200.900000 -0.470184 -0.177922
0.433964 0.426083 201.000000 -0.496908 -0.355924
0.433819 0.425906 201.100000 -0.533606 -0.376528
0.433684 0.425726 201.200000 -0.570462 -0.359003
0.433556 0.425517 201.300000 -0.593184 -0.093934
0.433433 0.425316 201.400000 -0.607762 -0.197471
0.433315 0.425113 201.500000 -0.626740 -0.181413
0.433202 0.424904 201.600000 -0.640516 -0.093527
0.433091 0.424694 201.700000 -0.644537 0.013256
0.432975 0.424500 201.800000 -0.630847 0.260178
0.432850 0.424313 201.900000 -0.602613 0.302882
0.432719 0.424107 202.000000 -0.580913 0.129312
0.432581 0.423944 202.100000 -0.552676 0.434507
0.432435 0.423738 202.200000 -0.525010 0.116363
0.432292 0.423551 202.300000 -0.534321 -0.303433
0.432155 0.423345 202.400000 -0.555329 -0.115498
0.432026 0.423193 202.500000 -0.585135 -0.480342
0.431910 0.423023 202.600000 -0.628962 -0.394114
0.431809 0.422871 202.700000 -0.672847 -0.481959
0.431724 0.422711 202.800000 -0.719017 -0.439391
0.431660 0.422639 202.900000 -0.778254 -0.743543
0.431624 0.422527 203.000000 -0.846877 -0.625632
0.431614 0.422401 203.100000 -0.907122 -0.576591
0.431626 0.422226 203.200000 -0.954521 -0.369000
0.431653 0.422035 203.300000 -0.985692 -0.253060
0.431687 0.421828 203.400000 -1.001030 -0.052934
0.431713 0.421658 203.500000 -0.984230 0.388715
0.431717 0.421518 203.600000 -0.938485 0.523770
0.431695 0.421415 203.700000 -0.879673 0.649416
0.431648 0.421281 203.800000 -0.819713 0.546110
0.431582 0.421119 203.900000 -0.771002 0.424990
0.431498 0.420986 204.000000 -0.722350 0.545571
0.431397 0.420844 204.100000 -0.669205 0.514262
0.431278 0.420714 204.200000 -0.615505 0.556848
0.431143 0.420610 204.300000 -0.555191 0.646364
0.430990 0.420538 204.400000 -0.485830 0.737381
0.430822 0.420429 204.500000 -0.417357 0.628191
0.430641 0.420347 204.600000 -0.350235 0.710925
0.430448 0.420384 204.700000 -0.264677 0.996552
0.430243 0.420616 204.800000 -0.147642 1.339105
0.430033 0.420929 204.900000 -0.007500 1.457030
0.429829 0.421331 205.000000 0.144654 1.578856
0.429640 0.421603 205.100000 0.293924 1.398795
0.429476 0.421825 205.200000 0.430452 1.324989
0.429345 0.422087 205.300000 0.566287 1.385370
0.429258 0.422373 205.400000 0.706969 1.421691
0.429221 0.422561 205.500000 0.841924 1.270733
0.429235 0.422602 205.600000 0.956196 1.008826
0.429300 0.422693 205.700000 1.062054 1.103828
0.429423 0.422732 205.800000 1.167611 1.002370
0.429601 0.422709 205.900000 1.261239 0.865827
0.429834 0.422703 206.000000 1.350053 0.906802
0.430127 0.422668 206.100000 1.437443 0.837196
0.430472 0.422565 206.200000 1.511871 0.647929
0.430857 0.422401 206.300000 1.564928 0.410763
0.431264 0.422205 206.400000 1.594818 0.185777
0.431680 0.422001 206.500000 1.606771 0.053154
0.432094 0.421800 206.600000 1.604061 -0.106803
0.432489 0.421627 206.700000 1.580785 -0.357392
0.432845 0.421531 206.800000 1.529389 -0.667973
0.433151 0.421454 206.900000 1.459547 -0.724791
0.433409 0.421346 207.000000 1.391639 -0.629049
0.433624 0.421258 207.100000 1.325373 -0.692461
0.433791 0.421226 207.200000 1.248507 -0.840769
0.433907 0.421209 207.300000 1.162216 -0.880265
0.433970 0.421296 207.400000 1.063170 -1.095711
0.433979 0.421417 207.500000 0.950028 -1.161167
0.433937 0.421538 207.600000 0.833675 -1.159681
0.433849 0.421754 207.700000 0.709459 -1.318483
0.433718 0.422103 207.800000 0.567427 -1.515273
0.433552 0.422379 207.900000 0.420672 -1.412045
0.433362 0.422715 208.000000 0.274863 -1.496929
0.433158 0.422978 208.100000 0.129979 -1.393204
0.432950 0.423308 208.200000 -0.014579 -1.491008
0.432748 0.423540 208.300000 -0.156828 -1.346595
0.432560 0.423650 208.400000 -0.281623 -1.142691
0.432389 0.423684 208.500000 -0.388684 -0.993014
0.432239 0.423733 208.600000 -0.489926 -1.027105
0.432116 0.423765 208.700000 -0.591039 -0.990336
0.432025 0.423872 208.800000 -0.697686 -1.137992
0.431974 0.423923 208.900000 -0.806301 -1.029021
0.431964 0.423947 209.000000 -0.906659 -0.973465
0.431997 0.423945 209.100000 -1.001436 -0.917705
0.432069 0.423840 209.200000 -1.079359 -0.636709
0.432165 0.423655 209.300000 -1.124902 -0.271531
0.432274 0.423466 209.400000 -1.150410 -0.237851
0.432392 0.423265 209.500000 -1.164324 -0.039819
0.432508 0.423063 209.600000 -1.163717 0.051579
0.432623 0.422862 209.700000 -1.160560 0.010710
0.432732 0.422670 209.800000 -1.149920 0.201468
0.432823 0.422520 209.900000 -1.116530 0.464756
0.432885 0.422410 210.000000 -1.062223 0.618526
0.432914 0.422352 210.100000 -0.992345 0.775451
0.432906 0.422309 210.200000 -0.912676 0.813587
0.432862 0.422306 210.300000 -0.826151 0.912429
0.432782 0.422366 210.400000 -0.727870 1.048269
0.432670 0.422382 210.500000 -0.627420 0.955175
0.432532 0.422388 210.600000 -0.532779 0.932608
0.432370 0.422527 210.700000 -0.426139 1.195313
0.432186 0.422753 210.800000 -0.298990 1.341549
0.431988 0.423040 210.900000 -0.159863 1.434191
0.431783 0.423175 211.000000 -0.028283 1.190216
0.431581 0.423246 211.100000 0.085037 1.070275
0.431385 0.423278 211.200000 0.188376 0.991248
0.431201 0.423345 211.300000 0.291281 1.062049
0.431034 0.423397 211.400000 0.396262 1.032451
0.430890 0.423463 211.500000 0.501277 1.062952
0.430769 0.423387 211.600000 0.590878 0.724046
0.430669 0.423303 211.700000 0.662254 0.700182
0.430589 0.423166 211.800000 0.723204 0.515680
0.430525 0.422997 211.900000 0.767230 0.362638
0.430470 0.422805 212.000000 0.794232 0.175996
0.430422 0.422610 212.100000 0.809307 0.125035
0.430374 0.422413 212.200000 0.810237 -0.106664
0.430322 0.422217 212.300000 0.800001 -0.097115
0.430266 0.422020 212.400000 0.790027 -0.101477
0.430204 0.421837 212.500000 0.772105 -0.256076
0.430130 0.421682 212.600000 0.737773 -0.428925
0.430043 0.421503 212.700000 0.701872 -0.286583
0.429948 0.421325 212.800000 0.672894 -0.291199
0.429841 0.421170 212.900000 0.637108 -0.422745
0.429723 0.421010 213.000000 0.595786 -0.401294
0.429591 0.420885 213.100000 0.547687 -0.558393
0.429446 0.420772 213.200000 0.489663 -0.599046
0.429287 0.420677 213.300000 0.426487 -0.661264
0.429115 0.420647 213.400000 0.351059 -0.843827
0.428931 0.420623 213.500000 0.265752 -0.857955
0.428738 0.420568 213.600000 0.183575 -0.781211
0.428540 0.420503 213.700000 0.106927 -0.747788
0.428340 0.420518 213.800000 0.021751 -0.951971
0.428141 0.420511 213.900000 -0.071080 -0.899930
0.427948 0.420561 214.000000 -0.167752 -1.029101
0.427764 0.420546 214.100000 -0.263498 -0.880803
0.427593 0.420538 214.200000 -0.352685 -0.898715
0.427441 0.420576 214.300000 -0.447910 -1.001507
0.427309 0.420517 214.400000 -0.536505 -0.765657
0.427197 0.420461 214.500000 -0.613760 -0.775918
0.427107 0.420356 214.600000 -0.683921 -0.623765
0.427034 0.420195 214.700000 -0.734664 -0.388351
0.426974 0.420027 214.800000 -0.771390 -0.344609
0.426922 0.419836 214.900000 -0.795638 -0.139033
0.426874 0.419642 215.000000 -0.804780 -0.043506
0.426823 0.419462 215.100000 -0.793980 0.259336
0.426755 0.419350 215.200000 -0.751199 0.594617
0.426668 0.419238 215.300000 -0.691424 0.597563
0.426565 0.419085 215.400000 -0.640184 0.423910
0.426447 0.418992 215.500000 -0.585763 0.662093
0.426310 0.418966 215.600000 -0.509905 0.851510
0.426154 0.418934 215.700000 -0.425337 0.835379
0.425985 0.418853 215.800000 -0.348388 0.699250
0.425805 0.418816 215.900000 -0.272078 0.823321
0.425616 0.418748 216.000000 -0.193781 0.738403
0.425423 0.418680 216.100000 -0.119834 0.736772
0.425227 0.418610 216.200000 -0.046235 0.731517
0.425030 0.418579 216.300000 0.032465 0.838829
0.424837 0.418589 216.400000 0.121436 0.936467
0.424651 0.418532 216.500000 0.206930 0.768830
0.424472 0.418394 216.600000 0.270063 0.490112
0.424301 0.418307 216.700000 0.328554 0.677425
0.424139 0.418140 216.800000 0.379313 0.334565
0.423981 0.417955 216.900000 0.405445 0.186587
0.423828 0.417777 217.000000 0.427202 0.247840
0.423680 0.417601 217.100000 0.452895 0.265023
0.423539 0.417438 217.200000 0.484048 0.356951
0.423407 0.417287 217.300000 0.523081 0.422186
0.423282 0.417097 217.400000 0.549305 0.100466
0.423158 0.416905 217.500000 0.554558 0.004363
0.423031 0.416729 217.600000 0.542170 -0.251873
0.422900 0.416539 217.700000 0.524822 -0.093558
0.422765 0.416364 217.800000 0.506989 -0.262386
0.422626 0.416173 217.900000 0.491238 -0.051079
0.422486 0.415986 218.000000 0.482719 -0.118803
0.422341 0.415815 218.100000 0.461934 -0.296065
0.422190 0.415655 218.200000 0.428903 -0.362862
0.422032 0.415485 218.300000 0.395677 -0.299639
0.421870 0.415315 218.400000 0.366004 -0.292145
0.421703 0.415140 218.500000 0.338258 -0.261138
0.421532 0.414983 218.600000 0.306383 -0.374908
0.421356 0.414815 218.700000 0.271946 -0.311814
0.421176 0.414659 218.800000 0.237026 -0.384912
0.420994 0.414477 218.900000 0.208972 -0.174136
0.420810 0.414300 219.000000 0.188613 -0.232078
0.420624 0.414117 219.100000 0.169140 -0.156127
0.420437 0.413965 219.200000 0.141061 -0.404612
0.420248 0.413802 219.300000 0.103956 -0.335412
0.420057 0.413685 219.400000 0.059174 -0.558530
0.419866 0.413585 219.500000 -0.000066 -0.623482
0.419676 0.413471 219.600000 -0.060009 -0.572291
0.419488 0.413381 219.700000 -0.121652 -0.657760
0.419306 0.413303 219.800000 -0.189337 -0.692748
0.419129 0.413155 219.900000 -0.245101 -0.419191
0.418957 0.413022 220.000000 -0.290681 -0.490465
0.418792 0.412863 220.100000 -0.333203 -0.357674
0.418633 0.412704 220.200000 -0.368742 -0.351505
0.418478 0.412522 220.300000 -0.393926 -0.150612
0.418324 0.412336 220.400000 -0.396768 0.094337
0.418167 0.412173 220.500000 -0.376001 0.320340
0.418003 0.412025 220.600000 -0.339061 0.416680
0.417835 0.411849 220.700000 -0.307525 0.211814
0.417666 0.411663 220.800000 -0.296088 0.015710
0.417497 0.411476 220.900000 -0.295616 -0.006497
0.417328 0.411290 221.000000 -0.296596 -0.013234
0.417160 0.411110 221.100000 -0.305074 -0.156410
0.416995 0.410935 221.200000 -0.323922 -0.219941
0.416833 0.410750 221.300000 -0.336594 -0.032554
0.416671 0.410567 221.400000 -0.343825 -0.112089
0.416510 0.410384 221.500000 -0.344874 0.091512
0.416347 0.410202 221.600000 -0.334016 0.125020
0.416183 0.410021 221.700000 -0.320958 0.135346
0.416017 0.409840 221.800000 -0.307726 0.128466
0.415850 0.409656 221.900000 -0.304137 -0.057479
0.415684 0.409472 222.000000 -0.309396 -0.047585
0.415521 0.409299 222.100000 -0.322998 -0.224389
0.415362 0.409149 222.200000 -0.353713 -0.388953
0.415211 0.409020 222.300000 -0.397975 -0.494560
0.415067 0.408849 222.400000 -0.434788 -0.239435
0.414929 0.408704 222.500000 -0.467482 -0.413491
0.414798 0.408527 222.600000 -0.496464 -0.164323
0.414671 0.408346 222.700000 -0.510313 -0.112090
0.414544 0.408163 222.800000 -0.516415 -0.009652
0.414419 0.407980 222.900000 -0.517861 -0.019474
0.414295 0.407803 223.000000 -0.526720 -0.157881
0.414172 0.407623 223.100000 -0.529185 0.109111
0.414049 0.407441 223.200000 -0.526448 -0.055198
0.413929 0.407271 223.300000 -0.541079 -0.237413
0.413818 0.407145 223.400000 -0.578051 -0.501151
0.413722 0.407020 223.500000 -0.628557 -0.506782
0.413642 0.406924 223.600000 -0.685024 -0.620374
0.413578 0.406775 223.700000 -0.735340 -0.383196
0.413526 0.406624 223.800000 -0.773131 -0.371101
0.413488 0.406466 223.900000 -0.807828 -0.321402
0.413462 0.406318 224.000000 -0.843287 -0.386587
0.413447 0.406144 224.100000 -0.871921 -0.184603
0.413440 0.405977 224.200000 -0.893647 -0.249442
0.413444 0.405806 224.300000 -0.916831 -0.213447
0.413450 0.405626 224.400000 -0.926247 0.025735
0.413458 0.405447 224.500000 -0.928967 -0.080735
0.413467 0.405266 224.600000 -0.931191 0.036174
0.413475 0.405086 224.700000 -0.928388 0.019252
0.413480 0.404911 224.800000 -0.920384 0.140261
0.413473 0.404769 224.900000 -0.892396 0.418365
0.413447 0.404658 225.000000 -0.843614 0.554754
0.413400 0.404578 225.100000 -0.782278 0.668792
0.413332 0.404457 225.200000 -0.722863 0.515808
0.413245 0.404409 225.300000 -0.658464 0.769251
0.413134 0.404449 225.400000 -0.570083 0.994242
0.412999 0.404511 225.500000 -0.467919 1.043845
0.412844 0.404629 225.600000 -0.357554 1.158052
0.412674 0.404752 225.700000 -0.240929 1.168534
0.412496 0.404796 225.800000 -0.132020 1.003725
0.412313 0.404792 225.900000 -0.037139 0.888869
0.412132 0.404822 226.000000 0.056161 0.972717
0.411955 0.404842 226.100000 0.152495 0.949169
0.411785 0.404772 226.200000 0.235239 0.701087
0.411624 0.404724 226.300000 0.308933 0.769439
0.411474 0.404647 226.400000 0.381577 0.679777
0.411335 0.404517 226.500000 0.439194 0.469381
0.411205 0.404374 226.600000 0.482759 0.399814
0.411084 0.404227 226.700000 0.521627 0.375826
0.410973 0.404094 226.800000 0.563113 0.452290
0.410875 0.403982 226.900000 0.613227 0.548037
0.410790 0.403844 227.000000 0.662082 0.426654
0.410718 0.403698 227.100000 0.702478 0.379493
0.410658 0.403556 227.200000 0.741767 0.404769
0.410612 0.403417 227.300000 0.782913 0.416520
0.410580 0.403263 227.400000 0.820283 0.329198
0.410555 0.403088 227.500000 0.840712 0.078164
0.410528 0.402917 227.600000 0.836230 -0.167772
0.410493 0.402757 227.700000 0.813761 -0.280373
0.410445 0.402631 227.800000 0.775588 -0.481291
0.410385 0.402469 227.900000 0.738628 -0.255128
0.410317 0.402301 228.000000 0.715650 -0.202790
0.410242 0.402141 228.100000 0.692136 -0.266125
0.410158 0.401994 228.200000 0.660325 -0.368432
0.410064 0.401846 228.300000 0.623867 -0.358567
0.409960 0.401696 228.400000 0.588654 -0.343617
0.409843 0.401635 228.500000 0.535252 -0.722443
0.409712 0.401550 228.600000 0.466743 -0.643881
0.409567 0.401492 228.700000 0.397634 -0.734884
0.409409 0.401524 228.800000 0.312001 -0.973954
0.409240 0.401648 228.900000 0.204489 -1.171304
0.409063 0.401682 229.000000 0.096753 -0.977515
0.408885 0.401882 229.100000 -0.018021 -1.313098
0.408711 0.402101 229.200000 -0.151191 -1.343815
0.408550 0.402262 229.300000 -0.280848 -1.242743
0.408409 0.402479 229.400000 -0.410367 -1.341622
0.408297 0.402734 229.500000 -0.548006 -1.404734
0.408218 0.402840 229.600000 -0.675466 -1.137771
0.408173 0.402856 229.700000 -0.779523 -0.938080
0.408161 0.402864 229.800000 -0.872557 -0.918341
0.408192 0.403002 229.900000 -0.978627 -1.198976
0.408271 0.403038 230.000000 -1.088153 -0.986099
0.408395 0.403001 230.100000 -1.177601 -0.798510
0.408555 0.402894 230.200000 -1.245621 -0.558529
0.408739 0.402742 230.300000 -1.289927 -0.325430
0.408936 0.402574 230.400000 -1.314974 -0.174550
0.409147 0.402417 230.500000 -1.337748 -0.280742
0.409369 0.402245 230.600000 -1.357573 -0.115036
0.409595 0.402071 230.700000 -1.364219 -0.017989
0.409818 0.401899 230.800000 -1.360522 0.091327
0.410032 0.401737 230.900000 -1.344096 0.236064
0.410223 0.401625 231.000000 -1.305412 0.535784
0.410384 0.401522 231.100000 -1.249930 0.570544
0.410505 0.401535 231.200000 -1.174694 0.930746
0.410576 0.401629 231.300000 -1.072289 1.112167
0.410596 0.401773 231.400000 -0.955767 1.212223
0.410569 0.401911 231.500000 -0.834793 1.200787
0.410499 0.402139 231.600000 -0.706243 1.363856
0.410395 0.402247 231.700000 -0.580487 1.144143
0.410264 0.402403 231.800000 -0.461206 1.235526
0.410110 0.402646 231.900000 -0.329627 1.389705
0.409942 0.402863 232.000000 -0.192425 1.347292
0.409766 0.403010 232.100000 -0.063796 1.218530
0.409590 0.403101 232.200000 0.052905 1.109417
0.409420 0.403176 232.300000 0.162366 1.074331
0.409259 0.403241 232.400000 0.268946 1.052036
0.409113 0.403308 232.500000 0.374672 1.057409
0.408986 0.403332 232.600000 0.475800 0.960115
0.408879 0.403314 232.700000 0.566488 0.849111
0.408793 0.403245 232.800000 0.644021 0.697641
0.408726 0.403158 232.900000 0.710748 0.633755
0.408674 0.403011 233.000000 0.759687 0.342235
0.408635 0.402872 233.100000 0.796801 0.398738
0.408612 0.402750 233.200000 0.841273 0.489128
0.408605 0.402619 233.300000 0.887755 0.438523
0.408617 0.402492 233.400000 0.932777 0.460184
0.408646 0.402361 233.500000 0.977886 0.440197
0.408688 0.402192 233.600000 1.006066 0.121707
0.408733 0.402020 233.700000 1.012613 0.009133
0.408781 0.401855 233.800000 1.021724 0.173555
0.408836 0.401686 233.900000 1.036106 0.113735
0.408889 0.401521 234.000000 1.033116 -0.173577
0.408929 0.401392 234.100000 1.002042 -0.446549
0.408951 0.401249 234.200000 0.961252 -0.366521
0.408961 0.401092 234.300000 0.929839 -0.259444
0.408959 0.400953 234.400000 0.897624 -0.383110
0.408941 0.400824 234.500000 0.855974 -0.447540
0.408903 0.400750 234.600000 0.799851 -0.672288
0.408843 0.400676 234.700000 0.732403 -0.672923
0.408763 0.400589 234.800000 0.667111 -0.629216
0.408667 0.400515 234.900000 0.601769 -0.674188
0.408552 0.400474 235.000000 0.528984 -0.777865
0.408424 0.400378 235.100000 0.460277 -0.592151
0.408283 0.400336 235.200000 0.391667 -0.776906
0.408130 0.400276 235.300000 0.316738 -0.717622
0.407969 0.400254 235.400000 0.238915 -0.835128
0.407802 0.400169 235.500000 0.165338 -0.632145
0.407631 0.400077 235.600000 0.103263 -0.606140
0.407459 0.399937 235.700000 0.054011 -0.375851
0.407286 0.399795 235.800000 0.017161 -0.359259
0.407114 0.399671 235.900000 -0.024052 -0.463221
0.406942 0.399535 236.000000 -0.067066 -0.394763
0.406772 0.399388 236.100000 -0.103072 -0.323436
0.406605 0.399273 236.200000 -0.144570 -0.504996
0.406440 0.399117 236.300000 -0.182514 -0.251443
0.406277 0.398960 236.400000 -0.206852 -0.234155
0.406116 0.398798 236.500000 -0.227510 -0.177947
0.405957 0.398632 236.600000 -0.242259 -0.116270
0.405799 0.398464 236.700000 -0.249447 -0.027041
0.405641 0.398298 236.800000 -0.256226 -0.108520
0.405485 0.398133 236.900000 -0.267014 -0.106847
0.405331 0.397983 237.000000 -0.287109 -0.294656
0.405179 0.397817 237.100000 -0.296958 0.098998
0.405026 0.397650 237.200000 -0.293139 -0.023261
0.404872 0.397500 237.300000 -0.280039 0.285243
0.404716 0.397337 237.400000 -0.258030 0.153384
0.404559 0.397170 237.500000 -0.252647 -0.046622
0.404403 0.397004 237.600000 -0.257492 -0.050184
0.404248 0.396847 237.700000 -0.270771 -0.215281
0.404097 0.396703 237.800000 -0.298343 -0.335243
0.403952 0.396595 237.900000 -0.341445 -0.525294
0.403814 0.396473 238.000000 -0.390879 -0.460950
0.403684 0.396349 238.100000 -0.436464 -0.448676
0.403563 0.396206 238.200000 -0.475915 -0.338322
0.403448 0.396060 238.300000 -0.508459 -0.311132
0.403338 0.395902 238.400000 -0.533957 -0.197534
0.403233 0.395743 238.500000 -0.552580 -0.174218
0.403132 0.395581 238.600000 -0.567795 -0.129496
0.403032 0.395415 238.700000 -0.575354 -0.021319
0.402935 0.395253 238.800000 -0.583021 -0.132212
0.402840 0.395091 238.900000 -0.596019 -0.127401
0.402748 0.394926 239.000000 -0.604759 -0.047049
0.402656 0.394762 239.100000 -0.603807 0.066019
0.402563 0.394598 239.200000 -0.597724 0.055008
0.402468 0.394434 239.300000 -0.591845 0.061998
0.402372 0.394269 239.400000 -0.589745 -0.020620
0.402278 0.394105 239.500000 -0.592763 -0.039922
0.402184 0.393941 239.600000 -0.595557 -0.016057
0.402093 0.393784 239.700000 -0.606033 -0.193702
0.402004 0.393620 239.800000 -0.617377 -0.032524
0.401914 0.393466 239.900000 -0.608443 0.211080
0.401817 0.393322 240.000000 -0.582371 0.309000
0.401712 0.393188 240.100000 -0.547845 0.379705
0.401598 0.393079 240.200000 -0.503011 0.514819
0.401471 0.393018 240.300000 -0.442038 0.701856
0.401333 0.392984 240.400000 -0.367327 0.788680
0.401183 0.392949 240.500000 -0.288475 0.784267
0.401025 0.392963 240.600000 -0.202831 0.924579
0.400862 0.392891 240.700000 -0.123280 0.661749
0.400696 0.392866 240.800000 -0.049240 0.815735
0.400530 0.392830 240.900000 0.030916 0.783315
0.400366 0.392746 241.000000 0.101018 0.614864
0.400204 0.392600 241.100000 0.146490 0.291555
0.400044 0.392442 241.200000 0.168597 0.149206
0.399885 0.392282 241.300000 0.181379 0.105796
0.399727 0.392120 241.400000 0.189604 0.058266
0.399570 0.391970 241.500000 0.204359 0.236646
0.399415 0.391814 241.600000 0.225215 0.179407
0.399262 0.391653 241.700000 0.236876 0.053034
0.399110 0.391509 241.800000 0.254471 0.298724
0.398963 0.391380 241.900000 0.289342 0.397350
0.398818 0.391218 242.000000 0.310481 0.023598
0.398671 0.391076 242.100000 0.296284 -0.307523
0.398521 0.390938 242.200000 0.264032 -0.335830
0.398368 0.390787 242.300000 0.236369 -0.215635
0.398214 0.390626 242.400000 0.222422 -0.062103
0.398060 0.390465 242.500000 0.220468 0.023434
0.397907 0.390314 242.600000 0.232526 0.217727
0.397756 0.390156 242.700000 0.248856 0.107910
0.397606 0.389996 242.800000 0.256841 0.051380
0.397455 0.389845 242.900000 0.248817 -0.211993
0.397303 0.389684 243.000000 0.237935 -0.004462
0.397151 0.389524 243.100000 0.236780 -0.018502
0.397000 0.389366 243.200000 0.240978 0.102676
0.396850 0.389214 243.300000 0.255756 0.192506
0.396702 0.389055 243.400000 0.268710 0.065748
0.396555 0.388895 243.500000 0.273547 0.030804
0.396408 0.388736 243.600000 0.277288 0.044001
0.396261 0.388578 243.700000 0.275713 -0.075593
0.396114 0.388421 243.800000 0.277802 0.117903
0.395967 0.388265 243.900000 0.277660 -0.121197
0.395820 0.388106 244.000000 0.273530 0.039341
0.395672 0.387963 244.100000 0.261601 -0.277982
0.395521 0.387838 244.200000 0.227528 -0.401986
0.395367 0.387695 244.300000 0.193206 -0.282338
0.395210 0.387578 244.400000 0.156547 -0.449356
0.395051 0.387455 244.500000 0.112993 -0.419418
0.394891 0.387360 244.600000 0.064161 -0.555096
0.394729 0.387222 244.700000 0.020365 -0.318040
0.394568 0.387069 244.800000 -0.003469 -0.157045
0.394407 0.386936 244.900000 -0.028614 -0.345084
0.394247 0.386796 245.000000 -0.061072 -0.302386
0.394088 0.386679 245.100000 -0.098582 -0.446358
0.393932 0.386543 245.200000 -0.137344 -0.326708
0.393777 0.386408 245.300000 -0.170375 -0.332363
0.393625 0.386289 245.400000 -0.208656 -0.431718
0.393478 0.386156 245.500000 -0.247738 -0.347871
0.393333 0.386014 245.600000 -0.278827 -0.272315
0.393192 0.385865 245.700000 -0.302283 -0.195590
0.393054 0.385728 245.800000 -0.327927 -0.316483
0.392921 0.385610 245.900000 -0.365434 -0.432264
0.392797 0.385517 246.000000 -0.415287 -0.562848
0.392683 0.385433 246.100000 -0.473368 -0.596202
0.392581 0.385363 246.200000 -0.535917 -0.652073
0.392497 0.385341 246.300000 -0.609431 -0.815257
0.392432 0.385255 246.400000 -0.679680 -0.585976
0.392379 0.385119 246.500000 -0.725064 -0.319143
0.392336 0.384977 246.600000 -0.754325 -0.264856
0.392303 0.384865 246.700000 -0.790934 -0.466395
0.392284 0.384731 246.800000 -0.830862 -0.330253
0.392274 0.384581 246.900000 -0.855383 -0.158948
0.392264 0.384428 247.000000 -0.857818 0.110626
0.392246 0.384295 247.100000 -0.835379 0.337174
0.392217 0.384169 247.200000 -0.799378 0.380764
0.392173 0.384069 247.300000 -0.754017 0.524179
0.392112 0.383998 247.400000 -0.695435 0.644475
0.392036 0.383894 247.500000 -0.637839 0.503910
0.391944 0.383860 247.600000 -0.573858 0.772901
0.391834 0.383879 247.700000 -0.488538 0.929395
0.391708 0.383895 247.800000 -0.395767 0.921176
0.391569 0.383886 247.900000 -0.307036 0.848678
0.391421 0.383883 248.000000 -0.220920 0.869299
0.391267 0.383873 248.100000 -0.134905 0.846585
0.391110 0.383847 248.200000 -0.052427 0.798716
0.390953 0.383820 248.300000 0.027569 0.797215
0.390798 0.383827 248.400000 0.112398 0.895443
0.390648 0.383793 248.500000 0.196067 0.773564
0.390506 0.383753 248.600000 0.272626 0.753883
0.390372 0.383656 248.700000 0.337203 0.534042
0.390246 0.383568 248.800000 0.392765 0.574732
0.390129 0.383450 248.900000 0.442733 0.421971
0.390020 0.383339 249.000000 0.486924 0.459996
0.389919 0.383200 249.100000 0.523969 0.278862
0.389823 0.383059 249.200000 0.550521 0.251051
0.389730 0.382906 249.300000 0.560274 -0.056973
0.389637 0.382757 249.400000 0.564307 0.138216
0.389547 0.382604 249.500000 0.572127 0.017781
0.389456 0.382451 249.600000 0.571147 -0.037185
0.389365 0.382297 249.700000 0.568825 -0.008774
0.389276 0.382150 249.800000 0.576916 0.170918
0.389190 0.382004 249.900000 0.594343 0.177076
0.389110 0.381858 250.000000 0.612671 0.188907
0.389032 0.381706 250.100000 0.624833 0.053698
0.388955 0.381554 250.200000 0.626860 -0.013105
0.388878 0.381401 250.300000 0.626184 -0.000042
0.388803 0.381252 250.400000 0.632014 0.116969
0.388728 0.381100 250.500000 0.635101 -0.055493
0.388651 0.380953 250.600000 0.624312 -0.159701
0.388571 0.380801 250.700000 0.615370 -0.018020
0.388491 0.380651 250.800000 0.609879 -0.091404
0.388407 0.380503 250.900000 0.599028 -0.124865
0.388323 0.380351 251.000000 0.593941 0.024048
0.388238 0.380201 251.100000 0.592353 -0.055628
0.388149 0.380074 251.200000 0.571830 -0.354267
0.388052 0.379942 251.300000 0.538776 -0.304776
0.387950 0.379800 251.400000 0.512410 -0.220748
0.387845 0.379651 251.500000 0.496130 -0.103510
0.387736 0.379518 251.600000 0.476286 -0.292612
0.387619 0.379424 251.700000 0.434692 -0.537587
0.387495 0.379310 251.800000 0.386254 -0.428287
0.387364 0.379224 251.900000 0.336309 -0.568298
0.387225 0.379145 252.000000 0.277662 -0.601675
0.387082 0.379019 252.100000 0.229834 -0.351755
0.386937 0.378871 252.200000 0.207081 -0.101421
0.386791 0.378752 252.300000 0.182278 -0.394053
0.386641 0.378640 252.400000 0.140459 -0.440284
0.386490 0.378589 252.500000 0.082977 -0.707115
0.386337 0.378525 252.600000 0.014601 -0.656873
0.386185 0.378491 252.700000 -0.056643 -0.764747
0.386035 0.378449 252.800000 -0.132119 -0.741027
0.385891 0.378415 252.900000 -0.207484 -0.762670
0.385754 0.378338 253.000000 -0.276053 -0.605031
0.385622 0.378203 253.100000 -0.320135 -0.273740
0.385496 0.378129 253.200000 -0.364811 -0.618599
0.385381 0.378106 253.300000 -0.435897 -0.800250
0.385280 0.378047 253.400000 -0.509892 -0.675905
0.385193 0.377972 253.500000 -0.574348 -0.610124
0.385123 0.377928 253.600000 -0.641584 -0.731878
0.385071 0.377876 253.700000 -0.713426 -0.701655
0.385038 0.377780 253.800000 -0.774405 -0.514805
0.385017 0.377651 253.900000 -0.816247 -0.319863
0.385003 0.377504 254.000000 -0.836316 -0.080334
0.384993 0.377358 254.100000 -0.846655 -0.126485
0.384988 0.377217 254.200000 -0.862767 -0.195556
0.384991 0.377086 254.300000 -0.887380 -0.296179
0.385001 0.376939 254.400000 -0.904560 -0.046379
0.385007 0.376800 254.500000 -0.895808 0.221206
0.385005 0.376665 254.600000 -0.872074 0.251928
0.384993 0.376543 254.700000 -0.841118 0.365498
0.384966 0.376460 254.800000 -0.794144 0.571766
0.384920 0.376394 254.900000 -0.733108 0.645721
0.384858 0.376304 255.000000 -0.673585 0.541173
0.384783 0.376198 255.100000 -0.623319 0.461130
0.384697 0.376114 255.200000 -0.571545 0.571757
0.384598 0.376021 255.300000 -0.516588 0.524265
0.384490 0.375922 255.400000 -0.465463 0.495370
0.384375 0.375804 255.500000 -0.421175 0.387702
0.384252 0.375715 255.600000 -0.374587 0.541929
0.384121 0.375636 255.700000 -0.317890 0.589135
0.383985 0.375530 255.800000 -0.265275 0.460085
0.383845 0.375400 255.900000 -0.227633 0.290335
0.383703 0.375256 256.000000 -0.206740 0.125966
0.383561 0.375114 256.100000 -0.193665 0.134810
0.383417 0.374981 256.200000 -0.173341 0.270903
0.383271 0.374866 256.300000 -0.139979 0.394918
0.383124 0.374774 256.400000 -0.093745 0.527743
0.382975 0.374654 256.500000 -0.048814 0.368221
0.382826 0.374534 256.600000 -0.011972 0.366767
0.382677 0.374456 256.700000 0.035897 0.588807
0.382529 0.374355 256.800000 0.089341 0.477161
0.382384 0.374265 256.900000 0.140213 0.537974
0.382242 0.374126 257.000000 0.176165 0.178461
0.382100 0.373980 257.100000 0.185343 0.004289
0.381959 0.373838 257.200000 0.192045 0.129830
0.381818 0.373699 257.300000 0.207577 0.180273
0.381680 0.373556 257.400000 0.220976 0.086904
0.381541 0.373415 257.500000 0.217871 -0.149340
0.381400 0.373282 257.600000 0.198019 -0.246839
0.381258 0.373169 257.700000 0.165329 -0.405648
0.381113 0.373039 257.800000 0.131048 -0.277888
0.380967 0.372916 257.900000 0.100446 -0.332716
0.380821 0.372777 258.000000 0.075173 -0.171020
0.380674 0.372633 258.100000 0.064667 -0.038216
0.380527 0.372499 258.200000 0.051184 -0.231224
0.380380 0.372368 258.300000 0.026902 -0.253253
0.380233 0.372233 258.400000 0.002878 -0.225959
0.380086 0.372102 258.500000 -0.021255 -0.255585
0.379939 0.371961 258.600000 -0.039403 -0.106124
0.379794 0.371851 258.700000 -0.065791 -0.421134
0.379649 0.371729 258.800000 -0.103467 -0.330336
0.379506 0.371628 258.900000 -0.143752 -0.473787
0.379367 0.371536 259.000000 -0.193277 -0.514435
0.379232 0.371418 259.100000 -0.237214 -0.361850
0.379101 0.371333 259.200000 -0.282816 -0.548542
0.378976 0.371241 259.300000 -0.336172 -0.515996
0.378860 0.371165 259.400000 -0.391705 -0.592288
0.378752 0.371064 259.500000 -0.444810 -0.467065
0.378651 0.370943 259.600000 -0.484988 -0.334409
0.378557 0.370815 259.700000 -0.515800 -0.280420
0.378470 0.370707 259.800000 -0.550860 -0.419662
0.378391 0.370587 259.900000 -0.589230 -0.345933
0.378321 0.370479 260.000000 -0.627891 -0.425876
0.378262 0.370369 260.100000 -0.669646 -0.407431
0.378210 0.370229 260.200000 -0.695699 -0.111943
0.378160 0.370088 260.300000 -0.705001 -0.073883
0.378110 0.369946 260.400000 -0.706416 0.045601
0.378057 0.369814 260.500000 -0.692785 0.226443
0.377999 0.369677 260.600000 -0.673410 0.159585
0.377939 0.369535 260.700000 -0.665894 -0.010404
0.377874 0.369432 260.800000 -0.644037 0.447270
0.377798 0.369326 260.900000 -0.600060 0.429740
0.377714 0.369200 261.000000 -0.564096 0.287094
0.377623 0.369104 261.100000 -0.525333 0.486472
0.377521 0.369034 261.200000 -0.470333 0.610863
0.377408 0.368978 261.300000 -0.406423 0.664094
0.377284 0.368975 261.400000 -0.330558 0.849711
0.377151 0.368986 261.500000 -0.243166 0.893760
0.377011 0.369061 261.600000 -0.145136 1.062296
0.376867 0.369164 261.700000 -0.035276 1.129594
0.376725 0.369253 261.800000 0.076473 1.099765
0.376587 0.369240 261.900000 0.172559 0.816533
0.376455 0.369207 262.000000 0.251227 0.752867
0.376332 0.369167 262.100000 0.325438 0.727753
0.376217 0.369076 262.200000 0.387535 0.510745
0.376110 0.368985 262.300000 0.438560 0.507419
0.376011 0.368873 262.400000 0.483698 0.393045
0.375920 0.368757 262.500000 0.521172 0.354728
0.375835 0.368633 262.600000 0.553503 0.290405
0.375754 0.368493 262.700000 0.569727 0.032898
0.375674 0.368354 262.800000 0.576162 0.095926
0.375597 0.368218 262.900000 0.588341 0.147483
0.375522 0.368079 263.000000 0.598818 0.061626
0.375451 0.367950 263.100000 0.613862 0.239258
0.375383 0.367810 263.200000 0.624182 -0.033749
0.375315 0.367673 263.300000 0.627218 0.094962
0.375247 0.367534 263.400000 0.628500 -0.069483
0.375178 0.367396 263.500000 0.621232 -0.075214
0.375105 0.367269 263.600000 0.604467 -0.259425
0.375023 0.367188 263.700000 0.563804 -0.552257
0.374928 0.367148 263.800000 0.499849 -0.723834
0.374822 0.367074 263.900000 0.434125 -0.586797
0.374708 0.366976 264.000000 0.381374 -0.465102
0.374586 0.366928 264.100000 0.323361 -0.692665
0.374456 0.366916 264.200000 0.247601 -0.818964
0.374319 0.366948 264.300000 0.158946 -0.949956
0.374178 0.366932 264.400000 0.070917 -0.805837
0.374037 0.366886 264.500000 -0.004636 -0.701186
0.373896 0.366799 264.600000 -0.065900 -0.520625
0.373758 0.366773 264.700000 -0.130657 -0.771982
0.373625 0.366719 264.800000 -0.202922 -0.669566
0.373498 0.366697 264.900000 -0.275866 -0.786090
0.373381 0.366661 265.000000 -0.352226 -0.737367
0.373276 0.366682 265.100000 -0.435168 -0.918002
0.373186 0.366662 265.200000 -0.520889 -0.792094
0.373114 0.366643 265.300000 -0.600503 -0.796523
0.373057 0.366555 265.400000 -0.666300 -0.515776
0.373012 0.366458 265.500000 -0.715428 -0.464552
0.372977 0.366326 265.600000 -0.747433 -0.173594
0.372948 0.366199 265.700000 -0.768390 -0.245081
0.372925 0.366069 265.800000 -0.790584 -0.197978
0.372907 0.365933 265.900000 -0.805228 -0.094313
0.372891 0.365796 266.000000 -0.813560 -0.072254
0.372877 0.365659 266.100000 -0.818323 -0.023067
0.372861 0.365525 266.200000 -0.812767 0.133895
0.372839 0.365403 266.300000 -0.791881 0.282757
0.372809 0.365274 266.400000 -0.766997 0.213124
0.372773 0.365150 266.500000 -0.743335 0.258676
0.372725 0.365073 266.600000 -0.701864 0.569116
0.372665 0.364973 266.700000 -0.651123 0.442525
0.372595 0.364861 266.800000 -0.610775 0.361906
0.372516 0.364782 266.900000 -0.564953 0.552435
0.372426 0.364686 267.000000 -0.513856 0.466489
0.372328 0.364580 267.100000 -0.470095 0.406165
0.372221 0.364517 267.200000 -0.418440 0.624692
0.372105 0.364473 267.300000 -0.351882 0.703181
0.371980 0.364486 267.400000 -0.271800 0.894798
0.371847 0.364475 267.500000 -0.186002 0.816586
0.371710 0.364475 267.600000 -0.102193 0.855476
0.371572 0.364422 267.700000 -0.025987 0.664343
0.371433 0.364382 267.800000 0.043371 0.719517
0.371298 0.364437 267.900000 0.130118 1.011901
0.371170 0.364537 268.000000 0.237175 1.124305
0.371055 0.364667 268.100000 0.353376 1.194275
0.370958 0.364770 268.200000 0.470007 1.132596
0.370881 0.364823 268.300000 0.577170 1.005298
0.370825 0.364771 268.400000 0.661316 0.672912
0.370789 0.364793 268.500000 0.741135 0.920494
0.370779 0.364793 268.600000 0.830072 0.854052
0.370798 0.364813 268.700000 0.918661 0.913922
0.370847 0.364788 268.800000 1.003154 0.771883
0.370922 0.364710 268.900000 1.069938 0.560478
0.371016 0.364597 269.000000 1.115307 0.344644
0.371123 0.364482 269.100000 1.149093 0.329935
0.371242 0.364356 269.200000 1.176877 0.224689
0.371367 0.364221 269.300000 1.190269 0.042619
0.371490 0.364090 269.400000 1.184523 -0.157155
0.371604 0.363963 269.500000 1.166261 -0.206707
0.371707 0.363848 269.600000 1.139646 -0.323993
0.371796 0.363737 269.700000 1.105137 -0.363993
0.371863 0.363694 269.800000 1.051763 -0.701149
0.371901 0.363692 269.900000 0.974150 -0.847117
0.371906 0.363786 270.000000 0.875928 -1.112657
0.371875 0.363919 270.100000 0.759908 -1.201807
0.371815 0.363987 270.200000 0.647150 -1.047016
0.371730 0.364133 270.300000 0.532911 -1.232254
0.371622 0.364368 270.400000 0.400339 -1.412825
0.371497 0.364621 270.500000 0.256858 -1.449606
0.371362 0.364886 270.600000 0.110529 -1.469667
0.371225 0.365067 270.700000 -0.028720 -1.307987
0.371092 0.365158 270.800000 -0.149797 -1.107080
0.370966 0.365158 270.900000 -0.248153 -0.854617
0.370850 0.365153 271.000000 -0.332923 -0.836688
0.370746 0.365200 271.100000 -0.424680 -0.994474
0.370661 0.365258 271.200000 -0.525701 -1.021249
0.370595 0.365251 271.300000 -0.618621 -0.832343
0.370551 0.365305 271.400000 -0.711073 -1.012908
0.370533 0.365294 271.500000 -0.802869 -0.818339
0.370540 0.365268 271.600000 -0.882291 -0.766467
0.370570 0.365197 271.700000 -0.950273 -0.589809
0.370620 0.365111 271.800000 -1.005306 -0.508414
0.370682 0.364981 271.900000 -1.038365 -0.150738
0.370746 0.364846 272.000000 -1.045336 0.011560
0.370807 0.364719 272.100000 -1.035156 0.191447
0.370863 0.364585 272.200000 -1.024339 0.023420
0.370921 0.364452 272.300000 -1.026512 -0.067524
0.370980 0.364319 272.400000 -1.031095 -0.024317
0.371041 0.364187 272.500000 -1.037145 -0.097076
0.371103 0.364054 272.600000 -1.039531 0.049318
0.371159 0.363930 272.700000 -1.025342 0.233701
0.371205 0.363820 272.800000 -0.995934 0.352799
0.371234 0.363749 272.900000 -0.949002 0.583591
0.371242 0.363694 273.000000 -0.886963 0.653823
0.371229 0.363651 273.100000 -0.818880 0.704167
0.371197 0.363582 273.200000 -0.754033 0.588861
0.371149 0.363532 273.300000 -0.690670 0.675103
0.371080 0.363595 273.400000 -0.604963 1.035380
0.370990 0.363655 273.500000 -0.501599 1.026460
0.370884 0.363719 273.600000 -0.398046 1.039278
0.370764 0.363796 273.700000 -0.292293 1.070425
0.370635 0.363880 273.800000 -0.183991 1.090186
0.370500 0.364003 273.900000 -0.069982 1.184496
0.370365 0.364090 274.000000 0.044390 1.097044
0.370234 0.364130 274.100000 0.148194 0.973631
0.370110 0.364136 274.200000 0.240699 0.871707
0.369994 0.364120 274.300000 0.324590 0.801925
0.369890 0.364138 274.400000 0.410278 0.908030
0.369800 0.364107 274.500000 0.493364 0.749397
0.369724 0.364075 274.600000 0.568020 0.740257
0.369665 0.364059 274.700000 0.645229 0.800560
0.369624 0.363995 274.800000 0.716239 0.615996
0.369597 0.363899 274.900000 0.769339 0.443296
0.369581 0.363784 275.000000 0.806975 0.307624
0.369573 0.363659 275.100000 0.832778 0.207318
0.369573 0.363551 275.200000 0.861340 0.363323
0.369586 0.363443 275.300000 0.897921 0.366929
0.369611 0.363349 275.400000 0.939181 0.456914
0.369651 0.363239 275.500000 0.979445 0.346569
0.369698 0.363108 275.600000 0.998270 0.028705
0.369746 0.362977 275.700000 1.002852 0.063300
0.369796 0.362846 275.800000 1.007720 0.034247
0.369847 0.362714 275.900000 1.008784 -0.012642
0.369894 0.362588 276.000000 0.999952 -0.163433
0.369934 0.362465 276.100000 0.980884 -0.216616
0.369966 0.362347 276.200000 0.956204 -0.275418
0.369989 0.362225 276.300000 0.931110 -0.224605
0.370002 0.362116 276.400000 0.902366 -0.348702
0.370002 0.362033 276.500000 0.859265 -0.511144
0.369986 0.361945 276.600000 0.809245 -0.486292
0.369956 0.361881 276.700000 0.754230 -0.611207
0.369909 0.361818 276.800000 0.693016 -0.609667
0.369844 0.361817 276.900000 0.620013 -0.847034
0.369761 0.361873 277.000000 0.526564 -1.017454
0.369660 0.361940 277.100000 0.423060 -1.047324
0.369545 0.362018 277.200000 0.316604 -1.076399
0.369420 0.362029 277.300000 0.218226 -0.885650
0.369290 0.362008 277.400000 0.134754 -0.779291
0.369158 0.361977 277.500000 0.058500 -0.741869
0.369025 0.361931 277.600000 -0.013019 -0.684810
0.368893 0.361834 277.700000 -0.069018 -0.431771
0.368763 0.361752 277.800000 -0.116488 -0.515533
0.368635 0.361679 277.900000 -0.170461 -0.561432
0.368512 0.361591 278.000000 -0.222968 -0.486020
0.368392 0.361493 278.100000 -0.268427 -0.420860
0.368276 0.361375 278.200000 -0.302695 -0.262556
0.368164 0.361268 278.300000 -0.333661 -0.355618
0.368057 0.361182 278.400000 -0.376196 -0.493497
0.367957 0.361088 278.500000 -0.423151 -0.443349
0.367865 0.361006 278.600000 -0.471140 -0.514441
0.367783 0.360938 278.700000 -0.526349 -0.587434
0.367710 0.360841 278.800000 -0.576944 -0.421829
0.367647 0.360738 278.900000 -0.617563 -0.388742
0.367591 0.360621 279.000000 -0.650115 -0.260694
0.367540 0.360498 279.100000 -0.672534 -0.186717
0.367495 0.360382 279.200000 -0.695069 -0.263392
0.367452 0.360254 279.300000 -0.703719 0.091362
0.367406 0.360133 279.400000 -0.689162 0.198971
0.367353 0.360027 279.500000 -0.661293 0.357088
0.367290 0.359936 279.600000 -0.620331 0.460056
0.367216 0.359884 279.700000 -0.564461 0.654768
0.367127 0.359882 279.800000 -0.489455 0.841834
0.367026 0.359863 279.900000 -0.407922 0.784395
0.366914 0.359851 280.000000 -0.328150 0.806957
0.366793 0.359893 280.100000 -0.238748 0.976938
0.366666 0.359987 280.200000 -0.133734 1.118399
0.366535 0.360078 280.300000 -0.022145 1.107780
0.366406 0.360157 280.400000 0.087477 1.079169
0.366282 0.360251 280.500000 0.197616 1.118313
0.366168 0.360324 280.600000 0.306867 1.061266
0.366068 0.360402 280.700000 0.414063 1.077559
0.365986 0.360446 280.800000 0.517365 0.983351
0.365920 0.360402 280.900000 0.601156 0.687847
0.365868 0.360331 281.000000 0.663981 0.565552
0.365833 0.360304 281.100000 0.730179 0.755950
0.365819 0.360298 281.200000 0.809625 0.829596
0.365828 0.360244 281.300000 0.883494 0.644083
0.365856 0.360172 281.400000 0.943833 0.559953
0.365895 0.360044 281.500000 0.974959 0.060238
0.365935 0.359917 281.600000 0.977641 -0.006406
0.365976 0.359790 281.700000 0.981173 0.077572
0.366018 0.359663 281.800000 0.983485 -0.031227
0.366056 0.359538 281.900000 0.975098 -0.135869
0.366085 0.359447 282.000000 0.945714 -0.450655
0.366099 0.359356 282.100000 0.900401 -0.452902
0.366098 0.359275 282.200000 0.852082 -0.510779
0.366080 0.359224 282.300000 0.793423 -0.659448
0.366042 0.359200 282.400000 0.722233 -0.760694
0.365985 0.359212 282.500000 0.639624 -0.887361
0.365906 0.359345 282.600000 0.534429 -1.211833
0.365807 0.359504 282.700000 0.409862 -1.273250
0.365691 0.359667 282.800000 0.281886 -1.279757
0.365567 0.359801 282.900000 0.156734 -1.216805
0.365438 0.359982 283.000000 0.029582 -1.320146
0.365310 0.360148 283.100000 -0.101147 -1.287882
0.365190 0.360269 283.200000 -0.225177 -1.186400
0.365083 0.360400 283.300000 -0.345288 -1.210058
0.364992 0.360511 283.400000 -0.464173 -1.161828
0.364921 0.360570 283.500000 -0.573894 -1.027069
0.364872 0.360600 283.600000 -0.672651 -0.943258
0.364847 0.360621 283.700000 -0.765881 -0.917029
0.364847 0.360627 283.800000 -0.855536 -0.871899
0.364874 0.360602 283.900000 -0.937325 -0.760012
0.364924 0.360551 284.000000 -1.008319 -0.656575
0.364995 0.360460 284.100000 -1.063968 -0.453642
0.365081 0.360354 284.200000 -1.103869 -0.342676
0.365182 0.360261 284.300000 -1.142889 -0.436574
0.365295 0.360138 284.400000 -1.171306 -0.130186
0.365409 0.360011 284.500000 -1.175392 0.048545
0.365521 0.359886 284.600000 -1.169068 0.077091
0.365627 0.359766 284.700000 -1.155824 0.186829
0.365719 0.359684 284.800000 -1.121235 0.503462
0.365792 0.359608 284.900000 -1.069107 0.536035
0.365846 0.359518 285.000000 -1.019491 0.453094
0.365883 0.359437 285.100000 -0.971280 0.508358
0.365902 0.359360 285.200000 -0.919295 0.528352
0.365903 0.359320 285.300000 -0.857700 0.700463
0.365885 0.359262 285.400000 -0.791480 0.620032
0.365847 0.359257 285.500000 -0.718661 0.832894
0.365788 0.359286 285.600000 -0.629772 0.940407
0.365712 0.359268 285.700000 -0.543353 0.782996
0.365621 0.359294 285.800000 -0.457496 0.929995
0.365516 0.359300 285.900000 -0.367358 0.867943
0.365403 0.359297 286.000000 -0.281737 0.839988
0.365282 0.359296 286.100000 -0.197417 0.842104
0.365156 0.359324 286.200000 -0.108194 0.938093
0.365029 0.359361 286.300000 -0.012746 0.966187
0.364903 0.359404 286.400000 0.084940 0.982729
0.364781 0.359442 286.500000 0.182652 0.966690
0.364670 0.359644 286.600000 0.299742 1.370453
0.364577 0.359905 286.700000 0.442959 1.487260
0.364511 0.360163 286.800000 0.591912 1.484651
0.364479 0.360411 286.900000 0.739698 1.464022
0.364485 0.360548 287.000000 0.874578 1.226686
0.364534 0.360753 287.100000 1.005072 1.377584
0.364630 0.360861 287.200000 1.132273 1.160120
0.364775 0.360980 287.300000 1.249759 1.184426
0.364965 0.360968 287.400000 1.349637 0.807877
0.365190 0.360919 287.500000 1.423476 0.665574
0.365446 0.360841 287.600000 1.482975 0.521824
0.365724 0.360741 287.700000 1.528164 0.380132
0.366026 0.360657 287.800000 1.571718 0.489840
0.366351 0.360553 287.900000 1.613566 0.345483
0.366687 0.360428 288.000000 1.633421 0.050707
0.367015 0.360320 288.100000 1.619996 -0.318665
0.367322 0.360229 288.200000 1.581960 -0.439667
0.367596 0.360203 288.300000 1.522099 -0.754582
0.367828 0.360221 288.400000 1.438710 -0.908709
0.368010 0.360313 288.500000 1.337128 -1.117713
0.368140 0.360447 288.600000 1.219724 -1.224163
0.368220 0.360603 288.700000 1.094586 -1.271930
0.368254 0.360772 288.800000 0.965464 -1.303669
0.368247 0.360938 288.900000 0.835131 -1.296037
0.368205 0.361131 289.000000 0.702225 -1.355256
0.368131 0.361423 289.100000 0.556445 -1.553297
0.368031 0.361798 289.200000 0.393373 -1.700182
0.367912 0.362186 289.300000 0.221725 -1.724165
0.367785 0.362663 289.400000 0.041722 -1.867243
0.367662 0.363023 289.500000 -0.135923 -1.676385
0.367550 0.363316 289.600000 -0.297964 -1.556209
0.367459 0.363622 289.700000 -0.455265 -1.582258
0.367395 0.363812 289.800000 -0.602327 -1.351363
0.367362 0.364005 289.900000 -0.738123 -1.358183
0.367367 0.364190 290.000000 -0.873557 -1.344142
0.367414 0.364335 290.100000 -1.003665 -1.251808
0.367506 0.364460 290.200000 -1.126798 -1.205169
0.367643 0.364506 290.300000 -1.237224 -0.997929
0.367824 0.364550 290.400000 -1.336952 -0.992328
0.368045 0.364505 290.500000 -1.421010 -0.684573
0.368302 0.364482 290.600000 -1.494048 -0.773518
0.368593 0.364400 290.700000 -1.558032 -0.503075
0.368910 0.364312 290.800000 -1.606302 -0.460623
0.369243 0.364190 290.900000 -1.636120 -0.134254
0.369585 0.364071 291.000000 -1.652405 -0.191613
0.369938 0.363952 291.100000 -1.671738 -0.194920
0.370292 0.363831 291.200000 -1.673861 0.152594
0.370626 0.363754 291.300000 -1.639773 0.527585
0.370931 0.363675 291.400000 -1.587547 0.513496
0.371208 0.363599 291.500000 -1.535022 0.533646
0.371456 0.363530 291.600000 -1.479737 0.568644
0.371671 0.363508 291.700000 -1.412434 0.773859
0.371848 0.363496 291.800000 -1.332834 0.813607
0.371986 0.363527 291.900000 -1.244349 0.951400
0.372081 0.363607 292.000000 -1.141855 1.093163
0.372136 0.363686 292.100000 -1.032329 1.091370
0.372154 0.363792 292.200000 -0.919480 1.159682
0.372135 0.363960 292.300000 -0.795831 1.307101
0.372086 0.364030 292.400000 -0.676713 1.068370
0.372013 0.364145 292.500000 -0.563897 1.182338
0.371917 0.364408 292.600000 -0.429211 1.505266
0.371804 0.364644 292.700000 -0.280835 1.454586
0.371680 0.364975 292.800000 -0.126113 1.632519
0.371553 0.365370 292.900000 0.043208 1.745758
0.371435 0.365795 293.000000 0.220646 1.794392
0.371335 0.366217 293.100000 0.400365 1.791219
0.371265 0.366579 293.200000 0.574808 1.688958
0.371227 0.366712 293.300000 0.721134 1.229480
0.371221 0.366823 293.400000 0.841739 1.176883
0.371248 0.366849 293.500000 0.947969 0.942312
0.371304 0.366842 293.600000 1.036971 0.833545
0.371388 0.366791 293.700000 1.111796 0.659351
0.371493 0.366696 293.800000 1.165849 0.418981
0.371617 0.366616 293.900000 1.212420 0.510958
0.371762 0.366531 294.000000 1.262269 0.484111
0.371928 0.366452 294.100000 1.312310 0.514956
0.372119 0.366386 294.200000 1.367512 0.587200
0.372334 0.366287 294.300000 1.416501 0.390343
0.372568 0.366194 294.400000 1.457427 0.426974
0.372819 0.366080 294.500000 1.491182 0.246740
0.373078 0.365957 294.600000 1.508279 0.094709
0.373338 0.365834 294.700000 1.508657 -0.086862
0.373592 0.365712 294.800000 1.499265 -0.099771
0.373835 0.365610 294.900000 1.476101 -0.362289
0.374059 0.365512 295.000000 1.438400 -0.389184
0.374267 0.365397 295.100000 1.407351 -0.229133
0.374465 0.365282 295.200000 1.384176 -0.232524
0.374654 0.365162 295.300000 1.365956 -0.130022
0.374835 0.365045 295.400000 1.348938 -0.209004
0.375005 0.364938 295.500000 1.323039 -0.307264
0.375153 0.364879 295.600000 1.276797 -0.615404
0.375272 0.364872 295.700000 1.204281 -0.831241
0.375353 0.364931 295.800000 1.110478 -1.040114
0.375394 0.365063 295.900000 0.996754 -1.228660
0.375395 0.365233 296.000000 0.869161 -1.316621
0.375361 0.365355 296.100000 0.742654 -1.206558
0.375298 0.365578 296.200000 0.610433 -1.431522
0.375208 0.365799 296.300000 0.467039 -1.428979
0.375098 0.366152 296.400000 0.311170 -1.681104
0.374974 0.366574 296.500000 0.136750 -1.798822
0.374848 0.367052 296.600000 -0.048138 -1.889978
0.374732 0.367543 296.700000 -0.238607 -1.910060
0.374636 0.367979 296.800000 -0.425693 -1.822322
0.374572 0.368427 296.900000 -0.609437 -1.843757
0.374551 0.368804 297.000000 -0.788329 -1.725262
0.374582 0.369248 297.100000 -0.966910 -1.838215
0.374678 0.369651 297.200000 -1.147775 -1.770484
0.374838 0.369846 297.300000 -1.305616 -1.378122
0.375062 0.370041 297.400000 -1.443697 -1.377344
0.375355 0.370206 297.500000 -1.578529 -1.313210
0.375712 0.370259 297.600000 -1.695852 -1.027532
0.376132 0.370345 297.700000 -1.803312 -1.117449
0.376613 0.370340 297.800000 -1.901693 -0.845519
0.377134 0.370245 297.900000 -1.964765 -0.412694
0.377672 0.370122 298.000000 -1.990240 -0.095731
0.378207 0.370002 298.100000 -1.987460 0.150814
0.378736 0.369878 298.200000 -1.976835 0.059931
0.379261 0.369754 298.300000 -1.972295 0.029561
0.379778 0.369636 298.400000 -1.961389 0.187439
0.380272 0.369555 298.500000 -1.926882 0.500784
0.380727 0.369524 298.600000 -1.864464 0.744152
0.381133 0.369517 298.700000 -1.785284 0.834815
0.381481 0.369612 298.800000 -1.686040 1.145048
0.381764 0.369741 298.900000 -1.566984 1.229564
0.381987 0.369839 299.000000 -1.447632 1.150598
0.382155 0.369941 299.100000 -1.331745 1.160713
0.382273 0.370064 299.200000 -1.212606 1.215650
0.382345 0.370165 299.300000 -1.093454 1.160767
0.382374 0.370344 299.400000 -0.967838 1.345260
0.382357 0.370715 299.500000 -0.814134 1.721687
0.382298 0.371102 299.600000 -0.640111 1.749849
0.382207 0.371450 299.700000 -0.468051 1.682367
0.382094 0.371837 299.800000 -0.295991 1.750271
0.381969 0.372239 299.900000 -0.119263 1.775475
0.381843 0.372813 300.000000 0.072327 2.047494
0.381728 0.373358 300.100000 0.275428 2.004424
0.381638 0.373843 300.200000 0.471772 1.912679
0.381583 0.374241 300.300000 0.656422 1.771069
0.381572 0.374662 300.400000 0.835931 1.810697
0.381615 0.375014 300.500000 1.011603 1.694195
0.381715 0.375214 300.600000 1.166539 1.396621
0.381872 0.375420 300.700000 1.307233 1.410943
0.382089 0.375543 300.800000 1.439192 1.221903
0.382361 0.375581 300.900000 1.550031 0.989542
0.382678 0.375536 301.000000 1.634233 0.690368
0.383019 0.375420 301.100000 1.680597 0.234298
0.383371 0.375299 301.200000 1.699171 0.136878
0.383725 0.375175 301.300000 1.701700 -0.086140
0.384066 0.375068 301.400000 1.681336 -0.319863
0.384385 0.374985 301.500000 1.640357 -0.497284
0.384667 0.374986 301.600000 1.571742 -0.871753
0.384902 0.375016 301.700000 1.479661 -0.964752
0.385091 0.375049 301.800000 1.382491 -0.973138
0.385228 0.375240 301.900000 1.264579 -1.379600
0.385313 0.375389 302.000000 1.130895 -1.286619
0.385348 0.375638 302.100000 0.991192 -1.500503
0.385337 0.375878 302.200000 0.841509 -1.485237
0.385289 0.376113 302.300000 0.693179 -1.473583
0.385211 0.376355 302.400000 0.544694 -1.488479
0.385111 0.376483 302.500000 0.408091 -1.235912
0.384997 0.376602 302.600000 0.285312 -1.213356
0.384875 0.376663 302.700000 0.171357 -1.059590
0.384749 0.376678 302.800000 0.072202 -0.918163
0.384622 0.376625 302.900000 -0.006927 -0.659820
0.384496 0.376581 303.000000 -0.074954 -0.697475
0.384373 0.376571 303.100000 -0.151621 -0.832453
0.384255 0.376519 303.200000 -0.226530 -0.661665
0.384142 0.376454 303.300000 -0.289752 -0.599606
0.384036 0.376425 303.400000 -0.357811 -0.758772
0.383942 0.376417 303.500000 -0.437777 -0.836969
0.383859 0.376379 303.600000 -0.516085 -0.725277
0.383789 0.376338 303.700000 -0.587891 -0.707509
0.383734 0.376283 303.800000 -0.655901 -0.649489
0.383692 0.376205 303.900000 -0.714870 -0.527003
0.383662 0.376120 304.000000 -0.765420 -0.481737
0.383644 0.376028 304.100000 -0.811678 -0.441425
0.383636 0.375916 304.200000 -0.846940 -0.262029
0.383632 0.375793 304.300000 -0.863530 -0.068904
0.383631 0.375670 304.400000 -0.869542 -0.051421
0.383629 0.375547 304.500000 -0.869570 0.050680
0.383629 0.375429 304.600000 -0.875439 -0.168754
0.383631 0.375306 304.700000 -0.885950 -0.041067
0.383633 0.375186 304.800000 -0.880752 0.144796
0.383626 0.375094 304.900000 -0.851643 0.436223
0.383607 0.375005 305.000000 -0.807074 0.452577
0.383572 0.374991 305.100000 -0.743525 0.815765
0.383518 0.374967 305.200000 -0.663628 0.777759
0.383449 0.374953 305.300000 -0.583757 0.815483
0.383364 0.374933 305.400000 -0.503221 0.790901
0.383269 0.374884 305.500000 -0.429971 0.669921
0.383166 0.374828 305.600000 -0.364227 0.641431
0.383054 0.374805 305.700000 -0.292977 0.780217
0.382936 0.374840 305.800000 -0.204733 0.980657
0.382813 0.374873 305.900000 -0.106666 0.975731
0.382688 0.374877 306.000000 -0.013605 0.880607
0.382564 0.374913 306.100000 0.079848 0.984086
0.382444 0.374929 306.200000 0.175297 0.920065
0.382330 0.374916 306.300000 0.262438 0.818293
0.382224 0.374861 306.400000 0.335645 0.641902
0.382124 0.374766 306.500000 0.388448 0.411157
0.382030 0.374690 306.600000 0.435706 0.532170
0.381945 0.374623 306.700000 0.491644 0.584166
0.381870 0.374564 306.800000 0.552051 0.621343
0.381806 0.374489 306.900000 0.609986 0.534551
0.381752 0.374390 307.000000 0.655761 0.378607
0.381706 0.374288 307.100000 0.692095 0.346529
0.381667 0.374178 307.200000 0.722821 0.266613
0.381634 0.374071 307.300000 0.751243 0.300868
0.381609 0.373960 307.400000 0.779212 0.257403
0.381588 0.373840 307.500000 0.797289 0.103249
0.381570 0.373720 307.600000 0.807129 0.093456
0.381553 0.373598 307.700000 0.812672 0.017347
0.381534 0.373483 307.800000 0.804221 -0.186060
0.381504 0.373440 307.900000 0.760072 -0.695621
0.381453 0.373525 308.000000 0.668704 -1.127935
0.381378 0.373690 308.100000 0.545678 -1.326675
0.381281 0.373905 308.200000 0.407001 -1.440032
0.381168 0.374144 308.300000 0.260071 -1.491223
0.381046 0.374402 308.400000 0.108681 -1.529085
0.380923 0.374615 308.500000 -0.040019 -1.437274
0.380805 0.374803 308.600000 -0.181393 -1.383119
0.380698 0.374948 308.700000 -0.314988 -1.282024
0.380606 0.375052 308.800000 -0.438356 -1.179133
0.380532 0.375128 308.900000 -0.552864 -1.105415
0.380477 0.375112 309.000000 -0.648657 -0.805239
0.380437 0.375037 309.100000 -0.715882 -0.535592
0.380411 0.374986 309.200000 -0.775802 -0.660530
0.380399 0.374885 309.300000 -0.826773 -0.355980
0.380391 0.374764 309.400000 -0.844550 0.001790
0.380380 0.374651 309.500000 -0.833587 0.217058
0.380365 0.374533 309.600000 -0.815907 0.135037
0.380345 0.374420 309.700000 -0.797574 0.230541
0.380318 0.374316 309.800000 -0.770084 0.317719
0.380282 0.374224 309.900000 -0.732815 0.425702
0.380234 0.374162 310.000000 -0.681319 0.601769
0.380172 0.374142 310.100000 -0.611600 0.789297
0.380095 0.374109 310.200000 -0.535147 0.735526
0.380008 0.374040 310.300000 -0.469667 0.570166
0.379913 0.373980 310.400000 -0.410503 0.610047
0.379810 0.373937 310.500000 -0.345155 0.693706
0.379700 0.373895 310.600000 -0.275464 0.696499
0.379585 0.373846 310.700000 -0.207011 0.668976
0.379466 0.373804 310.800000 -0.138583 0.696174
0.379344 0.373839 310.900000 -0.054428 0.983424
0.379222 0.373780 311.000000 0.025803 0.616288
0.379102 0.373741 311.100000 0.092188 0.708376
0.378984 0.373643 311.200000 0.146502 0.374421
0.378868 0.373577 311.300000 0.194345 0.580662
0.378756 0.373493 311.400000 0.246956 0.468779
0.378647 0.373384 311.500000 0.283508 0.260059
0.378541 0.373265 311.600000 0.301582 0.100280
0.378435 0.373149 311.700000 0.313480 0.137326
0.378330 0.373030 311.800000 0.323279 0.058136
0.378227 0.372912 311.900000 0.331162 0.099397
0.378125 0.372804 312.000000 0.349659 0.270220
0.378028 0.372714 312.100000 0.384814 0.431740
0.377933 0.372596 312.200000 0.409440 0.058816
0.377841 0.372488 312.300000 0.425999 0.272295
0.377751 0.372370 312.400000 0.436061 -0.072207
0.377659 0.372252 312.500000 0.427758 -0.093274
0.377568 0.372134 312.600000 0.426829 0.075367
0.377477 0.372015 312.700000 0.431116 0.010226
0.377386 0.371896 312.800000 0.432036 0.008326
0.377296 0.371778 312.900000 0.436516 0.081463
0.377207 0.371663 313.000000 0.447570 0.139438
0.377120 0.371544 313.100000 0.455828 0.025256
0.377034 0.371427 313.200000 0.461762 0.093536
0.376950 0.371315 313.300000 0.476567 0.202332
0.376869 0.371205 313.400000 0.498510 0.235779
0.376793 0.371099 313.500000 0.524187 0.276845
0.376720 0.370988 313.600000 0.548350 0.205310
0.376652 0.370876 313.700000 0.569180 0.210535
0.376590 0.370794 313.800000 0.603496 0.475044
0.376537 0.370709 313.900000 0.650011 0.453214
0.376495 0.370626 314.000000 0.696317 0.470986
0.376460 0.370519 314.100000 0.732851 0.257717
0.376431 0.370406 314.200000 0.755022 0.184780
0.376408 0.370302 314.300000 0.778809 0.290444
0.376392 0.370198 314.400000 0.808071 0.293745
0.376382 0.370084 314.500000 0.830190 0.147585
0.376374 0.369966 314.600000 0.837891 0.006106
0.376364 0.369851 314.700000 0.832540 -0.112734
0.376351 0.369741 314.800000 0.815632 -0.224457
0.376328 0.369655 314.900000 0.782329 -0.440078
0.376294 0.369591 315.000000 0.731129 -0.581361
0.376245 0.369551 315.100000 0.667011 -0.697767
0.376183 0.369483 315.200000 0.604087 -0.556903
0.376112 0.369404 315.300000 0.551369 -0.494390
0.376031 0.369376 315.400000 0.489035 -0.749575
0.375940 0.369325 315.500000 0.419255 -0.642066
0.375840 0.369297 315.600000 0.349370 -0.752255
0.375734 0.369230 315.700000 0.283535 -0.560529
0.375623 0.369173 315.800000 0.224722 -0.612814
0.375507 0.369183 315.900000 0.149132 -0.895862
0.375389 0.369165 316.000000 0.064525 -0.791761
0.375271 0.369127 316.100000 -0.010570 -0.706189
0.375153 0.369071 316.200000 -0.076861 -0.616136
0.375037 0.368993 316.300000 -0.132727 -0.498168
0.374924 0.368910 316.400000 -0.180868 -0.462248
0.374813 0.368800 316.500000 -0.214391 -0.206011
0.374703 0.368696 316.600000 -0.238348 -0.272207
0.374596 0.368599 316.700000 -0.269566 -0.350930
0.374493 0.368508 316.800000 -0.307271 -0.401590
0.374393 0.368406 316.900000 -0.342601 -0.303162
0.374298 0.368322 317.000000 -0.380183 -0.447163
0.374209 0.368235 317.100000 -0.424385 -0.434847
0.374125 0.368146 317.200000 -0.466893 -0.413378
0.374049 0.368084 317.300000 -0.516947 -0.585895
0.373984 0.368032 317.400000 -0.578073 -0.633996
0.373933 0.368015 317.500000 -0.649717 -0.796040
0.373899 0.368006 317.600000 -0.730822 -0.822465
0.373883 0.367949 317.700000 -0.802600 -0.609373
0.373878 0.367847 317.800000 -0.847894 -0.293875
0.373884 0.367762 317.900000 -0.884970 -0.446634
0.373900 0.367662 318.000000 -0.923280 -0.317800
0.373923 0.367548 318.100000 -0.943213 -0.079736
0.373942 0.367442 318.200000 -0.935093 0.242076
0.373953 0.367352 318.300000 -0.902816 0.401796
0.373954 0.367250 318.400000 -0.867889 0.294291
0.373949 0.367136 318.500000 -0.847567 0.110244
0.373938 0.367042 318.600000 -0.823837 0.363391
0.373916 0.366974 318.700000 -0.778110 0.548957
0.373880 0.366918 318.800000 -0.719840 0.613327
0.373832 0.366841 318.900000 -0.664346 0.493155
0.373775 0.366751 319.000000 -0.619598 0.399031
0.373709 0.366686 319.100000 -0.571460 0.561448
0.373632 0.366672 319.200000 -0.503039 0.803901
0.373541 0.366725 319.300000 -0.410811 1.036451
0.373438 0.366823 319.400000 -0.300421 1.166018
0.373327 0.366885 319.500000 -0.188772 1.061038
0.373211 0.366917 319.600000 -0.086943 0.970186
0.373095 0.367030 319.700000 0.022113 1.206108
0.372981 0.367062 319.800000 0.131243 0.970512
0.372872 0.367064 319.900000 0.223111 0.862107
0.372769 0.367005 320.000000 0.296429 0.600076
0.372672 0.366923 320.100000 0.349154 0.451600
0.372580 0.366834 320.200000 0.392342 0.410107
0.372493 0.366752 320.300000 0.435709 0.455402
0.372414 0.366688 320.400000 0.486854 0.565463
0.372344 0.366638 320.500000 0.547462 0.644156
0.372288 0.366628 320.600000 0.620772 0.819140
0.372250 0.366647 320.700000 0.708178 0.925238
0.372234 0.366669 320.800000 0.801284 0.932655
0.372243 0.366691 320.900000 0.894896 0.935377
0.372281 0.366742 321.000000 0.993440 1.031334
0.372347 0.366709 321.100000 1.081377 0.722788
0.372438 0.366668 321.200000 1.151801 0.682654
0.372549 0.366588 321.300000 1.209704 0.472602
0.372675 0.366483 321.400000 1.245584 0.243252
0.372803 0.366371 321.500000 1.252456 -0.106392
0.372926 0.366260 321.600000 1.240959 -0.122401
0.373040 0.366171 321.700000 1.214774 -0.400066
0.373138 0.366082 321.800000 1.174520 -0.402417
0.373221 0.366004 321.900000 1.130473 -0.475941
0.373283 0.365962 322.000000 1.072507 -0.680477
0.373325 0.365905 322.100000 1.008184 -0.602072
0.373347 0.365873 322.200000 0.941523 -0.727657
0.373344 0.365924 322.300000 0.853416 -1.030426
0.373313 0.366065 322.400000 0.737625 -1.279871
0.373253 0.366282 322.500000 0.600321 -1.459506
0.373169 0.366518 322.600000 0.451786 -1.503679
0.373067 0.366787 322.700000 0.297632 -1.571723
0.372954 0.367124 322.800000 0.133371 -1.705585
0.372839 0.367506 322.900000 -0.041773 -1.788788
0.372731 0.367856 323.000000 -0.218212 -1.731164
0.372640 0.368248 323.100000 -0.395630 -1.808736
0.372576 0.368678 323.200000 -0.580217 -1.874253
0.372551 0.369055 323.300000 -0.763469 -1.781809
0.372571 0.369359 323.400000 -0.935236 -1.645096
0.372643 0.369668 323.500000 -1.100672 -1.655941
0.372772 0.369882 323.600000 -1.256728 -1.457539
0.372960 0.370069 323.700000 -1.399686 -1.395039
0.373210 0.370241 323.800000 -1.537911 -1.363258
0.373536 0.370575 323.900000 -1.691527 -1.703096
0.373954 0.370879 324.000000 -1.859476 -1.648316
0.374450 0.370910 324.100000 -1.990828 -0.971467
0.375006 0.370931 324.200000 -2.086350 -0.935175
0.375621 0.370939 324.300000 -2.177890 -0.892041
0.376288 0.370884 324.400000 -2.253740 -0.621642
0.376992 0.370802 324.500000 -2.307534 -0.452281
0.377717 0.370690 324.600000 -2.336748 -0.130915
0.378441 0.370579 324.700000 -2.336071 0.143945
0.379147 0.370484 324.800000 -2.311226 0.351060
0.379810 0.370480 324.900000 -2.251257 0.845459
0.380400 0.370625 325.000000 -2.143873 1.296907
0.380898 0.370893 325.100000 -1.999795 1.577174
0.381298 0.371230 325.200000 -1.834902 1.711883
0.381603 0.371629 325.300000 -1.657475 1.827254
0.381817 0.372100 325.400000 -1.468012 1.952134
0.381951 0.372477 325.500000 -1.280400 1.789701
0.382018 0.372926 325.600000 -1.094737 1.914053
0.382028 0.373292 325.700000 -0.909983 1.770982
0.381994 0.373618 325.800000 -0.736261 1.694238
0.381924 0.374021 325.900000 -0.559284 1.836557
0.381829 0.374423 326.000000 -0.375165 1.836441
0.381718 0.374801 326.100000 -0.193296 1.791665
0.381601 0.375138 326.200000 -0.017336 1.718556
0.381487 0.375456 326.300000 0.153036 1.680384
0.381387 0.375875 326.400000 0.330865 1.867969
0.381312 0.376295 326.500000 0.518162 1.868879
0.381269 0.376631 326.600000 0.697940 1.717682
0.381270 0.377022 326.700000 0.875131 1.817993
0.381326 0.377465 326.800000 1.062043 1.911695
0.381449 0.377893 326.900000 1.252328 1.885081
0.381644 0.378180 327.000000 1.428126 1.622167
0.381908 0.378355 327.100000 1.578569 1.379390
0.382233 0.378408 327.200000 1.700268 1.048540
0.382607 0.378388 327.300000 1.792577 0.793288
0.383017 0.378312 327.400000 1.857842 0.508990
0.383456 0.378233 327.500000 1.907882 0.490210
0.383919 0.378136 327.600000 1.949854 0.347765
0.384393 0.378021 327.700000 1.968190 0.018217
0.384864 0.377907 327.800000 1.964066 -0.099808
0.385323 0.377805 327.900000 1.944338 -0.293267
0.385758 0.377729 328.000000 1.904190 -0.507279
0.386160 0.377673 328.100000 1.847664 -0.619770
0.386525 0.377643 328.200000 1.779135 -0.746813
0.386845 0.377651 328.300000 1.696604 -0.899223
0.387118 0.377686 328.400000 1.601767 -0.992216
0.387342 0.377749 328.500000 1.497728 -1.082846
0.387517 0.377826 328.600000 1.387064 -1.124332
0.387648 0.377870 328.700000 1.279530 -1.020068
0.387739 0.377935 328.800000 1.173816 -1.088535
0.387793 0.378012 328.900000 1.062877 -1.124251
0.387815 0.378039 329.000000 0.958118 -0.964831
0.387808 0.378097 329.100000 0.856281 -1.066645
0.387775 0.378171 329.200000 0.746884 -1.115599
0.387719 0.378225 329.300000 0.638068 -1.054804
0.387644 0.378311 329.400000 0.527568 -1.149658
0.387552 0.378380 329.500000 0.414730 -1.101154
0.387449 0.378426 329.600000 0.307927 -1.029246
0.387338 0.378486 329.700000 0.202522 -1.073610
0.387222 0.378556 329.800000 0.093366 -1.104078
0.387105 0.378660 329.900000 -0.022163 -1.200999
0.386991 0.378943 330.000000 -0.163532 -1.620468
0.386890 0.379153 330.100000 -0.318229 -1.465541
0.386805 0.379335 330.200000 -0.461911 -1.401006
0.386744 0.379598 330.300000 -0.611233 -1.578727
0.386713 0.379719 330.400000 -0.753016 -1.249415
0.386711 0.379805 330.500000 -0.873341 -1.151286
0.386745 0.379972 330.600000 -0.999521 -1.367059
0.386823 0.380125 330.700000 -1.134643 -1.329112
0.386946 0.380225 330.800000 -1.261123 -1.194487
0.387113 0.380258 330.900000 -1.370468 -0.987127
0.387323 0.380295 331.000000 -1.470160 -1.002516
0.387578 0.380334 331.100000 -1.571093 -1.011936
0.387877 0.380301 331.200000 -1.658614 -0.734254
0.388204 0.380214 331.300000 -1.717061 -0.431858
0.388553 0.380120 331.400000 -1.757109 -0.367844
0.388921 0.380027 331.500000 -1.794601 -0.381049
0.389311 0.379937 331.600000 -1.833735 -0.400658
0.389714 0.379824 331.700000 -1.858562 -0.094815
0.390121 0.379709 331.800000 -1.864888 -0.032164
0.390525 0.379596 331.900000 -1.862057 0.088001
0.390915 0.379512 332.000000 -1.835125 0.449281
0.391264 0.379555 332.100000 -1.761516 1.019778
0.391558 0.379629 332.200000 -1.654309 1.118431
0.391797 0.379716 332.300000 -1.540155 1.158286
0.391991 0.379711 332.400000 -1.439259 0.853100
0.392146 0.379735 332.500000 -1.348457 0.957993
0.392260 0.379830 332.600000 -1.241375 1.178245
0.392334 0.379882 332.700000 -1.129535 1.052080
0.392372 0.379979 332.800000 -1.017301 1.186834
0.392374 0.380100 332.900000 -0.895155 1.249709
0.392346 0.380206 333.000000 -0.771693 1.212892
0.392289 0.380413 333.100000 -0.637600 1.462578
0.392206 0.380693 333.200000 -0.483100 1.619870
0.392106 0.380832 333.300000 -0.336654 1.300781
0.391994 0.380986 333.400000 -0.204520 1.335287
0.391877 0.381187 333.500000 -0.064869 1.451018
0.391761 0.381326 333.600000 0.073106 1.301268
0.391650 0.381484 333.700000 0.205854 1.347283
0.391550 0.381683 333.800000 0.345885 1.446784
0.391469 0.381858 333.900000 0.488076 1.390045
0.391409 0.381972 334.000000 0.619599 1.233771
0.391375 0.382097 334.100000 0.744899 1.266437
0.391373 0.382261 334.200000 0.876637 1.362439
0.391409 0.382408 334.300000 1.011210 1.322719
0.391484 0.382490 334.400000 1.134938 1.145810
0.391598 0.382534 334.500000 1.243973 1.029778
0.391755 0.382610 334.600000 1.352125 1.128788
0.391957 0.382671 334.700000 1.463011 1.084041
0.392214 0.382802 334.800000 1.581538 1.281883
0.392523 0.382801 334.900000 1.689353 0.868838
0.392868 0.382731 335.000000 1.760157 0.543781
0.393233 0.382624 335.100000 1.798664 0.224543
0.393606 0.382511 335.200000 1.813174 0.065450
0.393977 0.382399 335.300000 1.809465 -0.139057
0.394343 0.382285 335.400000 1.802415 -0.000330
0.394710 0.382172 335.500000 1.802827 0.009489
0.395074 0.382059 335.600000 1.797814 -0.108902
0.395426 0.381962 335.700000 1.775602 -0.333893
0.395761 0.381862 335.800000 1.743628 -0.303048
0.396077 0.381774 335.900000 1.707696 -0.413214
0.396367 0.381714 336.000000 1.656896 -0.599874
0.396625 0.381686 336.100000 1.588748 -0.759285
0.396841 0.381734 336.200000 1.498516 -1.040817
0.397014 0.381744 336.300000 1.400617 -0.911245
0.397148 0.381793 336.400000 1.302459 -1.046703
0.397242 0.381865 336.500000 1.193937 -1.117903
0.397297 0.381970 336.600000 1.077063 -1.213450
0.397313 0.382108 336.700000 0.951108 -1.299096
0.397292 0.382346 336.800000 0.808818 -1.539817
0.397238 0.382583 336.900000 0.654555 -1.537418
0.397159 0.382720 337.000000 0.512285 -1.300033
0.397062 0.382898 337.100000 0.376913 -1.400713
0.396952 0.383152 337.200000 0.227740 -1.575625
0.396835 0.383439 337.300000 0.066360 -1.644066
0.396719 0.383626 337.400000 -0.087373 -1.422421
0.396609 0.383834 337.500000 -0.232554 -1.474199
0.396513 0.384032 337.600000 -0.379165 -1.450839
0.396437 0.384287 337.700000 -0.530963 -1.578137
0.396388 0.384455 337.800000 -0.679235 -1.379765
0.396369 0.384587 337.900000 -0.813011 -1.289257
0.396381 0.384681 338.000000 -0.937093 -1.186409
0.396425 0.384687 338.100000 -1.041726 -0.900838
0.396499 0.384725 338.200000 -1.137463 -1.009973
0.396608 0.384760 338.300000 -1.238385 -1.004041
0.396752 0.384744 338.400000 -1.329480 -0.813519
0.396921 0.384661 338.500000 -1.393004 -0.453570
0.397106 0.384558 338.600000 -1.429505 -0.274914
0.397302 0.384457 338.700000 -1.457686 -0.288057
0.397508 0.384346 338.800000 -1.478629 -0.130112
0.397709 0.384245 338.900000 -1.470606 0.290486
0.397900 0.384139 339.000000 -1.444541 0.228645
0.398074 0.384065 339.100000 -1.407327 0.513777
0.398232 0.383966 339.200000 -1.366138 0.306737
0.398375 0.383879 339.300000 -1.329447 0.424887
0.398497 0.383830 339.400000 -1.275098 0.659322
0.398590 0.383854 339.500000 -1.193765 0.963452
0.398653 0.383825 339.600000 -1.107542 0.755621
0.398691 0.383821 339.700000 -1.026488 0.861181
0.398703 0.383828 339.800000 -0.938018 0.903440
0.398689 0.383894 339.900000 -0.837442 1.103138
0.398647 0.384024 340.000000 -0.717775 1.284320
0.398579 0.384229 340.100000 -0.579638 1.471727
0.398488 0.384537 340.200000 -0.421118 1.691093
0.398381 0.384752 340.300000 -0.261391 1.494852
0.398266 0.385097 340.400000 -0.097945 1.766556
0.398150 0.385414 340.500000 0.076430 1.712145
0.398041 0.385620 340.600000 0.236093 1.472679
0.397944 0.385741 340.700000 0.373336 1.264995
0.397863 0.385805 340.800000 0.491735 1.096913
0.397799 0.385831 340.900000 0.595581 0.974807
0.397754 0.385919 341.000000 0.703200 1.173067
0.397733 0.385921 341.100000 0.806450 0.886475
0.397732 0.385893 341.200000 0.889021 0.760956
0.397751 0.385841 341.300000 0.959359 0.642475
0.397787 0.385785 341.400000 1.022902 0.625690
0.397846 0.385761 341.500000 1.093250 0.778702
0.397927 0.385695 341.600000 1.160840 0.569785
0.398026 0.385615 341.700000 1.213133 0.473841
0.398137 0.385511 341.800000 1.249047 0.242682
0.398256 0.385401 341.900000 1.267561 0.127024
0.398375 0.385289 342.000000 1.269369 -0.090863
0.398493 0.385177 342.100000 1.267396 0.052500
0.398610 0.385066 342.200000 1.265077 -0.098501
0.398722 0.384960 342.300000 1.249546 -0.211001
0.398826 0.384855 342.400000 1.227984 -0.218562
0.398921 0.384753 342.500000 1.203402 -0.271383
0.399002 0.384682 342.600000 1.163317 -0.528375
0.399065 0.384614 342.700000 1.109210 -0.550564
0.399111 0.384539 342.800000 1.056211 -0.506137
0.399139 0.384507 342.900000 0.993525 -0.744547
0.399149 0.384432 343.000000 0.931067 -0.500412
0.399147 0.384340 343.100000 0.887343 -0.371122
0.399133 0.384277 343.200000 0.839745 -0.578562
0.399107 0.384198 343.300000 0.786814 -0.476775
0.399069 0.384145 343.400000 0.731133 -0.634085
0.399016 0.384129 343.500000 0.658668 -0.811710
0.398945 0.384222 343.600000 0.558450 -1.188333
0.398857 0.384356 343.700000 0.433787 -1.298764
0.398753 0.384552 343.800000 0.295737 -1.455595
0.398641 0.384749 343.900000 0.149696 -1.457874
0.398525 0.385000 344.000000 -0.002489 -1.578538
0.398413 0.385237 344.100000 -0.159393 -1.551728
0.398311 0.385443 344.200000 -0.311340 -1.479614
0.398225 0.385571 344.300000 -0.449827 -1.282955
0.398158 0.385698 344.400000 -0.578545 -1.285280
0.398113 0.385748 344.500000 -0.695811 -1.053949
0.398089 0.385775 344.600000 -0.797767 -0.980317
0.398089 0.385773 344.700000 -0.890592 -0.871722
0.398110 0.385734 344.800000 -0.969731 -0.707189
0.398146 0.385640 344.900000 -1.022497 -0.345090
0.398194 0.385556 345.000000 -1.061766 -0.439106
0.398252 0.385452 345.100000 -1.095478 -0.233485
0.398320 0.385356 345.200000 -1.123643 -0.329236
0.398395 0.385247 345.300000 -1.146278 -0.122375
0.398471 0.385135 345.400000 -1.151664 0.014682
0.398547 0.385024 345.500000 -1.147524 0.067463
0.398620 0.384913 345.600000 -1.143229 0.017517
0.398691 0.384805 345.700000 -1.134751 0.151401
0.398754 0.384711 345.800000 -1.109652 0.349254
0.398803 0.384643 345.900000 -1.064930 0.542916
0.398831 0.384632 346.000000 -0.995984 0.832791
0.398835 0.384629 346.100000 -0.910747 0.867317
0.398814 0.384722 346.200000 -0.807713 1.188632
0.398765 0.384914 346.300000 -0.675497 1.449416
0.398691 0.385097 346.400000 -0.531316 1.426685
0.398598 0.385238 346.500000 -0.393475 1.322792
0.398493 0.385410 346.600000 -0.257006 1.399857
0.398380 0.385529 346.700000 -0.123492 1.263358
0.398265 0.385665 346.800000 0.005488 1.309931
0.398153 0.385770 346.900000 0.132581 1.225433
0.398047 0.385879 347.000000 0.255856 1.234071
0.397954 0.385999 347.100000 0.381237 1.267584
0.397878 0.386178 347.200000 0.515921 1.420011
0.397824 0.386301 347.300000 0.651059 1.275988
0.397798 0.386478 347.400000 0.785855 1.413942
0.397809 0.386705 347.500000 0.933566 1.533689
0.397864 0.386911 347.600000 1.084894 1.485739
0.397963 0.386994 347.700000 1.217667 1.162907
0.398098 0.386980 347.800000 1.317135 0.821293
0.398263 0.386942 347.900000 1.393976 0.712120
0.398449 0.386846 348.000000 1.446130 0.328117
0.398643 0.386736 348.100000 1.466418 0.076746
0.398842 0.386628 348.200000 1.477601 0.147283
0.399050 0.386528 348.300000 1.498805 0.276820
0.399271 0.386432 348.400000 1.529013 0.326715
0.399512 0.386370 348.500000 1.574562 0.583445
0.399778 0.386298 348.600000 1.629854 0.520298
0.400057 0.386187 348.700000 1.657103 0.022909
0.400341 0.386082 348.800000 1.667700 0.189749
0.400633 0.385974 348.900000 1.684200 0.140159
0.400931 0.385867 349.000000 1.698442 0.144836
0.401237 0.385760 349.100000 1.713749 0.161457
0.401547 0.385649 349.200000 1.723552 0.034661
0.401857 0.385540 349.300000 1.722333 -0.058362
0.402157 0.385442 349.400000 1.704244 -0.302260
0.402440 0.385356 349.500000 1.668537 -0.409540
0.402702 0.385282 349.600000 1.622874 -0.500852
0.402940 0.385211 349.700000 1.571352 -0.526289
0.403149 0.385184 349.800000 1.506719 -0.762983
0.403328 0.385134 349.900000 1.436101 -0.644836
0.403480 0.385100 350.000000 1.367002 -0.733221
0.403604 0.385063 350.100000 1.294495 -0.712600
0.403704 0.385008 350.200000 1.227572 -0.621682
0.403785 0.384927 350.300000 1.173906 -0.447922
0.403849 0.384878 350.400000 1.118736 -0.652693
0.403889 0.384865 350.500000 1.044807 -0.822101
0.403905 0.384870 350.600000 0.958590 -0.897641
0.403897 0.384889 350.700000 0.865952 -0.950201
0.403863 0.385011 350.800000 0.754415 -1.275401
0.403804 0.385123 350.900000 0.627870 -1.248805
0.403726 0.385167 351.000000 0.513255 -1.036986
0.403636 0.385184 351.100000 0.413901 -0.944698
0.403535 0.385216 351.200000 0.316492 -0.998614
0.403428 0.385202 351.300000 0.225440 -0.817298
0.403316 0.385222 351.400000 0.136561 -0.956132
0.403201 0.385226 351.500000 0.043960 -0.891080
0.403087 0.385210 351.600000 -0.041406 -0.811814
0.402974 0.385218 351.700000 -0.127643 -0.908939
0.402867 0.385256 351.800000 -0.224260 -1.018961
0.402767 0.385249 351.900000 -0.318030 -0.851507
0.402677 0.385279 352.000000 -0.410396 -0.991757
0.402601 0.385399 352.100000 -0.523690 -1.269435
0.402544 0.385429 352.200000 -0.637024 -0.991223
0.402507 0.385452 352.300000 -0.735164 -0.966998
0.402492 0.385499 352.400000 -0.836205 -1.049400
0.402503 0.385533 352.500000 -0.939236 -1.006454
0.402541 0.385542 352.600000 -1.035429 -0.912893
0.402606 0.385536 352.700000 -1.123871 -0.851943
0.402697 0.385503 352.800000 -1.203328 -0.733548
0.402815 0.385493 352.900000 -1.282007 -0.837022
0.402970 0.385545 353.000000 -1.377405 -1.067439
0.403160 0.385501 353.100000 -1.465044 -0.680742
0.403374 0.385426 353.200000 -1.523518 -0.486091
0.403609 0.385348 353.300000 -1.571358 -0.469072
0.403862 0.385253 353.400000 -1.610865 -0.319536
0.404124 0.385145 353.500000 -1.630621 -0.074804
0.404390 0.385038 353.600000 -1.639785 -0.108935
0.404660 0.384930 353.700000 -1.649418 -0.084004
0.404928 0.384826 353.800000 -1.644590 0.180145
0.405179 0.384757 353.900000 -1.608935 0.531250
0.405399 0.384752 354.000000 -1.539403 0.855972
0.405582 0.384758 354.100000 -1.451266 0.901756
0.405730 0.384754 354.200000 -1.362847 0.861429
0.405843 0.384776 354.300000 -1.271495 0.960668
0.405923 0.384812 354.400000 -1.172464 1.014561
0.405969 0.384861 354.500000 -1.068736 1.054388
0.405986 0.384909 354.600000 -0.962950 1.055558
0.405972 0.385016 354.700000 -0.848148 1.234795
0.405932 0.385112 354.800000 -0.725760 1.206412
0.405870 0.385205 354.900000 -0.605290 1.196663
0.405787 0.385375 355.000000 -0.474831 1.406290
0.405689 0.385507 355.100000 -0.338885 1.305425
0.405580 0.385689 355.200000 -0.201390 1.437860
0.405467 0.385942 355.300000 -0.049042 1.601874
0.405355 0.386342 355.400000 0.126587 1.902781
0.405255 0.386715 355.500000 0.314659 1.849299
0.405175 0.386996 355.600000 0.490930 1.667126
0.405121 0.387222 355.700000 0.651760 1.541458
0.405095 0.387346 355.800000 0.793680 1.289630
0.405100 0.387443 355.900000 0.918893 1.208648
0.405136 0.387497 356.000000 1.033425 1.076450
0.405201 0.387476 356.100000 1.127040 0.791033
0.405285 0.387394 356.200000 1.188603 0.436877
0.405382 0.387298 356.300000 1.225557 0.300628
0.405491 0.387211 356.400000 1.260357 0.394516
0.405608 0.387102 356.500000 1.280470 0.006408
0.405723 0.386995 356.600000 1.277254 -0.070127
0.405831 0.386900 356.700000 1.258028 -0.313412
0.405929 0.386799 356.800000 1.230410 -0.236747
0.406017 0.386711 356.900000 1.199741 -0.374862
0.406090 0.386642 357.000000 1.154206 -0.533370
0.406143 0.386608 357.100000 1.090911 -0.729316
0.406174 0.386568 357.200000 1.019380 -0.697147
0.406185 0.386558 357.300000 0.942485 -0.836794
0.406172 0.386593 357.400000 0.849833 -1.011644
0.406136 0.386664 357.500000 0.742342 -1.132754
0.406076 0.386806 357.600000 0.618512 -1.337866
0.405993 0.387051 357.700000 0.471898 -1.587490
0.405894 0.387278 357.800000 0.314617 -1.550027
0.405784 0.387418 357.900000 0.170105 -1.332372
0.405671 0.387508 358.000000 0.043494 -1.193173
0.405559 0.387652 358.100000 -0.083579 -1.342367
0.405452 0.387721 358.200000 -0.207391 -1.127260
0.405353 0.387765 358.300000 -0.316216 -1.043754
0.405265 0.387828 358.400000 -0.424159 -1.110108
0.405192 0.387887 358.500000 -0.534581 -1.093043
0.405136 0.387938 358.600000 -0.642997 -1.070137
0.405100 0.387934 358.700000 -0.739829 -0.861518
0.405082 0.387936 358.800000 -0.827567 -0.889361
0.405085 0.387919 358.900000 -0.912656 -0.808430
0.405108 0.387868 359.000000 -0.985449 -0.643873
0.405149 0.387828 359.100000 -1.052698 -0.698424
0.405208 0.387751 359.200000 -1.111381 -0.472315
0.405283 0.387679 359.300000 -1.160191 -0.502092
0.405372 0.387593 359.400000 -1.205494 -0.402069
0.405472 0.387492 359.500000 -1.236219 -0.211037
0.405574 0.387385 359.600000 -1.242452 0.086812
0.405673 0.387278 359.700000 -1.234304 0.075092
0.405767 0.387178 359.800000 -1.218845 0.233096
0.405849 0.387100 359.900000 -1.183880 0.464453
0.405915 0.387023 360.000000 -1.137063 0.468985
0.405969 0.386935 360.100000 -1.095103 0.367302
0.406008 0.386881 360.200000 -1.045457 0.623272
0.406024 0.386931 360.300000 -0.960965 1.062978
0.406012 0.386994 360.400000 -0.852050 1.109577
0.405977 0.387002 360.500000 -0.750761 0.910277
0.405926 0.386991 360.600000 -0.663353 0.832995
0.405859 0.386989 360.700000 -0.577899 0.871611
0.405781 0.386977 360.800000 -0.492593 0.829907
0.405691 0.386964 360.900000 -0.409679 0.824024
0.405594 0.386929 361.000000 -0.332185 0.721551
0.405492 0.386868 361.100000 -0.266997 0.578467
0.405386 0.386812 361.200000 -0.207486 0.608763
0.405277 0.386741 361.300000 -0.151199 0.513864
0.405166 0.386669 361.400000 -0.100504 0.497412
0.405054 0.386574 361.500000 -0.060874 0.292664
0.404942 0.386489 361.600000 -0.025932 0.404694
0.404831 0.386394 361.700000 0.008556 0.283055
0.404719 0.386294 361.800000 0.034077 0.225965
0.404607 0.386190 361.900000 0.052733 0.146040
0.404496 0.386086 362.000000 0.066946 0.137536
0.404386 0.385991 362.100000 0.088442 0.291736
0.404276 0.385901 362.200000 0.120335 0.344728
0.404168 0.385815 362.300000 0.156827 0.383462
0.404062 0.385726 362.400000 0.193863 0.355447
0.403957 0.385622 362.500000 0.218914 0.143905
0.403853 0.385521 362.600000 0.235391 0.185018
0.403751 0.385419 362.700000 0.254010 0.186565
0.403649 0.385313 362.800000 0.265519 0.042823
0.403548 0.385208 362.900000 0.270314 0.053008
0.403447 0.385104 363.000000 0.266319 -0.133046
0.403345 0.384998 363.100000 0.258101 -0.030521
0.403244 0.384899 363.200000 0.268131 0.231411
0.403144 0.384798 363.300000 0.288495 0.174868
0.403046 0.384699 363.400000 0.308441 0.223321
0.402950 0.384593 363.500000 0.320990 0.026704
0.402853 0.384488 363.600000 0.326939 0.092312
0.402758 0.384383 363.700000 0.334422 0.057057
0.402664 0.384280 363.800000 0.343478 0.123957
0.402570 0.384174 363.900000 0.347480 -0.044371
0.402475 0.384071 364.000000 0.338972 -0.125400
0.402380 0.383966 364.100000 0.335755 0.061854
0.402286 0.383863 364.200000 0.344939 0.121704
0.402192 0.383758 364.300000 0.348826 -0.044398
0.402097 0.383657 364.400000 0.337084 -0.190055
0.402001 0.383560 364.500000 0.315324 -0.244039
0.401902 0.383468 364.600000 0.287867 -0.303749
0.401800 0.383387 364.700000 0.251692 -0.418095
0.401696 0.383334 364.800000 0.199609 -0.621386
0.401588 0.383264 364.900000 0.143291 -0.501791
0.401480 0.383184 365.000000 0.096488 -0.431705
0.401370 0.383144 365.100000 0.040621 -0.683461
0.401260 0.383108 365.200000 -0.029231 -0.710188
0.401152 0.383099 365.300000 -0.106870 -0.839088
0.401048 0.383133 365.400000 -0.199438 -1.008187
0.400950 0.383133 365.500000 -0.293872 -0.875590
0.400859 0.383096 365.600000 -0.373004 -0.702873
0.400776 0.383047 365.700000 -0.440310 -0.639941
0.400700 0.382974 365.800000 -0.496342 -0.477757
0.400630 0.382889 365.900000 -0.539283 -0.378948
0.400567 0.382815 366.000000 -0.581874 -0.471272
0.400511 0.382735 366.100000 -0.626876 -0.426724
0.400463 0.382651 366.200000 -0.667740 -0.388745
0.400420 0.382553 366.300000 -0.697902 -0.212914
0.400382 0.382457 366.400000 -0.720758 -0.243493
0.400347 0.382354 366.500000 -0.738765 -0.115812
0.400315 0.382252 366.600000 -0.750171 -0.112094
0.400283 0.382148 366.700000 -0.752818 0.059330
0.400250 0.382044 366.800000 -0.748043 0.035487
0.400215 0.381943 366.900000 -0.738637 0.152088
0.400174 0.381871 367.000000 -0.706803 0.483485
0.400123 0.381825 367.100000 -0.649659 0.656660
0.400058 0.381832 367.200000 -0.571610 0.900753
0.399983 0.381779 367.300000 -0.495680 0.613079
0.399899 0.381730 367.400000 -0.433171 0.633828
0.399809 0.381702 367.500000 -0.363915 0.747942
0.399711 0.381692 367.600000 -0.284913 0.828216
0.399608 0.381697 367.700000 -0.198517 0.895465
0.399501 0.381678 367.800000 -0.114004 0.790254
0.399392 0.381682 367.900000 -0.029744 0.890988
0.399284 0.381648 368.000000 0.050873 0.716902
0.399178 0.381618 368.100000 0.123659 0.735300
0.399074 0.381572 368.200000 0.193244 0.652823
0.398976 0.381548 368.300000 0.264147 0.762109
0.398883 0.381507 368.400000 0.336581 0.682925
0.398796 0.381448 368.500000 0.399561 0.573461
0.398714 0.381351 368.600000 0.439235 0.217368
0.398636 0.381268 368.700000 0.469464 0.386375
0.398562 0.381173 368.800000 0.500854 0.239733
0.398491 0.381077 368.900000 0.525120 0.244662
0.398423 0.380975 369.000000 0.541610 0.084169
0.398356 0.380873 369.100000 0.550434 0.092169
0.398289 0.380774 369.200000 0.546572 -0.169587
0.398218 0.380681 369.300000 0.524186 -0.277026
0.398145 0.380581 369.400000 0.503141 -0.142239
0.398069 0.380482 369.500000 0.486897 -0.181672
0.397990 0.380390 369.600000 0.463488 -0.285382
0.397908 0.380296 369.700000 0.436546 -0.251814
0.397823 0.380218 369.800000 0.402700 -0.423645
0.397734 0.380122 369.900000 0.369792 -0.232191
0.397642 0.380043 370.000000 0.337271 -0.416905
0.397546 0.379956 370.100000 0.299094 -0.344397
0.397449 0.379865 370.200000 0.267423 -0.287181
0.397349 0.379784 370.300000 0.232884 -0.402038
0.397246 0.379703 370.400000 0.192790 -0.397725
0.397142 0.379624 370.500000 0.152005 -0.415926
0.397037 0.379558 370.600000 0.105184 -0.518351
0.396930 0.379495 370.700000 0.052080 -0.541118
0.396823 0.379449 370.800000 -0.007518 -0.648133
0.396717 0.379459 370.900000 -0.085621 -0.910749
0.396614 0.379470 371.000000 -0.177354 -0.919441
0.396517 0.379464 371.100000 -0.265871 -0.846440
0.396426 0.379412 371.200000 -0.338706 -0.606181
0.396341 0.379371 371.300000 -0.403000 -0.676873
0.396263 0.379309 371.400000 -0.464100 -0.541983
0.396192 0.379243 371.500000 -0.517257 -0.518712
0.396129 0.379175 371.600000 -0.568698 -0.507795
0.396073 0.379085 371.700000 -0.608972 -0.295455
0.396023 0.379027 371.800000 -0.652439 -0.572730
0.395984 0.378960 371.900000 -0.706688 -0.509749
0.395954 0.378884 372.000000 -0.753944 -0.433202
0.395933 0.378802 372.100000 -0.795199 -0.390129
0.395921 0.378736 372.200000 -0.840463 -0.513628
0.395920 0.378656 372.300000 -0.886482 -0.404624
0.395929 0.378576 372.400000 -0.926867 -0.401517
0.395945 0.378476 372.500000 -0.952504 -0.109706
0.395961 0.378375 372.600000 -0.956720 0.025456
0.395974 0.378287 372.700000 -0.939452 0.319322
0.395974 0.378233 372.800000 -0.893821 0.591256
0.395960 0.378205 372.900000 -0.826883 0.744123
0.395927 0.378236 373.000000 -0.739931 0.990841
0.395876 0.378261 373.100000 -0.641396 0.974575
0.395809 0.378334 373.200000 -0.535434 1.139523
0.395725 0.378466 373.300000 -0.412186 1.319537
0.395630 0.378631 373.400000 -0.275313 1.411200
0.395526 0.378798 373.500000 -0.133603 1.415878
0.395420 0.379089 373.600000 0.023112 1.711349
0.395319 0.379287 373.700000 0.183985 1.497651
0.395228 0.379496 373.800000 0.335439 1.524102
0.395154 0.379685 373.900000 0.485637 1.472477
0.395101 0.379830 374.000000 0.627591 1.359565
0.395074 0.379997 374.100000 0.766743 1.417054
0.395076 0.380083 374.200000 0.897090 1.183260
0.395106 0.380120 374.300000 1.007435 1.018216
0.395164 0.380135 374.400000 1.105416 0.936886
0.395245 0.380083 374.500000 1.182847 0.607637
0.395340 0.379991 374.600000 1.226837 0.269736
0.395443 0.379895 374.700000 1.250061 0.194025
0.395553 0.379799 374.800000 1.269657 0.197562
0.395670 0.379705 374.900000 1.290966 0.228280
0.395792 0.379606 375.000000 1.308873 0.129369
0.395920 0.379507 375.100000 1.322859 0.150385
0.396052 0.379408 375.200000 1.335474 0.101835
0.396189 0.379309 375.300000 1.347755 0.143946
0.396327 0.379208 375.400000 1.353926 -0.020568
0.396463 0.379111 375.500000 1.345016 -0.156852
0.396594 0.379010 375.600000 1.333737 -0.067271
0.396721 0.378912 375.700000 1.323466 -0.137140
0.396845 0.378812 375.800000 1.312972 -0.071388
0.396968 0.378711 375.900000 1.309260 -0.001836
0.397085 0.378620 376.000000 1.295712 -0.268463
0.397190 0.378552 376.100000 1.257346 -0.496890
0.397276 0.378505 376.200000 1.200523 -0.636480
0.397341 0.378472 376.300000 1.133043 -0.709367
0.397381 0.378498 376.400000 1.048610 -0.975223
0.397393 0.378582 376.500000 0.940499 -1.181658
0.397375 0.378729 376.600000 0.812836 -1.365281
0.397329 0.378943 376.700000 0.667252 -1.539237
0.397259 0.379115 376.800000 0.518305 -1.431752
0.397173 0.379245 376.900000 0.380389 -1.319202
0.397076 0.379377 377.000000 0.247875 -1.324354
0.396972 0.379468 377.100000 0.121163 -1.203215
0.396867 0.379564 377.200000 -0.000221 -1.218450
0.396764 0.379651 377.300000 -0.120918 -1.189459
0.396667 0.379799 377.400000 -0.249089 -1.368136
0.396582 0.379926 377.500000 -0.383380 -1.311042
0.396512 0.380088 377.600000 -0.519656 -1.408189
0.396464 0.380222 377.700000 -0.657041 -1.332793
0.396442 0.380340 377.800000 -0.788240 -1.284911
0.396446 0.380398 377.900000 -0.907562 -1.095561
0.396474 0.380389 378.000000 -1.004153 -0.831282
0.396525 0.380366 378.100000 -1.084329 -0.768633
0.396600 0.380363 378.200000 -1.165840 -0.858338
0.396700 0.380332 378.300000 -1.245278 -0.726761
0.396818 0.380248 378.400000 -1.299203 -0.348748
0.396948 0.380162 378.500000 -1.333323 -0.332582
0.397087 0.380067 378.600000 -1.359814 -0.196260
0.397229 0.379967 378.700000 -1.367017 0.052506
0.397367 0.379871 378.800000 -1.355062 0.185654
0.397494 0.379788 378.900000 -1.327613 0.361721
0.397610 0.379701 379.000000 -1.293557 0.316932
0.397717 0.379608 379.100000 -1.265986 0.232276
0.397820 0.379509 379.200000 -1.257578 -0.065929
0.397923 0.379411 379.300000 -1.253812 0.140963
0.398017 0.379329 379.400000 -1.228578 0.362396
0.398097 0.379256 379.500000 -1.187599 0.454762
0.398161 0.379219 379.600000 -1.130126 0.691871
0.398204 0.379186 379.700000 -1.059605 0.714548
0.398229 0.379139 379.800000 -0.992106 0.631365
0.398235 0.379135 379.900000 -0.917684 0.853450
0.398223 0.379091 380.000000 -0.842413 0.647275
0.398197 0.379062 380.100000 -0.772955 0.738269
0.398155 0.379057 380.200000 -0.693569 0.845407
0.398099 0.379055 380.300000 -0.607950 0.862450
0.398029 0.379092 380.400000 -0.513692 1.018137
0.397946 0.379189 380.500000 -0.401345 1.223511
0.397852 0.379282 380.600000 -0.279165 1.213823
0.397751 0.379344 380.700000 -0.162756 1.108218
0.397647 0.379380 380.800000 -0.056192 1.017476
0.397543 0.379394 380.900000 0.041371 0.928725
0.397441 0.379426 381.000000 0.138078 1.000838
0.397345 0.379517 381.100000 0.248636 1.205441
0.397259 0.379672 381.200000 0.378821 1.392431
0.397189 0.379766 381.300000 0.509581 1.216063
0.397138 0.379882 381.400000 0.634736 1.281280
0.397110 0.380011 381.500000 0.765234 1.322658
0.397109 0.380062 381.600000 0.885147 1.069428
0.397131 0.380060 381.700000 0.982209 0.866965
0.397176 0.380037 381.800000 1.063939 0.763837
0.397240 0.379986 381.900000 1.132525 0.604629
0.397322 0.379939 382.000000 1.194780 0.638058
0.397424 0.379876 382.100000 1.253087 0.525512
0.397543 0.379816 382.200000 1.306957 0.549918
0.397679 0.379736 382.300000 1.353404 0.376962
0.397826 0.379646 382.400000 1.385912 0.272012
0.397983 0.379559 382.500000 1.414663 0.302356
0.398147 0.379460 382.600000 1.431255 0.028697
0.398312 0.379361 382.700000 1.433597 0.018711
0.398474 0.379263 382.800000 1.429494 -0.100138
0.398630 0.379175 382.900000 1.409708 -0.294383
0.398767 0.379136 383.000000 1.360977 -0.678082
0.398875 0.379178 383.100000 1.275025 -1.036938
0.398950 0.379228 383.200000 1.169426 -1.069274
0.398991 0.379324 383.300000 1.054507 -1.223231
0.398998 0.379470 383.400000 0.924488 -1.370557
0.398973 0.379672 383.500000 0.779682 -1.518314
0.398919 0.379963 383.600000 0.616849 -1.730459
0.398841 0.380244 383.700000 0.444510 -1.707449
0.398747 0.380475 383.800000 0.279068 -1.592702
0.398645 0.380817 383.900000 0.106961 -1.841419
0.398542 0.381248 384.000000 -0.086401 -2.016677
0.398449 0.381652 384.100000 -0.286100 -1.967352
0.398377 0.382182 384.200000 -0.494914 -2.199345
0.398339 0.382659 384.300000 -0.710682 -2.105381
0.398346 0.383155 384.400000 -0.923391 -2.138732
0.398408 0.383534 384.500000 -1.126787 -1.919068
0.398526 0.383799 384.600000 -1.306961 -1.675461
0.398704 0.384033 384.700000 -1.471291 -1.603507
0.398943 0.384207 384.800000 -1.624357 -1.450611
0.399245 0.384356 384.900000 -1.766371 -1.383305
0.399610 0.384475 385.000000 -1.900880 -1.300922
0.400033 0.384499 385.100000 -2.014908 -0.974141
0.400504 0.384486 385.200000 -2.104661 -0.817108
0.401017 0.384449 385.300000 -2.180400 -0.694697
0.401568 0.384401 385.400000 -2.246895 -0.632856
0.402150 0.384327 385.500000 -2.300818 -0.443590
0.402751 0.384231 385.600000 -2.331711 -0.173228
0.403355 0.384131 385.700000 -2.338223 0.042685
0.403954 0.384034 385.800000 -2.330357 0.113241
0.404542 0.383942 385.900000 -2.312285 0.246458
0.405108 0.383873 386.000000 -2.275492 0.487030
0.405636 0.383854 386.100000 -2.211533 0.788608
0.406118 0.383851 386.200000 -2.128731 0.862408
0.406543 0.383947 386.300000 -2.023929 1.228320
0.406905 0.384039 386.400000 -1.901383 1.215500
0.407201 0.384264 386.500000 -1.761080 1.583593
0.407428 0.384473 386.600000 -1.604284 1.543600
0.407593 0.384719 386.700000 -1.444859 1.636461
0.407699 0.384984 386.800000 -1.278645 1.678987
0.407751 0.385309 386.900000 -1.103610 1.812765
0.407754 0.385675 387.000000 -0.917635 1.897205
0.407716 0.386126 387.100000 -0.719043 2.064787
0.407644 0.386589 387.200000 -0.510830 2.088908
0.407550 0.387145 387.300000 -0.293196 2.253177
0.407445 0.387734 387.400000 -0.064452 2.310402
0.407344 0.388216 387.500000 0.157836 2.123881
0.407256 0.388672 387.600000 0.368466 2.078298
0.407192 0.388998 387.700000 0.563780 1.817860
0.407158 0.389280 387.800000 0.741152 1.720863
0.407159 0.389506 387.900000 0.907265 1.593249
0.407199 0.389695 388.000000 1.062138 1.496769
0.407280 0.389806 388.100000 1.201442 1.282432
0.407401 0.389875 388.200000 1.323110 1.145180
0.407559 0.389902 388.300000 1.430451 0.996633
0.407753 0.389889 388.400000 1.521643 0.822981
0.407978 0.389868 388.500000 1.602289 0.786639
0.408230 0.389801 388.600000 1.666968 0.503841
0.408498 0.389706 388.700000 1.702439 0.203917
0.408776 0.389615 388.800000 1.726143 0.270017
0.409059 0.389515 388.900000 1.737801 -0.037334
0.409338 0.389419 389.000000 1.727324 -0.171149
0.409606 0.389328 389.100000 1.705326 -0.267110
0.409856 0.389269 389.200000 1.663544 -0.566361
0.410079 0.389238 389.300000 1.598243 -0.736009
0.410270 0.389234 389.400000 1.518145 -0.861523
0.410425 0.389259 389.500000 1.425409 -0.988161
0.410542 0.389345 389.600000 1.315576 -1.202912
0.410619 0.389442 389.700000 1.193070 -1.240594
0.410660 0.389547 389.800000 1.067635 -1.261358
0.410666 0.389704 389.900000 0.933387 -1.416819
0.410641 0.389854 390.000000 0.792312 -1.397206
0.410590 0.390038 390.100000 0.647693 -1.487853
0.410514 0.390364 390.200000 0.481739 -1.823558
0.410421 0.390631 390.300000 0.305528 -1.691400
0.410319 0.390841 390.400000 0.142724 -1.556136
0.410214 0.391103 390.500000 -0.019551 -1.681606
0.410113 0.391288 390.600000 -0.178674 -1.492531
0.410022 0.391489 390.700000 -0.330434 -1.535374
0.409947 0.391671 390.800000 -0.481786 -1.484232
0.409893 0.391854 390.900000 -0.630798 -1.488893
0.409866 0.392043 391.000000 -0.780804 -1.504183
0.409871 0.392213 391.100000 -0.929036 -1.453404
0.409912 0.392316 391.200000 -1.065182 -1.262789
0.409986 0.392381 391.300000 -1.185433 -1.136514
0.410097 0.392433 391.400000 -1.297054 -1.090866
0.410245 0.392493 391.500000 -1.407819 -1.119685
0.410431 0.392498 391.600000 -1.509578 -0.910657
0.410651 0.392474 391.700000 -1.593908 -0.772203
0.410903 0.392455 391.800000 -1.672539 -0.797405
0.411194 0.392479 391.900000 -1.761873 -0.986176
0.411526 0.392465 392.000000 -1.852348 -0.819313
0.411900 0.392462 392.100000 -1.937058 -0.871772
0.412311 0.392410 392.200000 -2.011579 -0.615297
0.412750 0.392340 392.300000 -2.066920 -0.489496
0.413207 0.392245 392.400000 -2.100735 -0.185407
0.413665 0.392147 392.500000 -2.103884 0.122300
0.414112 0.392060 392.600000 -2.081331 0.327100
0.414532 0.392014 392.700000 -2.032587 0.645124
0.414911 0.392040 392.800000 -1.950297 0.996483
0.415234 0.392142 392.900000 -1.837268 1.258188
0.415502 0.392236 393.000000 -1.712280 1.234409
0.415712 0.392409 393.100000 -1.576931 1.465612
0.415865 0.392618 393.200000 -1.425388 1.557207
0.415960 0.392927 393.300000 -1.257449 1.793146
0.416002 0.393241 393.400000 -1.077101 1.804323
0.415997 0.393618 393.500000 -0.889453 1.939157
0.415953 0.393955 393.600000 -0.699328 1.853288
0.415880 0.394384 393.700000 -0.504066 2.042439
0.415786 0.394764 393.800000 -0.304212 1.944286
0.415682 0.395055 393.900000 -0.118722 1.755727
0.415577 0.395332 394.000000 0.055684 1.723631
0.415478 0.395538 394.100000 0.220091 1.556001
0.415391 0.395783 394.200000 0.380711 1.648807
0.415324 0.396043 394.300000 0.547927 1.687547
0.415282 0.396242 394.400000 0.709453 1.534897
0.415270 0.396393 394.500000 0.856996 1.408723
0.415291 0.396547 394.600000 0.998637 1.417549
0.415349 0.396653 394.700000 1.133754 1.278284
0.415442 0.396694 394.800000 1.250766 1.056194
0.415572 0.396781 394.900000 1.364609 1.216071
0.415746 0.396855 395.000000 1.484464 1.175686
0.415963 0.396900 395.100000 1.597076 1.071498
0.416219 0.396876 395.200000 1.689745 0.777371
0.416504 0.396813 395.300000 1.755700 0.538717
0.416810 0.396736 395.400000 1.804215 0.429792
0.417135 0.396655 395.500000 1.845400 0.392683
0.417480 0.396580 395.600000 1.887707 0.452454
0.417837 0.396481 395.700000 1.913478 0.061673
0.418194 0.396381 395.800000 1.914917 -0.032249
0.418549 0.396282 395.900000 1.908970 -0.085561
0.418897 0.396185 396.000000 1.896095 -0.170552
0.419233 0.396098 396.100000 1.871400 -0.321553
0.419549 0.396038 396.200000 1.827149 -0.560952
0.419830 0.396050 396.300000 1.751865 -0.941054
0.420067 0.396109 396.400000 1.648278 -1.125148
0.420258 0.396175 396.500000 1.534384 -1.146331
0.420403 0.396285 396.600000 1.412218 -1.290536
0.420503 0.396429 396.700000 1.277781 -1.391125
0.420558 0.396637 396.800000 1.129678 -1.563402
0.420571 0.396837 396.900000 0.973936 -1.543132
0.420550 0.397030 397.000000 0.820167 -1.524123
0.420501 0.397207 397.100000 0.669378 -1.483694
0.420428 0.397417 397.200000 0.516288 -1.570421
0.420339 0.397608 397.300000 0.361353 -1.520246
0.420239 0.397703 397.400000 0.222735 -1.244397
0.420135 0.397843 397.500000 0.091107 -1.381896
0.420029 0.397991 397.600000 -0.048615 -1.405656
0.419928 0.398112 397.700000 -0.185494 -1.324999
0.419835 0.398198 397.800000 -0.312935 -1.217337
0.419753 0.398274 397.900000 -0.433242 -1.182938
0.419686 0.398359 398.000000 -0.553399 -1.214563
0.419637 0.398408 398.100000 -0.668776 -1.087238
0.419604 0.398379 398.200000 -0.761044 -0.753066
0.419586 0.398347 398.300000 -0.835667 -0.736057
0.419584 0.398296 398.400000 -0.904086 -0.629088
0.419594 0.398224 398.500000 -0.959216 -0.470848
0.419616 0.398156 398.600000 -1.007804 -0.499072
0.419651 0.398085 398.700000 -1.056758 -0.478056
0.419699 0.398021 398.800000 -1.107617 -0.537282
0.419762 0.397948 398.900000 -1.157911 -0.466490
0.419839 0.397874 399.000000 -1.203639 -0.446356
0.419927 0.397787 399.100000 -1.242258 -0.324423
0.420026 0.397707 399.200000 -1.278152 -0.392471
0.420136 0.397617 399.300000 -1.311748 -0.278141
0.420251 0.397517 399.400000 -1.326156 -0.009305
0.420366 0.397418 399.500000 -1.324322 0.045372
0.420475 0.397325 399.600000 -1.311095 0.218289
0.420574 0.397255 399.700000 -1.275659 0.488701
0.420655 0.397204 399.800000 -1.220176 0.617892
0.420712 0.397220 399.900000 -1.141016 0.961663
0.420739 0.397332 400.000000 -1.027632 1.300683
0.420733 0.397487 400.100000 -0.890937 1.426280
0.420698 0.397649 400.200000 -0.746965 1.445649
0.420637 0.397845 400.300000 -0.597346 1.539209
0.420557 0.398004 400.400000 -0.448087 1.438045
0.420464 0.398181 400.500000 -0.301496 1.486430
0.420362 0.398289 400.600000 -0.162237 1.291228
0.420257 0.398391 400.700000 -0.033816 1.270711
0.420154 0.398538 400.800000 0.100328 1.405867
0.420056 0.398681 400.900000 0.240642 1.393518
0.419969 0.398794 401.000000 0.375883 1.304519
0.419897 0.398957 401.100000 0.513987 1.451306
0.419845 0.399031 401.200000 0.645834 1.178692
0.419815 0.399172 401.300000 0.774607 1.391278
0.419814 0.399305 401.400000 0.912785 1.365786
0.419845 0.399404 401.500000 1.044495 1.262099
0.419911 0.399488 401.600000 1.168551 1.213302
0.420014 0.399584 401.700000 1.292081 1.251881
0.420155 0.399616 401.800000 1.406477 1.030493
0.420332 0.399619 401.900000 1.503464 0.904856
0.420542 0.399608 402.000000 1.591118 0.844489
0.420781 0.399546 402.100000 1.660897 0.547701
0.421038 0.399461 402.200000 1.705658 0.345641
0.421308 0.399372 402.300000 1.736746 0.275272
0.421588 0.399278 402.400000 1.760974 0.208784
0.421872 0.399179 402.500000 1.767838 -0.071649
0.422151 0.399081 402.600000 1.759112 -0.101621
0.422424 0.398988 402.700000 1.743041 -0.218430
0.422684 0.398902 402.800000 1.716030 -0.319824
0.422927 0.398834 402.900000 1.675048 -0.497371
0.423143 0.398826 403.000000 1.607088 -0.858541
0.423323 0.398837 403.100000 1.516776 -0.942649
0.423465 0.398917 403.200000 1.409345 -1.200539
0.423564 0.399035 403.300000 1.282883 -1.322056
0.423623 0.399151 403.400000 1.150514 -1.318131
0.423644 0.399339 403.500000 1.008179 -1.521485
0.423628 0.399574 403.600000 0.849670 -1.640653
0.423580 0.399848 403.700000 0.680408 -1.736045
0.423506 0.400183 403.800000 0.499488 -1.873430
0.423414 0.400438 403.900000 0.320766 -1.691476
0.423312 0.400696 404.000000 0.150837 -1.698564
0.423208 0.400942 404.100000 -0.018040 -1.670509
0.423107 0.401084 404.200000 -0.171754 -1.395492
0.423014 0.401256 404.300000 -0.315982 -1.482261
0.422937 0.401456 404.400000 -0.468165 -1.554210
0.422879 0.401604 404.500000 -0.616963 -1.414297
0.422847 0.401796 404.600000 -0.764857 -1.536903
0.422846 0.401953 404.700000 -0.914025 -1.439225
0.422879 0.402101 404.800000 -1.056998 -1.413571
0.422952 0.402240 404.900000 -1.197517 -1.390349
0.423065 0.402323 405.000000 -1.328087 -1.214772
0.423215 0.402327 405.100000 -1.434867 -0.915467
0.423395 0.402299 405.200000 -1.518986 -0.763097
0.423602 0.402246 405.300000 -1.587904 -0.612237
0.423831 0.402183 405.400000 -1.645576 -0.538970
0.424085 0.402133 405.500000 -1.704325 -0.634178
0.424361 0.402056 405.600000 -1.757221 -0.421458
0.424657 0.401986 405.700000 -1.802643 -0.485791
0.424973 0.401909 405.800000 -1.848135 -0.422543
0.425303 0.401814 405.900000 -1.878230 -0.178199
0.425638 0.401716 406.000000 -1.890112 -0.059506
0.425968 0.401624 406.100000 -1.881002 0.241076
0.426284 0.401544 406.200000 -1.849300 0.390814
0.426575 0.401510 406.300000 -1.793398 0.724385
0.426833 0.401493 406.400000 -1.715984 0.819405
0.427056 0.401477 406.500000 -1.633825 0.818860
0.427248 0.401445 406.600000 -1.555959 0.733565
0.427409 0.401468 406.700000 -1.469167 0.997880
0.427536 0.401470 406.800000 -1.373780 0.904179
0.427629 0.401530 406.900000 -1.271462 1.137017
0.427686 0.401653 407.000000 -1.147126 1.343442
0.427701 0.401933 407.100000 -0.991780 1.756277
0.427679 0.402158 407.200000 -0.822326 1.623605
0.427628 0.402398 407.300000 -0.657666 1.661142
0.427551 0.402724 407.400000 -0.481169 1.860250
0.427456 0.403155 407.500000 -0.283741 2.078864
0.427352 0.403545 407.600000 -0.079500 1.995522
0.427249 0.403957 407.700000 0.122884 2.042259
0.427157 0.404355 407.800000 0.326176 2.013525
0.427087 0.404738 407.900000 0.526463 1.982404
0.427045 0.405072 408.000000 0.720113 1.881061
0.427041 0.405349 408.100000 0.902191 1.751534
0.427077 0.405590 408.200000 1.073562 1.667676
0.427161 0.405834 408.300000 1.241024 1.673849
0.427297 0.406030 408.400000 1.402853 1.555072
0.427490 0.406218 408.500000 1.557586 1.532584
0.427746 0.406452 408.600000 1.717059 1.650091
0.428073 0.406667 408.700000 1.880094 1.603309
0.428472 0.406793 408.800000 2.028567 1.359162
0.428933 0.406840 408.900000 2.151373 1.091227
0.429441 0.406792 409.000000 2.238674 0.650467
0.429983 0.406737 409.100000 2.301406 0.602083
0.430549 0.406644 409.200000 2.343596 0.239884
0.431123 0.406545 409.300000 2.357940 0.046963
0.431687 0.406462 409.400000 2.342307 -0.358677
0.432222 0.406422 409.500000 2.289300 -0.698529
0.432709 0.406445 409.600000 2.204208 -0.998704
0.433144 0.406466 409.700000 2.104203 -0.995346
0.433526 0.406509 409.800000 2.000137 -1.079982
0.433858 0.406534 409.900000 1.895379 -1.008820
0.434139 0.406638 410.000000 1.780150 -1.289828
0.434366 0.406726 410.100000 1.653313 -1.239636
0.434545 0.406824 410.200000 1.527488 -1.269894
0.434679 0.406903 410.300000 1.403128 -1.210241
0.434772 0.406996 410.400000 1.279400 -1.257622
0.434827 0.407132 410.500000 1.146804 -1.387440
0.434843 0.407317 410.600000 1.000681 -1.527576
0.434825 0.407456 410.700000 0.853866 -1.400641
0.434781 0.407608 410.800000 0.711713 -1.435066
0.434714 0.407791 410.900000 0.563385 -1.524039
0.434630 0.407926 411.000000 0.417402 -1.387784
0.434533 0.408105 411.100000 0.272075 -1.511680
0.434429 0.408249 411.200000 0.125441 -1.413373
0.434324 0.408392 411.300000 -0.016305 -1.414503
0.434221 0.408468 411.400000 -0.147400 -1.200392
0.434123 0.408510 411.500000 -0.261620 -1.078140
0.434035 0.408572 411.600000 -0.373399 -1.152222
0.433958 0.408610 411.700000 -0.484309 -1.060468
0.433894 0.408627 411.800000 -0.586508 -0.978500
0.433844 0.408592 411.900000 -0.672126 -0.729307
0.433805 0.408545 412.000000 -0.741494 -0.654784
0.433778 0.408487 412.100000 -0.803704 -0.586547
0.433764 0.408440 412.200000 -0.865840 -0.653670
0.433765 0.408401 412.300000 -0.933878 -0.704296
0.433784 0.408397 412.400000 -1.013464 -0.884414
0.433824 0.408359 412.500000 -1.093168 -0.705798
0.433879 0.408280 412.600000 -1.149296 -0.413794
0.433945 0.408198 412.700000 -1.188553 -0.369893
0.434018 0.408101 412.800000 -1.212921 -0.116212
0.434096 0.408008 412.900000 -1.229628 -0.217978
0.434176 0.407909 413.000000 -1.237894 0.053134
0.434248 0.407839 413.100000 -1.210802 0.487834
0.434305 0.407785 413.200000 -1.156084 0.603507
0.434346 0.407721 413.300000 -1.098781 0.538993
0.434374 0.407644 413.400000 -1.050677 0.419856
0.434395 0.407552 413.500000 -1.017695 0.237152
0.434405 0.407497 413.600000 -0.975944 0.596204
0.434401 0.407446 413.700000 -0.914463 0.629984
0.434381 0.407434 413.800000 -0.840628 0.843131
0.434345 0.407425 413.900000 -0.755144 0.861959
0.434293 0.407441 414.000000 -0.663156 0.973154
0.434226 0.407500 414.100000 -0.557052 1.143785
0.434146 0.407499 414.200000 -0.454674 0.897827
0.434059 0.407442 414.300000 -0.380398 0.582994
0.433967 0.407363 414.400000 -0.330877 0.404339
0.433873 0.407280 414.500000 -0.292899 0.353056
0.433776 0.407204 414.600000 -0.253982 0.423385
0.433678 0.407109 414.700000 -0.223589 0.182255
0.433578 0.407026 414.800000 -0.197175 0.345010
0.433476 0.406963 414.900000 -0.152823 0.540233
0.433373 0.406893 415.000000 -0.101326 0.486952
0.433269 0.406830 415.100000 -0.049993 0.537246
0.433164 0.406749 415.200000 -0.004197 0.375984
0.433060 0.406669 415.300000 0.034074 0.387583
0.432957 0.406612 415.400000 0.082557 0.580176
0.432855 0.406545 415.500000 0.137109 0.508040
0.432755 0.406467 415.600000 0.182895 0.405217
0.432658 0.406419 415.700000 0.235367 0.642323
0.432564 0.406362 415.800000 0.296679 0.580860
0.432476 0.406337 415.900000 0.364789 0.778619
0.432397 0.406355 416.000000 0.452999 0.981936
0.432330 0.406382 416.100000 0.553323 1.019915
0.432277 0.406410 416.200000 0.655672 1.022294
0.432243 0.406443 416.300000 0.759136 1.042257
0.432227 0.406441 416.400000 0.856074 0.891707
0.432229 0.406417 416.500000 0.939987 0.782579
0.432248 0.406367 416.600000 1.010616 0.626594
0.432282 0.406310 416.700000 1.071330 0.585090
0.432326 0.406216 416.800000 1.109285 0.171631
0.432372 0.406119 416.900000 1.116938 -0.018866
0.432414 0.406029 417.000000 1.103620 -0.246841
0.432448 0.405953 417.100000 1.070029 -0.423227
0.432471 0.405875 417.200000 1.028506 -0.404592
0.432481 0.405835 417.300000 0.973552 -0.691975
0.432474 0.405815 417.400000 0.898757 -0.800022
0.432449 0.405826 417.500000 0.810911 -0.952493
0.432404 0.405935 417.600000 0.697469 -1.311244
0.432339 0.406056 417.700000 0.564019 -1.350905
0.432257 0.406172 417.800000 0.429355 -1.335408
0.432164 0.406287 417.900000 0.295667 -1.331525
0.432064 0.406443 418.000000 0.156027 -1.454539
0.431960 0.406697 418.100000 -0.002724 -1.713215
0.431861 0.406956 418.200000 -0.175114 -1.726102
0.431771 0.407140 418.300000 -0.338616 -1.535478
0.431697 0.407335 418.400000 -0.493945 -1.563684
0.431644 0.407519 418.500000 -0.649176 -1.533431
0.431619 0.407730 418.600000 -0.806596 -1.607710
0.431628 0.407945 418.700000 -0.968181 -1.616455
0.431680 0.408237 418.800000 -1.139792 -1.808248
0.431783 0.408473 418.900000 -1.314115 -1.669833
0.431939 0.408657 419.000000 -1.474826 -1.536785
0.432147 0.408743 419.100000 -1.614011 -1.240034
0.432399 0.408763 419.200000 -1.725979 -0.993986
0.432691 0.408761 419.300000 -1.820447 -0.891335
0.433018 0.408719 419.400000 -1.899291 -0.682030
0.433369 0.408638 419.500000 -1.952235 -0.374427
0.433734 0.408546 419.600000 -1.982175 -0.223495
0.434105 0.408450 419.700000 -1.996856 -0.070007
0.434477 0.408353 419.800000 -1.997353 0.059415
0.434846 0.408256 419.900000 -1.991510 0.056130
0.435209 0.408162 420.000000 -1.980713 0.158527
0.435560 0.408082 420.100000 -1.953765 0.378663
0.435883 0.408066 420.200000 -1.893468 0.824437
0.436163 0.408117 420.300000 -1.796050 1.118912
0.436391 0.408241 420.400000 -1.671717 1.361312
0.436566 0.408400 420.500000 -1.529825 1.468953
0.436690 0.408538 420.600000 -1.385697 1.405567
0.436772 0.408640 420.700000 -1.250292 1.294856
0.436817 0.408746 420.800000 -1.119798 1.307986
0.436828 0.408894 420.900000 -0.982295 1.435049
0.436808 0.409047 421.000000 -0.837517 1.452919
0.436762 0.409141 421.100000 -0.701014 1.269516
0.436698 0.409242 421.200000 -0.572716 1.289799
0.436617 0.409387 421.300000 -0.436444 1.428981
0.436524 0.409458 421.400000 -0.305039 1.191821
0.436424 0.409557 421.500000 -0.180872 1.285459
0.436321 0.409659 421.600000 -0.051484 1.295851
0.436218 0.409720 421.700000 0.071338 1.154155
0.436119 0.409762 421.800000 0.183482 1.083039
0.436026 0.409804 421.900000 0.292066 1.083378
0.435941 0.409807 422.000000 0.392413 0.918339
0.435866 0.409820 422.100000 0.486868 0.966403
0.435800 0.409769 422.200000 0.566562 0.622933
0.435743 0.409701 422.300000 0.622555 0.494119
0.435693 0.409624 422.400000 0.668203 0.416705
0.435649 0.409549 422.500000 0.710602 0.429553
0.435613 0.409472 422.600000 0.752676 0.410163
0.435584 0.409389 422.700000 0.789900 0.332666
0.435559 0.409292 422.800000 0.809445 0.056956
0.435532 0.409198 422.900000 0.805564 -0.134451
0.435501 0.409119 423.000000 0.779259 -0.390601
0.435462 0.409046 423.100000 0.737080 -0.450637
0.435416 0.408977 423.200000 0.690521 -0.477944
0.435362 0.408906 423.300000 0.642915 -0.471476
0.435301 0.408841 423.400000 0.593305 -0.518059
0.435233 0.408761 423.500000 0.548649 -0.372196
0.435161 0.408686 423.600000 0.508816 -0.422335
0.435084 0.408615 423.700000 0.464294 -0.465757
0.435002 0.408534 423.800000 0.423003 -0.357527
0.434918 0.408449 423.900000 0.388934 -0.321862
0.434831 0.408358 424.000000 0.362739 -0.200256
0.434742 0.408272 424.100000 0.337460 -0.304158
0.434650 0.408183 424.200000 0.310307 -0.237205
0.434557 0.408100 424.300000 0.281295 -0.341723
0.434462 0.408016 424.400000 0.248364 -0.315064
0.434365 0.407935 424.500000 0.214808 -0.354366
0.434266 0.407914 424.600000 0.157128 -0.797391
0.434164 0.407916 424.700000 0.071279 -0.915576
0.434062 0.407935 424.800000 -0.024022 -0.985876
0.433962 0.407949 424.900000 -0.121929 -0.967397
0.433866 0.407976 425.000000 -0.221667 -1.022642
0.433776 0.408009 425.100000 -0.325419 -1.047441
0.433696 0.408042 425.200000 -0.430534 -1.049846
0.433627 0.408065 425.300000 -0.533533 -1.005151
0.433574 0.408135 425.400000 -0.643441 -1.188311
0.433540 0.408193 425.500000 -0.760243 -1.142168
0.433527 0.408218 425.600000 -0.868479 -1.017289
0.433533 0.408204 425.700000 -0.961147 -0.831451
0.433561 0.408206 425.800000 -1.048606 -0.914104
0.433608 0.408155 425.900000 -1.125511 -0.619987
0.433671 0.408097 426.000000 -1.185043 -0.568158
0.433747 0.408017 426.100000 -1.231699 -0.362731
0.433835 0.407946 426.200000 -1.273039 -0.462910
0.433936 0.407864 426.300000 -1.313135 -0.337345
0.434041 0.407769 426.400000 -1.327980 0.041457
0.434142 0.407677 426.500000 -1.316283 0.191618
0.434237 0.407587 426.600000 -1.295801 0.216417
0.434324 0.407502 426.700000 -1.270372 0.290429
0.434406 0.407407 426.800000 -1.252605 0.062827
0.434480 0.407341 426.900000 -1.224276 0.502828
0.434536 0.407311 427.000000 -1.161421 0.751177
0.434571 0.407302 427.100000 -1.080911 0.854724
0.434585 0.407294 427.200000 -0.994601 0.866693
0.434581 0.407262 427.300000 -0.914173 0.737083
0.434560 0.407283 427.400000 -0.827320 0.995884
0.434518 0.407367 427.500000 -0.715382 1.237530
0.434457 0.407473 427.600000 -0.587549 1.312658
0.434379 0.407619 427.700000 -0.449808 1.435370
0.434288 0.407831 427.800000 -0.296556 1.622346
0.434188 0.408042 427.900000 -0.134125 1.618086
0.434087 0.408230 428.000000 0.025083 1.558001
0.433989 0.408387 428.100000 0.176857 1.469768
0.433900 0.408513 428.200000 0.319531 1.376531
0.433821 0.408549 428.300000 0.441892 1.064017
0.433754 0.408555 428.400000 0.541740 0.927909
0.433700 0.408546 428.500000 0.631552 0.863999
0.433658 0.408527 428.600000 0.715254 0.806090
0.433629 0.408473 428.700000 0.785742 0.600012
0.433610 0.408402 428.800000 0.838629 0.455158
0.433597 0.408312 428.900000 0.871744 0.205307
0.433587 0.408217 429.000000 0.882912 0.017455
0.433578 0.408122 429.100000 0.886505 0.054766
0.433569 0.408027 429.200000 0.888444 -0.015812
0.433558 0.407935 429.300000 0.880470 -0.143148
0.433542 0.407854 429.400000 0.855549 -0.354115
0.433519 0.407784 429.500000 0.814690 -0.460900
0.433485 0.407726 429.600000 0.763212 -0.565963
0.433443 0.407658 429.700000 0.710666 -0.481761
0.433394 0.407580 429.800000 0.667795 -0.372921
0.433340 0.407494 429.900000 0.634790 -0.284987
0.433283 0.407404 430.000000 0.611419 -0.180693
0.433223 0.407313 430.100000 0.593381 -0.178877
0.433161 0.407227 430.200000 0.570477 -0.278018
0.433095 0.407137 430.300000 0.546645 -0.196953
0.433026 0.407054 430.400000 0.521110 -0.312509
0.432955 0.406959 430.500000 0.506915 0.030451
0.432885 0.406868 430.600000 0.516982 0.171001
0.432817 0.406774 430.700000 0.526085 0.010465
0.432748 0.406680 430.800000 0.521532 -0.101322
0.432676 0.406610 430.900000 0.493715 -0.454277
0.432598 0.406573 431.000000 0.435727 -0.702993
0.432513 0.406541 431.100000 0.363800 -0.731859
0.432422 0.406495 431.200000 0.294545 -0.649419
0.432328 0.406495 431.300000 0.217025 -0.897632
0.432229 0.406474 431.400000 0.132037 -0.797563
0.432130 0.406473 431.500000 0.047190 -0.895377
0.432030 0.406438 431.600000 -0.033463 -0.713218
0.431931 0.406422 431.700000 -0.110520 -0.824416
0.431835 0.406392 431.800000 -0.189001 -0.741167
0.431743 0.406370 431.900000 -0.265827 -0.791790
0.431656 0.406318 432.000000 -0.335611 -0.600099
0.431574 0.406253 432.100000 -0.390795 -0.500781
0.431497 0.406201 432.200000 -0.446340 -0.607836
0.431427 0.406137 432.300000 -0.501922 -0.501009
0.431363 0.406081 432.400000 -0.555761 -0.573557
0.431305 0.406005 432.500000 -0.604416 -0.396972
0.431254 0.405932 432.600000 -0.645340 -0.419858
0.431210 0.405871 432.700000 -0.693238 -0.536350
0.431176 0.405833 432.800000 -0.754991 -0.696407
0.431155 0.405796 432.900000 -0.825077 -0.702261
0.431147 0.405749 433.000000 -0.891872 -0.630580
0.431152 0.405688 433.100000 -0.950243 -0.534163
0.431167 0.405613 433.200000 -0.997214 -0.403069
0.431190 0.405526 433.300000 -1.029536 -0.241884
0.431218 0.405439 433.400000 -1.053107 -0.228864
0.431250 0.405346 433.500000 -1.067806 -0.064504
0.431284 0.405253 433.600000 -1.073903 -0.057652
0.431316 0.405164 433.700000 -1.066968 0.196110
0.431339 0.405102 433.800000 -1.030738 0.526989
0.431348 0.405060 433.900000 -0.971043 0.663790
0.431344 0.405002 434.000000 -0.909843 0.556448
0.431326 0.404979 434.100000 -0.842805 0.781093
0.431295 0.404946 434.200000 -0.767226 0.726205
0.431252 0.404896 434.300000 -0.700426 0.605808
0.431200 0.404839 434.400000 -0.641832 0.562703
0.431141 0.404767 434.500000 -0.592101 0.428808
0.431076 0.404699 434.600000 -0.547179 0.467207
0.431005 0.404668 434.700000 -0.486756 0.738695
0.430925 0.404638 434.800000 -0.412619 0.740141
0.430840 0.404591 434.900000 -0.343900 0.630350
0.430749 0.404558 435.000000 -0.276016 0.724040
0.430655 0.404575 435.100000 -0.190692 0.978734
0.430557 0.404572 435.200000 -0.097242 0.885324
0.430458 0.404587 435.300000 -0.004401 0.967073
0.430360 0.404591 435.400000 0.090121 0.918573
0.430265 0.404586 435.500000 0.180012 0.874748
0.430174 0.404584 435.600000 0.268592 0.892613
0.430090 0.404583 435.700000 0.358144 0.894151
0.430014 0.404571 435.800000 0.444952 0.837762
0.429948 0.404551 435.900000 0.526822 0.795712
0.429889 0.404480 436.000000 0.588483 0.433806
0.429835 0.404398 436.100000 0.625680 0.308295
0.429786 0.404320 436.200000 0.659077 0.358438
0.429743 0.404241 436.300000 0.694190 0.342381
0.429705 0.404158 436.400000 0.726367 0.299809
0.429671 0.404071 436.500000 0.752249 0.216701
0.429640 0.403979 436.600000 0.764333 0.024285
0.429609 0.403886 436.700000 0.767387 0.037058
0.429578 0.403795 436.800000 0.764584 -0.092925
0.429544 0.403705 436.900000 0.752610 -0.145700
0.429509 0.403613 437.000000 0.745162 -0.002157
0.429474 0.403520 437.100000 0.742824 -0.044214
0.429439 0.403428 437.200000 0.740204 -0.007594
0.429402 0.403338 437.300000 0.733516 -0.125761
0.429362 0.403252 437.400000 0.715449 -0.234595
0.429319 0.403165 437.500000 0.693367 -0.205508
0.429273 0.403074 437.600000 0.677036 -0.119749
0.429224 0.402996 437.700000 0.653348 -0.353091
0.429170 0.402915 437.800000 0.620264 -0.306513
0.429111 0.402842 437.900000 0.584557 -0.405790
0.429046 0.402791 438.000000 0.534071 -0.601634
0.428973 0.402737 438.100000 0.475133 -0.573876
0.428895 0.402683 438.200000 0.417216 -0.581401
0.428812 0.402632 438.300000 0.358222 -0.595386
0.428725 0.402571 438.400000 0.302099 -0.523948
0.428634 0.402534 438.500000 0.241173 -0.691827
0.428539 0.402504 438.600000 0.169535 -0.737397
0.428443 0.402493 438.700000 0.090449 -0.840584
0.428345 0.402489 438.800000 0.004451 -0.875167
0.428248 0.402473 438.900000 -0.080400 -0.817528
0.428154 0.402462 439.000000 -0.163620 -0.842855
0.428063 0.402415 439.100000 -0.237017 -0.620993
0.427975 0.402355 439.200000 -0.294614 -0.527984
0.427892 0.402303 439.300000 -0.350669 -0.590652
0.427812 0.402229 439.400000 -0.399902 -0.391259
0.427737 0.402153 439.500000 -0.438240 -0.373776
0.427664 0.402063 439.600000 -0.462878 -0.117327
0.427592 0.401972 439.700000 -0.468622 0.002788
0.427519 0.401882 439.800000 -0.462186 0.125687
0.427444 0.401796 439.900000 -0.445804 0.201102
0.427367 0.401721 440.000000 -0.416783 0.378109
0.427285 0.401681 440.100000 -0.363927 0.676950
0.427197 0.401673 440.200000 -0.287216 0.853738
0.427104 0.401691 440.300000 -0.195250 0.981220
0.427009 0.401713 440.400000 -0.096082 0.997188
0.426912 0.401735 440.500000 0.004031 1.000097
0.426816 0.401744 440.600000 0.101173 0.937784
0.426723 0.401760 440.700000 0.197039 0.974954
0.426637 0.401782 440.800000 0.296001 0.999547
0.426557 0.401765 440.900000 0.386509 0.805811
0.426484 0.401718 441.000000 0.458172 0.623642
0.426417 0.401652 441.100000 0.513061 0.471282
0.426355 0.401570 441.200000 0.550718 0.279766
0.426295 0.401480 441.300000 0.569720 0.099158
0.426235 0.401390 441.400000 0.571559 -0.062580
0.426176 0.401300 441.500000 0.572614 0.084291
0.426117 0.401209 441.600000 0.573615 -0.064423
0.426056 0.401122 441.700000 0.561289 -0.181494
0.425992 0.401044 441.800000 0.535539 -0.332326
0.425923 0.400988 441.900000 0.491108 -0.554384
0.425847 0.400949 442.000000 0.429253 -0.679745
0.425766 0.400903 442.100000 0.363628 -0.629156
0.425681 0.400839 442.200000 0.308154 -0.477019
0.425592 0.400782 442.300000 0.256836 -0.546825
0.425500 0.400776 442.400000 0.186106 -0.864956
0.425405 0.400746 442.500000 0.105822 -0.736342
0.425309 0.400705 442.600000 0.035903 -0.658344
0.425213 0.400671 442.700000 -0.032571 -0.707863
0.425118 0.400611 442.800000 -0.093966 -0.516528
0.425024 0.400559 442.900000 -0.149388 -0.589425
0.424934 0.400528 443.000000 -0.215222 -0.724409
0.424847 0.400479 443.100000 -0.281659 -0.600843
0.424764 0.400423 443.200000 -0.339703 -0.557209
0.424685 0.400351 443.300000 -0.387780 -0.401744
0.424610 0.400285 443.400000 -0.431290 -0.466660
0.424540 0.400218 443.500000 -0.477122 -0.447885
0.424476 0.400166 443.600000 -0.528785 -0.583411
0.424419 0.400111 443.700000 -0.586182 -0.561902
0.424371 0.400079 443.800000 -0.650141 -0.714807
0.424336 0.400096 443.900000 -0.734881 -0.976797
0.424318 0.400102 444.000000 -0.830057 -0.922248
0.424319 0.400110 444.100000 -0.923118 -0.934829
0.424337 0.400083 444.200000 -1.007480 -0.748253
0.424374 0.400063 444.300000 -1.084442 -0.787792
0.424426 0.399988 444.400000 -1.142471 -0.369420
0.424489 0.399928 444.500000 -1.186698 -0.513871
0.424568 0.399895 444.600000 -1.248074 -0.711705
0.424668 0.399861 444.700000 -1.319212 -0.708170
0.424789 0.399818 444.800000 -1.386886 -0.642462
0.424932 0.399786 444.900000 -1.455021 -0.717769
0.425094 0.399720 445.000000 -1.514171 -0.462390
0.425268 0.399637 445.100000 -1.549517 -0.243010
0.425448 0.399549 445.200000 -1.567973 -0.125682
0.425633 0.399460 445.300000 -1.578453 -0.084074
0.425822 0.399375 445.400000 -1.592875 -0.204755
0.426013 0.399286 445.500000 -1.599934 0.063801
0.426202 0.399198 445.600000 -1.590501 0.123726
0.426383 0.399117 445.700000 -1.570890 0.267090
0.426551 0.399053 445.800000 -1.533552 0.477565
0.426701 0.398997 445.900000 -1.482015 0.550049
0.426831 0.398972 446.000000 -1.416339 0.759995
0.426935 0.398958 446.100000 -1.337255 0.817208
0.427017 0.398930 446.200000 -1.258942 0.744336
0.427080 0.398884 446.300000 -1.190731 0.615551
0.427126 0.398854 446.400000 -1.123203 0.731374
0.427152 0.398851 446.500000 -1.042609 0.876331
0.427159 0.398846 446.600000 -0.955193 0.867123
0.427145 0.398903 446.700000 -0.854401 1.143945
0.427110 0.398969 446.800000 -0.737969 1.178616
0.427057 0.399043 446.900000 -0.618302 1.208522
0.426990 0.399101 447.000000 -0.500180 1.147614
0.426910 0.399211 447.100000 -0.375827 1.333520
0.426821 0.399385 447.200000 -0.232054 1.535172
0.426726 0.399540 447.300000 -0.080895 1.480291
0.426631 0.399696 447.400000 0.067426 1.478761
0.426541 0.399856 447.500000 0.216473 1.494901
0.426461 0.400001 447.600000 0.364052 1.449372
0.426394 0.400158 447.700000 0.511113 1.484861
0.426347 0.400266 447.800000 0.652218 1.330137
0.426319 0.400321 447.900000 0.775798 1.135201
0.426312 0.400367 448.000000 0.888051 1.104643
0.426327 0.400394 448.100000 0.994486 1.019021
0.426363 0.400376 448.200000 1.085660 0.799913
0.426421 0.400380 448.300000 1.171624 0.915959
0.426502 0.400358 448.400000 1.256417 0.775960
0.426603 0.400308 448.500000 1.324966 0.591794
0.426716 0.400227 448.600000 1.368479 0.276189
0.426838 0.400146 448.700000 1.395891 0.271386
0.426966 0.400058 448.800000 1.413632 0.082790
0.427090 0.399977 448.900000 1.404457 -0.266011
0.427203 0.399916 449.000000 1.365820 -0.504707
0.427298 0.399875 449.100000 1.307705 -0.654421
0.427370 0.399896 449.200000 1.224990 -0.995998
0.427417 0.399893 449.300000 1.131087 -0.876513
0.427444 0.399878 449.400000 1.046127 -0.817757
0.427451 0.399895 449.500000 0.956222 -0.975793
0.427438 0.399898 449.600000 0.861712 -0.909085
0.427407 0.399952 449.700000 0.759313 -1.133964
0.427359 0.399986 449.800000 0.649800 -1.050310
0.427298 0.399999 449.900000 0.549049 -0.959172
0.427224 0.400070 450.000000 0.440873 -1.199326
0.427141 0.400106 450.100000 0.327528 -1.061413
0.427052 0.400137 450.200000 0.222194 -1.039862
0.426959 0.400150 450.300000 0.122177 -0.955202
0.426864 0.400181 450.400000 0.022195 -1.039659
0.426770 0.400217 450.500000 -0.083005 -1.059194
0.426679 0.400235 450.600000 -0.185391 -0.983318
0.426594 0.400290 450.700000 -0.291689 -1.137866
0.426516 0.400281 450.800000 -0.391363 -0.850126
0.426447 0.400291 450.900000 -0.481216 -0.942915
0.426389 0.400286 451.000000 -0.572103 -0.870395
0.426343 0.400291 451.100000 -0.661780 -0.919130
0.426311 0.400272 451.200000 -0.747591 -0.792881
0.426291 0.400234 451.300000 -0.821150 -0.674738
0.426282 0.400171 451.400000 -0.879381 -0.486955
0.426283 0.400105 451.500000 -0.926256 -0.448567
0.426292 0.400033 451.600000 -0.967995 -0.384473
0.426308 0.399949 451.700000 -0.997716 -0.208513
0.426326 0.399861 451.800000 -1.009506 -0.026746
0.426342 0.399778 451.900000 -0.999042 0.235659
0.426353 0.399697 452.000000 -0.974831 0.246884
0.426356 0.399640 452.100000 -0.935511 0.537819
0.426343 0.399649 452.200000 -0.861557 0.938145
0.426315 0.399642 452.300000 -0.771565 0.856613
0.426272 0.399667 452.400000 -0.677994 1.010184
0.426214 0.399703 452.500000 -0.574179 1.060777
0.426144 0.399735 452.600000 -0.468685 1.043569
0.426065 0.399742 452.700000 -0.369629 0.932145
0.425980 0.399711 452.800000 -0.286772 0.720180
0.425891 0.399688 452.900000 -0.212089 0.769782
0.425799 0.399635 453.000000 -0.145240 0.563275
0.425706 0.399594 453.100000 -0.084248 0.653697
0.425612 0.399548 453.200000 -0.020679 0.614400
0.425519 0.399508 453.300000 0.043441 0.664948
0.425426 0.399495 453.400000 0.117986 0.822694
0.425337 0.399469 453.500000 0.197063 0.754828
0.425251 0.399436 453.600000 0.270085 0.701992
0.425171 0.399451 453.700000 0.353744 0.967861
0.425099 0.399439 453.800000 0.444007 0.832775
0.425037 0.399470 453.900000 0.537646 1.036115
0.424989 0.399494 454.000000 0.640105 1.008213
0.424955 0.399495 454.100000 0.735777 0.900550
0.424936 0.399494 454.200000 0.825585 0.891529
0.424934 0.399472 454.300000 0.909072 0.774208
0.424946 0.399428 454.400000 0.979211 0.625188
0.424970 0.399365 454.500000 1.034774 0.483466
0.425006 0.399304 454.600000 1.083672 0.492623
0.425051 0.399225 454.700000 1.122401 0.280064
0.425101 0.399138 454.800000 1.141657 0.104227
0.425146 0.399073 454.900000 1.124166 -0.454013
0.425178 0.399028 455.000000 1.070303 -0.620444
0.425195 0.399003 455.100000 1.001370 -0.754608
0.425197 0.398965 455.200000 0.929635 -0.675851
0.425183 0.398970 455.300000 0.849814 -0.916779
0.425152 0.398983 455.400000 0.755833 -0.957876
0.425107 0.398976 455.500000 0.665018 -0.853291
0.425049 0.399029 455.600000 0.565395 -1.134631
0.424978 0.399073 455.700000 0.453644 -1.094489
0.424898 0.399108 455.800000 0.345770 -1.057341
0.424812 0.399107 455.900000 0.248150 -0.889630
0.424722 0.399096 456.000000 0.161904 -0.830757
0.424629 0.399059 456.100000 0.086053 -0.682072
0.424536 0.399032 456.200000 0.014769 -0.740196
0.424444 0.399030 456.300000 -0.066752 -0.886560
0.424353 0.399016 456.400000 -0.152207 -0.818188
0.424266 0.398980 456.500000 -0.227581 -0.685299
0.424183 0.398939 456.600000 -0.294532 -0.650447
0.424105 0.398937 456.700000 -0.371202 -0.879893
0.424036 0.398980 456.800000 -0.469930 -1.090508
0.423981 0.399046 456.900000 -0.583904 -1.183820
0.423943 0.399151 457.000000 -0.709723 -1.327000
0.423928 0.399258 457.100000 -0.842982 -1.331974
0.423936 0.399287 457.200000 -0.961452 -1.031234
0.423966 0.399288 457.300000 -1.058203 -0.899175
0.424016 0.399267 457.400000 -1.142496 -0.782751
0.424083 0.399214 457.500000 -1.209770 -0.559437
0.424163 0.399141 457.600000 -1.255481 -0.352602
0.424247 0.399053 457.700000 -1.273647 -0.009592
0.424330 0.398968 457.800000 -1.268629 0.109362
0.424408 0.398889 457.900000 -1.249255 0.276946
0.424477 0.398815 458.000000 -1.217653 0.353098
0.424536 0.398749 458.100000 -1.178047 0.436654
0.424583 0.398687 458.200000 -1.132015 0.481235
0.424615 0.398679 458.300000 -1.065486 0.846405
0.424626 0.398679 458.400000 -0.978140 0.895798
0.424619 0.398706 458.500000 -0.881976 1.022569
0.424591 0.398757 458.600000 -0.774399 1.123465
0.424547 0.398799 458.700000 -0.663605 1.086460
0.424489 0.398812 458.800000 -0.561110 0.957721
0.424419 0.398854 458.900000 -0.458416 1.091144
0.424340 0.398894 459.000000 -0.349712 1.077301
0.424253 0.398974 459.100000 -0.233685 1.237728
0.424162 0.399035 459.200000 -0.113106 1.167615
0.424070 0.399086 459.300000 0.001844 1.125539
0.423979 0.399089 459.400000 0.103680 0.905599
0.423891 0.399089 459.500000 0.193779 0.891958
0.423807 0.399057 459.600000 0.274076 0.709663
0.423728 0.399036 459.700000 0.348849 0.782423
0.423656 0.399020 459.800000 0.428261 0.802128
0.423591 0.398980 459.900000 0.501408 0.657050
0.423533 0.398922 460.000000 0.560345 0.518686
0.423482 0.398866 460.100000 0.612720 0.526525
0.423438 0.398813 460.200000 0.667136 0.559500
0.423402 0.398747 460.300000 0.716855 0.432439
0.423370 0.398663 460.400000 0.746736 0.163380
0.423344 0.398594 460.500000 0.775117 0.403827
0.423322 0.398512 460.600000 0.805526 0.202744
0.423305 0.398433 460.700000 0.828557 0.257272
0.423290 0.398347 460.800000 0.844770 0.066139
0.423275 0.398263 460.900000 0.840514 -0.151190
0.423257 0.398181 461.000000 0.822894 -0.200038
0.423235 0.398100 461.100000 0.801137 -0.233684
0.423210 0.398015 461.200000 0.786181 -0.063866
0.423183 0.397931 461.300000 0.775644 -0.146166
0.423155 0.397845 461.400000 0.763324 -0.099129
0.423124 0.397761 461.500000 0.751962 -0.127233
0.423091 0.397684 461.600000 0.730751 -0.295982
0.423050 0.397645 461.700000 0.683124 -0.654743
0.422998 0.397632 461.800000 0.608955 -0.825056
0.422937 0.397602 461.900000 0.531633 -0.716996
0.422868 0.397602 462.000000 0.450992 -0.892007
0.422790 0.397609 462.100000 0.359797 -0.927245
0.422706 0.397629 462.200000 0.263577 -0.992402
0.422618 0.397661 462.300000 0.161508 -1.043937
0.422526 0.397716 462.400000 0.051909 -1.142795
0.422436 0.397807 462.500000 -0.069481 -1.279325
0.422348 0.397867 462.600000 -0.191864 -1.162044
0.422267 0.397879 462.700000 -0.297832 -0.951645
0.422193 0.397933 462.800000 -0.402524 -1.137643
0.422131 0.398007 462.900000 -0.520605 -1.218557
0.422083 0.398016 463.000000 -0.628708 -0.937715
0.422047 0.397997 463.100000 -0.714916 -0.782116
0.422023 0.397975 463.200000 -0.792872 -0.773486
0.422014 0.397948 463.300000 -0.868565 -0.736949
0.422017 0.397904 463.400000 -0.936853 -0.625602
0.422036 0.397882 463.500000 -1.006606 -0.766843
0.422070 0.397846 463.600000 -1.079062 -0.678988
0.422118 0.397779 463.700000 -1.134306 -0.423065
0.422175 0.397704 463.800000 -1.171152 -0.312324
0.422240 0.397633 463.900000 -1.205404 -0.371753
0.422312 0.397548 464.000000 -1.227344 -0.065799
0.422385 0.397463 464.100000 -1.233862 -0.064865
0.422457 0.397378 464.200000 -1.232918 0.083449
0.422528 0.397293 464.300000 -1.225996 0.053949
0.422595 0.397213 464.400000 -1.211792 0.229260
0.422659 0.397128 464.500000 -1.197203 0.060770
0.422720 0.397043 464.600000 -1.190404 0.074298
0.422776 0.396969 464.700000 -1.170029 0.332246
0.422824 0.396895 464.800000 -1.136959 0.326913
0.422863 0.396837 464.900000 -1.095524 0.499616
0.422888 0.396785 465.000000 -1.042512 0.557593
0.422900 0.396761 465.100000 -0.976758 0.754222
0.422896 0.396753 465.200000 -0.896462 0.847469
0.422874 0.396780 465.300000 -0.802717 1.022803
0.422834 0.396854 465.400000 -0.690413 1.217816
0.422779 0.396907 465.500000 -0.572450 1.135070
0.422710 0.396984 465.600000 -0.453998 1.228050
0.422631 0.397049 465.700000 -0.333177 1.182066
0.422545 0.397133 465.800000 -0.210919 1.257076
0.422455 0.397263 465.900000 -0.076963 1.415731
0.422365 0.397313 466.000000 0.050426 1.124981
0.422277 0.397367 466.100000 0.163782 1.136594
0.422195 0.397409 466.200000 0.275428 1.090791
0.422120 0.397461 466.300000 0.386706 1.129502
0.422056 0.397476 466.400000 0.491907 0.969117
0.422001 0.397457 466.500000 0.579866 0.785518
0.421956 0.397402 466.600000 0.645952 0.532580
0.421917 0.397335 466.700000 0.693438 0.414839
0.421884 0.397264 466.800000 0.732141 0.357512
0.421858 0.397204 466.900000 0.774482 0.487905
0.421840 0.397153 467.000000 0.826792 0.556273
0.421835 0.397116 467.100000 0.888247 0.670502
0.421843 0.397089 467.200000 0.958872 0.739143
0.421865 0.397045 467.300000 1.027047 0.621179
0.421899 0.396977 467.400000 1.078053 0.396355
0.421942 0.396904 467.500000 1.114624 0.333660
0.421994 0.396845 467.600000 1.155562 0.484006
0.422059 0.396780 467.700000 1.201871 0.440370
0.422133 0.396708 467.800000 1.241050 0.341630
0.422220 0.396663 467.900000 1.288707 0.610456
0.422323 0.396602 468.000000 1.342707 0.467175
0.422436 0.396525 468.100000 1.379568 0.268389
0.422556 0.396446 468.200000 1.404864 0.236908
0.422681 0.396362 468.300000 1.420038 0.066099
0.422807 0.396277 468.400000 1.421075 -0.044981
0.422927 0.396202 468.500000 1.404567 -0.284238
0.423033 0.396167 468.600000 1.356067 -0.683678
0.423117 0.396158 468.700000 1.279439 -0.844825
0.423175 0.396227 468.800000 1.177036 -1.198424
0.423204 0.396290 468.900000 1.057968 -1.176412
0.423209 0.396334 469.000000 0.944077 -1.095037
0.423192 0.396393 469.100000 0.831008 -1.160445
0.423155 0.396491 469.200000 0.707109 -1.311396
0.423100 0.396598 469.300000 0.574286 -1.338213
0.423030 0.396709 469.400000 0.439195 -1.356686
0.422951 0.396777 469.500000 0.311245 -1.195369
0.422865 0.396842 469.600000 0.191986 -1.183742
0.422775 0.396927 469.700000 0.069300 -1.264031
0.422685 0.397004 469.800000 -0.055877 -1.233220
0.422599 0.397070 469.900000 -0.177261 -1.188369
0.422518 0.397086 470.000000 -0.285428 -0.969169
0.422443 0.397104 470.100000 -0.383337 -0.984361
0.422377 0.397082 470.200000 -0.470989 -0.763990
0.422319 0.397055 470.300000 -0.546071 -0.734104
0.422269 0.397000 470.400000 -0.609148 -0.524064
0.422224 0.396927 470.500000 -0.651838 -0.327451
0.422184 0.396856 470.600000 -0.686327 -0.361046
0.422151 0.396790 470.700000 -0.725056 -0.412082
0.422125 0.396749 470.800000 -0.777586 -0.636855
0.422110 0.396699 470.900000 -0.837952 -0.567709
0.422104 0.396636 471.000000 -0.889191 -0.454677
0.422105 0.396558 471.100000 -0.923735 -0.234383
0.422111 0.396479 471.200000 -0.946159 -0.213415
0.422119 0.396395 471.300000 -0.958770 -0.038214
0.422126 0.396311 471.400000 -0.956516 0.083009
0.422131 0.396231 471.500000 -0.942942 0.187589
0.422130 0.396164 471.600000 -0.913798 0.393887
0.422120 0.396117 471.700000 -0.864330 0.593083
0.422098 0.396092 471.800000 -0.797091 0.748323
0.422062 0.396093 471.900000 -0.714678 0.895850
0.422014 0.396097 472.000000 -0.624076 0.911380
0.421956 0.396072 472.100000 -0.541110 0.743124
0.421890 0.396041 472.200000 -0.468489 0.705341
0.421817 0.396004 472.300000 -0.399812 0.664468
0.421739 0.395994 472.400000 -0.324624 0.835807
0.421657 0.395938 472.500000 -0.256913 0.514098
0.421573 0.395863 472.600000 -0.217010 0.281272
0.421487 0.395783 472.700000 -0.193516 0.187101
0.421402 0.395702 472.800000 -0.175892 0.164349
0.421315 0.395635 472.900000 -0.147791 0.396777
0.421227 0.395555 473.000000 -0.118051 0.195974
0.421139 0.395483 473.100000 -0.091785 0.328337
0.421051 0.395404 473.200000 -0.065331 0.199054
0.420962 0.395342 473.300000 -0.032498 0.456602
0.420873 0.395305 473.400000 0.023699 0.665084
0.420785 0.395255 473.500000 0.085112 0.559891
0.420698 0.395241 473.600000 0.153761 0.810358
0.420616 0.395289 473.700000 0.250379 1.118102
0.420541 0.395332 473.800000 0.361251 1.093924
0.420475 0.395350 473.900000 0.465155 0.978913
0.420420 0.395351 474.000000 0.559127 0.895907
0.420376 0.395363 474.100000 0.651736 0.952128
0.420345 0.395351 474.200000 0.740554 0.819837
0.420327 0.395333 474.300000 0.821033 0.786070
0.420324 0.395311 474.400000 0.898701 0.763800
0.420334 0.395265 474.500000 0.967082 0.600489
0.420356 0.395218 474.600000 1.026308 0.581558
0.420392 0.395170 474.700000 1.084699 0.583892
0.420437 0.395096 474.800000 1.128561 0.291005
0.420487 0.395013 474.900000 1.146639 0.069671
0.420537 0.394931 475.000000 1.146499 -0.072248
0.420584 0.394850 475.100000 1.134886 -0.159085
0.420627 0.394771 475.200000 1.117907 -0.179127
0.420668 0.394688 475.300000 1.110255 0.027538
0.420710 0.394605 475.400000 1.114334 0.054480
0.420752 0.394522 475.500000 1.114958 -0.041717
0.420793 0.394441 475.600000 1.106049 -0.135702
0.420826 0.394383 475.700000 1.074966 -0.484750
0.420846 0.394340 475.800000 1.019797 -0.615687
0.420853 0.394319 475.900000 0.950503 -0.766646
0.420845 0.394296 476.000000 0.874242 -0.754283
0.420823 0.394287 476.100000 0.794280 -0.840805
0.420786 0.394307 476.200000 0.702536 -0.989512
0.420735 0.394358 476.300000 0.596341 -1.129150
0.420671 0.394447 476.400000 0.475746 -1.276863
0.420595 0.394530 476.500000 0.348704 -1.257414
0.420512 0.394617 476.600000 0.221792 -1.274435
0.420425 0.394743 476.700000 0.087316 -1.408657
0.420337 0.394870 476.800000 -0.054171 -1.414070
0.420253 0.395040 476.900000 -0.202998 -1.555506
0.420178 0.395226 477.000000 -0.361148 -1.599908
0.420118 0.395371 477.100000 -0.515318 -1.475751
0.420077 0.395535 477.200000 -0.666154 -1.533931
0.420058 0.395652 477.300000 -0.812343 -1.382578
0.420065 0.395784 477.400000 -0.953436 -1.432844
0.420103 0.395916 477.500000 -1.096941 -1.430643
0.420170 0.395934 477.600000 -1.218005 -0.984107
0.420260 0.395903 477.700000 -1.302603 -0.703568
0.420368 0.395859 477.800000 -1.368292 -0.607379
0.420491 0.395794 477.900000 -1.419369 -0.411844
0.420624 0.395719 478.000000 -1.453762 -0.274694
0.420764 0.395640 478.100000 -1.476793 -0.185286
0.420904 0.395560 478.200000 -1.477961 0.162113
0.421040 0.395479 478.300000 -1.462623 0.143099
0.421172 0.395397 478.400000 -1.452006 0.067789
0.421301 0.395317 478.500000 -1.440398 0.163301
0.421423 0.395243 478.600000 -1.417866 0.285809
0.421534 0.395180 478.700000 -1.382012 0.429143
0.421634 0.395111 478.800000 -1.342367 0.360935
0.421725 0.395041 478.900000 -1.306626 0.351421
0.421804 0.394983 479.000000 -1.265032 0.478073
0.421869 0.394936 479.100000 -1.211582 0.587930
0.421915 0.394949 479.200000 -1.134398 0.952252
0.421938 0.394997 479.300000 -1.030487 1.120685
0.421936 0.395084 479.400000 -0.910455 1.273887
0.421912 0.395190 479.500000 -0.779156 1.345334
0.421868 0.395268 479.600000 -0.649582 1.239093
0.421808 0.395367 479.700000 -0.521432 1.317439
0.421736 0.395436 479.800000 -0.394821 1.207995
0.421657 0.395472 479.900000 -0.280769 1.066866
0.421572 0.395548 480.000000 -0.165646 1.230178
0.421484 0.395629 480.100000 -0.041028 1.256014
0.421397 0.395683 480.200000 0.079167 1.141636
0.421314 0.395782 480.300000 0.202484 1.319115
0.421238 0.395912 480.400000 0.340196 1.428701
0.421174 0.396038 480.500000 0.482819 1.416854
0.421128 0.396170 480.600000 0.625742 1.434840
0.421101 0.396286 480.700000 0.766834 1.380207
0.421098 0.396377 480.800000 0.900790 1.292468
0.421120 0.396452 480.900000 1.027307 1.231926
0.421169 0.396498 481.000000 1.144703 1.110418
0.421244 0.396525 481.100000 1.251699 1.024580
0.421344 0.396513 481.200000 1.344424 0.825472
0.421465 0.396471 481.300000 1.417139 0.625409
0.421607 0.396451 481.400000 1.487210 0.773640
0.421770 0.396397 481.500000 1.552306 0.525184
0.421952 0.396361 481.600000 1.611949 0.665873
0.422155 0.396309 481.700000 1.672167 0.535992
0.422376 0.396252 481.800000 1.723783 0.494531
0.422611 0.396180 481.900000 1.764258 0.313369
0.422853 0.396098 482.000000 1.784380 0.088396
0.423098 0.396016 482.100000 1.789411 0.012682
0.423334 0.395952 482.200000 1.769264 -0.414802
0.423556 0.395890 482.300000 1.726470 -0.438126
0.423761 0.395832 482.400000 1.680449 -0.479244
0.423948 0.395777 482.500000 1.630554 -0.515445
0.424119 0.395720 482.600000 1.580297 -0.486315
0.424275 0.395654 482.700000 1.535636 -0.403692
0.424417 0.395603 482.800000 1.487975 -0.546763
0.424537 0.395592 482.900000 1.419320 -0.822901
0.424631 0.395624 483.000000 1.325520 -1.048328
0.424694 0.395719 483.100000 1.207422 -1.307789
0.424724 0.395878 483.200000 1.065402 -1.525522
0.424723 0.396020 483.300000 0.915019 -1.474053
0.424694 0.396258 483.400000 0.753057 -1.757440
0.424640 0.396484 483.500000 0.578427 -1.726079
0.424569 0.396717 483.600000 0.404348 -1.746670
0.424487 0.397031 483.700000 0.218795 -1.955559
0.424399 0.397346 483.800000 0.022436 -1.961838
0.424314 0.397654 483.900000 -0.173267 -1.942496
0.424240 0.397944 484.000000 -0.365753 -1.897701
0.424185 0.398249 484.100000 -0.557909 -1.936199
0.424156 0.398546 484.200000 -0.751002 -1.916359
0.424159 0.398802 484.300000 -0.937871 -1.811911
0.424200 0.399042 484.400000 -1.117164 -1.765463
0.424286 0.399300 484.500000 -1.296725 -1.817574
0.424421 0.399476 484.600000 -1.467095 -1.581481
0.424600 0.399556 484.700000 -1.609287 -1.255250
0.424819 0.399581 484.800000 -1.723287 -1.019343
0.425070 0.399562 484.900000 -1.813950 -0.789733
0.425346 0.399505 485.000000 -1.878314 -0.494539
0.425640 0.399439 485.100000 -1.922965 -0.396967
0.425949 0.399373 485.200000 -1.962572 -0.394180
0.426270 0.399295 485.300000 -1.992441 -0.202237
0.426598 0.399214 485.400000 -2.008009 -0.109125
0.426928 0.399132 485.500000 -2.014308 -0.017326
0.427254 0.399053 485.600000 -2.005940 0.183769
0.427569 0.398983 485.700000 -1.979263 0.347855
0.427868 0.398923 485.800000 -1.938462 0.465451
0.428147 0.398870 485.900000 -1.888537 0.529772
0.428403 0.398829 486.000000 -1.830330 0.630787
0.428631 0.398829 486.100000 -1.753853 0.894738
0.428824 0.398875 486.200000 -1.653048 1.116053
0.428983 0.398889 486.300000 -1.548788 0.962782
0.429107 0.398971 486.400000 -1.437092 1.265605
0.429193 0.399087 486.500000 -1.304159 1.386079
0.429242 0.399274 486.600000 -1.153587 1.617838
0.429254 0.399466 486.700000 -0.990532 1.634685
0.429237 0.399649 486.800000 -0.827997 1.607422
0.429195 0.399794 486.900000 -0.672958 1.484980
0.429135 0.399959 487.000000 -0.520753 1.551434
0.429060 0.400120 487.100000 -0.365831 1.539047
0.428977 0.400278 487.200000 -0.211985 1.530070
0.428889 0.400472 487.300000 -0.053112 1.639715
0.428803 0.400728 487.400000 0.120150 1.817392
0.428724 0.400976 487.500000 0.301210 1.794890
0.428659 0.401163 487.600000 0.472404 1.620232
0.428614 0.401423 487.700000 0.645185 1.827621
0.428598 0.401744 487.800000 0.836091 1.981786
0.428617 0.401957 487.900000 1.020650 1.700006
0.428670 0.402068 488.000000 1.174717 1.373405
0.428756 0.402134 488.100000 1.303855 1.203151
0.428872 0.402136 488.200000 1.409744 0.909324
0.429010 0.402088 488.300000 1.484275 0.577493
0.429164 0.402032 488.400000 1.538502 0.504930
0.429335 0.401977 488.500000 1.589569 0.514683
0.429527 0.401951 488.600000 1.652681 0.745834
0.429740 0.401899 488.700000 1.717037 0.538405
0.429969 0.401827 488.800000 1.759578 0.310620
0.430203 0.401745 488.900000 1.773533 -0.032184
0.430432 0.401666 489.000000 1.762177 -0.193893
0.430654 0.401590 489.100000 1.740533 -0.237138
0.430868 0.401512 489.200000 1.718100 -0.209482
0.431072 0.401439 489.300000 1.692725 -0.296111
0.431265 0.401373 489.400000 1.658375 -0.388567
0.431441 0.401332 489.500000 1.606798 -0.640233
0.431593 0.401318 489.600000 1.534086 -0.810039
0.431718 0.401329 489.700000 1.445637 -0.954161
0.431817 0.401320 489.800000 1.355257 -0.847971
0.431894 0.401315 489.900000 1.269156 -0.869177
0.431945 0.401358 490.000000 1.170162 -1.105774
0.431972 0.401401 490.100000 1.059163 -1.108132
0.431974 0.401477 490.200000 0.941326 -1.242595
0.431952 0.401604 490.300000 0.807282 -1.431668
0.431910 0.401705 490.400000 0.668350 -1.339490
0.431850 0.401821 490.500000 0.531372 -1.393103
0.431779 0.401898 490.600000 0.398901 -1.249140
0.431698 0.401978 490.700000 0.273033 -1.261842
0.431612 0.402086 490.800000 0.141431 -1.363817
0.431524 0.402217 490.900000 0.000570 -1.446583
0.431439 0.402397 491.000000 -0.152214 -1.601943
0.431361 0.402558 491.100000 -0.310035 -1.546627
0.431295 0.402698 491.200000 -0.461624 -1.477642
0.431245 0.402845 491.300000 -0.610813 -1.499073
0.431217 0.403039 491.400000 -0.768405 -1.645653
0.431217 0.403206 491.500000 -0.929398 -1.566439
0.431248 0.403323 491.600000 -1.077928 -1.396887
0.431309 0.403396 491.700000 -1.209960 -1.237365
0.431400 0.403425 491.800000 -1.324349 -1.044903
0.431516 0.403411 491.900000 -1.417662 -0.816829
0.431655 0.403375 492.000000 -1.492323 -0.673071
0.431811 0.403316 492.100000 -1.549632 -0.470510
0.431979 0.403242 492.200000 -1.587024 -0.275777
0.432156 0.403166 492.300000 -1.613572 -0.254611
0.432337 0.403085 492.400000 -1.629227 -0.058033
0.432519 0.403003 492.500000 -1.628982 0.062393
0.432691 0.402950 492.600000 -1.599502 0.526107
0.432844 0.402906 492.700000 -1.542165 0.617225
0.432975 0.402903 492.800000 -1.467068 0.880881
0.433080 0.402898 492.900000 -1.379349 0.868410
0.433158 0.402951 493.000000 -1.278168 1.150231
0.433207 0.402996 493.100000 -1.164425 1.118276
0.433232 0.403033 493.200000 -1.054062 1.082861
0.433234 0.403089 493.300000 -0.941257 1.167355
0.433216 0.403124 493.400000 -0.829086 1.069803
0.433180 0.403188 493.500000 -0.715353 1.199146
0.433130 0.403188 493.600000 -0.610003 0.901544
0.433069 0.403202 493.700000 -0.516241 0.968938
0.433001 0.403171 493.800000 -0.432177 0.707266
0.432926 0.403140 493.900000 -0.361014 0.712278
0.432848 0.403086 494.000000 -0.299133 0.521628
0.432766 0.403028 494.100000 -0.249059 0.477125
0.432683 0.402963 494.200000 -0.204621 0.409143
0.432598 0.402909 494.300000 -0.157942 0.522306
0.432512 0.402848 494.400000 -0.109096 0.451955
0.432425 0.402792 494.500000 -0.061281 0.502044
0.432337 0.402717 494.600000 -0.024308 0.234887
0.432250 0.402639 494.700000 -0.003283 0.184436
0.432163 0.402559 494.800000 0.013150 0.143319
0.432075 0.402478 494.900000 0.022465 0.042272
0.431988 0.402398 495.000000 0.029235 0.092920
0.431901 0.402317 495.100000 0.035844 0.038827
0.431814 0.402236 495.200000 0.042503 0.094172
0.431727 0.402155 495.300000 0.045105 -0.042583
0.431640 0.402076 495.400000 0.036575 -0.127783
0.431553 0.401999 495.500000 0.019819 -0.206688
0.431466 0.401919 495.600000 0.005290 -0.082862
0.431379 0.401846 495.700000 0.016025 0.297995
0.431292 0.401794 495.800000 0.057567 0.531399
0.431206 0.401737 495.900000 0.108613 0.486910
0.431122 0.401704 496.000000 0.167720 0.692880
0.431041 0.401675 496.100000 0.238284 0.715066
0.430964 0.401642 496.200000 0.308728 0.690396
0.430891 0.401594 496.300000 0.372143 0.574641
0.430824 0.401565 496.400000 0.436986 0.719567
0.430763 0.401529 496.500000 0.506166 0.660681
0.430710 0.401512 496.600000 0.579174 0.796472
0.430666 0.401479 496.700000 0.653627 0.688927
0.430632 0.401443 496.800000 0.721696 0.669380
0.430607 0.401396 496.900000 0.784528 0.584303
0.430592 0.401360 497.000000 0.846939 0.661430
0.430587 0.401296 497.100000 0.900494 0.406819
0.430588 0.401219 497.200000 0.930737 0.196473
0.430593 0.401148 497.300000 0.956452 0.317331
0.430603 0.401069 497.400000 0.978930 0.131118
0.430617 0.400996 497.500000 0.999104 0.272229
0.430636 0.400920 497.600000 1.023785 0.220540
0.430659 0.400847 497.700000 1.047960 0.262380
0.430687 0.400767 497.800000 1.064929 0.076232
0.430711 0.400698 497.900000 1.051883 -0.337009
0.430728 0.400637 498.000000 1.012963 -0.439200
0.430735 0.400582 498.100000 0.965687 -0.503645
0.430732 0.400541 498.200000 0.909131 -0.624500
0.430717 0.400499 498.300000 0.846656 -0.621445
0.430694 0.400442 498.400000 0.791405 -0.480066
0.430662 0.400387 498.500000 0.741816 -0.508944
0.430624 0.400335 498.600000 0.690033 -0.523818
0.430578 0.400280 498.700000 0.638509 -0.503735
0.430525 0.400258 498.800000 0.574899 -0.765644
0.430462 0.400309 498.900000 0.479198 -1.144329
0.430389 0.400362 499.000000 0.364029 -1.153148
0.430309 0.400400 499.100000 0.251742 -1.086694
0.430225 0.400475 499.200000 0.135036 -1.241922
0.430138 0.400545 499.300000 0.011248 -1.227626
0.430053 0.400587 499.400000 -0.105615 -1.103539
0.429972 0.400594 499.500000 -0.207738 -0.933507
0.429895 0.400599 499.600000 -0.300755 -0.922328
0.429824 0.400584 499.700000 -0.387455 -0.807244
0.429758 0.400530 499.800000 -0.453383 -0.507506
0.429697 0.400468 499.900000 -0.500040 -0.423353
0.429641 0.400411 500.000000 -0.545372 -0.481442
0.429592 0.400387 500.100000 -0.606988 -0.748778
0.429553 0.400374 500.200000 -0.685527 -0.818612
0.429526 0.400346 500.300000 -0.762991 -0.726949
0.429508 0.400294 500.400000 -0.825944 -0.528897
0.429498 0.400228 500.500000 -0.870794 -0.365888
0.429497 0.400189 500.600000 -0.921142 -0.639725
0.429509 0.400169 500.700000 -0.992014 -0.775027
0.429535 0.400119 500.800000 -1.058547 -0.552282
0.429575 0.400091 500.900000 -1.122186 -0.718298
0.429631 0.400051 501.000000 -1.189918 -0.633345
0.429701 0.400005 501.100000 -1.250680 -0.579377
0.429787 0.399962 501.200000 -1.310433 -0.613443
0.429887 0.399906 501.300000 -1.365309 -0.481695
0.429996 0.399829 501.400000 -1.398612 -0.182661
0.430108 0.399750 501.500000 -1.408040 -0.005691
0.430218 0.399672 501.600000 -1.400696 0.151893
0.430322 0.399599 501.700000 -1.380376 0.253066
0.430419 0.399525 501.800000 -1.355498 0.242537
0.430509 0.399459 501.900000 -1.325278 0.359984
0.430586 0.399409 502.000000 -1.279633 0.550482
0.430649 0.399368 502.100000 -1.221042 0.617970
0.430696 0.399334 502.200000 -1.156098 0.677228
0.430728 0.399299 502.300000 -1.088741 0.665979
0.430745 0.399288 502.400000 -1.013652 0.831966
0.430746 0.399253 502.500000 -0.938392 0.668604
0.430736 0.399216 502.600000 -0.872188 0.651692
0.430716 0.399170 502.700000 -0.810513 0.578142
0.430685 0.399161 502.800000 -0.739268 0.843485
0.430641 0.399172 502.900000 -0.649246 0.952425
0.430586 0.399178 503.000000 -0.554883 0.929789
0.430521 0.399201 503.100000 -0.457565 1.011686
0.430448 0.399250 503.200000 -0.349882 1.136743
0.430367 0.399408 503.300000 -0.215483 1.545457
0.430282 0.399505 503.400000 -0.071238 1.331678
0.430197 0.399593 503.500000 0.060658 1.299619
0.430116 0.399722 503.600000 0.198351 1.447846
0.430042 0.399869 503.700000 0.346710 1.512268
0.429980 0.399955 503.800000 0.487087 1.287954
0.429932 0.400017 503.900000 0.611557 1.195305
0.429899 0.400061 504.000000 0.727398 1.115909
0.429882 0.400060 504.100000 0.827927 0.889510
0.429880 0.400059 504.200000 0.916998 0.887910
0.429894 0.400040 504.300000 1.000477 0.777736
0.429926 0.400048 504.400000 1.086459 0.938572
0.429977 0.400033 504.500000 1.174086 0.809867
0.430048 0.400023 504.600000 1.256357 0.832146
0.430138 0.399978 504.700000 1.327717 0.591547
0.430241 0.399918 504.800000 1.379398 0.439808
0.430357 0.399860 504.900000 1.424303 0.456822
0.430483 0.399789 505.000000 1.461615 0.287866
0.430614 0.399710 505.100000 1.479015 0.059434
0.430748 0.399633 505.200000 1.488967 0.140053
0.430885 0.399554 505.300000 1.497613 0.032916
0.431022 0.399475 505.400000 1.498463 -0.015322
0.431158 0.399396 505.500000 1.495895 -0.035197
0.431289 0.399325 505.600000 1.479913 -0.283521
0.431412 0.399256 505.700000 1.449680 -0.318998
0.431519 0.399230 505.800000 1.396864 -0.735030
0.431605 0.399224 505.900000 1.317043 -0.857058
0.431668 0.399252 506.000000 1.221855 -1.041800
0.431706 0.399281 506.100000 1.117414 -1.041256
0.431724 0.399271 506.200000 1.023036 -0.840564
0.431726 0.399249 506.300000 0.942904 -0.757398
0.431712 0.399311 506.400000 0.845264 -1.191209
0.431676 0.399452 506.500000 0.710748 -1.492787
0.431622 0.399627 506.600000 0.555462 -1.605194
0.431551 0.399839 506.700000 0.388885 -1.718137
0.431470 0.400261 506.800000 0.189901 -2.252865
0.431385 0.400804 506.900000 -0.048892 -2.511762
0.431308 0.401256 507.000000 -0.291066 -2.319296
0.431251 0.401786 507.100000 -0.531879 -2.485658
0.431227 0.402369 507.200000 -0.786407 -2.592870
0.431248 0.402883 507.300000 -1.039349 -2.453515
0.431328 0.403478 507.400000 -1.293386 -2.615624
0.431482 0.404085 507.500000 -1.556817 -2.640711
0.431720 0.404581 507.600000 -1.810318 -2.417011
0.432039 0.404856 507.700000 -2.026621 -1.897978
0.432432 0.405039 507.800000 -2.203578 -1.632768
0.432892 0.405144 507.900000 -2.354047 -1.369630
0.433414 0.405205 508.000000 -2.482657 -1.196970
0.433981 0.405169 508.100000 -2.576228 -0.669753
0.434577 0.405107 508.200000 -2.630968 -0.423016
0.435187 0.405029 508.300000 -2.658825 -0.133341
0.435796 0.404951 508.400000 -2.658555 0.138068
0.436395 0.404878 508.500000 -2.638705 0.256906
0.436970 0.404840 508.600000 -2.593319 0.648221
0.437507 0.404835 508.700000 -2.517036 0.872945
0.437998 0.404852 508.800000 -2.423561 0.990957
0.438434 0.404953 508.900000 -2.306008 1.354013
0.438807 0.405098 509.000000 -2.162264 1.513000
0.439115 0.405287 509.100000 -2.003447 1.654756
0.439358 0.405518 509.200000 -1.831303 1.778927
0.439532 0.405955 509.300000 -1.627244 2.292566
0.439636 0.406424 509.400000 -1.393703 2.366089
0.439680 0.406940 509.500000 -1.151611 2.463334
0.439673 0.407503 509.600000 -0.899782 2.560477
0.439627 0.408094 509.700000 -0.640340 2.615243
0.439554 0.408849 509.800000 -0.363046 2.917388
0.439468 0.409622 509.900000 -0.068971 2.949486
0.439387 0.410344 510.000000 0.222300 2.861297
0.439326 0.411054 510.100000 0.508099 2.840627
0.439299 0.411557 510.200000 0.772867 2.440921
0.439314 0.412043 510.300000 1.015674 2.403533
0.439383 0.412563 510.400000 1.260277 2.477136
0.439518 0.413019 510.500000 1.501794 2.341582
0.439725 0.413411 510.600000 1.729350 2.198686
0.440011 0.413806 510.700000 1.949931 2.202940
0.440383 0.414139 510.800000 2.163505 2.058605
0.440841 0.414382 510.900000 2.357849 1.819176
0.441381 0.414565 511.000000 2.531296 1.641935
0.441998 0.414663 511.100000 2.681442 1.354117
0.442679 0.414687 511.200000 2.801387 1.039419
0.443411 0.414670 511.300000 2.893716 0.803421
0.444182 0.414620 511.400000 2.962527 0.570281
0.444982 0.414556 511.500000 3.011944 0.416728
0.445801 0.414480 511.600000 3.044087 0.225568
0.446633 0.414405 511.700000 3.067881 0.250738
0.447472 0.414324 511.800000 3.079900 -0.010050
0.448303 0.414251 511.900000 3.065440 -0.277568
0.449106 0.414206 512.000000 3.020873 -0.610859
0.449868 0.414191 512.100000 2.949285 -0.816374
0.450576 0.414211 512.200000 2.857185 -1.020103
0.451216 0.414348 512.300000 2.731284 -1.491439
0.451778 0.414489 512.400000 2.580876 -1.507974
0.452255 0.414792 512.500000 2.405798 -1.984838
0.452640 0.415117 512.600000 2.204015 -2.039793
0.452939 0.415497 512.700000 1.992699 -2.175321
0.453154 0.415974 512.800000 1.763707 -2.392747
0.453288 0.416571 512.900000 1.511637 -2.635950
0.453354 0.417058 513.000000 1.258383 -2.415293
0.453367 0.417543 513.100000 1.016395 -2.411895
0.453336 0.418054 513.200000 0.771960 -2.464355
0.453276 0.418493 513.300000 0.532514 -2.311967
0.453196 0.419029 513.400000 0.290436 -2.517893
0.453108 0.419567 513.500000 0.037674 -2.524728
0.453024 0.420173 513.600000 -0.222059 -2.657425
0.452959 0.420739 513.700000 -0.484538 -2.579114
0.452924 0.421282 513.800000 -0.740866 -2.534924
0.452929 0.421657 513.900000 -0.976590 -2.167367
0.452974 0.421853 514.000000 -1.169949 -1.689565
0.453053 0.421888 514.100000 -1.309709 -1.097825
0.453158 0.421890 514.200000 -1.411456 -0.932327
0.453288 0.421872 514.300000 -1.498617 -0.807003
0.453441 0.421838 514.400000 -1.574526 -0.707933
0.453617 0.421809 514.500000 -1.646940 -0.737633
0.453811 0.421747 514.600000 -1.706520 -0.451134
0.454017 0.421669 514.700000 -1.738919 -0.195452
0.454221 0.421594 514.800000 -1.734842 0.277104
0.454414 0.421525 514.900000 -1.702728 0.362926
0.454594 0.421464 515.000000 -1.661670 0.455576
0.454755 0.421432 515.100000 -1.602665 0.721452
0.454891 0.421432 515.200000 -1.520623 0.915013
0.454998 0.421472 515.300000 -1.418512 1.121925
0.455075 0.421514 515.400000 -1.305587 1.130297
0.455126 0.421534 515.500000 -1.197597 1.023261
0.455152 0.421602 515.600000 -1.083977 1.243476
0.455152 0.421688 515.700000 -0.955651 1.316336
0.455127 0.421879 515.800000 -0.805651 1.676690
0.455078 0.422056 515.900000 -0.639634 1.634939
0.455011 0.422303 516.000000 -0.465393 1.841482
0.454930 0.422656 516.100000 -0.266992 2.117212
0.454842 0.423070 516.200000 -0.047366 2.264684
0.454757 0.423461 516.300000 0.176893 2.209279
0.454684 0.423825 516.400000 0.395180 2.145603
0.454633 0.424239 516.500000 0.616188 2.264135
0.454613 0.424615 516.600000 0.838723 2.175680
0.454634 0.425026 516.700000 1.060964 2.258800
0.454704 0.425381 516.800000 1.280661 2.124493
0.454831 0.425694 516.900000 1.488579 2.023976
0.455017 0.425955 517.000000 1.684364 1.882464
0.455262 0.426098 517.100000 1.855349 1.528758
0.455564 0.426245 517.200000 2.009058 1.538792
0.455927 0.426377 517.300000 2.160860 1.490634
0.456350 0.426451 517.400000 2.299356 1.273001
0.456824 0.426467 517.500000 2.413701 1.008730
0.457343 0.426456 517.600000 2.507272 0.858921
0.457898 0.426409 517.700000 2.580382 0.600267
0.458474 0.426332 517.800000 2.623008 0.250580
0.459055 0.426250 517.900000 2.634954 -0.011589
0.459634 0.426169 518.000000 2.628405 -0.118013
0.460200 0.426097 518.100000 2.606139 -0.325411
0.460740 0.426067 518.200000 2.552933 -0.735794
0.461241 0.426056 518.300000 2.472890 -0.860150
0.461696 0.426093 518.400000 2.374016 -1.111822
0.462093 0.426215 518.500000 2.245428 -1.453253
0.462424 0.426403 518.600000 2.088681 -1.673375
0.462689 0.426618 518.700000 1.916627 -1.758378
0.462890 0.426869 518.800000 1.735356 -1.857365
0.463029 0.427207 518.900000 1.537472 -2.090261
0.463110 0.427515 519.000000 1.331789 -2.012287
0.463140 0.427981 519.100000 1.111325 -2.386367
0.463121 0.428613 519.200000 0.855150 -2.724792
0.463064 0.429349 519.300000 0.572483 -2.914631
0.462981 0.430211 519.400000 0.269340 -3.133527
0.462892 0.431004 519.500000 -0.038955 -3.016717
0.462814 0.431666 519.600000 -0.329666 -2.782575
0.462761 0.432423 519.700000 -0.617219 -2.954888
0.462754 0.433275 519.800000 -0.921603 -3.118500
0.462811 0.434120 519.900000 -1.233601 -3.106492
0.462948 0.434825 520.000000 -1.532915 -2.865019
0.463176 0.435489 520.100000 -1.816263 -2.788531
0.463503 0.435990 520.200000 -2.079686 -2.467028
0.463923 0.436279 520.300000 -2.302088 -1.969837
0.464420 0.436382 520.400000 -2.470754 -1.394868
0.464979 0.436418 520.500000 -2.596489 -1.114159
0.465582 0.436378 520.600000 -2.686445 -0.680725
0.466219 0.436326 520.700000 -2.749113 -0.570617
0.466881 0.436258 520.800000 -2.798282 -0.411316
0.467552 0.436175 520.900000 -2.815988 0.057828
0.468215 0.436098 521.000000 -2.799770 0.264842
0.468858 0.436031 521.100000 -2.765264 0.422561
0.469469 0.436015 521.200000 -2.701969 0.839867
0.470032 0.436026 521.300000 -2.610238 0.989239
0.470546 0.436038 521.400000 -2.510378 1.001761
0.471003 0.436152 521.500000 -2.388250 1.434581
0.471392 0.436306 521.600000 -2.237434 1.573450
0.471716 0.436458 521.700000 -2.079783 1.570656
0.471976 0.436678 521.800000 -1.911920 1.777786
0.472169 0.437003 521.900000 -1.719177 2.067318
0.472297 0.437327 522.000000 -1.512163 2.061856
0.472371 0.437618 522.100000 -1.309619 1.978049
0.472395 0.438050 522.200000 -1.094071 2.322477
0.472374 0.438556 522.300000 -0.853253 2.481846
0.472319 0.439050 522.400000 -0.605683 2.456846
0.472240 0.439676 522.500000 -0.345940 2.725555
0.472150 0.440282 522.600000 -0.074744 2.684709
0.472064 0.440888 522.700000 0.194472 2.686274
0.471994 0.441495 522.800000 0.463978 2.690660
0.471955 0.442108 522.900000 0.734186 2.700424
0.471960 0.442655 523.000000 0.998318 2.569210
0.472016 0.443033 523.100000 1.237389 2.199967
0.472128 0.443356 523.200000 1.451286 2.067713
0.472296 0.443585 523.300000 1.645638 1.809803
0.472514 0.443642 523.400000 1.797459 1.218462
0.472770 0.443637 523.500000 1.904488 0.916977
0.473057 0.443602 523.600000 1.986388 0.717451
0.473369 0.443552 523.700000 2.052885 0.609939
0.473704 0.443499 523.800000 2.112061 0.571598
0.474059 0.443429 523.900000 2.160112 0.387647
0.474428 0.443353 524.000000 2.194495 0.299181
0.474805 0.443269 524.100000 2.214719 0.104904
0.475184 0.443185 524.200000 2.216905 -0.060581
0.475558 0.443102 524.300000 2.208058 -0.114957
0.475925 0.443021 524.400000 2.192048 -0.203558
0.476283 0.442942 524.500000 2.170141 -0.232472
0.476631 0.442865 524.600000 2.143913 -0.289835
0.476961 0.442807 524.700000 2.102980 -0.526317
0.477270 0.442751 524.800000 2.049455 -0.540514
0.477558 0.442698 524.900000 1.993412 -0.576652
0.477821 0.442661 525.000000 1.929036 -0.707008
0.478056 0.442647 525.100000 1.850780 -0.853635
0.478254 0.442724 525.200000 1.742696 -1.302915
0.478409 0.442832 525.300000 1.606007 -1.423546
0.478518 0.443014 525.400000 1.450896 -1.670835
0.478584 0.443199 525.500000 1.282752 -1.683034
0.478610 0.443407 525.600000 1.110542 -1.752200
0.478601 0.443654 525.700000 0.929123 -1.866939
0.478561 0.443958 525.800000 0.734152 -2.022789
0.478498 0.444229 525.900000 0.535825 -1.933365
0.478419 0.444378 526.000000 0.360360 -1.566064
0.478332 0.444503 526.100000 0.207508 -1.483043
0.478241 0.444685 526.200000 0.049195 -1.675778
0.478152 0.444849 526.300000 -0.115941 -1.618630
0.478068 0.444989 526.400000 -0.274157 -1.537731
0.477994 0.445106 526.500000 -0.424188 -1.455404
0.477934 0.445183 526.600000 -0.562439 -1.302625
0.477887 0.445213 526.700000 -0.682973 -1.101893
0.477854 0.445182 526.800000 -0.775718 -0.747872
0.477831 0.445134 526.900000 -0.844231 -0.619080
0.477816 0.445064 527.000000 -0.895311 -0.399871
0.477808 0.444991 527.100000 -0.932517 -0.342718
0.477804 0.444908 527.200000 -0.955448 -0.114665
0.477800 0.444825 527.300000 -0.954933 0.125067
0.477791 0.444756 527.400000 -0.928373 0.405060
0.477775 0.444685 527.500000 -0.889413 0.371655
0.477754 0.444611 527.600000 -0.854808 0.318150
0.477727 0.444545 527.700000 -0.816514 0.445732
0.477691 0.444505 527.800000 -0.760051 0.680928
0.477644 0.444491 527.900000 -0.682804 0.860261
0.477586 0.444515 528.000000 -0.585973 1.071774
0.477518 0.444541 528.100000 -0.478251 1.077059
0.477440 0.444586 528.200000 -0.365630 1.169799
0.477355 0.444634 528.300000 -0.247909 1.178653
0.477266 0.444735 528.400000 -0.118745 1.398664
0.477176 0.444835 528.500000 0.021323 1.395730
0.477088 0.444936 528.600000 0.161543 1.401765
0.477007 0.445060 528.700000 0.305999 1.480512
0.476937 0.445244 528.800000 0.464733 1.686990
0.476885 0.445442 528.900000 0.635741 1.725065
0.476856 0.445590 529.000000 0.800942 1.570731
0.476852 0.445729 529.100000 0.956656 1.536178
0.476878 0.445864 529.200000 1.109948 1.522533
0.476938 0.445981 529.300000 1.259417 1.459873
0.477033 0.446057 529.400000 1.397799 1.301175
0.477162 0.446113 529.500000 1.524124 1.219572
0.477328 0.446172 529.600000 1.647081 1.234310
0.477531 0.446201 529.700000 1.763820 1.095196
0.477770 0.446201 529.800000 1.865894 0.941733
0.478040 0.446185 529.900000 1.955550 0.847678
0.478338 0.446133 530.000000 2.027278 0.583659
0.478655 0.446068 530.100000 2.079396 0.456821
0.478988 0.445993 530.200000 2.118210 0.318254
0.479333 0.445917 530.300000 2.148675 0.290527
0.479686 0.445834 530.400000 2.168593 0.107466
0.480042 0.445750 530.500000 2.175776 0.036769
0.480393 0.445671 530.600000 2.166102 -0.229360
0.480731 0.445606 530.700000 2.132620 -0.438062
0.481048 0.445555 530.800000 2.080822 -0.594662
0.481344 0.445498 530.900000 2.024233 -0.533107
0.481613 0.445480 531.000000 1.955551 -0.836904
0.481848 0.445500 531.100000 1.860764 -1.053704
0.482048 0.445510 531.200000 1.758019 -0.995039
0.482214 0.445553 531.300000 1.649818 -1.163174
0.482344 0.445596 531.400000 1.533287 -1.160867
0.482439 0.445706 531.500000 1.403114 -1.436090
0.482494 0.445884 531.600000 1.247588 -1.666614
0.482514 0.446052 531.700000 1.082016 -1.635954
0.482500 0.446285 531.800000 0.907983 -1.836080
0.482457 0.446642 531.900000 0.707330 -2.167441
0.482389 0.447017 532.000000 0.487884 -2.210389
0.482305 0.447325 532.100000 0.274730 -2.041512
0.482215 0.447666 532.200000 0.065735 -2.128145
0.482126 0.448031 532.300000 -0.150444 -2.184863
0.482048 0.448347 532.400000 -0.363540 -2.066312
0.481989 0.448729 532.500000 -0.578731 -2.227487
0.481959 0.449121 532.600000 -0.803228 -2.251724
0.481966 0.449409 532.700000 -1.016026 -1.993480
0.482012 0.449648 532.800000 -1.209020 -1.857036
0.482100 0.449787 532.900000 -1.379425 -1.542468
0.482228 0.449880 533.000000 -1.525667 -1.375429
0.482392 0.449901 533.100000 -1.647735 -1.059874
0.482588 0.449895 533.200000 -1.746550 -0.911997
0.482812 0.449867 533.300000 -1.830951 -0.772390
0.483061 0.449827 533.400000 -1.904390 -0.693482
0.483328 0.449750 533.500000 -1.952738 -0.271002
0.483601 0.449666 533.600000 -1.969098 -0.055822
0.483870 0.449586 533.700000 -1.961125 0.214577
0.484132 0.449507 533.800000 -1.938968 0.226502
0.484381 0.449441 533.900000 -1.905283 0.445126
0.484613 0.449381 534.000000 -1.857670 0.503973
0.484830 0.449312 534.100000 -1.811635 0.413275
0.485031 0.449254 534.200000 -1.764843 0.519624
0.485212 0.449212 534.300000 -1.705074 0.672295
0.485367 0.449218 534.400000 -1.622139 0.982219
0.485490 0.449271 534.500000 -1.512159 1.211732
0.485579 0.449347 534.600000 -1.385801 1.308656
0.485634 0.449443 534.700000 -1.250657 1.387052
0.485657 0.449584 534.800000 -1.103449 1.549623
0.485652 0.449690 534.900000 -0.954212 1.426883
0.485622 0.449800 535.000000 -0.810517 1.439470
0.485572 0.449975 535.100000 -0.654815 1.667051
0.485503 0.450165 535.200000 -0.485413 1.712418
0.485422 0.450330 535.300000 -0.317680 1.633521
0.485333 0.450474 535.400000 -0.157426 1.563301
0.485243 0.450591 535.500000 -0.005504 1.467319
0.485154 0.450675 535.600000 0.135268 1.340854
0.485070 0.450729 535.700000 0.263491 1.217030
0.484993 0.450776 535.800000 0.383852 1.184303
0.484926 0.450807 535.900000 0.499009 1.113163
0.484870 0.450844 536.000000 0.611847 1.138334
0.484829 0.450886 536.100000 0.727206 1.163519
0.484804 0.450900 536.200000 0.836854 1.024061
0.484794 0.450877 536.300000 0.928735 0.808897
0.484797 0.450831 536.400000 1.001462 0.642100
0.484812 0.450776 536.500000 1.061413 0.554239
0.484835 0.450700 536.600000 1.104482 0.304922
0.484864 0.450621 536.700000 1.130803 0.220546
0.484894 0.450537 536.800000 1.139096 -0.055223
0.484924 0.450454 536.900000 1.132137 -0.083113
0.484948 0.450381 537.000000 1.111211 -0.334426
0.484964 0.450320 537.100000 1.069440 -0.498797
0.484969 0.450280 537.200000 1.009836 -0.690290
0.484959 0.450280 537.300000 0.927796 -0.946588
0.484932 0.450301 537.400000 0.827230 -1.059591
0.484889 0.450354 537.500000 0.713271 -1.213939
0.484832 0.450380 537.600000 0.597897 -1.087157
0.484764 0.450427 537.700000 0.483885 -1.187415
0.484687 0.450461 537.800000 0.367996 -1.124239
0.484603 0.450485 537.900000 0.257804 -1.073838
0.484515 0.450535 538.000000 0.143834 -1.200125
0.484425 0.450596 538.100000 0.021077 -1.249013
0.484336 0.450693 538.200000 -0.111395 -1.394242
0.484252 0.450781 538.300000 -0.249463 -1.360263
0.484175 0.450832 538.400000 -0.378137 -1.206616
0.484108 0.450892 538.500000 -0.500799 -1.240839
0.484054 0.450939 538.600000 -0.622644 -1.190172
0.484015 0.450978 538.700000 -0.739751 -1.146386
0.483992 0.450989 538.800000 -0.847833 -1.009948
0.483986 0.450997 538.900000 -0.948346 -0.995744
0.483994 0.450951 539.000000 -1.030036 -0.633583
0.484015 0.450899 539.100000 -1.091266 -0.588409
0.484047 0.450838 539.200000 -1.145314 -0.490179
0.484088 0.450766 539.300000 -1.187818 -0.358045
0.484135 0.450686 539.400000 -1.215346 -0.191328
0.484186 0.450605 539.500000 -1.232877 -0.158957
0.484240 0.450522 539.600000 -1.244197 -0.067271
0.484296 0.450439 539.700000 -1.252840 -0.105895
0.484354 0.450357 539.800000 -1.263307 -0.103553
0.484412 0.450274 539.900000 -1.265754 0.054490
0.484471 0.450190 540.000000 -1.265601 -0.052343
0.484533 0.450111 540.100000 -1.278872 -0.213467
0.484600 0.450034 540.200000 -1.302386 -0.256396
0.484673 0.449956 540.300000 -1.326800 -0.231279
0.484750 0.449873 540.400000 -1.343192 -0.096076
0.484830 0.449791 540.500000 -1.352833 -0.096945
0.484911 0.449708 540.600000 -1.357581 0.001777
0.484992 0.449625 540.700000 -1.360460 -0.060055
0.485072 0.449547 540.800000 -1.352048 0.227921
0.485143 0.449481 540.900000 -1.319044 0.430361
0.485202 0.449428 541.000000 -1.268811 0.571521
0.485249 0.449364 541.100000 -1.217111 0.458998
0.485287 0.449295 541.200000 -1.174932 0.381692
0.485317 0.449221 541.300000 -1.139708 0.320307
0.485341 0.449150 541.400000 -1.105803 0.355620
0.485355 0.449092 541.500000 -1.061616 0.525827
0.485357 0.449062 541.600000 -0.997639 0.750581
0.485344 0.449063 541.700000 -0.912130 0.955393
0.485317 0.449056 541.800000 -0.818690 0.908210
0.485276 0.449056 541.900000 -0.725771 0.945268
0.485222 0.449081 542.000000 -0.624168 1.081751
0.485157 0.449105 542.100000 -0.515843 1.079087
0.485083 0.449137 542.200000 -0.405911 1.113952
0.485002 0.449155 542.300000 -0.297540 1.047739
0.484916 0.449144 542.400000 -0.200762 0.882467
0.484828 0.449140 542.500000 -0.110390 0.920517
0.484738 0.449127 542.600000 -0.020583 0.870998
0.484650 0.449109 542.700000 0.065103 0.838399
0.484563 0.449143 542.800000 0.163561 1.126661
0.484480 0.449174 542.900000 0.275641 1.109451
0.484404 0.449159 543.000000 0.374449 0.861345
0.484333 0.449102 543.100000 0.444087 0.527328
0.484268 0.449076 543.200000 0.509909 0.786736
0.484210 0.449024 543.300000 0.578274 0.576912
0.484157 0.448963 543.400000 0.631211 0.479257
0.484111 0.448902 543.500000 0.679725 0.488986
0.484070 0.448841 543.600000 0.728400 0.482424
0.484036 0.448773 543.700000 0.772665 0.400851
0.484008 0.448703 543.800000 0.810930 0.362857
0.483983 0.448621 543.900000 0.833772 0.092586
0.483960 0.448545 544.000000 0.851346 0.258871
0.483942 0.448471 544.100000 0.879154 0.296439
0.483928 0.448390 544.200000 0.901731 0.154066
0.483913 0.448313 544.300000 0.897903 -0.230960
0.483894 0.448240 544.400000 0.870537 -0.314760
0.483868 0.448180 544.500000 0.829985 -0.494286
0.483835 0.448130 544.600000 0.775201 -0.598545
0.483792 0.448091 544.700000 0.710807 -0.685988
0.483741 0.448052 544.800000 0.642215 -0.682087
0.483683 0.448014 544.900000 0.573325 -0.692024
0.483618 0.447961 545.000000 0.510067 -0.569408
0.483548 0.447908 545.100000 0.453399 -0.560881
0.483473 0.447890 545.200000 0.383466 -0.834786
0.483392 0.447882 545.300000 0.296401 -0.902182
0.483308 0.447873 545.400000 0.206351 -0.894212
0.483220 0.447881 545.500000 0.111893 -0.990413
0.483132 0.447848 545.600000 0.025657 -0.729343
0.483043 0.447818 545.700000 -0.048867 -0.757518
0.482956 0.447817 545.800000 -0.133916 -0.939745
0.482873 0.447826 545.900000 -0.230841 -0.994176
0.482794 0.447831 546.000000 -0.329733 -0.978855
0.482723 0.447848 546.100000 -0.430774 -1.037289
0.482660 0.447826 546.200000 -0.523574 -0.813789
0.482606 0.447838 546.300000 -0.615054 -1.012048
0.482565 0.447868 546.400000 -0.721106 -1.104312
0.482540 0.447895 546.500000 -0.831180 -1.092050
0.482531 0.447887 546.600000 -0.931093 -0.901227
0.482537 0.447857 546.700000 -1.013810 -0.749109
0.482557 0.447821 546.800000 -1.086880 -0.709086
0.482588 0.447755 546.900000 -1.143312 -0.416596
0.482628 0.447689 547.000000 -1.185197 -0.419616
0.482677 0.447617 547.100000 -1.222732 -0.329600
0.482731 0.447539 547.200000 -1.249069 -0.196120
0.482789 0.447458 547.300000 -1.264769 -0.117541
0.482849 0.447377 547.400000 -1.273490 -0.056933
0.482908 0.447296 547.500000 -1.272214 0.082106
0.482968 0.447216 547.600000 -1.274506 -0.129006
0.483031 0.447135 547.700000 -1.284129 -0.063451
0.483091 0.447057 547.800000 -1.276637 0.212977
0.483147 0.446980 547.900000 -1.254307 0.231909
0.483195 0.446916 548.000000 -1.220891 0.434656
0.483230 0.446879 548.100000 -1.164092 0.698570
0.483249 0.446867 548.200000 -1.085203 0.875172
0.483249 0.446927 548.300000 -0.979060 1.242830
0.483226 0.447026 548.400000 -0.846150 1.408724
0.483183 0.447130 548.500000 -0.704123 1.424427
0.483123 0.447272 548.600000 -0.554185 1.566922
0.483049 0.447410 548.700000 -0.397827 1.552207
0.482966 0.447569 548.800000 -0.238630 1.623862
0.482879 0.447742 548.900000 -0.073367 1.673232
0.482792 0.447888 549.000000 0.089809 1.581979
0.482709 0.447963 549.100000 0.234815 1.310332
0.482633 0.448066 549.200000 0.371780 1.422605
0.482570 0.448178 549.300000 0.516279 1.460532
0.482520 0.448215 549.400000 0.646762 1.142143
0.482483 0.448203 549.500000 0.747853 0.874329
0.482457 0.448162 549.600000 0.824844 0.661540
0.482442 0.448125 549.700000 0.893030 0.699315
0.482436 0.448060 549.800000 0.949532 0.427704
0.482438 0.447997 549.900000 0.993721 0.454440
0.482448 0.447929 550.000000 1.035383 0.377062
0.482462 0.447847 550.100000 1.055365 0.021199
0.482475 0.447767 550.200000 1.051626 -0.095553
0.482484 0.447690 550.300000 1.035306 -0.229841
0.482489 0.447617 550.400000 1.008561 -0.303416
0.482489 0.447540 550.500000 0.982665 -0.212485
0.482484 0.447469 550.600000 0.955431 -0.330645
0.482472 0.447422 550.700000 0.907921 -0.617453
0.482448 0.447388 550.800000 0.840910 -0.719262
0.482415 0.447338 550.900000 0.775167 -0.591600
0.482374 0.447298 551.000000 0.711906 -0.670311
0.482323 0.447264 551.100000 0.642023 -0.723672
0.482265 0.447247 551.200000 0.563676 -0.839361
0.482200 0.447190 551.300000 0.495585 -0.518020
0.482131 0.447121 551.400000 0.451311 -0.364631
0.482059 0.447048 551.500000 0.417947 -0.300606
0.481985 0.446983 551.600000 0.381986 -0.416920
0.481908 0.446929 551.700000 0.333642 -0.547715
0.481827 0.446878 551.800000 0.277624 -0.569773
0.481744 0.446867 551.900000 0.205005 -0.879668
0.481658 0.446834 552.000000 0.124402 -0.727925
0.481571 0.446785 552.100000 0.058302 -0.590393
0.481484 0.446741 552.200000 -0.003471 -0.642120
0.481397 0.446706 552.300000 -0.071422 -0.713734
0.481312 0.446658 552.400000 -0.137453 -0.603384
0.481228 0.446608 552.500000 -0.196680 -0.578222
0.481147 0.446566 552.600000 -0.258678 -0.658985
0.481070 0.446522 552.700000 -0.323497 -0.634271
0.480996 0.446472 552.800000 -0.384626 -0.585323
0.480928 0.446449 552.900000 -0.453873 -0.796930
0.480866 0.446423 553.000000 -0.532822 -0.778341
0.480814 0.446411 553.100000 -0.615494 -0.871503
0.480771 0.446392 553.200000 -0.700780 -0.830218
0.480739 0.446359 553.300000 -0.778618 -0.722792
0.480718 0.446343 553.400000 -0.857332 -0.848300
0.480711 0.446321 553.500000 -0.940293 -0.807160
0.480717 0.446280 553.600000 -1.013893 -0.661305
0.480734 0.446219 553.700000 -1.070306 -0.464178
0.480760 0.446156 553.800000 -1.115614 -0.440238
0.480793 0.446084 553.900000 -1.153313 -0.312106
0.480834 0.446018 554.000000 -1.188479 -0.390263
0.480878 0.445937 554.100000 -1.207523 0.010729
0.480921 0.445859 554.200000 -1.198275 0.173584
0.480960 0.445783 554.300000 -1.179479 0.200871
0.480996 0.445703 554.400000 -1.165765 0.071815
0.481028 0.445629 554.500000 -1.148239 0.277774
0.481054 0.445557 554.600000 -1.119013 0.304776
0.481075 0.445480 554.700000 -1.094327 0.186864
0.481091 0.445409 554.800000 -1.068813 0.321954
0.481102 0.445334 554.900000 -1.040411 0.243955
0.481107 0.445271 555.000000 -1.006463 0.433273
0.481102 0.445227 555.100000 -0.953055 0.632256
0.481086 0.445194 555.200000 -0.884943 0.726365
0.481058 0.445175 555.300000 -0.807212 0.824224
0.481018 0.445176 555.400000 -0.718343 0.948682
0.480964 0.445264 555.500000 -0.602242 1.368285
0.480896 0.445371 555.600000 -0.461442 1.440657
0.480819 0.445497 555.700000 -0.313293 1.514949
0.480735 0.445601 555.800000 -0.165628 1.430698
0.480648 0.445743 555.900000 -0.015236 1.569991
0.480564 0.445858 556.000000 0.137349 1.473921
0.480485 0.445995 556.100000 0.289198 1.555844
0.480416 0.446143 556.200000 0.447035 1.593329
0.480365 0.446401 556.300000 0.624005 1.938433
0.480337 0.446581 556.400000 0.806469 1.701556
0.480335 0.446710 556.500000 0.968228 1.525593
0.480362 0.446853 556.600000 1.123795 1.578688
0.480421 0.446947 556.700000 1.272621 1.390594
0.480511 0.446983 556.800000 1.399395 1.138637
0.480628 0.446993 556.900000 1.506735 1.003220
0.480772 0.446980 557.000000 1.600282 0.863506
0.480939 0.446948 557.100000 1.680398 0.735347
0.481124 0.446883 557.200000 1.737694 0.407758
0.481317 0.446804 557.300000 1.765680 0.150801
0.481510 0.446727 557.400000 1.764472 -0.174821
0.481692 0.446670 557.500000 1.730180 -0.509280
0.481857 0.446624 557.600000 1.673627 -0.618386
0.482004 0.446575 557.700000 1.613140 -0.587446
0.482131 0.446553 557.800000 1.543349 -0.804667
0.482233 0.446567 557.900000 1.451712 -1.023326
0.482309 0.446597 558.000000 1.344793 -1.109250
0.482357 0.446657 558.100000 1.226580 -1.248862
0.482377 0.446782 558.200000 1.088151 -1.512930
0.482367 0.446979 558.300000 0.924188 -1.758302
0.482331 0.447154 558.400000 0.751364 -1.689002
0.482274 0.447388 558.500000 0.572794 -1.873671
0.482200 0.447728 558.600000 0.370289 -2.166875
0.482116 0.448042 558.700000 0.156569 -2.096614
0.482030 0.448359 558.800000 -0.054175 -2.107802
0.481949 0.448572 558.900000 -0.250679 -1.811864
0.481880 0.448772 559.000000 -0.430168 -1.769083
0.481827 0.448995 559.100000 -0.611182 -1.842648
0.481797 0.449197 559.200000 -0.792471 -1.774334
0.481794 0.449380 559.300000 -0.967478 -1.717415
0.481822 0.449487 559.400000 -1.126210 -1.449193
0.481876 0.449522 559.500000 -1.255855 -1.137098
0.481957 0.449539 559.600000 -1.364941 -1.039618
0.482061 0.449521 559.700000 -1.459049 -0.838085
0.482187 0.449496 559.800000 -1.540471 -0.786928
0.482333 0.449455 559.900000 -1.613180 -0.664133
0.482495 0.449393 560.000000 -1.669163 -0.453050
0.482667 0.449315 560.100000 -1.698749 -0.137249
0.482843 0.449238 560.200000 -1.715771 -0.203381
0.483020 0.449162 560.300000 -1.715196 0.215040
0.483185 0.449106 560.400000 -1.678214 0.522691
0.483335 0.449046 560.500000 -1.628572 0.466711
0.483469 0.449007 560.600000 -1.570996 0.681699
0.483584 0.448966 560.700000 -1.503685 0.660343
0.483682 0.448933 560.800000 -1.434182 0.725701
0.483760 0.448907 560.900000 -1.358580 0.782015
0.483821 0.448865 561.000000 -1.286859 0.647839
0.483866 0.448841 561.100000 -1.214693 0.791631
0.483894 0.448837 561.200000 -1.128575 0.926221
0.483898 0.448945 561.300000 -1.009418 1.451776
0.483877 0.449094 561.400000 -0.856164 1.605615
0.483835 0.449208 561.500000 -0.701696 1.475378
0.483777 0.449298 561.600000 -0.558468 1.381502
0.483705 0.449482 561.700000 -0.402921 1.722345
0.483624 0.449562 561.800000 -0.249448 1.338366
0.483540 0.449618 561.900000 -0.120194 1.239965
0.483454 0.449686 562.000000 0.006512 1.287958
0.483370 0.449822 562.100000 0.149104 1.557526
0.483293 0.450041 562.200000 0.319064 1.834052
0.483230 0.450334 562.300000 0.513621 2.048182
0.483189 0.450545 562.400000 0.707091 1.811338
0.483172 0.450701 562.500000 0.879460 1.627419
0.483180 0.450783 562.600000 1.028730 1.350353
0.483216 0.450899 562.700000 1.170925 1.487392
0.483286 0.451037 562.800000 1.323961 1.566555
0.483391 0.451115 562.900000 1.469283 1.332793
0.483530 0.451142 563.000000 1.591245 1.100593
0.483702 0.451170 563.100000 1.701745 1.104765
0.483901 0.451136 563.200000 1.793097 0.717634
0.484120 0.451078 563.300000 1.854187 0.501517
0.484353 0.451007 563.400000 1.895449 0.322167
0.484595 0.450931 563.500000 1.921606 0.200321
0.484839 0.450851 563.600000 1.929664 -0.039195
0.485077 0.450780 563.700000 1.911294 -0.327037
0.485302 0.450720 563.800000 1.871150 -0.473265
0.485508 0.450679 563.900000 1.814404 -0.658386
0.485686 0.450697 564.000000 1.728770 -1.050145
0.485833 0.450731 564.100000 1.619251 -1.134168
0.485943 0.450832 564.200000 1.490761 -1.429205
0.486015 0.451010 564.300000 1.333587 -1.706467
0.486047 0.451240 564.400000 1.154252 -1.871133
0.486044 0.451443 564.500000 0.970827 -1.787515
0.486014 0.451632 564.600000 0.793899 -1.741703
0.485961 0.451899 564.700000 0.607426 -1.978743
0.485890 0.452145 564.800000 0.411995 -1.919770
0.485808 0.452440 564.900000 0.212540 -2.059624
0.485722 0.452747 565.000000 0.004433 -2.092219
0.485639 0.453060 565.100000 -0.206021 -2.106505
0.485569 0.453406 565.200000 -0.421599 -2.194752
0.485520 0.453741 565.300000 -0.640202 -2.166640
0.485499 0.454069 565.400000 -0.856505 -2.149021
0.485515 0.454438 565.500000 -1.077192 -2.254519
0.485577 0.454706 565.600000 -1.289778 -1.986575
0.485685 0.454925 565.700000 -1.481529 -1.839274
0.485844 0.455153 565.800000 -1.667293 -1.867649
0.486061 0.455353 565.900000 -1.850269 -1.783451
0.486337 0.455529 566.000000 -2.025023 -1.703741
0.486672 0.455629 566.100000 -2.182055 -1.429487
0.487065 0.455748 566.200000 -2.328994 -1.503316
0.487520 0.455848 566.300000 -2.475906 -1.428662
0.488027 0.455837 566.400000 -2.592060 -0.888560
0.488569 0.455792 566.500000 -2.668132 -0.629786
0.489132 0.455716 566.600000 -2.711507 -0.235924
0.489698 0.455636 566.700000 -2.719631 0.073256
0.490251 0.455576 566.800000 -2.692164 0.474379
0.490776 0.455535 566.900000 -2.634735 0.670504
0.491270 0.455502 567.000000 -2.564385 0.731845
0.491718 0.455568 567.100000 -2.463215 1.286655
0.492110 0.455653 567.200000 -2.329935 1.371343
0.492438 0.455856 567.300000 -2.171390 1.791621
0.492697 0.456133 567.400000 -1.980615 2.013913
0.492886 0.456485 567.500000 -1.768552 2.216390
0.493011 0.456791 567.600000 -1.552488 2.093022
0.493080 0.457199 567.700000 -1.329456 2.356496
0.493099 0.457602 567.800000 -1.093907 2.342154
0.493076 0.458080 567.900000 -0.850174 2.520364
0.493020 0.458605 568.000000 -0.592323 2.623758
0.492942 0.459195 568.100000 -0.322462 2.760190
0.492856 0.459657 568.200000 -0.059621 2.482791
0.492772 0.460184 568.300000 0.196604 2.629403
0.492704 0.460736 568.400000 0.462802 2.681647
0.492664 0.461236 568.500000 0.726128 2.571833
0.492664 0.461798 568.600000 0.990514 2.703519
0.492713 0.462184 568.700000 1.241663 2.306561
0.492817 0.462575 568.800000 1.473407 2.317530
0.492986 0.462974 568.900000 1.706678 2.337166
0.493227 0.463281 569.000000 1.929308 2.104714
0.493536 0.463473 569.100000 2.123100 1.761677
0.493907 0.463574 569.200000 2.283635 1.441353
0.494329 0.463582 569.300000 2.406444 1.008834
0.494787 0.463541 569.400000 2.491050 0.679492
0.495266 0.463466 569.500000 2.538462 0.266621
0.495753 0.463386 569.600000 2.557690 0.117893
0.496243 0.463304 569.700000 2.563995 0.008903
0.496728 0.463227 569.800000 2.553815 -0.211259
0.497195 0.463176 569.900000 2.513652 -0.589693
0.497628 0.463180 570.000000 2.434761 -0.983945
0.498015 0.463223 570.100000 2.325619 -1.192817
0.498350 0.463311 570.200000 2.196223 -1.388041
0.498630 0.463453 570.300000 2.046706 -1.594323
0.498855 0.463583 570.400000 1.888761 -1.555639
0.499025 0.463850 570.500000 1.710937 -1.992224
0.499135 0.464167 570.600000 1.504211 -2.131580
0.499188 0.464687 570.700000 1.266070 -2.619942
0.499188 0.465281 570.800000 0.995546 -2.776949
0.499144 0.465967 570.900000 0.707884 -2.962061
0.499071 0.466755 571.000000 0.401524 -3.150131
0.498984 0.467561 571.100000 0.083953 -3.185481
0.498902 0.468407 571.200000 -0.238886 -3.255504
0.498842 0.469157 571.300000 -0.556620 -3.083168
0.498818 0.469807 571.400000 -0.856155 -2.892544
0.498842 0.470264 571.500000 -1.125699 -2.484449
0.498919 0.470679 571.600000 -1.369727 -2.384362
0.499054 0.470996 571.700000 -1.596357 -2.137130
0.499249 0.471216 571.800000 -1.796560 -1.857143
0.499502 0.471375 571.900000 -1.972958 -1.662515
0.499809 0.471445 572.000000 -2.122457 -1.320222
0.500160 0.471457 572.100000 -2.240891 -1.042975
0.500546 0.471418 572.200000 -2.328409 -0.703345
0.500957 0.471358 572.300000 -2.388756 -0.501271
0.501382 0.471278 572.400000 -2.421579 -0.153905
0.501810 0.471195 572.500000 -2.430715 -0.029278
0.502233 0.471119 572.600000 -2.418730 0.267919
0.502642 0.471053 572.700000 -2.383619 0.431764
0.503030 0.470996 572.800000 -2.335078 0.535720
0.503395 0.470945 572.900000 -2.278344 0.595137
0.503733 0.470917 573.000000 -2.208935 0.788960
0.504034 0.470954 573.100000 -2.110819 1.168349
0.504288 0.471053 573.200000 -1.980034 1.440515
0.504491 0.471190 573.300000 -1.828297 1.586113
0.504642 0.471412 573.400000 -1.655136 1.868336
0.504741 0.471666 573.500000 -1.463100 1.962315
0.504789 0.472028 573.600000 -1.251600 2.257242
0.504790 0.472514 573.700000 -1.010383 2.555316
0.504752 0.472998 573.800000 -0.754475 2.549690
0.504687 0.473375 573.900000 -0.511547 2.295850
0.504606 0.473694 574.000000 -0.288856 2.146339
0.504519 0.473954 574.100000 -0.081855 1.982899
0.504432 0.474230 574.200000 0.119295 2.030253
0.504354 0.474568 574.300000 0.331241 2.198688
0.504293 0.474937 574.400000 0.555609 2.277957
0.504258 0.475254 574.500000 0.777111 2.141086
0.504256 0.475578 574.600000 0.992809 2.162680
0.504294 0.475849 574.700000 1.202388 2.018683
0.504376 0.476065 574.800000 1.396367 1.851516
0.504504 0.476240 574.900000 1.575502 1.722711
0.504680 0.476379 575.000000 1.741881 1.597134
0.504906 0.476503 575.100000 1.899218 1.542583
0.505178 0.476544 575.200000 2.036261 1.191574
0.505488 0.476522 575.300000 2.137845 0.835228
0.505826 0.476480 575.400000 2.214057 0.685938
0.506186 0.476416 575.500000 2.272132 0.473282
0.506564 0.476346 575.600000 2.315074 0.384361
0.506947 0.476264 575.700000 2.329610 -0.094410
0.507323 0.476188 575.800000 2.311187 -0.272408
0.507684 0.476122 575.900000 2.275888 -0.431064
0.508024 0.476083 576.000000 2.218722 -0.708991
0.508326 0.476126 576.100000 2.122876 -1.203322
0.508582 0.476225 576.200000 1.989922 -1.448745
0.508787 0.476347 576.300000 1.840358 -1.534371
0.508943 0.476523 576.400000 1.676756 -1.729149
0.509046 0.476806 576.500000 1.487272 -2.051147
0.509100 0.477097 576.600000 1.280300 -2.077384
0.509111 0.477434 576.700000 1.065918 -2.199344
0.509085 0.477740 576.800000 0.849455 -2.118476
0.509031 0.478098 576.900000 0.630193 -2.255871
0.508956 0.478539 577.000000 0.393923 -2.458051
0.508870 0.478946 577.100000 0.151489 -2.378265
0.508783 0.479302 577.200000 -0.080650 -2.252651
0.508702 0.479571 577.300000 -0.294546 -2.014153
0.508635 0.479831 577.400000 -0.495339 -1.991879
0.508588 0.480068 577.500000 -0.691620 -1.924139
0.508568 0.480313 577.600000 -0.885576 -1.945806
0.508576 0.480399 577.700000 -1.053231 -1.398083
0.508609 0.480427 577.800000 -1.180148 -1.133857
0.508663 0.480421 577.900000 -1.284168 -0.941526
0.508741 0.480438 578.000000 -1.385260 -1.076302
0.508847 0.480460 578.100000 -1.494423 -1.102321
0.508977 0.480429 578.200000 -1.588620 -0.776918
0.509127 0.480386 578.300000 -1.661705 -0.681730
0.509294 0.480317 578.400000 -1.715727 -0.396151
0.509470 0.480240 578.500000 -1.749514 -0.278503
0.509651 0.480157 578.600000 -1.764395 -0.018598
0.509830 0.480077 578.700000 -1.757173 0.162236
0.510003 0.479998 578.800000 -1.738269 0.214165
0.510167 0.479924 578.900000 -1.710640 0.336485
0.510320 0.479860 579.000000 -1.670638 0.461038
0.510458 0.479807 579.100000 -1.618119 0.586218
0.510581 0.479747 579.200000 -1.563024 0.511960
0.510690 0.479688 579.300000 -1.510893 0.527336
0.510784 0.479634 579.400000 -1.455296 0.581222
0.510864 0.479584 579.500000 -1.395539 0.610319
0.510930 0.479530 579.600000 -1.335852 0.579687
0.510982 0.479483 579.700000 -1.274352 0.646773
0.511018 0.479459 579.800000 -1.200713 0.822182
0.511036 0.479466 579.900000 -1.108169 1.024035
0.511033 0.479519 580.000000 -0.994062 1.252474
0.511009 0.479589 580.100000 -0.864591 1.330263
0.510968 0.479641 580.200000 -0.735181 1.250907
0.510912 0.479687 580.300000 -0.611200 1.222150
0.510844 0.479780 580.400000 -0.478466 1.426174
0.510766 0.479856 580.500000 -0.338949 1.356865
0.510681 0.479957 580.600000 -0.197739 1.460447
0.510593 0.480106 580.700000 -0.042224 1.642533
0.510507 0.480223 580.800000 0.116354 1.520886
0.510425 0.480359 580.900000 0.272579 1.596142
0.510353 0.480491 581.000000 0.431726 1.579032
0.510296 0.480626 581.100000 0.590550 1.589851
0.510255 0.480717 581.200000 0.741573 1.423033
0.510233 0.480763 581.300000 0.874055 1.219934
0.510230 0.480796 581.400000 0.993411 1.161584
0.510247 0.480801 581.500000 1.102111 1.007154
0.510282 0.480777 581.600000 1.194149 0.829179
0.510333 0.480743 581.700000 1.273443 0.753189
0.510402 0.480714 581.800000 1.350790 0.790681
0.510488 0.480661 581.900000 1.419597 0.582205
0.510584 0.480587 582.000000 1.464720 0.318072
0.510688 0.480510 582.100000 1.493245 0.251593
0.510795 0.480427 582.200000 1.504218 -0.032626
0.510900 0.480345 582.300000 1.499951 -0.051795
0.510999 0.480282 582.400000 1.473733 -0.471575
0.511085 0.480226 582.500000 1.421865 -0.562713
0.511156 0.480182 582.600000 1.360393 -0.663238
0.511212 0.480138 582.700000 1.293561 -0.669422
0.511252 0.480111 582.800000 1.219737 -0.803113
0.511275 0.480082 582.900000 1.139967 -0.787692
0.511284 0.480056 583.000000 1.059557 -0.816029
0.511277 0.480051 583.100000 0.971094 -0.948659
0.511255 0.480055 583.200000 0.873227 -1.003504
0.511218 0.480070 583.300000 0.769571 -1.064219
0.511168 0.480097 583.400000 0.659561 -1.130324
0.511104 0.480189 583.500000 0.531582 -1.423352
0.511030 0.480274 583.600000 0.390084 -1.399277
0.510948 0.480351 583.700000 0.251611 -1.363062
0.510861 0.480425 583.800000 0.115598 -1.350335
0.510774 0.480489 583.900000 -0.017665 -1.308176
0.510688 0.480557 584.000000 -0.149736 -1.326772
0.510608 0.480670 584.100000 -0.291855 -1.509134
0.510538 0.480790 584.200000 -0.444615 -1.538740
0.510482 0.480955 584.300000 -0.606767 -1.696923
0.510447 0.481147 584.400000 -0.781624 -1.792126
0.510437 0.481280 584.500000 -0.950956 -1.586034
0.510454 0.481397 584.600000 -1.107034 -1.528154
0.510502 0.481502 584.700000 -1.257837 -1.480903
0.510581 0.481551 584.800000 -1.394022 -1.236081
0.510690 0.481584 584.900000 -1.514288 -1.163815
0.510828 0.481589 585.000000 -1.623343 -1.012290
0.510992 0.481571 585.100000 -1.717404 -0.864743
0.511179 0.481517 585.200000 -1.789681 -0.577367
0.511380 0.481449 585.300000 -1.838936 -0.405767
0.511590 0.481368 585.400000 -1.865015 -0.114710
0.511800 0.481286 585.500000 -1.866703 0.080573
0.512009 0.481204 585.600000 -1.864182 -0.031490
0.512215 0.481128 585.700000 -1.852366 0.267037
0.512405 0.481091 585.800000 -1.802564 0.726766
0.512573 0.481049 585.900000 -1.731769 0.684620
0.512723 0.480995 586.000000 -1.668665 0.573192
0.512856 0.480949 586.100000 -1.607225 0.651933
0.512968 0.480934 586.200000 -1.530093 0.886694
0.513054 0.480978 586.300000 -1.424858 1.212842
0.513111 0.481033 586.400000 -1.300304 1.271536
0.513139 0.481130 586.500000 -1.164091 1.445779
0.513140 0.481219 586.600000 -1.020425 1.419800
0.513119 0.481281 586.700000 -0.884159 1.297957
0.513079 0.481382 586.800000 -0.745655 1.465265
0.513022 0.481486 586.900000 -0.597994 1.480334
0.512951 0.481623 587.000000 -0.443561 1.600703
0.512871 0.481740 587.100000 -0.286549 1.531389
0.512785 0.481851 587.200000 -0.134401 1.503834
0.512698 0.481959 587.300000 0.015933 1.495351
0.512613 0.481998 587.400000 0.150772 1.194021
0.512532 0.482047 587.500000 0.272730 1.239303
0.512458 0.482087 587.600000 0.394842 1.196938
0.512393 0.482115 587.700000 0.511735 1.135199
0.512339 0.482139 587.800000 0.624605 1.116831
0.512298 0.482166 587.900000 0.737410 1.134053
0.512272 0.482186 588.000000 0.849007 1.092651
0.512262 0.482187 588.100000 0.953459 0.991401
0.512268 0.482164 588.200000 1.044897 0.832922
0.512288 0.482124 588.300000 1.121718 0.699903
0.512322 0.482083 588.400000 1.191497 0.692788
0.512364 0.482004 588.500000 1.236300 0.200417
0.512412 0.481926 588.600000 1.257010 0.213408
0.512462 0.481845 588.700000 1.272585 0.097678
0.512512 0.481765 588.800000 1.269965 -0.149933
0.512560 0.481683 588.900000 1.261989 -0.008194
0.512608 0.481602 589.000000 1.260382 -0.023269
0.512655 0.481520 589.100000 1.256863 -0.046370
0.512700 0.481440 589.200000 1.247061 -0.148808
0.512740 0.481370 589.300000 1.221414 -0.362775
0.512770 0.481316 589.400000 1.174298 -0.577142
0.512786 0.481284 589.500000 1.107080 -0.763774
0.512790 0.481246 589.600000 1.032883 -0.715835
0.512781 0.481210 589.700000 0.960048 -0.736798
0.512760 0.481191 589.800000 0.880063 -0.858767
0.512724 0.481231 589.900000 0.777192 -1.193988
0.512672 0.481354 590.000000 0.639356 -1.556443
0.512604 0.481524 590.100000 0.474997 -1.722728
0.512525 0.481693 590.200000 0.302533 -1.717782
0.512440 0.481891 590.300000 0.125267 -1.818887
0.512353 0.482065 590.400000 -0.052968 -1.736738
0.512270 0.482159 590.500000 -0.212319 -1.441694
0.512194 0.482248 590.600000 -0.355655 -1.418008
0.512127 0.482288 590.700000 -0.486756 -1.197165
0.512073 0.482379 590.800000 -0.618378 -1.429605
0.512036 0.482485 590.900000 -0.764661 -1.489283
0.512019 0.482567 591.000000 -0.909071 -1.391929
0.512024 0.482605 591.100000 -1.038528 -1.190785
0.512051 0.482643 591.200000 -1.157762 -1.188523
0.512099 0.482632 591.300000 -1.263125 -0.913428
0.512168 0.482623 591.400000 -1.355339 -0.926961
0.512254 0.482570 591.500000 -1.430589 -0.574125
0.512353 0.482506 591.600000 -1.482206 -0.456089
0.512462 0.482431 591.700000 -1.519776 -0.293793
0.512573 0.482350 591.800000 -1.530106 0.087892
0.512678 0.482282 591.900000 -1.505905 0.394952
0.512773 0.482214 592.000000 -1.466174 0.396945
0.512856 0.482158 592.100000 -1.418865 0.546537
0.512924 0.482124 592.200000 -1.353878 0.749794
0.512976 0.482082 592.300000 -1.282007 0.683229
0.513014 0.482036 592.400000 -1.215310 0.646672
0.513039 0.482002 592.500000 -1.145264 0.750441
0.513049 0.481965 592.600000 -1.071096 0.728621
0.513047 0.481923 592.700000 -1.000407 0.681023
0.513033 0.481888 592.800000 -0.929108 0.741077
0.513007 0.481878 592.900000 -0.846017 0.916617
0.512968 0.481868 593.000000 -0.753962 0.919515
0.512918 0.481885 593.100000 -0.653724 1.080315
0.512856 0.481926 593.200000 -0.539149 1.205527
0.512784 0.481985 593.300000 -0.414219 1.286833
0.512704 0.482034 593.400000 -0.287234 1.246280
0.512620 0.482069 593.500000 -0.165898 1.174127
0.512534 0.482096 593.600000 -0.050172 1.134505
0.512448 0.482121 593.700000 0.063003 1.123348
0.512365 0.482148 593.800000 0.175998 1.131021
0.512285 0.482189 593.900000 0.293161 1.206741
0.512215 0.482290 594.000000 0.427323 1.470692
0.512157 0.482416 594.100000 0.579591 1.567605
0.512116 0.482520 594.200000 0.732629 1.485690
0.512094 0.482601 594.300000 0.876598 1.386698
0.512091 0.482592 594.400000 0.992740 0.929690
0.512102 0.482555 594.500000 1.075449 0.720379
0.512125 0.482500 594.600000 1.139452 0.556666
0.512160 0.482453 594.700000 1.199235 0.636816
0.512206 0.482392 594.800000 1.255566 0.487246
0.512262 0.482320 594.900000 1.297055 0.340750
0.512324 0.482249 595.000000 1.331104 0.339206
0.512392 0.482169 595.100000 1.354175 0.121184
0.512461 0.482089 595.200000 1.357041 -0.063773
0.512529 0.482008 595.300000 1.356187 0.047692
0.512597 0.481927 595.400000 1.354099 -0.089005
0.512662 0.481849 595.500000 1.341625 -0.159360
0.512720 0.481785 595.600000 1.310901 -0.453675
0.512767 0.481738 595.700000 1.256450 -0.632438
0.512799 0.481705 595.800000 1.186829 -0.756225
0.512815 0.481697 595.900000 1.102034 -0.935345
0.512812 0.481730 596.000000 0.997018 -1.159795
0.512792 0.481751 596.100000 0.883511 -1.104101
0.512756 0.481752 596.200000 0.778542 -0.989371
0.512710 0.481731 596.300000 0.686845 -0.839274
0.512653 0.481744 596.400000 0.591503 -1.063064
0.512586 0.481797 596.500000 0.474948 -1.262498
0.512511 0.481841 596.600000 0.350579 -1.218386
0.512429 0.481901 596.700000 0.224452 -1.297955
0.512344 0.481976 596.800000 0.091093 -1.362685
0.512258 0.482068 596.900000 -0.049188 -1.436141
0.512176 0.482161 597.000000 -0.193249 -1.438000
0.512099 0.482251 597.100000 -0.337073 -1.431458
0.512033 0.482366 597.200000 -0.485350 -1.527182
0.511981 0.482454 597.300000 -0.632986 -1.418208
0.511945 0.482520 597.400000 -0.770628 -1.327925
0.511927 0.482551 597.500000 -0.894971 -1.152752
0.511926 0.482567 597.600000 -1.006814 -1.078848
0.511940 0.482524 597.700000 -1.094440 -0.668826
0.511967 0.482475 597.800000 -1.158767 -0.614945
0.512007 0.482433 597.900000 -1.223803 -0.683331
0.512058 0.482372 598.000000 -1.281962 -0.477063
0.512118 0.482294 598.100000 -1.315890 -0.199780
0.512181 0.482219 598.200000 -1.337798 -0.238064
0.512248 0.482138 598.300000 -1.348834 0.017874
0.512314 0.482058 598.400000 -1.346032 0.037386
0.512378 0.481977 598.500000 -1.341179 0.058813
0.512438 0.481909 598.600000 -1.318857 0.386681
0.512490 0.481838 598.700000 -1.282667 0.334523
0.512534 0.481772 598.800000 -1.245337 0.409779
0.512569 0.481707 598.900000 -1.202988 0.434549
0.512595 0.481646 599.000000 -1.156854 0.485375
0.512609 0.481623 599.100000 -1.090958 0.829579
0.512609 0.481590 599.200000 -1.011846 0.748004
0.512598 0.481539 599.300000 -0.944230 0.600089
0.512575 0.481520 599.400000 -0.871481 0.851463
0.512540 0.481531 599.500000 -0.776097 1.051567
0.512491 0.481602 599.600000 -0.656057 1.343642
0.512427 0.481725 599.700000 -0.510333 1.563887
0.512351 0.481919 599.800000 -0.341003 1.814713
0.512268 0.482180 599.900000 -0.148730 2.021612
0.512182 0.482415 600.000000 0.050188 1.946668
0.512102 0.482655 600.100000 0.246048 1.960915
0.512032 0.482837 600.200000 0.433285 1.774230
0.511978 0.483020 600.300000 0.611419 1.779888
0.511944 0.483169 600.400000 0.783773 1.658694
0.511932 0.483243 600.500000 0.935187 1.361747
0.511943 0.483347 600.600000 1.078019 1.488636
0.511985 0.483484 600.700000 1.233578 1.615723
0.512059 0.483566 600.800000 1.384702 1.399383
0.512163 0.483584 600.900000 1.509358 1.087489
0.512295 0.483589 601.000000 1.614626 1.013256
0.512450 0.483549 601.100000 1.700546 0.700917
0.512619 0.483473 601.200000 1.746088 0.207292
0.512789 0.483392 601.300000 1.754514 -0.038931
0.512960 0.483312 601.400000 1.754075 0.031232
0.513128 0.483234 601.500000 1.747880 -0.154408
0.513293 0.483155 601.600000 1.732699 -0.147550
0.513448 0.483091 601.700000 1.703452 -0.435799
0.513589 0.483048 601.800000 1.647926 -0.671722
0.513713 0.482987 601.900000 1.589878 -0.485079
0.513823 0.482943 602.000000 1.532650 -0.656288
0.513915 0.482908 602.100000 1.462775 -0.737190
0.513988 0.482895 602.200000 1.380430 -0.905327
0.514039 0.482907 602.300000 1.282264 -1.052825
0.514070 0.482897 602.400000 1.183572 -0.915144
0.514085 0.482874 602.500000 1.095825 -0.834679
0.514080 0.482941 602.600000 0.987335 -1.330459
0.514056 0.482994 602.700000 0.857103 -1.267081
0.514014 0.483065 602.800000 0.726020 -1.347889
0.513958 0.483161 602.900000 0.585379 -1.457892
0.513888 0.483259 603.000000 0.438858 -1.465030
0.513809 0.483456 603.100000 0.273708 -1.830509
0.513725 0.483738 603.200000 0.077311 -2.088244
0.513641 0.483991 603.300000 -0.127971 -2.007015
0.513565 0.484218 603.400000 -0.325036 -1.924408
0.513501 0.484406 603.500000 -0.511690 -1.799318
0.513457 0.484662 603.600000 -0.702796 -2.014167
0.513439 0.484896 603.700000 -0.901483 -1.949946
0.513452 0.485065 603.800000 -1.086255 -1.736289
0.513500 0.485267 603.900000 -1.265749 -1.845552
0.513587 0.485421 604.000000 -1.442616 -1.683294
0.513715 0.485533 604.100000 -1.603276 -1.522286
0.513882 0.485598 604.200000 -1.746050 -1.326461
0.514083 0.485596 604.300000 -1.861456 -0.975967
0.514318 0.485613 604.400000 -1.964496 -1.080950
0.514584 0.485597 604.500000 -2.063015 -0.885050
0.514879 0.485556 604.600000 -2.142053 -0.692360
0.515193 0.485492 604.700000 -2.198965 -0.443535
0.515520 0.485416 604.800000 -2.231293 -0.201922
0.515853 0.485337 604.900000 -2.249355 -0.159438
0.516181 0.485272 605.000000 -2.236538 0.415461
0.516492 0.485212 605.100000 -2.190310 0.505921
0.516779 0.485189 605.200000 -2.123290 0.830875
0.517031 0.485229 605.300000 -2.021333 1.203097
0.517240 0.485317 605.400000 -1.889375 1.429115
0.517407 0.485400 605.500000 -1.747364 1.403072
0.517533 0.485505 605.600000 -1.601830 1.499788
0.517621 0.485629 605.700000 -1.447773 1.573108
0.517670 0.485835 605.800000 -1.275618 1.861495
0.517682 0.486054 605.900000 -1.086790 1.905223
0.517662 0.486317 606.000000 -0.889102 2.038555
0.517615 0.486580 606.100000 -0.684690 2.039157
0.517549 0.486818 606.200000 -0.484013 1.963926
0.517470 0.487087 606.300000 -0.282407 2.058250
0.517385 0.487338 606.400000 -0.078741 2.004736
0.517301 0.487555 606.500000 0.117025 1.900606
0.517224 0.487754 606.600000 0.304608 1.841702
0.517157 0.487855 606.700000 0.471353 1.484222
0.517101 0.487865 606.800000 0.598148 1.044548
0.517055 0.487836 606.900000 0.690105 0.789708
0.517017 0.487787 607.000000 0.760620 0.617021
0.516988 0.487736 607.100000 0.821412 0.596156
0.516966 0.487674 607.200000 0.874988 0.472813
0.516951 0.487615 607.300000 0.924111 0.507759
0.516943 0.487549 607.400000 0.970567 0.419311
0.516943 0.487484 607.500000 1.013211 0.431991
0.516949 0.487414 607.600000 1.052320 0.348544
0.516959 0.487336 607.700000 1.078419 0.172249
0.516972 0.487256 607.800000 1.088437 0.027780
0.516985 0.487176 607.900000 1.091903 0.041967
0.516996 0.487101 608.000000 1.081806 -0.243582
0.517001 0.487036 608.100000 1.048165 -0.427502
0.516999 0.486973 608.200000 1.004029 -0.452564
0.516990 0.486906 608.300000 0.961225 -0.400781
0.516973 0.486856 608.400000 0.910480 -0.611654
0.516948 0.486804 608.500000 0.850951 -0.575435
0.516914 0.486754 608.600000 0.791398 -0.612348
0.516873 0.486714 608.700000 0.726023 -0.691723
0.516823 0.486681 608.800000 0.653427 -0.756421
0.516765 0.486650 608.900000 0.576952 -0.769001
0.516701 0.486623 609.000000 0.498118 -0.803591
0.516630 0.486594 609.100000 0.418320 -0.788140
0.516555 0.486564 609.200000 0.339745 -0.779229
0.516476 0.486514 609.300000 0.270092 -0.609813
0.516395 0.486459 609.400000 0.212029 -0.548273
0.516313 0.486404 609.500000 0.156970 -0.550092
0.516229 0.486350 609.600000 0.101138 -0.563750
0.516144 0.486295 609.700000 0.045880 -0.538571
0.516060 0.486243 609.800000 -0.010670 -0.589741
0.515976 0.486205 609.900000 -0.075636 -0.706663
0.515893 0.486205 610.000000 -0.160689 -0.990951
0.515814 0.486199 610.100000 -0.257809 -0.946635
0.515740 0.486212 610.200000 -0.358530 -1.063226
0.515673 0.486220 610.300000 -0.463808 -1.037267
0.515616 0.486252 610.400000 -0.574235 -1.166368
0.515570 0.486269 610.500000 -0.687132 -1.086085
0.515539 0.486322 610.600000 -0.805157 -1.269397
0.515525 0.486369 610.700000 -0.931174 -1.245058
0.515533 0.486439 610.800000 -1.061409 -1.353961
0.515564 0.486475 610.900000 -1.188699 -1.185679
0.515617 0.486472 611.000000 -1.296692 -0.968891
0.515692 0.486464 611.100000 -1.392165 -0.936423
0.515786 0.486433 611.200000 -1.477684 -0.770019
0.515896 0.486373 611.300000 -1.540807 -0.489363
0.516014 0.486297 611.400000 -1.576404 -0.220918
0.516134 0.486221 611.500000 -1.577526 0.198800
0.516241 0.486181 611.600000 -1.532749 0.694974
0.516332 0.486135 611.700000 -1.465858 0.638638
0.516408 0.486090 611.800000 -1.401039 0.653832
0.516467 0.486079 611.900000 -1.322501 0.912998
0.516507 0.486052 612.000000 -1.236530 0.801227
0.516531 0.486052 612.100000 -1.146951 0.985788
0.516536 0.486049 612.200000 -1.049081 0.966135
0.516525 0.486064 612.300000 -0.946702 1.076141
0.516498 0.486092 612.400000 -0.835339 1.145324
0.516456 0.486112 612.500000 -0.722538 1.104605
0.516401 0.486156 612.600000 -0.605672 1.226887
0.516336 0.486191 612.700000 -0.484732 1.185544
0.516263 0.486263 612.800000 -0.356967 1.363638
0.516182 0.486360 612.900000 -0.215065 1.467490
0.516098 0.486509 613.000000 -0.057550 1.675445
0.516015 0.486626 613.100000 0.104165 1.550514
0.515936 0.486734 613.200000 0.257829 1.515153
0.515866 0.486858 613.300000 0.412963 1.580160
0.515809 0.486986 613.400000 0.572204 1.597052
0.515769 0.487161 613.500000 0.740634 1.763933
0.515753 0.487318 613.600000 0.914410 1.703232
0.515763 0.487421 613.700000 1.074864 1.497870
0.515801 0.487506 613.800000 1.221199 1.421950
0.515866 0.487552 613.900000 1.354697 1.241588
0.515960 0.487594 614.000000 1.477903 1.217074
0.516085 0.487649 614.100000 1.603378 1.287141
0.516243 0.487669 614.200000 1.723300 1.105727
0.516430 0.487661 614.300000 1.825410 0.931863
0.516643 0.487626 614.400000 1.909223 0.740709
0.516875 0.487567 614.500000 1.971531 0.502738
0.517121 0.487499 614.600000 2.015008 0.365305
0.517373 0.487419 614.700000 2.033084 -0.004608
0.517622 0.487342 614.800000 2.024380 -0.168422
0.517864 0.487270 614.900000 2.000838 -0.300570
0.518092 0.487213 615.000000 1.959901 -0.515692
0.518301 0.487170 615.100000 1.900633 -0.666127
0.518489 0.487136 615.200000 1.829637 -0.749538
0.518653 0.487118 615.300000 1.748722 -0.864131
0.518791 0.487118 615.400000 1.655787 -0.989409
0.518901 0.487156 615.500000 1.546062 -1.199385
0.518980 0.487240 615.600000 1.414864 -1.417857
0.519025 0.487372 615.700000 1.262869 -1.614328
0.519037 0.487574 615.800000 1.088783 -1.858765
0.519018 0.487782 615.900000 0.901277 -1.881617
0.518974 0.488098 616.000000 0.696420 -2.205768
0.518908 0.488350 616.100000 0.484417 -2.023014
0.518830 0.488635 616.200000 0.276814 -2.118788
0.518746 0.488972 616.300000 0.057141 -2.264062
0.518665 0.489325 616.400000 -0.172102 -2.309561
0.518594 0.489696 616.500000 -0.405907 -2.355198
0.518544 0.490109 616.600000 -0.647525 -2.465725
0.518524 0.490497 616.700000 -0.891422 -2.400332
0.518544 0.490874 616.800000 -1.130741 -2.374608
0.518612 0.491270 616.900000 -1.371129 -2.421980
0.518737 0.491592 617.000000 -1.604054 -2.225217
0.518919 0.491822 617.100000 -1.813586 -1.955213
0.519156 0.491948 617.200000 -1.991448 -1.593238
0.519443 0.492026 617.300000 -2.141262 -1.396160
0.519776 0.492057 617.400000 -2.269815 -1.169060
0.520152 0.492072 617.500000 -2.382480 -1.079593
0.520557 0.492008 617.600000 -2.458847 -0.443564
0.520972 0.491929 617.700000 -2.484234 -0.063219
0.521381 0.491861 617.800000 -2.468050 0.385997
0.521772 0.491800 617.900000 -2.424870 0.474443
0.522139 0.491767 618.000000 -2.363014 0.759124
0.522475 0.491751 618.100000 -2.280283 0.890537
0.522778 0.491743 618.200000 -2.188524 0.939094
0.523045 0.491773 618.300000 -2.083082 1.164002
0.523270 0.491839 618.400000 -1.957477 1.341291
0.523450 0.491963 618.500000 -1.810737 1.585896
0.523585 0.492116 618.600000 -1.646061 1.698868
0.523675 0.492281 618.700000 -1.473826 1.736592
0.523727 0.492464 618.800000 -1.296272 1.805150
0.523741 0.492698 618.900000 -1.107119 1.968332
0.523723 0.492947 619.000000 -0.907281 2.018138
0.523678 0.493216 619.100000 -0.701995 2.077144
0.523612 0.493612 619.200000 -0.476292 2.426294
0.523532 0.494045 619.300000 -0.228251 2.522277
0.523447 0.494480 619.400000 0.024721 2.524561
0.523369 0.494861 619.500000 0.271063 2.389793
0.523306 0.495289 619.600000 0.516558 2.508424
0.523268 0.495685 619.700000 0.764064 2.429544
0.523263 0.495977 619.800000 0.993439 2.146293
0.523296 0.496252 619.900000 1.206150 2.097816
0.523370 0.496423 620.000000 1.399858 1.766548
0.523485 0.496581 620.100000 1.574395 1.716158
0.523643 0.496664 620.200000 1.731746 1.423145
0.523842 0.496753 620.300000 1.875627 1.448301
0.524083 0.496800 620.400000 2.011229 1.257511
0.524364 0.496816 620.500000 2.128962 1.091926
0.524678 0.496791 620.600000 2.224915 0.822793
0.525018 0.496737 620.700000 2.294727 0.570480
0.525371 0.496659 620.800000 2.330321 0.139714
0.525722 0.496581 620.900000 2.327715 -0.191348
0.526062 0.496518 621.000000 2.295250 -0.455853
0.526381 0.496470 621.100000 2.241108 -0.623581
0.526678 0.496426 621.200000 2.176119 -0.671980
0.526947 0.496414 621.300000 2.096278 -0.920424
0.527182 0.496430 621.400000 1.995423 -1.091080
0.527379 0.496506 621.500000 1.870915 -1.392688
0.527535 0.496578 621.600000 1.732363 -1.370504
0.527654 0.496679 621.700000 1.588313 -1.502857
0.527735 0.496775 621.800000 1.438856 -1.478027
0.527783 0.496898 621.900000 1.285095 -1.589171
0.527797 0.497104 622.000000 1.111037 -1.883484
0.527780 0.497346 622.100000 0.916216 -2.003059
0.527736 0.497581 622.200000 0.716545 -1.979979
0.527673 0.497834 622.300000 0.515240 -2.035962
0.527595 0.498164 622.400000 0.299977 -2.258972
0.527511 0.498468 622.500000 0.077184 -2.185549
0.527428 0.498771 622.600000 -0.141943 -2.186141
0.527354 0.499095 622.700000 -0.363978 -2.243824
0.527297 0.499402 622.800000 -0.586467 -2.195028
0.527265 0.499721 622.900000 -0.808250 -2.230054
0.527265 0.500010 623.000000 -1.027543 -2.145186
0.527304 0.500279 623.100000 -1.239570 -2.085241
0.527384 0.500461 623.200000 -1.434786 -1.809387
0.527506 0.500579 623.300000 -1.604197 -1.570590
0.527670 0.500685 623.400000 -1.759421 -1.526923
0.527877 0.500774 623.500000 -1.908756 -1.453105
0.528126 0.500807 623.600000 -2.041177 -1.189075
0.528415 0.500831 623.700000 -2.157794 -1.138394
0.528738 0.500803 623.800000 -2.255355 -0.808280
0.529088 0.500760 623.900000 -2.330112 -0.683991
0.529458 0.500689 624.000000 -2.380804 -0.327619
0.529839 0.500616 624.100000 -2.412345 -0.302773
0.530232 0.500544 624.200000 -2.443978 -0.329609
0.530636 0.500468 624.300000 -2.470760 -0.205631
0.531041 0.500390 624.400000 -2.472836 0.163907
0.531437 0.500315 624.500000 -2.451405 0.262657
0.531821 0.500245 624.600000 -2.420057 0.361759
0.532186 0.500191 624.700000 -2.373281 0.570754
0.532528 0.500150 624.800000 -2.309944 0.691985
0.532841 0.500134 624.900000 -2.230275 0.896803
0.533116 0.500178 625.000000 -2.123012 1.242922
0.533346 0.500272 625.100000 -1.986722 1.475660
0.533526 0.500459 625.200000 -1.821169 1.827115
0.533655 0.500655 625.300000 -1.636327 1.859760
0.533737 0.500884 625.400000 -1.444473 1.967296
0.533778 0.501048 625.500000 -1.258285 1.745983
0.533784 0.501298 625.600000 -1.068894 2.032569
0.533758 0.501552 625.700000 -0.864448 2.045758
0.533707 0.501821 625.800000 -0.657211 2.088418
0.533638 0.502077 625.900000 -0.449675 2.051634
0.533558 0.502361 626.000000 -0.239708 2.137330
0.533473 0.502636 626.100000 -0.026822 2.109688
0.533390 0.502935 626.200000 0.188060 2.177501
0.533319 0.503273 626.300000 0.412020 2.291029
0.533265 0.503549 626.400000 0.632652 2.110473
0.533236 0.503783 626.500000 0.837963 1.985621
0.533234 0.503904 626.600000 1.017227 1.590218
0.533259 0.504016 626.700000 1.174820 1.554300
0.533313 0.504083 626.800000 1.320729 1.356758
0.533396 0.504128 626.900000 1.451489 1.252382
0.533505 0.504115 627.000000 1.560537 0.923108
0.533634 0.504067 627.100000 1.638509 0.632536
0.533776 0.503998 627.200000 1.689424 0.383454
0.533926 0.503920 627.300000 1.717137 0.169737
0.534081 0.503843 627.400000 1.735432 0.196188
0.534240 0.503763 627.500000 1.750010 0.095276
0.534395 0.503694 627.600000 1.735763 -0.379830
0.534534 0.503664 627.700000 1.677156 -0.789569
0.534650 0.503658 627.800000 1.589072 -0.967365
0.534742 0.503654 627.900000 1.491553 -0.977416
0.534810 0.503665 628.000000 1.388895 -1.070168
0.534857 0.503659 628.100000 1.286892 -0.963882
0.534883 0.503678 628.200000 1.182571 -1.117141
0.534890 0.503684 628.300000 1.074260 -1.042932
0.534880 0.503689 628.400000 0.970203 -1.032511
0.534853 0.503720 628.500000 0.859247 -1.181014
0.534812 0.503758 628.600000 0.738986 -1.217937
0.534756 0.503804 628.700000 0.614605 -1.263287
0.534690 0.503868 628.800000 0.484001 -1.342220
0.534614 0.503969 628.900000 0.341001 -1.510917
0.534532 0.504070 629.000000 0.189568 -1.510092
0.534447 0.504193 629.100000 0.033763 -1.598435
0.534364 0.504290 629.200000 -0.121245 -1.493789
0.534284 0.504363 629.300000 -0.265788 -1.389733
0.534212 0.504383 629.400000 -0.391595 -1.119645
0.534147 0.504421 629.500000 -0.508882 -1.220770
0.534093 0.504418 629.600000 -0.619293 -0.981640
0.534048 0.504400 629.700000 -0.712853 -0.885010
0.534014 0.504360 629.800000 -0.792952 -0.712944
0.533988 0.504313 629.900000 -0.860961 -0.644113
0.533969 0.504241 630.000000 -0.909426 -0.322413
0.533955 0.504178 630.100000 -0.948466 -0.457256
0.533949 0.504115 630.200000 -0.995069 -0.473022
0.533951 0.504058 630.300000 -1.045370 -0.531161
0.533960 0.503987 630.400000 -1.089316 -0.345649
0.533975 0.503914 630.500000 -1.121563 -0.298115
0.533995 0.503839 630.600000 -1.148974 -0.249210
0.534017 0.503760 630.700000 -1.159848 0.032401
0.534037 0.503684 630.800000 -1.147229 0.219240
0.534050 0.503623 630.900000 -1.111396 0.495767
0.534053 0.503591 631.000000 -1.047588 0.777408
0.534041 0.503596 631.100000 -0.956770 1.034589
0.534014 0.503597 631.200000 -0.854477 1.005652
0.533975 0.503571 631.300000 -0.762544 0.827599
0.533928 0.503522 631.400000 -0.689825 0.622287
0.533875 0.503465 631.500000 -0.631735 0.536078
0.533817 0.503415 631.600000 -0.574067 0.614317
0.533753 0.503366 631.700000 -0.512323 0.617231
0.533685 0.503314 631.800000 -0.451550 0.594911
0.533613 0.503247 631.900000 -0.402058 0.391742
0.533539 0.503180 632.000000 -0.362175 0.403788
0.533463 0.503122 632.100000 -0.315806 0.521419
0.533384 0.503073 632.200000 -0.258222 0.627525
0.533303 0.503016 632.300000 -0.200052 0.532636
0.533220 0.502976 632.400000 -0.138091 0.703847
0.533136 0.502933 632.500000 -0.068503 0.684351
0.533052 0.502927 632.600000 0.014025 0.962800
0.532968 0.502894 632.700000 0.100570 0.763336
0.532886 0.502843 632.800000 0.169268 0.606901
0.532806 0.502781 632.900000 0.222798 0.460775
0.532728 0.502728 633.000000 0.274995 0.581005
0.532653 0.502712 633.100000 0.349105 0.898468
0.532584 0.502675 633.200000 0.430965 0.734444
0.532519 0.502630 633.300000 0.500495 0.652753
0.532461 0.502585 633.400000 0.566214 0.658637
0.532408 0.502539 633.500000 0.631785 0.649805
0.532361 0.502470 633.600000 0.682469 0.360964
0.532317 0.502398 633.700000 0.716670 0.321624
0.532277 0.502324 633.800000 0.745226 0.248247
0.532239 0.502246 633.900000 0.762445 0.095283
0.532202 0.502166 634.000000 0.766433 -0.015621
0.532165 0.502089 634.100000 0.773145 0.150341
0.532130 0.502013 634.200000 0.791339 0.213178
0.532097 0.501934 634.300000 0.801662 -0.007383
0.532063 0.501857 634.400000 0.793506 -0.155293
0.532027 0.501780 634.500000 0.778267 -0.148323
0.531989 0.501701 634.600000 0.766425 -0.087375
0.531950 0.501627 634.700000 0.749838 -0.243568
0.531907 0.501557 634.800000 0.720827 -0.335077
0.531860 0.501484 634.900000 0.689468 -0.290067
0.531810 0.501417 635.000000 0.656117 -0.375168
0.531756 0.501359 635.100000 0.611269 -0.519625
0.531697 0.501299 635.200000 0.560488 -0.493109
0.531632 0.501286 635.300000 0.490003 -0.913895
0.531561 0.501293 635.400000 0.391756 -1.046269
0.531484 0.501255 635.500000 0.303240 -0.718672
0.531405 0.501216 635.600000 0.231487 -0.712663
0.531323 0.501182 635.700000 0.157897 -0.755503
0.531240 0.501148 635.800000 0.082403 -0.750565
0.531157 0.501099 635.900000 0.013686 -0.620010
0.531074 0.501039 636.000000 -0.041822 -0.487061
0.530991 0.500980 636.100000 -0.091532 -0.504747
0.530909 0.500923 636.200000 -0.142872 -0.519594
0.530828 0.500858 636.300000 -0.190016 -0.420785
0.530749 0.500810 636.400000 -0.242407 -0.625072
0.530673 0.500748 636.500000 -0.296933 -0.462468
0.530598 0.500674 636.600000 -0.331894 -0.234596
0.530524 0.500596 636.700000 -0.339326 0.086961
0.530449 0.500524 636.800000 -0.320409 0.290795
0.530372 0.500452 636.900000 -0.290602 0.303749
0.530294 0.500381 637.000000 -0.260264 0.301347
0.530215 0.500308 637.100000 -0.231180 0.278719
0.530135 0.500232 637.200000 -0.209123 0.160916
0.530055 0.500154 637.300000 -0.197001 0.080614
0.529975 0.500076 637.400000 -0.189780 0.063306
0.529894 0.499998 637.500000 -0.180837 0.115143
0.529814 0.499920 637.600000 -0.176393 -0.026934
0.529733 0.499843 637.700000 -0.170927 0.136313
0.529652 0.499765 637.800000 -0.167440 -0.067351
0.529571 0.499697 637.900000 -0.152616 0.364113
0.529489 0.499632 638.000000 -0.113520 0.415922
0.529406 0.499562 638.100000 -0.076433 0.323704
0.529324 0.499506 638.200000 -0.033706 0.529202
0.529241 0.499454 638.300000 0.021696 0.576215
0.529158 0.499392 638.400000 0.073828 0.463576
0.529076 0.499316 638.500000 0.104243 0.142439
0.528995 0.499252 638.600000 0.133128 0.434627
0.528914 0.499181 638.700000 0.169537 0.291471
0.528835 0.499115 638.800000 0.204156 0.399552
0.528757 0.499052 638.900000 0.246266 0.440771
0.528681 0.498995 639.000000 0.294362 0.519099
0.528607 0.498933 639.100000 0.343145 0.454143
0.528536 0.498868 639.200000 0.385747 0.395817
0.528468 0.498807 639.300000 0.429154 0.470564
0.528403 0.498753 639.400000 0.480758 0.559409
0.528343 0.498699 639.500000 0.536361 0.550121
0.528289 0.498658 639.600000 0.598200 0.684216
0.528240 0.498609 639.700000 0.662901 0.606707
0.528197 0.498538 639.800000 0.708425 0.301106
0.528157 0.498463 639.900000 0.734060 0.210444
0.528118 0.498386 640.000000 0.750593 0.119538
0.528080 0.498310 640.100000 0.749365 -0.144310
0.528040 0.498233 640.200000 0.744268 0.043473
0.528001 0.498155 640.300000 0.742528 -0.078116
0.527960 0.498079 640.400000 0.731430 -0.143096
0.527918 0.498002 640.500000 0.720368 -0.077059
0.527874 0.497930 640.600000 0.702363 -0.282314
0.527827 0.497866 640.700000 0.667494 -0.413306
0.527775 0.497800 640.800000 0.627105 -0.392089
0.527719 0.497738 640.900000 0.584947 -0.448825
0.527660 0.497679 641.000000 0.537839 -0.490825
0.527596 0.497622 641.100000 0.487662 -0.510021
0.527529 0.497550 641.200000 0.448268 -0.275066
0.527461 0.497477 641.300000 0.422629 -0.236131
0.527391 0.497414 641.400000 0.389113 -0.432807
0.527317 0.497367 641.500000 0.336028 -0.626567
0.527241 0.497326 641.600000 0.270648 -0.677757
0.527162 0.497284 641.700000 0.202757 -0.676588
0.527081 0.497245 641.800000 0.133446 -0.706181
0.526999 0.497191 641.900000 0.070382 -0.551523
0.526917 0.497146 642.000000 0.010652 -0.640313
0.526835 0.497102 642.100000 -0.054374 -0.657038
0.526755 0.497055 642.200000 -0.118507 -0.622391
0.526675 0.497026 642.300000 -0.189411 -0.792678
0.526599 0.497023 642.400000 -0.278048 -0.976249
0.526528 0.497005 642.500000 -0.370562 -0.869339
0.526462 0.496980 642.600000 -0.455522 -0.825741
0.526403 0.496945 642.700000 -0.533942 -0.738788
0.526349 0.496906 642.800000 -0.606125 -0.701498
0.526301 0.496838 642.900000 -0.658326 -0.339334
0.526256 0.496766 643.000000 -0.687784 -0.248463
0.526214 0.496693 643.100000 -0.712623 -0.247436
0.526173 0.496616 643.200000 -0.724217 0.016433
0.526133 0.496541 643.300000 -0.732647 -0.185501
0.526095 0.496467 643.400000 -0.751662 -0.194250
0.526059 0.496392 643.500000 -0.768525 -0.142428
0.526024 0.496315 643.600000 -0.777950 -0.045745
0.525990 0.496239 643.700000 -0.785849 -0.112410
0.525958 0.496162 643.800000 -0.794717 -0.064788
0.525926 0.496086 643.900000 -0.802751 -0.095957
0.525897 0.496013 644.000000 -0.819209 -0.233145
0.525869 0.495936 644.100000 -0.834871 -0.079344
0.525843 0.495861 644.200000 -0.845203 -0.127336
0.525817 0.495785 644.300000 -0.844042 0.150770
0.525788 0.495713 644.400000 -0.824341 0.242083
0.525755 0.495645 644.500000 -0.795463 0.333879
0.525717 0.495591 644.600000 -0.751258 0.548171
0.525672 0.495575 644.700000 -0.679607 0.881778
0.525617 0.495579 644.800000 -0.584114 1.023385
0.525553 0.495595 644.900000 -0.477917 1.095186
0.525482 0.495608 645.000000 -0.368995 1.077604
0.525406 0.495635 645.100000 -0.256980 1.157179
0.525326 0.495655 645.200000 -0.143067 1.115223
0.525244 0.495664 645.300000 -0.034359 1.053341
0.525164 0.495670 645.400000 0.070180 1.032197
0.525084 0.495672 645.500000 0.172431 1.007751
0.525009 0.495647 645.600000 0.264058 0.819876
0.524936 0.495590 645.700000 0.330609 0.507214
0.524865 0.495519 645.800000 0.370142 0.281080
0.524796 0.495450 645.900000 0.400029 0.315471
0.524729 0.495378 646.000000 0.427085 0.224269
0.524664 0.495307 646.100000 0.452630 0.285746
0.524600 0.495236 646.200000 0.480147 0.263412
0.524539 0.495169 646.300000 0.510723 0.347056
0.524481 0.495097 646.400000 0.540099 0.238985
0.524425 0.495030 646.500000 0.569678 0.351687
0.524372 0.494964 646.600000 0.606493 0.383171
0.524323 0.494895 646.700000 0.640472 0.294815
0.524277 0.494833 646.800000 0.676955 0.433708
0.524236 0.494773 646.900000 0.721980 0.465003
0.524200 0.494705 647.000000 0.762107 0.335589
0.524169 0.494647 647.100000 0.803116 0.483321
0.524144 0.494583 647.200000 0.847807 0.408511
0.524122 0.494509 647.300000 0.877531 0.184372
0.524103 0.494434 647.400000 0.891835 0.101228
0.524084 0.494358 647.500000 0.900063 0.063271
0.524067 0.494282 647.600000 0.906867 0.072946
0.524049 0.494207 647.700000 0.904142 -0.127353
0.524030 0.494132 647.800000 0.891849 -0.117409
0.524009 0.494055 647.900000 0.887300 0.027462
0.523989 0.493980 648.000000 0.883798 -0.097200
0.523967 0.493904 648.100000 0.878248 -0.012873
0.523946 0.493827 648.200000 0.878048 0.009397
0.523925 0.493751 648.300000 0.877855 -0.012868
0.523904 0.493676 648.400000 0.883245 0.121174
0.523886 0.493606 648.500000 0.903530 0.284388
0.523871 0.493531 648.600000 0.921761 0.079276
0.523856 0.493455 648.700000 0.926477 0.015109
0.523841 0.493379 648.800000 0.923346 -0.077339
0.523824 0.493306 648.900000 0.910295 -0.182832
0.523803 0.493244 649.000000 0.879219 -0.437340
0.523777 0.493174 649.100000 0.843281 -0.278798
0.523746 0.493127 649.200000 0.799025 -0.604540
0.523707 0.493084 649.300000 0.735652 -0.659536
0.523659 0.493074 649.400000 0.656378 -0.922322
0.523603 0.493063 649.500000 0.563935 -0.921626
0.523540 0.493038 649.600000 0.476935 -0.813525
0.523471 0.493023 649.700000 0.391623 -0.888458
0.523398 0.493017 649.800000 0.299523 -0.948956
0.523321 0.493006 649.900000 0.205636 -0.923923
0.523241 0.492974 650.000000 0.121833 -0.747446
0.523161 0.492969 650.100000 0.036192 -0.961632
0.523081 0.492946 650.200000 -0.053621 -0.829838
0.523002 0.492926 650.300000 -0.137918 -0.852019
0.522925 0.492881 650.400000 -0.212429 -0.634048
0.522850 0.492834 650.500000 -0.274610 -0.606536
0.522779 0.492797 650.600000 -0.340739 -0.713193
0.522711 0.492761 650.700000 -0.412574 -0.720141
0.522649 0.492714 650.800000 -0.479130 -0.607620
0.522591 0.492662 650.900000 -0.537826 -0.563545
0.522538 0.492621 651.000000 -0.599666 -0.670731
0.522492 0.492592 651.100000 -0.672156 -0.776059
0.522455 0.492547 651.200000 -0.742964 -0.636592
0.522424 0.492493 651.300000 -0.801109 -0.523525
0.522398 0.492424 651.400000 -0.842502 -0.302140
0.522376 0.492352 651.500000 -0.868726 -0.221275
0.522357 0.492285 651.600000 -0.896409 -0.331725
0.522341 0.492210 651.700000 -0.911201 0.037080
0.522322 0.492141 651.800000 -0.894544 0.295433
0.522301 0.492066 651.900000 -0.875043 0.092670
0.522279 0.491992 652.000000 -0.875358 -0.099884
0.522258 0.491916 652.100000 -0.877267 0.061766
0.522235 0.491847 652.200000 -0.860454 0.273755
0.522207 0.491782 652.300000 -0.828240 0.368736
0.522176 0.491710 652.400000 -0.799421 0.205395
0.522143 0.491637 652.500000 -0.779113 0.199350
0.522106 0.491573 652.600000 -0.749920 0.383142
0.522064 0.491526 652.700000 -0.700599 0.601009
0.522014 0.491501 652.800000 -0.629603 0.815597
0.521958 0.491452 652.900000 -0.559629 0.579511
0.521896 0.491429 653.000000 -0.488989 0.830147
0.521829 0.491402 653.100000 -0.407533 0.794612
0.521758 0.491369 653.200000 -0.330638 0.739143
0.521683 0.491353 653.300000 -0.249336 0.883088
0.521605 0.491339 653.400000 -0.160569 0.887746
0.521525 0.491355 653.500000 -0.061089 1.097402
0.521446 0.491387 653.600000 0.053002 1.178949
0.521368 0.491419 653.700000 0.171565 1.186510
0.521295 0.491468 653.800000 0.294811 1.272628
0.521229 0.491525 653.900000 0.424480 1.314606
0.521173 0.491577 654.000000 0.554976 1.289021
0.521130 0.491646 654.100000 0.688413 1.373631
0.521101 0.491688 654.200000 0.819350 1.238641
0.521089 0.491705 654.300000 0.936388 1.096403
0.521092 0.491704 654.400000 1.040895 0.988770
0.521110 0.491686 654.500000 1.133809 0.865146
0.521143 0.491645 654.600000 1.210632 0.667592
0.521187 0.491595 654.700000 1.272685 0.570773
0.521241 0.491538 654.800000 1.325573 0.484802
0.521307 0.491486 654.900000 1.377602 0.554045
0.521380 0.491415 655.000000 1.416988 0.231611
0.521458 0.491342 655.100000 1.435135 0.130883
0.521535 0.491270 655.200000 1.431434 -0.204830
0.521605 0.491209 655.300000 1.399731 -0.427500
0.521665 0.491149 655.400000 1.355725 -0.449804
0.521714 0.491117 655.500000 1.295567 -0.750459
0.521747 0.491090 655.600000 1.218324 -0.790039
0.521766 0.491075 655.700000 1.134147 -0.888977
0.521769 0.491064 655.800000 1.043660 -0.915787
0.521758 0.491072 655.900000 0.945619 -1.039993
0.521732 0.491078 656.000000 0.841969 -1.027382
0.521694 0.491095 656.100000 0.735201 -1.102469
0.521643 0.491184 656.200000 0.606618 -1.463382
0.521579 0.491270 656.300000 0.460327 -1.454891
0.521507 0.491362 656.400000 0.313133 -1.481562
0.521430 0.491490 656.500000 0.157216 -1.629291
0.521350 0.491588 656.600000 -0.000048 -1.507833
0.521273 0.491687 656.700000 -0.151462 -1.512997
0.521200 0.491751 656.800000 -0.294960 -1.349541
0.521135 0.491814 656.900000 -0.429942 -1.343558
0.521079 0.491845 657.000000 -0.556591 -1.182974
0.521035 0.491896 657.100000 -0.680160 -1.282848
0.521004 0.491906 657.200000 -0.797565 -1.059240
0.520986 0.491898 657.300000 -0.897501 -0.934617
0.520979 0.491854 657.400000 -0.976147 -0.634133
0.520981 0.491802 657.500000 -1.035615 -0.552579
0.520989 0.491728 657.600000 -1.067880 -0.090472
0.520997 0.491653 657.700000 -1.071109 0.025803
0.521003 0.491581 657.800000 -1.060055 0.194621
0.521004 0.491523 657.900000 -1.026764 0.469703
0.520996 0.491489 658.000000 -0.966504 0.732665
0.520976 0.491490 658.100000 -0.879898 0.995356
0.520942 0.491518 658.200000 -0.771714 1.162977
0.520895 0.491539 658.300000 -0.657184 1.121459
0.520839 0.491569 658.400000 -0.542107 1.174202
0.520773 0.491588 658.500000 -0.427461 1.112637
0.520702 0.491632 658.600000 -0.309153 1.247815
0.520625 0.491718 658.700000 -0.173791 1.453095
0.520546 0.491735 658.800000 -0.045726 1.100907
0.520467 0.491744 658.900000 0.062220 1.052547
0.520391 0.491765 659.000000 0.171276 1.123388
0.520318 0.491779 659.100000 0.281593 1.077473
0.520250 0.491791 659.200000 0.389048 1.066442
0.520189 0.491767 659.300000 0.483704 0.821575
0.520134 0.491745 659.400000 0.566419 0.828909
0.520086 0.491692 659.500000 0.634972 0.538326
0.520042 0.491626 659.600000 0.678900 0.337877
0.520000 0.491552 659.700000 0.699138 0.065537
0.519959 0.491478 659.800000 0.705401 0.059759
0.519918 0.491406 659.900000 0.700006 -0.167612
0.519874 0.491335 660.000000 0.679554 -0.240252
0.519828 0.491266 660.100000 0.654880 -0.251696
0.519780 0.491192 660.200000 0.639831 -0.047698
0.519731 0.491121 660.300000 0.625781 -0.232753
0.519680 0.491048 660.400000 0.609025 -0.100883
0.519628 0.490978 660.500000 0.592258 -0.233670
0.519573 0.490923 660.600000 0.554962 -0.510802
0.519513 0.490881 660.700000 0.496709 -0.651457
0.519447 0.490879 660.800000 0.415138 -0.976501
0.519376 0.490887 660.900000 0.313711 -1.046994
0.519301 0.490881 661.000000 0.213656 -0.948763
0.519224 0.490858 661.100000 0.124899 -0.821567
0.519145 0.490861 661.200000 0.033204 -1.008216
0.519067 0.490913 661.300000 -0.082158 -1.294045
0.518992 0.490981 661.400000 -0.215881 -1.374055
0.518923 0.490996 661.500000 -0.339070 -1.083021
0.518859 0.491016 661.600000 -0.449330 -1.116992
0.518804 0.491019 661.700000 -0.556151 -1.014117
0.518758 0.490999 661.800000 -0.649184 -0.841797
0.518720 0.490972 661.900000 -0.731012 -0.790920
0.518691 0.490942 662.000000 -0.808910 -0.763487
0.518671 0.490897 662.100000 -0.878585 -0.626646
0.518658 0.490838 662.200000 -0.932385 -0.446688
0.518651 0.490770 662.300000 -0.969022 -0.284301
0.518648 0.490704 662.400000 -0.999284 -0.320025
0.518650 0.490638 662.500000 -1.031319 -0.319601
0.518655 0.490565 662.600000 -1.054935 -0.151636
0.518664 0.490494 662.700000 -1.071721 -0.183880
0.518675 0.490421 662.800000 -1.088535 -0.152011
0.518686 0.490349 662.900000 -1.088706 0.148801
0.518696 0.490276 663.000000 -1.077787 0.068283
0.518704 0.490202 663.100000 -1.069301 0.100560
0.518710 0.490130 663.200000 -1.056835 0.147734
0.518712 0.490062 663.300000 -1.035192 0.283852
0.518710 0.489998 663.400000 -1.003148 0.355102
0.518700 0.489959 663.500000 -0.951333 0.678966
0.518680 0.489930 663.600000 -0.878714 0.769567
0.518650 0.489906 663.700000 -0.799062 0.819227
0.518609 0.489934 663.800000 -0.699877 1.160038
0.518555 0.490000 663.900000 -0.573538 1.360644
0.518491 0.490109 664.000000 -0.427230 1.558497
0.518418 0.490209 664.100000 -0.272930 1.519583
0.518342 0.490264 664.200000 -0.130988 1.311589
0.518264 0.490361 664.300000 0.010067 1.502961
0.518188 0.490448 664.400000 0.158823 1.464725
0.518116 0.490488 664.500000 0.293959 1.230809
0.518052 0.490553 664.600000 0.423618 1.356431
0.517997 0.490619 664.700000 0.559960 1.363925
0.517956 0.490673 664.800000 0.693693 1.304259
0.517929 0.490730 664.900000 0.825175 1.319272
0.517919 0.490765 665.000000 0.951577 1.202655
0.517927 0.490796 665.100000 1.070849 1.177314
0.517955 0.490813 665.200000 1.185006 1.100526
0.518003 0.490821 665.300000 1.292447 1.043442
0.518068 0.490781 665.400000 1.378503 0.673145
0.518147 0.490740 665.500000 1.445020 0.654557
0.518237 0.490678 665.600000 1.497913 0.400789
0.518333 0.490605 665.700000 1.520134 0.042377
0.518426 0.490536 665.800000 1.509594 -0.252631
0.518513 0.490470 665.900000 1.480383 -0.329566
0.518589 0.490427 666.000000 1.431880 -0.638134
0.518652 0.490386 666.100000 1.366945 -0.656685
0.518699 0.490370 666.200000 1.289954 -0.879217
0.518728 0.490366 666.300000 1.197575 -0.963368
0.518741 0.490375 666.400000 1.096914 -1.044479
0.518735 0.490414 666.500000 0.982935 -1.229376
0.518711 0.490505 666.600000 0.847271 -1.477347
0.518671 0.490582 666.700000 0.702134 -1.417641
0.518616 0.490702 666.800000 0.550390 -1.609878
0.518549 0.490865 666.900000 0.380727 -1.775151
0.518474 0.491023 667.000000 0.203557 -1.759271
0.518396 0.491181 667.100000 0.027315 -1.756754
0.518320 0.491331 667.200000 -0.147381 -1.728464
0.518250 0.491460 667.300000 -0.316319 -1.641795
0.518190 0.491580 667.400000 -0.479326 -1.610390
0.518142 0.491669 667.500000 -0.633751 -1.470369
0.518110 0.491757 667.600000 -0.781239 -1.472428
0.518098 0.491855 667.700000 -0.930930 -1.514513
0.518108 0.491953 667.800000 -1.082567 -1.511200
0.518143 0.492024 667.900000 -1.227919 -1.388898
0.518205 0.492082 668.000000 -1.364196 -1.330389
0.518294 0.492122 668.100000 -1.492526 -1.230307
0.518410 0.492136 668.200000 -1.608436 -1.082547
0.518550 0.492115 668.300000 -1.704836 -0.840889
0.518710 0.492081 668.400000 -1.783371 -0.726501
0.518889 0.492041 668.500000 -1.853265 -0.668694
0.519083 0.491976 668.600000 -1.903567 -0.334950
0.519283 0.491905 668.700000 -1.929407 -0.181144
0.519484 0.491833 668.800000 -1.930611 0.157007
0.519677 0.491774 668.900000 -1.900507 0.443325
0.519851 0.491750 669.000000 -1.837666 0.810364
0.520003 0.491740 669.100000 -1.750879 0.920442
0.520129 0.491744 669.200000 -1.653404 1.023620
0.520231 0.491751 669.300000 -1.550166 1.035246
0.520307 0.491805 669.400000 -1.432877 1.304630
0.520355 0.491871 669.500000 -1.298810 1.369542
0.520376 0.491985 669.600000 -1.150875 1.581736
0.520369 0.492189 669.700000 -0.974851 1.930356
0.520338 0.492338 669.800000 -0.791580 1.724996
0.520290 0.492466 669.900000 -0.622678 1.644112
0.520228 0.492594 670.000000 -0.457852 1.643958
0.520156 0.492731 670.100000 -0.291242 1.679871
0.520080 0.492935 670.200000 -0.110512 1.926273
0.520003 0.493110 670.300000 0.077702 1.828420
0.519930 0.493244 670.400000 0.252902 1.666555
0.519866 0.493387 670.500000 0.421921 1.705716
0.519813 0.493482 670.600000 0.582756 1.502744
0.519775 0.493544 670.700000 0.725737 1.349720
0.519751 0.493546 670.800000 0.843908 1.007365
0.519738 0.493520 670.900000 0.934139 0.792691
0.519737 0.493484 671.000000 1.009415 0.709376
0.519745 0.493430 671.100000 1.070733 0.513965
0.519762 0.493382 671.200000 1.126123 0.591848
0.519790 0.493347 671.300000 1.191535 0.714030
0.519829 0.493290 671.400000 1.251031 0.472952
0.519876 0.493225 671.500000 1.291525 0.335196
0.519927 0.493152 671.600000 1.312758 0.088452
0.519979 0.493079 671.700000 1.319474 0.046097
0.520031 0.493006 671.800000 1.318712 -0.060905
0.520081 0.492935 671.900000 1.306269 -0.187006
0.520126 0.492868 672.000000 1.282106 -0.294662
0.520164 0.492803 672.100000 1.250222 -0.340927
0.520196 0.492744 672.200000 1.211317 -0.434846
0.520217 0.492714 672.300000 1.151394 -0.760879
0.520224 0.492724 672.400000 1.060116 -1.060348
0.520214 0.492731 672.500000 0.954796 -1.040269
0.520191 0.492735 672.600000 0.851554 -1.018942
0.520155 0.492744 672.700000 0.747838 -1.049903
0.520108 0.492759 672.800000 0.640680 -1.087680
0.520051 0.492791 672.900000 0.526473 -1.190749
0.519987 0.492802 673.000000 0.413486 -1.062829
0.519917 0.492799 673.100000 0.311331 -0.974808
0.519843 0.492818 673.200000 0.206774 -1.111354
0.519766 0.492855 673.300000 0.089935 -1.219820
0.519689 0.492871 673.400000 -0.026358 -1.099956
0.519613 0.492881 673.500000 -0.134281 -1.053071
0.519540 0.492892 673.600000 -0.240614 -1.068444
0.519472 0.492878 673.700000 -0.338806 -0.890215
0.519408 0.492866 673.800000 -0.428953 -0.908490
0.519352 0.492867 673.900000 -0.524726 -1.002696
0.519303 0.492859 674.000000 -0.621974 -0.937568
0.519264 0.492849 674.100000 -0.715076 -0.920150
0.519235 0.492834 674.200000 -0.805441 -0.882960
0.519215 0.492784 674.300000 -0.877696 -0.558151
0.519202 0.492723 674.400000 -0.925573 -0.397063
0.519194 0.492660 674.500000 -0.964159 -0.373163
0.519192 0.492603 674.600000 -1.005927 -0.460841
0.519196 0.492541 674.700000 -1.048328 -0.385407
0.519206 0.492472 674.800000 -1.080329 -0.253220
0.519218 0.492399 674.900000 -1.094139 -0.022271
0.519229 0.492327 675.000000 -1.090078 0.103060
0.519237 0.492258 675.100000 -1.073452 0.228419
0.519242 0.492191 675.200000 -1.047652 0.285899
0.519243 0.492119 675.300000 -1.027809 0.109015
0.519242 0.492050 675.400000 -1.011762 0.210871
0.519236 0.491989 675.500000 -0.980784 0.407140
0.519224 0.491931 675.600000 -0.937732 0.451387
0.519206 0.491884 675.700000 -0.885954 0.581484
0.519180 0.491830 675.800000 -0.831403 0.506193
0.519149 0.491770 675.900000 -0.784933 0.420290
0.519111 0.491736 676.000000 -0.727782 0.720272
0.519067 0.491694 676.100000 -0.659418 0.643071
0.519016 0.491647 676.200000 -0.597594 0.589891
0.518961 0.491597 676.300000 -0.540237 0.554026
0.518902 0.491544 676.400000 -0.486672 0.514247
0.518839 0.491496 676.500000 -0.431623 0.583945
0.518772 0.491478 676.600000 -0.359326 0.858895
0.518700 0.491485 676.700000 -0.264215 1.038904
0.518625 0.491514 676.800000 -0.153387 1.172392
0.518549 0.491537 676.900000 -0.037469 1.140084
0.518473 0.491569 677.000000 0.079074 1.185122
0.518399 0.491638 677.100000 0.207968 1.386949
0.518331 0.491669 677.200000 0.336909 1.185097
0.518270 0.491677 677.300000 0.448634 1.043694
0.518216 0.491683 677.400000 0.552577 1.030232
0.518171 0.491690 677.500000 0.656335 1.040117
0.518138 0.491716 677.600000 0.766520 1.158765
0.518118 0.491733 677.700000 0.879765 1.100782
0.518114 0.491736 677.800000 0.985524 1.009388
0.518123 0.491717 677.900000 1.078941 0.854443
0.518146 0.491691 678.000000 1.161681 0.796673
0.518184 0.491676 678.100000 1.245716 0.880670
0.518238 0.491653 678.200000 1.330902 0.819320
0.518309 0.491625 678.300000 1.410764 0.774534
0.518394 0.491586 678.400000 1.483300 0.673067
0.518492 0.491527 678.500000 1.538256 0.423449
0.518599 0.491464 678.600000 1.577847 0.367066
0.518711 0.491392 678.700000 1.599175 0.058450
0.518821 0.491323 678.800000 1.590884 -0.223772
0.518923 0.491269 678.900000 1.555029 -0.491431
0.519012 0.491224 679.000000 1.499388 -0.618177
0.519087 0.491186 679.100000 1.434154 -0.682690
0.519147 0.491161 679.200000 1.359968 -0.796924
0.519191 0.491142 679.300000 1.277407 -0.849661
0.519218 0.491132 679.400000 1.188576 -0.922128
0.519231 0.491104 679.500000 1.103605 -0.772107
0.519231 0.491094 679.600000 1.018469 -0.926244
0.519217 0.491108 679.700000 0.917909 -1.079866
0.519188 0.491128 679.800000 0.807688 -1.118761
0.519147 0.491176 679.900000 0.687347 -1.282105
0.519094 0.491218 680.000000 0.560822 -1.241710
0.519031 0.491264 680.100000 0.434839 -1.271524
0.518962 0.491317 680.200000 0.305817 -1.302404
0.518888 0.491359 680.300000 0.177968 -1.247966
0.518812 0.491366 680.400000 0.063449 -1.036150
0.518736 0.491341 680.500000 -0.028738 -0.802416
0.518660 0.491302 680.600000 -0.102912 -0.677095
0.518586 0.491261 680.700000 -0.169453 -0.650417
0.518514 0.491213 680.800000 -0.230675 -0.570891
0.518444 0.491181 680.900000 -0.296541 -0.743724
0.518378 0.491146 681.000000 -0.369444 -0.710800
0.518316 0.491097 681.100000 -0.433160 -0.560193
0.518257 0.491050 681.200000 -0.490193 -0.577919
0.518204 0.491008 681.300000 -0.551579 -0.647185
0.518156 0.490969 681.400000 -0.617400 -0.666311
0.518113 0.490920 681.500000 -0.679034 -0.563375
0.518077 0.490867 681.600000 -0.732961 -0.512720
0.518044 0.490799 681.700000 -0.770374 -0.233352
0.518014 0.490729 681.800000 -0.789181 -0.142023
0.517985 0.490658 681.900000 -0.803176 -0.137571
0.517958 0.490587 682.000000 -0.812812 -0.054870
0.517931 0.490515 682.100000 -0.816305 -0.015130
0.517903 0.490443 682.200000 -0.815002 0.040852
0.517875 0.490375 682.300000 -0.801100 0.236594
0.517843 0.490307 682.400000 -0.778350 0.216831
0.517808 0.490247 682.500000 -0.747537 0.397958
0.517767 0.490214 682.600000 -0.690898 0.732493
0.517719 0.490201 682.700000 -0.609462 0.892266
0.517663 0.490182 682.800000 -0.521799 0.856271
0.517601 0.490174 682.900000 -0.432101 0.933190
0.517533 0.490160 683.000000 -0.341102 0.881942
0.517462 0.490151 683.100000 -0.250400 0.927575
0.517388 0.490139 683.200000 -0.158369 0.908332
0.517313 0.490128 683.300000 -0.067301 0.908454
0.517237 0.490118 683.400000 0.024379 0.920606
0.517163 0.490107 683.500000 0.115856 0.904397
0.517090 0.490096 683.600000 0.206907 0.912204
0.517021 0.490072 683.700000 0.293090 0.807030
0.516955 0.490036 683.800000 0.368504 0.697410
0.516893 0.489990 683.900000 0.433589 0.601013
0.516835 0.489942 684.000000 0.492028 0.565012
0.516782 0.489897 684.100000 0.550470 0.601285
0.516734 0.489847 684.200000 0.608082 0.548258
0.516691 0.489812 684.300000 0.670936 0.706421
0.516656 0.489786 684.400000 0.745657 0.784846
0.516628 0.489730 684.500000 0.808649 0.471469
0.516606 0.489673 684.600000 0.854309 0.439792
0.516591 0.489626 684.700000 0.905588 0.584057
0.516583 0.489579 684.800000 0.963909 0.579929
0.516582 0.489515 684.900000 1.008727 0.314037
0.516586 0.489455 685.000000 1.044425 0.398876
0.516593 0.489384 685.100000 1.062726 -0.034307
0.516598 0.489316 685.200000 1.050589 -0.207744
0.516599 0.489254 685.300000 1.021847 -0.365552
0.516595 0.489190 685.400000 0.987695 -0.315160
0.516588 0.489119 685.500000 0.968207 -0.072515
0.516580 0.489048 685.600000 0.960660 -0.077575
0.516569 0.488982 685.700000 0.943543 -0.263910
0.516556 0.488913 685.800000 0.921618 -0.172810
0.516541 0.488843 685.900000 0.906433 -0.129557
0.516522 0.488779 686.000000 0.883398 -0.330056
0.516497 0.488742 686.100000 0.832844 -0.678968
0.516465 0.488709 686.200000 0.762514 -0.723850
0.516423 0.488687 686.300000 0.684727 -0.827925
0.516374 0.488697 686.400000 0.590339 -1.055414
0.516316 0.488692 686.500000 0.489773 -0.950376
0.516252 0.488709 686.600000 0.386882 -1.102494
0.516182 0.488736 686.700000 0.273551 -1.158479
0.516108 0.488773 686.800000 0.154383 -1.219002
0.516033 0.488843 686.900000 0.023387 -1.394821
0.515959 0.488858 687.000000 -0.100997 -1.085928
0.515887 0.488880 687.100000 -0.212030 -1.129419
0.515820 0.488915 687.200000 -0.329171 -1.207923
0.515760 0.488946 687.300000 -0.449268 -1.188204
0.515707 0.488950 687.400000 -0.559622 -1.013196
0.515662 0.488906 687.500000 -0.641448 -0.618582
0.515621 0.488840 687.600000 -0.684633 -0.242361
0.515582 0.488769 687.700000 -0.695417 0.027551
0.515541 0.488699 687.800000 -0.686064 0.159032
0.515498 0.488635 687.900000 -0.662681 0.307496
0.515452 0.488570 688.000000 -0.633412 0.276026
0.515403 0.488511 688.100000 -0.599040 0.409737
0.515352 0.488445 688.200000 -0.564898 0.270762
0.515297 0.488385 688.300000 -0.532483 0.375911
0.515240 0.488336 688.400000 -0.485713 0.557372
0.515178 0.488284 688.500000 -0.432169 0.510508
0.515114 0.488245 688.600000 -0.373261 0.664919
0.515045 0.488220 688.700000 -0.300236 0.792094
0.514974 0.488206 688.800000 -0.216242 0.883715
0.514901 0.488181 688.900000 -0.132225 0.792140
0.514826 0.488180 689.000000 -0.043199 0.984402
0.514752 0.488187 689.100000 0.057982 1.034337
0.514679 0.488175 689.200000 0.154938 0.899686
0.514609 0.488185 689.300000 0.252864 1.054474
0.514543 0.488169 689.400000 0.349325 0.869630
0.514482 0.488157 689.500000 0.438354 0.906829
0.514427 0.488126 689.600000 0.520917 0.740155
0.514378 0.488088 689.700000 0.591460 0.667305
0.514335 0.488049 689.800000 0.657935 0.659198
0.514297 0.487992 689.900000 0.713481 0.448764
0.514264 0.487934 690.000000 0.756286 0.405471
0.514235 0.487871 690.100000 0.793107 0.329324
0.514210 0.487806 690.200000 0.824057 0.288449
0.514186 0.487736 690.300000 0.835355 -0.063515
0.514161 0.487665 690.400000 0.829211 -0.058640
0.514135 0.487598 690.500000 0.815247 -0.219925
0.514105 0.487536 690.600000 0.787054 -0.342443
0.514071 0.487486 690.700000 0.743304 -0.530476
0.514030 0.487445 690.800000 0.684483 -0.642940
0.513984 0.487407 690.900000 0.618837 -0.666460
0.513931 0.487372 691.000000 0.550414 -0.698391
0.513874 0.487327 691.100000 0.485244 -0.601280
0.513812 0.487291 691.200000 0.420574 -0.688893
0.513746 0.487280 691.300000 0.340636 -0.906259
0.513676 0.487342 691.400000 0.227534 -1.351146
0.513602 0.487432 691.500000 0.085089 -1.490964
0.513528 0.487520 691.600000 -0.063907 -1.481535
0.513457 0.487612 691.700000 -0.213400 -1.501017
0.513393 0.487715 691.800000 -0.366192 -1.547510
0.513339 0.487888 691.900000 -0.535737 -1.835934
0.513302 0.488029 692.000000 -0.713587 -1.712233
0.513282 0.488098 692.100000 -0.868913 -1.386160
0.513279 0.488112 692.200000 -0.992768 -1.084510
0.513291 0.488097 692.300000 -1.090858 -0.872412
0.513315 0.488051 692.400000 -1.163950 -0.585641
0.513347 0.487994 692.500000 -1.215061 -0.434261
0.513388 0.487943 692.600000 -1.262905 -0.521078
0.513437 0.487878 692.700000 -1.302281 -0.264503
0.513487 0.487807 692.800000 -1.315400 0.002791
0.513536 0.487741 692.900000 -1.303990 0.224750
0.513579 0.487680 693.000000 -1.274582 0.361649
0.513613 0.487635 693.100000 -1.226451 0.598533
0.513639 0.487576 693.200000 -1.176535 0.396197
0.513658 0.487523 693.300000 -1.132471 0.482548
0.513667 0.487481 693.400000 -1.076570 0.632504
0.513666 0.487456 693.500000 -1.005067 0.793897
0.513652 0.487453 693.600000 -0.916874 0.965535
0.513626 0.487472 693.700000 -0.812752 1.111674
0.513586 0.487532 693.800000 -0.689587 1.345723
0.513534 0.487616 693.900000 -0.548785 1.463319
0.513471 0.487731 694.000000 -0.395225 1.600363
0.513401 0.487841 694.100000 -0.235588 1.584258
0.513328 0.487958 694.200000 -0.075265 1.614237
0.513254 0.488146 694.300000 0.100443 1.891908
0.513186 0.488307 694.400000 0.285064 1.791192
0.513128 0.488498 694.500000 0.470433 1.907477
0.513085 0.488643 694.600000 0.652702 1.728692
0.513059 0.488724 694.700000 0.812148 1.451987
0.513051 0.488812 694.800000 0.959126 1.480801
0.513065 0.488893 694.900000 1.106076 1.451360
0.513103 0.488939 695.000000 1.242635 1.273182
0.513162 0.488947 695.100000 1.358574 1.039911
0.513243 0.488977 695.200000 1.470006 1.184262
0.513349 0.488979 695.300000 1.579441 0.999323
0.513477 0.488976 695.400000 1.678003 0.967754
0.513625 0.488929 695.500000 1.755031 0.568858
0.513786 0.488874 695.600000 1.807078 0.470137
0.513957 0.488810 695.700000 1.845059 0.288060
0.514133 0.488741 695.800000 1.866143 0.133130
0.514309 0.488672 695.900000 1.866592 -0.123890
0.514480 0.488610 696.000000 1.843340 -0.339611
0.514636 0.488573 696.100000 1.792262 -0.679345
0.514775 0.488546 696.200000 1.719485 -0.771937
0.514893 0.488530 696.300000 1.637228 -0.868514
0.514991 0.488524 696.400000 1.546236 -0.946216
0.515064 0.488579 696.500000 1.432631 -1.320423
0.515110 0.488664 696.600000 1.292607 -1.472814
0.515132 0.488710 696.700000 1.155154 -1.268295
0.515134 0.488768 696.800000 1.024414 -1.339657
0.515116 0.488834 696.900000 0.888313 -1.375198
0.515082 0.488914 697.000000 0.746704 -1.449739
0.515034 0.489028 697.100000 0.593914 -1.598515
0.514974 0.489126 697.200000 0.436823 -1.535100
0.514905 0.489227 697.300000 0.282594 -1.541660
0.514833 0.489302 697.400000 0.133934 -1.423758
0.514759 0.489408 697.500000 -0.015941 -1.566627
0.514687 0.489501 697.600000 -0.170298 -1.512779
0.514622 0.489670 697.700000 -0.337476 -1.823398
0.514568 0.489901 697.800000 -0.531598 -2.050185
0.514533 0.490089 697.900000 -0.729570 -1.899375
0.514518 0.490227 698.000000 -0.910238 -1.704937
0.514527 0.490322 698.100000 -1.071843 -1.519177
0.514560 0.490402 698.200000 -1.220684 -1.450664
0.514615 0.490402 698.300000 -1.343080 -0.990672
0.514689 0.490384 698.400000 -1.435430 -0.852098
0.514779 0.490343 698.500000 -1.509883 -0.633450
0.514879 0.490280 698.600000 -1.558131 -0.329125
0.514987 0.490220 698.700000 -1.593022 -0.367862
0.515100 0.490150 698.800000 -1.614923 -0.069128
0.515216 0.490085 698.900000 -1.632025 -0.273397
0.515341 0.490024 699.000000 -1.662940 -0.344383
0.515469 0.489954 699.100000 -1.682924 -0.054402
0.515595 0.489890 699.200000 -1.670551 0.301299
0.515712 0.489836 699.300000 -1.631620 0.474986
0.515813 0.489817 699.400000 -1.565626 0.841730
0.515895 0.489810 699.500000 -1.476365 0.938542
0.515959 0.489794 699.600000 -1.385741 0.868545
0.516005 0.489789 699.700000 -1.294074 0.959800
0.516033 0.489793 699.800000 -1.194976 1.016766
0.516043 0.489837 699.900000 -1.080685 1.263432
0.516035 0.489852 700.000000 -0.962840 1.086661
0.516013 0.489886 700.100000 -0.847769 1.208890
0.515977 0.489919 700.200000 -0.727071 1.198665
0.515929 0.489985 700.300000 -0.597883 1.378814
0.515870 0.490074 700.400000 -0.453862 1.494481
0.515803 0.490192 700.500000 -0.297655 1.622036
0.515730 0.490282 700.600000 -0.141197 1.498946
0.515657 0.490340 700.700000 0.000948 1.336456
0.515584 0.490392 700.800000 0.133632 1.310605
0.515516 0.490467 700.900000 0.270614 1.422630
0.515455 0.490573 701.000000 0.420636 1.570899
0.515405 0.490671 701.100000 0.576407 1.536960
0.515371 0.490820 701.200000 0.741187 1.751340
0.515355 0.490891 701.300000 0.899388 1.404363
0.515359 0.490965 701.400000 1.040994 1.421268
0.515385 0.491035 701.500000 1.182500 1.402345
0.515434 0.491050 701.600000 1.307593 1.093145
0.515504 0.491077 701.700000 1.420858 1.167424
0.515598 0.491086 701.800000 1.532201 1.054362
0.515710 0.491040 701.900000 1.614108 0.579301
0.515833 0.490981 702.000000 1.662679 0.390074
0.515966 0.490920 702.100000 1.699924 0.353719
0.516105 0.490853 702.200000 1.727067 0.188249
0.516249 0.490787 702.300000 1.747976 0.229871
0.516396 0.490717 702.400000 1.763488 0.080108
0.516545 0.490647 702.500000 1.764940 -0.050577
0.516691 0.490578 702.600000 1.757390 -0.099291
0.516834 0.490510 702.700000 1.746480 -0.117520
0.516973 0.490444 702.800000 1.728014 -0.250347
0.517107 0.490376 702.900000 1.708051 -0.146807
0.517234 0.490321 703.000000 1.677708 -0.458481
0.517349 0.490269 703.100000 1.629513 -0.502300
0.517454 0.490212 703.200000 1.583806 -0.408528
0.517550 0.490149 703.300000 1.546910 -0.326560
0.517636 0.490112 703.400000 1.496699 -0.675272
0.517706 0.490090 703.500000 1.421923 -0.816164
0.517761 0.490057 703.600000 1.344859 -0.720353
0.517802 0.490035 703.700000 1.267708 -0.818435
0.517826 0.490045 703.800000 1.173652 -1.058001
0.517831 0.490096 703.900000 1.055245 -1.304327
0.517819 0.490143 704.000000 0.925533 -1.282916
0.517790 0.490212 704.100000 0.791214 -1.396654
0.517745 0.490317 704.200000 0.642583 -1.568657
0.517688 0.490465 704.300000 0.476219 -1.750547
0.517622 0.490546 704.400000 0.315587 -1.453182
0.517551 0.490579 704.500000 0.182349 -1.204209
0.517477 0.490574 704.600000 0.074027 -0.956171
0.517404 0.490561 704.700000 -0.018465 -0.888887
0.517331 0.490514 704.800000 -0.091329 -0.563994
0.517259 0.490447 704.900000 -0.130618 -0.219019
0.517187 0.490378 705.000000 -0.144442 -0.056431
0.517115 0.490309 705.100000 -0.145600 0.033480
0.517043 0.490240 705.200000 -0.139424 0.089798
0.516971 0.490177 705.300000 -0.119425 0.309686
0.516898 0.490117 705.400000 -0.085752 0.362185
0.516825 0.490051 705.500000 -0.056720 0.216611
0.516752 0.489984 705.600000 -0.035293 0.210826
0.516679 0.489920 705.700000 -0.011228 0.269407
0.516606 0.489856 705.800000 0.015928 0.272370
0.516533 0.489799 705.900000 0.050836 0.424459
0.516460 0.489743 706.000000 0.093787 0.432486
0.516389 0.489696 706.100000 0.143687 0.563425
0.516319 0.489661 706.200000 0.206783 0.695792
0.516251 0.489622 706.300000 0.274345 0.652118
0.516186 0.489579 706.400000 0.337839 0.614664
0.516124 0.489523 706.500000 0.390432 0.434314
0.516063 0.489462 706.600000 0.428742 0.329935
0.516005 0.489394 706.700000 0.450787 0.109525
0.515947 0.489324 706.800000 0.457934 0.033102
0.515888 0.489255 706.900000 0.456778 -0.056153
0.515829 0.489199 707.000000 0.432796 -0.423006
0.515767 0.489135 707.100000 0.397989 -0.270817
0.515704 0.489067 707.200000 0.376386 -0.159693
0.515640 0.489001 707.300000 0.358278 -0.201491
0.515575 0.488938 707.400000 0.333674 -0.289417
0.515509 0.488884 707.500000 0.295692 -0.468629
0.515440 0.488832 707.600000 0.247511 -0.492521
0.515370 0.488792 707.700000 0.190801 -0.639127
0.515298 0.488742 707.800000 0.133108 -0.511459
0.515226 0.488690 707.900000 0.082920 -0.489702
0.515153 0.488630 708.000000 0.040289 -0.360452
0.515081 0.488563 708.100000 0.013414 -0.175222
0.515008 0.488494 708.200000 0.004049 -0.011200
0.514935 0.488425 708.300000 0.000687 -0.055996
0.514862 0.488358 708.400000 -0.009412 -0.145694
0.514790 0.488291 708.500000 -0.026082 -0.186990
0.514717 0.488225 708.600000 -0.045388 -0.198233
0.514645 0.488161 708.700000 -0.068323 -0.259507
0.514573 0.488123 708.800000 -0.114618 -0.665153
0.514503 0.488090 708.900000 -0.183511 -0.709490
0.514435 0.488061 709.000000 -0.256459 -0.746044
0.514370 0.488013 709.100000 -0.321416 -0.549521
0.514307 0.487958 709.200000 -0.370935 -0.438308
0.514246 0.487893 709.300000 -0.405161 -0.244222
0.514186 0.487824 709.400000 -0.416529 0.017883
0.514126 0.487757 709.500000 -0.422208 -0.131757
0.514066 0.487688 709.600000 -0.425297 0.070424
0.514006 0.487623 709.700000 -0.410728 0.220401
0.513944 0.487557 709.800000 -0.389390 0.205054
0.513881 0.487492 709.900000 -0.368176 0.218019
0.513817 0.487428 710.000000 -0.344776 0.248707
0.513752 0.487368 710.100000 -0.314726 0.350891
0.513685 0.487326 710.200000 -0.266449 0.612764
0.513615 0.487289 710.300000 -0.202027 0.672531
0.513544 0.487251 710.400000 -0.135048 0.663610
0.513472 0.487203 710.500000 -0.074880 0.536381
0.513400 0.487151 710.600000 -0.023493 0.488678
0.513328 0.487085 710.700000 0.010550 0.189737
0.513256 0.487023 710.800000 0.035058 0.299489
0.513184 0.486955 710.900000 0.051889 0.035659
0.513112 0.486886 711.000000 0.056152 0.049447
0.513040 0.486818 711.100000 0.060473 0.036756
0.512968 0.486750 711.200000 0.060454 -0.037304
0.512896 0.486682 711.300000 0.062663 0.081706
0.512824 0.486613 711.400000 0.068359 0.031843
0.512753 0.486546 711.500000 0.065050 -0.098145
0.512681 0.486480 711.600000 0.050502 -0.192310
0.512609 0.486418 711.700000 0.025631 -0.304135
0.512537 0.486353 711.800000 0.000236 -0.202245
0.512465 0.486284 711.900000 -0.011346 -0.028379
0.512393 0.486216 712.000000 -0.010659 0.042258
0.512321 0.486148 712.100000 -0.004233 0.086054
0.512249 0.486085 712.200000 0.013589 0.269969
0.512177 0.486025 712.300000 0.043853 0.333980
0.512106 0.485958 712.400000 0.066368 0.114676
0.512034 0.485902 712.500000 0.093715 0.431738
0.511964 0.485858 712.600000 0.144562 0.583121
0.511895 0.485828 712.700000 0.210581 0.734470
0.511830 0.485826 712.800000 0.296178 0.973940
0.511769 0.485830 712.900000 0.395705 1.011940
0.511715 0.485844 713.000000 0.500667 1.082488
0.511669 0.485848 713.100000 0.605917 1.017399
0.511632 0.485841 713.200000 0.703651 0.932563
0.511604 0.485813 713.300000 0.788352 0.757179
0.511584 0.485790 713.400000 0.866447 0.801384
0.511575 0.485754 713.500000 0.940251 0.671160
0.511574 0.485720 713.600000 1.008770 0.696360
0.511585 0.485702 713.700000 1.086365 0.852623
0.511610 0.485688 713.800000 1.172981 0.876017
0.511649 0.485669 713.900000 1.258825 0.837133
0.511702 0.485626 714.000000 1.330353 0.589897
0.511762 0.485562 714.100000 1.372881 0.258401
0.511826 0.485496 714.200000 1.393338 0.150145
0.511895 0.485433 714.300000 1.414296 0.268983
0.511969 0.485372 714.400000 1.443137 0.307229
0.512046 0.485304 714.500000 1.457188 -0.027021
0.512120 0.485240 714.600000 1.443095 -0.253979
0.512185 0.485196 714.700000 1.401539 -0.575171
0.512238 0.485168 714.800000 1.334765 -0.756765
0.512276 0.485154 714.900000 1.252650 -0.881126
0.512299 0.485153 715.000000 1.159543 -0.976033
0.512305 0.485167 715.100000 1.056284 -1.083725
0.512297 0.485175 715.200000 0.949883 -1.038407
0.512273 0.485228 715.300000 0.831900 -1.315642
0.512236 0.485274 715.400000 0.701853 -1.278356
0.512187 0.485342 715.500000 0.568101 -1.390015
0.512128 0.485466 715.600000 0.415228 -1.660289
0.512060 0.485609 715.700000 0.245070 -1.734453
0.511989 0.485711 715.800000 0.079848 -1.561262
0.511918 0.485865 715.900000 -0.087677 -1.781488
0.511852 0.486037 716.000000 -0.269811 -1.852425
0.511794 0.486182 716.100000 -0.450182 -1.745956
0.511750 0.486305 716.200000 -0.620640 -1.654787
0.511721 0.486410 716.300000 -0.782462 -1.573767
0.511710 0.486471 716.400000 -0.929421 -1.358014
0.511716 0.486485 716.500000 -1.051913 -1.085564
0.511737 0.486467 716.600000 -1.148775 -0.846810
0.511770 0.486434 716.700000 -1.226755 -0.709186
0.511814 0.486381 716.800000 -1.284933 -0.451462
0.511866 0.486331 716.900000 -1.332847 -0.505239
0.511928 0.486275 717.000000 -1.378842 -0.412826
0.511993 0.486207 717.100000 -1.399235 0.006339
0.512056 0.486143 717.200000 -1.387718 0.223278
0.512115 0.486076 717.300000 -1.371033 0.108601
0.512171 0.486014 717.400000 -1.351286 0.285116
0.512219 0.485971 717.500000 -1.306661 0.605306
0.512257 0.485914 717.600000 -1.256867 0.386907
0.512289 0.485859 717.700000 -1.215943 0.429020
0.512313 0.485809 717.800000 -1.169596 0.495186
0.512328 0.485767 717.900000 -1.113898 0.615735
0.512334 0.485725 718.000000 -1.052741 0.603813
0.512329 0.485706 718.100000 -0.980526 0.836978
0.512314 0.485691 718.200000 -0.894908 0.870746
0.512287 0.485709 718.300000 -0.795809 1.106470
0.512248 0.485731 718.400000 -0.683518 1.133470
0.512199 0.485756 718.500000 -0.568747 1.156000
0.512142 0.485766 718.600000 -0.457974 1.053462
0.512080 0.485755 718.700000 -0.360005 0.900451
0.512014 0.485739 718.800000 -0.271696 0.861097
0.511945 0.485724 718.900000 -0.184851 0.871406
0.511875 0.485706 719.000000 -0.098598 0.849245
0.511803 0.485709 719.100000 -0.005769 1.003080
0.511733 0.485716 719.200000 0.096335 1.034045
0.511664 0.485711 719.300000 0.195885 0.951884
0.511599 0.485673 719.400000 0.275944 0.644667
0.511536 0.485638 719.500000 0.342660 0.686595
0.511476 0.485595 719.600000 0.406856 0.594094
0.511420 0.485545 719.700000 0.461715 0.500360
0.511367 0.485491 719.800000 0.508737 0.437815
0.511317 0.485435 719.900000 0.551271 0.410965
0.511270 0.485380 720.000000 0.593324 0.428334
0.511228 0.485334 720.100000 0.642344 0.550260
0.511189 0.485272 720.200000 0.683894 0.278313
0.511153 0.485206 720.300000 0.704251 0.127801
0.511117 0.485138 720.400000 0.711627 0.019438
0.511081 0.485072 720.500000 0.706847 -0.114796
0.511042 0.485015 720.600000 0.682021 -0.380796
0.510999 0.484977 720.700000 0.630462 -0.648166
0.510951 0.484932 720.800000 0.569566 -0.566223
0.510898 0.484876 720.900000 0.520689 -0.408222
0.510844 0.484820 721.000000 0.479934 -0.404609
0.510787 0.484758 721.100000 0.446379 -0.264231
0.510728 0.484700 721.200000 0.413945 -0.382927
0.510667 0.484639 721.300000 0.380953 -0.274797
0.510605 0.484578 721.400000 0.351789 -0.306941
0.510541 0.484532 721.500000 0.308934 -0.548475
0.510474 0.484495 721.600000 0.248255 -0.662236
0.510406 0.484461 721.700000 0.180257 -0.694324
0.510336 0.484447 721.800000 0.101674 -0.873803
0.510265 0.484415 721.900000 0.022321 -0.708879
0.510194 0.484390 722.000000 -0.052485 -0.783732
0.510125 0.484355 722.100000 -0.125903 -0.680759
0.510057 0.484328 722.200000 -0.197920 -0.756276
0.509992 0.484305 722.300000 -0.276167 -0.805022
0.509929 0.484258 722.400000 -0.343493 -0.537641
0.509870 0.484227 722.500000 -0.406627 -0.722562
0.509816 0.484205 722.600000 -0.483129 -0.804111
0.509767 0.484173 722.700000 -0.559009 -0.709759
0.509723 0.484132 722.800000 -0.625525 -0.617314
0.509686 0.484092 722.900000 -0.687341 -0.616270
0.509652 0.484029 723.000000 -0.730695 -0.248096
0.509622 0.483982 723.100000 -0.769759 -0.532346
0.509599 0.483941 723.200000 -0.827468 -0.619581
0.509583 0.483895 723.300000 -0.885611 -0.540621
0.509574 0.483851 723.400000 -0.941768 -0.580302
0.509571 0.483791 723.500000 -0.986233 -0.306589
0.509570 0.483724 723.600000 -1.005880 -0.085327
0.509569 0.483662 723.700000 -0.997400 0.254873
0.509565 0.483596 723.800000 -0.980638 0.078583
0.509559 0.483530 723.900000 -0.970765 0.118002
0.509551 0.483471 724.000000 -0.947430 0.347630
0.509538 0.483411 724.100000 -0.914403 0.310711
0.509521 0.483361 724.200000 -0.874417 0.487013
0.509497 0.483312 724.300000 -0.824523 0.508011
0.509468 0.483270 724.400000 -0.769316 0.593204
0.509432 0.483230 724.500000 -0.707831 0.633176
0.509390 0.483191 724.600000 -0.644773 0.624490
0.509345 0.483132 724.700000 -0.596597 0.335600
0.509295 0.483093 724.800000 -0.547778 0.638829
0.509240 0.483094 724.900000 -0.466338 0.986557
0.509179 0.483077 725.000000 -0.374203 0.851011
0.509114 0.483097 725.100000 -0.275538 1.117917
0.509046 0.483079 725.200000 -0.177062 0.845911
0.508977 0.483062 725.300000 -0.092332 0.844421
0.508907 0.483041 725.400000 -0.009217 0.813645
0.508837 0.483029 725.500000 0.075976 0.886180
0.508769 0.483020 725.600000 0.166398 0.917912
0.508704 0.483039 725.700000 0.268347 1.116619
0.508643 0.483035 725.800000 0.371854 0.948122
0.508588 0.483048 725.900000 0.473254 1.075379
0.508542 0.483064 726.000000 0.582102 1.096512
0.508504 0.483053 726.100000 0.682105 0.898396
0.508472 0.483002 726.200000 0.750561 0.466604
0.508446 0.482946 726.300000 0.793424 0.388731
0.508423 0.482884 726.400000 0.825626 0.253764
0.508404 0.482832 726.500000 0.861358 0.460048
0.508391 0.482783 726.600000 0.909859 0.508141
0.508385 0.482742 726.700000 0.965533 0.603282
0.508386 0.482691 726.800000 1.019454 0.472644
0.508393 0.482627 726.900000 1.053814 0.212703
0.508400 0.482562 727.000000 1.057604 -0.137442
0.508404 0.482499 727.100000 1.039463 -0.224155
0.508403 0.482460 727.200000 0.996847 -0.626563
0.508393 0.482423 727.300000 0.932464 -0.657482
0.508373 0.482414 727.400000 0.854023 -0.907637
0.508344 0.482386 727.500000 0.770679 -0.754307
0.508307 0.482368 727.600000 0.690978 -0.835598
0.508262 0.482356 727.700000 0.604638 -0.886704
0.508212 0.482310 727.800000 0.532646 -0.548430
0.508157 0.482277 727.900000 0.470399 -0.693533
0.508098 0.482255 728.000000 0.395543 -0.799932
0.508035 0.482246 728.100000 0.309471 -0.917345
0.507968 0.482233 728.200000 0.219400 -0.879382
0.507900 0.482219 728.300000 0.131829 -0.867565
0.507830 0.482230 728.400000 0.035186 -1.060954
0.507761 0.482237 728.500000 -0.069802 -1.033534
0.507693 0.482230 728.600000 -0.168324 -0.931823
0.507629 0.482255 728.700000 -0.272734 -1.151858
0.507569 0.482282 728.800000 -0.388933 -1.166567
0.507518 0.482326 728.900000 -0.510777 -1.264738
0.507476 0.482361 729.000000 -0.634989 -1.213488
0.507444 0.482371 729.100000 -0.748881 -1.058662
0.507424 0.482369 729.200000 -0.850314 -0.965134
0.507415 0.482349 729.300000 -0.939835 -0.820926
0.507416 0.482313 729.400000 -1.014367 -0.666130
0.507427 0.482275 729.500000 -1.079545 -0.634637
0.507446 0.482225 729.600000 -1.135899 -0.489834
0.507471 0.482170 729.700000 -1.180254 -0.395408
0.507500 0.482104 729.800000 -1.198141 0.039037
0.507527 0.482043 729.900000 -1.182417 0.274662
0.507547 0.481991 730.000000 -1.146139 0.448954
0.507559 0.481958 730.100000 -1.088987 0.691288
0.507559 0.481942 730.200000 -1.011293 0.858641
0.507548 0.481923 730.300000 -0.926860 0.825246
0.507527 0.481912 730.400000 -0.840361 0.900199
0.507497 0.481894 730.500000 -0.753414 0.833855
0.507458 0.481887 730.600000 -0.664861 0.932692
0.507409 0.481918 730.700000 -0.558563 1.188341
0.507354 0.481930 730.800000 -0.445311 1.070523
0.507291 0.481983 730.900000 -0.325680 1.316581
0.507224 0.482051 731.000000 -0.189487 1.400612
0.507155 0.482080 731.100000 -0.060385 1.174382
0.507086 0.482106 731.200000 0.056682 1.161115
0.507019 0.482111 731.300000 0.166112 1.021760
0.506954 0.482106 731.400000 0.264371 0.938438
0.506894 0.482088 731.500000 0.353516 0.839953
0.506838 0.482088 731.600000 0.444811 0.981975
0.506789 0.482090 731.700000 0.543899 0.995154
0.506748 0.482089 731.800000 0.642667 0.975562
0.506715 0.482072 731.900000 0.733851 0.843607
0.506691 0.482033 732.000000 0.807589 0.627325
0.506672 0.481982 732.100000 0.862683 0.471845
0.506659 0.481926 732.200000 0.905041 0.373411
0.506651 0.481876 732.300000 0.948254 0.489481
0.506650 0.481824 732.400000 0.994951 0.442503
0.506653 0.481763 732.500000 1.030752 0.271815
0.506659 0.481699 732.600000 1.052361 0.159542
0.506668 0.481636 732.700000 1.069811 0.189196
0.506679 0.481571 732.800000 1.082492 0.064030
0.506690 0.481505 732.900000 1.081253 -0.088593
0.506699 0.481441 733.000000 1.069915 -0.137182
0.506705 0.481380 733.100000 1.049954 -0.260819
0.506706 0.481323 733.200000 1.019009 -0.356272
0.506703 0.481271 733.300000 0.978603 -0.449580
0.506694 0.481211 733.400000 0.942096 -0.277817
0.506681 0.481159 733.500000 0.905625 -0.449763
0.506662 0.481106 733.600000 0.861145 -0.437167
0.506638 0.481060 733.700000 0.812534 -0.532444
0.506609 0.481008 733.800000 0.763632 -0.442553
0.506575 0.480954 733.900000 0.720444 -0.418623
0.506538 0.480895 734.000000 0.684197 -0.303887
0.506498 0.480841 734.100000 0.648455 -0.409113
0.506454 0.480784 734.200000 0.609969 -0.358241
0.506408 0.480729 734.300000 0.572970 -0.379661
0.506357 0.480687 734.400000 0.524498 -0.587618
0.506303 0.480664 734.500000 0.455539 -0.788404
0.506243 0.480643 734.600000 0.375508 -0.808075
0.506180 0.480647 734.700000 0.284204 -1.013832
0.506113 0.480642 734.800000 0.186202 -0.941051
0.506045 0.480688 734.900000 0.074847 -1.281306
0.505976 0.480733 735.000000 -0.053169 -1.272641
0.505910 0.480781 735.100000 -0.181603 -1.289764
0.505847 0.480825 735.200000 -0.309886 -1.269610
0.505792 0.480881 735.300000 -0.440632 -1.339176
0.505745 0.480914 735.400000 -0.568026 -1.202293
0.505707 0.480915 735.500000 -0.677745 -0.986415
0.505677 0.480871 735.600000 -0.755435 -0.562823
0.505654 0.480835 735.700000 -0.816455 -0.655179
0.505637 0.480783 735.800000 -0.871634 -0.445562
0.505625 0.480727 735.900000 -0.912543 -0.370842
0.505617 0.480667 736.000000 -0.944963 -0.276180
0.505612 0.480604 736.100000 -0.966644 -0.156547
0.505609 0.480541 736.200000 -0.984762 -0.205534
0.505609 0.480482 736.300000 -1.010458 -0.307865
0.505613 0.480419 736.400000 -1.033985 -0.161656
0.505618 0.480354 736.500000 -1.039283 0.055975
0.505621 0.480292 736.600000 -1.025388 0.221128
0.505618 0.480248 736.700000 -0.986540 0.554237
0.505607 0.480215 736.800000 -0.924193 0.689467
0.505591 0.480157 736.900000 -0.872734 0.335836
0.505570 0.480101 737.000000 -0.838116 0.354418
0.505544 0.480053 737.100000 -0.795069 0.504349
0.505513 0.480000 737.200000 -0.748093 0.432274
0.505478 0.479951 737.300000 -0.702236 0.482351
0.505439 0.479895 737.400000 -0.659346 0.372706
0.505397 0.479842 737.500000 -0.619982 0.412385
0.505350 0.479814 737.600000 -0.562242 0.740075
0.505297 0.479795 737.700000 -0.483612 0.828595
0.505239 0.479783 737.800000 -0.397720 0.884890
0.505177 0.479759 737.900000 -0.314669 0.771556
0.505113 0.479748 738.000000 -0.230988 0.898091
0.505046 0.479709 738.100000 -0.155132 0.614450
0.504978 0.479663 738.200000 -0.098008 0.524902
0.504910 0.479616 738.300000 -0.045310 0.526423
0.504841 0.479572 738.400000 0.008828 0.553706
0.504773 0.479521 738.500000 0.059349 0.453958
0.504706 0.479470 738.600000 0.104324 0.443326
0.504639 0.479413 738.700000 0.143817 0.344406
0.504573 0.479352 738.800000 0.173454 0.246690
0.504507 0.479293 738.900000 0.200115 0.285396
0.504442 0.479236 739.000000 0.231958 0.350155
0.504379 0.479179 739.100000 0.266604 0.341142
0.504317 0.479118 739.200000 0.294631 0.217858
0.504255 0.479053 739.300000 0.305931 0.007194
0.504193 0.478988 739.400000 0.305875 -0.008202
0.504131 0.478924 739.500000 0.309380 0.078514
0.504070 0.478862 739.600000 0.323390 0.201460
0.504010 0.478799 739.700000 0.342098 0.171847
0.503950 0.478735 739.800000 0.356739 0.120294
0.503892 0.478675 739.900000 0.376293 0.270392
0.503835 0.478615 740.000000 0.401889 0.240371
0.503778 0.478551 740.100000 0.420524 0.131335
0.503723 0.478488 740.200000 0.434860 0.154949
0.503669 0.478428 740.300000 0.455193 0.251172
0.503616 0.478364 740.400000 0.473722 0.118387
0.503564 0.478300 740.500000 0.482216 0.051147
0.503512 0.478235 740.600000 0.484158 -0.012314
0.503459 0.478172 740.700000 0.475624 -0.158069
0.503405 0.478110 740.800000 0.458381 -0.185787
0.503351 0.478047 740.900000 0.442664 -0.127394
0.503295 0.477988 741.000000 0.420909 -0.306852
0.503237 0.477928 741.100000 0.392784 -0.253926
0.503178 0.477873 741.200000 0.361060 -0.379105
0.503117 0.477815 741.300000 0.326608 -0.307862
0.503055 0.477757 741.400000 0.295673 -0.309150
0.502992 0.477701 741.500000 0.263106 -0.340526
0.502928 0.477649 741.600000 0.224731 -0.425155
0.502862 0.477599 741.700000 0.180325 -0.460739
0.502796 0.477542 741.800000 0.139712 -0.349158
0.502729 0.477493 741.900000 0.098447 -0.474345
0.502661 0.477441 742.000000 0.053680 -0.418584
0.502593 0.477380 742.100000 0.021523 -0.222459
0.502526 0.477320 742.200000 -0.003266 -0.272213
0.502458 0.477261 742.300000 -0.030113 -0.263370
0.502391 0.477211 742.400000 -0.066307 -0.459243
0.502324 0.477168 742.500000 -0.117931 -0.570990
0.502258 0.477122 742.600000 -0.172606 -0.519739
0.502194 0.477067 742.700000 -0.216721 -0.360067
0.502131 0.477011 742.800000 -0.252446 -0.352765
0.502069 0.476953 742.900000 -0.285143 -0.299561
0.502007 0.476890 743.000000 -0.307239 -0.141017
0.501947 0.476826 743.100000 -0.317859 -0.070825
0.501886 0.476762 743.200000 -0.318904 0.050122
0.501825 0.476698 743.300000 -0.319494 -0.062345
0.501765 0.476636 743.400000 -0.330282 -0.153276
0.501706 0.476576 743.500000 -0.350261 -0.245714
0.501647 0.476512 743.600000 -0.367911 -0.106241
0.501590 0.476454 743.700000 -0.388480 -0.304803
0.501535 0.476402 743.800000 -0.424652 -0.417329
0.501481 0.476339 743.900000 -0.449644 -0.080644
0.501428 0.476276 744.000000 -0.460867 -0.143647
0.501375 0.476214 744.100000 -0.460397 0.153538
0.501321 0.476151 744.200000 -0.445321 0.146988
0.501265 0.476094 744.300000 -0.422034 0.317821
0.501208 0.476051 744.400000 -0.378104 0.558990
0.501147 0.476002 744.500000 -0.326455 0.471031
0.501086 0.475943 744.600000 -0.288636 0.282844
0.501023 0.475886 744.700000 -0.258363 0.321081
0.500959 0.475827 744.800000 -0.228677 0.270903
0.500895 0.475766 744.900000 -0.205512 0.190939
0.500830 0.475703 745.000000 -0.191647 0.085308
0.500765 0.475644 745.100000 -0.173128 0.284567
0.500699 0.475581 745.200000 -0.152407 0.128357
0.500633 0.475518 745.300000 -0.142620 0.066669
0.500567 0.475456 745.400000 -0.131588 0.153572
0.500501 0.475402 745.500000 -0.104624 0.384881
0.500434 0.475348 745.600000 -0.066195 0.381749
0.500367 0.475291 745.700000 -0.030625 0.327727
0.500300 0.475231 745.800000 -0.002259 0.237957
0.500233 0.475170 745.900000 0.019359 0.193207
0.500166 0.475109 746.000000 0.037936 0.177389
0.500099 0.475047 746.100000 0.055956 0.182152
0.500033 0.474984 746.200000 0.068186 0.061575
0.499966 0.474920 746.300000 0.072747 0.029361
0.499899 0.474859 746.400000 0.064507 -0.194264
0.499832 0.474802 746.500000 0.039804 -0.298810
0.499765 0.474739 746.600000 0.017133 -0.153112
0.499699 0.474676 746.700000 0.007397 -0.040842
0.499632 0.474613 746.800000 0.011499 0.123100
0.499565 0.474551 746.900000 0.024280 0.131921
0.499498 0.474489 747.000000 0.037577 0.133387
0.499431 0.474428 747.100000 0.054339 0.201199
0.499365 0.474365 747.200000 0.067496 0.060980
0.499299 0.474307 747.300000 0.085207 0.292981
0.499233 0.474254 747.400000 0.119216 0.385803
0.499168 0.474206 747.500000 0.163086 0.489754
0.499104 0.474160 747.600000 0.213218 0.510534
0.499042 0.474120 747.700000 0.268043 0.583550
0.498982 0.474072 747.800000 0.321552 0.483881
0.498925 0.474021 747.900000 0.367406 0.430955
0.498868 0.473959 748.000000 0.397289 0.164746
0.498813 0.473898 748.100000 0.413341 0.155677
0.498759 0.473838 748.200000 0.432626 0.229464
0.498706 0.473774 748.300000 0.445150 0.020086
0.498652 0.473711 748.400000 0.447623 0.029513
0.498598 0.473654 748.500000 0.433449 -0.312945
0.498543 0.473597 748.600000 0.403027 -0.293720
0.498485 0.473544 748.700000 0.368458 -0.396012
0.498426 0.473488 748.800000 0.332148 -0.328030
0.498365 0.473441 748.900000 0.291193 -0.489281
0.498302 0.473401 749.000000 0.237230 -0.587418
0.498238 0.473362 749.100000 0.177452 -0.605118
0.498172 0.473330 749.200000 0.112971 -0.681428
0.498106 0.473312 749.300000 0.037717 -0.820217
0.498039 0.473284 749.400000 -0.040138 -0.732800
0.497974 0.473255 749.500000 -0.112540 -0.711645
0.497910 0.473223 749.600000 -0.182723 -0.688548
0.497848 0.473208 749.700000 -0.259648 -0.846647
0.497789 0.473173 749.800000 -0.334607 -0.648456
0.497733 0.473135 749.900000 -0.397672 -0.609794
0.497680 0.473092 750.000000 -0.456279 -0.559543
0.497632 0.473061 750.100000 -0.518913 -0.690606
0.497588 0.473017 750.200000 -0.580410 -0.536170
0.497549 0.472981 750.300000 -0.639210 -0.637463
0.497516 0.472957 750.400000 -0.709460 -0.764708
0.497490 0.472909 750.500000 -0.771631 -0.475271
0.497467 0.472850 750.600000 -0.807360 -0.237340
0.497446 0.472788 750.700000 -0.824640 -0.107491
0.497426 0.472725 750.800000 -0.834354 -0.086674
0.497406 0.472664 750.900000 -0.830953 0.154712
0.497383 0.472606 751.000000 -0.809929 0.264596
0.497358 0.472546 751.100000 -0.786197 0.208320
0.497331 0.472484 751.200000 -0.769769 0.118810
0.497303 0.472423 751.300000 -0.754743 0.180740
0.497273 0.472362 751.400000 -0.738575 0.141342
0.497241 0.472305 751.500000 -0.715891 0.311276
0.497206 0.472251 751.600000 -0.682064 0.363352
0.497168 0.472191 751.700000 -0.653122 0.213334
0.497128 0.472136 751.800000 -0.625999 0.327753
0.497084 0.472098 751.900000 -0.578901 0.612284
0.497036 0.472061 752.000000 -0.517105 0.620308
0.496984 0.472017 752.100000 -0.459198 0.534499
0.496928 0.472005 752.200000 -0.388556 0.875477
0.496868 0.472005 752.300000 -0.295857 0.973983
0.496804 0.472002 752.400000 -0.199484 0.948511
0.496739 0.472008 752.500000 -0.101025 1.015867
0.496673 0.472024 752.600000 0.004517 1.089904
0.496608 0.472037 752.700000 0.112505 1.064469
0.496545 0.472048 752.800000 0.218745 1.055113
0.496486 0.472084 752.900000 0.332609 1.217072
0.496434 0.472099 753.000000 0.447879 1.082455
0.496389 0.472150 753.100000 0.567822 1.311295
0.496354 0.472153 753.200000 0.683102 0.988084
0.496329 0.472145 753.300000 0.778331 0.911939
0.496312 0.472119 753.400000 0.861149 0.740296
0.496303 0.472079 753.500000 0.927563 0.584742
0.496301 0.472028 753.600000 0.978063 0.422837
0.496305 0.471983 753.700000 1.024839 0.511071
0.496314 0.471925 753.800000 1.064082 0.271765
0.496325 0.471862 753.900000 1.078544 0.016670
0.496336 0.471801 754.000000 1.072516 -0.136791
0.496341 0.471757 754.100000 1.039193 -0.528467
0.496339 0.471729 754.200000 0.976806 -0.716132
0.496329 0.471676 754.300000 0.921563 -0.384680
0.496315 0.471624 754.400000 0.882408 -0.396057
0.496298 0.471562 754.500000 0.858538 -0.078909
0.496280 0.471502 754.600000 0.844845 -0.194129
0.496257 0.471457 754.700000 0.808883 -0.523757
0.496230 0.471406 754.800000 0.761879 -0.413307
0.496199 0.471353 754.900000 0.722874 -0.364354
0.496164 0.471300 755.000000 0.685532 -0.380316
0.496126 0.471254 755.100000 0.641051 -0.507090
0.496084 0.471205 755.200000 0.593237 -0.446360
0.496038 0.471156 755.300000 0.548365 -0.448561
0.495989 0.471104 755.400000 0.505741 -0.401422
0.495937 0.471067 755.500000 0.454559 -0.619997
0.495882 0.471032 755.600000 0.391434 -0.639190
0.495823 0.470999 755.700000 0.326321 -0.659716
0.495762 0.470971 755.800000 0.256766 -0.727952
0.495699 0.470939 755.900000 0.186470 -0.674237
0.495634 0.470907 756.000000 0.118706 -0.677623
0.495569 0.470873 756.100000 0.052247 -0.648125
0.495503 0.470838 756.200000 -0.012319 -0.639975
0.495438 0.470803 756.300000 -0.076657 -0.643626
0.495374 0.470764 756.400000 -0.138573 -0.591531
0.495311 0.470726 756.500000 -0.199119 -0.616548
0.495250 0.470689 756.600000 -0.260980 -0.617705
0.495191 0.470634 756.700000 -0.307365 -0.307059
0.495133 0.470581 756.800000 -0.341495 -0.374180
0.495077 0.470530 756.900000 -0.381459 -0.423427
0.495024 0.470485 757.000000 -0.428189 -0.509277
0.494973 0.470424 757.100000 -0.460937 -0.143364
0.494922 0.470364 757.200000 -0.476587 -0.169142
0.494873 0.470303 757.300000 -0.490599 -0.110510
0.494824 0.470243 757.400000 -0.505524 -0.187690
0.494777 0.470182 757.500000 -0.520769 -0.116536
0.494730 0.470120 757.600000 -0.527786 -0.023490
0.494684 0.470061 757.700000 -0.538849 -0.197926
0.494639 0.470003 757.800000 -0.561099 -0.246366
0.494597 0.469951 757.900000 -0.593029 -0.391305
0.494558 0.469893 758.000000 -0.624872 -0.243916
0.494520 0.469833 758.100000 -0.647568 -0.209116
0.494484 0.469774 758.200000 -0.667212 -0.183048
0.494449 0.469712 758.300000 -0.671620 0.095472
0.494412 0.469652 758.400000 -0.658114 0.173835
0.494375 0.469591 758.500000 -0.647633 0.034594
0.494337 0.469529 758.600000 -0.642818 0.061199
0.494297 0.469473 758.700000 -0.625288 0.288801
0.494255 0.469418 758.800000 -0.594576 0.323682
0.494211 0.469362 758.900000 -0.563441 0.297118
0.494165 0.469303 759.000000 -0.536686 0.236220
0.494117 0.469256 759.100000 -0.501036 0.475355
0.494064 0.469238 759.200000 -0.436589 0.811007
0.494008 0.469211 759.300000 -0.359680 0.722922
0.493948 0.469179 759.400000 -0.289304 0.680833
0.493886 0.469142 759.500000 -0.224488 0.611984
0.493823 0.469116 759.600000 -0.156994 0.734760
0.493758 0.469107 759.700000 -0.075446 0.892476
0.493693 0.469112 759.800000 0.019954 1.011091
0.493629 0.469106 759.900000 0.116601 0.916848
0.493567 0.469090 760.000000 0.204637 0.839386
0.493507 0.469059 760.100000 0.280479 0.673390
0.493450 0.469005 760.200000 0.332224 0.358312
0.493393 0.468947 760.300000 0.362182 0.239223
0.493338 0.468888 760.400000 0.384047 0.197088
0.493284 0.468827 760.500000 0.393389 -0.011057
0.493229 0.468765 760.600000 0.392695 -0.002565
0.493174 0.468706 760.700000 0.383179 -0.187541
0.493117 0.468651 760.800000 0.357684 -0.321241
0.493059 0.468601 760.900000 0.320432 -0.422050
0.492999 0.468560 761.000000 0.271301 -0.558318
0.492937 0.468525 761.100000 0.211232 -0.640159
0.492874 0.468507 761.200000 0.138409 -0.813047
0.492809 0.468504 761.300000 0.050219 -0.946670
0.492745 0.468497 761.400000 -0.042670 -0.906393
0.492681 0.468475 761.500000 -0.127097 -0.777680
0.492619 0.468437 761.600000 -0.195764 -0.591858
0.492558 0.468392 761.700000 -0.250608 -0.502180
0.492499 0.468332 761.800000 -0.283335 -0.149986
0.492440 0.468273 761.900000 -0.301309 -0.208898
0.492382 0.468213 762.000000 -0.319923 -0.162495
0.492326 0.468157 762.100000 -0.341709 -0.272599
0.492270 0.468105 762.200000 -0.374390 -0.379842
0.492217 0.468063 762.300000 -0.421081 -0.552303
0.492167 0.468013 762.400000 -0.468939 -0.402315
0.492119 0.467953 762.500000 -0.497247 -0.162091
0.492071 0.467893 762.600000 -0.512059 -0.133583
0.492025 0.467832 762.700000 -0.521365 -0.052141
0.491978 0.467771 762.800000 -0.521373 0.051987
0.491930 0.467713 762.900000 -0.506310 0.248755
0.491881 0.467654 763.000000 -0.484389 0.188182
0.491831 0.467595 763.100000 -0.465843 0.181550
0.491779 0.467540 763.200000 -0.440897 0.316241
0.491726 0.467487 763.300000 -0.407906 0.341805
0.491670 0.467437 763.400000 -0.369961 0.415188
0.491613 0.467384 763.500000 -0.331000 0.361790
0.491554 0.467336 763.600000 -0.290865 0.438961
0.491494 0.467281 763.700000 -0.252543 0.325151
0.491433 0.467228 763.800000 -0.218766 0.348654
0.491371 0.467180 763.900000 -0.179233 0.440182
0.491308 0.467126 764.000000 -0.139979 0.342626
0.491244 0.467079 764.100000 -0.100157 0.452052
0.491180 0.467029 764.200000 -0.056530 0.418188
0.491116 0.466975 764.300000 -0.018725 0.335813
0.491052 0.466933 764.400000 0.024750 0.532025
0.490988 0.466891 764.500000 0.078559 0.541538
0.490925 0.466869 764.600000 0.144529 0.775241
0.490864 0.466834 764.700000 0.215046 0.631311
0.490804 0.466789 764.800000 0.271949 0.503730
0.490747 0.466755 764.900000 0.329252 0.639986
0.490693 0.466721 765.000000 0.393595 0.643882
0.490643 0.466696 765.100000 0.462940 0.740031
0.490598 0.466669 765.200000 0.536338 0.724491
0.490558 0.466636 765.300000 0.605199 0.649418
0.490522 0.466590 765.400000 0.661517 0.474021
0.490491 0.466541 765.500000 0.706546 0.424555
0.490462 0.466482 765.600000 0.736732 0.177395
0.490434 0.466421 765.700000 0.741615 -0.080245
0.490404 0.466366 765.800000 0.722820 -0.294894
0.490370 0.466323 765.900000 0.681515 -0.529392
0.490331 0.466299 766.000000 0.617316 -0.751634
0.490286 0.466285 766.100000 0.537562 -0.839431
0.490236 0.466257 766.200000 0.459364 -0.720091
0.490181 0.466250 766.300000 0.378005 -0.903312
0.490122 0.466275 766.400000 0.275285 -1.146436
0.490060 0.466285 766.500000 0.165497 -1.043498
0.489996 0.466290 766.600000 0.062678 -1.007631
0.489933 0.466277 766.700000 -0.030703 -0.854968
0.489870 0.466279 766.800000 -0.122696 -0.980674
0.489809 0.466277 766.900000 -0.219294 -0.946486
0.489752 0.466280 767.000000 -0.316506 -0.993190
0.489698 0.466257 767.100000 -0.404283 -0.757585
0.489650 0.466237 767.200000 -0.481747 -0.788146
0.489606 0.466210 767.300000 -0.557593 -0.725113
0.489568 0.466189 767.400000 -0.633099 -0.781707
0.489537 0.466154 767.500000 -0.703863 -0.630021
0.489512 0.466124 767.600000 -0.769873 -0.687425
0.489494 0.466091 767.700000 -0.837017 -0.652424
0.489483 0.466059 767.800000 -0.902823 -0.660901
0.489478 0.466005 767.900000 -0.951457 -0.308934
0.489476 0.465946 768.000000 -0.975254 -0.165964
0.489476 0.465885 768.100000 -0.984338 -0.015366
0.489473 0.465830 768.200000 -0.970831 0.285100
0.489465 0.465795 768.300000 -0.924771 0.634219
0.489449 0.465767 768.400000 -0.857431 0.708977
0.489424 0.465774 768.500000 -0.771022 1.015276
0.489390 0.465790 768.600000 -0.665747 1.084816
0.489346 0.465813 768.700000 -0.554580 1.132804
0.489295 0.465844 768.800000 -0.438093 1.191066
0.489237 0.465899 768.900000 -0.311743 1.329823
0.489176 0.465962 769.000000 -0.175891 1.380471
0.489112 0.465990 769.100000 -0.048206 1.166300
0.489049 0.466050 769.200000 0.078451 1.361055
0.488989 0.466116 769.300000 0.216579 1.394814
0.488933 0.466184 769.400000 0.357185 1.410513
0.488886 0.466254 769.500000 0.498851 1.416012
0.488848 0.466282 769.600000 0.628465 1.169488
0.488821 0.466305 769.700000 0.743738 1.130499
0.488803 0.466293 769.800000 0.843998 0.869477
0.488796 0.466276 769.900000 0.928507 0.816814
0.488798 0.466250 770.000000 1.005743 0.724335
0.488811 0.466237 770.100000 1.085257 0.862877
0.488836 0.466215 770.200000 1.167167 0.771583
0.488871 0.466175 770.300000 1.233810 0.558048
0.488915 0.466129 770.400000 1.285065 0.464903
0.488966 0.466076 770.500000 1.325759 0.347315
0.489020 0.466016 770.600000 1.346884 0.074121
0.489074 0.465957 770.700000 1.343097 -0.149546
0.489125 0.465897 770.800000 1.329455 -0.121873
0.489173 0.465839 770.900000 1.313742 -0.191117
0.489216 0.465793 771.000000 1.280602 -0.470094
0.489249 0.465768 771.100000 1.219877 -0.741454
0.489270 0.465749 771.200000 1.142765 -0.796491
0.489280 0.465727 771.300000 1.064522 -0.763861
0.489280 0.465705 771.400000 0.987599 -0.770278
0.489269 0.465703 771.500000 0.901206 -0.953280
0.489250 0.465668 771.600000 0.822018 -0.625287
0.489223 0.465647 771.700000 0.751634 -0.778885
0.489188 0.465665 771.800000 0.657484 -1.099897
0.489143 0.465703 771.900000 0.540572 -1.232586
0.489091 0.465738 772.000000 0.418202 -1.208425
0.489034 0.465778 772.100000 0.295119 -1.247056
0.488972 0.465870 772.200000 0.155730 -1.534420
0.488908 0.465952 772.300000 0.004591 -1.480689
0.488846 0.466017 772.400000 -0.139430 -1.392380
0.488788 0.466075 772.500000 -0.276901 -1.350223
0.488735 0.466095 772.600000 -0.400676 -1.118726
0.488689 0.466125 772.700000 -0.515868 -1.179782
0.488652 0.466145 772.800000 -0.630896 -1.115195
0.488625 0.466204 772.900000 -0.754673 -1.355154
0.488613 0.466259 773.000000 -0.889593 -1.336919
0.488617 0.466293 773.100000 -1.017309 -1.211227
0.488637 0.466323 773.200000 -1.137005 -1.177210
0.488675 0.466328 773.300000 -1.246493 -1.007284
0.488727 0.466303 773.400000 -1.333936 -0.737221
0.488790 0.466260 773.500000 -1.397193 -0.524928
0.488861 0.466209 773.600000 -1.442459 -0.378483
0.488936 0.466149 773.700000 -1.464012 -0.051428
0.489013 0.466090 773.800000 -1.470592 -0.080664
0.489089 0.466031 773.900000 -1.467144 0.149307
0.489160 0.465979 774.000000 -1.441544 0.361218
0.489223 0.465935 774.100000 -1.398178 0.503583
0.489275 0.465907 774.200000 -1.337886 0.699072
0.489314 0.465903 774.300000 -1.255877 0.936998
0.489337 0.465913 774.400000 -1.156496 1.045340
0.489345 0.465932 774.500000 -1.048909 1.100659
0.489338 0.465960 774.600000 -0.934873 1.174073
0.489317 0.466031 774.700000 -0.804772 1.421676
0.489282 0.466087 774.800000 -0.666050 1.345332
0.489236 0.466186 774.900000 -0.520026 1.568157
0.489182 0.466312 775.000000 -0.356272 1.698903
0.489121 0.466453 775.100000 -0.182484 1.768282
0.489058 0.466679 775.200000 0.011620 2.104971
0.488998 0.466928 775.300000 0.226865 2.189507
0.488947 0.467126 775.400000 0.437048 2.003429
0.488909 0.467282 775.500000 0.629227 1.830443
0.488889 0.467433 775.600000 0.811731 1.810896
0.488889 0.467564 775.700000 0.988807 1.722061
0.488912 0.467681 775.800000 1.158146 1.656702
0.488962 0.467790 775.900000 1.322331 1.619386
0.489039 0.467860 776.000000 1.474875 1.424120
0.489142 0.467889 776.100000 1.605398 1.180032
0.489267 0.467874 776.200000 1.706251 0.831985
0.489405 0.467824 776.300000 1.768095 0.401624
0.489550 0.467767 776.400000 1.799549 0.226342
0.489698 0.467707 776.500000 1.809768 -0.022184
0.489844 0.467648 776.600000 1.801865 -0.134863
0.489987 0.467588 776.700000 1.789484 -0.111179
0.490124 0.467541 776.800000 1.760999 -0.457078
0.490248 0.467505 776.900000 1.707640 -0.606968
0.490358 0.467482 777.000000 1.639001 -0.761945
0.490452 0.467464 777.100000 1.560515 -0.803178
0.490529 0.467451 777.200000 1.476979 -0.862782
0.490589 0.467459 777.300000 1.382117 -1.029456
0.490632 0.467451 777.400000 1.285591 -0.895266
0.490661 0.467442 777.500000 1.195707 -0.897325
0.490676 0.467442 777.600000 1.102486 -0.962068
0.490676 0.467485 777.700000 0.990713 -1.268075
0.490661 0.467533 777.800000 0.862139 -1.296631
0.490631 0.467606 777.900000 0.725067 -1.437962
0.490591 0.467635 778.000000 0.594005 -1.175797
0.490543 0.467653 778.100000 0.479700 -1.104163
0.490488 0.467670 778.200000 0.369417 -1.095789
0.490430 0.467676 778.300000 0.263463 -1.017692
0.490368 0.467696 778.400000 0.156644 -1.113523
0.490306 0.467717 778.500000 0.044627 -1.121226
0.490243 0.467713 778.600000 -0.058763 -0.940985
0.490181 0.467704 778.700000 -0.150457 -0.888266
0.490122 0.467689 778.800000 -0.237206 -0.842392
0.490066 0.467672 778.900000 -0.320234 -0.814119
0.490013 0.467670 779.000000 -0.408564 -0.948617
0.489967 0.467659 779.100000 -0.500164 -0.878897
0.489926 0.467648 779.200000 -0.587948 -0.872683
0.489892 0.467640 779.300000 -0.676760 -0.899530
0.489867 0.467618 779.400000 -0.760429 -0.769746
0.489848 0.467577 779.500000 -0.826542 -0.549079
0.489835 0.467545 779.600000 -0.886662 -0.651022
0.489830 0.467507 779.700000 -0.948800 -0.588948
0.489832 0.467463 779.800000 -1.003143 -0.495483
0.489839 0.467410 779.900000 -1.045136 -0.342418
0.489850 0.467355 780.000000 -1.075302 -0.259741
0.489863 0.467295 780.100000 -1.087740 0.011746
0.489876 0.467235 780.200000 -1.086212 0.018194
0.489889 0.467175 780.300000 -1.086380 -0.022190
0.489901 0.467117 780.400000 -1.079626 0.156842
0.489911 0.467058 780.500000 -1.065360 0.127151
0.489920 0.466998 780.600000 -1.056562 0.047648
0.489928 0.466938 780.700000 -1.055268 -0.022553
0.489937 0.466879 780.800000 -1.053562 0.056265
0.489944 0.466820 780.900000 -1.043651 0.141152
0.489948 0.466763 781.000000 -1.027213 0.186383
0.489952 0.466703 781.100000 -1.014908 0.058269
0.489953 0.466647 781.200000 -1.000510 0.228903
0.489950 0.466599 781.300000 -0.967540 0.428869
0.489941 0.466564 781.400000 -0.914776 0.623796
0.489924 0.466536 781.500000 -0.848515 0.697874
0.489900 0.466518 781.600000 -0.772850 0.811554
0.489868 0.466504 781.700000 -0.689669 0.847668
0.489829 0.466481 781.800000 -0.609282 0.755530
0.489784 0.466468 781.900000 -0.528860 0.848857
0.489734 0.466466 782.000000 -0.438492 0.954037
0.489678 0.466469 782.100000 -0.340929 0.992278
0.489620 0.466475 782.200000 -0.240678 1.007661
0.489558 0.466516 782.300000 -0.127123 1.258348
0.489495 0.466547 782.400000 -0.004518 1.187462
0.489434 0.466571 782.500000 0.112346 1.143936
0.489374 0.466589 782.600000 0.225101 1.105560
0.489319 0.466611 782.700000 0.337137 1.129807
0.489270 0.466630 782.800000 0.449310 1.108219
0.489227 0.466651 782.900000 0.561318 1.126679
0.489193 0.466650 783.000000 0.665440 0.950458
0.489167 0.466632 783.100000 0.753895 0.814285
0.489149 0.466615 783.200000 0.835634 0.816842
0.489141 0.466612 783.300000 0.923742 0.941690
0.489144 0.466602 783.400000 1.014857 0.876429
0.489159 0.466590 783.500000 1.101898 0.860550
0.489185 0.466556 783.600000 1.177260 0.642983
0.489221 0.466517 783.700000 1.237647 0.562166
0.489265 0.466475 783.800000 1.292139 0.525524
0.489316 0.466424 783.900000 1.337102 0.371775
0.489374 0.466374 784.000000 1.374621 0.377431
0.489438 0.466317 784.100000 1.403053 0.190028
0.489505 0.466263 784.200000 1.427055 0.289780
0.489576 0.466204 784.300000 1.444641 0.061229
0.489645 0.466145 784.400000 1.440726 -0.139123
0.489712 0.466088 784.500000 1.423963 -0.194725
0.489776 0.466031 784.600000 1.405940 -0.164044
0.489835 0.465979 784.700000 1.380072 -0.351811
0.489886 0.465941 784.800000 1.333681 -0.573565
0.489926 0.465914 784.900000 1.268884 -0.718872
0.489954 0.465895 785.000000 1.192991 -0.794791
0.489969 0.465897 785.100000 1.103964 -0.981237
0.489970 0.465923 785.200000 0.996648 -1.159680
0.489957 0.465942 785.300000 0.883139 -1.104249
0.489932 0.465988 785.400000 0.763289 -1.286849
0.489895 0.466061 785.500000 0.626602 -1.440139
0.489847 0.466126 785.600000 0.484093 -1.402604
0.489792 0.466236 785.700000 0.332162 -1.628830
0.489732 0.466329 785.800000 0.173004 -1.546101
0.489669 0.466416 785.900000 0.019343 -1.519383
0.489608 0.466486 786.000000 -0.128274 -1.425412
0.489551 0.466570 786.100000 -0.275030 -1.502724
0.489500 0.466640 786.200000 -0.421809 -1.425559
0.489458 0.466738 786.300000 -0.572064 -1.572702
0.489429 0.466820 786.400000 -0.725483 -1.488181
0.489416 0.466897 786.500000 -0.873521 -1.465576
0.489417 0.466917 786.600000 -1.002892 -1.115022
0.489434 0.466928 786.700000 -1.111804 -1.058199
0.489466 0.466936 786.800000 -1.216427 -1.029589
0.489513 0.466930 786.900000 -1.313920 -0.915780
0.489577 0.466936 787.000000 -1.410330 -1.008553
0.489658 0.466912 787.100000 -1.498676 -0.754077
0.489750 0.466868 787.200000 -1.560724 -0.483895
0.489851 0.466814 787.300000 -1.599914 -0.298288
0.489954 0.466755 787.400000 -1.616995 -0.042643
0.490058 0.466696 787.500000 -1.616149 0.058962
0.490158 0.466641 787.600000 -1.601050 0.241909
0.490253 0.466588 787.700000 -1.572946 0.318164
0.490341 0.466536 787.800000 -1.539711 0.344167
0.490421 0.466494 787.900000 -1.496504 0.517515
0.490491 0.466458 788.000000 -1.439845 0.612341
0.490547 0.466445 788.100000 -1.366600 0.848820
0.490586 0.466476 788.200000 -1.264221 1.193889
0.490608 0.466492 788.300000 -1.149711 1.089749
0.490612 0.466549 788.400000 -1.027220 1.354109
0.490599 0.466657 788.500000 -0.877995 1.623192
0.490568 0.466806 788.600000 -0.705935 1.809551
0.490524 0.466955 788.700000 -0.524350 1.812832
0.490469 0.467145 788.800000 -0.334158 1.981781
0.490408 0.467336 788.900000 -0.135210 1.987202
0.490346 0.467617 789.000000 0.080518 2.317460
0.490290 0.467910 789.100000 0.314936 2.359481
0.490248 0.468254 789.200000 0.559543 2.521154
0.490226 0.468530 789.300000 0.801273 2.301234
0.490231 0.468768 789.400000 1.025359 2.169487
0.490264 0.468941 789.500000 1.230121 1.915529
0.490327 0.469037 789.600000 1.404487 1.562917
0.490417 0.469091 789.700000 1.550126 1.342828
0.490532 0.469111 789.800000 1.673486 1.118493
0.490668 0.469091 789.900000 1.768841 0.783885
0.490819 0.469049 790.000000 1.834532 0.526954
0.490981 0.468999 790.100000 1.880435 0.389406
0.491150 0.468943 790.200000 1.911624 0.233383
0.491321 0.468885 790.300000 1.918601 -0.094046
0.491489 0.468826 790.400000 1.908532 -0.105901
0.491651 0.468775 790.500000 1.885039 -0.362471
0.491804 0.468732 790.600000 1.841589 -0.503789
0.491942 0.468702 790.700000 1.782084 -0.682913
0.492065 0.468682 790.800000 1.708146 -0.791570
0.492165 0.468736 790.900000 1.601518 -1.336222
0.492239 0.468775 791.000000 1.471903 -1.248658
0.492290 0.468845 791.100000 1.337673 -1.429036
0.492317 0.468935 791.200000 1.188912 -1.538444
0.492323 0.469024 791.300000 1.035139 -1.528792
0.492310 0.469088 791.400000 0.888240 -1.401095
0.492284 0.469146 791.500000 0.749888 -1.358562
0.492246 0.469170 791.600000 0.623946 -1.153173
0.492200 0.469187 791.700000 0.511365 -1.092418
0.492148 0.469230 791.800000 0.392564 -1.277931
0.492090 0.469274 791.900000 0.264578 -1.275266
0.492029 0.469318 792.000000 0.136373 -1.282388
0.491967 0.469425 792.100000 -0.009028 -1.619234
0.491907 0.469575 792.200000 -0.181403 -1.820276
0.491853 0.469667 792.300000 -0.350397 -1.550673
0.491807 0.469754 792.400000 -0.504372 -1.521327
0.491772 0.469837 792.500000 -0.655948 -1.502917
0.491751 0.469904 792.600000 -0.802064 -1.412293
0.491744 0.469953 792.700000 -0.938723 -1.314302
0.491754 0.469990 792.800000 -1.066489 -1.234967
0.491780 0.470011 792.900000 -1.184913 -1.127939
0.491824 0.470023 793.000000 -1.294597 -1.060754
0.491884 0.470013 793.100000 -1.392264 -0.887984
0.491960 0.469999 793.200000 -1.479049 -0.844013
0.492050 0.469965 793.300000 -1.553404 -0.639663
0.492151 0.469920 793.400000 -1.609153 -0.472924
0.492262 0.469875 793.500000 -1.656688 -0.476249
0.492377 0.469817 793.600000 -1.675752 0.096513
0.492487 0.469768 793.700000 -1.650754 0.402141
0.492586 0.469731 793.800000 -1.600331 0.603510
0.492672 0.469707 793.900000 -1.532611 0.747104
0.492740 0.469723 794.000000 -1.440493 1.090808
0.492790 0.469735 794.100000 -1.332397 1.064976
0.492822 0.469757 794.200000 -1.222246 1.132113
0.492835 0.469824 794.300000 -1.094436 1.417875
0.492831 0.469887 794.400000 -0.953544 1.392394
0.492811 0.469923 794.500000 -0.822266 1.225774
0.492779 0.469985 794.600000 -0.691209 1.388902
0.492736 0.470060 794.700000 -0.548417 1.459723
0.492685 0.470111 794.800000 -0.408976 1.321584
0.492628 0.470151 794.900000 -0.279633 1.258524
0.492567 0.470193 795.000000 -0.152970 1.268356
0.492505 0.470218 795.100000 -0.031487 1.154953
0.492444 0.470226 795.200000 0.078191 1.032858
0.492384 0.470218 795.300000 0.175107 0.900388
0.492326 0.470212 795.400000 0.266281 0.918736
0.492273 0.470219 795.500000 0.363840 1.028028
0.492224 0.470219 795.600000 0.463959 0.969448
0.492182 0.470222 795.700000 0.562486 0.996536
0.492148 0.470228 795.800000 0.663561 1.020308
0.492123 0.470217 795.900000 0.758522 0.874201
0.492105 0.470201 796.000000 0.843673 0.824856
0.492097 0.470179 796.100000 0.923242 0.762882
0.492098 0.470160 796.200000 1.001602 0.801010
0.492109 0.470126 796.300000 1.073443 0.632345
0.492127 0.470077 796.400000 1.125326 0.402715
0.492148 0.470018 796.500000 1.148939 0.068103
0.492168 0.469962 796.600000 1.141412 -0.218413
0.492184 0.469907 796.700000 1.118934 -0.229498
0.492198 0.469850 796.800000 1.097027 -0.206948
0.492207 0.469809 796.900000 1.059828 -0.535459
0.492208 0.469777 797.000000 1.000649 -0.644951
0.492200 0.469757 797.100000 0.928504 -0.794249
0.492183 0.469756 797.200000 0.840480 -0.961841
0.492157 0.469732 797.300000 0.754919 -0.744182
0.492124 0.469712 797.400000 0.678071 -0.788729
0.492084 0.469721 797.500000 0.586534 -1.037773
0.492037 0.469719 797.600000 0.486863 -0.950213
0.491985 0.469725 797.700000 0.388010 -1.021886
0.491928 0.469752 797.800000 0.278276 -1.167557
0.491868 0.469792 797.900000 0.156777 -1.256510
0.491806 0.469864 798.000000 0.021307 -1.446610
0.491746 0.469940 798.100000 -0.124882 -1.469986
0.491689 0.470001 798.200000 -0.267746 -1.380091
0.491637 0.470044 798.300000 -0.400786 -1.273997
0.491592 0.470066 798.400000 -0.521695 -1.138076
0.491556 0.470082 798.500000 -0.633553 -1.093706
0.491529 0.470109 798.600000 -0.747213 -1.174406
0.491514 0.470117 798.700000 -0.857550 -1.026900
0.491509 0.470094 798.800000 -0.947092 -0.759266
0.491513 0.470074 798.900000 -1.024512 -0.785856
0.491528 0.470063 799.000000 -1.107733 -0.875201
0.491556 0.470055 799.100000 -1.196839 -0.903151
0.491599 0.470052 799.200000 -1.289614 -0.948482
0.491655 0.470030 799.300000 -1.375460 -0.764392
0.491723 0.469986 799.400000 -1.437899 -0.481279
0.491799 0.469937 799.500000 -1.482127 -0.401621
0.491879 0.469878 799.600000 -1.504421 -0.043003
0.491958 0.469821 799.700000 -1.500363 0.123620
0.492033 0.469772 799.800000 -1.473838 0.405516
0.492099 0.469728 799.900000 -1.429696 0.474585
0.492156 0.469687 800.000000 -1.378548 0.545304
0.492205 0.469639 800.100000 -1.330516 0.411932
0.492247 0.469597 800.200000 -1.284196 0.511772
0.492279 0.469563 800.300000 -1.227045 0.628079
0.492302 0.469536 800.400000 -1.159829 0.712507
0.492314 0.469522 800.500000 -1.081948 0.841006
0.492313 0.469522 800.600000 -0.991137 0.970508
0.492300 0.469555 800.700000 -0.881700 1.212940
0.492275 0.469584 800.800000 -0.761353 1.187547
0.492239 0.469617 800.900000 -0.641387 1.205520
0.492195 0.469642 801.000000 -0.522731 1.161304
0.492144 0.469688 801.100000 -0.399673 1.293865
0.492087 0.469742 801.200000 -0.267417 1.344651
0.492026 0.469783 801.300000 -0.136660 1.263684
0.491965 0.469825 801.400000 -0.009556 1.272081
0.491904 0.469856 801.500000 0.114007 1.192875
0.491846 0.469871 801.600000 0.228311 1.087350
0.491792 0.469886 801.700000 0.337255 1.086269
0.491744 0.469927 801.800000 0.454967 1.262764
0.491703 0.469945 801.900000 0.574044 1.112757
0.491670 0.469937 802.000000 0.674726 0.895659
0.491644 0.469902 802.100000 0.750600 0.617713
0.491625 0.469884 802.200000 0.822203 0.811664
0.491613 0.469846 802.300000 0.891690 0.574465
0.491608 0.469811 802.400000 0.951238 0.614108
0.491611 0.469784 802.500000 1.017684 0.712270
0.491623 0.469744 802.600000 1.080494 0.540895
0.491640 0.469691 802.700000 1.122647 0.300025
0.491659 0.469633 802.800000 1.136337 -0.027166
0.491677 0.469578 802.900000 1.123311 -0.232643
0.491689 0.469530 803.000000 1.090533 -0.421222
0.491696 0.469489 803.100000 1.043029 -0.526213
0.491696 0.469446 803.200000 0.991649 -0.498253
0.491689 0.469407 803.300000 0.938430 -0.563171
0.491676 0.469383 803.400000 0.873030 -0.741576
0.491653 0.469396 803.500000 0.782259 -1.069754
0.491619 0.469448 803.600000 0.661862 -1.332512
0.491575 0.469483 803.700000 0.533720 -1.223376
0.491525 0.469512 803.800000 0.412929 -1.186119
0.491468 0.469579 803.900000 0.282344 -1.419513
0.491409 0.469629 804.000000 0.144866 -1.322887
0.491348 0.469638 804.100000 0.026196 -1.043870
0.491287 0.469624 804.200000 -0.068185 -0.838553
0.491227 0.469605 804.300000 -0.150129 -0.796212
0.491169 0.469574 804.400000 -0.223665 -0.670632
0.491113 0.469535 804.500000 -0.285439 -0.561649
0.491059 0.469496 804.600000 -0.341167 -0.550272
0.491008 0.469457 804.700000 -0.396434 -0.552519
0.490960 0.469436 804.800000 -0.463334 -0.782960
0.490917 0.469391 804.900000 -0.525500 -0.456690
0.490876 0.469351 805.000000 -0.575227 -0.535871
0.490841 0.469328 805.100000 -0.640310 -0.763437
0.490811 0.469297 805.200000 -0.711439 -0.655677
0.490788 0.469268 805.300000 -0.778635 -0.685356
0.490771 0.469225 805.400000 -0.837777 -0.494485
0.490758 0.469174 805.500000 -0.880066 -0.349269
0.490748 0.469119 805.600000 -0.909141 -0.230926
0.490740 0.469062 805.700000 -0.926155 -0.108663
0.490734 0.469004 805.800000 -0.936212 -0.092410
0.490727 0.468946 805.900000 -0.936541 0.085813
0.490719 0.468890 806.000000 -0.922189 0.200351
0.490708 0.468845 806.100000 -0.889890 0.444186
0.490690 0.468810 806.200000 -0.836414 0.622690
0.490666 0.468774 806.300000 -0.775640 0.589273
0.490637 0.468744 806.400000 -0.712335 0.673538
0.490601 0.468736 806.500000 -0.633230 0.904869
0.490558 0.468742 806.600000 -0.536935 1.016239
0.490509 0.468740 806.700000 -0.438474 0.947675
0.490455 0.468758 806.800000 -0.335395 1.109005
0.490398 0.468761 806.900000 -0.230043 0.992364
0.490338 0.468809 807.000000 -0.114892 1.305646
0.490277 0.468848 807.100000 0.013571 1.257107
0.490218 0.468906 807.200000 0.145065 1.366544
0.490162 0.468968 807.300000 0.283286 1.391200
0.490112 0.469018 807.400000 0.419327 1.322874
0.490069 0.469025 807.500000 0.537028 1.024789
0.490034 0.469013 807.600000 0.631519 0.860234
0.490004 0.468982 807.700000 0.708191 0.669240
0.489981 0.468960 807.800000 0.779894 0.761878
0.489965 0.468931 807.900000 0.852316 0.683190
0.489958 0.468914 808.000000 0.927383 0.815201
0.489961 0.468913 808.100000 1.016473 0.963030
0.489977 0.468918 808.200000 1.114992 1.003098
0.490007 0.468910 808.300000 1.210230 0.897263
0.490050 0.468884 808.400000 1.291479 0.723880
0.490105 0.468861 808.500000 1.365486 0.753339
0.490171 0.468824 808.600000 1.432364 0.581160
0.490246 0.468775 808.700000 1.480711 0.383623
0.490325 0.468718 808.800000 1.505249 0.105972
0.490406 0.468660 808.900000 1.510338 -0.003959
0.490484 0.468605 809.000000 1.498516 -0.231717
0.490557 0.468554 809.100000 1.470044 -0.335818
0.490622 0.468512 809.200000 1.428082 -0.501032
0.490677 0.468484 809.300000 1.368005 -0.697306
0.490720 0.468466 809.400000 1.292910 -0.800463
0.490749 0.468459 809.500000 1.207259 -0.907946
0.490766 0.468443 809.600000 1.120265 -0.826835
0.490772 0.468430 809.700000 1.035933 -0.855145
0.490766 0.468427 809.800000 0.945819 -0.942382
0.490750 0.468425 809.900000 0.850969 -0.949481
0.490725 0.468419 810.000000 0.757484 -0.915074
0.490692 0.468424 810.100000 0.661272 -1.004274
0.490651 0.468407 810.200000 0.570169 -0.812464
0.490605 0.468419 810.300000 0.475925 -1.068117
0.490552 0.468429 810.400000 0.369756 -1.049744
0.490496 0.468427 810.500000 0.269391 -0.952157
0.490438 0.468450 810.600000 0.164446 -1.141916
0.490377 0.468464 810.700000 0.053322 -1.074830
0.490317 0.468471 810.800000 -0.052063 -1.027522
0.490258 0.468465 810.900000 -0.149374 -0.913631
0.490201 0.468464 811.000000 -0.243506 -0.964554
0.490148 0.468475 811.100000 -0.344900 -1.058676
0.490100 0.468491 811.200000 -0.452711 -1.092487
0.490058 0.468478 811.300000 -0.550141 -0.850927
0.490022 0.468440 811.400000 -0.621237 -0.567037
0.489990 0.468406 811.500000 -0.680608 -0.617894
0.489963 0.468366 811.600000 -0.738063 -0.528501
0.489941 0.468323 811.700000 -0.789016 -0.488297
0.489923 0.468270 811.800000 -0.827714 -0.283652
0.489907 0.468213 811.900000 -0.847123 -0.103514
0.489890 0.468157 812.000000 -0.843219 0.181675
0.489872 0.468100 812.100000 -0.828145 0.118479
0.489853 0.468044 812.200000 -0.816664 0.110138
0.489833 0.467986 812.300000 -0.806432 0.093545
0.489811 0.467933 812.400000 -0.788165 0.270940
0.489786 0.467881 812.500000 -0.759647 0.297672
0.489758 0.467836 812.600000 -0.721877 0.455886
0.489725 0.467806 812.700000 -0.665588 0.667288
0.489686 0.467801 812.800000 -0.585974 0.921353
0.489641 0.467764 812.900000 -0.510698 0.579305
0.489593 0.467736 813.000000 -0.446865 0.694242
0.489541 0.467730 813.100000 -0.366343 0.912538
0.489486 0.467725 813.200000 -0.274286 0.923911
0.489428 0.467699 813.300000 -0.192003 0.717016
0.489368 0.467708 813.400000 -0.104024 1.038928
0.489308 0.467754 813.500000 0.013239 1.301160
0.489249 0.467776 813.600000 0.135274 1.133102
0.489193 0.467786 813.700000 0.244659 1.049045
0.489140 0.467786 813.800000 0.345629 0.965291
0.489092 0.467793 813.900000 0.445385 1.025233
0.489050 0.467793 814.000000 0.545424 0.970688
0.489015 0.467787 814.100000 0.639969 0.915690
0.488988 0.467766 814.200000 0.724553 0.771754
0.488967 0.467754 814.300000 0.805944 0.852623
0.488956 0.467732 814.400000 0.886935 0.763375
0.488953 0.467713 814.500000 0.964944 0.793492
0.488959 0.467677 814.600000 1.034598 0.596131
0.488970 0.467628 814.700000 1.082751 0.364484
0.488985 0.467571 814.800000 1.103585 0.050924
0.489000 0.467514 814.900000 1.107718 0.032041
0.489015 0.467457 815.000000 1.102896 -0.128091
0.489026 0.467411 815.100000 1.075349 -0.421673
0.489031 0.467372 815.200000 1.026806 -0.546561
0.489029 0.467333 815.300000 0.971567 -0.554987
0.489019 0.467308 815.400000 0.907505 -0.723023
0.489002 0.467289 815.500000 0.831698 -0.789079
0.488976 0.467268 815.600000 0.753414 -0.772279
0.488945 0.467236 815.700000 0.682923 -0.633339
0.488908 0.467222 815.800000 0.608729 -0.847077
0.488865 0.467208 815.900000 0.524252 -0.837961
0.488817 0.467202 816.000000 0.436533 -0.911998
0.488764 0.467190 816.100000 0.347785 -0.858233
0.488708 0.467180 816.200000 0.260813 -0.876778
0.488650 0.467200 816.300000 0.160472 -1.125599
0.488590 0.467237 816.400000 0.041806 -1.242056
0.488531 0.467263 816.500000 -0.078723 -1.162363
0.488473 0.467287 816.600000 -0.194674 -1.150949
0.488420 0.467319 816.700000 -0.313009 -1.210155
0.488371 0.467333 816.800000 -0.427808 -1.079972
0.488329 0.467367 816.900000 -0.543044 -1.219631
0.488296 0.467377 817.000000 -0.656738 -1.048485
0.488270 0.467354 817.100000 -0.746873 -0.749346
0.488252 0.467336 817.200000 -0.824415 -0.798161
0.488241 0.467299 817.300000 -0.893483 -0.579658
0.488237 0.467261 817.400000 -0.950342 -0.555087
0.488237 0.467209 817.500000 -0.991846 -0.272724
0.488239 0.467152 817.600000 -0.999453 0.121465
0.488239 0.467096 817.700000 -0.987601 0.114463
0.488236 0.467044 817.800000 -0.967045 0.295590
0.488230 0.466990 817.900000 -0.940809 0.227179
0.488222 0.466941 818.000000 -0.911867 0.350079
0.488209 0.466891 818.100000 -0.876872 0.347623
0.488193 0.466839 818.200000 -0.845340 0.280857
0.488175 0.466784 818.300000 -0.822453 0.175051
0.488155 0.466727 818.400000 -0.809194 0.088842
0.488135 0.466670 818.500000 -0.802531 0.043577
0.488113 0.466619 818.600000 -0.784942 0.307582
0.488087 0.466570 818.700000 -0.751366 0.362027
0.488059 0.466521 818.800000 -0.715356 0.356008
0.488027 0.466481 818.900000 -0.671237 0.524250
0.487991 0.466440 819.000000 -0.618662 0.524310
0.487951 0.466394 819.100000 -0.571043 0.425174
0.487908 0.466356 819.200000 -0.521969 0.553902
0.487862 0.466309 819.300000 -0.473891 0.404662
0.487814 0.466261 819.400000 -0.435105 0.368804
0.487764 0.466214 819.500000 -0.396162 0.408017
0.487712 0.466204 819.600000 -0.331870 0.875618
0.487656 0.466198 819.700000 -0.242300 0.911298
0.487598 0.466190 819.800000 -0.151607 0.897925
0.487538 0.466212 819.900000 -0.049619 1.137322
0.487479 0.466218 820.000000 0.058191 1.013206
0.487421 0.466194 820.100000 0.145713 0.732238
0.487365 0.466173 820.200000 0.220882 0.767592
0.487311 0.466191 820.300000 0.314795 1.107001
0.487262 0.466185 820.400000 0.416349 0.918745
0.487218 0.466168 820.500000 0.502806 0.806065
0.487179 0.466128 820.600000 0.569709 0.528251
0.487143 0.466091 820.700000 0.624595 0.567128
0.487112 0.466048 820.800000 0.677318 0.484835
0.487083 0.465993 820.900000 0.708159 0.129912
0.487054 0.465936 821.000000 0.711534 -0.062702
0.487025 0.465881 821.100000 0.701598 -0.135339
0.486995 0.465825 821.200000 0.689436 -0.106878
0.486963 0.465769 821.300000 0.675922 -0.162530
0.486931 0.465713 821.400000 0.665162 -0.051520
0.486899 0.465660 821.500000 0.674464 0.238152
0.486869 0.465604 821.600000 0.692921 0.130161
0.486841 0.465549 821.700000 0.708048 0.172069
0.486812 0.465494 821.800000 0.708575 -0.162023
0.486782 0.465439 821.900000 0.693847 -0.131378
0.486751 0.465383 822.000000 0.681256 -0.119449
0.486719 0.465326 822.100000 0.674476 -0.015205
0.486686 0.465279 822.200000 0.653934 -0.395236
0.486650 0.465232 822.300000 0.613982 -0.401526
0.486611 0.465190 822.400000 0.569224 -0.491343
0.486567 0.465167 822.500000 0.507387 -0.742677
0.486519 0.465139 822.600000 0.436352 -0.674094
0.486468 0.465118 822.700000 0.363774 -0.773907
0.486414 0.465100 822.800000 0.285420 -0.789167
0.486358 0.465077 822.900000 0.208313 -0.748917
0.486300 0.465056 823.000000 0.132795 -0.757644
0.486241 0.465043 823.100000 0.052333 -0.847775
0.486182 0.465025 823.200000 -0.030146 -0.797585
0.486124 0.465024 823.300000 -0.118120 -0.957963
0.486067 0.465031 823.400000 -0.217383 -1.022634
0.486015 0.465038 823.500000 -0.319861 -1.021965
0.485967 0.465065 823.600000 -0.429699 -1.169903
0.485925 0.465056 823.700000 -0.532837 -0.887277
0.485889 0.465030 823.800000 -0.612737 -0.706585
0.485858 0.465003 823.900000 -0.683339 -0.702258
0.485834 0.464977 824.000000 -0.753883 -0.705496
0.485816 0.464946 824.100000 -0.821612 -0.645971
0.485805 0.464917 824.200000 -0.887317 -0.665358
0.485800 0.464877 824.300000 -0.946748 -0.520413
0.485802 0.464836 824.400000 -0.998604 -0.514610
0.485810 0.464805 824.500000 -1.056274 -0.636742
0.485826 0.464759 824.600000 -1.108927 -0.413683
0.485846 0.464706 824.700000 -1.141661 -0.239517
0.485868 0.464649 824.800000 -1.152471 0.023950
0.485889 0.464593 824.900000 -1.147206 0.080652
0.485909 0.464537 825.000000 -1.142832 0.005841
0.485928 0.464482 825.100000 -1.134377 0.162657
0.485944 0.464430 825.200000 -1.113379 0.255944
0.485958 0.464375 825.300000 -1.094429 0.121223
0.485971 0.464319 825.400000 -1.090633 -0.046464
0.485983 0.464264 825.500000 -1.083687 0.185064
0.485994 0.464209 825.600000 -1.070638 0.074457
0.486004 0.464152 825.700000 -1.064444 0.048506
0.486013 0.464096 825.800000 -1.062267 -0.005748
0.486020 0.464047 825.900000 -1.045408 0.342432
0.486021 0.464021 826.000000 -0.992702 0.709494
0.486012 0.464023 826.100000 -0.908303 0.974479
0.485993 0.464032 826.200000 -0.807384 1.038618
0.485964 0.464037 826.300000 -0.704832 1.006872
0.485928 0.464030 826.400000 -0.609246 0.899512
0.485885 0.464043 826.500000 -0.510690 1.066853
0.485836 0.464060 826.600000 -0.402052 1.100365
0.485782 0.464073 826.700000 -0.293180 1.071427
0.485726 0.464085 826.800000 -0.186179 1.063144
0.485667 0.464106 826.900000 -0.076229 1.130510
0.485609 0.464136 827.000000 0.040029 1.189017
0.485551 0.464172 827.100000 0.161712 1.238790
0.485498 0.464200 827.200000 0.282643 1.173765
0.485448 0.464210 827.300000 0.394121 1.050125
0.485404 0.464205 827.400000 0.492739 0.917237
0.485366 0.464193 827.500000 0.581774 0.859162
0.485334 0.464163 827.600000 0.657572 0.652840
0.485305 0.464114 827.700000 0.707519 0.343168
0.485280 0.464067 827.800000 0.744514 0.395399
0.485257 0.464012 827.900000 0.767497 0.062656
0.485235 0.463956 828.000000 0.774549 0.078464
0.485211 0.463906 828.100000 0.762360 -0.322256
0.485185 0.463856 828.200000 0.730005 -0.322854
0.485155 0.463810 828.300000 0.693545 -0.404395
0.485122 0.463776 828.400000 0.643408 -0.596006
0.485083 0.463745 828.500000 0.580968 -0.649509
0.485041 0.463717 828.600000 0.514185 -0.682660
0.484994 0.463700 828.700000 0.439998 -0.797447
0.484942 0.463730 828.800000 0.340105 -1.196264
0.484887 0.463784 828.900000 0.212597 -1.347795
0.484828 0.463869 829.000000 0.068275 -1.531885
0.484770 0.463946 829.100000 -0.082894 -1.483873
0.484715 0.464057 829.200000 -0.240616 -1.663276
0.484667 0.464189 829.300000 -0.412514 -1.766575
0.484630 0.464317 829.400000 -0.588486 -1.744344
0.484607 0.464452 829.500000 -0.765253 -1.782657
0.484601 0.464549 829.600000 -0.934488 -1.593597
0.484614 0.464629 829.700000 -1.089619 -1.501594
0.484647 0.464688 829.800000 -1.233940 -1.377935
0.484701 0.464720 829.900000 -1.363785 -1.212760
0.484774 0.464735 830.000000 -1.479042 -1.087075
0.484866 0.464728 830.100000 -1.578647 -0.900373
0.484976 0.464732 830.200000 -1.673688 -0.996795
0.485104 0.464707 830.300000 -1.759741 -0.720162
0.485246 0.464667 830.400000 -1.821402 -0.510376
0.485398 0.464623 830.500000 -1.869472 -0.449417
0.485555 0.464568 830.600000 -1.893511 -0.030057
0.485711 0.464514 830.700000 -1.885450 0.190481
0.485858 0.464474 830.800000 -1.850325 0.510137
0.485994 0.464433 830.900000 -1.799340 0.506097
0.486118 0.464406 831.000000 -1.738990 0.697511
0.486226 0.464392 831.100000 -1.662608 0.825795
0.486316 0.464394 831.200000 -1.571986 0.981733
0.486387 0.464413 831.300000 -1.466546 1.121422
0.486439 0.464420 831.400000 -1.359269 1.017822
0.486474 0.464464 831.500000 -1.243639 1.289062
0.486489 0.464533 831.600000 -1.106790 1.440926
0.486486 0.464596 831.700000 -0.963947 1.408234
0.486468 0.464677 831.800000 -0.817930 1.504652
0.486436 0.464772 831.900000 -0.663003 1.586030
0.486393 0.464870 832.000000 -0.503301 1.599830
0.486341 0.464964 832.100000 -0.343950 1.579020
0.486285 0.465101 832.200000 -0.175042 1.791169
0.486226 0.465239 832.300000 0.004793 1.796570
0.486170 0.465362 832.400000 0.181510 1.728866
0.486119 0.465462 832.500000 0.348979 1.612047
0.486076 0.465569 832.600000 0.512284 1.646258
0.486045 0.465646 832.700000 0.669306 1.486292
0.486027 0.465737 832.800000 0.822220 1.564965
0.486026 0.465814 832.900000 0.975129 1.485891
0.486043 0.465882 833.000000 1.121779 1.440236
0.486080 0.465927 833.100000 1.258826 1.294142
0.486135 0.465941 833.200000 1.377703 1.077621
0.486207 0.465924 833.300000 1.472038 0.804419
0.486291 0.465884 833.400000 1.538188 0.515334
0.486383 0.465840 833.500000 1.587053 0.460178
0.486485 0.465797 833.600000 1.633149 0.460279
0.486593 0.465744 833.700000 1.667081 0.216882
0.486703 0.465689 833.800000 1.674614 -0.066457
0.486810 0.465637 833.900000 1.658687 -0.250929
0.486909 0.465592 834.000000 1.624513 -0.430478
0.487002 0.465542 834.100000 1.586718 -0.322454
0.487086 0.465504 834.200000 1.543565 -0.538235
0.487161 0.465467 834.300000 1.488465 -0.560321
0.487224 0.465438 834.400000 1.426696 -0.671542
0.487277 0.465404 834.500000 1.362742 -0.603490
0.487320 0.465372 834.600000 1.301234 -0.622981
0.487351 0.465373 834.700000 1.220887 -0.980252
0.487368 0.465379 834.800000 1.120850 -1.015018
0.487372 0.465379 834.900000 1.021918 -0.958030
0.487364 0.465408 835.000000 0.913992 -1.195232
0.487341 0.465520 835.100000 0.770394 -1.670378
0.487304 0.465677 835.200000 0.592070 -1.887463
0.487255 0.465853 835.300000 0.398872 -1.966870
0.487199 0.466011 835.400000 0.205458 -1.891456
0.487141 0.466120 835.500000 0.027458 -1.659065
0.487084 0.466194 835.600000 -0.129344 -1.468755
0.487029 0.466220 835.700000 -0.261830 -1.173731
0.486980 0.466257 835.800000 -0.382848 -1.240971
0.486936 0.466261 835.900000 -0.495531 -1.006718
0.486900 0.466281 836.000000 -0.602160 -1.121141
0.486872 0.466295 836.100000 -0.712389 -1.078183
0.486853 0.466286 836.200000 -0.810782 -0.884704
0.486843 0.466272 836.300000 -0.897305 -0.841782
0.486843 0.466265 836.400000 -0.984754 -0.903492
0.486853 0.466244 836.500000 -1.068015 -0.757736
0.486871 0.466202 836.600000 -1.129846 -0.475663
0.486893 0.466147 836.700000 -1.159916 -0.123936
0.486914 0.466094 836.800000 -1.155006 0.222187
0.486932 0.466048 836.900000 -1.123695 0.402344
0.486943 0.466004 837.000000 -1.081452 0.439975
0.486950 0.465958 837.100000 -1.038936 0.407606
0.486950 0.465924 837.200000 -0.988346 0.601663
0.486942 0.465910 837.300000 -0.916212 0.837560
0.486924 0.465921 837.400000 -0.821461 1.052858
0.486896 0.465949 837.500000 -0.709312 1.184499
0.486859 0.465963 837.600000 -0.595699 1.081549
0.486815 0.465973 837.700000 -0.489110 1.044561
0.486766 0.465958 837.800000 -0.395359 0.825039
0.486714 0.465949 837.900000 -0.309526 0.887334
0.486659 0.465947 838.000000 -0.217455 0.949540
0.486602 0.465946 838.100000 -0.122147 0.951816
0.486544 0.465947 838.200000 -0.025610 0.974145
0.486486 0.465946 838.300000 0.071115 0.955536
0.486430 0.465965 838.400000 0.175086 1.119193
0.486376 0.465963 838.500000 0.278758 0.948784
0.486327 0.465961 838.600000 0.374033 0.952169
0.486283 0.466000 838.700000 0.484839 1.259432
0.486247 0.466046 838.800000 0.613089 1.299597
0.486222 0.466103 838.900000 0.747192 1.376344
0.486211 0.466158 839.000000 0.884604 1.365454
0.486215 0.466212 839.100000 1.020882 1.353789
0.486235 0.466230 839.200000 1.144465 1.111675
0.486269 0.466212 839.300000 1.239752 0.789126
0.486312 0.466171 839.400000 1.304036 0.493253
0.486363 0.466126 839.500000 1.350015 0.424556
0.486420 0.466077 839.600000 1.388159 0.336900
0.486480 0.466022 839.700000 1.406489 0.028706
0.486538 0.465969 839.800000 1.397342 -0.211093
0.486592 0.465920 839.900000 1.370006 -0.333882
0.486636 0.465913 840.000000 1.308188 -0.900165
0.486667 0.465888 840.100000 1.227115 -0.716170
0.486688 0.465868 840.200000 1.152397 -0.774010
0.486699 0.465851 840.300000 1.073446 -0.800606
0.486699 0.465845 840.400000 0.987648 -0.910857
0.486689 0.465839 840.500000 0.895948 -0.918134
0.486670 0.465829 840.600000 0.806367 -0.868490
0.486642 0.465833 840.700000 0.712518 -1.003784
0.486606 0.465839 840.800000 0.611218 -1.016895
0.486564 0.465862 840.900000 0.502875 -1.144622
0.486515 0.465888 841.000000 0.386755 -1.171870
0.486461 0.465953 841.100000 0.256666 -1.423919
0.486404 0.466020 841.200000 0.113417 -1.433893
0.486346 0.466095 841.300000 -0.032565 -1.478589
0.486290 0.466171 841.400000 -0.181207 -1.486958
0.486239 0.466242 841.500000 -0.328790 -1.457434
0.486195 0.466328 841.600000 -0.479220 -1.544124
0.486161 0.466445 841.700000 -0.641945 -1.702980
0.486142 0.466532 841.800000 -0.805045 -1.550905
0.486138 0.466590 841.900000 -0.952004 -1.381007
0.486150 0.466631 842.000000 -1.085260 -1.277749
0.486180 0.466674 842.100000 -1.213649 -1.284259
0.486227 0.466683 842.200000 -1.330380 -1.044606
0.486293 0.466703 842.300000 -1.438948 -1.122259
0.486377 0.466711 842.400000 -1.546934 -1.032613
0.486481 0.466718 842.500000 -1.650048 -1.025355
0.486603 0.466705 842.600000 -1.743761 -0.844645
0.486742 0.466672 842.700000 -1.817033 -0.617492
0.486892 0.466630 842.800000 -1.871686 -0.473419
0.487049 0.466576 842.900000 -1.904150 -0.174448
0.487209 0.466521 843.000000 -1.916898 -0.080609
0.487368 0.466468 843.100000 -1.911089 0.196237
0.487517 0.466437 843.200000 -1.869368 0.636275
0.487650 0.466431 843.300000 -1.791733 0.912333
0.487761 0.466451 843.400000 -1.689256 1.131810
0.487851 0.466465 843.500000 -1.578318 1.080493
0.487921 0.466484 843.600000 -1.468041 1.118896
0.487970 0.466546 843.700000 -1.341627 1.403130
0.487995 0.466675 843.800000 -1.182906 1.763688
0.487997 0.466786 843.900000 -1.010318 1.678741
0.487981 0.466904 844.000000 -0.840569 1.707422
0.487949 0.467073 844.100000 -0.657438 1.946329
0.487904 0.467252 844.200000 -0.460124 1.989991
0.487850 0.467432 844.300000 -0.260504 1.992335
0.487793 0.467632 844.400000 -0.056550 2.076740
0.487736 0.467851 844.500000 0.155516 2.154285
0.487686 0.468019 844.600000 0.360824 1.941286
0.487647 0.468207 844.700000 0.559908 2.030971
0.487624 0.468378 844.800000 0.759591 1.952903
0.487620 0.468563 844.900000 0.958522 2.016456
0.487642 0.468740 845.000000 1.158918 1.981962
0.487692 0.468874 845.100000 1.348004 1.790514
0.487771 0.468993 845.200000 1.523763 1.716483
0.487883 0.469095 845.300000 1.691708 1.634701
0.488026 0.469156 845.400000 1.843924 1.402358
0.488198 0.469176 845.500000 1.970631 1.125766
0.488395 0.469175 845.600000 2.075227 0.961562
0.488619 0.469199 845.700000 2.181407 1.158349
0.488869 0.469185 845.800000 2.281507 0.838995
0.489139 0.469158 845.900000 2.358097 0.689786
0.489424 0.469108 846.000000 2.407874 0.303530
0.489716 0.469054 846.100000 2.432776 0.194208
0.490013 0.469000 846.200000 2.449908 0.148694
0.490308 0.468949 846.300000 2.444353 -0.259308
0.490593 0.468904 846.400000 2.410401 -0.417222
0.490862 0.468878 846.500000 2.353806 -0.711406
0.491107 0.468890 846.600000 2.264766 -1.064710
0.491322 0.468928 846.700000 2.148170 -1.260814
0.491503 0.468994 846.800000 2.013207 -1.431114
0.491651 0.469074 846.900000 1.865521 -1.514527
0.491765 0.469163 847.000000 1.711268 -1.562082
0.491847 0.469308 847.100000 1.540531 -1.844080
0.491896 0.469509 847.200000 1.343480 -2.087042
0.491913 0.469735 847.300000 1.129381 -2.183943
0.491903 0.470030 847.400000 0.897921 -2.433885
0.491870 0.470325 847.500000 0.653674 -2.438567
0.491821 0.470652 847.600000 0.403866 -2.545202
0.491765 0.470948 847.700000 0.153818 -2.442938
0.491707 0.471225 847.800000 -0.087612 -2.373492
0.491656 0.471523 847.900000 -0.329363 -2.449833
0.491617 0.471836 848.000000 -0.577516 -2.501272
0.491600 0.472149 848.100000 -0.828171 -2.499751
0.491610 0.472432 848.200000 -1.073646 -2.397778
0.491653 0.472679 848.300000 -1.307421 -2.266389
0.491731 0.472865 848.400000 -1.522603 -2.026683
0.491848 0.473030 848.500000 -1.721149 -1.934984
0.492001 0.473110 848.600000 -1.894268 -1.518649
0.492189 0.473178 848.700000 -2.042725 -1.443938
0.492411 0.473220 848.800000 -2.179690 -1.289229
0.492662 0.473213 848.900000 -2.289903 -0.909731
0.492934 0.473180 849.000000 -2.366871 -0.626284
0.493219 0.473132 849.100000 -2.415692 -0.348207
0.493509 0.473076 849.200000 -2.429973 0.063107
0.493796 0.473021 849.300000 -2.420741 0.119987
0.494075 0.472974 849.400000 -2.395217 0.388692
0.494341 0.472939 849.500000 -2.346543 0.581677
0.494584 0.472957 849.600000 -2.261261 1.119926
0.494798 0.472963 849.700000 -2.153756 1.023480
0.494989 0.472961 849.800000 -2.054300 0.959492
0.495154 0.472983 849.900000 -1.948806 1.144608
0.495293 0.473012 850.000000 -1.831166 1.201537
0.495406 0.473053 850.100000 -1.706519 1.284543
0.495492 0.473128 850.200000 -1.567470 1.489227
0.495551 0.473231 850.300000 -1.410500 1.642019
0.495582 0.473366 850.400000 -1.238001 1.799134
0.495590 0.473508 850.500000 -1.055904 1.833279
0.495576 0.473645 850.600000 -0.873078 1.813630
0.495546 0.473788 850.700000 -0.690097 1.836566
0.495503 0.473930 850.800000 -0.506004 1.835862
0.495450 0.474104 850.900000 -0.314843 1.978023
0.495393 0.474250 851.000000 -0.122963 1.849611
0.495335 0.474405 851.100000 0.064837 1.897180
0.495280 0.474518 851.200000 0.244739 1.691503
0.495232 0.474635 851.300000 0.415612 1.717708
0.495194 0.474711 851.400000 0.576634 1.494432
0.495167 0.474798 851.500000 0.729642 1.558626
0.495154 0.474844 851.600000 0.873800 1.317169
0.495155 0.474898 851.700000 1.008435 1.369459
0.495173 0.474925 851.800000 1.136501 1.185584
0.495207 0.474940 851.900000 1.251212 1.103344
0.495256 0.474931 852.000000 1.351233 0.892236
0.495317 0.474895 852.100000 1.424675 0.572836
0.495386 0.474849 852.200000 1.473344 0.398435
0.495460 0.474796 852.300000 1.504506 0.223558
0.495536 0.474741 852.400000 1.509307 -0.127895
0.495606 0.474699 852.500000 1.478886 -0.479158
0.495667 0.474667 852.600000 1.422604 -0.643364
0.495714 0.474664 852.700000 1.343227 -0.940283
0.495746 0.474695 852.800000 1.235076 -1.217433
0.495761 0.474714 852.900000 1.117439 -1.128653
0.495762 0.474723 853.000000 1.008230 -1.049372
0.495752 0.474728 853.100000 0.904525 -1.019024
0.495731 0.474762 853.200000 0.791601 -1.233957
0.495699 0.474799 853.300000 0.666711 -1.257337
0.495658 0.474826 853.400000 0.543955 -1.191214
0.495610 0.474886 853.500000 0.413983 -1.402074
0.495556 0.474951 853.600000 0.271550 -1.439435
0.495499 0.475003 853.700000 0.131598 -1.352347
0.495441 0.475044 853.800000 -0.000770 -1.288245
0.495384 0.475070 853.900000 -0.124481 -1.179606
0.495329 0.475112 854.000000 -0.248116 -1.287326
0.495279 0.475116 854.100000 -0.363509 -1.014271
0.495234 0.475128 854.200000 -0.468218 -1.075071
0.495195 0.475134 854.300000 -0.573535 -1.026176
0.495165 0.475172 854.400000 -0.688258 -1.263516
0.495146 0.475196 854.500000 -0.810106 -1.167528
0.495137 0.475196 854.600000 -0.917274 -0.970446
0.495139 0.475196 854.700000 -1.014875 -0.977242
0.495153 0.475191 854.800000 -1.110622 -0.933373
0.495178 0.475159 854.900000 -1.189088 -0.631864
0.495211 0.475121 855.000000 -1.248232 -0.548485
0.495253 0.475088 855.100000 -1.306958 -0.623963
0.495304 0.475044 855.200000 -1.360068 -0.435801
0.495359 0.474990 855.300000 -1.390450 -0.170359
0.495413 0.474938 855.400000 -1.386473 0.250069
0.495462 0.474894 855.500000 -1.351907 0.439323
0.495503 0.474861 855.600000 -1.298781 0.620354
0.495532 0.474854 855.700000 -1.221986 0.911821
0.495549 0.474841 855.800000 -1.133446 0.853846
0.495554 0.474865 855.900000 -1.032189 1.166524
0.495545 0.474882 856.000000 -0.918037 1.110222
0.495525 0.474907 856.100000 -0.803503 1.174490
0.495494 0.474945 856.200000 -0.680955 1.270255
0.495453 0.475064 856.300000 -0.530723 1.727778
0.495402 0.475203 856.400000 -0.352802 1.821837
0.495346 0.475315 856.500000 -0.176353 1.697939
0.495288 0.475420 856.600000 -0.008188 1.656859
0.495232 0.475518 856.700000 0.156228 1.623252
0.495180 0.475604 856.800000 0.315506 1.554351
0.495134 0.475651 856.900000 0.459986 1.327719
0.495098 0.475721 857.000000 0.599850 1.463228
0.495072 0.475780 857.100000 0.743457 1.401968
0.495060 0.475844 857.200000 0.885634 1.435014
0.495062 0.475858 857.300000 1.011970 1.085025
0.495076 0.475843 857.400000 1.108232 0.835347
0.495101 0.475822 857.500000 1.188799 0.772413
0.495136 0.475794 857.600000 1.261922 0.686822
0.495181 0.475764 857.700000 1.329731 0.666603
0.495234 0.475717 857.800000 1.381445 0.365034
0.495294 0.475672 857.900000 1.421305 0.431055
0.495362 0.475629 858.000000 1.465985 0.461128
0.495437 0.475582 858.100000 1.508453 0.386688
0.495518 0.475533 858.200000 1.543844 0.319969
0.495602 0.475478 858.300000 1.561339 0.029123
0.495685 0.475424 858.400000 1.553948 -0.176317
0.495764 0.475372 858.500000 1.532408 -0.252813
0.495838 0.475325 858.600000 1.501654 -0.360263
0.495903 0.475289 858.700000 1.454533 -0.579617
0.495959 0.475250 858.800000 1.398444 -0.538565
0.496006 0.475220 858.900000 1.338476 -0.657427
0.496043 0.475188 859.000000 1.273818 -0.631808
0.496070 0.475158 859.100000 1.208878 -0.663216
0.496088 0.475133 859.200000 1.139767 -0.715107
0.496096 0.475113 859.300000 1.064638 -0.783367
0.496094 0.475114 859.400000 0.975980 -0.985390
0.496080 0.475129 859.500000 0.871531 -1.098214
0.496056 0.475155 859.600000 0.757524 -1.176055
0.496022 0.475158 859.700000 0.648294 -1.002333
0.495983 0.475148 859.800000 0.553890 -0.880453
0.495938 0.475118 859.900000 0.476474 -0.663236
0.495890 0.475098 860.000000 0.404122 -0.780268
0.495839 0.475067 860.100000 0.332944 -0.639229
0.495785 0.475031 860.200000 0.271941 -0.577496
0.495730 0.474998 860.300000 0.211603 -0.626260
0.495674 0.474951 860.400000 0.162072 -0.361143
0.495618 0.474900 860.500000 0.130450 -0.269427
0.495561 0.474856 860.600000 0.094204 -0.454113
0.495503 0.474819 860.700000 0.043992 -0.547820
0.495446 0.474775 860.800000 -0.005422 -0.437721
0.495388 0.474743 860.900000 -0.059322 -0.638138
0.495332 0.474725 861.000000 -0.131124 -0.794784
0.495277 0.474689 861.100000 -0.199963 -0.578109
0.495223 0.474670 861.200000 -0.268275 -0.785388
0.495173 0.474647 861.300000 -0.345022 -0.745802
0.495125 0.474614 861.400000 -0.413378 -0.617792
0.495081 0.474576 861.500000 -0.471433 -0.540457
0.495039 0.474536 861.600000 -0.524452 -0.517489
0.495001 0.474504 861.700000 -0.581791 -0.626995
0.494966 0.474452 861.800000 -0.624706 -0.228469
0.494933 0.474398 861.900000 -0.642319 -0.122970
0.494901 0.474344 862.000000 -0.656240 -0.155178
0.494869 0.474291 862.100000 -0.673238 -0.184342
0.494841 0.474250 862.200000 -0.706972 -0.489768
0.494817 0.474207 862.300000 -0.754420 -0.457141
0.494795 0.474155 862.400000 -0.788884 -0.230235
0.494776 0.474101 862.500000 -0.805209 -0.095510
0.494755 0.474048 862.600000 -0.801013 0.179504
0.494733 0.474000 862.700000 -0.774216 0.355154
0.494707 0.473953 862.800000 -0.737544 0.376134
0.494679 0.473900 862.900000 -0.709647 0.179559
0.494648 0.473858 863.000000 -0.677668 0.458786
0.494614 0.473818 863.100000 -0.629314 0.505684
0.494575 0.473788 863.200000 -0.571098 0.655832
0.494533 0.473752 863.300000 -0.509275 0.577083
0.494487 0.473723 863.400000 -0.446888 0.667548
0.494438 0.473699 863.500000 -0.376573 0.735225
0.494386 0.473709 863.600000 -0.286991 1.052611
0.494331 0.473707 863.700000 -0.186281 0.956223
0.494274 0.473693 863.800000 -0.096024 0.844076
0.494217 0.473674 863.900000 -0.014532 0.781539
0.494160 0.473644 864.000000 0.057380 0.652821
0.494103 0.473595 864.100000 0.106582 0.327996
0.494047 0.473549 864.200000 0.143137 0.401536
0.493992 0.473502 864.300000 0.180921 0.352226
0.493937 0.473452 864.400000 0.212993 0.287563
0.493884 0.473402 864.500000 0.242244 0.296147
0.493831 0.473350 864.600000 0.268598 0.229594
0.493779 0.473303 864.700000 0.297906 0.355560
0.493728 0.473254 864.800000 0.331026 0.305240
0.493679 0.473204 864.900000 0.360769 0.288272
0.493630 0.473157 865.000000 0.393500 0.365105
0.493584 0.473117 865.100000 0.437312 0.509525
0.493541 0.473068 865.200000 0.478480 0.311531
0.493498 0.473014 865.300000 0.500347 0.124495
0.493457 0.472966 865.400000 0.522719 0.322587
0.493417 0.472914 865.500000 0.549973 0.221168
0.493379 0.472859 865.600000 0.562540 0.029334
0.493340 0.472805 865.700000 0.566951 0.059030
0.493301 0.472751 865.800000 0.563946 -0.119139
0.493262 0.472701 865.900000 0.544525 -0.268425
0.493220 0.472654 866.000000 0.512150 -0.377459
0.493176 0.472606 866.100000 0.476203 -0.339366
0.493130 0.472557 866.200000 0.444738 -0.288010
0.493083 0.472510 866.300000 0.412104 -0.363018
0.493035 0.472462 866.400000 0.376423 -0.348604
0.492984 0.472414 866.500000 0.342124 -0.335454
0.492933 0.472363 866.600000 0.313318 -0.238822
0.492881 0.472320 866.700000 0.278487 -0.456471
0.492827 0.472296 866.800000 0.219606 -0.718765
0.492771 0.472273 866.900000 0.146453 -0.740626
0.492715 0.472230 867.000000 0.086969 -0.445311
0.492658 0.472180 867.100000 0.050416 -0.283497
0.492601 0.472127 867.200000 0.028021 -0.162958
0.492545 0.472073 867.300000 0.021440 0.032174
0.492488 0.472018 867.400000 0.020912 -0.042899
0.492431 0.471964 867.500000 0.019576 0.016417
0.492374 0.471911 867.600000 0.027035 0.132685
0.492318 0.471858 867.700000 0.043427 0.194534
0.492261 0.471804 867.800000 0.050943 -0.045168
0.492205 0.471757 867.900000 0.031672 -0.340027
0.492148 0.471711 868.000000 -0.004392 -0.379546
0.492091 0.471667 868.100000 -0.044870 -0.428144
0.492035 0.471623 868.200000 -0.087699 -0.426354
0.491979 0.471575 868.300000 -0.125693 -0.331448
0.491924 0.471527 868.400000 -0.158814 -0.329395
0.491869 0.471476 868.500000 -0.186821 -0.229198
0.491815 0.471426 868.600000 -0.212545 -0.284232
0.491762 0.471385 868.700000 -0.250526 -0.474101
0.491711 0.471338 868.800000 -0.292332 -0.359806
0.491660 0.471289 868.900000 -0.325024 -0.292381
0.491611 0.471238 869.000000 -0.351840 -0.242661
0.491562 0.471188 869.100000 -0.377633 -0.272176
0.491515 0.471140 869.200000 -0.407602 -0.326046
0.491470 0.471092 869.300000 -0.441480 -0.350115
0.491427 0.471044 869.400000 -0.474307 -0.304918
0.491384 0.470992 869.500000 -0.500526 -0.218171
0.491343 0.470939 869.600000 -0.518640 -0.143280
0.491304 0.470890 869.700000 -0.539761 -0.278716
0.491266 0.470844 869.800000 -0.573112 -0.387204
0.491230 0.470790 869.900000 -0.594352 -0.035943
0.491194 0.470736 870.000000 -0.599069 -0.058512
0.491158 0.470682 870.100000 -0.601608 0.007709
0.491121 0.470639 870.200000 -0.579331 0.437525
0.491081 0.470604 870.300000 -0.528829 0.570056
0.491037 0.470580 870.400000 -0.463944 0.724572
0.490990 0.470544 870.500000 -0.399475 0.560980
0.490940 0.470510 870.600000 -0.341702 0.591504
0.490888 0.470469 870.700000 -0.288117 0.477075
0.490835 0.470435 870.800000 -0.234176 0.599254
0.490781 0.470391 870.900000 -0.183566 0.409855
0.490726 0.470341 871.000000 -0.149698 0.265364
0.490670 0.470292 871.100000 -0.120947 0.308268
0.490614 0.470246 871.200000 -0.087870 0.351693
0.490558 0.470199 871.300000 -0.052299 0.357951
0.490502 0.470150 871.400000 -0.019819 0.289842
0.490446 0.470096 871.500000 -0.001639 0.072298
0.490389 0.470043 871.600000 -0.004229 -0.124458
0.490333 0.469995 871.700000 -0.026450 -0.319367
0.490277 0.469944 871.800000 -0.054185 -0.233765
0.490221 0.469892 871.900000 -0.074039 -0.162176
0.490165 0.469838 872.000000 -0.080139 0.040963
0.490109 0.469785 872.100000 -0.074021 0.081143
0.490054 0.469732 872.200000 -0.077036 -0.141889
0.489998 0.469681 872.300000 -0.094519 -0.207111
0.489943 0.469632 872.400000 -0.120057 -0.302685
0.489888 0.469587 872.500000 -0.154777 -0.390276
0.489834 0.469542 872.600000 -0.193649 -0.385299
0.489780 0.469489 872.700000 -0.219166 -0.123220
0.489728 0.469440 872.800000 -0.240746 -0.307906
0.489676 0.469395 872.900000 -0.275043 -0.376622
0.489625 0.469345 873.000000 -0.307641 -0.273606
0.489575 0.469291 873.100000 -0.321572 -0.003816
0.489525 0.469239 873.200000 -0.315172 0.131691
0.489474 0.469187 873.300000 -0.299120 0.188547
0.489422 0.469136 873.400000 -0.279450 0.203754
0.489370 0.469100 873.500000 -0.241017 0.563778
0.489316 0.469058 873.600000 -0.190226 0.449118
0.489261 0.469015 873.700000 -0.145610 0.440898
0.489205 0.468973 873.800000 -0.101579 0.437459
0.489150 0.468926 873.900000 -0.062399 0.343917
0.489094 0.468873 874.000000 -0.038968 0.122963
0.489038 0.468820 874.100000 -0.029457 0.066636
0.488982 0.468766 874.200000 -0.027865 -0.035148
0.488926 0.468713 874.300000 -0.028434 0.023921
0.488870 0.468660 874.400000 -0.035391 -0.163190
0.488814 0.468607 874.500000 -0.044068 -0.009561
0.488759 0.468553 874.600000 -0.042336 0.044238
0.488703 0.468500 874.700000 -0.040656 -0.010888
0.488647 0.468451 874.800000 -0.027488 0.274295
0.488591 0.468399 874.900000 -0.004499 0.184106
0.488535 0.468353 875.000000 0.022762 0.360215
0.488480 0.468306 875.100000 0.058343 0.349632
0.488425 0.468269 875.200000 0.102478 0.531372
0.488370 0.468247 875.300000 0.166358 0.743664
0.488318 0.468224 875.400000 0.239939 0.724356
0.488268 0.468195 875.500000 0.309619 0.665787
0.488220 0.468164 875.600000 0.373957 0.617826
0.488175 0.468129 875.700000 0.433933 0.578814
0.488133 0.468087 875.800000 0.484783 0.435535
0.488092 0.468037 875.900000 0.519965 0.266198
0.488054 0.467987 876.000000 0.545318 0.239801
0.488016 0.467934 876.100000 0.560265 0.058215
0.487978 0.467881 876.200000 0.563913 0.014739
0.487940 0.467828 876.300000 0.561496 -0.062866
0.487902 0.467774 876.400000 0.555158 -0.063310
0.487863 0.467728 876.500000 0.535032 -0.338624
0.487821 0.467686 876.600000 0.495591 -0.448250
0.487778 0.467641 876.700000 0.453165 -0.397815
0.487732 0.467598 876.800000 0.411903 -0.425217
0.487683 0.467562 876.900000 0.363120 -0.548146
0.487633 0.467522 877.000000 0.311627 -0.478811
0.487582 0.467481 877.100000 0.263866 -0.473877
0.487529 0.467436 877.200000 0.221606 -0.368832
0.487475 0.467393 877.300000 0.182205 -0.417267
0.487421 0.467356 877.400000 0.133739 -0.549895
0.487366 0.467308 877.500000 0.091638 -0.289326
0.487310 0.467271 877.600000 0.050313 -0.535710
0.487255 0.467241 877.700000 -0.008640 -0.640680
0.487200 0.467207 877.800000 -0.069862 -0.580578
0.487145 0.467170 877.900000 -0.125452 -0.528391
0.487091 0.467122 878.000000 -0.167283 -0.305669
0.487038 0.467072 878.100000 -0.194752 -0.242280
0.486985 0.467024 878.200000 -0.221399 -0.289552
0.486933 0.466975 878.300000 -0.249130 -0.263745
0.486882 0.466922 878.400000 -0.267660 -0.105670
0.486831 0.466870 878.500000 -0.279655 -0.133845
0.486781 0.466819 878.600000 -0.296571 -0.203955
0.486731 0.466767 878.700000 -0.311921 -0.102188
0.486681 0.466714 878.800000 -0.322253 -0.104099
0.486632 0.466661 878.900000 -0.330231 -0.055097
0.486583 0.466608 879.000000 -0.337061 -0.081394
0.486535 0.466558 879.100000 -0.350704 -0.191248
0.486487 0.466510 879.200000 -0.375588 -0.305667
0.486442 0.466463 879.300000 -0.407691 -0.335072
0.486397 0.466416 879.400000 -0.440936 -0.328379
0.486354 0.466366 879.500000 -0.467664 -0.204758
0.486312 0.466313 879.600000 -0.479953 -0.040245
0.486270 0.466260 879.700000 -0.475830 0.122664
0.486227 0.466208 879.800000 -0.467691 0.039262
0.486184 0.466155 879.900000 -0.460269 0.108765
0.486140 0.466106 880.000000 -0.442727 0.241313
0.486095 0.466055 880.100000 -0.420750 0.196790
0.486048 0.466006 880.200000 -0.396856 0.279915
0.486001 0.465959 880.300000 -0.366985 0.315917
0.485952 0.465919 880.400000 -0.327582 0.470408
0.485901 0.465875 880.500000 -0.283608 0.406566
0.485849 0.465836 880.600000 -0.239032 0.482811
0.485796 0.465797 880.700000 -0.189999 0.495348
0.485742 0.465770 880.800000 -0.130975 0.682594
0.485687 0.465742 880.900000 -0.063519 0.663065
0.485632 0.465717 881.000000 0.004733 0.698670
0.485577 0.465716 881.100000 0.087656 0.956345
0.485524 0.465706 881.200000 0.179060 0.867042
0.485473 0.465684 881.300000 0.259374 0.735032
0.485424 0.465674 881.400000 0.339871 0.871399
0.485379 0.465647 881.500000 0.417591 0.678855
0.485337 0.465610 881.600000 0.478027 0.526717
0.485298 0.465583 881.700000 0.537916 0.668690
0.485264 0.465549 881.800000 0.600726 0.584476
0.485234 0.465530 881.900000 0.668188 0.762177
0.485210 0.465499 882.000000 0.738110 0.632832
0.485191 0.465464 882.100000 0.797515 0.552509
0.485177 0.465423 882.200000 0.848509 0.465030
0.485166 0.465377 882.300000 0.888509 0.333097
0.485159 0.465328 882.400000 0.918263 0.260763
0.485154 0.465277 882.500000 0.938435 0.141852
0.485150 0.465224 882.600000 0.946684 0.022889
0.485147 0.465176 882.700000 0.962407 0.291956
0.485147 0.465125 882.800000 0.985822 0.175372
0.485149 0.465073 882.900000 0.998940 0.086612
0.485152 0.465022 883.000000 1.011273 0.160143
0.485155 0.464969 883.100000 1.014879 -0.088320
0.485158 0.464917 883.200000 1.007098 -0.066360
0.485159 0.464868 883.300000 0.991129 -0.252190
0.485155 0.464825 883.400000 0.957503 -0.418591
0.485148 0.464784 883.500000 0.913577 -0.457371
0.485135 0.464755 883.600000 0.858631 -0.638845
0.485115 0.464731 883.700000 0.791028 -0.709609
0.485089 0.464728 883.800000 0.708590 -0.935256
0.485055 0.464719 883.900000 0.617360 -0.884347
0.485017 0.464699 884.000000 0.535153 -0.755110
0.484974 0.464686 884.100000 0.455210 -0.839739
0.484926 0.464675 884.200000 0.370437 -0.851332
0.484876 0.464702 884.300000 0.268272 -1.187588
0.484822 0.464735 884.400000 0.146955 -1.232750
0.484767 0.464774 884.500000 0.021589 -1.268398
0.484713 0.464814 884.600000 -0.106067 -1.278433
0.484661 0.464845 884.700000 -0.231336 -1.220656
0.484614 0.464888 884.800000 -0.357639 -1.299484
0.484573 0.464950 884.900000 -0.493896 -1.419413
0.484541 0.465007 885.000000 -0.635108 -1.398046
0.484520 0.465066 885.100000 -0.775437 -1.401949
0.484513 0.465134 885.200000 -0.918931 -1.461381
0.484521 0.465176 885.300000 -1.057103 -1.295293
0.484545 0.465191 885.400000 -1.176706 -1.090882
0.484582 0.465188 885.500000 -1.278282 -0.935818
0.484635 0.465194 885.600000 -1.376268 -1.019914
0.484701 0.465173 885.700000 -1.464671 -0.743792
0.484779 0.465143 885.800000 -1.534144 -0.642721
0.484866 0.465099 885.900000 -1.585333 -0.378627
0.484959 0.465051 886.000000 -1.617833 -0.270297
0.485052 0.465002 886.100000 -1.617777 0.271955
0.485138 0.464965 886.200000 -1.578028 0.520876
0.485213 0.464937 886.300000 -1.519140 0.653523
0.485275 0.464937 886.400000 -1.438189 0.961519
0.485321 0.464951 886.500000 -1.335403 1.088719
0.485350 0.464986 886.600000 -1.218352 1.246230
0.485362 0.465051 886.700000 -1.083596 1.442123
0.485358 0.465085 886.800000 -0.949139 1.239334
0.485341 0.465142 886.900000 -0.817350 1.389826
0.485311 0.465225 887.000000 -0.669820 1.553495
0.485272 0.465276 887.100000 -0.523930 1.356263
0.485225 0.465358 887.200000 -0.378542 1.544530
0.485173 0.465466 887.300000 -0.216531 1.687858
0.485119 0.465611 887.400000 -0.038110 1.872115
0.485065 0.465736 887.500000 0.144631 1.773421
0.485016 0.465842 887.600000 0.317561 1.676474
0.484975 0.465954 887.700000 0.487220 1.708571
0.484945 0.466065 887.800000 0.658261 1.704027
0.484928 0.466128 887.900000 0.815503 1.432705
0.484925 0.466193 888.000000 0.959697 1.444490
0.484940 0.466273 888.100000 1.108821 1.531331
0.484974 0.466334 888.200000 1.256886 1.422947
0.485029 0.466395 888.300000 1.399219 1.417305
0.485108 0.466442 888.400000 1.537167 1.335339
0.485209 0.466477 888.500000 1.666266 1.240811
0.485331 0.466464 888.600000 1.770827 0.845087
0.485468 0.466435 888.700000 1.845413 0.643340
0.485618 0.466400 888.800000 1.905270 0.551535
0.485775 0.466348 888.900000 1.939169 0.124657
0.485933 0.466296 889.000000 1.947925 0.050819
0.486091 0.466245 889.100000 1.943403 -0.140530
0.486243 0.466201 889.200000 1.916107 -0.403728
0.486386 0.466159 889.300000 1.873999 -0.435471
0.486517 0.466129 889.400000 1.820529 -0.630844
0.486636 0.466104 889.500000 1.754386 -0.687972
0.486739 0.466096 889.600000 1.675131 -0.892845
0.486825 0.466095 889.700000 1.582431 -0.955885
0.486893 0.466107 889.800000 1.480955 -1.068118
0.486942 0.466160 889.900000 1.358770 -1.369563
0.486971 0.466227 890.000000 1.216825 -1.461881
0.486980 0.466306 890.100000 1.067114 -1.524491
0.486972 0.466404 890.200000 0.908594 -1.637839
0.486948 0.466485 890.300000 0.749172 -1.542017
0.486914 0.466558 890.400000 0.596996 -1.493504
0.486870 0.466621 890.500000 0.450122 -1.436266
0.486821 0.466709 890.600000 0.298945 -1.579947
0.486767 0.466794 890.700000 0.141319 -1.564611
0.486713 0.466860 890.800000 -0.010053 -1.455010
0.486659 0.466935 890.900000 -0.158441 -1.505551
0.486610 0.467023 891.000000 -0.312971 -1.577673
0.486568 0.467104 891.100000 -0.469452 -1.544291
0.486534 0.467131 891.200000 -0.606440 -1.188055
0.486509 0.467149 891.300000 -0.722406 -1.125683
0.486494 0.467183 891.400000 -0.840724 -1.235487
0.486490 0.467182 891.500000 -0.951068 -0.965688
0.486497 0.467181 891.600000 -1.047049 -0.949634
0.486514 0.467151 891.700000 -1.126309 -0.631371
0.486538 0.467118 891.800000 -1.188009 -0.600062
0.486570 0.467077 891.900000 -1.239842 -0.434227
0.486605 0.467026 892.000000 -1.269431 -0.156011
0.486644 0.466976 892.100000 -1.288900 -0.233246
0.486683 0.466925 892.200000 -1.294707 0.117619
0.486721 0.466873 892.300000 -1.285039 0.074500
0.486756 0.466827 892.400000 -1.263712 0.351038
0.486787 0.466779 892.500000 -1.232403 0.272770
0.486814 0.466731 892.600000 -1.205412 0.265079
0.486836 0.466690 892.700000 -1.169640 0.448450
0.486852 0.466649 892.800000 -1.124361 0.454312
0.486862 0.466615 892.900000 -1.073268 0.564738
0.486864 0.466593 893.000000 -1.007763 0.742027
0.486859 0.466569 893.100000 -0.935379 0.701480
0.486846 0.466548 893.200000 -0.862547 0.751225
0.486826 0.466535 893.300000 -0.782864 0.838270
0.486799 0.466521 893.400000 -0.699630 0.821876
0.486765 0.466516 893.500000 -0.612039 0.925518
0.486725 0.466554 893.600000 -0.502297 1.264450
0.486678 0.466603 893.700000 -0.371406 1.346865
0.486627 0.466658 893.800000 -0.234473 1.384954
0.486573 0.466716 893.900000 -0.094710 1.403328
0.486519 0.466753 894.000000 0.038918 1.262233
0.486466 0.466789 894.100000 0.165269 1.258564
0.486416 0.466821 894.200000 0.289769 1.225283
0.486371 0.466829 894.300000 0.403014 1.033692
0.486331 0.466837 894.400000 0.507167 1.044463
0.486297 0.466827 894.500000 0.603010 0.867475
0.486268 0.466807 894.600000 0.684379 0.755903
0.486246 0.466783 894.700000 0.757568 0.704470
0.486229 0.466745 894.800000 0.818974 0.520543
0.486216 0.466700 894.900000 0.861900 0.335809
0.486207 0.466659 895.000000 0.901251 0.449985
0.486203 0.466613 895.100000 0.941247 0.348155
0.486201 0.466567 895.200000 0.974251 0.310681
0.486202 0.466515 895.300000 0.992612 0.055488
0.486202 0.466467 895.400000 0.982025 -0.267020
0.486198 0.466420 895.500000 0.953321 -0.305241
0.486191 0.466373 895.600000 0.922044 -0.318325
0.486180 0.466335 895.700000 0.881152 -0.497466
0.486164 0.466303 895.800000 0.826026 -0.602168
0.486143 0.466271 895.900000 0.766183 -0.591288
0.486116 0.466240 896.000000 0.705614 -0.616782
0.486086 0.466198 896.100000 0.652892 -0.434232
0.486051 0.466173 896.200000 0.596473 -0.691683
0.486012 0.466173 896.300000 0.513440 -0.965279
0.485967 0.466207 896.400000 0.403059 -1.237307
0.485917 0.466233 896.500000 0.281437 -1.188796
0.485864 0.466259 896.600000 0.162720 -1.179536
0.485810 0.466278 896.700000 0.047105 -1.126828
0.485756 0.466322 896.800000 -0.075275 -1.315185
0.485704 0.466320 896.900000 -0.188412 -0.941059
0.485654 0.466307 897.000000 -0.277995 -0.846035
0.485608 0.466315 897.100000 -0.372366 -1.037353
0.485566 0.466310 897.200000 -0.469970 -0.909778
0.485529 0.466294 897.300000 -0.556244 -0.811427
0.485497 0.466257 897.400000 -0.622888 -0.517707
0.485467 0.466210 897.500000 -0.662859 -0.279464
0.485440 0.466167 897.600000 -0.696805 -0.398412
0.485416 0.466118 897.700000 -0.729131 -0.246474
0.485393 0.466067 897.800000 -0.748504 -0.140128
0.485371 0.466018 897.900000 -0.767313 -0.235733
0.485352 0.465968 898.000000 -0.785897 -0.135167
0.485333 0.465916 898.100000 -0.796358 -0.073771
0.485315 0.465864 898.200000 -0.799064 0.019614
0.485296 0.465813 898.300000 -0.794350 0.074157
0.485277 0.465761 898.400000 -0.792968 -0.047276
0.485258 0.465709 898.500000 -0.797336 -0.040254
0.485240 0.465658 898.600000 -0.804056 -0.094349
0.485222 0.465606 898.700000 -0.806207 0.051385
0.485204 0.465554 898.800000 -0.806107 -0.050054
0.485187 0.465504 898.900000 -0.815303 -0.134017
0.485171 0.465452 899.000000 -0.824153 -0.042731
0.485155 0.465400 899.100000 -0.823169 0.062216
0.485137 0.465352 899.200000 -0.808347 0.233512
0.485117 0.465307 899.300000 -0.778985 0.352156
0.485093 0.465273 899.400000 -0.732766 0.570109
0.485064 0.465241 899.500000 -0.674493 0.592153
0.485031 0.465211 899.600000 -0.613740 0.619645
0.484994 0.465183 899.700000 -0.549904 0.653700
0.484954 0.465143 899.800000 -0.494209 0.456667
0.484911 0.465110 899.900000 -0.441772 0.589575
0.484865 0.465069 900.000000 -0.390130 0.440123
0.484819 0.465021 900.100000 -0.355880 0.242482
0.484771 0.464971 900.200000 -0.333909 0.195568
0.484723 0.464922 900.300000 -0.313739 0.206688
0.484673 0.464880 900.400000 -0.282127 0.424375
0.484622 0.464841 900.500000 -0.237671 0.462508
0.484571 0.464807 900.600000 -0.185687 0.574776
0.484518 0.464788 900.700000 -0.118529 0.765440
0.484464 0.464778 900.800000 -0.037076 0.859783
0.484410 0.464766 900.900000 0.048495 0.847358
0.484358 0.464765 901.000000 0.138655 0.951676
0.484307 0.464766 901.100000 0.235423 0.979053
0.484259 0.464766 901.200000 0.332735 0.962464
0.484216 0.464776 901.300000 0.433478 1.047805
0.484178 0.464764 901.400000 0.528702 0.851688
0.484145 0.464768 901.500000 0.621316 0.996650
0.484119 0.464744 901.600000 0.706584 0.704078
0.484099 0.464710 901.700000 0.770046 0.562040
0.484083 0.464675 901.800000 0.825702 0.548675
0.484072 0.464639 901.900000 0.879688 0.528750
0.484065 0.464593 902.000000 0.921963 0.314563
0.484064 0.464562 902.100000 0.968169 0.608486
0.484068 0.464520 902.200000 1.019914 0.423874
0.484076 0.464473 902.300000 1.055521 0.286688
0.484087 0.464425 902.400000 1.081707 0.236135
0.484099 0.464374 902.500000 1.091639 -0.038117
0.484112 0.464323 902.600000 1.097158 0.149231
0.484127 0.464272 902.700000 1.107132 0.050069
0.484140 0.464222 902.800000 1.100692 -0.178567
0.484151 0.464175 902.900000 1.077934 -0.275172
0.484158 0.464133 903.000000 1.043424 -0.413117
0.484159 0.464098 903.100000 0.995266 -0.547473
0.484153 0.464078 903.200000 0.930557 -0.743516
0.484140 0.464054 903.300000 0.857779 -0.707898
0.484121 0.464029 903.400000 0.787558 -0.692579
0.484096 0.464006 903.500000 0.717097 -0.712815
0.484065 0.463983 903.600000 0.645774 -0.709762
0.484030 0.463970 903.700000 0.568211 -0.837656
0.483989 0.463952 903.800000 0.487430 -0.773523
0.483944 0.463958 903.900000 0.397373 -1.023566
0.483896 0.463960 904.000000 0.296840 -0.981827
0.483844 0.464002 904.100000 0.182545 -1.299068
0.483791 0.464035 904.200000 0.055786 -1.229594
0.483738 0.464058 904.300000 -0.064056 -1.161132
0.483686 0.464066 904.400000 -0.174186 -1.035736
0.483636 0.464051 904.500000 -0.266956 -0.814615
0.483590 0.464053 904.600000 -0.357065 -0.983677
0.483548 0.464050 904.700000 -0.452994 -0.930218
0.483511 0.464042 904.800000 -0.544050 -0.886530
0.483480 0.464040 904.900000 -0.635922 -0.946790
0.483455 0.464033 905.000000 -0.727858 -0.887567
0.483439 0.464026 905.100000 -0.817151 -0.894260
0.483430 0.464010 905.200000 -0.902335 -0.805403
0.483431 0.464014 905.300000 -0.992931 -1.002998
0.483444 0.464010 905.400000 -1.089235 -0.918621
0.483466 0.463989 905.500000 -1.172393 -0.740543
0.483496 0.463946 905.600000 -1.228926 -0.387026
0.483530 0.463896 905.700000 -1.255861 -0.150355
0.483567 0.463851 905.800000 -1.279750 -0.327327
0.483608 0.463805 905.900000 -1.311439 -0.305488
0.483655 0.463760 906.000000 -1.343510 -0.335071
0.483704 0.463710 906.100000 -1.367343 -0.140610
0.483753 0.463663 906.200000 -1.359381 0.299891
0.483798 0.463614 906.300000 -1.334295 0.199647
0.483838 0.463575 906.400000 -1.301284 0.458922
0.483870 0.463553 906.500000 -1.241835 0.727147
0.483892 0.463520 906.600000 -1.176721 0.570897
0.483906 0.463517 906.700000 -1.101364 0.932849
0.483909 0.463514 906.800000 -1.007430 0.940652
0.483900 0.463544 906.900000 -0.899679 1.209221
0.483878 0.463625 907.000000 -0.761490 1.548138
0.483846 0.463694 907.100000 -0.609878 1.476042
0.483804 0.463769 907.200000 -0.460114 1.511638
0.483756 0.463833 907.300000 -0.311670 1.449528
0.483704 0.463904 907.400000 -0.164359 1.489352
0.483651 0.464000 907.500000 -0.007848 1.633432
0.483599 0.464031 907.600000 0.135224 1.219897
0.483549 0.464096 907.700000 0.269208 1.453823
0.483506 0.464156 907.800000 0.413165 1.418256
0.483469 0.464188 907.900000 0.545978 1.231179
0.483440 0.464207 908.000000 0.664124 1.125914
0.483419 0.464219 908.100000 0.774170 1.069769
0.483409 0.464226 908.200000 0.879320 1.028336
0.483408 0.464225 908.300000 0.978793 0.956471
0.483420 0.464252 908.400000 1.086456 1.192545
0.483447 0.464288 908.500000 1.208975 1.252499
0.483492 0.464315 908.600000 1.331453 1.191461
0.483553 0.464324 908.700000 1.443738 1.049019
0.483632 0.464333 908.800000 1.548592 1.043584
0.483727 0.464317 908.900000 1.641052 0.801234
0.483835 0.464289 909.000000 1.713258 0.639735
0.483952 0.464241 909.100000 1.757995 0.252676
0.484073 0.464192 909.200000 1.780180 0.190672
0.484196 0.464141 909.300000 1.791578 0.037236
0.484319 0.464090 909.400000 1.790304 -0.062014
0.484439 0.464042 909.500000 1.776071 -0.221431
0.484554 0.463995 909.600000 1.750537 -0.287253
0.484660 0.463972 909.700000 1.700837 -0.704471
0.484753 0.463950 909.800000 1.628707 -0.733785
0.484831 0.463938 909.900000 1.550082 -0.834271
0.484896 0.463932 910.000000 1.462792 -0.906613
0.484947 0.463913 910.100000 1.379130 -0.761397
0.484984 0.463935 910.200000 1.282872 -1.159327
0.485006 0.463954 910.300000 1.168406 -1.123594
0.485015 0.463952 910.400000 1.064756 -0.943250
0.485013 0.463954 910.500000 0.967927 -0.988135
0.485002 0.463945 910.600000 0.874780 -0.869404
0.484982 0.463940 910.700000 0.785340 -0.914654
0.484956 0.463926 910.800000 0.698302 -0.821189
0.484923 0.463925 910.900000 0.609226 -0.955913
0.484884 0.463925 911.000000 0.513371 -0.956145
0.484841 0.463897 911.100000 0.432851 -0.649255
0.484796 0.463861 911.200000 0.373578 -0.532764
0.484748 0.463836 911.300000 0.313022 -0.675546
0.484698 0.463805 911.400000 0.248663 -0.608118
0.484647 0.463765 911.500000 0.195563 -0.450753
0.484595 0.463723 911.600000 0.152509 -0.407990
0.484543 0.463686 911.700000 0.107522 -0.489664
0.484490 0.463650 911.800000 0.056385 -0.530583
0.484436 0.463618 911.900000 0.000682 -0.580839
0.484384 0.463588 912.000000 -0.059484 -0.619598
0.484331 0.463558 912.100000 -0.121385 -0.615391
0.484280 0.463523 912.200000 -0.178667 -0.527257
0.484230 0.463487 912.300000 -0.231478 -0.526447
0.484180 0.463436 912.400000 -0.258904 -0.019556
0.484131 0.463386 912.500000 -0.266347 -0.129334
0.484083 0.463340 912.600000 -0.287286 -0.288955
0.484035 0.463296 912.700000 -0.318574 -0.335528
0.483989 0.463254 912.800000 -0.356056 -0.412605
0.483945 0.463210 912.900000 -0.394469 -0.353802
0.483902 0.463165 913.000000 -0.428362 -0.322505
0.483860 0.463119 913.100000 -0.458322 -0.275308
0.483820 0.463072 913.200000 -0.485457 -0.266262
0.483782 0.463029 913.300000 -0.517904 -0.381610
0.483745 0.462981 913.400000 -0.547933 -0.217344
0.483710 0.462932 913.500000 -0.568567 -0.194522
0.483677 0.462889 913.600000 -0.596620 -0.365867
0.483646 0.462846 913.700000 -0.633710 -0.374440
0.483618 0.462807 913.800000 -0.675418 -0.458191
0.483593 0.462768 913.900000 -0.721609 -0.463693
0.483573 0.462730 914.000000 -0.768920 -0.480592
0.483555 0.462684 914.100000 -0.807062 -0.280257
0.483541 0.462642 914.200000 -0.841165 -0.400824
0.483530 0.462596 914.300000 -0.876141 -0.297147
0.483521 0.462546 914.400000 -0.897698 -0.132951
0.483512 0.462498 914.500000 -0.895021 0.186708
0.483501 0.462455 914.600000 -0.867072 0.370906
0.483485 0.462413 914.700000 -0.828064 0.406983
0.483466 0.462373 914.800000 -0.786120 0.429481
0.483443 0.462335 914.900000 -0.740439 0.481617
0.483416 0.462310 915.000000 -0.681803 0.688355
0.483384 0.462273 915.100000 -0.622803 0.487886
0.483349 0.462238 915.200000 -0.571170 0.542046
0.483311 0.462205 915.300000 -0.515586 0.566663
0.483270 0.462176 915.400000 -0.456194 0.618101
0.483225 0.462151 915.500000 -0.391089 0.680729
0.483178 0.462139 915.600000 -0.314568 0.846116
0.483128 0.462134 915.700000 -0.226652 0.907862
0.483076 0.462112 915.800000 -0.145083 0.718909
0.483024 0.462085 915.900000 -0.075648 0.666148
0.482971 0.462069 916.000000 -0.002457 0.794353
0.482919 0.462052 916.100000 0.076337 0.777601
0.482867 0.462032 916.200000 0.152771 0.747267
0.482817 0.462018 916.300000 0.231110 0.815895
0.482770 0.461992 916.400000 0.305640 0.670772
0.482725 0.461968 916.500000 0.374393 0.701127
0.482683 0.461945 916.600000 0.444672 0.701173
0.482645 0.461933 916.700000 0.521742 0.836985
0.482612 0.461913 916.800000 0.601143 0.747142
0.482584 0.461885 916.900000 0.670645 0.639502
0.482561 0.461851 917.000000 0.730705 0.558870
0.482541 0.461811 917.100000 0.780409 0.432800
0.482525 0.461765 917.200000 0.816354 0.284354
0.482511 0.461717 917.300000 0.840400 0.195570
0.482498 0.461667 917.400000 0.854856 0.092989
0.482485 0.461617 917.500000 0.855415 -0.081848
0.482472 0.461567 917.600000 0.849173 -0.042139
0.482458 0.461518 917.700000 0.840616 -0.128373
0.482443 0.461468 917.800000 0.827438 -0.134123
0.482427 0.461418 917.900000 0.820485 -0.003854
0.482411 0.461368 918.000000 0.822725 0.049081
0.482395 0.461318 918.100000 0.818887 -0.125681
0.482378 0.461270 918.200000 0.803830 -0.174413
0.482359 0.461220 918.300000 0.789878 -0.103364
0.482339 0.461173 918.400000 0.772367 -0.245950
0.482316 0.461133 918.500000 0.739161 -0.416577
0.482290 0.461098 918.600000 0.691467 -0.534858
0.482259 0.461067 918.700000 0.634482 -0.601866
0.482225 0.461043 918.800000 0.570015 -0.684173
0.482186 0.461019 918.900000 0.500965 -0.693148
0.482144 0.460988 919.000000 0.436573 -0.591008
0.482099 0.460971 919.100000 0.367490 -0.787507
0.482050 0.460974 919.200000 0.278532 -0.987586
0.481999 0.461006 919.300000 0.167477 -1.228509
0.481947 0.461017 919.400000 0.052730 -1.060245
0.481895 0.461053 919.500000 -0.063304 -1.255179
0.481844 0.461076 919.600000 -0.184475 -1.162057
0.481797 0.461111 919.700000 -0.305383 -1.250437
0.481754 0.461116 919.800000 -0.418565 -1.007167
0.481716 0.461115 919.900000 -0.516634 -0.949437
0.481684 0.461091 920.000000 -0.599371 -0.700853
0.481656 0.461072 920.100000 -0.672630 -0.761152
0.481634 0.461052 920.200000 -0.747596 -0.734754
0.481617 0.461017 920.300000 -0.811009 -0.530223
0.481606 0.460984 920.400000 -0.865960 -0.566579
0.481598 0.460939 920.500000 -0.909568 -0.303203
0.481594 0.460893 920.600000 -0.938601 -0.276426
0.481591 0.460843 920.700000 -0.955344 -0.057527
0.481589 0.460793 920.800000 -0.958336 -0.002505
0.481586 0.460743 920.900000 -0.957332 0.022112
0.481584 0.460694 921.000000 -0.960040 -0.076870
0.481581 0.460646 921.100000 -0.954103 0.195518
0.481576 0.460596 921.200000 -0.938919 0.106720
0.481570 0.460550 921.300000 -0.920770 0.255247
0.481561 0.460506 921.400000 -0.891402 0.330391
0.481548 0.460468 921.500000 -0.850936 0.476863
0.481532 0.460423 921.600000 -0.811528 0.308485
0.481513 0.460377 921.700000 -0.784062 0.238906
0.481492 0.460331 921.800000 -0.757478 0.291193
0.481468 0.460292 921.900000 -0.720666 0.443231
0.481440 0.460254 922.000000 -0.674562 0.476290
0.481410 0.460211 922.100000 -0.633775 0.336749
0.481376 0.460174 922.200000 -0.592276 0.491254
0.481341 0.460129 922.300000 -0.551468 0.322160
0.481302 0.460097 922.400000 -0.506635 0.572648
0.481262 0.460056 922.500000 -0.458479 0.387371
0.481219 0.460011 922.600000 -0.423869 0.302675
0.481175 0.459971 922.700000 -0.387428 0.424434
0.481129 0.459938 922.800000 -0.338321 0.555425
0.481081 0.459917 922.900000 -0.273540 0.737278
0.481031 0.459903 923.000000 -0.196027 0.809206
0.480980 0.459903 923.100000 -0.107438 0.958471
0.480928 0.459889 923.200000 -0.018277 0.819942
0.480876 0.459853 923.300000 0.047809 0.497694
0.480824 0.459806 923.400000 0.083719 0.218053
0.480772 0.459756 923.500000 0.099320 0.092930
0.480721 0.459707 923.600000 0.108734 0.094943
0.480670 0.459657 923.700000 0.114106 0.012074
0.480618 0.459608 923.800000 0.119171 0.089218
0.480567 0.459560 923.900000 0.133260 0.192203
0.480517 0.459518 924.000000 0.160978 0.361275
0.480467 0.459481 924.100000 0.203754 0.492543
0.480419 0.459445 924.200000 0.253430 0.498639
0.480372 0.459421 924.300000 0.312839 0.687213
0.480328 0.459401 924.400000 0.384950 0.751766
0.480288 0.459387 924.500000 0.463233 0.810375
0.480252 0.459371 924.600000 0.543309 0.787367
0.480220 0.459347 924.700000 0.616901 0.680854
0.480193 0.459307 924.800000 0.672558 0.429214
0.480169 0.459272 924.900000 0.720654 0.530915
0.480149 0.459230 925.000000 0.765637 0.366481
0.480131 0.459183 925.100000 0.795679 0.232926
0.480116 0.459144 925.200000 0.828757 0.427878
0.480105 0.459105 925.300000 0.872503 0.445355
0.480099 0.459061 925.400000 0.912107 0.344946
0.480095 0.459016 925.500000 0.942810 0.267861
0.480093 0.458969 925.600000 0.966731 0.209705
0.480093 0.458919 925.700000 0.977333 0.001784
0.480093 0.458870 925.800000 0.979402 0.040090
0.480093 0.458820 925.900000 0.984170 0.055562
0.480094 0.458771 926.000000 0.988886 0.038971
0.480095 0.458721 926.100000 0.988771 -0.040952
0.480094 0.458677 926.200000 0.970812 -0.317550
0.480090 0.458635 926.300000 0.936541 -0.365801
0.480080 0.458611 926.400000 0.883793 -0.686910
0.480063 0.458605 926.500000 0.804307 -0.898960
0.480038 0.458620 926.600000 0.704225 -1.097850
0.480005 0.458640 926.700000 0.592366 -1.133535
0.479966 0.458661 926.800000 0.478459 -1.138701
0.479921 0.458708 926.900000 0.354155 -1.341510
0.479871 0.458821 927.000000 0.200028 -1.734226
0.479820 0.458935 927.100000 0.025759 -1.742481
0.479769 0.459045 927.200000 -0.147819 -1.720433
0.479723 0.459166 927.300000 -0.323078 -1.776307
0.479685 0.459304 927.400000 -0.505566 -1.864823
0.479659 0.459409 927.500000 -0.683934 -1.693561
0.479646 0.459515 927.600000 -0.853791 -1.695540
0.479650 0.459601 927.700000 -1.018523 -1.591138
0.479673 0.459685 927.800000 -1.176990 -1.570849
0.479717 0.459754 927.900000 -1.330083 -1.483813
0.479782 0.459808 928.000000 -1.474074 -1.389337
0.479869 0.459827 928.100000 -1.599935 -1.121736
0.479974 0.459836 928.200000 -1.708461 -1.044041
0.480098 0.459830 928.300000 -1.805927 -0.900972
0.480239 0.459814 928.400000 -1.890387 -0.784668
0.480392 0.459775 928.500000 -1.952512 -0.454888
0.480553 0.459729 928.600000 -1.987525 -0.244084
0.480719 0.459681 928.700000 -2.007960 -0.164426
0.480885 0.459632 928.800000 -2.012489 0.073674
0.481049 0.459582 928.900000 -2.005465 0.065410
0.481210 0.459537 929.000000 -1.988407 0.274428
0.481363 0.459501 929.100000 -1.949991 0.491542
0.481505 0.459472 929.200000 -1.894242 0.620023
0.481630 0.459476 929.300000 -1.813145 0.997921
0.481734 0.459503 929.400000 -1.703461 1.189903
0.481816 0.459553 929.500000 -1.575489 1.362796
0.481875 0.459601 929.600000 -1.439661 1.346239
0.481915 0.459652 929.700000 -1.303628 1.367018
0.481936 0.459712 929.800000 -1.163811 1.421903
0.481940 0.459781 929.900000 -1.017854 1.489609
0.481930 0.459812 930.000000 -0.881879 1.222007
0.481908 0.459858 930.100000 -0.753865 1.331774
0.481877 0.459895 930.200000 -0.623478 1.268996
0.481839 0.459942 930.300000 -0.492955 1.334879
0.481794 0.459976 930.400000 -0.363325 1.250858
0.481745 0.460002 930.500000 -0.241202 1.185227
0.481694 0.460090 930.600000 -0.101725 1.598344
0.481643 0.460184 930.700000 0.060295 1.634093
0.481594 0.460266 930.800000 0.220542 1.562778
0.481549 0.460348 930.900000 0.377312 1.565011
0.481513 0.460426 931.000000 0.532871 1.538602
0.481487 0.460535 931.100000 0.696175 1.720143
0.481475 0.460596 931.200000 0.854191 1.431996
0.481476 0.460633 931.300000 0.989642 1.270374
0.481491 0.460673 931.400000 1.117843 1.287845
0.481521 0.460677 931.500000 1.232515 0.999775
0.481563 0.460659 931.600000 1.321437 0.774328
0.481614 0.460620 931.700000 1.381535 0.424461
0.481670 0.460577 931.800000 1.420342 0.350263
0.481731 0.460529 931.900000 1.447617 0.194208
0.481795 0.460482 932.000000 1.466581 0.184848
0.481861 0.460434 932.100000 1.483861 0.160581
0.481928 0.460386 932.200000 1.484411 -0.149651
0.481988 0.460358 932.300000 1.444941 -0.638272
0.482039 0.460327 932.400000 1.383794 -0.580782
0.482079 0.460316 932.500000 1.312283 -0.845887
0.482108 0.460306 932.600000 1.226939 -0.856131
0.482127 0.460296 932.700000 1.141112 -0.855570
0.482134 0.460301 932.800000 1.047718 -1.007504
0.482130 0.460305 932.900000 0.947164 -0.998053
0.482117 0.460316 933.000000 0.843848 -1.062844
0.482094 0.460342 933.100000 0.731076 -1.186917
0.482062 0.460376 933.200000 0.609071 -1.246949
0.482022 0.460460 933.300000 0.467473 -1.578543
0.481976 0.460528 933.400000 0.314366 -1.475552
0.481925 0.460593 933.500000 0.167071 -1.462884
0.481874 0.460633 933.600000 0.028801 -1.295175
0.481823 0.460665 933.700000 -0.097853 -1.231480
0.481774 0.460685 933.800000 -0.216684 -1.139088
0.481728 0.460715 933.900000 -0.334786 -1.217441
0.481687 0.460733 934.000000 -0.451916 -1.119287
0.481653 0.460758 934.100000 -0.566986 -1.176812
0.481627 0.460790 934.200000 -0.687919 -1.236304
0.481610 0.460807 934.300000 -0.805682 -1.113184
0.481603 0.460813 934.400000 -0.912133 -1.010722
0.481605 0.460799 934.500000 -1.003644 -0.814952
0.481616 0.460774 934.600000 -1.078463 -0.677890
0.481634 0.460741 934.700000 -1.139479 -0.539614
0.481657 0.460695 934.800000 -1.180072 -0.270148
0.481682 0.460646 934.900000 -1.195378 -0.035221
0.481706 0.460599 935.000000 -1.185788 0.226610
0.481725 0.460558 935.100000 -1.155010 0.387244
0.481741 0.460515 935.200000 -1.118573 0.338987
0.481751 0.460484 935.300000 -1.072302 0.584206
0.481754 0.460449 935.400000 -1.017077 0.516867
0.481753 0.460417 935.500000 -0.962908 0.563440
0.481745 0.460381 935.600000 -0.909294 0.505553
0.481731 0.460373 935.700000 -0.840191 0.873574
0.481710 0.460373 935.800000 -0.748453 0.956431
0.481680 0.460401 935.900000 -0.640094 1.205664
0.481643 0.460453 936.000000 -0.510856 1.372813
0.481598 0.460532 936.100000 -0.364380 1.549663
0.481549 0.460605 936.200000 -0.210614 1.517805
0.481498 0.460670 936.300000 -0.061509 1.456665
0.481447 0.460729 936.400000 0.082889 1.424054
0.481398 0.460754 936.500000 0.213360 1.178339
0.481352 0.460762 936.600000 0.324481 1.038358
0.481311 0.460778 936.700000 0.432002 1.107087
0.481275 0.460771 936.800000 0.531801 0.883624
0.481243 0.460751 936.900000 0.613040 0.737035
0.481216 0.460711 937.000000 0.671217 0.423165
0.481192 0.460675 937.100000 0.717465 0.500039
0.481172 0.460632 937.200000 0.759712 0.342786
0.481154 0.460587 937.300000 0.790705 0.275749
0.481138 0.460541 937.400000 0.816243 0.234052
0.481124 0.460495 937.500000 0.841120 0.262747
0.481113 0.460448 937.600000 0.862871 0.171387
0.481103 0.460403 937.700000 0.886044 0.291655
0.481096 0.460355 937.800000 0.905957 0.105608
0.481089 0.460306 937.900000 0.913455 0.044288
0.481082 0.460257 938.000000 0.914335 -0.026447
0.481074 0.460211 938.100000 0.900065 -0.258371
0.481064 0.460165 938.200000 0.875343 -0.234338
0.481051 0.460121 938.300000 0.848334 -0.304253
0.481035 0.460077 938.400000 0.818175 -0.296977
0.481016 0.460047 938.500000 0.773590 -0.592870
0.480991 0.460029 938.600000 0.705464 -0.766320
0.480960 0.460039 938.700000 0.614107 -1.056695
0.480922 0.460060 938.800000 0.503893 -1.142051
0.480879 0.460073 938.900000 0.392265 -1.084599
0.480832 0.460084 939.000000 0.285047 -1.054191
0.480783 0.460072 939.100000 0.189892 -0.843528
0.480732 0.460048 939.200000 0.113803 -0.673980
0.480681 0.460064 939.300000 0.024512 -1.108463
0.480631 0.460108 939.400000 -0.097156 -1.319425
0.480582 0.460145 939.500000 -0.226947 -1.269908
0.480537 0.460161 939.600000 -0.345989 -1.104741
0.480497 0.460158 939.700000 -0.448214 -0.934458
0.480461 0.460147 939.800000 -0.537505 -0.846974
0.480430 0.460126 939.900000 -0.616103 -0.721048
0.480403 0.460088 940.000000 -0.675285 -0.459334
0.480380 0.460047 940.100000 -0.717455 -0.382120
0.480359 0.460007 940.200000 -0.756738 -0.402023
0.480342 0.459968 940.300000 -0.799156 -0.444712
0.480328 0.459921 940.400000 -0.830463 -0.179623
0.480314 0.459872 940.500000 -0.839212 0.005115
0.480300 0.459823 940.600000 -0.840622 -0.033753
0.480287 0.459775 940.700000 -0.843555 -0.025174
0.480273 0.459728 940.800000 -0.834816 0.199665
0.480257 0.459686 940.900000 -0.807046 0.354339
0.480237 0.459644 941.000000 -0.771295 0.358507
0.480215 0.459607 941.100000 -0.729407 0.477097
0.480187 0.459585 941.200000 -0.669830 0.711725
0.480155 0.459568 941.300000 -0.595371 0.773602
0.480119 0.459544 941.400000 -0.522437 0.680939
0.480079 0.459515 941.500000 -0.457454 0.615089
0.480037 0.459476 941.600000 -0.405122 0.428267
0.479993 0.459436 941.700000 -0.363019 0.411469
0.479947 0.459401 941.800000 -0.316972 0.507260
0.479900 0.459362 941.900000 -0.269640 0.436707
0.479852 0.459315 942.000000 -0.239894 0.155897
0.479804 0.459274 942.100000 -0.213431 0.372483
0.479754 0.459235 942.200000 -0.172683 0.440531
0.479704 0.459205 942.300000 -0.121098 0.588897
0.479653 0.459178 942.400000 -0.059228 0.645542
0.479602 0.459164 942.500000 0.013446 0.804717
0.479552 0.459135 942.600000 0.084464 0.611654
0.479502 0.459125 942.700000 0.158152 0.859132
0.479455 0.459112 942.800000 0.242333 0.820311
0.479409 0.459083 942.900000 0.313548 0.600055
0.479366 0.459050 943.000000 0.371361 0.553387
0.479325 0.459028 943.100000 0.434329 0.703420
0.479288 0.459015 943.200000 0.510656 0.819865
0.479255 0.458999 943.300000 0.590889 0.781011
0.479228 0.458971 943.400000 0.662028 0.638193
0.479206 0.458958 943.500000 0.734824 0.814905
0.479190 0.458942 943.600000 0.815040 0.785755
0.479181 0.458915 943.700000 0.886031 0.630585
0.479177 0.458874 943.800000 0.937329 0.392689
0.479176 0.458830 943.900000 0.972173 0.302706
0.479179 0.458789 944.000000 1.006218 0.377184
0.479185 0.458745 944.100000 1.039862 0.294344
0.479195 0.458701 944.200000 1.068856 0.284609
0.479208 0.458655 944.300000 1.093775 0.212887
0.479222 0.458607 944.400000 1.108344 0.077981
0.479237 0.458558 944.500000 1.115195 0.059221
0.479252 0.458510 944.600000 1.115314 -0.056579
0.479266 0.458464 944.700000 1.101426 -0.220356
0.479277 0.458418 944.800000 1.079098 -0.224558
0.479284 0.458375 944.900000 1.051464 -0.326466
0.479288 0.458336 945.000000 1.014580 -0.409068
0.479287 0.458297 945.100000 0.971883 -0.442328
0.479281 0.458269 945.200000 0.918621 -0.620253
0.479270 0.458231 945.300000 0.865312 -0.442372
0.479254 0.458204 945.400000 0.811355 -0.634159
0.479234 0.458166 945.500000 0.757264 -0.444095
0.479211 0.458124 945.600000 0.717859 -0.341421
0.479185 0.458081 945.700000 0.684395 -0.325817
0.479157 0.458036 945.800000 0.654492 -0.270284
0.479126 0.457995 945.900000 0.622402 -0.369854
0.479094 0.457956 946.000000 0.582262 -0.430788
0.479059 0.457916 946.100000 0.541261 -0.386816
0.479021 0.457883 946.200000 0.494545 -0.545327
0.478980 0.457851 946.300000 0.439330 -0.556015
0.478938 0.457811 946.400000 0.392265 -0.382305
0.478894 0.457772 946.500000 0.351694 -0.427023
0.478849 0.457728 946.600000 0.315161 -0.301339
0.478802 0.457688 946.700000 0.279930 -0.401636
0.478754 0.457655 946.800000 0.232846 -0.537924
0.478705 0.457637 946.900000 0.168165 -0.752926
0.478655 0.457612 947.000000 0.096937 -0.667828
0.478605 0.457580 947.100000 0.035641 -0.554723
0.478554 0.457538 947.200000 -0.009374 -0.342816
0.478504 0.457498 947.300000 -0.045878 -0.385564
0.478454 0.457456 947.400000 -0.083223 -0.359449
0.478404 0.457421 947.500000 -0.126667 -0.507697
0.478355 0.457384 947.600000 -0.174445 -0.445415
0.478307 0.457340 947.700000 -0.211941 -0.302383
0.478260 0.457301 947.800000 -0.248129 -0.419992
0.478214 0.457261 947.900000 -0.288274 -0.380959
0.478169 0.457216 948.000000 -0.319983 -0.251470
0.478125 0.457169 948.100000 -0.340806 -0.163903
0.478081 0.457121 948.200000 -0.352639 -0.072117
0.478037 0.457074 948.300000 -0.349492 0.135252
0.477992 0.457027 948.400000 -0.336231 0.129113
0.477948 0.456981 948.500000 -0.341022 -0.225758
0.477905 0.456936 948.600000 -0.364798 -0.248820
0.477862 0.456888 948.700000 -0.382060 -0.095357
0.477819 0.456841 948.800000 -0.382686 0.083125
0.477776 0.456797 948.900000 -0.364346 0.283071
0.477732 0.456753 949.000000 -0.335172 0.298843
0.477686 0.456718 949.100000 -0.295253 0.497898
0.477639 0.456682 949.200000 -0.246549 0.473559
0.477590 0.456646 949.300000 -0.199040 0.474155
0.477541 0.456607 949.400000 -0.153950 0.425201
0.477492 0.456582 949.500000 -0.099549 0.660646
0.477441 0.456541 949.600000 -0.047583 0.375334
0.477391 0.456496 949.700000 -0.017946 0.215522
0.477341 0.456449 949.800000 0.000742 0.157163
0.477291 0.456403 949.900000 0.017617 0.179553
0.477241 0.456355 950.000000 0.032755 0.122325
0.477190 0.456308 950.100000 0.042480 0.071573
0.477140 0.456260 950.200000 0.049865 0.075803
0.477090 0.456213 950.300000 0.060605 0.138657
0.477040 0.456166 950.400000 0.073672 0.122029
0.476991 0.456118 950.500000 0.085564 0.115244
0.476941 0.456072 950.600000 0.098728 0.147509
0.476891 0.456024 950.700000 0.111486 0.106955
0.476842 0.455977 950.800000 0.121584 0.094548
0.476793 0.455931 950.900000 0.137022 0.213801
0.476744 0.455900 951.000000 0.175830 0.561396
0.476697 0.455869 951.100000 0.232816 0.575630
0.476651 0.455833 951.200000 0.285108 0.467463
0.476607 0.455800 951.300000 0.335078 0.529775
0.476565 0.455771 951.400000 0.392312 0.612455
0.476526 0.455746 951.500000 0.455956 0.657597
0.476490 0.455729 951.600000 0.527040 0.761056
0.476460 0.455723 951.700000 0.610070 0.896052
0.476435 0.455695 951.800000 0.685563 0.609673
0.476413 0.455653 951.900000 0.733164 0.339662
0.476393 0.455608 952.000000 0.761797 0.231672
0.476376 0.455564 952.100000 0.786352 0.258674
0.476360 0.455519 952.200000 0.810985 0.233110
0.476346 0.455471 952.300000 0.826491 0.076255
0.476332 0.455423 952.400000 0.828370 -0.038644
0.476318 0.455376 952.500000 0.828972 0.051294
0.476304 0.455328 952.600000 0.828629 -0.057992
0.476289 0.455286 952.700000 0.809397 -0.325958
0.476269 0.455264 952.800000 0.757924 -0.701491
0.476243 0.455248 952.900000 0.683610 -0.780940
0.476213 0.455228 953.000000 0.607819 -0.730660
0.476178 0.455197 953.100000 0.543222 -0.557348
0.476141 0.455162 953.200000 0.490418 -0.495712
0.476101 0.455141 953.300000 0.430063 -0.708688
0.476057 0.455130 953.400000 0.352198 -0.844892
0.476011 0.455126 953.500000 0.264045 -0.913824
0.475963 0.455115 953.600000 0.176237 -0.837676
0.475913 0.455145 953.700000 0.073601 -1.210825
0.475863 0.455170 953.800000 -0.046157 -1.178297
0.475815 0.455209 953.900000 -0.169802 -1.288805
0.475770 0.455240 954.000000 -0.295711 -1.223073
0.475729 0.455269 954.100000 -0.417857 -1.213942
0.475694 0.455276 954.200000 -0.529882 -1.020766
0.475665 0.455288 954.300000 -0.634438 -1.065570
0.475643 0.455285 954.400000 -0.734004 -0.920781
0.475629 0.455271 954.500000 -0.820323 -0.801405
0.475621 0.455248 954.600000 -0.894905 -0.686673
0.475619 0.455217 954.700000 -0.957593 -0.564152
0.475623 0.455186 954.800000 -1.014758 -0.576824
0.475633 0.455153 954.900000 -1.069613 -0.517931
0.475649 0.455114 955.000000 -1.116632 -0.420428
0.475668 0.455071 955.100000 -1.151634 -0.278082
0.475692 0.455029 955.200000 -1.183043 -0.349313
0.475720 0.454988 955.300000 -1.217482 -0.338328
0.475751 0.454942 955.400000 -1.242691 -0.164794
0.475784 0.454895 955.500000 -1.259133 -0.163847
0.475819 0.454848 955.600000 -1.272257 -0.098455
0.475852 0.454804 955.700000 -1.263784 0.267763
0.475882 0.454766 955.800000 -1.229252 0.420932
0.475905 0.454736 955.900000 -1.179022 0.580970
0.475920 0.454718 956.000000 -1.112627 0.743470
0.475925 0.454710 956.100000 -1.031373 0.877377
0.475920 0.454744 956.200000 -0.925082 1.243593
0.475905 0.454754 956.300000 -0.810013 1.051158
0.475881 0.454770 956.400000 -0.702047 1.102548
0.475849 0.454793 956.500000 -0.588417 1.164240
0.475811 0.454809 956.600000 -0.474615 1.105752
0.475769 0.454821 956.700000 -0.366061 1.059599
0.475723 0.454831 956.800000 -0.260375 1.048702
0.475674 0.454828 956.900000 -0.161418 0.925107
0.475625 0.454810 957.000000 -0.077298 0.752632
0.475575 0.454796 957.100000 0.000724 0.804029
0.475526 0.454760 957.200000 0.064549 0.468492
0.475477 0.454724 957.300000 0.111845 0.475135
0.475428 0.454681 957.400000 0.149377 0.273195
0.475380 0.454636 957.500000 0.174414 0.226270
0.475332 0.454592 957.600000 0.199069 0.265807
0.475286 0.454554 957.700000 0.233394 0.419485
0.475240 0.454519 957.800000 0.278826 0.487191
0.475196 0.454481 957.900000 0.325266 0.439336
0.475153 0.454441 958.000000 0.365379 0.360909
0.475113 0.454407 958.100000 0.408805 0.506012
0.475074 0.454376 958.200000 0.462586 0.567327
0.475038 0.454342 958.300000 0.516099 0.500347
0.475006 0.454308 958.400000 0.566667 0.508798
0.474976 0.454274 958.500000 0.617892 0.513466
0.474950 0.454238 958.600000 0.666466 0.455789
0.474927 0.454201 958.700000 0.712315 0.459278
0.474907 0.454162 958.800000 0.754908 0.390664
0.474890 0.454124 958.900000 0.796140 0.432413
0.474877 0.454080 959.000000 0.830761 0.258267
0.474866 0.454040 959.100000 0.861583 0.357319
0.474858 0.453999 959.200000 0.897957 0.368830
0.474855 0.453960 959.300000 0.935849 0.387636
0.474855 0.453923 959.400000 0.977690 0.447737
0.474859 0.453879 959.500000 1.011772 0.232188
0.474864 0.453831 959.600000 1.022197 -0.024339
0.474868 0.453785 959.700000 1.014225 -0.134476
0.474871 0.453739 959.800000 1.000626 -0.136338
0.474871 0.453695 959.900000 0.980706 -0.260878
0.474870 0.453649 960.000000 0.960913 -0.133189
0.474867 0.453605 960.100000 0.941677 -0.250400
0.474860 0.453568 960.200000 0.906810 -0.445229
0.474849 0.453529 960.300000 0.863850 -0.411316
0.474835 0.453494 960.400000 0.819394 -0.475330
0.474816 0.453466 960.500000 0.765273 -0.604320
0.474792 0.453436 960.600000 0.706013 -0.577503
0.474764 0.453424 960.700000 0.635890 -0.821748
0.474730 0.453436 960.800000 0.541136 -1.068970
0.474690 0.453461 960.900000 0.428369 -1.180803
0.474645 0.453508 961.000000 0.301855 -1.343429
0.474597 0.453552 961.100000 0.168076 -1.325342
0.474548 0.453626 961.200000 0.025340 -1.522751
0.474500 0.453705 961.300000 -0.129031 -1.557118
0.474454 0.453782 961.400000 -0.284689 -1.548410
0.474415 0.453874 961.500000 -0.444133 -1.632942
0.474385 0.453968 961.600000 -0.608833 -1.653209
0.474367 0.454037 961.700000 -0.766518 -1.492600
0.474361 0.454125 961.800000 -0.922125 -1.612560
0.474372 0.454188 961.900000 -1.075956 -1.456532
0.474400 0.454229 962.000000 -1.214071 -1.299089
0.474443 0.454249 962.100000 -1.336343 -1.140530
0.474501 0.454236 962.200000 -1.434135 -0.810326
0.474570 0.454215 962.300000 -1.510149 -0.706650
0.474651 0.454196 962.400000 -1.582938 -0.746399
0.474740 0.454155 962.500000 -1.636784 -0.327618
0.474836 0.454113 962.600000 -1.669067 -0.317238
0.474934 0.454066 962.700000 -1.687139 -0.043462
0.475033 0.454019 962.800000 -1.688188 0.021846
0.475130 0.453973 962.900000 -1.679965 0.141656
0.475224 0.453930 963.000000 -1.657478 0.306550
0.475309 0.453899 963.100000 -1.614184 0.556983
0.475386 0.453870 963.200000 -1.556831 0.586509
0.475452 0.453850 963.300000 -1.491398 0.718463
0.475507 0.453835 963.400000 -1.415841 0.788379
0.475550 0.453825 963.500000 -1.333825 0.847333
0.475580 0.453830 963.600000 -1.241192 1.000468
0.475598 0.453845 963.700000 -1.136072 1.096351
0.475602 0.453884 963.800000 -1.016420 1.290709
0.475593 0.453955 963.900000 -0.876380 1.503183
0.475570 0.454042 964.000000 -0.720281 1.610923
0.475537 0.454151 964.100000 -0.552663 1.733114
0.475495 0.454286 964.200000 -0.371836 1.874569
0.475447 0.454423 964.300000 -0.183306 1.886564
0.475398 0.454593 964.400000 0.013770 2.045536
0.475351 0.454774 964.500000 0.221510 2.099162
0.475311 0.454949 964.600000 0.430488 2.070107
0.475283 0.455094 964.700000 0.630625 1.922603
0.475268 0.455212 964.800000 0.816629 1.788276
0.475269 0.455288 964.900000 0.983631 1.543313
0.475286 0.455346 965.000000 1.132208 1.421084
0.475319 0.455365 965.100000 1.260163 1.131535
0.475368 0.455399 965.200000 1.379724 1.254730
0.475437 0.455439 965.300000 1.507412 1.293519
0.475523 0.455439 965.400000 1.619886 0.950297
0.475622 0.455401 965.500000 1.689288 0.433823
0.475727 0.455358 965.600000 1.724718 0.273482
0.475834 0.455311 965.700000 1.740964 0.050945
0.475940 0.455267 965.800000 1.731822 -0.233166
0.476039 0.455238 965.900000 1.690115 -0.598979
0.476128 0.455206 966.000000 1.632875 -0.542001
0.476206 0.455189 966.100000 1.567596 -0.760065
0.476270 0.455193 966.200000 1.479477 -0.997785
0.476317 0.455234 966.300000 1.364222 -1.301641
0.476345 0.455298 966.400000 1.225327 -1.469133
0.476355 0.455383 966.500000 1.071738 -1.594769
0.476348 0.455492 966.600000 0.904562 -1.740321
0.476326 0.455643 966.700000 0.719328 -1.955302
0.476291 0.455772 966.800000 0.528802 -1.845164
0.476248 0.455918 966.900000 0.339352 -1.934451
0.476199 0.456076 967.000000 0.142540 -1.992042
0.476150 0.456217 967.100000 -0.052796 -1.904752
0.476104 0.456317 967.200000 -0.233011 -1.690123
0.476063 0.456397 967.300000 -0.396427 -1.569943
0.476029 0.456482 967.400000 -0.555017 -1.594299
0.476006 0.456553 967.500000 -0.711019 -1.518126
0.475996 0.456628 967.600000 -0.864089 -1.536114
0.475999 0.456681 967.700000 -1.010764 -1.390209
0.476019 0.456740 967.800000 -1.152259 -1.433340
0.476056 0.456793 967.900000 -1.293971 -1.394385
0.476113 0.456843 968.000000 -1.432631 -1.372550
0.476190 0.456870 968.100000 -1.561482 -1.198402
0.476284 0.456868 968.200000 -1.668576 -0.938318
0.476395 0.456867 968.300000 -1.762729 -0.940942
0.476526 0.456884 968.400000 -1.865637 -1.113464
0.476677 0.456885 968.500000 -1.969942 -0.968059
0.476847 0.456872 968.600000 -2.059432 -0.817934
0.477031 0.456837 968.700000 -2.124634 -0.483079
0.477222 0.456793 968.800000 -2.159699 -0.216904
0.477413 0.456748 968.900000 -2.159034 0.230225
0.477598 0.456709 969.000000 -2.127330 0.401635
0.477770 0.456686 969.100000 -2.072922 0.683465
0.477928 0.456666 969.200000 -2.002593 0.718685
0.478069 0.456659 969.300000 -1.922018 0.888257
0.478189 0.456695 969.400000 -1.814129 1.264176
0.478285 0.456759 969.500000 -1.677198 1.467283
0.478356 0.456823 969.600000 -1.530021 1.468143
0.478403 0.456940 969.700000 -1.366848 1.787296
0.478425 0.457119 969.800000 -1.172277 2.094602
0.478424 0.457279 969.900000 -0.966953 2.000920
0.478404 0.457467 970.000000 -0.759537 2.137021
0.478370 0.457676 970.100000 -0.540677 2.229217
0.478325 0.457929 970.200000 -0.307870 2.415629
0.478276 0.458170 970.300000 -0.068313 2.363404
0.478228 0.458388 970.400000 0.163816 2.267431
0.478187 0.458584 970.500000 0.386574 2.176592
0.478156 0.458715 970.600000 0.588939 1.860101
0.478137 0.458815 970.700000 0.766851 1.689237
0.478132 0.458892 970.800000 0.929202 1.549794
0.478142 0.458943 970.900000 1.076284 1.384643
0.478170 0.459008 971.000000 1.219681 1.476988
0.478216 0.459066 971.100000 1.365239 1.427465
0.478283 0.459102 971.200000 1.500795 1.277281
0.478370 0.459141 971.300000 1.629385 1.288954
0.478479 0.459160 971.400000 1.750778 1.133352
0.478607 0.459166 971.500000 1.858543 1.017205
0.478754 0.459154 971.600000 1.951315 0.834129
0.478915 0.459120 971.700000 2.018803 0.512469
0.479084 0.459078 971.800000 2.059872 0.307382
0.479258 0.459033 971.900000 2.085094 0.196589
0.479434 0.458986 972.000000 2.091826 -0.061899
0.479606 0.458941 972.100000 2.078117 -0.210915
0.479772 0.458905 972.200000 2.044337 -0.462607
0.479926 0.458880 972.300000 1.987585 -0.669127
0.480063 0.458887 972.400000 1.902672 -1.024833
0.480178 0.458916 972.500000 1.790389 -1.214807
0.480270 0.458971 972.600000 1.658808 -1.409894
0.480337 0.459066 972.700000 1.504745 -1.663570
0.480379 0.459190 972.800000 1.329980 -1.822749
0.480397 0.459313 972.900000 1.147334 -1.820464
0.480395 0.459457 973.000000 0.959299 -1.930656
0.480376 0.459595 973.100000 0.767381 -1.897673
0.480343 0.459742 973.200000 0.574767 -1.944827
0.480301 0.459908 973.300000 0.375067 -2.039257
0.480253 0.460053 973.400000 0.175831 -1.935166
0.480204 0.460217 973.500000 -0.022629 -2.024375
0.480157 0.460375 973.600000 -0.224347 -1.999973
0.480118 0.460559 973.700000 -0.430930 -2.121918
0.480089 0.460693 973.800000 -0.631587 -1.880927
0.480074 0.460831 973.900000 -0.821104 -1.900415
0.480077 0.460946 974.000000 -1.005560 -1.779721
0.480098 0.461024 974.100000 -1.172844 -1.557633
0.480139 0.461082 974.200000 -1.323035 -1.439066
0.480200 0.461139 974.300000 -1.466475 -1.423287
0.480282 0.461171 974.400000 -1.600013 -1.241161
0.480383 0.461172 974.500000 -1.710765 -0.968537
0.480501 0.461172 974.600000 -1.807420 -0.960637
0.480636 0.461155 974.700000 -1.894426 -0.775631
0.480782 0.461114 974.800000 -1.950877 -0.350468
0.480931 0.461067 974.900000 -1.968954 -0.010308
0.481079 0.461021 975.000000 -1.962111 0.146229
0.481222 0.460982 975.100000 -1.934609 0.402105
0.481355 0.460948 975.200000 -1.888623 0.514649
0.481477 0.460929 975.300000 -1.825352 0.747294
0.481584 0.460915 975.400000 -1.747945 0.796214
0.481675 0.460921 975.500000 -1.656554 1.026807
0.481746 0.460991 975.600000 -1.529491 1.508556
0.481793 0.461073 975.700000 -1.374316 1.586704
0.481819 0.461161 975.800000 -1.213182 1.627441
0.481826 0.461261 975.900000 -1.046513 1.697275
0.481816 0.461353 976.000000 -0.878975 1.644543
0.481792 0.461475 976.100000 -0.705219 1.821997
0.481757 0.461583 976.200000 -0.526585 1.741306
0.481714 0.461694 976.300000 -0.351294 1.755630
0.481667 0.461761 976.400000 -0.188502 1.491345
0.481617 0.461792 976.500000 -0.051662 1.237952
0.481568 0.461798 976.600000 0.061493 1.018988
0.481520 0.461786 976.700000 0.154325 0.832627
0.481474 0.461774 976.800000 0.237918 0.835199
0.481430 0.461763 976.900000 0.321695 0.836325
0.481389 0.461753 977.000000 0.406417 0.854145
0.481353 0.461755 977.100000 0.498548 0.984457
0.481322 0.461791 977.200000 0.611789 1.275754
0.481300 0.461787 977.300000 0.721657 0.915583
0.481284 0.461770 977.400000 0.805827 0.763642
0.481274 0.461746 977.500000 0.878129 0.679015
0.481269 0.461709 977.600000 0.934567 0.446822
0.481269 0.461668 977.700000 0.974792 0.355933
0.481272 0.461627 977.800000 1.009693 0.340819
0.481278 0.461582 977.900000 1.038233 0.228800
0.481284 0.461535 978.000000 1.045986 -0.074368
0.481290 0.461489 978.100000 1.035280 -0.138856
0.481294 0.461443 978.200000 1.020531 -0.154927
0.481296 0.461398 978.300000 1.002597 -0.202465
0.481296 0.461352 978.400000 0.984185 -0.164271
0.481295 0.461307 978.500000 0.967699 -0.164121
0.481292 0.461262 978.600000 0.949497 -0.198630
0.481285 0.461235 978.700000 0.907596 -0.637945
0.481272 0.461204 978.800000 0.847655 -0.557254
0.481255 0.461171 978.900000 0.793464 -0.523390
0.481234 0.461145 979.000000 0.734719 -0.648526
0.481208 0.461114 979.100000 0.674190 -0.558458
0.481178 0.461082 979.200000 0.619161 -0.539020
0.481145 0.461057 979.300000 0.558922 -0.662779
0.481108 0.461035 979.400000 0.490901 -0.694091
0.481068 0.461011 979.500000 0.422097 -0.678292
0.481026 0.460991 979.600000 0.351529 -0.729516
0.480980 0.460999 979.700000 0.262786 -1.041570
0.480932 0.460992 979.800000 0.166368 -0.881495
0.480884 0.460989 979.900000 0.075451 -0.932386
0.480834 0.460998 980.000000 -0.023853 -1.049047
0.480786 0.461011 980.100000 -0.130550 -1.079720
0.480740 0.461039 980.200000 -0.245656 -1.217132
0.480698 0.461032 980.300000 -0.350969 -0.883211
0.480658 0.461012 980.400000 -0.431489 -0.722984
0.480622 0.460981 980.500000 -0.495667 -0.557205
0.480588 0.460944 980.600000 -0.545762 -0.442192
0.480557 0.460910 980.700000 -0.593790 -0.516455
0.480529 0.460872 980.800000 -0.640128 -0.408046
0.480503 0.460830 980.900000 -0.676754 -0.322766
0.480479 0.460786 981.000000 -0.705883 -0.258554
0.480458 0.460745 981.100000 -0.734714 -0.317156
0.480439 0.460701 981.200000 -0.764159 -0.270541
0.480421 0.460657 981.300000 -0.789245 -0.230223
0.480405 0.460610 981.400000 -0.798690 0.042085
0.480388 0.460564 981.500000 -0.792461 0.081882
0.480371 0.460517 981.600000 -0.787090 0.024731
0.480353 0.460470 981.700000 -0.781541 0.085722
0.480334 0.460425 981.800000 -0.769928 0.145728
0.480314 0.460380 981.900000 -0.751016 0.231404
0.480291 0.460343 982.000000 -0.717720 0.433005
0.480265 0.460308 982.100000 -0.672300 0.472883
0.480236 0.460288 982.200000 -0.611593 0.738608
0.480202 0.460258 982.300000 -0.545859 0.572085
0.480165 0.460241 982.400000 -0.478805 0.765909
0.480124 0.460244 982.500000 -0.391111 0.983940
0.480079 0.460249 982.600000 -0.291181 1.009596
0.480032 0.460249 982.700000 -0.192280 0.963273
0.479984 0.460260 982.800000 -0.090543 1.066617
0.479935 0.460269 982.900000 0.015357 1.046044
0.479887 0.460284 983.000000 0.123081 1.103273
0.479841 0.460316 983.100000 0.240655 1.242831
0.479799 0.460341 983.200000 0.362437 1.186765
0.479761 0.460332 983.300000 0.465216 0.863106
0.479727 0.460303 983.400000 0.538169 0.591908
0.479696 0.460266 983.500000 0.590554 0.453132
0.479667 0.460224 983.600000 0.627418 0.282196
0.479641 0.460195 983.700000 0.671252 0.593420
0.479620 0.460166 983.800000 0.730880 0.596535
0.479603 0.460138 983.900000 0.791209 0.607467
0.479590 0.460105 984.000000 0.847349 0.512721
0.479582 0.460063 984.100000 0.889533 0.328835
0.479575 0.460017 984.200000 0.910569 0.090703
0.479568 0.459976 984.300000 0.897679 -0.348518
0.479556 0.459937 984.400000 0.861214 -0.378599
0.479542 0.459904 984.500000 0.815987 -0.523655
0.479522 0.459881 984.600000 0.755676 -0.679561
0.479497 0.459863 984.700000 0.684151 -0.747191
0.479467 0.459861 984.800000 0.599349 -0.944826
0.479431 0.459861 984.900000 0.504058 -0.956011
0.479391 0.459855 985.000000 0.411297 -0.894227
0.479348 0.459834 985.100000 0.330805 -0.710960
0.479302 0.459824 985.200000 0.252497 -0.851518
0.479255 0.459807 985.300000 0.171714 -0.759809
0.479207 0.459775 985.400000 0.106353 -0.543554
0.479158 0.459745 985.500000 0.050440 -0.571965
0.479110 0.459719 985.600000 -0.010618 -0.646333
0.479061 0.459689 985.700000 -0.071183 -0.561768
0.479014 0.459653 985.800000 -0.122616 -0.464140
0.478967 0.459628 985.900000 -0.178556 -0.652454
0.478921 0.459598 986.000000 -0.239930 -0.571873
0.478877 0.459561 986.100000 -0.289892 -0.424643
0.478834 0.459522 986.200000 -0.330787 -0.391316
0.478792 0.459484 986.300000 -0.371546 -0.422086
0.478753 0.459460 986.400000 -0.425614 -0.657378
0.478717 0.459449 986.500000 -0.500714 -0.841600
0.478686 0.459438 986.600000 -0.584888 -0.837970
0.478659 0.459412 986.700000 -0.658774 -0.635890
0.478636 0.459370 986.800000 -0.706126 -0.308314
0.478615 0.459326 986.900000 -0.731965 -0.207301
0.478594 0.459280 987.000000 -0.736123 0.124825
0.478572 0.459234 987.100000 -0.724181 0.113013
0.478548 0.459193 987.200000 -0.701856 0.332577
0.478523 0.459151 987.300000 -0.671076 0.281024
0.478495 0.459110 987.400000 -0.639700 0.344765
0.478465 0.459071 987.500000 -0.603838 0.370462
0.478433 0.459028 987.600000 -0.571501 0.274129
0.478399 0.458991 987.700000 -0.535935 0.435553
0.478363 0.458959 987.800000 -0.487477 0.531176
0.478324 0.458925 987.900000 -0.436306 0.489363
0.478283 0.458891 988.000000 -0.386295 0.508227
0.478240 0.458861 988.100000 -0.332472 0.565534
0.478196 0.458824 988.200000 -0.282176 0.437400
0.478150 0.458809 988.300000 -0.220648 0.790864
0.478103 0.458787 988.400000 -0.146643 0.685211
0.478055 0.458763 988.500000 -0.078677 0.670648
0.478006 0.458741 988.600000 -0.010140 0.696731
0.477958 0.458710 988.700000 0.052513 0.552878
0.477910 0.458670 988.800000 0.097455 0.343246
0.477863 0.458627 988.900000 0.128081 0.267603
0.477816 0.458584 989.000000 0.153670 0.242925
0.477769 0.458541 989.100000 0.178937 0.261288
0.477723 0.458501 989.200000 0.209651 0.351787
0.477677 0.458456 989.300000 0.236983 0.193228
0.477632 0.458410 989.400000 0.247992 0.026102
0.477587 0.458364 989.500000 0.253006 0.074178
0.477542 0.458319 989.600000 0.265643 0.178317
0.477498 0.458273 989.700000 0.279314 0.094366
0.477454 0.458229 989.800000 0.292465 0.168319
0.477411 0.458183 989.900000 0.305978 0.101264
0.477368 0.458138 990.000000 0.319599 0.170809
0.477325 0.458092 990.100000 0.333217 0.100866
0.477283 0.458046 990.200000 0.341027 0.055003
0.477240 0.458000 990.300000 0.339424 -0.087182
0.477197 0.457958 990.400000 0.321248 -0.275748
0.477154 0.457912 990.500000 0.302263 -0.102415
0.477110 0.457869 990.600000 0.285106 -0.240065
0.477065 0.457825 990.700000 0.262704 -0.206641
0.477020 0.457782 990.800000 0.239292 -0.260448
0.476974 0.457741 990.900000 0.210830 -0.307383
0.476927 0.457705 991.000000 0.172849 -0.450615
0.476880 0.457674 991.100000 0.122793 -0.548195
0.476832 0.457651 991.200000 0.061158 -0.681744
0.476784 0.457635 991.300000 -0.011715 -0.772311
0.476736 0.457612 991.400000 -0.084387 -0.677295
0.476689 0.457579 991.500000 -0.143776 -0.507173
0.476643 0.457536 991.600000 -0.183458 -0.284017
0.476597 0.457496 991.700000 -0.214327 -0.332067
0.476552 0.457455 991.800000 -0.247724 -0.334328
0.476508 0.457410 991.900000 -0.267702 -0.063689
0.476464 0.457364 992.000000 -0.275702 -0.096127
0.476420 0.457318 992.100000 -0.286397 -0.117443
0.476376 0.457274 992.200000 -0.300343 -0.161041
0.476333 0.457228 992.300000 -0.306440 0.039747
0.476290 0.457184 992.400000 -0.315788 -0.227068
0.476248 0.457139 992.500000 -0.333616 -0.128530
0.476206 0.457094 992.600000 -0.346487 -0.128419
0.476164 0.457052 992.700000 -0.367959 -0.300569
0.476125 0.457012 992.800000 -0.399861 -0.336166
0.476086 0.456970 992.900000 -0.430311 -0.271363
0.476048 0.456925 993.000000 -0.452323 -0.167758
0.476011 0.456879 993.100000 -0.464931 -0.083786
0.475974 0.456834 993.200000 -0.466715 0.048289
0.475937 0.456788 993.300000 -0.464148 0.002575
0.475900 0.456743 993.400000 -0.456596 0.148223
0.475862 0.456700 993.500000 -0.436153 0.259673
0.475822 0.456663 993.600000 -0.402165 0.418587
0.475780 0.456629 993.700000 -0.356206 0.498323
0.475737 0.456600 993.800000 -0.302333 0.576512
0.475692 0.456572 993.900000 -0.243753 0.592072
0.475646 0.456551 994.000000 -0.178789 0.704159
0.475599 0.456543 994.100000 -0.099866 0.870744
0.475551 0.456556 994.200000 -0.001878 1.084658
0.475503 0.456561 994.300000 0.102501 0.997552
0.475458 0.456560 994.400000 0.200279 0.953119
0.475414 0.456566 994.500000 0.298593 1.008551
0.475375 0.456570 994.600000 0.399182 0.998387
0.475339 0.456558 994.700000 0.490813 0.829475
0.475307 0.456543 994.800000 0.571183 0.774075
0.475280 0.456512 994.900000 0.637940 0.557500
0.475256 0.456475 995.000000 0.686503 0.411324
0.475234 0.456432 995.100000 0.718307 0.223054
0.475214 0.456387 995.200000 0.737057 0.151204
0.475194 0.456342 995.300000 0.750255 0.112383
0.475175 0.456296 995.400000 0.750737 -0.102937
0.475153 0.456263 995.500000 0.720739 -0.496162
0.475127 0.456240 995.600000 0.661771 -0.680375
0.475097 0.456230 995.700000 0.585515 -0.841049
0.475062 0.456224 995.800000 0.498587 -0.893068
0.475022 0.456224 995.900000 0.406051 -0.952973
0.474980 0.456220 996.000000 0.312438 -0.914357
0.474934 0.456227 996.100000 0.215345 -1.022844
0.474887 0.456213 996.200000 0.124393 -0.790995
0.474840 0.456206 996.300000 0.040524 -0.882412
0.474792 0.456205 996.400000 -0.051304 -0.949763
0.474746 0.456213 996.500000 -0.150446 -1.028418
0.474701 0.456219 996.600000 -0.252889 -1.015416
0.474660 0.456237 996.700000 -0.360687 -1.135664
0.474624 0.456256 996.800000 -0.474453 -1.134221
0.474594 0.456289 996.900000 -0.594171 -1.254755
0.474571 0.456291 997.000000 -0.705943 -0.974765
0.474555 0.456272 997.100000 -0.790912 -0.720139
0.474544 0.456242 997.200000 -0.855269 -0.563831
0.474537 0.456199 997.300000 -0.895880 -0.246012
0.474532 0.456159 997.400000 -0.925156 -0.338753
0.474530 0.456116 997.500000 -0.953145 -0.219808
0.474531 0.456075 997.600000 -0.979864 -0.313961
0.474533 0.456030 997.700000 -1.000627 -0.100239
0.474536 0.455984 997.800000 -1.001511 0.082564
0.474537 0.455941 997.900000 -0.986455 0.217651
0.474537 0.455897 998.000000 -0.966764 0.174584
0.474534 0.455853 998.100000 -0.947748 0.204396
0.474530 0.455808 998.200000 -0.932968 0.089695
0.474525 0.455763 998.300000 -0.925214 0.064482
0.474519 0.455720 998.400000 -0.910673 0.225558
0.474509 0.455696 998.500000 -0.866395 0.658445
0.474493 0.455683 998.600000 -0.792790 0.809969
0.474470 0.455698 998.700000 -0.696826 1.104917
0.474440 0.455719 998.800000 -0.583914 1.147503
0.474403 0.455747 998.900000 -0.465468 1.215452
0.474362 0.455776 999.000000 -0.343512 1.217407
0.474317 0.455806 999.100000 -0.220653 1.233587
0.474270 0.455843 999.200000 -0.094453 1.284193
0.474222 0.455898 999.300000 0.041162 1.421715
0.474176 0.455951 999.400000 0.182753 1.403086
0.474134 0.455990 999.500000 0.318301 1.301024
0.474097 0.456023 999.600000 0.446157 1.249802
0.474065 0.456034 999.700000 0.562200 1.065102
0.474039 0.456023 999.800000 0.657339 0.832661
0.474019 0.456004 999.900000 0.735805 0.732868
