0.091110 0.486676 0.000000 -0.426872 0.986586
0.069859 0.671813 0.100000 -0.311797 1.309160
0.052825 0.630600 0.200000 -0.193690 1.047067
0.040881 0.555509 0.300000 -0.100469 0.812694
0.032713 0.546078 0.400000 -0.009190 1.008318
0.028067 0.562783 0.500000 0.098341 1.136932
0.027453 0.594148 0.600000 0.218030 1.250869
0.031141 0.600096 0.700000 0.337518 1.132903
0.038390 0.577687 0.800000 0.439049 0.892653
0.048205 0.549829 0.900000 0.522563 0.773448
0.060371 0.531827 1.000000 0.603378 0.838807
0.074579 0.506784 1.100000 0.679517 0.680167
0.089916 0.478636 1.200000 0.740216 0.530782
0.106175 0.457316 1.300000 0.796910 0.600254
0.124053 0.446265 1.400000 0.865274 0.763617
0.143570 0.430026 1.500000 0.934159 0.610625
0.163781 0.410558 1.600000 0.987079 0.445141
0.184494 0.395553 1.700000 1.035960 0.530022
0.206187 0.384081 1.800000 1.092400 0.595958
0.228686 0.370275 1.900000 1.145565 0.464682
0.251827 0.359382 2.000000 1.195525 0.532018
0.276808 0.360431 2.100000 1.266032 0.874614
0.304493 0.359913 2.200000 1.351721 0.834872
0.334564 0.357559 2.300000 1.432616 0.778990
0.366455 0.351864 2.400000 1.504547 0.656032
0.399347 0.343374 2.500000 1.563100 0.512098
0.431923 0.331477 2.600000 1.599321 0.210511
0.462546 0.319754 2.700000 1.605841 -0.080436
0.489726 0.311524 2.800000 1.581623 -0.402727
0.511967 0.311910 2.900000 1.521143 -0.803844
0.527682 0.330867 3.000000 1.413615 -1.341339
0.536225 0.360966 3.100000 1.265741 -1.608743
0.538501 0.387998 3.200000 1.105752 -1.583044
0.535400 0.430248 3.300000 0.930650 -1.910233
0.527661 0.483701 3.400000 0.727366 -2.145274
0.516711 0.529079 3.500000 0.516685 -2.057822
0.504019 0.575970 3.600000 0.306873 -2.127932
0.490871 0.619971 3.700000 0.093924 -2.120389
0.478476 0.665409 3.800000 -0.121998 -2.187259
0.467874 0.696816 3.900000 -0.329903 -1.960444
0.459815 0.724642 4.000000 -0.524268 -1.917135
0.454778 0.741081 4.100000 -0.704691 -1.682302
0.453067 0.756607 4.200000 -0.873153 -1.678519
0.455187 0.774442 4.300000 -1.045296 -1.755739
0.461475 0.786771 4.400000 -1.215032 -1.630495
0.471669 0.789288 4.500000 -1.364108 -1.343562
0.484806 0.780854 4.600000 -1.475885 -0.886398
0.500004 0.770597 4.700000 -1.558396 -0.759689
0.516684 0.757764 4.800000 -1.623167 -0.532501
0.534030 0.743373 4.900000 -1.663714 -0.276405
0.551261 0.728843 5.000000 -1.680981 -0.068066
0.567978 0.714832 5.100000 -1.685553 -0.023153
0.583790 0.701706 5.200000 -1.676895 0.195887
0.598139 0.689996 5.300000 -1.648405 0.372483
0.610468 0.681173 5.400000 -1.597661 0.639865
0.620384 0.674318 5.500000 -1.526937 0.771078
0.627650 0.671162 5.600000 -1.438441 0.994405
0.632321 0.667506 5.700000 -1.340563 0.958270
0.634369 0.670533 5.800000 -1.227325 1.300818
0.633661 0.677562 5.900000 -1.088034 1.478045
0.630399 0.688173 6.000000 -0.932354 1.627768
0.625075 0.695481 6.100000 -0.775032 1.510804
0.618326 0.698640 6.200000 -0.632258 1.337530
0.610605 0.701630 6.300000 -0.498338 1.334174
0.602175 0.709159 6.400000 -0.354099 1.543396
0.593374 0.713385 6.500000 -0.206273 1.405734
0.584544 0.720016 6.600000 -0.059539 1.521618
0.576015 0.727713 6.700000 0.095780 1.576991
0.568132 0.734892 6.800000 0.253223 1.563989
0.561222 0.742291 6.900000 0.410962 1.582911
0.555615 0.750154 7.000000 0.571149 1.612823
0.551619 0.757424 7.100000 0.731992 1.595998
0.549392 0.760455 7.200000 0.882120 1.399056
0.548983 0.762129 7.300000 1.018911 1.329920
0.550442 0.762165 7.400000 1.147567 1.236759
0.553749 0.760566 7.500000 1.266300 1.131965
0.559023 0.760780 7.600000 1.385528 1.246629
0.566335 0.758710 7.700000 1.502893 1.094816
0.575386 0.753785 7.800000 1.600871 0.859831
0.585831 0.747564 7.900000 1.679842 0.715657
0.597020 0.738678 8.000000 1.727527 0.235652
0.608418 0.729957 8.100000 1.750233 0.217339
0.620130 0.721838 8.200000 1.777910 0.334803
0.631941 0.713247 8.300000 1.795692 0.019962
0.643405 0.704899 8.400000 1.792413 -0.085381
0.654174 0.697323 8.500000 1.771757 -0.326707
0.663945 0.690304 8.600000 1.734513 -0.416319
0.672350 0.685756 8.700000 1.675463 -0.761736
0.679171 0.681221 8.800000 1.599628 -0.751155
0.684574 0.676403 8.900000 1.526702 -0.703732
0.688552 0.673320 9.000000 1.446829 -0.889734
0.690772 0.675424 9.100000 1.336228 -1.316753
0.691106 0.678251 9.200000 1.201558 -1.369921
0.689829 0.679767 9.300000 1.068670 -1.281193
0.687175 0.682545 9.400000 0.935587 -1.373797
0.683340 0.684985 9.500000 0.798848 -1.354150
0.678552 0.687770 9.600000 0.661692 -1.382119
0.672988 0.692554 9.700000 0.516176 -1.520928
0.666854 0.697604 9.800000 0.362530 -1.544309
0.660388 0.704580 9.900000 0.201387 -1.670482
0.653855 0.711162 10.000000 0.034702 -1.654885
0.647526 0.716640 10.100000 -0.128134 -1.593698
0.641631 0.720903 10.200000 -0.284227 -1.520359
0.636355 0.723500 10.300000 -0.431004 -1.407833
0.631892 0.728039 10.400000 -0.579228 -1.549238
0.628413 0.730007 10.500000 -0.725488 -1.368646
0.626070 0.733668 10.600000 -0.869172 -1.497855
0.625149 0.739253 10.700000 -1.026213 -1.635120
0.625879 0.743878 10.800000 -1.187219 -1.576951
0.628258 0.745017 10.900000 -1.332355 -1.318503
0.632261 0.746148 11.000000 -1.464586 -1.319513
0.637949 0.746455 11.100000 -1.593352 -1.249370
0.645364 0.746636 11.200000 -1.718058 -1.238514
0.654465 0.745257 11.300000 -1.834560 -1.085709
0.665122 0.743123 11.400000 -1.939104 -0.999936
0.677154 0.739599 11.500000 -2.030212 -0.817677
0.690247 0.734878 11.600000 -2.101869 -0.611875
0.703861 0.728843 11.700000 -2.143236 -0.213383
0.717464 0.722721 11.800000 -2.155297 -0.027248
0.730747 0.716771 11.900000 -2.150048 0.131970
0.743423 0.711229 12.000000 -2.128210 0.303698
0.755340 0.705854 12.100000 -2.096287 0.333166
0.766287 0.701503 12.200000 -2.050297 0.584342
0.775824 0.699351 12.300000 -1.974273 0.932336
0.783572 0.699432 12.400000 -1.867831 1.191167
0.789392 0.700838 12.500000 -1.741754 1.324082
0.793344 0.702643 12.600000 -1.607020 1.363867
0.795487 0.706466 12.700000 -1.461261 1.544014
0.795805 0.713597 12.800000 -1.293461 1.803594
0.794403 0.722017 12.900000 -1.107734 1.901660
0.791464 0.734088 13.000000 -0.904828 2.146309
0.787191 0.751236 13.100000 -0.674512 2.448510
0.781936 0.771481 13.200000 -0.420229 2.624439
0.776185 0.794214 13.300000 -0.150170 2.763224
0.770493 0.815831 13.400000 0.124922 2.724865
0.765437 0.840874 13.500000 0.407159 2.905763
0.761555 0.859502 13.600000 0.683385 2.604945
0.759174 0.872925 13.700000 0.930696 2.328917
0.758489 0.882405 13.800000 1.152353 2.093124
0.759659 0.890561 13.900000 1.358129 2.012121
0.762700 0.893892 14.000000 1.541664 1.649399
0.767549 0.896423 14.100000 1.703698 1.583174
0.774115 0.895923 14.200000 1.847440 1.284475
0.782161 0.893772 14.300000 1.966098 1.082763
0.791497 0.890568 14.400000 2.066813 0.926502
0.801865 0.886037 14.500000 2.147177 0.676752
0.812887 0.880542 14.600000 2.200940 0.395831
0.824337 0.875061 14.700000 2.239436 0.372150
0.836029 0.869262 14.800000 2.265555 0.148928
0.847495 0.863659 14.900000 2.260990 -0.239994
0.858418 0.858211 15.000000 2.234614 -0.286219
0.868593 0.853523 15.100000 2.193205 -0.539883
0.877688 0.850028 15.200000 2.126124 -0.798387
0.885591 0.846506 15.300000 2.046787 -0.784386
0.892392 0.842880 15.400000 1.969661 -0.754270
0.898048 0.840400 15.500000 1.883983 -0.955010
0.902362 0.839775 15.600000 1.775036 -1.218487
0.905347 0.838445 15.700000 1.657714 -1.122075
0.907155 0.837234 15.800000 1.544497 -1.136613
0.907761 0.838154 15.900000 1.417188 -1.403198
0.907120 0.840549 16.000000 1.268434 -1.564453
0.905294 0.844075 16.100000 1.105792 -1.680260
0.902400 0.848873 16.200000 0.931170 -1.803441
0.898570 0.855846 16.300000 0.740708 -1.996265
0.893995 0.863828 16.400000 0.536152 -2.084643
0.888932 0.871814 16.500000 0.326766 -2.092606
0.883653 0.878612 16.600000 0.121448 -2.003491
0.878406 0.882191 16.700000 -0.065213 -1.720393
0.873349 0.882209 16.800000 -0.218147 -1.330631
0.868598 0.884132 16.900000 -0.362794 -1.555081
0.864284 0.884817 17.000000 -0.511672 -1.415040
0.860502 0.885516 17.100000 -0.653669 -1.417784
0.857321 0.884964 17.200000 -0.787746 -1.257060
0.854753 0.883366 17.300000 -0.905983 -1.101772
0.852848 0.882420 17.400000 -1.021264 -1.198080
0.851696 0.881339 17.500000 -1.140296 -1.176616
0.851369 0.880496 17.600000 -1.259929 -1.210061
0.851869 0.878433 17.700000 -1.371369 -1.013158
0.853168 0.876364 17.800000 -1.472685 -1.008110
0.855246 0.873583 17.900000 -1.566668 -0.866851
0.858024 0.870343 18.000000 -1.648112 -0.757940
0.861483 0.867203 18.100000 -1.724858 -0.773142
0.865663 0.864199 18.200000 -1.803548 -0.796723
0.870462 0.860267 18.300000 -1.870081 -0.530620
0.875573 0.855707 18.400000 -1.905843 -0.182825
0.880644 0.851172 18.500000 -1.907191 0.155936
0.885371 0.847078 18.600000 -1.878629 0.413873
0.889514 0.843758 18.700000 -1.824419 0.667602
0.892975 0.840500 18.800000 -1.757104 0.675341
0.895704 0.838020 18.900000 -1.680179 0.859316
0.897685 0.835368 19.000000 -1.596289 0.814274
0.898893 0.833866 19.100000 -1.503049 1.045879
0.899221 0.833693 19.200000 -1.387197 1.265362
0.898579 0.835800 19.300000 -1.244754 1.576377
0.897005 0.837712 19.400000 -1.087806 1.554735
0.894620 0.840434 19.500000 -0.926867 1.656000
0.891515 0.844656 19.600000 -0.752191 1.828788
0.887785 0.851957 19.700000 -0.553243 2.140214
0.883623 0.857872 19.800000 -0.344992 2.014396
0.879263 0.861869 19.900000 -0.152762 1.820603
0.874891 0.865745 20.000000 0.029305 1.811629
0.870674 0.870270 20.100000 0.214683 1.886663
0.866774 0.873648 20.200000 0.397681 1.764140
0.863309 0.875499 20.300000 0.565402 1.581892
0.860310 0.874762 20.400000 0.705029 1.203667
0.857750 0.872984 20.500000 0.815915 1.008519
0.855584 0.870184 20.600000 0.904859 0.765920
0.853827 0.868103 20.700000 0.990137 0.935367
0.852518 0.865499 20.800000 1.077360 0.804730
0.851630 0.862632 20.900000 1.154076 0.725761
0.851144 0.859608 21.000000 1.224047 0.670157
0.851075 0.856755 21.100000 1.293424 0.713907
0.851412 0.853541 21.200000 1.358628 0.586910
0.852120 0.850292 21.300000 1.416239 0.562439
0.853093 0.846482 21.400000 1.456966 0.250065
0.854159 0.842569 21.500000 1.471851 0.046892
0.855240 0.838688 21.600000 1.475691 0.029710
0.856268 0.834899 21.700000 1.469173 -0.159739
0.857091 0.831502 21.800000 1.439803 -0.426191
0.857571 0.828577 21.900000 1.387688 -0.613517
0.857668 0.825699 22.000000 1.325843 -0.620287
0.857392 0.822935 22.100000 1.262102 -0.651350
0.856731 0.820522 22.200000 1.191617 -0.754818
0.855657 0.818554 22.300000 1.110096 -0.871533
0.854158 0.816980 22.400000 1.018110 -0.963586
0.852266 0.815238 22.500000 0.923687 -0.920152
0.850053 0.813118 22.600000 0.836602 -0.817179
0.847592 0.810652 22.700000 0.760126 -0.708524
0.844908 0.808648 22.800000 0.682567 -0.838783
0.841996 0.807184 22.900000 0.591833 -0.971352
0.838876 0.805905 23.000000 0.492434 -1.011663
0.835578 0.805240 23.100000 0.384499 -1.141639
0.832147 0.804745 23.200000 0.268393 -1.174676
0.828636 0.804705 23.300000 0.146295 -1.261189
0.825110 0.806390 23.400000 0.005399 -1.549676
0.821663 0.808350 23.500000 -0.152135 -1.593122
0.818377 0.808034 23.600000 -0.292699 -1.211139
0.815290 0.807231 23.700000 -0.409087 -1.110807
0.812438 0.806153 23.800000 -0.517316 -1.048349
0.809867 0.805304 23.900000 -0.624886 -1.097685
0.807604 0.803821 24.000000 -0.727355 -0.946571
0.805629 0.801639 24.100000 -0.812018 -0.742450
0.803892 0.798923 24.200000 -0.875923 -0.532456
0.802352 0.796062 24.300000 -0.925111 -0.448833
0.800988 0.793140 24.400000 -0.967688 -0.400591
0.799744 0.789960 24.500000 -0.995112 -0.146506
0.798529 0.786769 24.600000 -0.999452 0.059923
0.797273 0.783667 24.700000 -0.987075 0.186992
0.795903 0.780927 24.800000 -0.955117 0.450573
0.794330 0.778787 24.900000 -0.897369 0.701497
0.792561 0.776185 25.000000 -0.837082 0.501218
0.790636 0.773711 25.100000 -0.784270 0.552390
0.788579 0.771014 25.200000 -0.735130 0.427951
0.786424 0.768275 25.300000 -0.694232 0.387968
0.784184 0.765534 25.400000 -0.656138 0.372004
0.781873 0.762766 25.500000 -0.620552 0.337946
0.779493 0.760108 25.600000 -0.583615 0.398947
0.777059 0.757298 25.700000 -0.550317 0.265332
0.774561 0.754928 25.800000 -0.510175 0.535502
0.771963 0.753117 25.900000 -0.445556 0.753663
0.769268 0.751329 26.000000 -0.369827 0.757113
0.766498 0.749472 26.100000 -0.295407 0.727566
0.763671 0.748107 26.200000 -0.214635 0.883846
0.760806 0.747097 26.300000 -0.121150 0.981179
0.757936 0.746085 26.400000 -0.022916 0.978588
0.755097 0.744976 26.500000 0.073753 0.949966
0.752323 0.743859 26.600000 0.168757 0.945349
0.749643 0.742618 26.700000 0.261596 0.906797
0.747089 0.741485 26.800000 0.353964 0.935947
0.744682 0.739907 26.900000 0.440684 0.794115
0.742418 0.737917 27.000000 0.512248 0.633590
0.740265 0.735396 27.100000 0.560171 0.322477
0.738206 0.733001 27.200000 0.596607 0.404406
0.736248 0.730578 27.300000 0.635500 0.371521
0.734380 0.728044 27.400000 0.667127 0.259436
0.732580 0.725462 27.500000 0.688980 0.176531
0.730822 0.722851 27.600000 0.700975 0.062766
0.729077 0.720258 27.700000 0.700921 -0.063846
0.727311 0.717745 27.800000 0.687909 -0.195734
0.725515 0.715233 27.900000 0.669601 -0.169510
0.723698 0.712706 28.000000 0.655920 -0.103434
0.721905 0.710247 28.100000 0.660513 0.195069
0.720143 0.707741 28.200000 0.667985 -0.046015
0.718352 0.705412 28.300000 0.650421 -0.304382
0.716488 0.703314 28.400000 0.611918 -0.463746
0.714539 0.701285 28.500000 0.563807 -0.496068
0.712502 0.699427 28.600000 0.509894 -0.579507
0.710400 0.697222 28.700000 0.462827 -0.359483
0.708239 0.695460 28.800000 0.414075 -0.613105
0.706005 0.693930 28.900000 0.347774 -0.709607
0.703727 0.691782 29.000000 0.293607 -0.371012
0.701427 0.689717 29.100000 0.253893 -0.421299
0.699118 0.687434 29.200000 0.222521 -0.204568
0.696810 0.685144 29.300000 0.203865 -0.167623
0.694498 0.683200 29.400000 0.171779 -0.472486
0.692183 0.680994 29.500000 0.135726 -0.246768
0.689873 0.678809 29.600000 0.110710 -0.252296
0.687572 0.676584 29.700000 0.089142 -0.177987
0.685280 0.674410 29.800000 0.068699 -0.229856
0.683000 0.672213 29.900000 0.048373 -0.175645
0.680732 0.670025 30.000000 0.031268 -0.165613
0.678479 0.667813 30.100000 0.019918 -0.060811
0.676240 0.665661 30.200000 0.007916 -0.178638
0.674015 0.663510 30.300000 -0.008693 -0.152694
0.671807 0.661477 30.400000 -0.031112 -0.294570
0.669617 0.659424 30.500000 -0.058802 -0.257854
0.667447 0.657354 30.600000 -0.082714 -0.219179
0.665295 0.655220 30.700000 -0.094310 -0.012171
0.663157 0.653106 30.800000 -0.098142 -0.064279
0.661035 0.651002 30.900000 -0.103477 -0.042154
0.658927 0.648913 31.000000 -0.103222 0.047248
0.656829 0.646850 31.100000 -0.095608 0.104648
0.654743 0.644789 31.200000 -0.087550 0.056115
0.652668 0.642744 31.300000 -0.081019 0.074171
0.650602 0.640887 31.400000 -0.060265 0.339873
0.648545 0.639003 31.500000 -0.028115 0.301522
0.646499 0.637053 31.600000 -0.002755 0.204420
0.644466 0.635096 31.700000 0.016153 0.172784
0.642447 0.633116 31.800000 0.028937 0.082267
0.640442 0.631141 31.900000 0.035244 0.043541
0.638450 0.629236 32.000000 0.047354 0.198071
0.636475 0.627408 32.100000 0.071600 0.285630
0.634520 0.625565 32.200000 0.098607 0.253152
0.632579 0.623641 32.300000 0.107842 -0.068912
0.630650 0.621723 32.400000 0.104392 0.000085
0.628735 0.619869 32.500000 0.113786 0.187323
0.626839 0.618038 32.600000 0.133477 0.205514
0.624970 0.616436 32.700000 0.165322 0.429806
0.623134 0.614758 32.800000 0.204869 0.359158
0.621335 0.613118 32.900000 0.242103 0.383657
0.619577 0.611513 33.000000 0.281600 0.404303
0.617863 0.609820 33.100000 0.317669 0.315266
0.616184 0.608043 33.200000 0.342989 0.189871
0.614538 0.606305 33.300000 0.364271 0.234721
0.612922 0.604520 33.400000 0.382480 0.128538
0.611334 0.602772 33.500000 0.398199 0.185049
0.609775 0.601012 33.600000 0.414461 0.139388
0.608256 0.599419 33.700000 0.439169 0.353532
0.606789 0.597773 33.800000 0.471344 0.288354
0.605360 0.596037 33.900000 0.491857 0.120878
0.603966 0.594368 34.000000 0.509591 0.232926
0.602596 0.592630 34.100000 0.520744 -0.010429
0.601218 0.590969 34.200000 0.509519 -0.213497
0.599817 0.589315 34.300000 0.488335 -0.209135
0.598382 0.587829 34.400000 0.458193 -0.392191
0.596910 0.586293 34.500000 0.421751 -0.334836
0.595406 0.584784 34.600000 0.387211 -0.354238
0.593879 0.583175 34.700000 0.358274 -0.223049
0.592344 0.581530 34.800000 0.340282 -0.135885
0.590803 0.579897 34.900000 0.326485 -0.139372
0.589258 0.578282 35.000000 0.311409 -0.161400
0.587705 0.576718 35.100000 0.291495 -0.235882
0.586137 0.575285 35.200000 0.260764 -0.377188
0.584552 0.573823 35.300000 0.224848 -0.339351
0.582958 0.572321 35.400000 0.193537 -0.285307
0.581352 0.571188 35.500000 0.150115 -0.580947
0.579737 0.569912 35.600000 0.096884 -0.481008
0.578121 0.568613 35.700000 0.049807 -0.458194
0.576511 0.567300 35.800000 0.004716 -0.441357
0.574912 0.565993 35.900000 -0.039432 -0.439398
0.573329 0.564670 36.000000 -0.082549 -0.420795
0.571768 0.563482 36.100000 -0.129643 -0.518717
0.570231 0.562001 36.200000 -0.167091 -0.228383
0.568720 0.560712 36.300000 -0.200098 -0.430097
0.567229 0.559176 36.400000 -0.222129 -0.009431
0.565740 0.557726 36.500000 -0.210579 0.239859
0.564246 0.556271 36.600000 -0.187653 0.217517
0.562750 0.554849 36.700000 -0.163901 0.256326
0.561252 0.553392 36.800000 -0.141701 0.186567
0.559755 0.551941 36.900000 -0.123294 0.180646
0.558260 0.550563 37.000000 -0.099888 0.286308
0.556766 0.549180 37.100000 -0.072107 0.267927
0.555276 0.547815 37.200000 -0.044482 0.283186
0.553792 0.546449 37.300000 -0.016678 0.271502
0.552315 0.544996 37.400000 -0.000334 0.054567
0.550846 0.543564 37.500000 0.008263 0.116952
0.549385 0.542128 37.600000 0.011009 -0.062174
0.547932 0.540708 37.700000 0.013206 0.105998
0.546487 0.539309 37.800000 0.025716 0.143582
0.545050 0.537919 37.900000 0.025488 -0.148136
0.543620 0.536526 38.000000 0.012051 -0.119925
0.542197 0.535245 38.100000 -0.009369 -0.307403
0.540782 0.533879 38.200000 -0.032539 -0.154850
0.539376 0.532489 38.300000 -0.038964 0.026682
0.537978 0.531121 38.400000 -0.043038 -0.107969
0.536590 0.529902 38.500000 -0.065912 -0.348355
0.535216 0.528658 38.600000 -0.098977 -0.311296
0.533860 0.527560 38.700000 -0.137260 -0.452457
0.532533 0.526562 38.800000 -0.186418 -0.528248
0.531233 0.525306 38.900000 -0.226489 -0.271166
0.529954 0.524010 39.000000 -0.249723 -0.192354
0.528691 0.522683 39.100000 -0.263680 -0.086070
0.527430 0.521402 39.200000 -0.258142 0.196540
0.526164 0.520127 39.300000 -0.238527 0.194774
0.524890 0.518923 39.400000 -0.213781 0.298914
0.523604 0.517823 39.500000 -0.178355 0.407828
0.522307 0.516863 39.600000 -0.131682 0.523312
0.521003 0.515847 39.700000 -0.081702 0.473787
0.519699 0.514925 39.800000 -0.030672 0.544260
0.518401 0.514305 39.900000 0.033236 0.730711
0.517121 0.513472 40.000000 0.099947 0.600165
0.515865 0.512592 40.100000 0.158366 0.565291
0.514647 0.511944 40.200000 0.222252 0.709241
0.513473 0.511012 40.300000 0.283883 0.520300
0.512343 0.510054 40.400000 0.334848 0.496452
0.511254 0.508904 40.500000 0.374422 0.293036
0.510195 0.507719 40.600000 0.400717 0.231554
0.509161 0.506503 40.700000 0.419919 0.151528
0.508146 0.505284 40.800000 0.433828 0.125966
0.507139 0.504056 40.900000 0.437032 -0.062052
0.506125 0.502871 41.000000 0.424694 -0.184095
0.505086 0.501851 41.100000 0.395080 -0.406707
0.504010 0.500954 41.200000 0.348998 -0.512626
0.502896 0.500211 41.300000 0.292130 -0.621884
0.501750 0.499368 41.400000 0.233466 -0.548466
0.500586 0.498338 41.500000 0.187133 -0.375878
0.499412 0.497338 41.600000 0.148085 -0.403134
0.498228 0.496568 41.700000 0.098178 -0.592512
0.497041 0.495975 41.800000 0.033164 -0.704520
0.495859 0.495359 41.900000 -0.036670 -0.688654
0.494692 0.494465 42.000000 -0.095655 -0.488113
0.493540 0.493350 42.100000 -0.131079 -0.218592
0.492401 0.492247 42.200000 -0.153688 -0.232443
0.491273 0.491088 42.300000 -0.167113 -0.035401
0.490149 0.489938 42.400000 -0.165373 0.070116
0.489029 0.488788 42.500000 -0.162124 -0.005302
0.487915 0.487644 42.600000 -0.162977 -0.011703
0.486803 0.486542 42.700000 -0.154532 0.180170
0.485691 0.485417 42.800000 -0.141207 0.085664
0.484580 0.484374 42.900000 -0.123253 0.272513
0.483465 0.483380 43.000000 -0.092820 0.334624
0.482349 0.482647 43.100000 -0.047104 0.577419
0.481235 0.481996 43.200000 0.013582 0.633270
0.480132 0.481177 43.300000 0.070547 0.503170
0.479046 0.480424 43.400000 0.123571 0.554661
0.477986 0.479838 43.500000 0.184996 0.670781
0.476965 0.479227 43.600000 0.251325 0.652472
0.475982 0.478347 43.700000 0.305728 0.432872
0.475030 0.477333 43.800000 0.340303 0.256907
0.474102 0.476308 43.900000 0.364683 0.229463
0.473184 0.475232 44.000000 0.373134 -0.060866
0.472258 0.474233 44.100000 0.357021 -0.260576
0.471314 0.473267 44.200000 0.328744 -0.303564
0.470352 0.472310 44.300000 0.297905 -0.311664
0.469376 0.471335 44.400000 0.268414 -0.276678
0.468390 0.470349 44.500000 0.241980 -0.250689
0.467394 0.469387 44.600000 0.215124 -0.285084
0.466388 0.468451 44.700000 0.185010 -0.315692
0.465374 0.467601 44.800000 0.148285 -0.416983
0.464352 0.466835 44.900000 0.102533 -0.495757
0.463326 0.465976 45.000000 0.057691 -0.398842
0.462301 0.465141 45.100000 0.016604 -0.420849
0.461281 0.464146 45.200000 -0.012896 -0.167668
0.460265 0.463125 45.300000 -0.023581 -0.045502
0.459255 0.462155 45.400000 -0.036316 -0.208558
0.458252 0.461225 45.500000 -0.060531 -0.274540
0.457258 0.460332 45.600000 -0.090664 -0.326607
0.456275 0.459387 45.700000 -0.118830 -0.235310
0.455306 0.458550 45.800000 -0.150069 -0.387892
0.454353 0.457650 45.900000 -0.184436 -0.297732
0.453413 0.456671 46.000000 -0.204943 -0.111381
0.452477 0.455695 46.100000 -0.205104 0.108163
0.451544 0.454712 46.200000 -0.201434 -0.034948
0.450618 0.453755 46.300000 -0.210518 -0.146281
0.449706 0.452843 46.400000 -0.230017 -0.242720
0.448815 0.452042 46.500000 -0.262214 -0.399607
0.447955 0.451356 46.600000 -0.307944 -0.512709
0.447136 0.450664 46.700000 -0.358963 -0.505123
0.446360 0.449940 46.800000 -0.407949 -0.472142
0.445633 0.449279 46.900000 -0.458064 -0.527650
0.444960 0.448538 47.000000 -0.506919 -0.447005
0.444339 0.447783 47.100000 -0.550869 -0.429804
0.443771 0.447016 47.200000 -0.593054 -0.411782
0.443255 0.446200 47.300000 -0.631093 -0.347106
0.442796 0.445480 47.400000 -0.671394 -0.456899
0.442393 0.444626 47.500000 -0.708266 -0.278687
0.442017 0.443698 47.600000 -0.725610 -0.067341
0.441638 0.442792 47.700000 -0.721775 0.143855
0.441231 0.441926 47.800000 -0.702628 0.238120
0.440783 0.441145 47.900000 -0.672343 0.366080
0.440289 0.440341 48.000000 -0.637457 0.329893
0.439753 0.439550 48.100000 -0.603744 0.342670
0.439182 0.438721 48.200000 -0.572528 0.280106
0.438586 0.437851 48.300000 -0.549062 0.188035
0.437955 0.437201 48.400000 -0.514801 0.495466
0.437276 0.436574 48.500000 -0.464172 0.514582
0.436557 0.435844 48.600000 -0.418206 0.402451
0.435808 0.435136 48.700000 -0.376725 0.425095
0.435035 0.434350 48.800000 -0.339454 0.318455
0.434241 0.433618 48.900000 -0.303989 0.389075
0.433437 0.432742 49.000000 -0.280179 0.085931
0.432627 0.431905 49.100000 -0.265664 0.203645
0.431808 0.431144 49.200000 -0.238521 0.337861
0.430977 0.430359 49.300000 -0.206847 0.294020
0.430134 0.429785 49.400000 -0.164988 0.541082
0.429281 0.429038 49.500000 -0.120668 0.343105
0.428423 0.428466 49.600000 -0.076474 0.538559
0.427563 0.427988 49.700000 -0.018555 0.616914
0.426709 0.427568 49.800000 0.045503 0.661042
0.425865 0.426926 49.900000 0.101780 0.461702
0.425037 0.426264 50.000000 0.146816 0.436751
0.424224 0.425512 50.100000 0.184298 0.311014
0.423430 0.424885 50.200000 0.223431 0.469702
0.422661 0.424212 50.300000 0.267710 0.413648
0.421910 0.423387 50.400000 0.294658 0.123968
0.421165 0.422550 50.500000 0.300084 -0.015707
0.420425 0.421722 50.600000 0.302746 0.068814
0.419696 0.420932 50.700000 0.316330 0.202179
0.418983 0.420142 50.800000 0.336204 0.194310
0.418294 0.419501 50.900000 0.367617 0.432370
0.417636 0.418778 51.000000 0.405111 0.315647
0.417014 0.418200 51.100000 0.445814 0.496373
0.416437 0.417565 51.200000 0.492216 0.429345
0.415888 0.416760 51.300000 0.518275 0.090534
0.415344 0.415953 51.400000 0.520801 -0.040132
0.414797 0.415151 51.500000 0.515545 -0.064721
0.414237 0.414395 51.600000 0.501205 -0.221368
0.413659 0.413640 51.700000 0.479264 -0.216359
0.413058 0.412969 51.800000 0.450302 -0.361429
0.412431 0.412258 51.900000 0.417440 -0.294165
0.411776 0.411699 52.000000 0.378028 -0.492120
0.411092 0.411128 52.100000 0.329471 -0.476594
0.410380 0.410603 52.200000 0.279403 -0.522250
0.409650 0.409944 52.300000 0.235074 -0.362109
0.408905 0.409375 52.400000 0.193284 -0.471616
0.408149 0.408754 52.500000 0.149251 -0.406830
0.407385 0.408184 52.600000 0.105575 -0.464517
0.406615 0.407874 52.700000 0.047203 -0.699993
0.405848 0.407836 52.800000 -0.032007 -0.880253
0.405096 0.407837 52.900000 -0.121446 -0.904044
0.404379 0.408147 53.000000 -0.220396 -1.070024
0.403719 0.408444 53.100000 -0.327361 -1.063928
0.403138 0.408734 53.200000 -0.433871 -1.060945
0.402637 0.408392 53.300000 -0.520773 -0.672738
0.402204 0.407954 53.400000 -0.584053 -0.589696
0.401838 0.407492 53.500000 -0.642010 -0.566554
0.401523 0.406786 53.600000 -0.682408 -0.239378
0.401222 0.406033 53.700000 -0.691891 0.050187
0.400899 0.405361 53.800000 -0.674507 0.296621
0.400545 0.404662 53.900000 -0.647754 0.237094
0.400154 0.404080 54.000000 -0.614645 0.423429
0.399703 0.403791 54.100000 -0.558163 0.703401
0.399182 0.403643 54.200000 -0.482585 0.804383
0.398598 0.403450 54.300000 -0.403541 0.772530
0.397964 0.403225 54.400000 -0.327232 0.749847
0.397292 0.403127 54.500000 -0.247737 0.836074
0.396590 0.402981 54.600000 -0.165515 0.804245
0.395872 0.403020 54.700000 -0.079016 0.921409
0.395151 0.402792 54.800000 0.004521 0.745170
0.394438 0.402387 54.900000 0.071928 0.599591
0.393737 0.401953 55.000000 0.130666 0.572226
0.393060 0.401799 55.100000 0.199251 0.796049
0.392414 0.401366 55.200000 0.267710 0.569715
0.391811 0.401398 55.300000 0.342145 0.915258
0.391270 0.401246 55.400000 0.427951 0.796567
0.390803 0.401243 55.500000 0.512701 0.894199
0.390427 0.401247 55.600000 0.602536 0.898015
0.390160 0.401322 55.700000 0.694733 0.941315
0.390008 0.401151 55.800000 0.781109 0.781887
0.389988 0.401332 55.900000 0.870556 1.002583
0.390128 0.401405 56.000000 0.967946 0.940338
0.390422 0.401225 56.100000 1.053938 0.775195
0.390848 0.400834 56.200000 1.122944 0.601487
0.391363 0.400193 56.300000 1.167211 0.281633
0.391932 0.399540 56.400000 1.193806 0.248937
0.392544 0.398862 56.500000 1.215238 0.178626
0.393169 0.398160 56.600000 1.222099 -0.041734
0.393775 0.397469 56.700000 1.214731 -0.105255
0.394356 0.396784 56.800000 1.203321 -0.122374
0.394897 0.396133 56.900000 1.185782 -0.227528
0.395378 0.395541 57.000000 1.157241 -0.341868
0.395785 0.394983 57.100000 1.120525 -0.390624
0.396088 0.394684 57.200000 1.067447 -0.668283
0.396261 0.394509 57.300000 0.995501 -0.767039
0.396298 0.394482 57.400000 0.913401 -0.870852
0.396188 0.394799 57.500000 0.815900 -1.074289
0.395928 0.395368 57.600000 0.701771 -1.202596
0.395536 0.395896 57.700000 0.582150 -1.183840
0.395033 0.396705 57.800000 0.456921 -1.314466
0.394441 0.397678 57.900000 0.321531 -1.386577
0.393792 0.398483 58.000000 0.186090 -1.315464
0.393119 0.398780 58.100000 0.066559 -1.069189
0.392447 0.399379 58.200000 -0.048350 -1.223232
0.391798 0.399706 58.300000 -0.164107 -1.086124
0.391193 0.400114 58.400000 -0.275189 -1.129972
0.390649 0.400265 58.500000 -0.381403 -0.988991
0.390173 0.400137 58.600000 -0.471396 -0.806371
0.389755 0.399676 58.700000 -0.537267 -0.507747
0.389383 0.399146 58.800000 -0.583654 -0.417676
0.389051 0.398582 58.900000 -0.622872 -0.364723
0.388754 0.397953 59.000000 -0.652745 -0.231255
0.388478 0.397300 59.100000 -0.671918 -0.151235
0.388223 0.396659 59.200000 -0.688773 -0.185028
0.387980 0.395991 59.300000 -0.698248 -0.003992
0.387738 0.395325 59.400000 -0.698799 -0.007011
0.387496 0.394663 59.500000 -0.697694 0.029057
0.387247 0.394011 59.600000 -0.691077 0.102950
0.386980 0.393391 59.700000 -0.674996 0.217866
0.386686 0.392806 59.800000 -0.649431 0.292161
0.386351 0.392368 59.900000 -0.609223 0.509983
0.385974 0.391825 60.000000 -0.565463 0.363037
0.385560 0.391369 60.100000 -0.522984 0.484428
0.385103 0.391019 60.200000 -0.468591 0.600698
0.384603 0.390686 60.300000 -0.407576 0.616567
0.384064 0.390443 60.400000 -0.341681 0.698029
0.383494 0.390073 60.500000 -0.277787 0.576663
0.382909 0.389460 60.600000 -0.239371 0.189732
0.382320 0.388841 60.700000 -0.221844 0.159933
0.381727 0.388225 60.800000 -0.205537 0.165384
0.381133 0.387589 60.900000 -0.199091 -0.036790
0.380544 0.386959 61.000000 -0.204616 -0.073425
0.379958 0.386328 61.100000 -0.209590 -0.025797
0.379372 0.385718 61.200000 -0.203007 0.157123
0.378783 0.385105 61.300000 -0.188253 0.137212
0.378191 0.384495 61.400000 -0.174184 0.143474
0.377598 0.383888 61.500000 -0.159766 0.144158
0.377003 0.383302 61.600000 -0.141959 0.211085
0.376405 0.382693 61.700000 -0.125459 0.118096
0.375806 0.382125 61.800000 -0.107067 0.248819
0.375205 0.381624 61.900000 -0.075655 0.377855
0.374602 0.381154 62.000000 -0.035456 0.424114
0.373999 0.380697 62.100000 0.007875 0.440349
0.373403 0.380547 62.200000 0.067926 0.757668
0.372820 0.380249 62.300000 0.137217 0.624692
0.372252 0.379809 62.400000 0.191508 0.458406
0.371701 0.379294 62.500000 0.231448 0.338390
0.371163 0.378751 62.600000 0.262453 0.280168
0.370637 0.378178 62.700000 0.286180 0.193176
0.370122 0.377605 62.800000 0.305215 0.186572
0.369620 0.377065 62.900000 0.328353 0.275032
0.369139 0.376626 63.000000 0.364546 0.447014
0.368690 0.376244 63.100000 0.413017 0.519997
0.368274 0.375777 63.200000 0.459237 0.402080
0.367881 0.375205 63.300000 0.487557 0.162917
0.367509 0.374717 63.400000 0.513761 0.359846
0.367172 0.374264 63.500000 0.552706 0.417117
0.366874 0.373839 63.600000 0.596381 0.454192
0.366606 0.373266 63.700000 0.625649 0.129693
0.366349 0.372686 63.800000 0.635749 0.071817
0.366097 0.372104 63.900000 0.640767 0.028294
0.365849 0.371524 64.000000 0.643941 0.035012
0.365611 0.370959 64.100000 0.652311 0.131983
0.365385 0.370389 64.200000 0.663685 0.094929
0.365168 0.369819 64.300000 0.672422 0.079358
0.364964 0.369258 64.400000 0.682771 0.127118
0.364766 0.368687 64.500000 0.688770 -0.007451
0.364572 0.368120 64.600000 0.691770 0.067313
0.364385 0.367554 64.700000 0.697639 0.049762
0.364185 0.367057 64.800000 0.685106 -0.299779
0.363948 0.366634 64.900000 0.648592 -0.428688
0.363665 0.366313 65.000000 0.598970 -0.561271
0.363342 0.365844 65.100000 0.553384 -0.348176
0.362989 0.365417 65.200000 0.514962 -0.418341
0.362604 0.364999 65.300000 0.472536 -0.428060
0.362192 0.364567 65.400000 0.430735 -0.405861
0.361759 0.364078 65.500000 0.395549 -0.296100
0.361310 0.363602 65.600000 0.364640 -0.320536
0.360845 0.363123 65.700000 0.333042 -0.309837
0.360361 0.362822 65.800000 0.288700 -0.574791
0.359854 0.362613 65.900000 0.226288 -0.670335
0.359327 0.362562 66.000000 0.152021 -0.811286
0.358788 0.362450 66.100000 0.073291 -0.759375
0.358247 0.362442 66.200000 -0.007132 -0.845063
0.357713 0.362304 66.300000 -0.086384 -0.736012
0.357192 0.361971 66.400000 -0.149900 -0.531127
0.356686 0.361592 66.500000 -0.199937 -0.467116
0.356195 0.361153 66.600000 -0.241999 -0.372018
0.355720 0.360729 66.700000 -0.280363 -0.393352
0.355257 0.360190 66.800000 -0.301664 -0.031601
0.354798 0.359666 66.900000 -0.310064 -0.135977
0.354348 0.359148 67.000000 -0.324504 -0.152104
0.353911 0.358696 67.100000 -0.348894 -0.334470
0.353497 0.358302 67.200000 -0.387276 -0.431252
0.353102 0.357799 67.300000 -0.418772 -0.197093
0.352721 0.357296 67.400000 -0.438246 -0.191424
0.352356 0.356807 67.500000 -0.459421 -0.231011
0.352004 0.356296 67.600000 -0.478488 -0.149377
0.351663 0.355778 67.700000 -0.491008 -0.100397
0.351317 0.355306 67.800000 -0.482762 0.264903
0.350958 0.354797 67.900000 -0.462736 0.134624
0.350588 0.354304 68.000000 -0.446066 0.197943
0.350201 0.353913 68.100000 -0.415179 0.418237
0.349779 0.353884 68.200000 -0.353263 0.816992
0.349317 0.354141 68.300000 -0.260708 1.029487
0.348829 0.354079 68.400000 -0.169529 0.789530
0.348325 0.354200 68.500000 -0.083092 0.934883
0.347818 0.354199 68.600000 0.005930 0.841101
0.347318 0.354041 68.700000 0.083227 0.700991
0.346831 0.353913 68.800000 0.154908 0.729042
0.346366 0.353780 68.900000 0.227739 0.723926
0.345925 0.353436 69.000000 0.288157 0.481411
0.345511 0.353258 69.100000 0.346327 0.679085
0.345135 0.353039 69.200000 0.412181 0.634700
0.344795 0.352677 69.300000 0.466576 0.450481
0.344476 0.352183 69.400000 0.496086 0.138240
0.344159 0.351686 69.500000 0.497504 -0.109932
0.343823 0.351332 69.600000 0.468973 -0.459280
0.343456 0.351030 69.700000 0.419421 -0.529264
0.343060 0.350758 69.800000 0.364458 -0.567259
0.342632 0.350710 69.900000 0.296100 -0.796484
0.342179 0.350538 70.000000 0.222137 -0.679067
0.341706 0.350594 70.100000 0.143852 -0.882729
0.341222 0.350700 70.200000 0.053388 -0.922030
0.340738 0.350520 70.300000 -0.026355 -0.668838
0.340260 0.350200 70.400000 -0.084989 -0.500910
0.339791 0.349913 70.500000 -0.137335 -0.543389
0.339337 0.349638 70.600000 -0.192494 -0.557038
0.338902 0.349398 70.700000 -0.250501 -0.600197
0.338492 0.349170 70.800000 -0.311288 -0.612511
0.338111 0.348889 70.900000 -0.369387 -0.546562
0.337763 0.348621 71.000000 -0.424979 -0.562493
0.337455 0.348440 71.100000 -0.486430 -0.663457
0.337191 0.348148 71.200000 -0.546233 -0.529614
0.336968 0.347830 71.300000 -0.597412 -0.491408
0.336792 0.347552 71.400000 -0.649450 -0.546758
0.336653 0.347104 71.500000 -0.688462 -0.231515
0.336549 0.346782 71.600000 -0.724192 -0.481309
0.336491 0.346409 71.700000 -0.768239 -0.397428
0.336486 0.346144 71.800000 -0.816183 -0.559053
0.336542 0.345822 71.900000 -0.868184 -0.478374
0.336647 0.345410 72.000000 -0.907775 -0.311461
0.336772 0.344932 72.100000 -0.923682 -0.005888
0.336884 0.344481 72.200000 -0.914231 0.194434
0.336984 0.344005 72.300000 -0.904599 -0.002264
0.337083 0.343530 72.400000 -0.904777 -0.001298
0.337180 0.343059 72.500000 -0.902283 0.051048
0.337253 0.342655 72.600000 -0.883928 0.315135
0.337278 0.342364 72.700000 -0.842530 0.510765
0.337246 0.342051 72.800000 -0.792934 0.478674
0.337166 0.341717 72.900000 -0.746721 0.443268
0.337034 0.341508 73.000000 -0.693738 0.613742
0.336842 0.341408 73.100000 -0.626256 0.732525
0.336583 0.341540 73.200000 -0.542600 0.936410
0.336256 0.341941 73.300000 -0.439151 1.127415
0.335871 0.342303 73.400000 -0.327351 1.102985
0.335447 0.342655 73.500000 -0.217097 1.096579
0.335001 0.342796 73.600000 -0.114736 0.945532
0.334547 0.343231 73.700000 -0.009583 1.152262
0.334101 0.343641 73.800000 0.105139 1.136441
0.333681 0.343875 73.900000 0.213077 1.016919
0.333295 0.343969 74.000000 0.309633 0.909375
0.332956 0.344147 74.100000 0.404135 0.975947
0.332680 0.344436 74.200000 0.506052 1.057302
0.332475 0.344423 74.300000 0.600038 0.817714
0.332332 0.344217 74.400000 0.672024 0.618400
0.332245 0.343982 74.500000 0.732134 0.580795
0.332214 0.343685 74.600000 0.786041 0.494652
0.332232 0.343337 74.700000 0.831293 0.408124
0.332286 0.342915 74.800000 0.863521 0.234824
0.332356 0.342459 74.900000 0.876790 0.029894
0.332432 0.342008 75.000000 0.882933 0.092667
0.332505 0.341569 75.100000 0.879868 -0.153814
0.332557 0.341143 75.200000 0.862094 -0.200786
0.332571 0.340841 75.300000 0.828131 -0.476771
0.332539 0.340481 75.400000 0.785624 -0.371249
0.332472 0.340100 75.500000 0.750772 -0.324051
0.332374 0.339712 75.600000 0.719292 -0.303964
0.332245 0.339363 75.700000 0.684603 -0.388091
0.332079 0.339051 75.800000 0.642414 -0.453570
0.331876 0.338744 75.900000 0.596616 -0.460110
0.331629 0.338661 76.000000 0.536328 -0.742622
0.331336 0.338527 76.100000 0.464674 -0.686889
0.331005 0.338374 76.200000 0.396840 -0.666395
0.330639 0.338404 76.300000 0.320848 -0.849648
0.330239 0.338723 76.400000 0.224159 -1.079296
0.329815 0.339374 76.500000 0.105172 -1.294490
0.329386 0.340276 76.600000 -0.031691 -1.435937
0.328974 0.340712 76.700000 -0.161935 -1.162429
0.328596 0.341087 76.800000 -0.276425 -1.121637
0.328261 0.341131 76.900000 -0.376026 -0.865415
0.327984 0.341568 77.000000 -0.477801 -1.164998
0.327788 0.342032 77.100000 -0.595493 -1.182951
0.327688 0.342291 77.200000 -0.706980 -1.041209
0.327680 0.342323 77.300000 -0.802123 -0.856889
0.327759 0.342229 77.400000 -0.881850 -0.733665
0.327921 0.342077 77.500000 -0.952189 -0.669608
0.328175 0.342040 77.600000 -1.025456 -0.792066
0.328526 0.341848 77.700000 -1.096270 -0.620673
0.328945 0.341487 77.800000 -1.144877 -0.349048
0.329420 0.341154 77.900000 -1.182623 -0.403969
0.329941 0.340745 78.000000 -1.213249 -0.207017
0.330486 0.340318 78.100000 -1.229645 -0.120098
0.331027 0.339897 78.200000 -1.228359 0.145767
0.331531 0.339529 78.300000 -1.205060 0.319044
0.331971 0.339258 78.400000 -1.163802 0.504059
0.332326 0.339108 78.500000 -1.105187 0.665306
0.332590 0.338949 78.600000 -1.039011 0.654904
0.332783 0.338630 78.700000 -0.985210 0.418429
0.332911 0.338484 78.800000 -0.930736 0.668318
0.332960 0.338367 78.900000 -0.862111 0.700760
0.332929 0.338369 79.000000 -0.785618 0.825271
0.332818 0.338435 79.100000 -0.699944 0.883914
0.332633 0.338525 79.200000 -0.610258 0.905324
0.332387 0.338499 79.300000 -0.524940 0.796775
0.332093 0.338509 79.400000 -0.443264 0.832673
0.331752 0.338753 79.500000 -0.349779 1.032346
0.331372 0.339251 79.600000 -0.237250 1.212609
0.330964 0.339922 79.700000 -0.110166 1.322706
0.330550 0.341020 79.800000 0.034346 1.560320
0.330159 0.341948 79.900000 0.186351 1.472178
0.329815 0.342781 80.000000 0.331348 1.420503
0.329543 0.343555 80.100000 0.472132 1.388137
0.329360 0.344100 80.200000 0.604383 1.250273
0.329285 0.344749 80.300000 0.733023 1.316098
0.329329 0.345081 80.400000 0.854441 1.106196
0.329486 0.345148 80.500000 0.954660 0.893161
0.329755 0.345254 80.600000 1.045960 0.928283
0.330150 0.345366 80.700000 1.139274 0.933329
0.330673 0.345349 80.800000 1.226876 0.814336
0.331310 0.345202 80.900000 1.301443 0.673264
0.332039 0.344909 81.000000 1.358437 0.463778
0.332849 0.344643 81.100000 1.407122 0.507487
0.333740 0.344329 81.200000 1.453753 0.422799
0.334674 0.343911 81.300000 1.479364 0.088138
0.335609 0.343491 81.400000 1.480904 -0.057422
0.336528 0.343074 81.500000 1.473835 -0.083596
0.337435 0.342655 81.600000 1.467958 -0.033645
0.338317 0.342267 81.700000 1.455011 -0.224660
0.339140 0.341956 81.800000 1.422725 -0.419446
0.339874 0.341755 81.900000 1.371871 -0.595094
0.340496 0.341685 82.000000 1.304260 -0.753734
0.340980 0.341899 82.100000 1.215476 -1.017509
0.341321 0.342069 82.200000 1.115279 -0.981413
0.341535 0.342228 82.300000 1.017335 -0.972573
0.341630 0.342464 82.400000 0.916645 -1.036188
0.341618 0.342667 82.500000 0.814066 -1.010275
0.341506 0.343063 82.600000 0.705402 -1.157578
0.341297 0.343722 82.700000 0.580533 -1.333545
0.341011 0.344087 82.800000 0.456724 -1.136458
0.340669 0.344587 82.900000 0.337982 -1.232439
0.340282 0.345675 83.000000 0.196991 -1.580320
0.339874 0.347032 83.100000 0.031703 -1.717186
0.339476 0.348056 83.200000 -0.132038 -1.549439
0.339120 0.349205 83.300000 -0.290716 -1.616196
0.338830 0.349914 83.400000 -0.440515 -1.372296
0.338621 0.350452 83.500000 -0.572690 -1.264584
0.338506 0.350905 83.600000 -0.696617 -1.207776
0.338498 0.351279 83.700000 -0.814928 -1.152520
0.338598 0.351359 83.800000 -0.918581 -0.915348
0.338791 0.351261 83.900000 -1.001201 -0.732927
0.339082 0.351258 84.000000 -1.079820 -0.835531
0.339471 0.351096 84.100000 -1.154539 -0.655106
0.339939 0.350818 84.200000 -1.211649 -0.484234
0.340477 0.350540 84.300000 -1.260021 -0.480784
0.341070 0.350169 84.400000 -1.297825 -0.273405
0.341694 0.349766 84.500000 -1.318274 -0.134557
0.342334 0.349358 84.600000 -1.329508 -0.089557
0.342969 0.348957 84.700000 -1.326966 0.140253
0.343576 0.348567 84.800000 -1.310566 0.186929
0.344140 0.348237 84.900000 -1.282622 0.370554
0.344625 0.348096 85.000000 -1.230228 0.674712
0.345006 0.348041 85.100000 -1.157499 0.776237
0.345280 0.348060 85.200000 -1.075776 0.854135
0.345447 0.348136 85.300000 -0.987425 0.908473
0.345510 0.348277 85.400000 -0.893376 0.967805
0.345471 0.348552 85.500000 -0.790702 1.080541
0.345335 0.348970 85.600000 -0.676940 1.189007
0.345107 0.349741 85.700000 -0.546077 1.421696
0.344811 0.349886 85.800000 -0.426010 0.973647
0.344471 0.350115 85.900000 -0.324773 1.046026
0.344099 0.350310 86.000000 -0.221313 1.018016
0.343708 0.350517 86.100000 -0.118755 1.028000
0.343310 0.350739 86.200000 -0.015032 1.041280
0.342917 0.350937 86.300000 0.088363 1.021456
0.342540 0.350952 86.400000 0.182341 0.853402
0.342184 0.350871 86.500000 0.262699 0.749746
0.341855 0.350763 86.600000 0.336213 0.716854
0.341560 0.350781 86.700000 0.415050 0.855936
0.341314 0.350889 86.800000 0.505250 0.943562
0.341133 0.351161 86.900000 0.606856 1.083472
0.341040 0.351561 87.000000 0.720482 1.183372
0.341039 0.351632 87.100000 0.825382 0.909390
0.341135 0.351807 87.200000 0.921295 1.004062
0.341342 0.351991 87.300000 1.022390 1.012800
0.341669 0.352092 87.400000 1.120184 0.938172
0.342106 0.351992 87.500000 1.203694 0.727852
0.342629 0.351731 87.600000 1.264978 0.494768
0.343237 0.351602 87.700000 1.324398 0.690666
0.343943 0.351392 87.800000 1.388020 0.578589
0.344721 0.351061 87.900000 1.434382 0.346334
0.345526 0.350662 88.000000 1.451939 0.003932
0.346301 0.350332 88.100000 1.434858 -0.344696
0.347020 0.350002 88.200000 1.400383 -0.343076
0.347694 0.349627 88.300000 1.373689 -0.189467
0.348325 0.349304 88.400000 1.346195 -0.359056
0.348898 0.348998 88.500000 1.308446 -0.394019
0.349411 0.348705 88.600000 1.267502 -0.422813
0.349862 0.348418 88.700000 1.224621 -0.432681
0.350246 0.348185 88.800000 1.176261 -0.532086
0.350559 0.347974 88.900000 1.121184 -0.566706
0.350800 0.347777 89.000000 1.063336 -0.587356
0.350979 0.347512 89.100000 1.010273 -0.471265
0.351104 0.347255 89.200000 0.962326 -0.485262
0.351163 0.347223 89.300000 0.897988 -0.798288
0.351150 0.347076 89.400000 0.825049 -0.656848
0.351072 0.347101 89.500000 0.749040 -0.859531
0.350920 0.347261 89.600000 0.656278 -0.991069
0.350698 0.347569 89.700000 0.550599 -1.117228
0.350409 0.348209 89.800000 0.426523 -1.358089
0.350069 0.348684 89.900000 0.296009 -1.245662
0.349695 0.349388 90.000000 0.163280 -1.402291
0.349308 0.350182 90.100000 0.019822 -1.459679
0.348930 0.351053 90.200000 -0.128938 -1.508091
0.348585 0.351725 90.300000 -0.273937 -1.384634
0.348288 0.352022 90.400000 -0.399160 -1.113564
0.348047 0.352268 90.500000 -0.508745 -1.072671
0.347872 0.352507 90.600000 -0.615979 -1.066644
0.347777 0.352750 90.700000 -0.723111 -1.070637
0.347766 0.352807 90.800000 -0.821846 -0.899130
0.347848 0.353014 90.900000 -0.919101 -1.041103
0.348033 0.353077 91.000000 -1.016679 -0.905578
0.348311 0.352948 91.100000 -1.096437 -0.685587
0.348667 0.352755 91.200000 -1.160600 -0.594478
0.349090 0.352475 91.300000 -1.212541 -0.441737
0.349560 0.352129 91.400000 -1.248132 -0.268302
0.350049 0.351746 91.500000 -1.263342 -0.035144
0.350549 0.351372 91.600000 -1.271679 -0.131179
0.351043 0.351012 91.700000 -1.267850 0.207578
0.351497 0.350697 91.800000 -1.239882 0.350376
0.351907 0.350368 91.900000 -1.206831 0.309004
0.352275 0.350039 92.000000 -1.175893 0.308203
0.352589 0.349821 92.100000 -1.133058 0.546348
0.352832 0.349667 92.200000 -1.073350 0.644839
0.352990 0.349671 92.300000 -0.998909 0.840248
0.353057 0.349745 92.400000 -0.910954 0.914461
0.353027 0.350090 92.500000 -0.807106 1.157292
0.352897 0.350674 92.600000 -0.682179 1.335005
0.352681 0.351144 92.700000 -0.552380 1.254498
0.352398 0.351746 92.800000 -0.421875 1.349075
0.352063 0.352298 92.900000 -0.288303 1.315673
0.351698 0.352827 93.000000 -0.157192 1.299994
0.351321 0.353376 93.100000 -0.026118 1.314938
0.350951 0.353916 93.200000 0.105396 1.308766
0.350603 0.354253 93.300000 0.228961 1.156366
0.350290 0.354473 93.400000 0.339989 1.058626
0.350019 0.354561 93.500000 0.439916 0.934924
0.349805 0.354926 93.600000 0.545928 1.180011
0.349663 0.355167 93.700000 0.659112 1.078005
0.349603 0.355361 93.800000 0.765126 1.036988
0.349624 0.355362 93.900000 0.859396 0.843690
0.349713 0.355166 94.000000 0.931014 0.585101
0.349852 0.354877 94.100000 0.980709 0.406308
0.350030 0.354558 94.200000 1.017544 0.328554
0.350233 0.354192 94.300000 1.040920 0.137787
0.350445 0.353818 94.400000 1.049361 0.030614
0.350648 0.353462 94.500000 1.041492 -0.187610
0.350811 0.353244 94.600000 1.004945 -0.541485
0.350918 0.353016 94.700000 0.951581 -0.523142
0.350973 0.352805 94.800000 0.897655 -0.552678
0.350970 0.352702 94.900000 0.834101 -0.715219
0.350910 0.352534 95.000000 0.767114 -0.621176
0.350796 0.352498 95.100000 0.695988 -0.797782
0.350631 0.352363 95.200000 0.622464 -0.669023
0.350422 0.352322 95.300000 0.549254 -0.791510
0.350171 0.352275 95.400000 0.470267 -0.784281
0.349884 0.352250 95.500000 0.390376 -0.809549
0.349569 0.352192 95.600000 0.311163 -0.770743
0.349232 0.352208 95.700000 0.229543 -0.857587
0.348880 0.352034 95.800000 0.156083 -0.607935
0.348521 0.351875 95.900000 0.093961 -0.631402
0.348159 0.351731 96.000000 0.029540 -0.653792
0.347797 0.351445 96.100000 -0.022837 -0.391134
0.347438 0.351094 96.200000 -0.050654 -0.163806
0.347081 0.350861 96.300000 -0.084095 -0.503354
0.346730 0.350611 96.400000 -0.132847 -0.469239
0.346390 0.350498 96.500000 -0.191209 -0.695082
0.346065 0.350299 96.600000 -0.254167 -0.560927
0.345756 0.350038 96.700000 -0.304425 -0.441737
0.345462 0.349787 96.800000 -0.349751 -0.462506
0.345186 0.349519 96.900000 -0.394231 -0.424863
0.344934 0.349376 97.000000 -0.448020 -0.648240
0.344713 0.349206 97.100000 -0.510963 -0.607473
0.344527 0.349043 97.200000 -0.572327 -0.616734
0.344382 0.348918 97.300000 -0.637045 -0.674390
0.344271 0.348615 97.400000 -0.687216 -0.326523
0.344174 0.348260 97.500000 -0.706939 -0.066955
0.344078 0.347905 97.600000 -0.707590 0.053972
0.343974 0.347564 97.700000 -0.696227 0.172732
0.343859 0.347223 97.800000 -0.679214 0.166660
0.343728 0.346904 97.900000 -0.657644 0.263664
0.343574 0.346675 98.000000 -0.619651 0.494312
0.343389 0.346458 98.100000 -0.569020 0.515758
0.343170 0.346366 98.200000 -0.507277 0.716032
0.342916 0.346345 98.300000 -0.430916 0.807372
0.342627 0.346448 98.400000 -0.343004 0.946459
0.342310 0.346638 98.500000 -0.243796 1.032737
0.341972 0.346930 98.600000 -0.135551 1.126760
0.341627 0.347324 98.700000 -0.018224 1.213915
0.341287 0.347770 98.800000 0.105560 1.255583
0.340969 0.348177 98.900000 0.229922 1.225437
0.340685 0.348428 99.000000 0.346106 1.092427
0.340442 0.348471 99.100000 0.445207 0.884639
0.340240 0.348455 99.200000 0.530420 0.815352
0.340084 0.348385 99.300000 0.608735 0.747042
0.339976 0.348275 99.400000 0.680830 0.691251
0.339918 0.348182 99.500000 0.751288 0.714389
0.339913 0.348032 99.600000 0.818673 0.629940
0.339963 0.347903 99.700000 0.883502 0.663403
0.340066 0.347667 99.800000 0.940404 0.471786
0.340193 0.347320 99.900000 0.966600 0.050818
0.340320 0.346974 100.000000 0.967296 -0.036927
0.340429 0.346688 100.100000 0.948079 -0.346454
0.340493 0.346535 100.200000 0.899538 -0.621933
0.340501 0.346415 100.300000 0.834636 -0.672866
0.340444 0.346523 100.400000 0.753103 -0.953719
0.340321 0.346627 100.500000 0.657653 -0.950497
0.340139 0.346767 100.600000 0.560534 -0.987036
0.339901 0.347209 100.700000 0.447949 -1.259025
0.339614 0.347738 100.800000 0.318314 -1.327198
0.339296 0.348101 100.900000 0.191864 -1.195480
0.338963 0.348600 101.000000 0.066487 -1.305801
0.338630 0.349067 101.100000 -0.063199 -1.281431
0.338312 0.349319 101.200000 -0.182515 -1.098925
0.338019 0.349422 101.300000 -0.285394 -0.953513
0.337758 0.349593 101.400000 -0.384461 -1.022861
0.337548 0.350010 101.500000 -0.498039 -1.243025
0.337401 0.350212 101.600000 -0.613184 -1.054115
0.337326 0.350491 101.700000 -0.722465 -1.126038
0.337341 0.350872 101.800000 -0.839861 -1.216020
0.337465 0.351277 101.900000 -0.962770 -1.236010
0.337693 0.351299 102.000000 -1.068080 -0.864926
0.338016 0.351336 102.100000 -1.155636 -0.881824
0.338428 0.351199 102.200000 -1.232408 -0.649772
0.338912 0.350996 102.300000 -1.291775 -0.534596
0.339447 0.350689 102.400000 -1.332171 -0.271313
0.340015 0.350378 102.500000 -1.358299 -0.249929
0.340607 0.350044 102.600000 -1.377136 -0.125880
0.341235 0.349787 102.700000 -1.404199 -0.414011
0.341933 0.349632 102.800000 -1.455860 -0.616629
0.342712 0.349420 102.900000 -1.512464 -0.512624
0.343547 0.349117 103.000000 -1.551722 -0.270577
0.344446 0.348942 103.100000 -1.594415 -0.581152
0.345414 0.348656 103.200000 -1.640012 -0.328503
0.346433 0.348371 103.300000 -1.672797 -0.325556
0.347498 0.348067 103.400000 -1.702186 -0.260752
0.348571 0.347742 103.500000 -1.707732 0.150112
0.349619 0.347413 103.600000 -1.694494 0.113972
0.350640 0.347096 103.700000 -1.679149 0.192164
0.351617 0.346815 103.800000 -1.652854 0.332415
0.352534 0.346564 103.900000 -1.615353 0.415738
0.353390 0.346289 104.000000 -1.577170 0.346018
0.354154 0.346319 104.100000 -1.516260 0.869132
0.354788 0.346415 104.200000 -1.425317 0.945178
0.355282 0.346733 104.300000 -1.319579 1.164295
0.355616 0.347459 104.400000 -1.186684 1.486961
0.355789 0.348240 104.500000 -1.035667 1.525842
0.355823 0.348944 104.600000 -0.885312 1.473728
0.355741 0.349739 104.700000 -0.734368 1.537610
0.355556 0.350911 104.800000 -0.568208 1.777273
0.355287 0.352332 104.900000 -0.382906 1.919516
0.354964 0.354204 105.000000 -0.178724 2.153906
0.354628 0.356140 105.100000 0.038852 2.186728
0.354323 0.358208 105.200000 0.261317 2.251456
0.354097 0.360072 105.300000 0.482191 2.154983
0.353988 0.361641 105.400000 0.690848 2.007732
0.354013 0.362546 105.500000 0.872856 1.623323
0.354171 0.363036 105.600000 1.020752 1.327201
0.354452 0.363245 105.700000 1.141438 1.080477
0.354837 0.363178 105.800000 1.233965 0.765451
0.355323 0.363256 105.900000 1.319624 0.943445
0.355917 0.363170 106.000000 1.403916 0.738170
0.356595 0.362950 106.100000 1.466457 0.509516
0.357326 0.362645 106.200000 1.505846 0.276308
0.358077 0.362304 106.300000 1.521229 0.030587
0.358825 0.361966 106.400000 1.519402 -0.067039
0.359562 0.361629 106.500000 1.512881 -0.063068
0.360281 0.361303 106.600000 1.501316 -0.167642
0.360981 0.360968 106.700000 1.488418 -0.089669
0.361661 0.360645 106.800000 1.474994 -0.178145
0.362291 0.360442 106.900000 1.439305 -0.533852
0.362839 0.360323 107.000000 1.378292 -0.683353
0.363291 0.360325 107.100000 1.301388 -0.850882
0.363643 0.360311 107.200000 1.217034 -0.831989
0.363887 0.360562 107.300000 1.119096 -1.121883
0.364018 0.360849 107.400000 1.004849 -1.157326
0.364043 0.361243 107.500000 0.884046 -1.252709
0.363969 0.361737 107.600000 0.754257 -1.336576
0.363818 0.361919 107.700000 0.634347 -1.055636
0.363608 0.362212 107.800000 0.523052 -1.164702
0.363350 0.362392 107.900000 0.411788 -1.055000
0.363056 0.362637 108.000000 0.302764 -1.120029
0.362737 0.362873 108.100000 0.190864 -1.112387
0.362404 0.363353 108.200000 0.068518 -1.328415
0.362072 0.363964 108.300000 -0.069880 -1.432626
0.361759 0.364546 108.400000 -0.212390 -1.410448
0.361487 0.365354 108.500000 -0.362090 -1.576063
0.361276 0.365991 108.600000 -0.514001 -1.454566
0.361143 0.366605 108.700000 -0.658999 -1.438137
0.361096 0.366844 108.800000 -0.787207 -1.119600
0.361135 0.367065 108.900000 -0.898612 -1.102931
0.361277 0.367440 109.000000 -1.016341 -1.245774
0.361531 0.367569 109.100000 -1.129308 -1.007925
0.361868 0.367380 109.200000 -1.208256 -0.567084
0.362259 0.367121 109.300000 -1.257331 -0.411959
0.362687 0.366808 109.400000 -1.288960 -0.219031
0.363135 0.366481 109.500000 -1.306333 -0.127561
0.363579 0.366161 109.600000 -1.303769 0.178700
0.363987 0.365905 109.700000 -1.274147 0.412263
0.364341 0.365696 109.800000 -1.227318 0.521978
0.364635 0.365502 109.900000 -1.173469 0.552319
0.364858 0.365479 110.000000 -1.104459 0.824421
0.364993 0.365591 110.100000 -1.013556 0.989102
0.365046 0.365608 110.200000 -0.920025 0.876826
0.365025 0.365712 110.300000 -0.826942 0.980193
0.364941 0.365667 110.400000 -0.737978 0.794628
0.364803 0.365721 110.500000 -0.651888 0.922874
0.364619 0.365663 110.600000 -0.566721 0.776205
0.364397 0.365635 110.700000 -0.486826 0.817694
0.364139 0.365753 110.800000 -0.395905 0.996192
0.363848 0.366077 110.900000 -0.285575 1.204886
0.363533 0.366248 111.000000 -0.172320 1.054562
0.363208 0.366472 111.100000 -0.063864 1.109134
0.362883 0.366741 111.200000 0.049573 1.153925
0.362570 0.367054 111.300000 0.167406 1.196851
0.362281 0.367324 111.400000 0.285329 1.155711
0.362023 0.367325 111.500000 0.386255 0.857764
0.361797 0.367248 111.600000 0.466903 0.751162
0.361608 0.367280 111.700000 0.549562 0.897882
0.361466 0.367267 111.800000 0.636614 0.838802
0.361382 0.367428 111.900000 0.731151 1.047210
0.361374 0.367643 112.000000 0.838944 1.103272
0.361453 0.367842 112.100000 0.948706 1.086469
0.361631 0.368092 112.200000 1.060270 1.139227
0.361911 0.368134 112.300000 1.163076 0.911760
0.362278 0.368033 112.400000 1.244517 0.713000
0.362718 0.367855 112.500000 1.309301 0.579429
0.363218 0.367621 112.600000 1.361192 0.455802
0.363760 0.367323 112.700000 1.396527 0.249130
0.364320 0.366998 112.800000 1.411084 0.041282
0.364878 0.366674 112.900000 1.410959 -0.043781
0.365434 0.366350 113.000000 1.409496 0.014596
0.365988 0.366027 113.100000 1.408748 -0.029520
0.366524 0.365730 113.200000 1.394988 -0.244990
0.367030 0.365427 113.300000 1.372105 -0.211523
0.367514 0.365117 113.400000 1.353460 -0.160442
0.367974 0.364819 113.500000 1.333867 -0.230441
0.368396 0.364567 113.600000 1.302485 -0.395625
0.368757 0.364450 113.700000 1.248530 -0.680786
0.369035 0.364471 113.800000 1.170231 -0.881282
0.369227 0.364455 113.900000 1.084351 -0.832015
0.369337 0.364537 114.000000 0.994684 -0.956841
0.369348 0.365136 114.100000 0.874137 -1.448068
0.369251 0.366000 114.200000 0.719084 -1.645243
0.369062 0.366890 114.300000 0.553208 -1.663989
0.368806 0.367663 114.400000 0.390508 -1.581865
0.368507 0.368519 114.500000 0.228877 -1.642675
0.368187 0.369474 114.600000 0.060773 -1.711004
0.367871 0.370192 114.700000 -0.102444 -1.545180
0.367579 0.370828 114.800000 -0.254255 -1.483450
0.367329 0.371391 114.900000 -0.400146 -1.427061
0.367133 0.371676 115.000000 -0.531007 -1.183621
0.366991 0.371759 115.100000 -0.638745 -0.965749
0.366912 0.371985 115.200000 -0.743519 -1.124498
0.366912 0.372211 115.300000 -0.856278 -1.125050
0.367000 0.372417 115.400000 -0.968036 -1.104514
0.367189 0.372689 115.500000 -1.082193 -1.172922
0.367488 0.372848 115.600000 -1.193873 -1.055096
0.367891 0.372881 115.700000 -1.292205 -0.906628
0.368394 0.372847 115.800000 -1.378556 -0.816068
0.369000 0.372867 115.900000 -1.464059 -0.889722
0.369714 0.372804 116.000000 -1.547475 -0.774417
0.370522 0.372655 116.100000 -1.617967 -0.631900
0.371388 0.372352 116.200000 -1.659877 -0.204203
0.372255 0.372045 116.300000 -1.661492 0.171979
0.373089 0.371755 116.400000 -1.639768 0.261415
0.373884 0.371472 116.500000 -1.612208 0.288399
0.374623 0.371261 116.600000 -1.572624 0.501305
0.375292 0.371066 116.700000 -1.520636 0.535850
0.375884 0.370934 116.800000 -1.460820 0.657490
0.376374 0.371032 116.900000 -1.378441 0.985965
0.376747 0.371222 117.000000 -1.274428 1.089094
0.376997 0.371565 117.100000 -1.157502 1.243580
0.377132 0.371858 117.200000 -1.035185 1.196639
0.377165 0.372209 117.300000 -0.912472 1.251502
0.377100 0.372822 117.400000 -0.775639 1.478317
0.376941 0.373751 117.500000 -0.615721 1.712038
0.376706 0.374575 117.600000 -0.447739 1.639201
0.376418 0.375641 117.700000 -0.275060 1.805738
0.376102 0.376880 117.800000 -0.088484 1.916465
0.375787 0.377779 117.900000 0.092568 1.695520
0.375498 0.378648 118.000000 0.261576 1.676189
0.375255 0.379259 118.100000 0.419970 1.483773
0.375070 0.379646 118.200000 0.559196 1.293789
0.374951 0.379953 118.300000 0.685165 1.219292
0.374911 0.380288 118.400000 0.808756 1.246344
0.374961 0.380575 118.500000 0.931398 1.200371
0.375101 0.380663 118.600000 1.040952 0.985227
0.375326 0.380656 118.700000 1.133567 0.862449
0.375632 0.380586 118.800000 1.215429 0.770684
0.376020 0.380540 118.900000 1.294531 0.807406
0.376491 0.380407 119.000000 1.368488 0.668032
0.377052 0.380412 119.100000 1.446028 0.878890
0.377712 0.380306 119.200000 1.525800 0.712561
0.378447 0.380081 119.300000 1.585152 0.471518
0.379234 0.379799 119.400000 1.623453 0.292595
0.380044 0.379484 119.500000 1.642007 0.077540
0.380848 0.379174 119.600000 1.639197 -0.133588
0.381632 0.378869 119.700000 1.624255 -0.164515
0.382375 0.378625 119.800000 1.595199 -0.415138
0.383050 0.378456 119.900000 1.544628 -0.593760
0.383635 0.378425 120.000000 1.473486 -0.825520
0.384106 0.378587 120.100000 1.378440 -1.070643
0.384462 0.378683 120.200000 1.274914 -0.994702
0.384706 0.378989 120.300000 1.163811 -1.221801
0.384845 0.379105 120.400000 1.051463 -1.019554
0.384889 0.379468 120.500000 0.936291 -1.278127
0.384841 0.379829 120.600000 0.808242 -1.276456
0.384706 0.380539 120.700000 0.665395 -1.573328
0.384490 0.381511 120.800000 0.498123 -1.763753
0.384215 0.382531 120.900000 0.319613 -1.797519
0.383906 0.383367 121.000000 0.145768 -1.670692
0.383590 0.383988 121.100000 -0.013504 -1.506786
0.383285 0.384712 121.200000 -0.168677 -1.588916
0.383015 0.385550 121.300000 -0.332272 -1.674806
0.382800 0.386246 121.400000 -0.494881 -1.569247
0.382648 0.386438 121.500000 -0.629348 -1.113359
0.382558 0.386583 121.600000 -0.738321 -1.060651
0.382533 0.386634 121.700000 -0.838987 -0.947651
0.382574 0.386622 121.800000 -0.929750 -0.863059
0.382669 0.386413 121.900000 -0.998639 -0.511281
0.382795 0.386122 122.000000 -1.036777 -0.249562
0.382939 0.385813 122.100000 -1.056155 -0.137033
0.383089 0.385499 122.200000 -1.065217 -0.043763
0.383242 0.385184 122.300000 -1.067622 -0.004214
0.383387 0.384882 122.400000 -1.058938 0.177453
0.383513 0.384593 122.500000 -1.037681 0.246626
0.383617 0.384315 122.600000 -1.010542 0.294808
0.383686 0.384130 122.700000 -0.967715 0.559576
0.383710 0.383968 122.800000 -0.909147 0.608869
0.383684 0.383916 122.900000 -0.838482 0.800897
0.383605 0.383868 123.000000 -0.757968 0.805350
0.383479 0.383849 123.100000 -0.675006 0.849748
0.383309 0.383837 123.200000 -0.589397 0.858153
0.383103 0.383756 123.300000 -0.508552 0.754704
0.382866 0.383767 123.400000 -0.426064 0.890936
0.382601 0.383861 123.500000 -0.331272 1.000164
0.382313 0.383957 123.600000 -0.230910 1.002057
0.382012 0.383927 123.700000 -0.138932 0.832894
0.381705 0.383979 123.800000 -0.049716 0.946963
0.381398 0.384097 123.900000 0.049358 1.029574
0.381101 0.384372 124.000000 0.161371 1.205087
0.380823 0.384414 124.100000 0.268568 0.933495
0.380571 0.384520 124.200000 0.366330 1.016841
0.380354 0.384671 124.300000 0.470925 1.069840
0.380180 0.384732 124.400000 0.572665 0.959870
0.380059 0.384938 124.500000 0.677521 1.132003
0.380008 0.385226 124.600000 0.795406 1.219811
0.380037 0.385409 124.700000 0.912130 1.108826
0.380151 0.385579 124.800000 1.022484 1.092743
0.380349 0.385558 124.900000 1.119733 0.847368
0.380626 0.385561 125.000000 1.206435 0.882346
0.380990 0.385532 125.100000 1.292549 0.835631
0.381449 0.385598 125.200000 1.382984 0.968539
0.382016 0.385642 125.300000 1.478558 0.938170
0.382677 0.385482 125.400000 1.556095 0.608678
0.383404 0.385263 125.500000 1.610199 0.470706
0.384182 0.384998 125.600000 1.649898 0.321297
0.384992 0.384706 125.700000 1.675613 0.191708
0.385815 0.384401 125.800000 1.685823 0.011980
0.386643 0.384099 125.900000 1.690591 0.083148
0.387472 0.383795 126.000000 1.692146 -0.052141
0.388275 0.383529 126.100000 1.673921 -0.311442
0.389021 0.383345 126.200000 1.630832 -0.548175
0.389680 0.383290 126.300000 1.563624 -0.792621
0.390223 0.383490 126.400000 1.467322 -1.128608
0.390638 0.383713 126.500000 1.352947 -1.153178
0.390919 0.384230 126.600000 1.222889 -1.441473
0.391061 0.384997 126.700000 1.068064 -1.647296
0.391073 0.385815 126.800000 0.900921 -1.687201
0.390976 0.386591 126.900000 0.733346 -1.655912
0.390793 0.387517 127.000000 0.561686 -1.768708
0.390543 0.388469 127.100000 0.383397 -1.788161
0.390254 0.389225 127.200000 0.211388 -1.643423
0.389948 0.390256 127.300000 0.036527 -1.845060
0.389650 0.391007 127.400000 -0.138250 -1.641728
0.389380 0.391668 127.500000 -0.299330 -1.571828
0.389156 0.392296 127.600000 -0.455569 -1.545133
0.388996 0.392857 127.700000 -0.607675 -1.489388
0.388913 0.393306 127.800000 -0.752047 -1.390829
0.388908 0.393432 127.900000 -0.874548 -1.053071
0.388973 0.393429 128.000000 -0.971573 -0.882580
0.389108 0.393438 128.100000 -1.060904 -0.899560
0.389313 0.393326 128.200000 -1.141422 -0.706781
0.389575 0.393139 128.300000 -1.204620 -0.554019
0.389864 0.392833 128.400000 -1.233774 -0.027596
0.390154 0.392528 128.500000 -1.235785 -0.012523
0.390458 0.392249 128.600000 -1.249282 -0.256759
0.390776 0.391946 128.700000 -1.265640 -0.069582
0.391082 0.391681 128.800000 -1.253167 0.318425
0.391351 0.391459 128.900000 -1.214233 0.458298
0.391569 0.391300 129.000000 -1.160663 0.610429
0.391735 0.391127 129.100000 -1.101004 0.579765
0.391862 0.390872 129.200000 -1.054453 0.348936
0.391954 0.390682 129.300000 -1.009980 0.538292
0.392001 0.390523 129.400000 -0.952494 0.608570
0.392000 0.390448 129.500000 -0.883574 0.766374
0.391948 0.390391 129.600000 -0.805302 0.795156
0.391849 0.390325 129.700000 -0.726289 0.781146
0.391697 0.390654 129.800000 -0.623061 1.278254
0.391489 0.391024 129.900000 -0.492819 1.320076
0.391235 0.391635 130.000000 -0.349452 1.540103
0.390947 0.392535 130.100000 -0.183613 1.768374
0.390647 0.393431 130.200000 -0.006404 1.766957
0.390359 0.394302 130.300000 0.169808 1.748458
0.390105 0.395131 130.400000 0.343590 1.718496
0.389908 0.395937 130.500000 0.515027 1.701675
0.389788 0.396664 130.600000 0.682553 1.640469
0.389756 0.397114 130.700000 0.835142 1.403684
0.389818 0.397455 130.800000 0.970632 1.299340
0.389979 0.397693 130.900000 1.095437 1.190527
0.390236 0.397789 131.000000 1.206411 1.023404
0.390584 0.397765 131.100000 1.300639 0.856442
0.391009 0.397638 131.200000 1.377587 0.678672
0.391485 0.397366 131.300000 1.425882 0.284803
0.391976 0.397064 131.400000 1.440388 0.004602
0.392453 0.396786 131.500000 1.428005 -0.251648
0.392890 0.396573 131.600000 1.391307 -0.480475
0.393267 0.396440 131.700000 1.333817 -0.666443
0.393571 0.396379 131.800000 1.260548 -0.795284
0.393794 0.396419 131.900000 1.173229 -0.946722
0.393945 0.396318 132.000000 1.089367 -0.726329
0.394030 0.396348 132.100000 1.006141 -0.934031
0.394048 0.396361 132.200000 0.913764 -0.908884
0.394005 0.396380 132.300000 0.822161 -0.918605
0.393909 0.396404 132.400000 0.729779 -0.924414
0.393763 0.396485 132.500000 0.633109 -1.004156
0.393567 0.396841 132.600000 0.516709 -1.318023
0.393325 0.397315 132.700000 0.378813 -1.432997
0.393049 0.397885 132.800000 0.230786 -1.520148
0.392755 0.398594 132.900000 0.072501 -1.637625
0.392463 0.399258 133.000000 -0.089833 -1.600948
0.392192 0.399968 133.100000 -0.252303 -1.640314
0.391958 0.400313 133.200000 -0.400263 -1.311489
0.391773 0.400780 133.300000 -0.537698 -1.430339
0.391654 0.401270 133.400000 -0.682200 -1.452487
0.391612 0.401598 133.500000 -0.819954 -1.295712
0.391649 0.401727 133.600000 -0.938630 -1.071870
0.391754 0.401657 133.700000 -1.031725 -0.785377
0.391919 0.401547 133.800000 -1.106859 -0.713534
0.392143 0.401422 133.900000 -1.176874 -0.683271
0.392418 0.401196 134.000000 -1.233367 -0.443758
0.392733 0.400963 134.100000 -1.276719 -0.421113
0.393089 0.400739 134.200000 -1.320264 -0.447617
0.393466 0.400441 134.300000 -1.341694 0.020095
0.393834 0.400153 134.400000 -1.332473 0.163855
0.394189 0.399858 134.500000 -1.320708 0.070865
0.394521 0.399624 134.600000 -1.296473 0.412608
0.394807 0.399431 134.700000 -1.249311 0.528281
0.395033 0.399369 134.800000 -1.183025 0.794132
0.395183 0.399436 134.900000 -1.093584 0.990206
0.395249 0.399671 135.000000 -0.983959 1.196815
0.395228 0.400029 135.100000 -0.857320 1.329641
0.395129 0.400421 135.200000 -0.722299 1.364014
0.394961 0.400945 135.300000 -0.579227 1.490280
0.394738 0.401434 135.400000 -0.431428 1.458302
0.394478 0.401887 135.500000 -0.286904 1.424968
0.394195 0.402261 135.600000 -0.147857 1.349014
0.393905 0.402775 135.700000 -0.005880 1.483423
0.393622 0.403175 135.800000 0.137427 1.375564
0.393361 0.403694 135.900000 0.281006 1.488831
0.393140 0.404156 136.000000 0.427671 1.437130
0.392969 0.404510 136.100000 0.566458 1.331683
0.392863 0.404964 136.200000 0.704941 1.431039
0.392830 0.405156 136.300000 0.834553 1.154723
0.392871 0.405296 136.400000 0.947145 1.091482
0.392993 0.405457 136.500000 1.057930 1.118687
0.393202 0.405536 136.600000 1.164749 1.012357
0.393489 0.405460 136.700000 1.254432 0.776813
0.393843 0.405306 136.800000 1.324649 0.624008
0.394246 0.405066 136.900000 1.375631 0.393091
0.394694 0.404858 137.000000 1.419872 0.489524
0.395184 0.404602 137.100000 1.460870 0.328378
0.395714 0.404373 137.200000 1.498617 0.424670
0.396266 0.404079 137.300000 1.519983 0.001598
0.396802 0.403819 137.400000 1.504683 -0.306831
0.397287 0.403658 137.500000 1.459107 -0.602423
0.397705 0.403533 137.600000 1.394737 -0.681753
0.398046 0.403512 137.700000 1.317217 -0.864775
0.398301 0.403570 137.800000 1.224544 -0.984048
0.398474 0.403591 137.900000 1.128668 -0.928680
0.398568 0.403722 138.000000 1.027914 -1.081357
0.398579 0.403997 138.100000 0.910949 -1.252091
0.398518 0.404170 138.200000 0.791334 -1.134228
0.398398 0.404274 138.300000 0.681949 -1.048008
0.398229 0.404414 138.400000 0.574621 -1.093179
0.398018 0.404647 138.500000 0.459345 -1.206593
0.397773 0.404861 138.600000 0.339494 -1.184425
0.397506 0.404885 138.700000 0.233245 -0.935237
0.397225 0.405116 138.800000 0.125984 -1.204619
0.396939 0.405487 138.900000 -0.002448 -1.357607
0.396661 0.405884 139.000000 -0.139872 -1.384010
0.396402 0.406086 139.100000 -0.267967 -1.171468
0.396173 0.406424 139.200000 -0.393099 -1.324919
0.395986 0.406692 139.300000 -0.522117 -1.248993
0.395860 0.407276 139.400000 -0.663041 -1.562448
0.395817 0.407842 139.500000 -0.818947 -1.547877
0.395860 0.408049 139.600000 -0.955721 -1.180761
0.395984 0.408144 139.700000 -1.067010 -1.039453
0.396188 0.408182 139.800000 -1.167284 -0.961020
0.396474 0.408198 139.900000 -1.262000 -0.928550
0.396827 0.408008 140.000000 -1.335266 -0.533108
0.397225 0.407770 140.100000 -1.381339 -0.386054
0.397651 0.407494 140.200000 -1.410702 -0.199733
0.398088 0.407204 140.300000 -1.422023 -0.026119
0.398519 0.406920 140.400000 -1.416930 0.127710
0.398929 0.406660 140.500000 -1.396081 0.288225
0.399308 0.406409 140.600000 -1.365231 0.327245
0.399658 0.406143 140.700000 -1.336209 0.251746
0.399972 0.405952 140.800000 -1.297369 0.523112
0.400236 0.405773 140.900000 -1.243317 0.555225
0.400440 0.405748 141.000000 -1.172396 0.859654
0.400574 0.405711 141.100000 -1.087146 0.841077
0.400644 0.405724 141.200000 -0.998826 0.920900
0.400649 0.405786 141.300000 -0.902878 0.993278
0.400589 0.405981 141.400000 -0.794537 1.168106
0.400469 0.406148 141.500000 -0.679176 1.133353
0.400299 0.406324 141.600000 -0.564989 1.144686
0.400089 0.406466 141.700000 -0.452346 1.102539
0.399849 0.406520 141.800000 -0.347777 0.983608
0.399589 0.406605 141.900000 -0.246984 1.027208
0.399315 0.406817 142.000000 -0.135880 1.189323
0.399034 0.407161 142.100000 -0.009155 1.338838
0.398758 0.407308 142.200000 0.113581 1.109743
0.398494 0.407314 142.300000 0.214972 0.913003
0.398246 0.407226 142.400000 0.298324 0.749867
0.398013 0.407069 142.500000 0.366289 0.606049
0.397797 0.406879 142.600000 0.422786 0.521070
0.397598 0.406702 142.700000 0.476730 0.555095
0.397420 0.406549 142.800000 0.535311 0.613614
0.397264 0.406345 142.900000 0.590019 0.477808
0.397126 0.406102 143.000000 0.631166 0.343077
0.397002 0.405846 143.100000 0.662625 0.284512
0.396887 0.405568 143.200000 0.682525 0.112507
0.396777 0.405287 143.300000 0.691716 0.070840
0.396668 0.405005 143.400000 0.693396 -0.037308
0.396561 0.404725 143.500000 0.696025 0.089749
0.396452 0.404452 143.600000 0.692937 -0.151361
0.396334 0.404187 143.700000 0.674349 -0.219461
0.396208 0.403914 143.800000 0.655894 -0.148725
0.396074 0.403650 143.900000 0.637362 -0.220982
0.395928 0.403415 144.000000 0.608343 -0.357939
0.395762 0.403257 144.100000 0.560667 -0.593213
0.395569 0.403289 144.200000 0.483403 -0.948206
0.395345 0.403433 144.300000 0.380478 -1.105144
0.395097 0.403532 144.400000 0.272649 -1.046034
0.394833 0.403696 144.500000 0.163505 -1.131396
0.394561 0.403838 144.600000 0.051473 -1.103635
0.394290 0.403963 144.700000 -0.058085 -1.082046
0.394026 0.403994 144.800000 -0.159782 -0.946817
0.393775 0.403905 144.900000 -0.244423 -0.741765
0.393540 0.403883 145.000000 -0.324877 -0.863305
0.393330 0.403955 145.100000 -0.418681 -1.008073
0.393149 0.403907 145.200000 -0.510231 -0.818352
0.392997 0.403804 145.300000 -0.587005 -0.713285
0.392873 0.403652 145.400000 -0.653051 -0.604334
0.392779 0.403509 145.500000 -0.714674 -0.625052
0.392716 0.403365 145.600000 -0.777104 -0.620425
0.392681 0.403130 145.700000 -0.825778 -0.350620
0.392665 0.402892 145.800000 -0.860192 -0.335936
0.392666 0.402630 145.900000 -0.886933 -0.197558
0.392677 0.402362 146.000000 -0.904605 -0.154995
0.392691 0.402088 146.100000 -0.909797 0.051420
0.392699 0.401823 146.200000 -0.898662 0.170720
0.392703 0.401550 146.300000 -0.893338 -0.064513
0.392704 0.401288 146.400000 -0.887235 0.186278
0.392692 0.401034 146.500000 -0.865852 0.240318
0.392670 0.400763 146.600000 -0.850005 0.075819
0.392648 0.400490 146.700000 -0.848159 -0.038985
0.392622 0.400227 146.800000 -0.841657 0.168699
0.392580 0.400001 146.900000 -0.814715 0.368795
0.392520 0.399766 147.000000 -0.779720 0.329353
0.392437 0.399605 147.100000 -0.734561 0.571576
0.392322 0.399525 147.200000 -0.668276 0.750802
0.392177 0.399409 147.300000 -0.596768 0.675778
0.392000 0.399455 147.400000 -0.514473 0.966013
0.391793 0.399547 147.500000 -0.414165 1.035129
0.391558 0.399841 147.600000 -0.297536 1.291630
0.391302 0.400163 147.700000 -0.166487 1.322787
0.391038 0.400405 147.800000 -0.038485 1.230856
0.390776 0.400501 147.900000 0.075471 1.042564
0.390522 0.400520 148.000000 0.174114 0.925364
0.390284 0.400628 148.100000 0.273612 1.059625
0.390068 0.400668 148.200000 0.374740 0.957871
0.389880 0.400701 148.300000 0.470337 0.949293
0.389724 0.400702 148.400000 0.562859 0.896529
0.389607 0.400766 148.500000 0.657729 0.996130
0.389529 0.400631 148.600000 0.739311 0.631412
0.389482 0.400465 148.700000 0.798756 0.554530
0.389461 0.400249 148.800000 0.846572 0.399397
0.389456 0.399989 148.900000 0.874385 0.155471
0.389454 0.399721 149.000000 0.880107 -0.041312
0.389448 0.399458 149.100000 0.871887 -0.122677
0.389428 0.399237 149.200000 0.847069 -0.372441
0.389391 0.398982 149.300000 0.818770 -0.192126
0.389337 0.398789 149.400000 0.785596 -0.469698
0.389260 0.398583 149.500000 0.740862 -0.422739
0.389162 0.398393 149.600000 0.695723 -0.477801
0.389035 0.398356 149.700000 0.630256 -0.828264
0.388877 0.398270 149.800000 0.551915 -0.734640
0.388693 0.398227 149.900000 0.474114 -0.817484
0.388486 0.398155 150.000000 0.395004 -0.760760
0.388261 0.398069 150.100000 0.320102 -0.733533
0.388023 0.397998 150.200000 0.245035 -0.764064
0.387773 0.398057 150.300000 0.157267 -0.986892
0.387516 0.398204 150.400000 0.052037 -1.112452
0.387260 0.398406 150.500000 -0.063137 -1.185262
0.387016 0.398836 150.600000 -0.195097 -1.447353
0.386799 0.399356 150.700000 -0.344733 -1.537882
0.386622 0.399689 150.800000 -0.489140 -1.343041
0.386496 0.400099 150.900000 -0.628015 -1.427515
0.386437 0.400514 151.000000 -0.771391 -1.432831
0.386458 0.400904 151.100000 -0.913765 -1.407530
0.386566 0.401199 151.200000 -1.049558 -1.301539
0.386765 0.401370 151.300000 -1.172398 -1.149112
0.387056 0.401521 151.400000 -1.286274 -1.122732
0.387443 0.401625 151.500000 -1.395572 -1.057759
0.387907 0.401473 151.600000 -1.477852 -0.583729
0.388428 0.401313 151.700000 -1.535376 -0.563878
0.389003 0.401127 151.800000 -1.588019 -0.486334
0.389612 0.400874 151.900000 -1.621777 -0.187146
0.390244 0.400633 152.000000 -1.644203 -0.260251
0.390891 0.400370 152.100000 -1.658073 -0.016463
0.391540 0.400107 152.200000 -1.660747 -0.036872
0.392176 0.399867 152.300000 -1.649508 0.261082
0.392773 0.399670 152.400000 -1.614156 0.444193
0.393318 0.399501 152.500000 -1.565158 0.533326
0.393812 0.399314 152.600000 -1.514561 0.476070
0.394256 0.399142 152.700000 -1.464462 0.523418
0.394649 0.398978 152.800000 -1.410850 0.546128
0.394989 0.398841 152.900000 -1.352672 0.614534
0.395267 0.398795 153.000000 -1.281207 0.811184
0.395475 0.398798 153.100000 -1.195567 0.897332
0.395610 0.398910 153.200000 -1.097056 1.067977
0.395670 0.399064 153.300000 -0.987034 1.126956
0.395662 0.399176 153.400000 -0.876948 1.069264
0.395595 0.399356 153.500000 -0.765090 1.162305
0.395467 0.399855 153.600000 -0.630265 1.527453
0.395284 0.400374 153.700000 -0.476139 1.547362
0.395058 0.401155 153.800000 -0.308824 1.790553
0.394808 0.401712 153.900000 -0.139560 1.586273
0.394551 0.402175 154.000000 0.014860 1.494406
0.394304 0.402631 154.100000 0.164276 1.486435
0.394080 0.403030 154.200000 0.310309 1.426938
0.393889 0.403277 154.300000 0.444650 1.253161
0.393738 0.403476 154.400000 0.567178 1.191262
0.393635 0.403652 154.500000 0.685179 1.162859
0.393590 0.403880 154.600000 0.805109 1.229746
0.393608 0.403960 154.700000 0.918276 1.027945
0.393690 0.404019 154.800000 1.019698 0.995417
0.393835 0.403989 154.900000 1.111904 0.844100
0.394037 0.403893 155.000000 1.190088 0.715676
0.394297 0.403804 155.100000 1.262526 0.729461
0.394619 0.403736 155.200000 1.337766 0.771569
0.395007 0.403642 155.300000 1.412427 0.717912
0.395441 0.403409 155.400000 1.462868 0.288387
0.395899 0.403165 155.500000 1.488037 0.213744
0.396373 0.402913 155.600000 1.506345 0.151503
0.396828 0.402746 155.700000 1.487122 -0.535004
0.397231 0.402595 155.800000 1.431398 -0.576704
0.397574 0.402511 155.900000 1.365557 -0.736815
0.397848 0.402497 156.000000 1.284893 -0.872433
0.398044 0.402627 156.100000 1.185939 -1.101696
0.398155 0.402850 156.200000 1.069322 -1.224825
0.398182 0.403183 156.300000 0.939770 -1.359737
0.398128 0.403734 156.400000 0.791888 -1.590497
0.397998 0.404489 156.500000 0.622858 -1.781647
0.397807 0.405265 156.600000 0.443324 -1.800071
0.397576 0.405946 156.700000 0.267068 -1.716224
0.397326 0.406503 156.800000 0.100863 -1.599574
0.397074 0.407062 156.900000 -0.059670 -1.603050
0.396837 0.407760 157.000000 -0.226962 -1.734431
0.396639 0.408735 157.100000 -0.412629 -1.969622
0.396506 0.409749 157.200000 -0.611698 -2.001820
0.396464 0.410790 157.300000 -0.813489 -2.023899
0.396533 0.411562 157.400000 -1.005356 -1.803849
0.396717 0.412017 157.500000 -1.171077 -1.502292
0.397020 0.412497 157.600000 -1.323051 -1.529577
0.397456 0.412917 157.700000 -1.473203 -1.465965
0.398032 0.413270 157.800000 -1.616530 -1.393405
0.398736 0.413347 157.900000 -1.738229 -1.034496
0.399549 0.413343 158.000000 -1.835309 -0.902254
0.400461 0.413271 158.100000 -1.919345 -0.774255
0.401453 0.413105 158.200000 -1.985537 -0.546283
0.402483 0.412845 158.300000 -2.016372 -0.068862
0.403501 0.412602 158.400000 -2.008101 0.233859
0.404483 0.412375 158.500000 -1.980192 0.322931
0.405413 0.412191 158.600000 -1.939368 0.491515
0.406272 0.412073 158.700000 -1.881169 0.669540
0.407059 0.411908 158.800000 -1.820081 0.549176
0.407779 0.411765 158.900000 -1.762173 0.606089
0.408425 0.411685 159.000000 -1.693914 0.755681
0.408985 0.411661 159.100000 -1.612759 0.863350
0.409458 0.411656 159.200000 -1.524397 0.899469
0.409844 0.411677 159.300000 -1.432027 0.943320
0.410145 0.411746 159.400000 -1.333567 1.020950
0.410365 0.411772 159.500000 -1.234662 0.952211
0.410509 0.411904 159.600000 -1.130975 1.116345
0.410572 0.412157 159.700000 -1.010964 1.277870
0.410558 0.412429 159.800000 -0.881669 1.301569
0.410476 0.412755 159.900000 -0.747956 1.366008
0.410335 0.413138 160.000000 -0.607677 1.432558
0.410147 0.413478 160.100000 -0.466464 1.384630
0.409924 0.413878 160.200000 -0.324281 1.451936
0.409680 0.414082 160.300000 -0.190505 1.216891
0.409426 0.414392 160.400000 -0.061799 1.350796
0.409172 0.414725 160.500000 0.074982 1.377983
0.408932 0.415010 160.600000 0.210268 1.320978
0.408712 0.415193 160.700000 0.336195 1.191264
0.408520 0.415247 160.800000 0.446099 1.001318
0.408361 0.415364 160.900000 0.551372 1.098878
0.408238 0.415335 161.000000 0.649501 0.858791
0.408148 0.415205 161.100000 0.724710 0.641629
0.408086 0.415051 161.200000 0.785810 0.577327
0.408054 0.414900 161.300000 0.844081 0.585177
0.408057 0.414790 161.400000 0.907942 0.688846
0.408099 0.414666 161.500000 0.975330 0.655542
0.408178 0.414503 161.600000 1.035751 0.549847
0.408287 0.414285 161.700000 1.080820 0.349296
0.408410 0.414031 161.800000 1.102711 0.087420
0.408528 0.413795 161.900000 1.094427 -0.252685
0.408627 0.413565 162.000000 1.067491 -0.284689
0.408698 0.413422 162.100000 1.023011 -0.602674
0.408730 0.413293 162.200000 0.960824 -0.637964
0.408727 0.413152 162.300000 0.898325 -0.608889
0.408680 0.413231 162.400000 0.815627 -1.040937
0.408583 0.413366 162.500000 0.707056 -1.125049
0.408440 0.413514 162.600000 0.593363 -1.143139
0.408256 0.413858 162.700000 0.466136 -1.395030
0.408037 0.414238 162.800000 0.324160 -1.437401
0.407799 0.414284 162.900000 0.202497 -0.989761
0.407553 0.414323 163.000000 0.103912 -0.977019
0.407303 0.414319 163.100000 0.009675 -0.903015
0.407056 0.414375 163.200000 -0.086014 -1.005976
0.406818 0.414547 163.300000 -0.195583 -1.179927
0.406602 0.414871 163.400000 -0.323613 -1.374268
0.406421 0.415368 163.500000 -0.471013 -1.566351
0.406291 0.415743 163.600000 -0.621462 -1.435120
0.406220 0.416083 163.700000 -0.763308 -1.394694
0.406219 0.416364 163.800000 -0.899618 -1.324698
0.406290 0.416476 163.900000 -1.020928 -1.095432
0.406426 0.416492 164.000000 -1.122982 -0.940560
0.406632 0.416548 164.100000 -1.220641 -1.007734
0.406917 0.416608 164.200000 -1.322052 -1.015411
0.407275 0.416532 164.300000 -1.411225 -0.763590
0.407702 0.416476 164.400000 -1.489869 -0.805352
0.408211 0.416498 164.500000 -1.577997 -0.952802
0.408805 0.416436 164.600000 -1.665459 -0.792072
0.409467 0.416270 164.700000 -1.731875 -0.532929
0.410177 0.416061 164.800000 -1.777616 -0.379594
0.410923 0.415838 164.900000 -1.812135 -0.309066
0.411709 0.415639 165.000000 -1.848578 -0.417968
0.412544 0.415449 165.100000 -1.892146 -0.451215
0.413404 0.415197 165.200000 -1.915959 -0.023864
0.414264 0.414947 165.300000 -1.915889 0.025264
0.415117 0.414697 165.400000 -1.911201 0.068265
0.415959 0.414450 165.500000 -1.902450 0.106323
0.416771 0.414249 165.600000 -1.876866 0.404076
0.417527 0.414102 165.700000 -1.827364 0.583483
0.418200 0.414112 165.800000 -1.751588 0.928249
0.418769 0.414216 165.900000 -1.650818 1.082117
0.419227 0.414404 166.000000 -1.536131 1.205881
0.419571 0.414710 166.100000 -1.407601 1.358293
0.419809 0.414922 166.200000 -1.277423 1.238750
0.419955 0.415172 166.300000 -1.150697 1.289452
0.420012 0.415533 166.400000 -1.014576 1.426150
0.419985 0.415990 166.500000 -0.866211 1.533737
0.419885 0.416461 166.600000 -0.711633 1.550091
0.419725 0.416966 166.700000 -0.554421 1.586293
0.419521 0.417467 166.800000 -0.395520 1.583769
0.419286 0.418002 166.900000 -0.234959 1.619422
0.419036 0.418753 167.000000 -0.062128 1.828576
0.418790 0.419650 167.100000 0.127722 1.958924
0.418571 0.420535 167.200000 0.323653 1.949899
0.418402 0.421407 167.300000 0.518579 1.938872
0.418300 0.422080 167.400000 0.703990 1.760083
0.418274 0.422483 167.500000 0.866456 1.481117
0.418330 0.422821 167.600000 1.011235 1.407207
0.418463 0.422879 167.700000 1.132894 1.019908
0.418660 0.422815 167.800000 1.223805 0.793752
0.418901 0.422612 167.900000 1.283942 0.405982
0.419164 0.422369 168.000000 1.312558 0.164906
0.419441 0.422127 168.100000 1.329488 0.172860
0.419720 0.421878 168.200000 1.334168 -0.079492
0.419984 0.421655 168.300000 1.314868 -0.305553
0.420229 0.421415 168.400000 1.290268 -0.185216
0.420457 0.421184 168.500000 1.268187 -0.255296
0.420659 0.420988 168.600000 1.234162 -0.423516
0.420815 0.420957 168.700000 1.169883 -0.858843
0.420911 0.420974 168.800000 1.079287 -0.948547
0.420946 0.421033 168.900000 0.980586 -1.020531
0.420926 0.421078 169.000000 0.879480 -0.996546
0.420854 0.421186 169.100000 0.774438 -1.099029
0.420737 0.421265 169.200000 0.666553 -1.053293
0.420578 0.421498 169.300000 0.549695 -1.278013
0.420383 0.421655 169.400000 0.426853 -1.172694
0.420165 0.421739 169.500000 0.314868 -1.061389
0.419931 0.421726 169.600000 0.216797 -0.895139
0.419689 0.421627 169.700000 0.136201 -0.712752
0.419443 0.421583 169.800000 0.058725 -0.832886
0.419197 0.421494 169.900000 -0.019801 -0.733709
0.418952 0.421357 170.000000 -0.087332 -0.613543
0.418712 0.421179 170.100000 -0.142555 -0.488157
0.418475 0.420937 170.200000 -0.173475 -0.128696
0.418239 0.420692 170.300000 -0.174948 0.099309
0.418002 0.420446 170.400000 -0.171692 -0.034337
0.417767 0.420218 170.500000 -0.186061 -0.252324
0.417535 0.419984 170.600000 -0.208673 -0.198789
0.417307 0.419782 170.700000 -0.238089 -0.388073
0.417084 0.419549 170.800000 -0.268180 -0.212226
0.416865 0.419325 170.900000 -0.292275 -0.268479
0.416653 0.419135 171.000000 -0.327490 -0.434057
0.416450 0.418962 171.100000 -0.374033 -0.494481
0.416261 0.418832 171.200000 -0.430291 -0.627854
0.416088 0.418671 171.300000 -0.488441 -0.532252
0.415925 0.418435 171.400000 -0.523888 -0.174921
0.415765 0.418193 171.500000 -0.528959 0.073768
0.415599 0.417969 171.600000 -0.512220 0.260168
0.415426 0.417744 171.700000 -0.486586 0.251241
0.415248 0.417505 171.800000 -0.468357 0.112416
0.415066 0.417275 171.900000 -0.452242 0.209080
0.414877 0.417069 172.000000 -0.423982 0.354711
0.414679 0.416872 172.100000 -0.386327 0.396498
0.414473 0.416682 172.200000 -0.345329 0.421409
0.414259 0.416513 172.300000 -0.299180 0.499275
0.414035 0.416411 172.400000 -0.239377 0.693790
0.413804 0.416335 172.500000 -0.166691 0.756288
0.413567 0.416216 172.600000 -0.096214 0.649729
0.413328 0.416031 172.700000 -0.041762 0.436591
0.413089 0.415818 172.800000 -0.004271 0.311361
0.412850 0.415583 172.900000 0.018023 0.133399
0.412612 0.415343 173.000000 0.024597 -0.002239
0.412374 0.415103 173.100000 0.026654 0.043264
0.412136 0.414868 173.200000 0.022894 -0.118261
0.411898 0.414629 173.300000 0.019201 0.044582
0.411661 0.414394 173.400000 0.026992 0.110852
0.411424 0.414164 173.500000 0.041128 0.171161
0.411189 0.413936 173.600000 0.059252 0.190402
0.410954 0.413739 173.700000 0.087827 0.379681
0.410722 0.413513 173.800000 0.117310 0.208496
0.410491 0.413289 173.900000 0.138584 0.215926
0.410263 0.413078 174.000000 0.164451 0.300117
0.410037 0.412841 174.100000 0.177658 -0.036637
0.409810 0.412608 174.200000 0.170214 -0.111862
0.409582 0.412373 174.300000 0.160346 -0.085011
0.409355 0.412137 174.400000 0.157060 0.019451
0.409127 0.411904 174.500000 0.153102 -0.098418
0.408898 0.411680 174.600000 0.137981 -0.203233
0.408668 0.411488 174.700000 0.108235 -0.390203
0.408435 0.411306 174.800000 0.067086 -0.430719
0.408202 0.411129 174.900000 0.022727 -0.454242
0.407969 0.410938 175.000000 -0.019472 -0.387629
0.407737 0.410757 175.100000 -0.060621 -0.433288
0.407507 0.410550 175.200000 -0.098007 -0.312579
0.407279 0.410318 175.300000 -0.117975 -0.085767
0.407051 0.410089 175.400000 -0.115789 0.129373
0.406821 0.409897 175.500000 -0.090076 0.383596
0.406591 0.409683 175.600000 -0.057984 0.256644
0.406360 0.409501 175.700000 -0.023958 0.422178
0.406129 0.409285 175.800000 0.009514 0.245579
0.405898 0.409063 175.900000 0.031431 0.191670
0.405669 0.408867 176.000000 0.058924 0.356821
0.405441 0.408706 176.100000 0.102027 0.503082
0.405218 0.408583 176.200000 0.158200 0.617575
0.405001 0.408402 176.300000 0.210418 0.424163
0.404791 0.408269 176.400000 0.261197 0.588872
0.404591 0.408130 176.500000 0.319260 0.569485
0.404401 0.407960 176.600000 0.371208 0.466882
0.404223 0.407835 176.700000 0.425149 0.609242
0.404059 0.407663 176.800000 0.478500 0.455117
0.403906 0.407459 176.900000 0.516628 0.305529
0.403761 0.407239 177.000000 0.541670 0.194066
0.403618 0.407010 177.100000 0.548424 -0.059323
0.403471 0.406795 177.200000 0.534095 -0.226541
0.403317 0.406583 177.300000 0.510507 -0.244035
0.403157 0.406364 177.400000 0.488790 -0.189231
0.402991 0.406153 177.500000 0.466487 -0.255709
0.402818 0.405966 177.600000 0.434509 -0.382246
0.402635 0.405791 177.700000 0.393525 -0.435387
0.402444 0.405597 177.800000 0.354237 -0.348409
0.402246 0.405407 177.900000 0.318303 -0.368478
0.402043 0.405199 178.000000 0.286679 -0.262429
0.401835 0.405047 178.100000 0.247501 -0.519167
0.401620 0.404904 178.200000 0.194116 -0.545860
0.401401 0.404747 178.300000 0.141624 -0.501366
0.401178 0.404606 178.400000 0.088746 -0.553537
0.400954 0.404485 178.500000 0.030186 -0.614731
0.400729 0.404323 178.600000 -0.024642 -0.479104
0.400507 0.404155 178.700000 -0.071381 -0.453323
0.400286 0.403965 178.800000 -0.112080 -0.358626
0.400069 0.403813 178.900000 -0.155837 -0.514323
0.399858 0.403638 179.000000 -0.202923 -0.425053
0.399650 0.403425 179.100000 -0.234705 -0.208990
0.399445 0.403206 179.200000 -0.252459 -0.145208
0.399241 0.402983 179.300000 -0.263787 -0.080791
0.399039 0.402758 179.400000 -0.266446 0.027755
0.398835 0.402536 179.500000 -0.260512 0.090623
0.398630 0.402322 179.600000 -0.246566 0.187602
0.398421 0.402165 179.700000 -0.212672 0.488581
0.398206 0.402168 179.800000 -0.142880 0.903772
0.397985 0.402207 179.900000 -0.048846 0.972204
0.397765 0.402343 180.000000 0.056863 1.136690
0.397553 0.402599 180.100000 0.179707 1.314052
0.397360 0.402894 180.200000 0.314142 1.367912
0.397193 0.403024 180.300000 0.439248 1.127959
0.397057 0.403121 180.400000 0.549697 1.075492
0.396957 0.403241 180.500000 0.659456 1.114201
0.396903 0.403383 180.600000 0.772898 1.148969
0.396899 0.403463 180.700000 0.882910 1.045779
0.396957 0.403713 180.800000 1.000921 1.308530
0.397084 0.403812 180.900000 1.120685 1.080777
0.397277 0.403833 181.000000 1.221886 0.938174
0.397529 0.403763 181.100000 1.306303 0.745954
0.397828 0.403626 181.200000 1.371685 0.558403
0.398166 0.403456 181.300000 1.421480 0.435016
0.398538 0.403286 181.400000 1.465120 0.435595
0.398934 0.403072 181.500000 1.495379 0.168072
0.399336 0.402850 181.600000 1.502124 -0.033511
0.399724 0.402647 181.700000 1.487396 -0.260315
0.400091 0.402445 181.800000 1.461198 -0.262317
0.400417 0.402395 181.900000 1.408534 -0.788347
0.400682 0.402349 182.000000 1.328970 -0.798943
0.400884 0.402389 182.100000 1.240009 -0.975835
0.401021 0.402448 182.200000 1.140456 -1.010248
0.401098 0.402491 182.300000 1.040711 -0.979655
0.401118 0.402595 182.400000 0.937043 -1.088538
0.401082 0.402840 182.500000 0.817098 -1.304350
0.400995 0.402934 182.600000 0.698034 -1.070973
0.400868 0.403151 182.700000 0.580958 -1.264709
0.400707 0.403317 182.800000 0.457960 -1.189088
0.400520 0.403421 182.900000 0.343744 -1.089525
0.400317 0.403460 183.000000 0.240237 -0.975441
0.400103 0.403649 183.100000 0.130019 -1.223406
0.399885 0.403920 183.200000 0.001385 -1.342843
0.399671 0.404071 183.300000 -0.124383 -1.166226
0.399470 0.404285 183.400000 -0.246144 -1.262906
0.399288 0.404392 183.500000 -0.364331 -1.094919
0.399134 0.404575 183.600000 -0.480217 -1.217012
0.399014 0.404719 183.700000 -0.599223 -1.157166
0.398937 0.404895 183.800000 -0.717770 -1.207839
0.398914 0.405143 183.900000 -0.844076 -1.311958
0.398956 0.405407 184.000000 -0.976762 -1.335132
0.399074 0.405666 184.100000 -1.110300 -1.328946
0.399281 0.405994 184.200000 -1.248129 -1.420743
0.399578 0.406135 184.300000 -1.377213 -1.154496
0.399956 0.406139 184.400000 -1.480613 -0.908325
0.400401 0.406062 184.500000 -1.562616 -0.727631
0.400890 0.405871 184.600000 -1.615353 -0.324480
0.401383 0.405665 184.700000 -1.620172 0.228334
0.401857 0.405457 184.800000 -1.598263 0.208747
0.402296 0.405337 184.900000 -1.557527 0.603940
0.402678 0.405268 185.000000 -1.489830 0.746624
0.402998 0.405236 185.100000 -1.410808 0.829865
0.403249 0.405291 185.200000 -1.318722 1.007249
0.403431 0.405359 185.300000 -1.216503 1.032017
0.403545 0.405473 185.400000 -1.109149 1.109693
0.403594 0.405630 185.500000 -0.994357 1.180423
0.403584 0.405774 185.600000 -0.876970 1.161447
0.403524 0.405868 185.700000 -0.764812 1.076105
0.403426 0.405864 185.800000 -0.666037 0.894451
0.403299 0.405865 185.900000 -0.575961 0.902568
0.403145 0.405861 186.000000 -0.486002 0.892106
0.402970 0.405921 186.100000 -0.390238 1.018389
0.402774 0.406073 186.200000 -0.280362 1.173646
0.402566 0.406151 186.300000 -0.168912 1.049768
0.402352 0.406153 186.400000 -0.070942 0.904732
0.402136 0.406152 186.500000 0.019488 0.899361
0.401923 0.406083 186.600000 0.101939 0.745532
0.401716 0.405938 186.700000 0.165402 0.520557
0.401513 0.405767 186.800000 0.212317 0.415385
0.401314 0.405566 186.900000 0.245202 0.240676
0.401120 0.405387 187.000000 0.276283 0.379399
0.400932 0.405206 187.100000 0.313421 0.361501
0.400749 0.405007 187.200000 0.344240 0.253336
0.400572 0.404807 187.300000 0.369583 0.252261
0.400401 0.404626 187.400000 0.400357 0.361672
0.400235 0.404413 187.500000 0.422841 0.086884
0.400071 0.404197 187.600000 0.428083 0.017703
0.399910 0.403999 187.700000 0.441602 0.251998
0.399753 0.403787 187.800000 0.459458 0.104229
0.399601 0.403591 187.900000 0.478197 0.269606
0.399458 0.403405 188.000000 0.508047 0.325913
0.399324 0.403226 188.100000 0.542674 0.364882
0.399202 0.403063 188.200000 0.582823 0.436103
0.399096 0.402938 188.300000 0.633819 0.581266
0.399006 0.402742 188.400000 0.675738 0.255012
0.398921 0.402529 188.500000 0.691844 0.066300
0.398838 0.402316 188.600000 0.695052 -0.002289
0.398753 0.402104 188.700000 0.692101 -0.056585
0.398666 0.401894 188.800000 0.684202 -0.100995
0.398576 0.401684 188.900000 0.674228 -0.097993
0.398479 0.401487 189.000000 0.656958 -0.246547
0.398379 0.401276 189.100000 0.647640 0.060656
0.398282 0.401067 189.200000 0.655905 0.104237
0.398189 0.400857 189.300000 0.665068 0.078562
0.398098 0.400647 189.400000 0.672929 0.078263
0.398010 0.400436 189.500000 0.678559 0.034058
0.397918 0.400238 189.600000 0.668945 -0.225856
0.397820 0.400032 189.700000 0.651257 -0.127029
0.397720 0.399821 189.800000 0.644325 -0.011255
0.397614 0.399638 189.900000 0.627485 -0.324701
0.397494 0.399517 190.000000 0.582118 -0.580387
0.397357 0.399390 190.100000 0.524780 -0.563508
0.397207 0.399241 190.200000 0.472330 -0.482862
0.397046 0.399082 190.300000 0.426149 -0.438442
0.396873 0.399017 190.400000 0.366973 -0.742115
0.396685 0.399071 190.500000 0.279580 -1.001376
0.396486 0.399118 190.600000 0.179827 -0.988707
0.396280 0.399111 190.700000 0.086217 -0.878811
0.396072 0.399187 190.800000 -0.010109 -1.042894
0.395868 0.399213 190.900000 -0.109852 -0.946970
0.395673 0.399314 191.000000 -0.211879 -1.088470
0.395492 0.399369 191.100000 -0.316834 -1.005391
0.395329 0.399320 191.200000 -0.406393 -0.781300
0.395183 0.399249 191.300000 -0.481885 -0.724772
0.395055 0.399135 191.400000 -0.548444 -0.603086
0.394948 0.399081 191.500000 -0.617164 -0.767864
0.394868 0.399024 191.600000 -0.693803 -0.761085
0.394819 0.399018 191.700000 -0.776174 -0.882231
0.394803 0.398922 191.800000 -0.853158 -0.653587
0.394815 0.398796 191.900000 -0.913966 -0.559539
0.394856 0.398697 192.000000 -0.974461 -0.647333
0.394928 0.398561 192.100000 -1.033123 -0.522971
0.395024 0.398379 192.200000 -1.075127 -0.315007
0.395134 0.398184 192.300000 -1.101738 -0.215885
0.395251 0.397978 192.400000 -1.113735 -0.023466
0.395367 0.397772 192.500000 -1.112712 0.043878
0.395479 0.397567 192.600000 -1.106328 0.083475
0.395583 0.397371 192.700000 -1.091989 0.202602
0.395667 0.397236 192.800000 -1.055587 0.523618
0.395721 0.397116 192.900000 -1.000528 0.574815
0.395749 0.396975 193.000000 -0.946696 0.499125
0.395752 0.396834 193.100000 -0.896671 0.498879
0.395735 0.396663 193.200000 -0.853363 0.365106
0.395703 0.396495 193.300000 -0.816149 0.377318
0.395659 0.396298 193.400000 -0.788656 0.171173
0.395607 0.396108 193.500000 -0.768108 0.238754
0.395550 0.395904 193.600000 -0.753361 0.055455
0.395489 0.395701 193.700000 -0.746493 0.081558
0.395424 0.395503 193.800000 -0.734881 0.150096
0.395355 0.395303 193.900000 -0.720882 0.129181
0.395281 0.395101 194.000000 -0.711459 0.058824
0.395203 0.394908 194.100000 -0.698312 0.203452
0.395119 0.394711 194.200000 -0.680103 0.159823
0.395024 0.394560 194.300000 -0.649552 0.449653
0.394913 0.394447 194.400000 -0.597380 0.591183
0.394784 0.394336 194.500000 -0.537906 0.595328
0.394640 0.394238 194.600000 -0.476052 0.638656
0.394482 0.394108 194.700000 -0.417408 0.531289
0.394312 0.394022 194.800000 -0.357086 0.672144
0.394131 0.393946 194.900000 -0.288202 0.702081
0.393942 0.393841 195.000000 -0.222227 0.614124
0.393747 0.393744 195.100000 -0.159397 0.639336
0.393547 0.393654 195.200000 -0.094137 0.662594
0.393346 0.393566 195.300000 -0.027576 0.665296
0.393146 0.393607 195.400000 0.054508 0.972279
0.392950 0.393597 195.500000 0.146662 0.866200
0.392763 0.393568 195.600000 0.231256 0.821449
0.392586 0.393462 195.700000 0.302984 0.609519
0.392419 0.393359 195.800000 0.364548 0.618689
0.392264 0.393218 195.900000 0.419788 0.483347
0.392117 0.393035 196.000000 0.457029 0.259614
0.391975 0.392837 196.100000 0.475483 0.108545
0.391833 0.392641 196.200000 0.475094 -0.116303
0.391688 0.392446 196.300000 0.462455 -0.135841
0.391539 0.392258 196.400000 0.444783 -0.216715
0.391384 0.392083 196.500000 0.418252 -0.312589
0.391224 0.391893 196.600000 0.392951 -0.192157
0.391062 0.391698 196.700000 0.377164 -0.122797
0.390896 0.391511 196.800000 0.360240 -0.214848
0.390728 0.391316 196.900000 0.343187 -0.125340
0.390556 0.391139 197.000000 0.322344 -0.290481
0.390380 0.390958 197.100000 0.294447 -0.266066
0.390199 0.390811 197.200000 0.258595 -0.449177
0.390013 0.390648 197.300000 0.217532 -0.370047
0.389824 0.390478 197.400000 0.182380 -0.331221
0.389632 0.390307 197.500000 0.149619 -0.322371
0.389438 0.390203 197.600000 0.102942 -0.608838
0.389241 0.390198 197.700000 0.028664 -0.872996
0.389046 0.390250 197.800000 -0.064819 -0.991996
0.388855 0.390248 197.900000 -0.158609 -0.879124
0.388673 0.390129 198.000000 -0.230620 -0.557490
0.388498 0.390022 198.100000 -0.288350 -0.594211
0.388333 0.389936 198.200000 -0.351451 -0.664655
0.388182 0.389879 198.300000 -0.421978 -0.742363
0.388047 0.389770 198.400000 -0.488840 -0.591547
0.387928 0.389680 198.500000 -0.550957 -0.647681
0.387825 0.389543 198.600000 -0.607727 -0.484876
0.387735 0.389369 198.700000 -0.646757 -0.293782
0.387651 0.389173 198.800000 -0.662452 -0.019318
0.387562 0.388996 198.900000 -0.649687 0.273980
0.387463 0.388834 199.000000 -0.617744 0.363273
0.387355 0.388659 199.100000 -0.585316 0.283675
0.387239 0.388474 199.200000 -0.561150 0.198435
0.387117 0.388300 199.300000 -0.536724 0.288858
0.386987 0.388139 199.400000 -0.503798 0.368007
0.386847 0.387990 199.500000 -0.464065 0.424675
0.386698 0.387845 199.600000 -0.420544 0.443572
0.386540 0.387689 199.700000 -0.378704 0.391138
0.386375 0.387542 199.800000 -0.337462 0.431626
0.386204 0.387369 199.900000 -0.301206 0.291699
0.386031 0.387181 200.000000 -0.279086 0.149587
0.385854 0.387018 200.100000 -0.254031 0.350255
0.385673 0.386882 200.200000 -0.212632 0.475651
0.385487 0.386757 200.300000 -0.162644 0.521612
0.385298 0.386628 200.400000 -0.111098 0.506742
0.385107 0.386478 200.500000 -0.064963 0.413646
0.384915 0.386316 200.600000 -0.026691 0.349889
0.384723 0.386135 200.700000 0.001932 0.221125
0.384532 0.385967 200.800000 0.028410 0.307112
0.384342 0.385802 200.900000 0.060408 0.331256
0.384153 0.385636 201.000000 0.093111 0.321167
0.383965 0.385452 201.100000 0.118162 0.178609
0.383780 0.385291 201.200000 0.144821 0.353234
0.383599 0.385194 201.300000 0.193303 0.613982
0.383424 0.385068 201.400000 0.249889 0.514913
0.383255 0.384904 201.500000 0.292266 0.330511
0.383089 0.384718 201.600000 0.315854 0.140055
0.382926 0.384528 201.700000 0.324127 0.025005
0.382764 0.384347 201.800000 0.335204 0.195977
0.382605 0.384160 201.900000 0.350759 0.114335
0.382448 0.383973 202.000000 0.362400 0.117909
0.382294 0.383791 202.100000 0.376794 0.169257
0.382141 0.383602 202.200000 0.381366 -0.078054
0.381986 0.383414 202.300000 0.373828 -0.072333
0.381832 0.383225 202.400000 0.371160 0.019107
0.381678 0.383037 202.500000 0.376124 0.079930
0.381525 0.382850 202.600000 0.375855 -0.085301
0.381369 0.382666 202.700000 0.364382 -0.143570
0.381212 0.382482 202.800000 0.350410 -0.135172
0.381052 0.382297 202.900000 0.337655 -0.119305
0.380888 0.382161 203.000000 0.308776 -0.456829
0.380719 0.381984 203.100000 0.275060 -0.215797
0.380548 0.381806 203.200000 0.254146 -0.201440
0.380375 0.381620 203.300000 0.239777 -0.085226
0.380201 0.381433 203.400000 0.234887 -0.012327
0.380027 0.381252 203.500000 0.226103 -0.162910
0.379852 0.381066 203.600000 0.213974 -0.079066
0.379676 0.380880 203.700000 0.206380 -0.072430
0.379501 0.380701 203.800000 0.211328 0.171129
0.379327 0.380514 203.900000 0.220717 0.016196
0.379153 0.380328 204.000000 0.222982 0.028975
0.378981 0.380153 204.100000 0.235100 0.212795
0.378810 0.379968 204.200000 0.248906 0.062624
0.378641 0.379783 204.300000 0.256029 0.079486
0.378473 0.379598 204.400000 0.261200 0.023676
0.378303 0.379427 204.500000 0.250209 -0.242958
0.378130 0.379262 204.600000 0.223571 -0.288452
0.377954 0.379120 204.700000 0.188033 -0.420538
0.377774 0.379045 204.800000 0.133180 -0.673774
0.377591 0.378944 204.900000 0.070111 -0.584461
0.377407 0.378847 205.000000 0.010742 -0.599961
0.377224 0.378774 205.100000 -0.053264 -0.676957
0.377044 0.378681 205.200000 -0.117917 -0.612862
0.376868 0.378611 205.300000 -0.182968 -0.684903
0.376700 0.378558 205.400000 -0.254118 -0.734537
0.376543 0.378503 205.500000 -0.327565 -0.730745
0.376399 0.378447 205.600000 -0.400530 -0.724908
0.376269 0.378332 205.700000 -0.463521 -0.531752
0.376152 0.378243 205.800000 -0.521471 -0.624359
0.376052 0.378151 205.900000 -0.583608 -0.615277
0.375966 0.377992 206.000000 -0.630184 -0.313916
0.375887 0.377812 206.100000 -0.652177 -0.124844
0.375809 0.377629 206.200000 -0.657473 0.019189
0.375731 0.377446 206.300000 -0.655501 0.020164
0.375649 0.377276 206.400000 -0.642880 0.231621
0.375559 0.377116 206.500000 -0.615954 0.305544
0.375461 0.376954 206.600000 -0.586376 0.284542
0.375354 0.376796 206.700000 -0.556168 0.318101
0.375239 0.376644 206.800000 -0.522468 0.354227
0.375114 0.376503 206.900000 -0.483999 0.413233
0.374980 0.376368 207.000000 -0.441290 0.438802
0.374834 0.376313 207.100000 -0.382953 0.725031
0.374675 0.376339 207.200000 -0.300106 0.927764
0.374505 0.376337 207.300000 -0.210376 0.862341
0.374328 0.376346 207.400000 -0.122585 0.889104
0.374148 0.376392 207.500000 -0.029358 0.970763
0.373969 0.376350 207.600000 0.057490 0.761858
0.373793 0.376269 207.700000 0.127927 0.643365
0.373621 0.376127 207.800000 0.180467 0.404811
0.373453 0.375973 207.900000 0.217392 0.331838
0.373286 0.375792 208.000000 0.234799 0.015421
0.373119 0.375626 208.100000 0.223574 -0.239349
0.372948 0.375507 208.200000 0.186207 -0.506123
0.372774 0.375376 208.300000 0.138085 -0.453920
0.372597 0.375263 208.400000 0.088718 -0.530938
0.372419 0.375122 208.500000 0.042043 -0.400242
0.372240 0.374974 208.600000 0.003640 -0.365891
0.372062 0.374818 208.700000 -0.030447 -0.314134
0.371885 0.374713 208.800000 -0.074026 -0.555281
0.371712 0.374606 208.900000 -0.129402 -0.549476
0.371541 0.374473 209.000000 -0.179010 -0.440187
0.371375 0.374319 209.100000 -0.217397 -0.325644
0.371213 0.374180 209.200000 -0.254250 -0.409565
0.371058 0.374098 209.300000 -0.306528 -0.633394
0.370913 0.373978 209.400000 -0.363288 -0.498955
0.370777 0.373872 209.500000 -0.415930 -0.551267
0.370653 0.373768 209.600000 -0.471411 -0.555581
0.370544 0.373687 209.700000 -0.531310 -0.639387
0.370452 0.373614 209.800000 -0.596598 -0.663120
0.370377 0.373489 209.900000 -0.653603 -0.474129
0.370313 0.373316 210.000000 -0.684512 -0.142496
0.370251 0.373140 210.100000 -0.695441 -0.075550
0.370194 0.372967 210.200000 -0.705558 -0.126283
0.370138 0.372789 210.300000 -0.711867 0.000415
0.370080 0.372619 210.400000 -0.703539 0.165743
0.370016 0.372449 210.500000 -0.686532 0.173531
0.369943 0.372313 210.600000 -0.656916 0.417323
0.369857 0.372176 210.700000 -0.615529 0.408334
0.369759 0.372051 210.800000 -0.571803 0.464012
0.369648 0.371963 210.900000 -0.517998 0.609391
0.369522 0.371877 211.000000 -0.456512 0.617262
0.369383 0.371815 211.100000 -0.390697 0.695747
0.369233 0.371740 211.200000 -0.323108 0.652654
0.369075 0.371628 211.300000 -0.264407 0.518423
0.368911 0.371534 211.400000 -0.208890 0.589143
0.368743 0.371385 211.500000 -0.162721 0.331929
0.368573 0.371213 211.600000 -0.139609 0.129153
0.368403 0.371041 211.700000 -0.127334 0.115741
0.368232 0.370871 211.800000 -0.114318 0.143933
0.368061 0.370696 211.900000 -0.105849 0.025021
0.367890 0.370521 212.000000 -0.103435 0.023134
0.367719 0.370351 212.100000 -0.095384 0.137480
0.367548 0.370177 212.200000 -0.091126 -0.052540
0.367377 0.370006 212.300000 -0.099075 -0.106037
0.367206 0.369832 212.400000 -0.103622 0.015335
0.367036 0.369659 212.500000 -0.107202 -0.086773
0.366867 0.369486 212.600000 -0.108654 0.057820
0.366696 0.369323 212.700000 -0.095281 0.208963
0.366525 0.369159 212.800000 -0.074565 0.204332
0.366354 0.368999 212.900000 -0.052623 0.233411
0.366182 0.368829 213.000000 -0.035326 0.111652
0.366011 0.368664 213.100000 -0.020060 0.192907
0.365839 0.368529 213.200000 0.009556 0.397937
0.365668 0.368383 213.300000 0.046403 0.337155
0.365499 0.368258 213.400000 0.085986 0.452538
0.365332 0.368126 213.500000 0.129537 0.416293
0.365167 0.367991 213.600000 0.170402 0.398970
0.365007 0.367861 213.700000 0.211515 0.421240
0.364851 0.367729 213.800000 0.253416 0.414677
0.364702 0.367613 213.900000 0.298706 0.488865
0.364559 0.367491 214.000000 0.346272 0.460076
0.364427 0.367426 214.100000 0.403270 0.677021
0.364307 0.367309 214.200000 0.461425 0.483182
0.364196 0.367173 214.300000 0.505183 0.389784
0.364092 0.367004 214.400000 0.529453 0.094401
0.363986 0.366843 214.500000 0.524014 -0.202910
0.363876 0.366682 214.600000 0.503199 -0.212338
0.363757 0.366568 214.700000 0.467880 -0.492277
0.363627 0.366496 214.800000 0.410518 -0.652096
0.363485 0.366473 214.900000 0.337917 -0.796307
0.363331 0.366461 215.000000 0.256654 -0.824888
0.363169 0.366481 215.100000 0.169983 -0.904188
0.363002 0.366403 215.200000 0.093096 -0.629712
0.362834 0.366293 215.300000 0.035949 -0.510377
0.362666 0.366214 215.400000 -0.021003 -0.625813
0.362499 0.366111 215.500000 -0.079334 -0.537883
0.362336 0.366083 215.600000 -0.145466 -0.781456
0.362181 0.366134 215.700000 -0.233582 -0.976450
0.362036 0.366095 215.800000 -0.320136 -0.750307
0.361904 0.366027 215.900000 -0.390938 -0.662202
0.361786 0.365986 216.000000 -0.461522 -0.745932
0.361688 0.366028 216.100000 -0.546833 -0.956023
0.361615 0.366027 216.200000 -0.637455 -0.851900
0.361563 0.365923 216.300000 -0.706684 -0.529220
0.361529 0.365817 216.400000 -0.759413 -0.522715
0.361508 0.365657 216.500000 -0.795662 -0.200458
0.361497 0.365508 216.600000 -0.820344 -0.291936
0.361495 0.365351 216.700000 -0.846154 -0.222979
0.361501 0.365187 216.800000 -0.864788 -0.148774
0.361511 0.365021 216.900000 -0.876932 -0.093485
0.361525 0.364854 217.000000 -0.884745 -0.062397
0.361542 0.364687 217.100000 -0.891932 -0.080982
0.361560 0.364520 217.200000 -0.896180 -0.003757
0.361579 0.364352 217.300000 -0.896710 -0.006823
0.361594 0.364191 217.400000 -0.888636 0.167906
0.361603 0.364031 217.500000 -0.871463 0.174695
0.361604 0.363872 217.600000 -0.853126 0.191132
0.361592 0.363751 217.700000 -0.820931 0.451148
0.361560 0.363690 217.800000 -0.764349 0.677670
0.361505 0.363648 217.900000 -0.693346 0.738828
0.361426 0.363626 218.000000 -0.616529 0.793683
0.361324 0.363710 218.100000 -0.524312 1.046045
0.361198 0.363815 218.200000 -0.417315 1.088541
0.361053 0.364000 218.300000 -0.300615 1.239622
0.360894 0.364386 218.400000 -0.160576 1.554161
0.360729 0.364736 218.500000 -0.007363 1.502436
0.360569 0.365161 218.600000 0.148617 1.609359
0.360424 0.365423 218.700000 0.297922 1.369285
0.360300 0.365527 218.800000 0.421190 1.089911
0.360198 0.365554 218.900000 0.522025 0.921741
0.360117 0.365505 219.000000 0.604285 0.719357
0.360055 0.365421 219.100000 0.670404 0.599718
0.360012 0.365323 219.200000 0.728052 0.550347
0.359990 0.365266 219.300000 0.790386 0.693224
0.359988 0.365126 219.400000 0.842286 0.342186
0.359994 0.364964 219.500000 0.865847 0.127839
0.360008 0.364807 219.600000 0.882621 0.206821
0.360024 0.364643 219.700000 0.888496 -0.089619
0.360034 0.364485 219.800000 0.874840 -0.182828
0.360036 0.364334 219.900000 0.853128 -0.250328
0.360020 0.364269 220.000000 0.807256 -0.664806
0.359984 0.364167 220.100000 0.747336 -0.530597
0.359928 0.364083 220.200000 0.690814 -0.597029
0.359856 0.363997 220.300000 0.631247 -0.591339
0.359766 0.363919 220.400000 0.570496 -0.620638
0.359657 0.363980 220.500000 0.489363 -0.997956
0.359526 0.364192 220.600000 0.374703 -1.289508
0.359376 0.364563 220.700000 0.232900 -1.539476
0.359215 0.364830 220.800000 0.086532 -1.380564
0.359053 0.365339 220.900000 -0.069197 -1.726233
0.358904 0.365810 221.000000 -0.239847 -1.678217
0.358778 0.366195 221.100000 -0.402153 -1.559806
0.358688 0.366679 221.200000 -0.565299 -1.694952
0.358648 0.367129 221.300000 -0.733069 -1.652046
0.358665 0.367485 221.400000 -0.892062 -1.519864
0.358747 0.367768 221.500000 -1.038910 -1.409762
0.358897 0.367999 221.600000 -1.176123 -1.327629
0.359120 0.368205 221.700000 -1.307036 -1.284088
0.359419 0.368343 221.800000 -1.429611 -1.161294
0.359792 0.368425 221.900000 -1.540420 -1.049334
0.360232 0.368424 222.000000 -1.635924 -0.855978
0.360726 0.368333 222.100000 -1.707762 -0.577196
0.361256 0.368194 222.200000 -1.753967 -0.344583
0.361807 0.368039 222.300000 -1.781668 -0.208050
0.362365 0.367873 222.400000 -1.790426 0.033321
0.362911 0.367723 222.500000 -1.775954 0.255400
0.363427 0.367606 222.600000 -1.739931 0.463256
0.363910 0.367477 222.700000 -1.696617 0.400854
0.364358 0.367374 222.800000 -1.650204 0.525097
0.364767 0.367271 222.900000 -1.597649 0.523360
0.365129 0.367243 223.000000 -1.532227 0.781811
0.365434 0.367278 223.100000 -1.445703 0.944341
0.365671 0.367434 223.200000 -1.338420 1.195960
0.365833 0.367742 223.300000 -1.205647 1.452862
0.365917 0.368156 223.400000 -1.052190 1.608611
0.365932 0.368545 223.500000 -0.892697 1.573270
0.365890 0.368868 223.600000 -0.739806 1.476902
0.365806 0.369133 223.700000 -0.596277 1.386508
0.365692 0.369272 223.800000 -0.468222 1.168187
0.365557 0.369379 223.900000 -0.354372 1.103109
0.365405 0.369660 224.000000 -0.228216 1.413713
0.365244 0.369904 224.100000 -0.089475 1.354177
0.365081 0.369991 224.200000 0.031652 1.062303
0.364923 0.370111 224.300000 0.141536 1.129887
0.364774 0.370123 224.400000 0.242895 0.892215
0.364635 0.370104 224.500000 0.328139 0.808407
0.364511 0.370095 224.600000 0.410688 0.838450
0.364402 0.370067 224.700000 0.491909 0.781896
0.364311 0.369999 224.800000 0.564200 0.660316
0.364232 0.369850 224.900000 0.610518 0.263727
0.364156 0.369686 225.000000 0.622089 -0.032886
0.364079 0.369523 225.100000 0.617723 -0.054206
0.364001 0.369359 225.200000 0.613119 -0.037653
0.363922 0.369195 225.300000 0.611425 0.003851
0.363843 0.369032 225.400000 0.608476 -0.062668
0.363760 0.368879 225.500000 0.594458 -0.216992
0.363670 0.368737 225.600000 0.567925 -0.312338
0.363573 0.368592 225.700000 0.538105 -0.282585
0.363470 0.368446 225.800000 0.509787 -0.282361
0.363360 0.368305 225.900000 0.479878 -0.314311
0.363239 0.368279 226.000000 0.424687 -0.786755
0.363105 0.368246 226.100000 0.346789 -0.767300
0.362961 0.368233 226.200000 0.267069 -0.823131
0.362807 0.368245 226.300000 0.181221 -0.889522
0.362649 0.368244 226.400000 0.093824 -0.854063
0.362489 0.368217 226.500000 0.011722 -0.783876
0.362330 0.368155 226.600000 -0.061471 -0.676321
0.362175 0.368201 226.700000 -0.144089 -0.971898
0.362027 0.368164 226.800000 -0.230519 -0.752381
0.361889 0.368174 226.900000 -0.312611 -0.885359
0.361767 0.368287 227.000000 -0.412971 -1.116815
0.361670 0.368450 227.100000 -0.529907 -1.216059
0.361605 0.368632 227.200000 -0.653552 -1.250659
0.361576 0.368718 227.300000 -0.769455 -1.061622
0.361586 0.368807 227.400000 -0.876310 -1.070121
0.361638 0.368876 227.500000 -0.981377 -1.025979
0.361734 0.368876 227.600000 -1.075830 -0.858348
0.361874 0.368926 227.700000 -1.168023 -0.980894
0.362065 0.368936 227.800000 -1.261574 -0.885449
0.362296 0.368844 227.900000 -1.334344 -0.566323
0.362549 0.368688 228.000000 -1.370507 -0.155128
0.362809 0.368527 228.100000 -1.381308 -0.060343
0.363066 0.368368 228.200000 -1.379273 0.100931
0.363313 0.368223 228.300000 -1.360507 0.273450
0.363543 0.368074 228.400000 -1.334930 0.236811
0.363748 0.368011 228.500000 -1.289561 0.668305
0.363910 0.368028 228.600000 -1.210792 0.903143
0.364025 0.368039 228.700000 -1.121027 0.887665
0.364093 0.368160 228.800000 -1.019609 1.135619
0.364112 0.368326 228.900000 -0.901434 1.221979
0.364079 0.368696 229.000000 -0.761955 1.560616
0.363999 0.369138 229.100000 -0.600427 1.661873
0.363880 0.369742 229.200000 -0.423220 1.873400
0.363734 0.370240 229.300000 -0.242137 1.739219
0.363576 0.370766 229.400000 -0.065963 1.775449
0.363421 0.371352 229.500000 0.115936 1.853439
0.363282 0.371906 229.600000 0.299727 1.813183
0.363175 0.372479 229.700000 0.482725 1.837624
0.363112 0.372972 229.800000 0.661802 1.734958
0.363100 0.373246 229.900000 0.819779 1.416697
0.363143 0.373507 230.000000 0.960765 1.395976
0.363245 0.373685 230.100000 1.093420 1.250478
0.363406 0.373783 230.200000 1.210988 1.095013
0.363614 0.373716 230.300000 1.299180 0.664408
0.363854 0.373596 230.400000 1.354374 0.436723
0.364119 0.373468 230.500000 1.396259 0.398872
0.364405 0.373325 230.600000 1.431069 0.295594
0.364700 0.373163 230.700000 1.445835 -0.001026
0.364981 0.373045 230.800000 1.423314 -0.448263
0.365233 0.372935 230.900000 1.376550 -0.484672
0.365452 0.372861 231.000000 1.320380 -0.635929
0.365634 0.372803 231.100000 1.253874 -0.690863
0.365781 0.372724 231.200000 1.188305 -0.617237
0.365897 0.372646 231.300000 1.126228 -0.621195
0.365982 0.372594 231.400000 1.059455 -0.710933
0.366037 0.372513 231.500000 0.993452 -0.605820
0.366065 0.372457 231.600000 0.928108 -0.697791
0.366066 0.372398 231.700000 0.858677 -0.687369
0.366041 0.372367 231.800000 0.785398 -0.774539
0.365988 0.372428 231.900000 0.695791 -1.013132
0.365906 0.372494 232.000000 0.593646 -1.024654
0.365801 0.372537 232.100000 0.493456 -0.974128
0.365676 0.372626 232.200000 0.390723 -1.075401
0.365536 0.372705 232.300000 0.283974 -1.054251
0.365386 0.372783 232.400000 0.178386 -1.052216
0.365229 0.372982 232.500000 0.060777 -1.294092
0.365074 0.373263 232.600000 -0.075914 -1.432896
0.364926 0.373419 232.700000 -0.208516 -1.212515
0.364793 0.373617 232.800000 -0.334115 -1.293168
0.364681 0.373706 232.900000 -0.452969 -1.077978
0.364591 0.373773 233.000000 -0.558598 -1.029321
0.364526 0.373764 233.100000 -0.652238 -0.838792
0.364488 0.373799 233.200000 -0.742206 -0.956065
0.364482 0.373830 233.300000 -0.837381 -0.942689
0.364510 0.373823 233.400000 -0.927093 -0.847063
0.364571 0.373776 233.500000 -1.005861 -0.724353
0.364667 0.373777 233.600000 -1.085767 -0.869771
0.364801 0.373728 233.700000 -1.165344 -0.717788
0.364967 0.373620 233.800000 -1.226145 -0.495199
0.365153 0.373477 233.900000 -1.265011 -0.280180
0.365356 0.373346 234.000000 -1.297175 -0.361486
0.365578 0.373208 234.100000 -1.331180 -0.316911
0.365808 0.373049 234.200000 -1.344279 0.055578
0.366032 0.372893 234.300000 -1.335742 0.114738
0.366244 0.372759 234.400000 -1.312647 0.345998
0.366431 0.372659 234.500000 -1.269008 0.524613
0.366583 0.372639 234.600000 -1.202280 0.806605
0.366690 0.372683 234.700000 -1.112910 0.976334
0.366747 0.372863 234.800000 -1.000789 1.260473
0.366750 0.373152 234.900000 -0.864852 1.451472
0.366703 0.373489 235.000000 -0.715611 1.525884
0.366613 0.373927 235.100000 -0.555145 1.675421
0.366489 0.374396 235.200000 -0.384984 1.719285
0.366343 0.374848 235.300000 -0.213770 1.696435
0.366187 0.375403 235.400000 -0.036834 1.833446
0.366036 0.375865 235.500000 0.140850 1.711339
0.365902 0.376335 235.600000 0.312965 1.722366
0.365794 0.376637 235.700000 0.473299 1.476284
0.365722 0.377018 235.800000 0.627305 1.596145
0.365695 0.377245 235.900000 0.775093 1.352228
0.365712 0.377366 236.000000 0.900564 1.150909
0.365773 0.377437 236.100000 1.010599 1.044284
0.365881 0.377497 236.200000 1.114001 1.018595
0.366029 0.377424 236.300000 1.197237 0.641955
0.366208 0.377330 236.400000 1.257153 0.553385
0.366409 0.377184 236.500000 1.297560 0.252728
0.366623 0.377035 236.600000 1.321274 0.220362
0.366847 0.376879 236.700000 1.339251 0.138284
0.367078 0.376723 236.800000 1.351660 0.109269
0.367308 0.376567 236.900000 1.350922 -0.123993
0.367530 0.376414 237.000000 1.336203 -0.169653
0.367738 0.376274 237.100000 1.312786 -0.297513
0.367924 0.376172 237.200000 1.271922 -0.517714
0.368087 0.376039 237.300000 1.228471 -0.349139
0.368232 0.375903 237.400000 1.194732 -0.323961
0.368362 0.375764 237.500000 1.163382 -0.301455
0.368480 0.375615 237.600000 1.137668 -0.211542
0.368588 0.375463 237.700000 1.119064 -0.159623
0.368683 0.375337 237.800000 1.091450 -0.391271
0.368761 0.375211 237.900000 1.052556 -0.384651
0.368826 0.375063 238.000000 1.022408 -0.216806
0.368879 0.374928 238.100000 0.994975 -0.330495
0.368920 0.374784 238.200000 0.965693 -0.253669
0.368948 0.374660 238.300000 0.933182 -0.394932
0.368958 0.374555 238.400000 0.888395 -0.498559
0.368945 0.374552 238.500000 0.820494 -0.856076
0.368906 0.374492 238.600000 0.743395 -0.682053
0.368847 0.374440 238.700000 0.673703 -0.708300
0.368768 0.374395 238.800000 0.601611 -0.729931
0.368671 0.374365 238.900000 0.525997 -0.778574
0.368560 0.374304 239.000000 0.453188 -0.673964
0.368437 0.374263 239.100000 0.382155 -0.743149
0.368303 0.374212 239.200000 0.309249 -0.711323
0.368160 0.374243 239.300000 0.226163 -0.946237
0.368010 0.374197 239.400000 0.142286 -0.727115
0.367858 0.374106 239.500000 0.077771 -0.559962
0.367704 0.373986 239.600000 0.028834 -0.416318
0.367551 0.373900 239.700000 -0.021133 -0.580525
0.367399 0.373822 239.800000 -0.080803 -0.609885
0.367250 0.373740 239.900000 -0.141270 -0.596434
0.367106 0.373646 240.000000 -0.198252 -0.540365
0.366966 0.373566 240.100000 -0.255616 -0.604038
0.366834 0.373459 240.200000 -0.309976 -0.480445
0.366708 0.373349 240.300000 -0.357543 -0.468520
0.366589 0.373224 240.400000 -0.400305 -0.384585
0.366473 0.373070 240.500000 -0.422919 -0.066571
0.366359 0.372915 240.600000 -0.426257 -0.000009
0.366243 0.372767 240.700000 -0.417086 0.182964
0.366124 0.372619 240.800000 -0.399136 0.175142
0.366001 0.372481 240.900000 -0.376255 0.281336
0.365875 0.372333 241.000000 -0.353153 0.179549
0.365746 0.372195 241.100000 -0.329867 0.284990
0.365614 0.372055 241.200000 -0.302620 0.258606
0.365478 0.371911 241.300000 -0.278288 0.226817
0.365340 0.371768 241.400000 -0.255710 0.223599
0.365200 0.371625 241.500000 -0.232901 0.231446
0.365058 0.371484 241.600000 -0.208700 0.251372
0.364914 0.371356 241.700000 -0.178695 0.347213
0.364767 0.371232 241.800000 -0.142362 0.377639
0.364619 0.371094 241.900000 -0.109645 0.275074
0.364470 0.370955 242.000000 -0.082769 0.261088
0.364320 0.370812 242.100000 -0.058549 0.222098
0.364170 0.370700 242.200000 -0.024850 0.450211
0.364020 0.370563 242.300000 0.011249 0.269967
0.363870 0.370413 242.400000 0.030983 0.123717
0.363720 0.370289 242.500000 0.056036 0.376087
0.363572 0.370173 242.600000 0.095815 0.417513
0.363425 0.370020 242.700000 0.115353 -0.027727
0.363278 0.369869 242.800000 0.111663 -0.045896
0.363131 0.369725 242.900000 0.099183 -0.203088
0.362982 0.369620 243.000000 0.064967 -0.479521
0.362833 0.369550 243.100000 0.009279 -0.631439
0.362685 0.369479 243.200000 -0.053849 -0.627976
0.362538 0.369411 243.300000 -0.117238 -0.636628
0.362396 0.369333 243.400000 -0.179255 -0.600624
0.362259 0.369256 243.500000 -0.239625 -0.603755
0.362129 0.369164 243.600000 -0.296759 -0.536065
0.362006 0.369104 243.700000 -0.357235 -0.670433
0.361895 0.369055 243.800000 -0.426144 -0.704289
0.361794 0.368927 243.900000 -0.478494 -0.340111
0.361696 0.368776 244.000000 -0.495107 0.008685
0.361595 0.368642 244.100000 -0.480332 0.286082
0.361490 0.368496 244.200000 -0.457766 0.164111
0.361381 0.368360 244.300000 -0.436159 0.266945
0.361267 0.368219 244.400000 -0.411895 0.217117
0.361150 0.368095 244.500000 -0.383103 0.357296
0.361028 0.367953 244.600000 -0.354909 0.205157
0.360902 0.367844 244.700000 -0.322109 0.449206
0.360768 0.367798 244.800000 -0.263690 0.716262
0.360628 0.367789 244.900000 -0.186105 0.831545
0.360483 0.367818 245.000000 -0.097472 0.936694
0.360336 0.367854 245.100000 -0.002621 0.955582
0.360191 0.367893 245.200000 0.093493 0.961896
0.360051 0.367869 245.300000 0.181034 0.784543
0.359917 0.367796 245.400000 0.251166 0.614597
0.359790 0.367710 245.500000 0.310193 0.562984
0.359671 0.367636 245.600000 0.368945 0.609119
0.359563 0.367577 245.700000 0.432843 0.665640
0.359465 0.367462 245.800000 0.487010 0.415009
0.359376 0.367347 245.900000 0.528328 0.409284
0.359294 0.367213 246.000000 0.562326 0.268975
0.359216 0.367065 246.100000 0.580259 0.088782
0.359142 0.366920 246.200000 0.592004 0.145534
0.359069 0.366771 246.300000 0.598943 -0.007105
0.358995 0.366624 246.400000 0.594924 -0.073082
0.358917 0.366486 246.500000 0.579479 -0.235034
0.358834 0.366350 246.600000 0.555102 -0.251286
0.358746 0.366211 246.700000 0.531820 -0.213198
0.358655 0.366066 246.800000 0.514978 -0.122794
0.358562 0.365918 246.900000 0.510587 0.035195
0.358470 0.365770 247.000000 0.510402 -0.038902
0.358376 0.365624 247.100000 0.503747 -0.093853
0.358284 0.365485 247.200000 0.509469 0.207999
0.358196 0.365347 247.300000 0.531162 0.224783
0.358113 0.365211 247.400000 0.554132 0.233456
0.358037 0.365088 247.500000 0.583371 0.349877
0.357971 0.364977 247.600000 0.622132 0.423395
0.357916 0.364868 247.700000 0.665314 0.438093
0.357872 0.364755 247.800000 0.707787 0.409242
0.357842 0.364648 247.900000 0.750821 0.449277
0.357827 0.364568 248.000000 0.802233 0.576390
0.357830 0.364461 248.100000 0.853372 0.443848
0.357845 0.364332 248.200000 0.890478 0.296413
0.357868 0.364187 248.300000 0.909440 0.081884
0.357893 0.364041 248.400000 0.917405 0.077020
0.357919 0.363895 248.500000 0.918800 -0.049194
0.357937 0.363777 248.600000 0.897778 -0.370207
0.357938 0.363697 248.700000 0.850320 -0.576564
0.357919 0.363642 248.800000 0.787727 -0.672178
0.357876 0.363676 248.900000 0.706587 -0.946556
0.357806 0.363749 249.000000 0.606717 -1.045851
0.357713 0.363835 249.100000 0.500440 -1.074379
0.357601 0.363856 249.200000 0.400917 -0.911105
0.357477 0.363901 249.300000 0.306308 -0.976343
0.357343 0.363907 249.400000 0.213699 -0.871219
0.357203 0.363930 249.500000 0.123961 -0.919045
0.357060 0.363915 249.600000 0.037390 -0.808038
0.356918 0.363977 249.700000 -0.054106 -1.017315
0.356780 0.364101 249.800000 -0.163308 -1.161257
0.356652 0.364146 249.900000 -0.270438 -0.975993
0.356537 0.364211 250.000000 -0.370813 -1.026495
0.356439 0.364247 250.100000 -0.470020 -0.952670
0.356358 0.364225 250.200000 -0.557189 -0.786360
0.356298 0.364237 250.300000 -0.641160 -0.888854
0.356258 0.364166 250.400000 -0.716372 -0.611636
0.356234 0.364063 250.500000 -0.770101 -0.460262
0.356223 0.363941 250.600000 -0.810093 -0.337567
0.356220 0.363802 250.700000 -0.835894 -0.177176
0.356223 0.363661 250.800000 -0.851677 -0.137691
0.356223 0.363531 250.900000 -0.844560 0.279670
0.356211 0.363424 251.000000 -0.808697 0.435797
0.356182 0.363381 251.100000 -0.751088 0.713511
0.356133 0.363323 251.200000 -0.682267 0.659459
0.356068 0.363241 251.300000 -0.621186 0.559124
0.355990 0.363156 251.400000 -0.565757 0.546674
0.355899 0.363097 251.500000 -0.505436 0.656727
0.355796 0.363051 251.600000 -0.437305 0.702500
0.355682 0.362989 251.700000 -0.369868 0.642863
0.355560 0.362904 251.800000 -0.310338 0.544758
0.355430 0.362892 251.900000 -0.242101 0.816573
0.355294 0.362957 252.000000 -0.149698 1.026863
0.355153 0.362996 252.100000 -0.050123 0.959663
0.355013 0.363019 252.200000 0.044009 0.918268
0.354875 0.362997 252.300000 0.129430 0.785871
0.354743 0.362922 252.400000 0.198275 0.587602
0.354614 0.362792 252.500000 0.241036 0.265466
0.354488 0.362667 252.600000 0.269558 0.303552
0.354366 0.362547 252.700000 0.301992 0.343501
0.354248 0.362425 252.800000 0.335624 0.327466
0.354135 0.362301 252.900000 0.367835 0.315135
0.354024 0.362159 253.000000 0.387532 0.077822
0.353914 0.362018 253.100000 0.387183 -0.084771
0.353803 0.361875 253.200000 0.383462 0.010527
0.353693 0.361732 253.300000 0.382995 -0.019834
0.353582 0.361590 253.400000 0.385028 0.060392
0.353473 0.361449 253.500000 0.392712 0.092896
0.353366 0.361310 253.600000 0.404199 0.136272
0.353261 0.361170 253.700000 0.415706 0.093284
0.353157 0.361027 253.800000 0.420603 0.004427
0.353053 0.360886 253.900000 0.424045 0.064234
0.352950 0.360744 254.000000 0.428244 0.019527
0.352849 0.360610 254.100000 0.439135 0.197747
0.352752 0.360474 254.200000 0.457684 0.172324
0.352656 0.360333 254.300000 0.469519 0.063774
0.352561 0.360192 254.400000 0.469121 -0.071718
0.352465 0.360051 254.500000 0.466809 0.025602
0.352368 0.359919 254.600000 0.457017 -0.220963
0.352267 0.359791 254.700000 0.433175 -0.254685
0.352162 0.359654 254.800000 0.413230 -0.143216
0.352058 0.359520 254.900000 0.415741 0.193311
0.351955 0.359379 255.000000 0.425339 -0.001817
0.351852 0.359240 255.100000 0.421041 -0.083945
0.351747 0.359101 255.200000 0.411621 -0.103977
0.351640 0.358974 255.300000 0.392980 -0.267921
0.351527 0.358867 255.400000 0.358877 -0.412423
0.351410 0.358762 255.500000 0.316985 -0.423315
0.351286 0.358696 255.600000 0.264898 -0.615826
0.351156 0.358633 255.700000 0.202418 -0.630661
0.351023 0.358555 255.800000 0.142519 -0.564315
0.350888 0.358464 255.900000 0.089152 -0.500361
0.350751 0.358368 256.000000 0.040187 -0.476487
0.350614 0.358313 256.100000 -0.016738 -0.659176
0.350479 0.358302 256.200000 -0.090458 -0.811524
0.350347 0.358248 256.300000 -0.164376 -0.663150
0.350222 0.358218 256.400000 -0.235200 -0.749782
0.350104 0.358205 256.500000 -0.313259 -0.807492
0.349997 0.358154 256.600000 -0.387387 -0.671373
0.349903 0.358160 256.700000 -0.464480 -0.866619
0.349824 0.358126 256.800000 -0.544758 -0.734934
0.349762 0.358085 256.900000 -0.617144 -0.709171
0.349716 0.357994 257.000000 -0.677657 -0.498058
0.349683 0.357914 257.100000 -0.730442 -0.555005
0.349665 0.357802 257.200000 -0.776849 -0.370820
0.349657 0.357680 257.300000 -0.810415 -0.298812
0.349659 0.357566 257.400000 -0.843405 -0.359351
0.349672 0.357445 257.500000 -0.876546 -0.301807
0.349697 0.357329 257.600000 -0.908528 -0.336229
0.349730 0.357193 257.700000 -0.931929 -0.130632
0.349762 0.357059 257.800000 -0.931370 0.141793
0.349788 0.356931 257.900000 -0.912448 0.235707
0.349803 0.356816 258.000000 -0.883269 0.346409
0.349804 0.356732 258.100000 -0.839417 0.528426
0.349788 0.356655 258.200000 -0.784677 0.563643
0.349755 0.356580 258.300000 -0.727955 0.567955
0.349711 0.356456 258.400000 -0.685785 0.273355
0.349657 0.356363 258.500000 -0.648088 0.478700
0.349592 0.356258 258.600000 -0.603326 0.414290
0.349520 0.356136 258.700000 -0.568439 0.281717
0.349440 0.356029 258.800000 -0.534229 0.400768
0.349351 0.355933 258.900000 -0.490870 0.464243
0.349253 0.355875 259.000000 -0.435588 0.638635
0.349144 0.355872 259.100000 -0.361702 0.835389
0.349025 0.355808 259.200000 -0.288854 0.617930
0.348900 0.355775 259.300000 -0.221035 0.735061
0.348769 0.355856 259.400000 -0.130954 1.062040
0.348634 0.355993 259.500000 -0.017833 1.194726
0.348502 0.356088 259.600000 0.097070 1.097592
0.348376 0.356204 259.700000 0.209559 1.146575
0.348263 0.356326 259.800000 0.325191 1.160270
0.348166 0.356437 259.900000 0.440251 1.135174
0.348090 0.356496 260.000000 0.547816 1.010748
0.348036 0.356519 260.100000 0.644209 0.912296
0.348006 0.356535 260.200000 0.734631 0.891620
0.348001 0.356520 260.300000 0.819260 0.796734
0.348021 0.356481 260.400000 0.895042 0.715116
0.348066 0.356436 260.500000 0.965552 0.691562
0.348136 0.356360 260.600000 1.028343 0.561125
0.348223 0.356246 260.700000 1.073605 0.341853
0.348323 0.356120 260.800000 1.102825 0.241074
0.348430 0.355986 260.900000 1.120224 0.106049
0.348535 0.355857 261.000000 1.115400 -0.202289
0.348629 0.355737 261.100000 1.090838 -0.287738
0.348706 0.355658 261.200000 1.048984 -0.547240
0.348759 0.355618 261.300000 0.986110 -0.707098
0.348785 0.355582 261.400000 0.914440 -0.722723
0.348783 0.355627 261.500000 0.829381 -0.974201
0.348752 0.355670 261.600000 0.732067 -0.967220
0.348698 0.355671 261.700000 0.641203 -0.845512
0.348622 0.355731 261.800000 0.547957 -1.014749
0.348527 0.355809 261.900000 0.444134 -1.056520
0.348414 0.355979 262.000000 0.327643 -1.267470
0.348289 0.356083 262.100000 0.207898 -1.121438
0.348158 0.356178 262.200000 0.096614 -1.098681
0.348026 0.356316 262.300000 -0.018533 -1.198512
0.347897 0.356444 262.400000 -0.137616 -1.177192
0.347775 0.356445 262.500000 -0.239180 -0.849008
0.347663 0.356451 262.600000 -0.324949 -0.862075
0.347563 0.356445 262.700000 -0.409542 -0.825554
0.347474 0.356368 262.800000 -0.478591 -0.551980
0.347396 0.356292 262.900000 -0.534334 -0.560081
0.347328 0.356177 263.000000 -0.578974 -0.330505
0.347267 0.356067 263.100000 -0.613764 -0.363546
0.347215 0.355953 263.200000 -0.648908 -0.337582
0.347172 0.355840 263.300000 -0.683000 -0.342544
0.347139 0.355737 263.400000 -0.720743 -0.410427
0.347117 0.355634 263.500000 -0.761764 -0.407951
0.347105 0.355510 263.600000 -0.794207 -0.239274
0.347101 0.355386 263.700000 -0.818302 -0.241439
0.347104 0.355264 263.800000 -0.843176 -0.254792
0.347114 0.355135 263.900000 -0.864888 -0.178361
0.347131 0.355010 264.000000 -0.885119 -0.225250
0.347154 0.354881 264.100000 -0.904275 -0.156910
0.347182 0.354747 264.200000 -0.915828 -0.073568
0.347205 0.354628 264.300000 -0.905565 0.278306
0.347219 0.354514 264.400000 -0.875325 0.324988
0.347218 0.354440 264.500000 -0.830779 0.563712
0.347197 0.354412 264.600000 -0.765039 0.747793
0.347156 0.354383 264.700000 -0.690061 0.748018
0.347099 0.354312 264.800000 -0.623701 0.575862
0.347028 0.354248 264.900000 -0.564429 0.606618
0.346944 0.354197 265.000000 -0.500811 0.662552
0.346849 0.354136 265.100000 -0.436603 0.618405
0.346744 0.354121 265.200000 -0.365764 0.794841
0.346628 0.354149 265.300000 -0.279619 0.923741
0.346504 0.354128 265.400000 -0.194581 0.772781
0.346376 0.354145 265.500000 -0.110978 0.895089
0.346246 0.354258 265.600000 -0.008801 1.143340
0.346118 0.354341 265.700000 0.102219 1.071505
0.345995 0.354391 265.800000 0.205459 0.988139
0.345885 0.354621 265.900000 0.324688 1.390479
0.345795 0.354805 266.000000 0.459550 1.300026
0.345729 0.354955 266.100000 0.586194 1.226508
0.345693 0.355053 266.200000 0.703394 1.111640
0.345686 0.355117 266.300000 0.810462 1.024375
0.345709 0.355097 266.400000 0.900820 0.778251
0.345759 0.355091 266.500000 0.981063 0.822613
0.345839 0.355042 266.600000 1.055894 0.670264
0.345945 0.354990 266.700000 1.122431 0.657134
0.346078 0.354912 266.800000 1.182444 0.540136
0.346237 0.354863 266.900000 1.243167 0.671291
0.346432 0.354850 267.000000 1.316888 0.799446
0.346667 0.354829 267.100000 1.395770 0.774238
0.346936 0.354739 267.200000 1.458453 0.476296
0.347224 0.354620 267.300000 1.495681 0.266402
0.347512 0.354501 267.400000 1.495199 -0.276019
0.347780 0.354403 267.500000 1.459795 -0.430303
0.348020 0.354342 267.600000 1.407261 -0.617745
0.348233 0.354242 267.700000 1.355485 -0.415187
0.348429 0.354126 267.800000 1.319781 -0.297095
0.348608 0.354017 267.900000 1.287326 -0.350387
0.348761 0.353984 268.000000 1.233291 -0.727615
0.348878 0.354012 268.100000 1.150416 -0.925748
0.348953 0.354110 268.200000 1.048299 -1.111471
0.348985 0.354230 268.300000 0.934254 -1.163729
0.348979 0.354380 268.400000 0.814263 -1.230096
0.348937 0.354569 268.500000 0.686758 -1.313635
0.348862 0.354849 268.600000 0.546373 -1.487038
0.348763 0.355090 268.700000 0.400857 -1.416005
0.348644 0.355452 268.800000 0.248191 -1.629687
0.348516 0.355817 268.900000 0.084501 -1.635925
0.348388 0.356239 269.000000 -0.084046 -1.726598
0.348271 0.356748 269.100000 -0.263734 -1.858177
0.348177 0.357079 269.200000 -0.436103 -1.580585
0.348112 0.357335 269.300000 -0.587835 -1.446466
0.348083 0.357612 269.400000 -0.734840 -1.486284
0.348097 0.357813 269.500000 -0.876598 -1.341781
0.348151 0.357867 269.600000 -0.994095 -1.002288
0.348240 0.357863 269.700000 -1.086034 -0.831896
0.348363 0.357835 269.800000 -1.165512 -0.753693
0.348518 0.357799 269.900000 -1.239357 -0.719517
0.348707 0.357752 270.000000 -1.309513 -0.680084
0.348931 0.357728 270.100000 -1.381940 -0.764848
0.349197 0.357719 270.200000 -1.461254 -0.817469
0.349503 0.357663 270.300000 -1.534489 -0.643558
0.349847 0.357608 270.400000 -1.599112 -0.645673
0.350222 0.357508 270.500000 -1.652281 -0.415043
0.350614 0.357380 270.600000 -1.680743 -0.152774
0.351011 0.357248 270.700000 -1.687526 0.017453
0.351401 0.357122 270.800000 -1.677676 0.179048
0.351767 0.357052 270.900000 -1.639578 0.581004
0.352091 0.357045 271.000000 -1.569236 0.822325
0.352363 0.357111 271.100000 -1.476116 1.035412
0.352577 0.357231 271.200000 -1.365752 1.166354
0.352733 0.357378 271.300000 -1.245635 1.229983
0.352837 0.357488 271.400000 -1.126487 1.147007
0.352891 0.357697 271.500000 -1.000851 1.359440
0.352897 0.357965 271.600000 -0.858831 1.473861
0.352861 0.358199 271.700000 -0.714237 1.410788
0.352792 0.358417 271.800000 -0.574480 1.377358
0.352697 0.358638 271.900000 -0.435972 1.385874
0.352584 0.358858 272.000000 -0.297159 1.383455
0.352459 0.359061 272.100000 -0.160153 1.349822
0.352330 0.359191 272.200000 -0.032593 1.194988
0.352202 0.359308 272.300000 0.085679 1.164550
0.352079 0.359348 272.400000 0.192615 0.968814
0.351966 0.359391 272.500000 0.290016 0.974337
0.351865 0.359454 272.600000 0.390596 1.032239
0.351780 0.359518 272.700000 0.494108 1.032814
0.351715 0.359509 272.800000 0.586973 0.819838
0.351666 0.359466 272.900000 0.662950 0.695908
0.351636 0.359423 273.000000 0.732646 0.694522
0.351623 0.359347 273.100000 0.794928 0.548022
0.351623 0.359235 273.200000 0.839077 0.332744
0.351630 0.359106 273.300000 0.860916 0.102950
0.351636 0.358977 273.400000 0.860190 -0.117433
0.351636 0.358865 273.500000 0.838214 -0.321002
0.351627 0.358751 273.600000 0.806522 -0.311253
0.351609 0.358632 273.700000 0.778352 -0.250728
0.351583 0.358517 273.800000 0.750701 -0.300924
0.351549 0.358413 273.900000 0.716434 -0.382701
0.351502 0.358336 274.000000 0.669966 -0.544319
0.351442 0.358282 274.100000 0.610302 -0.645994
0.351368 0.358241 274.200000 0.542677 -0.703119
0.351280 0.358218 274.300000 0.469062 -0.765504
0.351179 0.358230 274.400000 0.386249 -0.886619
0.351067 0.358267 274.500000 0.293717 -0.959379
0.350946 0.358301 274.600000 0.198087 -0.948443
0.350820 0.358389 274.700000 0.095618 -1.095808
0.350692 0.358405 274.800000 -0.004319 -0.897936
0.350567 0.358489 274.900000 -0.103721 -1.085136
0.350447 0.358485 275.000000 -0.199861 -0.832855
0.350335 0.358530 275.100000 -0.290888 -0.983150
0.350235 0.358597 275.200000 -0.392426 -1.042516
0.350154 0.358698 275.300000 -0.501231 -1.128148
0.350095 0.358782 275.400000 -0.612283 -1.087354
0.350060 0.358801 275.500000 -0.712239 -0.906762
0.350050 0.358820 275.600000 -0.803016 -0.904237
0.350069 0.358866 275.700000 -0.897819 -0.987090
0.350119 0.358858 275.800000 -0.988357 -0.819146
0.350194 0.358779 275.900000 -1.056088 -0.532076
0.350287 0.358674 276.000000 -1.101446 -0.372821
0.350394 0.358562 276.100000 -1.135712 -0.310774
0.350511 0.358438 276.200000 -1.160674 -0.187220
0.350632 0.358309 276.300000 -1.171924 -0.037228
0.350747 0.358207 276.400000 -1.154172 0.391381
0.350840 0.358142 276.500000 -1.104672 0.596135
0.350909 0.358105 276.600000 -1.038949 0.715052
0.350949 0.358104 276.700000 -0.960779 0.844429
0.350962 0.358081 276.800000 -0.880045 0.766214
0.350949 0.358107 276.900000 -0.795115 0.928142
0.350913 0.358097 277.000000 -0.707792 0.813961
0.350857 0.358076 277.100000 -0.628303 0.771834
0.350785 0.358076 277.200000 -0.547164 0.846901
0.350695 0.358140 277.300000 -0.452758 1.036491
0.350591 0.358221 277.400000 -0.346701 1.079344
0.350475 0.358262 277.500000 -0.243967 0.970199
0.350352 0.358386 277.600000 -0.135860 1.186532
0.350226 0.358507 277.700000 -0.017361 1.177535
0.350102 0.358642 277.800000 0.102380 1.211295
0.349984 0.358651 277.900000 0.207113 0.878140
0.349873 0.358653 278.000000 0.293898 0.853218
0.349774 0.358653 278.100000 0.379010 0.844753
0.349686 0.358646 278.200000 0.462752 0.825906
0.349616 0.358696 278.300000 0.554086 0.996215
0.349569 0.358808 278.400000 0.662091 1.158469
0.349551 0.358878 278.500000 0.772947 1.053122
0.349561 0.358895 278.600000 0.870867 0.900376
0.349603 0.358942 278.700000 0.965686 0.991271
0.349676 0.358908 278.800000 1.051794 0.726572
0.349776 0.358852 278.900000 1.120140 0.636941
0.349894 0.358737 279.000000 1.165630 0.270584
0.350020 0.358610 279.100000 1.184291 0.101702
0.350153 0.358493 279.200000 1.201760 0.246788
0.350297 0.358374 279.300000 1.225893 0.234671
0.350448 0.358248 279.400000 1.242933 0.105276
0.350602 0.358120 279.500000 1.250095 0.037608
0.350753 0.357997 279.600000 1.243516 -0.168848
0.350895 0.357877 279.700000 1.224761 -0.205331
0.351022 0.357801 279.800000 1.187450 -0.539010
0.351122 0.357764 279.900000 1.124644 -0.713968
0.351189 0.357823 280.000000 1.037542 -1.023722
0.351218 0.357920 280.100000 0.930097 -1.119803
0.351211 0.358040 280.200000 0.814799 -1.180389
0.351168 0.358366 280.300000 0.675692 -1.594805
0.351090 0.358677 280.400000 0.517106 -1.568982
0.350987 0.359066 280.500000 0.353113 -1.702670
0.350869 0.359357 280.600000 0.190895 -1.533587
0.350744 0.359677 280.700000 0.034503 -1.586434
0.350622 0.359952 280.800000 -0.120417 -1.504211
0.350510 0.360228 280.900000 -0.271347 -1.506846
0.350416 0.360469 281.000000 -0.419066 -1.440144
0.350345 0.360555 281.100000 -0.546265 -1.097482
0.350297 0.360628 281.200000 -0.654646 -1.064730
0.350275 0.360700 281.300000 -0.761214 -1.061287
0.350284 0.360755 281.400000 -0.865304 -1.015309
0.350326 0.360836 281.500000 -0.970631 -1.085969
0.350405 0.360848 281.600000 -1.069532 -0.887115
0.350518 0.360850 281.700000 -1.157027 -0.858398
0.350665 0.360815 281.800000 -1.236232 -0.721746
0.350840 0.360740 281.900000 -1.299787 -0.546175
0.351038 0.360641 282.000000 -1.347350 -0.402710
0.351245 0.360513 282.100000 -1.369180 -0.032792
0.351459 0.360393 282.200000 -1.381086 -0.204730
0.351673 0.360270 282.300000 -1.382934 0.167851
0.351876 0.360155 282.400000 -1.361140 0.266937
0.352070 0.360030 282.500000 -1.341463 0.125634
0.352255 0.359916 282.600000 -1.321580 0.271017
0.352422 0.359826 282.700000 -1.284906 0.460645
0.352571 0.359722 282.800000 -1.243900 0.357422
0.352701 0.359642 282.900000 -1.200123 0.515927
0.352808 0.359574 283.000000 -1.145111 0.581556
0.352893 0.359497 283.100000 -1.089276 0.532360
0.352962 0.359388 283.200000 -1.046836 0.314313
0.353019 0.359280 283.300000 -1.014737 0.326069
0.353062 0.359186 283.400000 -0.976802 0.430734
0.353091 0.359093 283.500000 -0.933288 0.437365
0.353108 0.358989 283.600000 -0.893364 0.359116
0.353111 0.358903 283.700000 -0.851239 0.481278
0.353100 0.358825 283.800000 -0.801066 0.519676
0.353074 0.358745 283.900000 -0.749053 0.517973
0.353032 0.358724 284.000000 -0.684402 0.771828
0.352971 0.358748 284.100000 -0.599464 0.922677
0.352892 0.358786 284.200000 -0.504777 0.966338
0.352798 0.358801 284.300000 -0.411448 0.895568
0.352693 0.358762 284.400000 -0.331136 0.706648
0.352581 0.358735 284.500000 -0.258183 0.748765
0.352462 0.358736 284.600000 -0.177895 0.852998
0.352340 0.358687 284.700000 -0.102122 0.658668
0.352217 0.358635 284.800000 -0.036569 0.649119
0.352093 0.358549 284.900000 0.019918 0.477789
0.351971 0.358474 285.000000 0.070872 0.538753
0.351850 0.358391 285.100000 0.122485 0.490921
0.351732 0.358291 285.200000 0.166407 0.385310
0.351615 0.358170 285.300000 0.194040 0.165971
0.351499 0.358046 285.400000 0.197971 -0.087533
0.351382 0.357922 285.500000 0.197589 0.079908
0.351266 0.357797 285.600000 0.199099 -0.049789
0.351150 0.357674 285.700000 0.191354 -0.104730
0.351033 0.357551 285.800000 0.192286 0.123331
0.350917 0.357427 285.900000 0.194704 -0.075093
0.350801 0.357303 286.000000 0.187721 -0.064211
0.350683 0.357206 286.100000 0.164509 -0.398884
0.350563 0.357100 286.200000 0.128181 -0.325851
0.350442 0.357025 286.300000 0.084976 -0.536094
0.350320 0.356935 286.400000 0.035865 -0.443671
0.350198 0.356839 286.500000 -0.006581 -0.403121
0.350076 0.356725 286.600000 -0.038873 -0.241105
0.349955 0.356607 286.700000 -0.061154 -0.203395
0.349834 0.356493 286.800000 -0.083122 -0.234864
0.349714 0.356370 286.900000 -0.099274 -0.087371
0.349594 0.356246 287.000000 -0.100780 0.057326
0.349473 0.356123 287.100000 -0.094634 0.065287
0.349353 0.356003 287.200000 -0.084061 0.145647
0.349233 0.355879 287.300000 -0.079025 -0.045187
0.349112 0.355760 287.400000 -0.089099 -0.155784
0.348993 0.355649 287.500000 -0.110477 -0.270711
0.348875 0.355546 287.600000 -0.141338 -0.344976
0.348759 0.355439 287.700000 -0.174174 -0.310089
0.348646 0.355336 287.800000 -0.206822 -0.341252
0.348534 0.355221 287.900000 -0.235419 -0.229249
0.348425 0.355108 288.000000 -0.258861 -0.238425
0.348316 0.354987 288.100000 -0.264833 0.119292
0.348207 0.354864 288.200000 -0.257112 0.034735
0.348096 0.354752 288.300000 -0.243120 0.244403
0.347984 0.354640 288.400000 -0.217989 0.256972
0.347870 0.354535 288.500000 -0.189053 0.320298
0.347753 0.354427 288.600000 -0.158210 0.295022
0.347636 0.354316 288.700000 -0.130249 0.262795
0.347518 0.354195 288.800000 -0.112717 0.086975
0.347399 0.354094 288.900000 -0.090583 0.354593
0.347279 0.353986 289.000000 -0.058504 0.285381
0.347159 0.353877 289.100000 -0.029954 0.284191
0.347039 0.353767 289.200000 -0.002362 0.266279
0.346920 0.353659 289.300000 0.025198 0.283540
0.346800 0.353543 289.400000 0.049168 0.194652
0.346681 0.353425 289.500000 0.066145 0.144037
0.346562 0.353304 289.600000 0.070325 -0.060632
0.346443 0.353187 289.700000 0.058236 -0.180540
0.346324 0.353082 289.800000 0.033708 -0.308799
0.346205 0.352981 289.900000 0.000740 -0.348923
0.346086 0.352896 290.000000 -0.039908 -0.461989
0.345968 0.352849 290.100000 -0.096072 -0.658495
0.345853 0.352818 290.200000 -0.165306 -0.722716
0.345744 0.352773 290.300000 -0.235082 -0.669318
0.345641 0.352763 290.400000 -0.308906 -0.803470
0.345548 0.352734 290.500000 -0.385949 -0.733545
0.345468 0.352783 290.600000 -0.472504 -0.993227
0.345406 0.352867 290.700000 -0.577133 -1.094109
0.345368 0.352930 290.800000 -0.683915 -1.036196
0.345355 0.352968 290.900000 -0.783989 -0.960286
0.345368 0.352983 291.000000 -0.876908 -0.893449
0.345411 0.353020 291.100000 -0.969809 -0.959928
0.345488 0.353062 291.200000 -1.066699 -0.973018
0.345598 0.353047 291.300000 -1.154910 -0.786797
0.345738 0.352998 291.400000 -1.226822 -0.647854
0.345901 0.352911 291.500000 -1.281665 -0.446246
0.346080 0.352803 291.600000 -1.317996 -0.278568
0.346270 0.352689 291.700000 -1.341999 -0.200293
0.346458 0.352582 291.800000 -1.337700 0.286057
0.346631 0.352485 291.900000 -1.304912 0.368075
0.346782 0.352432 292.000000 -1.254921 0.629247
0.346903 0.352411 292.100000 -1.185101 0.763662
0.346996 0.352369 292.200000 -1.112926 0.676220
0.347060 0.352401 292.300000 -1.031608 0.946084
0.347088 0.352493 292.400000 -0.928307 1.114757
0.347081 0.352649 292.500000 -0.808700 1.271410
0.347040 0.352909 292.600000 -0.670144 1.492774
0.346967 0.353190 292.700000 -0.518495 1.532634
0.346870 0.353548 292.800000 -0.357710 1.675020
0.346758 0.353859 292.900000 -0.194001 1.590985
0.346640 0.354146 293.000000 -0.036741 1.546338
0.346525 0.354459 293.100000 0.120646 1.593538
0.346421 0.354924 293.200000 0.293447 1.853854
0.346343 0.355423 293.300000 0.482030 1.908359
0.346299 0.355791 293.400000 0.662552 1.693068
0.346301 0.356226 293.500000 0.838014 1.807387
0.346357 0.356561 293.600000 1.010678 1.637265
0.346478 0.357011 293.700000 1.184601 1.832500
0.346675 0.357376 293.800000 1.361210 1.690852
0.346948 0.357590 293.900000 1.516419 1.405560
0.347296 0.357787 294.000000 1.655434 1.367788
0.347723 0.357954 294.100000 1.789320 1.303244
0.348224 0.358040 294.200000 1.910142 1.107158
0.348794 0.358069 294.300000 2.012758 0.940023
0.349426 0.358066 294.400000 2.101791 0.836197
0.350114 0.358037 294.500000 2.180758 0.739194
0.350848 0.357956 294.600000 2.242122 0.485013
0.351608 0.357840 294.700000 2.275623 0.183326
0.352371 0.357719 294.800000 2.282243 -0.051262
0.353125 0.357605 294.900000 2.269089 -0.211159
0.353854 0.357511 295.000000 2.238632 -0.396448
0.354551 0.357423 295.100000 2.196615 -0.441788
0.355212 0.357353 295.200000 2.147003 -0.547968
0.355826 0.357324 295.300000 2.082557 -0.737745
0.356375 0.357413 295.400000 1.989654 -1.115670
0.356850 0.357519 295.500000 1.875763 -1.156455
0.357242 0.357782 295.600000 1.742274 -1.506647
0.357541 0.358227 295.700000 1.575036 -1.829751
0.357741 0.358856 295.800000 1.377662 -2.107860
0.357847 0.359575 295.900000 1.160233 -2.229839
0.357873 0.360383 296.000000 0.930863 -2.346094
0.357833 0.361247 296.100000 0.692155 -2.416130
0.357748 0.361904 296.200000 0.463340 -2.148740
0.357638 0.362586 296.300000 0.246192 -2.183367
0.357517 0.363327 296.400000 0.023327 -2.262787
0.357403 0.363954 296.500000 -0.195781 -2.108405
0.357309 0.364372 296.600000 -0.391244 -1.791082
0.357240 0.364630 296.700000 -0.556389 -1.503562
0.357205 0.364911 296.800000 -0.709331 -1.547634
0.357211 0.365214 296.900000 -0.866625 -1.590378
0.357265 0.365439 297.000000 -1.018466 -1.438846
0.357369 0.365595 297.100000 -1.155099 -1.286994
0.357525 0.365723 297.200000 -1.280914 -1.223020
0.357732 0.365790 297.300000 -1.395447 -1.061904
0.357987 0.365799 297.400000 -1.493116 -0.886586
0.358291 0.365853 297.500000 -1.589006 -1.026432
0.358645 0.365837 297.600000 -1.680442 -0.797713
0.359042 0.365795 297.700000 -1.755258 -0.694854
0.359475 0.365720 297.800000 -1.816663 -0.530181
0.359941 0.365645 297.900000 -1.870184 -0.537568
0.360438 0.365556 298.000000 -1.919285 -0.441993
0.360954 0.365436 298.100000 -1.948174 -0.134351
0.361470 0.365315 298.200000 -1.949771 0.102498
0.361980 0.365194 298.300000 -1.940562 0.081226
0.362477 0.365085 298.400000 -1.922145 0.286188
0.362956 0.364977 298.500000 -1.893199 0.291288
0.363411 0.364892 298.600000 -1.854939 0.472005
0.363830 0.364844 298.700000 -1.797919 0.665529
0.364205 0.364834 298.800000 -1.723565 0.817842
0.364529 0.364883 298.900000 -1.631843 1.012006
0.364799 0.364923 299.000000 -1.531901 0.981844
0.365026 0.364896 299.100000 -1.444867 0.754476
0.365217 0.364868 299.200000 -1.369476 0.749573
0.365375 0.364838 299.300000 -1.294606 0.744077
0.365502 0.364808 299.400000 -1.220216 0.740019
0.365600 0.364761 299.500000 -1.149602 0.668720
0.365675 0.364699 299.600000 -1.085946 0.601229
0.365726 0.364667 299.700000 -1.019120 0.731934
0.365752 0.364656 299.800000 -0.941553 0.815531
0.365753 0.364654 299.900000 -0.858309 0.845193
0.365728 0.364739 300.000000 -0.760170 1.112681
0.365674 0.364885 300.100000 -0.640791 1.268929
0.365595 0.365094 300.200000 -0.506591 1.408367
0.365494 0.365418 300.300000 -0.353975 1.636320
0.365379 0.365741 300.400000 -0.190017 1.634634
0.365257 0.365912 300.500000 -0.041653 1.325233
0.365138 0.366195 300.600000 0.103039 1.561372
0.365027 0.366474 300.700000 0.259137 1.552784
0.364935 0.366783 300.800000 0.417642 1.609384
0.364867 0.366941 300.900000 0.563404 1.298570
0.364822 0.366993 301.000000 0.679765 1.022833
0.364801 0.367002 301.100000 0.775506 0.887201
0.364801 0.366961 301.200000 0.854940 0.697509
0.364815 0.366849 301.300000 0.902388 0.249069
0.364832 0.366728 301.400000 0.912082 -0.055678
0.364845 0.366615 301.500000 0.898343 -0.218397
0.364851 0.366503 301.600000 0.874938 -0.248532
0.364849 0.366398 301.700000 0.846969 -0.309467
0.364839 0.366288 301.800000 0.817902 -0.270414
0.364821 0.366184 301.900000 0.788504 -0.316064
0.364792 0.366116 302.000000 0.744059 -0.570623
0.364747 0.366078 302.100000 0.679958 -0.708196
0.364689 0.366030 302.200000 0.611144 -0.664641
0.364616 0.366005 302.300000 0.539585 -0.762954
0.364529 0.366045 302.400000 0.451859 -0.987181
0.364430 0.366070 302.500000 0.355285 -0.939466
0.364321 0.366056 302.600000 0.267960 -0.802671
0.364206 0.366098 302.700000 0.177900 -0.994027
0.364087 0.366132 302.800000 0.079592 -0.967228
0.363967 0.366136 302.900000 -0.012602 -0.872034
0.363848 0.366158 303.000000 -0.102866 -0.928724
0.363736 0.366298 303.100000 -0.212464 -1.257766
0.363636 0.366547 303.200000 -0.350602 -1.498093
0.363557 0.366758 303.300000 -0.496819 -1.418933
0.363505 0.366998 303.400000 -0.642165 -1.480714
0.363486 0.367141 303.500000 -0.779811 -1.265325
0.363502 0.367303 303.600000 -0.908928 -1.310556
0.363555 0.367349 303.700000 -1.025029 -1.005670
0.363640 0.367334 303.800000 -1.115652 -0.802258
0.363757 0.367325 303.900000 -1.197286 -0.826328
0.363899 0.367243 304.000000 -1.262996 -0.484594
0.364057 0.367130 304.100000 -1.298243 -0.218582
0.364222 0.367015 304.200000 -1.318030 -0.176170
0.364390 0.366895 304.300000 -1.322740 0.082211
0.364551 0.366783 304.400000 -1.307075 0.230301
0.364703 0.366669 304.500000 -1.286075 0.188658
0.364845 0.366559 304.600000 -1.264158 0.248582
0.364969 0.366512 304.700000 -1.218073 0.670801
0.365062 0.366537 304.800000 -1.137381 0.939017
0.365122 0.366533 304.900000 -1.048083 0.842470
0.365153 0.366554 305.000000 -0.959340 0.927958
0.365154 0.366620 305.100000 -0.859341 1.067017
0.365124 0.366814 305.200000 -0.736478 1.384092
0.365064 0.366937 305.300000 -0.605975 1.219453
0.364984 0.367013 305.400000 -0.489963 1.094985
0.364888 0.367093 305.500000 -0.379629 1.106179
0.364780 0.367243 305.600000 -0.259847 1.283477
0.364663 0.367442 305.700000 -0.125435 1.398045
0.364544 0.367582 305.800000 0.007896 1.261895
0.364428 0.367746 305.900000 0.137222 1.318167
0.364321 0.367927 306.000000 0.271295 1.356586
0.364227 0.367993 306.100000 0.392876 1.068959
0.364148 0.368029 306.200000 0.495551 0.979409
0.364088 0.368098 306.300000 0.598512 1.074662
0.364049 0.368114 306.400000 0.698128 0.912685
0.364030 0.368108 306.500000 0.785807 0.836503
0.364030 0.368023 306.600000 0.851232 0.468715
0.364042 0.367935 306.700000 0.896830 0.440979
0.364070 0.367872 306.800000 0.948486 0.589559
0.364116 0.367796 306.900000 1.004178 0.521491
0.364178 0.367710 307.000000 1.052997 0.452446
0.364253 0.367607 307.100000 1.091616 0.318008
0.364337 0.367489 307.200000 1.113500 0.118585
0.364419 0.367375 307.300000 1.110671 -0.175043
0.364494 0.367261 307.400000 1.092491 -0.187637
0.364559 0.367171 307.500000 1.061665 -0.427346
0.364609 0.367079 307.600000 1.019904 -0.405781
0.364647 0.366981 307.700000 0.981460 -0.361175
0.364673 0.366893 307.800000 0.941158 -0.442857
0.364684 0.366817 307.900000 0.893177 -0.514361
0.364678 0.366776 308.000000 0.832588 -0.694401
0.364655 0.366726 308.100000 0.765289 -0.648197
0.364614 0.366731 308.200000 0.688896 -0.875849
0.364554 0.366729 308.300000 0.602370 -0.850356
0.364478 0.366763 308.400000 0.511174 -0.968988
0.364387 0.366840 308.500000 0.407445 -1.100412
0.364282 0.367005 308.600000 0.285972 -1.322984
0.364168 0.367157 308.700000 0.154783 -1.294222
0.364050 0.367266 308.800000 0.030399 -1.187245
0.363934 0.367422 308.900000 -0.094389 -1.302273
0.363825 0.367638 309.000000 -0.231850 -1.440072
0.363730 0.367874 309.100000 -0.378236 -1.480330
0.363657 0.368090 309.200000 -0.524570 -1.439036
0.363612 0.368295 309.300000 -0.667728 -1.416959
0.363598 0.368436 309.400000 -0.802255 -1.266867
0.363617 0.368496 309.500000 -0.918633 -1.054865
0.363668 0.368541 309.600000 -1.021978 -1.006878
0.363753 0.368552 309.700000 -1.117504 -0.898861
0.363869 0.368541 309.800000 -1.203557 -0.817887
0.364021 0.368565 309.900000 -1.291604 -0.938655
0.364215 0.368616 310.000000 -1.390102 -1.026387
0.364451 0.368597 310.100000 -1.481165 -0.790327
0.364717 0.368507 310.200000 -1.541708 -0.417498
0.364998 0.368397 310.300000 -1.574493 -0.236553
0.365286 0.368278 310.400000 -1.587136 -0.015685
0.365574 0.368160 310.500000 -1.586613 0.026121
0.365854 0.368055 310.600000 -1.571020 0.284963
0.366112 0.367982 310.700000 -1.529833 0.536715
0.366337 0.367989 310.800000 -1.458670 0.882985
0.366514 0.368093 310.900000 -1.355519 1.174872
0.366639 0.368272 311.000000 -1.228407 1.361023
0.366712 0.368472 311.100000 -1.089661 1.406961
0.366736 0.368763 311.200000 -0.939179 1.595147
0.366711 0.369262 311.300000 -0.760873 1.962054
0.366643 0.369846 311.400000 -0.557643 2.092389
0.366545 0.370421 311.500000 -0.348539 2.079231
0.366430 0.371118 311.600000 -0.131335 2.253993
0.366314 0.371833 311.700000 0.095993 2.281199
0.366214 0.372549 311.800000 0.324781 2.283126
0.366146 0.373269 311.900000 0.553934 2.288485
0.366124 0.373868 312.000000 0.774804 2.117856
0.366163 0.374449 312.100000 0.985822 2.091954
0.366270 0.374881 312.200000 1.183715 1.856010
0.366452 0.375295 312.300000 1.368318 1.826839
0.366719 0.375672 312.400000 1.548221 1.762223
0.367068 0.375886 312.500000 1.709011 1.445535
0.367498 0.376058 312.600000 1.849237 1.351974
0.368000 0.376110 312.700000 1.969014 1.037582
0.368561 0.376087 312.800000 2.060162 0.780820
0.369166 0.376018 312.900000 2.127662 0.565787
0.369810 0.375950 313.000000 2.184657 0.571265
0.370491 0.375866 313.100000 2.236951 0.472016
0.371203 0.375770 313.200000 2.280327 0.393321
0.371930 0.375651 313.300000 2.301759 0.034263
0.372657 0.375531 313.400000 2.302944 -0.010641
0.373383 0.375411 313.500000 2.301954 -0.009105
0.374108 0.375291 313.600000 2.301259 -0.004757
0.374819 0.375193 313.700000 2.282887 -0.361756
0.375497 0.375119 313.800000 2.237883 -0.536083
0.376131 0.375084 313.900000 2.174566 -0.727092
0.376708 0.375101 314.000000 2.091696 -0.926169
0.377214 0.375222 314.100000 1.983636 -1.229610
0.377631 0.375545 314.200000 1.838437 -1.667117
0.377951 0.375963 314.300000 1.662744 -1.837967
0.378174 0.376504 314.400000 1.468402 -2.039143
0.378311 0.376940 314.500000 1.272509 -1.868928
0.378374 0.377495 314.600000 1.075508 -2.061251
0.378372 0.378148 314.700000 0.861608 -2.206043
0.378316 0.378863 314.800000 0.636045 -2.293936
0.378222 0.379552 314.900000 0.407932 -2.256921
0.378107 0.380425 315.000000 0.169358 -2.502639
0.377988 0.381494 315.100000 -0.093364 -2.738669
0.377891 0.382668 315.200000 -0.373900 -2.858026
0.377843 0.384077 315.300000 -0.672887 -3.106750
0.377874 0.385322 315.400000 -0.975792 -2.936215
0.378007 0.386461 315.500000 -1.264397 -2.821457
0.378260 0.387358 315.600000 -1.533010 -2.537366
0.378647 0.388293 315.700000 -1.789763 -2.584860
0.379186 0.389098 315.800000 -2.040651 -2.420358
0.379884 0.389754 315.900000 -2.273226 -2.219511
0.380741 0.390275 316.000000 -2.485632 -2.017989
0.381748 0.390586 316.100000 -2.669895 -1.658046
0.382884 0.390738 316.200000 -2.819188 -1.320362
0.384121 0.390748 316.300000 -2.931420 -0.918667
0.385435 0.390711 316.400000 -3.014466 -0.738097
0.386813 0.390644 316.500000 -3.081462 -0.598460
0.388244 0.390560 316.600000 -3.136460 -0.498752
0.389698 0.390436 316.700000 -3.160801 0.013151
0.391139 0.390322 316.800000 -3.148070 0.240829
0.392535 0.390263 316.900000 -3.104129 0.635798
0.393855 0.390272 317.000000 -3.026457 0.913744
0.395076 0.390372 317.100000 -2.920994 1.190252
0.396172 0.390640 317.200000 -2.782354 1.575603
0.397118 0.391096 317.300000 -2.607308 1.916573
0.397905 0.391654 317.400000 -2.406973 2.080106
0.398540 0.392228 317.500000 -2.197207 2.104728
0.399027 0.392979 317.600000 -1.973553 2.357174
0.399367 0.393999 317.700000 -1.720236 2.696497
0.399573 0.395000 317.800000 -1.451049 2.673783
0.399669 0.395937 317.900000 -1.186793 2.598132
0.399675 0.397055 318.000000 -0.915619 2.811792
0.399613 0.398081 318.100000 -0.639028 2.706195
0.399510 0.399026 318.200000 -0.372572 2.609591
0.399386 0.400046 318.300000 -0.106355 2.701442
0.399265 0.401124 318.400000 0.167826 2.768464
0.399170 0.402110 318.500000 0.440006 2.661538
0.399121 0.402926 318.600000 0.696255 2.450630
0.399133 0.403671 318.700000 0.937240 2.357019
0.399223 0.404380 318.800000 1.171100 2.308490
0.399397 0.404817 318.900000 1.381867 1.896308
0.399655 0.405144 319.000000 1.562234 1.702014
0.400002 0.405507 319.100000 1.736248 1.769570
0.400442 0.405737 319.200000 1.900648 1.510206
0.400967 0.405855 319.300000 2.039006 1.250045
0.401567 0.405888 319.400000 2.152281 1.009775
0.402230 0.405875 319.500000 2.245692 0.853775
0.402950 0.405834 319.600000 2.325770 0.743793
0.403714 0.405738 319.700000 2.385124 0.440323
0.404494 0.405611 319.800000 2.407771 0.011469
0.405262 0.405499 319.900000 2.392637 -0.313390
0.405996 0.405424 320.000000 2.348149 -0.574136
0.406680 0.405405 320.100000 2.277701 -0.831298
0.407299 0.405431 320.200000 2.186601 -0.986165
0.407853 0.405448 320.300000 2.089037 -0.960226
0.408341 0.405507 320.400000 1.986308 -1.089220
0.408757 0.405652 320.500000 1.865586 -1.319189
0.409097 0.405801 320.600000 1.732803 -1.329831
0.409366 0.405998 320.700000 1.593946 -1.440357
0.409562 0.406263 320.800000 1.442219 -1.586605
0.409696 0.406428 320.900000 1.294181 -1.366748
0.409775 0.406630 321.000000 1.152822 -1.453368
0.409803 0.406891 321.100000 1.000909 -1.577296
0.409787 0.407148 321.200000 0.843120 -1.570587
0.409731 0.407445 321.300000 0.681628 -1.651181
0.409645 0.407779 321.400000 0.512627 -1.720403
0.409535 0.408114 321.500000 0.339978 -1.723929
0.409412 0.408583 321.600000 0.155428 -1.957841
0.409285 0.409040 321.700000 -0.039862 -1.938212
0.409166 0.409515 321.800000 -0.235723 -1.969205
0.409069 0.410021 321.900000 -0.435626 -2.018862
0.409003 0.410389 322.000000 -0.626392 -1.786915
0.408976 0.410760 322.100000 -0.805741 -1.791091
0.409001 0.411167 322.200000 -0.988612 -1.857191
0.409089 0.411580 322.300000 -1.175248 -1.866191
0.409248 0.411968 322.400000 -1.360169 -1.822985
0.409486 0.412257 322.500000 -1.533824 -1.641440
0.409801 0.412447 322.600000 -1.687868 -1.431738
0.410190 0.412593 322.700000 -1.826192 -1.327831
0.410648 0.412621 322.800000 -1.943104 -1.004555
0.411157 0.412564 322.900000 -2.027287 -0.674894
0.411703 0.412475 323.000000 -2.086237 -0.501169
0.412270 0.412351 323.100000 -2.118637 -0.145215
0.412842 0.412223 323.200000 -2.125597 0.006363
0.413408 0.412098 323.300000 -2.119426 0.116760
0.413965 0.411976 323.400000 -2.103932 0.192351
0.414499 0.411886 323.500000 -2.069760 0.489381
0.415000 0.411803 323.600000 -2.018366 0.535912
0.415462 0.411760 323.700000 -1.954384 0.740543
0.415869 0.411812 323.800000 -1.863282 1.076932
0.416213 0.411904 323.900000 -1.749568 1.191676
0.416490 0.412078 324.000000 -1.619809 1.397001
0.416696 0.412320 324.100000 -1.472246 1.546893
0.416830 0.412679 324.200000 -1.305703 1.775633
0.416900 0.412969 324.300000 -1.134261 1.644628
0.416915 0.413310 324.400000 -0.964429 1.743532
0.416880 0.413749 324.500000 -0.780924 1.917396
0.416803 0.414344 324.600000 -0.576255 2.165754
0.416695 0.414875 324.700000 -0.363986 2.069009
0.416570 0.415426 324.800000 -0.155005 2.100150
0.416443 0.415923 324.900000 0.051279 2.015215
0.416324 0.416365 325.000000 0.248737 1.924089
0.416227 0.416864 325.100000 0.446453 2.020332
0.416162 0.417270 325.200000 0.641105 1.862982
0.416138 0.417634 325.300000 0.824226 1.790279
0.416162 0.417901 325.400000 0.994355 1.603794
0.416236 0.418083 325.500000 1.146023 1.421981
0.416354 0.418099 325.600000 1.265910 0.969761
0.416507 0.418052 325.700000 1.350930 0.726393
0.416682 0.417944 325.800000 1.405735 0.366966
0.416866 0.417816 325.900000 1.425550 0.028346
0.417048 0.417689 326.000000 1.421688 -0.105403
0.417225 0.417563 326.100000 1.410575 -0.116291
0.417390 0.417467 326.200000 1.381852 -0.456737
0.417533 0.417388 326.300000 1.330710 -0.563543
0.417651 0.417338 326.400000 1.266865 -0.710160
0.417740 0.417315 326.500000 1.189723 -0.828827
0.417802 0.417255 326.600000 1.114815 -0.665587
0.417840 0.417226 326.700000 1.041219 -0.802659
0.417856 0.417168 326.800000 0.967198 -0.674063
0.417849 0.417155 326.900000 0.890043 -0.865162
0.417820 0.417146 327.000000 0.802512 -0.881086
0.417769 0.417156 327.100000 0.710847 -0.947631
0.417700 0.417154 327.200000 0.617777 -0.909116
0.417616 0.417114 327.300000 0.534323 -0.755784
0.417522 0.417041 327.400000 0.466451 -0.598281
0.417419 0.416965 327.500000 0.407395 -0.579869
0.417310 0.416916 327.600000 0.342589 -0.713028
0.417193 0.416902 327.700000 0.263651 -0.861781
0.417071 0.416900 327.800000 0.174973 -0.907337
0.416945 0.416911 327.900000 0.081781 -0.951850
0.416817 0.416857 328.000000 -0.000675 -0.693137
0.416691 0.416814 328.100000 -0.072558 -0.740943
0.416567 0.416743 328.200000 -0.140027 -0.605066
0.416447 0.416681 328.300000 -0.203048 -0.652191
0.416332 0.416680 328.400000 -0.281371 -0.910352
0.416226 0.416658 328.500000 -0.368622 -0.830299
0.416130 0.416615 328.600000 -0.447513 -0.743586
0.416045 0.416586 328.700000 -0.524870 -0.799695
0.415975 0.416566 328.800000 -0.606909 -0.836969
0.415918 0.416489 328.900000 -0.677415 -0.569639
0.415874 0.416416 329.000000 -0.735911 -0.597351
0.415843 0.416336 329.100000 -0.793599 -0.553531
0.415824 0.416228 329.200000 -0.838684 -0.345913
0.415813 0.416121 329.300000 -0.874105 -0.360738
0.415816 0.416039 329.400000 -0.919244 -0.539775
0.415833 0.415952 329.500000 -0.971723 -0.507181
0.415861 0.415835 329.600000 -1.009515 -0.246767
0.415895 0.415710 329.700000 -1.026444 -0.090968
0.415931 0.415585 329.800000 -1.034623 -0.072212
0.415971 0.415464 329.900000 -1.046816 -0.171033
0.416014 0.415338 330.000000 -1.056152 -0.015224
0.416054 0.415216 330.100000 -1.048303 0.171810
0.416086 0.415115 330.200000 -1.019536 0.402099
0.416102 0.415044 330.300000 -0.969332 0.599476
0.416104 0.414945 330.400000 -0.918403 0.416544
0.416093 0.414860 330.500000 -0.871548 0.518226
0.416067 0.414801 330.600000 -0.812362 0.662534
0.416024 0.414752 330.700000 -0.743458 0.712098
0.415966 0.414718 330.800000 -0.668796 0.777394
0.415893 0.414699 330.900000 -0.587783 0.838833
0.415806 0.414669 331.000000 -0.505848 0.795767
0.415707 0.414645 331.100000 -0.425036 0.816423
0.415599 0.414634 331.200000 -0.340412 0.871833
0.415483 0.414656 331.300000 -0.247260 0.986545
0.415361 0.414713 331.400000 -0.142707 1.099279
0.415236 0.414765 331.500000 -0.033269 1.084017
0.415112 0.414874 331.600000 0.083468 1.244894
0.414993 0.414929 331.700000 0.200724 1.094356
0.414882 0.414984 331.800000 0.310306 1.091807
0.414784 0.415035 331.900000 0.419318 1.082985
0.414700 0.415049 332.000000 0.521750 0.960529
0.414632 0.415056 332.100000 0.616803 0.935779
0.414582 0.415022 332.200000 0.702590 0.775670
0.414547 0.414951 332.300000 0.771546 0.600000
0.414529 0.414928 332.400000 0.842802 0.821566
0.414532 0.414896 332.500000 0.923462 0.787597
0.414557 0.414845 332.600000 0.998029 0.700016
0.414601 0.414760 332.700000 1.058826 0.512890
0.414661 0.414669 332.800000 1.108081 0.469747
0.414735 0.414562 332.900000 1.148978 0.346137
0.414819 0.414447 333.000000 1.178543 0.243688
0.414908 0.414323 333.100000 1.193742 0.059542
0.415001 0.414201 333.200000 1.203355 0.132230
0.415096 0.414077 333.300000 1.209195 -0.015712
0.415192 0.413955 333.400000 1.214280 0.117159
0.415289 0.413833 333.500000 1.214211 -0.118547
0.415385 0.413710 333.600000 1.212568 0.085778
0.415481 0.413587 333.700000 1.213001 -0.077144
0.415572 0.413467 333.800000 1.200716 -0.167948
0.415657 0.413349 333.900000 1.182872 -0.188031
0.415733 0.413239 334.000000 1.158249 -0.303197
0.415794 0.413178 334.100000 1.110640 -0.646607
0.415829 0.413169 334.200000 1.034271 -0.876964
0.415835 0.413236 334.300000 0.933804 -1.127340
0.415808 0.413412 334.400000 0.806334 -1.415683
0.415750 0.413582 334.500000 0.665069 -1.402557
0.415666 0.413794 334.600000 0.519638 -1.498791
0.415563 0.413966 334.700000 0.374022 -1.406255
0.415447 0.414117 334.800000 0.235559 -1.356086
0.415325 0.414241 334.900000 0.102998 -1.288511
0.415201 0.414342 335.000000 -0.023079 -1.226718
0.415080 0.414451 335.100000 -0.147213 -1.249758
0.414967 0.414536 335.200000 -0.269150 -1.182879
0.414866 0.414620 335.300000 -0.387512 -1.178451
0.414781 0.414722 335.400000 -0.508346 -1.232172
0.414715 0.414757 335.500000 -0.621767 -1.030578
0.414666 0.414717 335.600000 -0.710868 -0.746990
0.414633 0.414640 335.700000 -0.776481 -0.561984
0.414611 0.414546 335.800000 -0.826778 -0.441455
0.414598 0.414434 335.900000 -0.863239 -0.285939
0.414593 0.414322 336.000000 -0.891336 -0.274591
0.414597 0.414223 336.100000 -0.925149 -0.399969
0.414611 0.414112 336.200000 -0.959691 -0.289144
0.414630 0.413991 336.300000 -0.979601 -0.108060
0.414656 0.413882 336.400000 -1.000644 -0.311756
0.414690 0.413769 336.500000 -1.028932 -0.252582
0.414733 0.413659 336.600000 -1.056579 -0.298978
0.414787 0.413570 336.700000 -1.095330 -0.474110
0.414862 0.413516 336.800000 -1.153350 -0.683399
0.414961 0.413473 336.900000 -1.224261 -0.731269
0.415088 0.413437 337.000000 -1.299152 -0.762798
0.415240 0.413348 337.100000 -1.361274 -0.476541
0.415409 0.413245 337.200000 -1.403465 -0.365167
0.415590 0.413131 337.300000 -1.433530 -0.234628
0.415780 0.413012 337.400000 -1.453874 -0.171249
0.415974 0.412890 337.500000 -1.463731 -0.025382
0.416166 0.412770 337.600000 -1.458473 0.130264
0.416346 0.412674 337.700000 -1.431224 0.413353
0.416504 0.412616 337.800000 -1.377425 0.659937
0.416632 0.412588 337.900000 -1.304281 0.799293
0.416729 0.412586 338.000000 -1.219066 0.900746
0.416793 0.412605 338.100000 -1.125090 0.974080
0.416827 0.412601 338.200000 -1.031424 0.894560
0.416833 0.412620 338.300000 -0.937551 0.978200
0.416813 0.412669 338.400000 -0.834686 1.073955
0.416767 0.412743 338.500000 -0.723126 1.151659
0.416700 0.412782 338.600000 -0.613014 1.045085
0.416613 0.412891 338.700000 -0.497979 1.249863
0.416511 0.412961 338.800000 -0.378132 1.141077
0.416400 0.412969 338.900000 -0.273982 0.936716
0.416281 0.412999 339.000000 -0.176191 1.014228
0.416159 0.413099 339.100000 -0.063809 1.227776
0.416037 0.413143 339.200000 0.050932 1.061322
0.415918 0.413159 339.300000 0.152631 0.967564
0.415805 0.413180 339.400000 0.250322 0.981376
0.415700 0.413192 339.500000 0.347365 0.954623
0.415607 0.413246 339.600000 0.449950 1.091967
0.415531 0.413282 339.700000 0.556498 1.033648
0.415470 0.413249 339.800000 0.647236 0.776593
0.415423 0.413184 339.900000 0.717261 0.620392
0.415386 0.413071 340.000000 0.760571 0.243649
0.415351 0.412950 340.100000 0.770127 -0.053013
0.415314 0.412833 340.200000 0.758868 -0.171596
0.415272 0.412719 340.300000 0.738953 -0.225723
0.415225 0.412613 340.400000 0.711832 -0.315326
0.415169 0.412521 340.500000 0.673523 -0.448943
0.415106 0.412423 340.600000 0.631316 -0.393081
0.415037 0.412306 340.700000 0.602986 -0.172114
0.414966 0.412188 340.800000 0.586973 -0.147339
0.414891 0.412089 340.900000 0.560153 -0.387730
0.414809 0.411984 341.000000 0.524499 -0.323563
0.414724 0.411868 341.100000 0.498828 -0.188573
0.414634 0.411787 341.200000 0.463242 -0.521371
0.414536 0.411736 341.300000 0.402614 -0.688147
0.414430 0.411739 341.400000 0.322180 -0.916522
0.414316 0.411790 341.500000 0.221966 -1.082734
0.414197 0.411881 341.600000 0.107366 -1.203541
0.414075 0.411977 341.700000 -0.013911 -1.215933
0.413957 0.412050 341.800000 -0.132547 -1.150849
0.413845 0.412182 341.900000 -0.256141 -1.314860
0.413745 0.412250 342.000000 -0.378936 -1.134894
0.413659 0.412290 342.100000 -0.488272 -1.046366
0.413590 0.412337 342.200000 -0.594387 -1.070629
0.413539 0.412333 342.300000 -0.692896 -0.894613
0.413508 0.412325 342.400000 -0.781792 -0.878870
0.413497 0.412301 342.500000 -0.866520 -0.811449
0.413502 0.412208 342.600000 -0.928725 -0.429545
0.413518 0.412108 342.700000 -0.969198 -0.377901
0.413545 0.412002 342.800000 -1.003668 -0.309772
0.413577 0.411884 342.900000 -1.024951 -0.114818
0.413613 0.411765 343.000000 -1.035389 -0.093426
0.413654 0.411657 343.100000 -1.054484 -0.287508
0.413704 0.411545 343.200000 -1.079991 -0.221368
0.413757 0.411425 343.300000 -1.092387 -0.025918
0.413807 0.411313 343.400000 -1.081696 0.239186
0.413847 0.411217 343.500000 -1.049480 0.403524
0.413877 0.411106 343.600000 -1.016916 0.246141
0.413896 0.411026 343.700000 -0.978565 0.518953
0.413899 0.410958 343.800000 -0.922774 0.594082
0.413885 0.410925 343.900000 -0.854382 0.770341
0.413853 0.410876 344.000000 -0.780881 0.695997
0.413803 0.410920 344.100000 -0.692853 1.060174
0.413732 0.410975 344.200000 -0.584774 1.095988
0.413644 0.411047 344.300000 -0.472167 1.150525
0.413542 0.411169 344.400000 -0.349897 1.288774
0.413430 0.411248 344.500000 -0.226727 1.168451
0.413311 0.411473 344.600000 -0.090916 1.540978
0.413192 0.411740 344.700000 0.068149 1.632385
0.413080 0.412010 344.800000 0.232109 1.638607
0.412982 0.412220 344.900000 0.389829 1.507901
0.412903 0.412346 345.000000 0.530587 1.300221
0.412846 0.412450 345.100000 0.658043 1.242536
0.412818 0.412631 345.200000 0.792506 1.439995
0.412822 0.412720 345.300000 0.924839 1.200048
0.412860 0.412793 345.400000 1.042798 1.153229
0.412930 0.412789 345.500000 1.145403 0.893749
0.413033 0.412814 345.600000 1.240247 0.998395
0.413176 0.412878 345.700000 1.346875 1.128828
0.413362 0.412904 345.800000 1.453628 1.000896
0.413593 0.412949 345.900000 1.557264 1.066640
0.413871 0.412965 346.000000 1.659256 0.968110
0.414189 0.412905 346.100000 1.739981 0.642352
0.414530 0.412799 346.200000 1.787372 0.303092
0.414881 0.412681 346.300000 1.805126 0.051104
0.415226 0.412572 346.400000 1.794122 -0.270635
0.415555 0.412469 346.500000 1.763997 -0.330357
0.415857 0.412427 346.600000 1.710835 -0.730233
0.416124 0.412387 346.700000 1.636986 -0.743041
0.416355 0.412357 346.800000 1.560356 -0.785730
0.416549 0.412352 346.900000 1.476419 -0.888818
0.416698 0.412466 347.000000 1.368159 -1.270963
0.416800 0.412588 347.100000 1.239705 -1.291711
0.416858 0.412696 347.200000 1.112022 -1.255561
0.416878 0.412788 347.300000 0.988460 -1.209508
0.416868 0.412836 347.400000 0.873865 -1.076659
0.416828 0.413035 347.500000 0.745349 -1.487221
0.416757 0.413374 347.600000 0.581374 -1.784091
0.416660 0.413800 347.700000 0.394340 -1.947241
0.416545 0.414285 347.800000 0.193979 -2.049962
0.416425 0.414829 347.900000 -0.016402 -2.147140
0.416314 0.415476 348.000000 -0.239803 -2.309700
0.416225 0.416000 348.100000 -0.461702 -2.117182
0.416169 0.416435 348.200000 -0.666300 -1.964550
0.416159 0.416964 348.300000 -0.871317 -2.125535
0.416206 0.417425 348.400000 -1.078761 -2.012988
0.416318 0.417765 348.500000 -1.269395 -1.790157
0.416497 0.418039 348.600000 -1.442124 -1.655781
0.416734 0.418070 348.700000 -1.576679 -1.028598
0.417019 0.418104 348.800000 -1.680127 -1.035181
0.417356 0.418141 348.900000 -1.784493 -1.046921
0.417737 0.418082 349.000000 -1.869540 -0.649766
0.418147 0.417989 349.100000 -1.923848 -0.433680
0.418572 0.417871 349.200000 -1.951058 -0.109161
0.418995 0.417758 349.300000 -1.946297 0.204152
0.419403 0.417651 349.400000 -1.921004 0.300431
0.419793 0.417548 349.500000 -1.889002 0.338023
0.420159 0.417475 349.600000 -1.843472 0.570298
0.420494 0.417410 349.700000 -1.784041 0.615355
0.420792 0.417386 349.800000 -1.712183 0.818210
0.421050 0.417386 349.900000 -1.625444 0.912227
0.421264 0.417408 350.000000 -1.529784 0.996189
0.421429 0.417534 350.100000 -1.414210 1.309512
0.421545 0.417628 350.200000 -1.287235 1.223636
0.421616 0.417780 350.300000 -1.156913 1.376296
0.421641 0.418000 350.400000 -1.010554 1.543552
0.421625 0.418227 350.500000 -0.855088 1.558004
0.421578 0.418316 350.600000 -0.716423 1.208351
0.421509 0.418377 350.700000 -0.599443 1.125407
0.421421 0.418553 350.800000 -0.470959 1.437853
0.421317 0.418652 350.900000 -0.336863 1.237358
0.421203 0.418742 351.000000 -0.214016 1.213446
0.421085 0.418819 351.100000 -0.094347 1.173948
0.420965 0.418899 351.200000 0.023737 1.181825
0.420848 0.419001 351.300000 0.145513 1.247615
0.420738 0.419048 351.400000 0.262189 1.080058
0.420638 0.419109 351.500000 0.372756 1.125756
0.420550 0.419091 351.600000 0.471503 0.844249
0.420475 0.419071 351.700000 0.555706 0.835590
0.420413 0.419046 351.800000 0.638428 0.814732
0.420365 0.418972 351.900000 0.707507 0.563384
0.420326 0.418871 352.000000 0.753740 0.358969
0.420295 0.418768 352.100000 0.788429 0.333079
0.420272 0.418674 352.200000 0.826125 0.418952
0.420260 0.418578 352.300000 0.867198 0.400454
0.420256 0.418469 352.400000 0.900139 0.256726
0.420258 0.418360 352.500000 0.926001 0.259208
0.420267 0.418247 352.600000 0.949403 0.207667
0.420281 0.418135 352.700000 0.970348 0.210185
0.420301 0.418021 352.800000 0.990336 0.188587
0.420325 0.417904 352.900000 1.004186 0.087712
0.420347 0.417789 353.000000 1.000652 -0.158223
0.420364 0.417681 353.100000 0.979133 -0.271069
0.420370 0.417605 353.200000 0.938260 -0.544354
0.420357 0.417598 353.300000 0.866500 -0.887266
0.420323 0.417593 353.400000 0.777329 -0.891681
0.420271 0.417605 353.500000 0.684460 -0.961065
0.420200 0.417653 353.600000 0.581977 -1.083469
0.420112 0.417739 353.700000 0.467388 -1.202579
0.420011 0.417781 353.800000 0.353895 -1.061615
0.419900 0.417885 353.900000 0.237850 -1.253473
0.419783 0.418018 354.000000 0.108185 -1.333341
0.419665 0.418157 354.100000 -0.026283 -1.349304
0.419550 0.418209 354.200000 -0.148955 -1.098004
0.419440 0.418185 354.300000 -0.244896 -0.816015
0.419336 0.418164 354.400000 -0.327357 -0.829089
0.419241 0.418120 354.500000 -0.405310 -0.726061
0.419156 0.418086 354.600000 -0.480266 -0.769319
0.419081 0.418031 354.700000 -0.552407 -0.669885
0.419015 0.417952 354.800000 -0.612242 -0.523826
0.418960 0.417883 354.900000 -0.667962 -0.587785
0.418917 0.417816 355.000000 -0.727460 -0.599208
0.418883 0.417716 355.100000 -0.775654 -0.362253
0.418859 0.417621 355.200000 -0.813886 -0.400485
0.418843 0.417524 355.300000 -0.852963 -0.379094
0.418836 0.417418 355.400000 -0.885923 -0.278455
0.418836 0.417313 355.500000 -0.914808 -0.297796
0.418843 0.417206 355.600000 -0.943264 -0.269901
0.418856 0.417091 355.700000 -0.963769 -0.139176
0.418869 0.416975 355.800000 -0.966898 0.076747
0.418880 0.416861 355.900000 -0.955055 0.159513
0.418886 0.416747 356.000000 -0.939435 0.152107
0.418885 0.416656 356.100000 -0.910571 0.423735
0.418874 0.416554 356.200000 -0.872607 0.333656
0.418857 0.416444 356.300000 -0.845240 0.212307
0.418833 0.416346 356.400000 -0.816227 0.366504
0.418800 0.416259 356.500000 -0.774457 0.466810
0.418758 0.416156 356.600000 -0.735516 0.310058
0.418710 0.416055 356.700000 -0.703238 0.333899
0.418657 0.415942 356.800000 -0.679159 0.146476
0.418599 0.415851 356.900000 -0.650156 0.432134
0.418534 0.415758 357.000000 -0.608245 0.403982
0.418462 0.415666 357.100000 -0.567171 0.415436
0.418381 0.415609 357.200000 -0.513667 0.651977
0.418293 0.415535 357.300000 -0.453325 0.551840
0.418198 0.415455 357.400000 -0.400137 0.509268
0.418098 0.415390 357.500000 -0.344355 0.603572
0.417992 0.415353 357.600000 -0.276367 0.752799
0.417881 0.415311 357.700000 -0.202220 0.726419
0.417766 0.415270 357.800000 -0.128833 0.737656
0.417650 0.415185 357.900000 -0.068492 0.466159
0.417534 0.415087 358.000000 -0.027154 0.358520
0.417417 0.414972 358.100000 -0.005135 0.080771
0.417301 0.414856 358.200000 -0.002118 -0.020581
0.417184 0.414742 358.300000 0.002289 0.108497
0.417068 0.414629 358.400000 0.014805 0.141193
0.416952 0.414514 358.500000 0.026138 0.084898
0.416836 0.414399 358.600000 0.031295 0.017997
0.416720 0.414284 358.700000 0.030666 -0.030556
0.416604 0.414169 358.800000 0.031891 0.054992
0.416488 0.414054 358.900000 0.037076 0.048450
0.416372 0.413939 359.000000 0.037292 -0.044142
0.416256 0.413825 359.100000 0.029369 -0.113910
0.416140 0.413711 359.200000 0.027878 0.084162
0.416025 0.413598 359.300000 0.038001 0.117780
0.415910 0.413498 359.400000 0.060579 0.332662
0.415795 0.413400 359.500000 0.094768 0.349404
0.415682 0.413295 359.600000 0.125374 0.261191
0.415570 0.413204 359.700000 0.159394 0.417498
0.415460 0.413100 359.800000 0.194445 0.281785
0.415351 0.412995 359.900000 0.221430 0.256565
0.415244 0.412897 360.000000 0.251688 0.347076
0.415140 0.412786 360.100000 0.277907 0.175989
0.415037 0.412678 360.200000 0.297562 0.216125
0.414935 0.412564 360.300000 0.305548 -0.056796
0.414832 0.412450 360.400000 0.299848 -0.056914
0.414729 0.412337 360.500000 0.293275 -0.074219
0.414625 0.412224 360.600000 0.283975 -0.111328
0.414521 0.412110 360.700000 0.278066 -0.006559
0.414417 0.411996 360.800000 0.275597 -0.042682
0.414312 0.411882 360.900000 0.276827 0.067203
0.414209 0.411771 361.000000 0.287844 0.152596
0.414108 0.411663 361.100000 0.305750 0.204623
0.414007 0.411553 361.200000 0.324554 0.170519
0.413908 0.411440 361.300000 0.334824 0.034365
0.413809 0.411328 361.400000 0.330584 -0.118952
0.413709 0.411216 361.500000 0.318979 -0.112566
0.413607 0.411109 361.600000 0.302391 -0.218360
0.413503 0.411004 361.700000 0.278744 -0.253404
0.413397 0.410919 361.800000 0.243240 -0.454887
0.413288 0.410844 361.900000 0.193918 -0.529091
0.413177 0.410745 362.000000 0.151249 -0.322166
0.413065 0.410643 362.100000 0.120352 -0.294228
0.412952 0.410548 362.200000 0.087397 -0.363211
0.412839 0.410466 362.300000 0.045374 -0.475164
0.412725 0.410404 362.400000 -0.008821 -0.606029
0.412611 0.410304 362.500000 -0.054887 -0.312981
0.412498 0.410194 362.600000 -0.078017 -0.148460
0.412386 0.410081 362.700000 -0.087371 -0.038147
0.412273 0.409973 362.800000 -0.099249 -0.198832
0.412162 0.409872 362.900000 -0.123460 -0.284170
0.412051 0.409759 363.000000 -0.138986 -0.025565
0.411940 0.409650 363.100000 -0.131900 0.166917
0.411828 0.409558 363.200000 -0.103754 0.394609
0.411715 0.409501 363.300000 -0.052253 0.632831
0.411602 0.409449 363.400000 0.012784 0.664649
0.411490 0.409409 363.500000 0.082508 0.726351
0.411380 0.409349 363.600000 0.150056 0.621224
0.411273 0.409317 363.700000 0.219444 0.763081
0.411173 0.409308 363.800000 0.301103 0.866016
0.411080 0.409266 363.900000 0.380513 0.718195
0.410993 0.409186 364.000000 0.440894 0.486408
0.410912 0.409089 364.100000 0.481886 0.331398
0.410836 0.408992 364.200000 0.515628 0.341753
0.410761 0.408884 364.300000 0.524837 -0.158031
0.410684 0.408774 364.400000 0.509513 -0.147688
0.410603 0.408687 364.500000 0.480755 -0.426044
0.410516 0.408619 364.600000 0.431129 -0.563997
0.410424 0.408525 364.700000 0.384779 -0.360673
0.410328 0.408436 364.800000 0.345976 -0.413459
0.410228 0.408345 364.900000 0.305835 -0.387339
0.410126 0.408245 365.000000 0.271552 -0.296622
0.410022 0.408140 365.100000 0.245659 -0.219928
0.409916 0.408042 365.200000 0.218611 -0.319677
0.409808 0.407981 365.300000 0.172181 -0.606606
0.409698 0.407915 365.400000 0.112630 -0.581445
0.409586 0.407842 365.500000 0.057045 -0.527479
0.409474 0.407763 365.600000 0.006154 -0.487787
0.409362 0.407659 365.700000 -0.030469 -0.242837
0.409251 0.407556 365.800000 -0.055142 -0.249390
0.409140 0.407462 365.900000 -0.085170 -0.349674
0.409030 0.407357 366.000000 -0.113992 -0.225338
0.408921 0.407252 366.100000 -0.135763 -0.208980
0.408813 0.407167 366.200000 -0.168283 -0.439801
0.408707 0.407072 366.300000 -0.207403 -0.340634
0.408604 0.406994 366.400000 -0.248928 -0.487803
0.408504 0.406905 366.500000 -0.293725 -0.405897
0.408408 0.406812 366.600000 -0.332232 -0.362315
0.408315 0.406720 366.700000 -0.368918 -0.369576
0.408227 0.406639 366.800000 -0.410962 -0.469195
0.408144 0.406543 366.900000 -0.451244 -0.334432
0.408064 0.406439 367.000000 -0.479127 -0.221831
0.407986 0.406331 367.100000 -0.497617 -0.147040
0.407911 0.406226 367.200000 -0.514411 -0.188003
0.407840 0.406129 367.300000 -0.539793 -0.318368
0.407773 0.406032 367.400000 -0.571852 -0.321222
0.407713 0.405950 367.500000 -0.610696 -0.453702
0.407661 0.405865 367.600000 -0.655287 -0.435900
0.407614 0.405763 367.700000 -0.689247 -0.241595
0.407572 0.405655 367.800000 -0.707976 -0.132059
0.407534 0.405563 367.900000 -0.733108 -0.369325
0.407503 0.405466 368.000000 -0.766908 -0.304968
0.407478 0.405361 368.100000 -0.791976 -0.195136
0.407456 0.405254 368.200000 -0.809931 -0.163086
0.407437 0.405146 368.300000 -0.822819 -0.094018
0.407419 0.405036 368.400000 -0.823980 0.070850
0.407399 0.404927 368.500000 -0.817996 0.048527
0.407375 0.404836 368.600000 -0.796518 0.379960
0.407340 0.404772 368.700000 -0.748482 0.578371
0.407295 0.404705 368.800000 -0.691368 0.561045
0.407238 0.404644 368.900000 -0.633110 0.601204
0.407172 0.404589 369.000000 -0.571160 0.634695
0.407096 0.404560 369.100000 -0.500721 0.770572
0.407009 0.404554 369.200000 -0.418372 0.872277
0.406914 0.404582 369.300000 -0.324012 1.010207
0.406810 0.404599 369.400000 -0.224849 0.968108
0.406702 0.404622 369.500000 -0.126833 0.987313
0.406592 0.404639 369.600000 -0.028789 0.968646
0.406483 0.404609 369.700000 0.058048 0.763761
0.406376 0.404600 369.800000 0.139497 0.861155
0.406273 0.404591 369.900000 0.225973 0.864029
0.406177 0.404605 370.000000 0.317218 0.956314
0.406089 0.404597 370.100000 0.408411 0.862986
0.406012 0.404549 370.200000 0.485485 0.674640
0.405942 0.404471 370.300000 0.543296 0.478688
0.405879 0.404388 370.400000 0.589382 0.440732
0.405824 0.404306 370.500000 0.634167 0.452721
0.405779 0.404260 370.600000 0.691189 0.684878
0.405744 0.404167 370.700000 0.742568 0.340123
0.405715 0.404072 370.800000 0.775610 0.319061
0.405693 0.403970 370.900000 0.803416 0.235674
0.405673 0.403862 371.000000 0.812437 -0.055700
0.405650 0.403758 371.100000 0.800249 -0.187446
0.405621 0.403667 371.200000 0.772310 -0.369953
0.405585 0.403571 371.300000 0.738749 -0.299571
0.405541 0.403500 371.400000 0.697331 -0.526736
0.405487 0.403450 371.500000 0.637627 -0.664354
0.405422 0.403401 371.600000 0.571114 -0.662574
0.405345 0.403404 371.700000 0.492138 -0.913006
0.405256 0.403492 371.800000 0.385831 -1.207816
0.405156 0.403596 371.900000 0.262228 -1.258067
0.405050 0.403659 372.000000 0.142692 -1.126666
0.404942 0.403747 372.100000 0.025584 -1.209643
0.404834 0.403878 372.200000 -0.102011 -1.335883
0.404733 0.404019 372.300000 -0.237311 -1.363341
0.404644 0.404199 372.400000 -0.379116 -1.465675
0.404571 0.404301 372.500000 -0.515437 -1.253928
0.404515 0.404331 372.600000 -0.629174 -1.015131
0.404478 0.404349 372.700000 -0.728742 -0.971239
0.404457 0.404296 372.800000 -0.809705 -0.643975
0.404450 0.404223 372.900000 -0.867429 -0.507628
0.404452 0.404129 373.000000 -0.909268 -0.327063
0.404456 0.404024 373.100000 -0.916788 0.177054
0.404456 0.403922 373.200000 -0.897889 0.199974
0.404447 0.403852 373.300000 -0.860805 0.539846
0.404424 0.403811 373.400000 -0.798361 0.705916
0.404385 0.403807 373.500000 -0.718786 0.881611
0.404330 0.403813 373.600000 -0.628279 0.924001
0.404261 0.403789 373.700000 -0.542313 0.791024
0.404181 0.403769 373.800000 -0.461902 0.813181
0.404092 0.403775 373.900000 -0.374905 0.922405
0.403995 0.403776 374.000000 -0.283356 0.903996
0.403892 0.403743 374.100000 -0.200520 0.748581
0.403786 0.403696 374.200000 -0.129260 0.673049
0.403679 0.403654 374.300000 -0.060204 0.704623
0.403571 0.403684 374.400000 0.025954 1.014236
0.403466 0.403708 374.500000 0.126584 0.993330
0.403365 0.403759 374.600000 0.231025 1.090255
0.403272 0.403736 374.700000 0.325669 0.797896
0.403187 0.403756 374.800000 0.414678 0.977849
0.403115 0.403782 374.900000 0.513942 1.002456
0.403058 0.403808 375.000000 0.614308 0.999846
0.403019 0.403861 375.100000 0.719491 1.098561
0.403000 0.403843 375.200000 0.815624 0.819288
0.403000 0.403815 375.300000 0.895565 0.775545
0.403017 0.403768 375.400000 0.968033 0.670177
0.403052 0.403708 375.500000 1.031578 0.597546
0.403100 0.403622 375.600000 1.082046 0.409306
0.403161 0.403538 375.700000 1.123254 0.412790
0.403229 0.403431 375.800000 1.147577 0.072459
0.403300 0.403328 375.900000 1.159869 0.172764
0.403373 0.403221 376.000000 1.164730 -0.075786
0.403440 0.403132 376.100000 1.142412 -0.369467
0.403495 0.403039 376.200000 1.107485 -0.327315
0.403535 0.403019 376.300000 1.050541 -0.808733
0.403551 0.403029 376.400000 0.963020 -0.937311
0.403542 0.403077 376.500000 0.861850 -1.081015
0.403510 0.403143 376.600000 0.750359 -1.143246
0.403457 0.403196 376.700000 0.638003 -1.098255
0.403386 0.403261 376.800000 0.525971 -1.136788
0.403302 0.403334 376.900000 0.410539 -1.166078
0.403206 0.403406 377.000000 0.293887 -1.161116
0.403104 0.403466 377.100000 0.179493 -1.121057
0.402997 0.403635 377.200000 0.050877 -1.444821
0.402892 0.403797 377.300000 -0.092878 -1.423096
0.402792 0.403913 377.400000 -0.229252 -1.297577
0.402702 0.404036 377.500000 -0.360441 -1.319630
0.402627 0.404128 377.600000 -0.487912 -1.223421
0.402569 0.404196 377.700000 -0.607004 -1.152465
0.402534 0.404322 377.800000 -0.731299 -1.327229
0.402526 0.404458 377.900000 -0.865762 -1.355299
0.402555 0.404658 378.000000 -1.010001 -1.522265
0.402627 0.404849 378.100000 -1.161602 -1.502187
0.402748 0.405054 378.200000 -1.313897 -1.536090
0.402923 0.405188 378.300000 -1.458531 -1.349365
0.403146 0.405230 378.400000 -1.579515 -1.064256
0.403416 0.405278 378.500000 -1.687183 -1.083732
0.403730 0.405276 378.600000 -1.786097 -0.889593
0.404080 0.405212 378.700000 -1.859239 -0.569600
0.404452 0.405119 378.800000 -1.904360 -0.330549
0.404841 0.405028 378.900000 -1.938266 -0.345881
0.405237 0.404922 379.000000 -1.952084 0.070209
0.405621 0.404833 379.100000 -1.929893 0.372500
0.405983 0.404762 379.200000 -1.885266 0.517811
0.406311 0.404744 379.300000 -1.818231 0.819538
0.406592 0.404832 379.400000 -1.716131 1.217359
0.406821 0.404897 379.500000 -1.598010 1.139146
0.407002 0.404999 379.600000 -1.477697 1.261098
0.407133 0.405151 379.700000 -1.344247 1.401230
0.407213 0.405381 379.800000 -1.193833 1.599527
0.407245 0.405643 379.900000 -1.029801 1.672919
0.407235 0.405935 380.000000 -0.858686 1.740823
0.407188 0.406304 380.100000 -0.676068 1.902411
0.407111 0.406725 380.200000 -0.480238 2.004397
0.407015 0.407080 380.300000 -0.285822 1.874207
0.406910 0.407310 380.400000 -0.111576 1.601998
0.406803 0.407551 380.500000 0.050280 1.627037
0.406702 0.407710 380.600000 0.203118 1.422082
0.406610 0.407834 380.700000 0.340960 1.327851
0.406532 0.407908 380.800000 0.466279 1.172263
0.406468 0.407902 380.900000 0.569099 0.879009
0.406416 0.407849 381.000000 0.645350 0.642195
0.406375 0.407787 381.100000 0.706937 0.586459
0.406344 0.407717 381.200000 0.762889 0.529782
0.406322 0.407618 381.300000 0.801858 0.247648
0.406307 0.407529 381.400000 0.832727 0.368186
0.406298 0.407434 381.500000 0.865935 0.294319
0.406299 0.407350 381.600000 0.901915 0.423481
0.406308 0.407258 381.700000 0.939542 0.327176
0.406326 0.407174 381.800000 0.976774 0.415602
0.406354 0.407079 381.900000 1.012753 0.302175
0.406390 0.406982 382.000000 1.041129 0.263935
0.406431 0.406880 382.100000 1.064123 0.194803
0.406477 0.406774 382.200000 1.077651 0.075074
0.406524 0.406668 382.300000 1.083872 0.049037
0.406573 0.406562 382.400000 1.088222 0.037741
0.406620 0.406457 382.500000 1.085282 -0.096391
0.406665 0.406354 382.600000 1.072727 -0.154091
0.406706 0.406248 382.700000 1.063269 -0.034586
0.406746 0.406143 382.800000 1.057147 -0.087559
0.406780 0.406047 382.900000 1.038660 -0.281253
0.406808 0.405949 383.000000 1.012134 -0.247937
0.406826 0.405868 383.100000 0.977791 -0.437201
0.406835 0.405782 383.200000 0.936312 -0.390308
0.406830 0.405736 383.300000 0.882967 -0.673919
0.406807 0.405759 383.400000 0.799200 -0.997249
0.406764 0.405821 383.500000 0.692368 -1.134036
0.406701 0.405923 383.600000 0.572240 -1.262522
0.406620 0.406025 383.700000 0.445634 -1.263270
0.406528 0.406125 383.800000 0.319296 -1.257170
0.406427 0.406210 383.900000 0.195717 -1.208241
0.406322 0.406345 384.000000 0.066989 -1.359878
0.406217 0.406494 384.100000 -0.071396 -1.400906
0.406116 0.406608 384.200000 -0.206721 -1.298817
0.406026 0.406741 384.300000 -0.339727 -1.354651
0.405949 0.406831 384.400000 -0.469128 -1.226914
0.405888 0.406895 384.500000 -0.587871 -1.142005
0.405846 0.406921 384.600000 -0.695558 -1.006344
0.405820 0.406895 384.700000 -0.785289 -0.783794
0.405810 0.406841 384.800000 -0.856445 -0.635763
0.405815 0.406789 384.900000 -0.920309 -0.638321
0.405831 0.406698 385.000000 -0.969138 -0.335825
0.405857 0.406615 385.100000 -1.006934 -0.418203
0.405893 0.406520 385.200000 -1.042361 -0.288574
0.405937 0.406427 385.300000 -1.072397 -0.310642
0.405990 0.406337 385.400000 -1.105294 -0.345640
0.406054 0.406254 385.500000 -1.143319 -0.412971
0.406129 0.406160 385.600000 -1.178901 -0.296882
0.406212 0.406062 385.700000 -1.205764 -0.239048
0.406306 0.405983 385.800000 -1.240320 -0.450335
0.406414 0.405897 385.900000 -1.281993 -0.381045
0.406535 0.405812 386.000000 -1.320758 -0.392307
0.406672 0.405744 386.100000 -1.367555 -0.541307
0.406827 0.405672 386.200000 -1.419931 -0.503599
0.406998 0.405578 386.300000 -1.459601 -0.287818
0.407174 0.405473 386.400000 -1.475063 -0.020629
0.407349 0.405369 386.500000 -1.473697 0.047878
0.407521 0.405268 386.600000 -1.462406 0.177370
0.407686 0.405164 386.700000 -1.448352 0.103006
0.407844 0.405076 386.800000 -1.425545 0.352001
0.407984 0.405013 386.900000 -1.379448 0.567621
0.408104 0.404957 387.000000 -1.320132 0.615740
0.408205 0.404883 387.100000 -1.264685 0.490426
0.408289 0.404821 387.200000 -1.211396 0.572702
0.408355 0.404766 387.300000 -1.151875 0.614740
0.408401 0.404735 387.400000 -1.083099 0.757336
0.408424 0.404747 387.500000 -0.997480 0.950756
0.408419 0.404874 387.600000 -0.882765 1.337821
0.408385 0.405044 387.700000 -0.742524 1.459973
0.408324 0.405264 387.800000 -0.589831 1.586252
0.408244 0.405442 387.900000 -0.436073 1.481230
0.408149 0.405649 388.000000 -0.283926 1.554105
0.408045 0.405960 388.100000 -0.116011 1.795795
0.407941 0.406170 388.200000 0.052372 1.563435
0.407841 0.406321 388.300000 0.201336 1.408399
0.407751 0.406483 388.400000 0.344082 1.439379
0.407676 0.406588 388.500000 0.480256 1.277294
0.407618 0.406673 388.600000 0.605077 1.212892
0.407580 0.406725 388.700000 0.721134 1.102441
0.407563 0.406744 388.800000 0.825532 0.980312
0.407568 0.406757 388.900000 0.922747 0.959122
0.407593 0.406716 389.000000 1.006096 0.703689
0.407633 0.406636 389.100000 1.062956 0.430659
0.407685 0.406547 389.200000 1.102087 0.350002
0.407747 0.406464 389.300000 1.140247 0.411290
0.407821 0.406376 389.400000 1.178640 0.354649
0.407903 0.406279 389.500000 1.208758 0.246216
0.407990 0.406175 389.600000 1.222369 0.025321
0.408077 0.406071 389.700000 1.221264 -0.047374
0.408158 0.405981 389.800000 1.202366 -0.329635
0.408223 0.405937 389.900000 1.151610 -0.682938
0.408269 0.405893 390.000000 1.083157 -0.682709
0.408293 0.405894 390.100000 1.003479 -0.906859
0.408292 0.405965 390.200000 0.899497 -1.167581
0.408266 0.406043 390.300000 0.781098 -1.194479
0.408216 0.406183 390.400000 0.652116 -1.378712
0.408144 0.406385 390.500000 0.505428 -1.547729
0.408055 0.406619 390.600000 0.346429 -1.624292
0.407955 0.406887 390.700000 0.179550 -1.704947
0.407850 0.407153 390.800000 0.008781 -1.701902
0.407749 0.407420 390.900000 -0.161854 -1.702268
0.407659 0.407685 391.000000 -0.332424 -1.700605
0.407587 0.407930 391.100000 -0.500522 -1.652943
0.407539 0.408152 391.200000 -0.663406 -1.596589
0.407519 0.408272 391.300000 -0.809906 -1.326087
0.407528 0.408390 391.400000 -0.942502 -1.319200
0.407570 0.408483 391.500000 -1.070975 -1.243847
0.407645 0.408500 391.600000 -1.182148 -0.974044
0.407749 0.408502 391.700000 -1.276636 -0.911004
0.407883 0.408496 391.800000 -1.366253 -0.876846
0.408050 0.408504 391.900000 -1.457374 -0.941027
0.408249 0.408475 392.000000 -1.542990 -0.767005
0.408480 0.408451 392.100000 -1.621043 -0.790153
0.408743 0.408410 392.200000 -1.696115 -0.707533
0.409031 0.408333 392.300000 -1.754590 -0.459040
0.409339 0.408251 392.400000 -1.798326 -0.413486
0.409663 0.408159 392.500000 -1.834341 -0.305019
0.410000 0.408063 392.600000 -1.862407 -0.254901
0.410343 0.407959 392.700000 -1.874486 0.013931
0.410678 0.407867 392.800000 -1.858905 0.296913
0.410995 0.407794 392.900000 -1.819223 0.494742
0.411284 0.407749 393.000000 -1.760276 0.681247
0.411540 0.407742 393.100000 -1.682530 0.869786
0.411755 0.407782 393.200000 -1.585505 1.065866
0.411927 0.407837 393.300000 -1.476170 1.115356
0.412061 0.407865 393.400000 -1.369274 1.017213
0.412161 0.407872 393.500000 -1.271418 0.935022
0.412232 0.407886 393.600000 -1.176418 0.960222
0.412275 0.407911 393.700000 -1.077857 1.006086
0.412291 0.407955 393.800000 -0.973268 1.080446
0.412280 0.408033 393.900000 -0.859278 1.193667
0.412246 0.408065 394.000000 -0.747516 1.035988
0.412195 0.408060 394.100000 -0.651507 0.879393
0.412130 0.408073 394.200000 -0.559293 0.960273
0.412053 0.408084 394.300000 -0.463599 0.948822
0.411967 0.408056 394.400000 -0.377407 0.770700
0.411874 0.408039 394.500000 -0.297402 0.825413
0.411775 0.408045 394.600000 -0.209368 0.930866
0.411672 0.408093 394.700000 -0.107857 1.094267
0.411568 0.408150 394.800000 0.003355 1.124410
0.411465 0.408189 394.900000 0.112790 1.058816
0.411367 0.408263 395.000000 0.225244 1.184654
0.411279 0.408394 395.100000 0.352791 1.359901
0.411207 0.408613 395.200000 0.501070 1.598264
0.411157 0.408776 395.300000 0.653943 1.451558
0.411132 0.408896 395.400000 0.793217 1.326952
0.411134 0.408948 395.500000 0.915269 1.107987
0.411162 0.408967 395.600000 1.020280 0.986980
0.411214 0.408950 395.700000 1.111168 0.826233
0.411290 0.408935 395.800000 1.194391 0.834080
0.411391 0.408894 395.900000 1.271406 0.702359
0.411518 0.408905 396.000000 1.354351 0.952406
0.411674 0.408851 396.100000 1.433258 0.621776
0.411849 0.408771 396.200000 1.486048 0.431388
0.412040 0.408691 396.300000 1.529184 0.429167
0.412244 0.408597 396.400000 1.564382 0.273039
0.412456 0.408496 396.500000 1.582988 0.098152
0.412670 0.408393 396.600000 1.587239 -0.013353
0.412883 0.408290 396.700000 1.586411 -0.003164
0.413094 0.408188 396.800000 1.580928 -0.106218
0.413300 0.408087 396.900000 1.570800 -0.095830
0.413501 0.407990 397.000000 1.555082 -0.217743
0.413693 0.407893 397.100000 1.533107 -0.220661
0.413875 0.407799 397.200000 1.508877 -0.262737
0.414043 0.407726 397.300000 1.471575 -0.481430
0.414194 0.407652 397.400000 1.423564 -0.476391
0.414326 0.407596 397.500000 1.369090 -0.610360
0.414435 0.407556 397.600000 1.303076 -0.706619
0.414518 0.407558 397.700000 1.222046 -0.909934
0.414570 0.407667 397.800000 1.111376 -1.297926
0.414586 0.407781 397.900000 0.980602 -1.311015
0.414572 0.407905 398.000000 0.847471 -1.344956
0.414532 0.408019 398.100000 0.714388 -1.310041
0.414472 0.408093 398.200000 0.589162 -1.188224
0.414395 0.408182 398.300000 0.467746 -1.234028
0.414305 0.408372 398.400000 0.329345 -1.527068
0.414205 0.408476 398.500000 0.188535 -1.282090
0.414102 0.408617 398.600000 0.054357 -1.394763
0.413999 0.408707 398.700000 -0.077616 -1.238104
0.413899 0.408718 398.800000 -0.187416 -0.952406
0.413805 0.408689 398.900000 -0.273370 -0.762381
0.413717 0.408689 399.000000 -0.356986 -0.905751
0.413637 0.408642 399.100000 -0.435700 -0.664602
0.413565 0.408576 399.200000 -0.495979 -0.537948
0.413497 0.408486 399.300000 -0.538372 -0.307799
0.413433 0.408387 399.400000 -0.562224 -0.168053
0.413373 0.408299 399.500000 -0.587854 -0.343264
0.413318 0.408207 399.600000 -0.618999 -0.278074
0.413266 0.408112 399.700000 -0.644608 -0.232817
0.413219 0.408018 399.800000 -0.668970 -0.253204
0.413175 0.407921 399.900000 -0.692072 -0.207686
0.413136 0.407824 400.000000 -0.712641 -0.202672
0.413097 0.407723 400.100000 -0.719561 0.064630
0.413057 0.407623 400.200000 -0.709740 0.131290
0.413014 0.407525 400.300000 -0.694155 0.179627
0.412967 0.407435 400.400000 -0.669881 0.304640
0.412914 0.407353 400.500000 -0.634592 0.399377
0.412855 0.407272 400.600000 -0.594287 0.404701
0.412789 0.407206 400.700000 -0.547143 0.535831
0.412716 0.407161 400.800000 -0.486619 0.671626
0.412635 0.407112 400.900000 -0.420536 0.646733
0.412547 0.407082 401.000000 -0.350018 0.760096
0.412454 0.407068 401.100000 -0.269988 0.836506
0.412355 0.407087 401.200000 -0.178652 0.985633
0.412253 0.407113 401.300000 -0.078696 1.008505
0.412150 0.407199 401.400000 0.033348 1.226764
0.412050 0.407222 401.500000 0.144963 0.999953
0.411956 0.407283 401.600000 0.252326 1.141951
0.411869 0.407322 401.700000 0.362906 1.064105
0.411795 0.407372 401.800000 0.471395 1.100260
0.411734 0.407395 401.900000 0.576674 1.000063
0.411687 0.407385 402.000000 0.669825 0.858285
0.411654 0.407338 402.100000 0.746032 0.662050
0.411632 0.407265 402.200000 0.803013 0.474721
0.411617 0.407170 402.300000 0.838528 0.233794
0.411605 0.407070 402.400000 0.853819 0.071272
0.411592 0.406972 402.500000 0.849941 -0.148652
0.411575 0.406881 402.600000 0.827933 -0.290400
0.411551 0.406806 402.700000 0.790567 -0.455047
0.411518 0.406725 402.800000 0.747342 -0.407300
0.411479 0.406637 402.900000 0.711126 -0.315210
0.411432 0.406570 403.000000 0.668850 -0.528186
0.411376 0.406513 403.100000 0.612868 -0.588667
0.411313 0.406449 403.200000 0.555703 -0.551770
0.411240 0.406427 403.300000 0.488183 -0.795251
0.411158 0.406467 403.400000 0.394985 -1.064047
0.411066 0.406504 403.500000 0.288696 -1.056411
0.410968 0.406587 403.600000 0.174753 -1.216765
0.410867 0.406620 403.700000 0.061687 -1.038900
0.410765 0.406628 403.800000 -0.037472 -0.939319
0.410666 0.406632 403.900000 -0.130656 -0.919695
0.410569 0.406577 404.000000 -0.206945 -0.602283
0.410476 0.406495 404.100000 -0.256887 -0.394051
0.410386 0.406420 404.200000 -0.299262 -0.451344
0.410299 0.406357 404.300000 -0.349656 -0.553997
0.410217 0.406265 404.400000 -0.390107 -0.253002
0.410137 0.406174 404.500000 -0.416955 -0.282615
0.410058 0.406074 404.600000 -0.431504 -0.007648
0.409979 0.405981 404.700000 -0.420043 0.236300
0.409896 0.405894 404.800000 -0.391662 0.329907
0.409812 0.405797 404.900000 -0.366536 0.171349
0.409725 0.405709 405.000000 -0.342325 0.311667
0.409636 0.405628 405.100000 -0.307206 0.388957
0.409544 0.405531 405.200000 -0.279183 0.170082
0.409451 0.405439 405.300000 -0.257647 0.259560
0.409357 0.405346 405.400000 -0.233242 0.227330
0.409262 0.405249 405.500000 -0.213559 0.165353
0.409166 0.405152 405.600000 -0.197172 0.161563
0.409069 0.405059 405.700000 -0.178010 0.220713
0.408971 0.404977 405.800000 -0.147932 0.379354
0.408872 0.404886 405.900000 -0.115294 0.271773
0.408772 0.404806 406.000000 -0.081689 0.398637
0.408671 0.404716 406.100000 -0.047770 0.278042
0.408571 0.404626 406.200000 -0.019232 0.291298
0.408470 0.404546 406.300000 0.015001 0.391646
0.408370 0.404487 406.400000 0.063646 0.578827
0.408272 0.404431 406.500000 0.122420 0.593721
0.408176 0.404385 406.600000 0.185101 0.656751
0.408083 0.404326 406.700000 0.246763 0.573410
0.407994 0.404280 406.800000 0.308500 0.658238
0.407912 0.404265 406.900000 0.383086 0.829772
0.407838 0.404249 407.000000 0.465955 0.823451
0.407776 0.404259 407.100000 0.554602 0.945065
0.407728 0.404277 407.200000 0.650797 0.974017
0.407694 0.404233 407.300000 0.733288 0.671676
0.407674 0.404222 407.400000 0.809445 0.847656
0.407673 0.404229 407.500000 0.898580 0.930589
0.407691 0.404193 407.600000 0.981323 0.720130
0.407724 0.404120 407.700000 1.040400 0.458463
0.407768 0.404040 407.800000 1.083439 0.400165
0.407821 0.403949 407.900000 1.115681 0.243072
0.407877 0.403850 408.000000 1.129103 0.024694
0.407935 0.403753 408.100000 1.136426 0.121388
0.407995 0.403654 408.200000 1.142856 0.006896
0.408053 0.403559 408.300000 1.133527 -0.193007
0.408109 0.403462 408.400000 1.129059 0.103866
0.408170 0.403372 408.500000 1.148040 0.274814
0.408237 0.403276 408.600000 1.168505 0.133459
0.408303 0.403183 408.700000 1.163974 -0.223844
0.408360 0.403107 408.800000 1.131584 -0.422347
0.408406 0.403025 408.900000 1.091919 -0.368970
0.408441 0.402954 409.000000 1.049514 -0.477004
0.408462 0.402898 409.100000 0.996022 -0.590155
0.408470 0.402839 409.200000 0.937932 -0.568741
0.408465 0.402782 409.300000 0.880362 -0.579798
0.408446 0.402739 409.400000 0.817618 -0.671925
0.408415 0.402703 409.500000 0.748040 -0.716165
0.408372 0.402652 409.600000 0.680926 -0.622758
0.408317 0.402654 409.700000 0.604354 -0.904852
0.408249 0.402682 409.800000 0.507986 -1.017692
0.408168 0.402768 409.900000 0.395339 -1.229626
0.408078 0.402827 410.000000 0.276689 -1.137436
0.407982 0.402837 410.100000 0.172612 -0.938893
0.407883 0.402843 410.200000 0.079115 -0.926373
0.407784 0.402835 410.300000 -0.010551 -0.862467
0.407686 0.402787 410.400000 -0.085942 -0.641592
0.407589 0.402721 410.500000 -0.143487 -0.506428
0.407495 0.402694 410.600000 -0.207261 -0.765854
0.407405 0.402656 410.700000 -0.280813 -0.701519
0.407321 0.402622 410.800000 -0.352504 -0.728713
0.407244 0.402572 410.900000 -0.420215 -0.622116
0.407174 0.402561 411.000000 -0.493768 -0.845278
0.407116 0.402543 411.100000 -0.576855 -0.812300
0.407070 0.402531 411.200000 -0.659848 -0.843416
0.407036 0.402479 411.300000 -0.732683 -0.609630
0.407011 0.402395 411.400000 -0.780413 -0.342599
0.406991 0.402299 411.500000 -0.803907 -0.126099
0.406973 0.402205 411.600000 -0.818333 -0.161705
0.406957 0.402107 411.700000 -0.825150 0.025715
0.406938 0.402019 411.800000 -0.810313 0.270281
0.406913 0.401936 411.900000 -0.779414 0.346148
0.406883 0.401843 412.000000 -0.752287 0.195033
0.406849 0.401748 412.100000 -0.734413 0.161572
0.406813 0.401658 412.200000 -0.714140 0.242875
0.406774 0.401561 412.300000 -0.703512 -0.030859
0.406736 0.401464 412.400000 -0.707317 -0.045039
0.406698 0.401366 412.500000 -0.709547 0.000549
0.406659 0.401277 412.600000 -0.696932 0.251117
0.406612 0.401215 412.700000 -0.657104 0.543453
0.406558 0.401150 412.800000 -0.604294 0.510105
0.406496 0.401106 412.900000 -0.545370 0.665424
0.406425 0.401074 413.000000 -0.475283 0.732806
0.406345 0.401074 413.100000 -0.393588 0.897009
0.406257 0.401124 413.200000 -0.293352 1.102700
0.406163 0.401182 413.300000 -0.181449 1.129777
0.406065 0.401278 413.400000 -0.061472 1.263752
0.405967 0.401354 413.500000 0.061794 1.195418
0.405873 0.401395 413.600000 0.175407 1.071160
0.405785 0.401455 413.700000 0.286128 1.137723
0.405706 0.401506 413.800000 0.398694 1.107961
0.405639 0.401548 413.900000 0.508023 1.073160
0.405586 0.401556 414.000000 0.608609 0.933526
0.405545 0.401507 414.100000 0.686840 0.627191
0.405513 0.401427 414.200000 0.736931 0.372117
0.405487 0.401343 414.300000 0.771931 0.326134
0.405465 0.401248 414.400000 0.794988 0.133848
0.405447 0.401156 414.500000 0.811473 0.195038
0.405428 0.401063 414.600000 0.811932 -0.185894
0.405404 0.400995 414.700000 0.778382 -0.483423
0.405370 0.400926 414.800000 0.729819 -0.485402
0.405329 0.400851 414.900000 0.684603 -0.416666
0.405281 0.400781 415.000000 0.639859 -0.475966
0.405225 0.400713 415.100000 0.591948 -0.479868
0.405163 0.400655 415.200000 0.539255 -0.571355
0.405092 0.400623 415.300000 0.473939 -0.731697
0.405015 0.400560 415.400000 0.411146 -0.521030
0.404933 0.400496 415.500000 0.358914 -0.520986
0.404846 0.400459 415.600000 0.297675 -0.700738
0.404755 0.400419 415.700000 0.228253 -0.684237
0.404661 0.400410 415.800000 0.151189 -0.853180
0.404564 0.400385 415.900000 0.069708 -0.772367
0.404467 0.400361 416.000000 -0.007777 -0.773463
0.404370 0.400311 416.100000 -0.077680 -0.621098
0.404276 0.400277 416.200000 -0.144978 -0.721495
0.404184 0.400230 416.300000 -0.213073 -0.636995
0.404096 0.400174 416.400000 -0.273923 -0.576972
0.404012 0.400099 416.500000 -0.323814 -0.418358
0.403930 0.400013 416.600000 -0.359538 -0.294329
0.403851 0.399920 416.700000 -0.382299 -0.159747
0.403772 0.399825 416.800000 -0.388170 0.042603
0.403693 0.399730 416.900000 -0.391149 -0.102032
0.403616 0.399635 417.000000 -0.401546 -0.105387
0.403541 0.399551 417.100000 -0.421988 -0.302429
0.403467 0.399456 417.200000 -0.442063 -0.098056
0.403396 0.399368 417.300000 -0.459444 -0.248698
0.403328 0.399281 417.400000 -0.485771 -0.276524
0.403263 0.399205 417.500000 -0.519909 -0.404528
0.403204 0.399123 417.600000 -0.556980 -0.335043
0.403148 0.399031 417.700000 -0.582682 -0.177722
0.403094 0.398938 417.800000 -0.598660 -0.141022
0.403043 0.398846 417.900000 -0.613829 -0.161614
0.402995 0.398763 418.000000 -0.638148 -0.323547
0.402952 0.398677 418.100000 -0.668424 -0.280450
0.402915 0.398600 418.200000 -0.702283 -0.395036
0.402881 0.398505 418.300000 -0.722988 -0.018034
0.402847 0.398410 418.400000 -0.722832 0.021140
0.402812 0.398317 418.500000 -0.714743 0.140246
0.402773 0.398234 418.600000 -0.691782 0.317828
0.402730 0.398142 418.700000 -0.667956 0.157485
0.402685 0.398051 418.800000 -0.650700 0.186774
0.402637 0.397958 418.900000 -0.634940 0.127634
0.402588 0.397864 419.000000 -0.633012 -0.089154
0.402541 0.397769 419.100000 -0.638610 -0.022539
0.402493 0.397675 419.200000 -0.635977 0.075078
0.402444 0.397584 419.300000 -0.623707 0.169693
0.402392 0.397490 419.400000 -0.609965 0.104458
0.402336 0.397421 419.500000 -0.581465 0.464133
0.402274 0.397372 419.600000 -0.527183 0.618783
0.402203 0.397327 419.700000 -0.463669 0.648317
0.402126 0.397307 419.800000 -0.391605 0.789362
0.402042 0.397283 419.900000 -0.313330 0.772230
0.401953 0.397228 420.000000 -0.245797 0.575050
0.401862 0.397158 420.100000 -0.194124 0.455822
0.401769 0.397078 420.200000 -0.153860 0.347448
0.401676 0.396989 420.300000 -0.126430 0.199778
0.401582 0.396895 420.400000 -0.113017 0.067827
0.401488 0.396801 420.500000 -0.112666 -0.060829
0.401394 0.396707 420.600000 -0.113610 0.041994
0.401300 0.396617 420.700000 -0.101494 0.199720
0.401205 0.396531 420.800000 -0.078038 0.268225
0.401110 0.396437 420.900000 -0.062749 0.036784
0.401015 0.396347 421.000000 -0.069481 -0.171078
0.400921 0.396260 421.100000 -0.090539 -0.249026
0.400827 0.396167 421.200000 -0.099055 0.079119
0.400733 0.396073 421.300000 -0.095548 -0.009143
0.400640 0.395985 421.400000 -0.107926 -0.237812
0.400546 0.395895 421.500000 -0.128920 -0.181001
0.400454 0.395804 421.600000 -0.144635 -0.132522
0.400362 0.395713 421.700000 -0.159709 -0.168202
0.400271 0.395630 421.800000 -0.183012 -0.296698
0.400182 0.395550 421.900000 -0.215216 -0.345768
0.400095 0.395475 422.000000 -0.252393 -0.395916
0.400010 0.395404 422.100000 -0.294212 -0.438379
0.399930 0.395370 422.200000 -0.351697 -0.708429
0.399857 0.395353 422.300000 -0.427486 -0.803569
0.399793 0.395331 422.400000 -0.506862 -0.779992
0.399736 0.395263 422.500000 -0.569265 -0.464949
0.399685 0.395179 422.600000 -0.606385 -0.275594
0.399638 0.395092 422.700000 -0.632463 -0.244657
0.399594 0.395004 422.800000 -0.655650 -0.217922
0.399555 0.394927 422.900000 -0.684921 -0.366042
0.399521 0.394837 423.000000 -0.711332 -0.160852
0.399488 0.394744 423.100000 -0.722326 -0.058477
0.399457 0.394652 423.200000 -0.730802 -0.110620
0.399423 0.394572 423.300000 -0.719341 0.339272
0.399383 0.394511 423.400000 -0.676111 0.523162
0.399335 0.394454 423.500000 -0.622516 0.546063
0.399279 0.394391 423.600000 -0.569596 0.509696
0.399217 0.394317 423.700000 -0.524128 0.397376
0.399150 0.394243 423.800000 -0.483721 0.408748
0.399079 0.394168 423.900000 -0.443703 0.389611
0.399004 0.394097 424.000000 -0.402463 0.433135
0.398926 0.394010 424.100000 -0.369968 0.215128
0.398845 0.393959 424.200000 -0.329354 0.595127
0.398760 0.393911 424.300000 -0.268693 0.615050
0.398670 0.393884 424.400000 -0.200384 0.747716
0.398579 0.393839 424.500000 -0.130757 0.641359
0.398485 0.393810 424.600000 -0.061845 0.733436
0.398391 0.393777 424.700000 0.010664 0.713115
0.398298 0.393728 424.800000 0.076895 0.608180
0.398207 0.393682 424.900000 0.138891 0.628654
0.398118 0.393638 425.000000 0.202551 0.641361
0.398033 0.393623 425.100000 0.275432 0.812604
0.397956 0.393663 425.200000 0.369522 1.064498
0.397889 0.393691 425.300000 0.473614 1.012144
0.397833 0.393691 425.400000 0.568798 0.886779
0.397790 0.393668 425.500000 0.651802 0.769143
0.397758 0.393628 425.600000 0.723691 0.665052
0.397736 0.393563 425.700000 0.781357 0.485379
0.397724 0.393501 425.800000 0.831411 0.513190
0.397725 0.393489 425.900000 0.898602 0.827283
0.397744 0.393459 426.000000 0.976480 0.726379
0.397777 0.393402 426.100000 1.040540 0.551617
0.397827 0.393376 426.200000 1.105776 0.749832
0.397894 0.393313 426.300000 1.168429 0.500100
0.397972 0.393231 426.400000 1.208313 0.295591
0.398057 0.393143 426.500000 1.232532 0.187578
0.398146 0.393053 426.600000 1.249083 0.142616
0.398238 0.392961 426.700000 1.255225 -0.020084
0.398327 0.392870 426.800000 1.249024 -0.103636
0.398408 0.392808 426.900000 1.218538 -0.504560
0.398467 0.392840 427.000000 1.141669 -1.028968
0.398499 0.392891 427.100000 1.034673 -1.105596
0.398503 0.393012 427.200000 0.911617 -1.349371
0.398478 0.393210 427.300000 0.765059 -1.574473
0.398427 0.393457 427.400000 0.600878 -1.700941
0.398356 0.393686 427.500000 0.432550 -1.657186
0.398271 0.393920 427.600000 0.265792 -1.669655
0.398179 0.394133 427.700000 0.101128 -1.615382
0.398087 0.394331 427.800000 -0.058909 -1.577365
0.397999 0.394559 427.900000 -0.220894 -1.654236
0.397923 0.394755 428.000000 -0.382628 -1.572342
0.397864 0.394920 428.100000 -0.535849 -1.484429
0.397823 0.394995 428.200000 -0.670083 -1.193542
0.397801 0.395004 428.300000 -0.776699 -0.933447
0.397796 0.395006 428.400000 -0.868553 -0.899024
0.397809 0.394979 428.500000 -0.951039 -0.746587
0.397836 0.394920 428.600000 -1.015061 -0.530647
0.397877 0.394869 428.700000 -1.071450 -0.594313
0.397932 0.394800 428.800000 -1.123811 -0.450277
0.397995 0.394713 428.900000 -1.156584 -0.203563
0.398060 0.394622 429.000000 -1.164131 0.053013
0.398124 0.394530 429.100000 -1.160800 0.013429
0.398185 0.394447 429.200000 -1.146156 0.278729
0.398234 0.394386 429.300000 -1.106102 0.520355
0.398273 0.394310 429.400000 -1.061914 0.361178
0.398299 0.394270 429.500000 -1.010213 0.670256
0.398309 0.394239 429.600000 -0.940476 0.720996
0.398304 0.394215 429.700000 -0.866191 0.760998
0.398285 0.394175 429.800000 -0.794404 0.671145
0.398250 0.394207 429.900000 -0.709151 1.029653
0.398199 0.394278 430.000000 -0.598319 1.181453
0.398134 0.394345 430.100000 -0.480549 1.168055
0.398057 0.394412 430.200000 -0.363318 1.170699
0.397971 0.394509 430.300000 -0.240807 1.273405
0.397880 0.394668 430.400000 -0.103341 1.469048
0.397787 0.394776 430.500000 0.035978 1.310362
0.397698 0.394907 430.600000 0.171136 1.386032
0.397617 0.394992 430.700000 0.302539 1.235456
0.397545 0.395051 430.800000 0.421415 1.136120
0.397486 0.395090 430.900000 0.531585 1.061783
0.397440 0.395115 431.000000 0.635247 1.006268
0.397411 0.395143 431.100000 0.736534 1.014413
0.397399 0.395138 431.200000 0.830753 0.865251
0.397403 0.395114 431.300000 0.912331 0.762232
0.397423 0.395065 431.400000 0.981019 0.608100
0.397454 0.394993 431.500000 1.031988 0.408731
0.397493 0.394908 431.600000 1.064065 0.231193
0.397539 0.394831 431.700000 1.093528 0.356601
0.397595 0.394753 431.800000 1.128342 0.337943
0.397657 0.394667 431.900000 1.156406 0.221922
0.397723 0.394576 432.000000 1.168903 0.027393
0.397789 0.394486 432.100000 1.165686 -0.091561
0.397849 0.394404 432.200000 1.146699 -0.287227
0.397900 0.394327 432.300000 1.114920 -0.346774
0.397941 0.394272 432.400000 1.069540 -0.558566
0.397969 0.394198 432.500000 1.021883 -0.392177
0.397985 0.394168 432.600000 0.965962 -0.723444
0.397980 0.394247 432.700000 0.868739 -1.216159
0.397952 0.394377 432.800000 0.738520 -1.381719
0.397900 0.394544 432.900000 0.594338 -1.494716
0.397831 0.394746 433.000000 0.439569 -1.592919
0.397748 0.394945 433.100000 0.280141 -1.587671
0.397658 0.395159 433.200000 0.119124 -1.624615
0.397566 0.395356 433.300000 -0.041625 -1.582329
0.397479 0.395583 433.400000 -0.204112 -1.659285
0.397403 0.395777 433.500000 -0.366107 -1.572508
0.397342 0.395927 433.600000 -0.517437 -1.446526
0.397299 0.395971 433.700000 -0.644365 -1.085700
0.397269 0.395933 433.800000 -0.732764 -0.677856
0.397252 0.395903 433.900000 -0.803265 -0.728646
0.397247 0.395848 434.000000 -0.867777 -0.558351
0.397254 0.395794 434.100000 -0.924455 -0.572392
0.397276 0.395776 434.200000 -0.993004 -0.795158
0.397313 0.395709 434.300000 -1.055661 -0.454846
0.397362 0.395646 434.400000 -1.103389 -0.497317
0.397420 0.395565 434.500000 -1.143163 -0.296182
0.397486 0.395480 434.600000 -1.169232 -0.223901
0.397557 0.395390 434.700000 -1.186221 -0.115027
0.397625 0.395309 434.800000 -1.177400 0.291007
0.397684 0.395233 434.900000 -1.144752 0.360328
0.397736 0.395147 435.000000 -1.116576 0.201778
0.397781 0.395067 435.100000 -1.091028 0.307899
0.397821 0.394977 435.200000 -1.070796 0.095743
0.397858 0.394893 435.300000 -1.053891 0.241506
0.397884 0.394843 435.400000 -1.012157 0.591089
0.397895 0.394819 435.500000 -0.944217 0.764312
0.397887 0.394853 435.600000 -0.853781 1.039878
0.397860 0.394892 435.700000 -0.748405 1.062371
0.397817 0.394891 435.800000 -0.650870 0.883457
0.397760 0.395000 435.900000 -0.540317 1.322076
0.397686 0.395233 436.000000 -0.389890 1.678933
0.397600 0.395490 436.100000 -0.218516 1.739997
0.397509 0.395817 436.200000 -0.035534 1.910479
0.397421 0.396092 436.300000 0.149716 1.785273
0.397341 0.396271 436.400000 0.316142 1.534913
0.397276 0.396493 436.500000 0.475939 1.653034
0.397231 0.396639 436.600000 0.630929 1.439026
0.397209 0.396792 436.700000 0.776148 1.458092
0.397213 0.396876 436.800000 0.911255 1.237289
0.397245 0.396968 436.900000 1.036635 1.264046
0.397311 0.397116 437.000000 1.172373 1.443920
0.397420 0.397285 437.100000 1.320263 1.506494
0.397577 0.397477 437.200000 1.474670 1.573932
0.397791 0.397671 437.300000 1.632700 1.578764
0.398062 0.397784 437.400000 1.778792 1.335758
0.398389 0.397893 437.500000 1.912121 1.324174
0.398776 0.398006 437.600000 2.045459 1.335909
0.399225 0.398097 437.700000 2.175540 1.259214
0.399736 0.398154 437.800000 2.295835 1.140673
0.400300 0.398151 437.900000 2.396852 0.874608
0.400907 0.398109 438.000000 2.473682 0.658147
0.401543 0.398032 438.100000 2.523806 0.341825
0.402185 0.397942 438.200000 2.537239 -0.073828
0.402816 0.397864 438.300000 2.516608 -0.337771
0.403413 0.397852 438.400000 2.457885 -0.833754
0.403961 0.397864 438.500000 2.368675 -0.945982
0.404450 0.397949 438.600000 2.259037 -1.241297
0.404871 0.398106 438.700000 2.122811 -1.476403
0.405221 0.398295 438.800000 1.970237 -1.567452
0.405505 0.398464 438.900000 1.815984 -1.509886
0.405728 0.398639 439.000000 1.663750 -1.527196
0.405895 0.398821 439.100000 1.509697 -1.546159
0.406008 0.399066 439.200000 1.346022 -1.719145
0.406071 0.399373 439.300000 1.166145 -1.869402
0.406088 0.399664 439.400000 0.980597 -1.832280
0.406068 0.399927 439.500000 0.800356 -1.763538
0.406021 0.400122 439.600000 0.632431 -1.586569
0.405956 0.400256 439.700000 0.482452 -1.405504
0.405876 0.400406 439.800000 0.339014 -1.456093
0.405788 0.400604 439.900000 0.186088 -1.594772
0.405696 0.400804 440.000000 0.025899 -1.601004
0.405606 0.400991 440.100000 -0.132774 -1.564529
0.405524 0.401246 440.200000 -0.298661 -1.744911
0.405456 0.401415 440.300000 -0.462104 -1.515782
0.405405 0.401498 440.400000 -0.600043 -1.236081
0.405373 0.401606 440.500000 -0.728540 -1.327438
0.405363 0.401652 440.600000 -0.850179 -1.099260
0.405377 0.401725 440.700000 -0.965467 -1.200741
0.405416 0.401739 440.800000 -1.073894 -0.962367
0.405479 0.401752 440.900000 -1.170117 -0.957300
0.405569 0.401777 441.000000 -1.268836 -1.012128
0.405685 0.401740 441.100000 -1.354201 -0.690902
0.405820 0.401681 441.200000 -1.415498 -0.531972
0.405967 0.401594 441.300000 -1.452411 -0.204443
0.406123 0.401514 441.400000 -1.478037 -0.306809
0.406290 0.401442 441.500000 -1.513792 -0.406495
0.406473 0.401374 441.600000 -1.556515 -0.445830
0.406671 0.401304 441.700000 -1.600742 -0.436504
0.406884 0.401233 441.800000 -1.643308 -0.412688
0.407101 0.401149 441.900000 -1.651502 0.249211
0.407305 0.401074 442.000000 -1.620075 0.377769
0.407497 0.400998 442.100000 -1.583320 0.355497
0.407672 0.400945 442.200000 -1.536669 0.575194
0.407820 0.400955 442.300000 -1.460452 0.945335
0.407936 0.401009 442.400000 -1.356279 1.132907
0.408016 0.401115 442.500000 -1.233460 1.317344
0.408060 0.401238 442.600000 -1.098490 1.375303
0.408072 0.401363 442.700000 -0.960287 1.381849
0.408056 0.401507 442.800000 -0.818752 1.441771
0.408012 0.401802 442.900000 -0.653822 1.848572
0.407943 0.402180 443.000000 -0.458962 2.038901
0.407858 0.402697 443.100000 -0.240468 2.320040
0.407766 0.403311 443.200000 0.001090 2.499046
0.407681 0.403845 443.300000 0.244362 2.354229
0.407614 0.404290 443.400000 0.471722 2.181605
0.407577 0.404803 443.500000 0.697113 2.314949
0.407580 0.405194 443.600000 0.916837 2.068542
0.407627 0.405492 443.700000 1.113658 1.858038
0.407725 0.405752 443.800000 1.295399 1.767696
0.407873 0.405927 443.900000 1.461032 1.536685
0.408074 0.406076 444.000000 1.611337 1.461898
0.408325 0.406157 444.100000 1.746678 1.238159
0.408617 0.406133 444.200000 1.847592 0.775058
0.408932 0.406050 444.300000 1.900165 0.273773
0.409253 0.405960 444.400000 1.917538 0.072823
0.409573 0.405872 444.500000 1.912460 -0.174131
0.409885 0.405782 444.600000 1.897486 -0.124601
0.410189 0.405700 444.700000 1.876855 -0.286977
0.410476 0.405639 444.800000 1.836447 -0.519177
0.410736 0.405622 444.900000 1.769834 -0.809736
0.410959 0.405660 445.000000 1.675414 -1.073951
0.411141 0.405724 445.100000 1.562742 -1.173860
0.411280 0.405832 445.200000 1.437197 -1.330767
0.411377 0.405983 445.300000 1.296771 -1.470725
0.411430 0.406221 445.400000 1.137211 -1.712496
0.411443 0.406413 445.500000 0.971739 -1.588672
0.411423 0.406670 445.600000 0.803785 -1.761997
0.411374 0.406992 445.700000 0.619259 -1.919298
0.411301 0.407381 445.800000 0.419394 -2.068008
0.411215 0.407617 445.900000 0.229997 -1.710477
0.411124 0.407728 446.000000 0.077035 -1.341099
0.411032 0.407734 446.100000 -0.037098 -0.935861
0.410942 0.407752 446.200000 -0.133522 -0.987796
0.410856 0.407775 446.300000 -0.233597 -1.008708
0.410777 0.407821 446.400000 -0.339767 -1.109371
0.410707 0.407858 446.500000 -0.449066 -1.071147
0.410650 0.407892 446.600000 -0.555604 -1.054287
0.410604 0.407843 446.700000 -0.639577 -0.620981
0.410567 0.407806 446.800000 -0.705515 -0.694489
0.410542 0.407758 446.900000 -0.771398 -0.619864
0.410528 0.407716 447.000000 -0.835760 -0.664162
0.410527 0.407660 447.100000 -0.897264 -0.562839
0.410536 0.407598 447.200000 -0.951041 -0.510011
0.410552 0.407509 447.300000 -0.983221 -0.131984
0.410573 0.407426 447.400000 -1.003598 -0.274536
0.410600 0.407341 447.500000 -1.028514 -0.222536
0.410630 0.407252 447.600000 -1.046248 -0.131252
0.410661 0.407163 447.700000 -1.046487 0.126482
0.410688 0.407073 447.800000 -1.034421 0.114233
0.410712 0.406990 447.900000 -1.015734 0.258569
0.410731 0.406902 448.000000 -0.995075 0.153581
0.410746 0.406815 448.100000 -0.978136 0.184353
0.410754 0.406751 448.200000 -0.944192 0.492821
0.410748 0.406734 448.300000 -0.878832 0.811120
0.410728 0.406702 448.400000 -0.801794 0.725774
0.410697 0.406650 448.500000 -0.735623 0.594350
0.410657 0.406585 448.600000 -0.682216 0.471119
0.410611 0.406512 448.700000 -0.638199 0.407023
0.410558 0.406457 448.800000 -0.589716 0.560204
0.410498 0.406417 448.900000 -0.527769 0.675644
0.410431 0.406346 449.000000 -0.472707 0.422845
0.410360 0.406298 449.100000 -0.420909 0.610526
0.410282 0.406305 449.200000 -0.343175 0.940263
0.410197 0.406325 449.300000 -0.246289 0.992622
0.410108 0.406357 449.400000 -0.143986 1.048321
0.410017 0.406373 449.500000 -0.042417 0.977974
0.409926 0.406373 449.600000 0.051891 0.903469
0.409837 0.406365 449.700000 0.140255 0.859395
0.409752 0.406362 449.800000 0.227794 0.887001
0.409672 0.406373 449.900000 0.320285 0.958200
0.409601 0.406403 450.000000 0.420358 1.038263
0.409540 0.406419 450.100000 0.521446 0.978445
0.409491 0.406401 450.200000 0.610954 0.807228
0.409451 0.406342 450.300000 0.678087 0.532072
0.409420 0.406304 450.400000 0.739087 0.684891
0.409401 0.406246 450.500000 0.800165 0.533617
0.409388 0.406161 450.600000 0.837829 0.217771
0.409378 0.406074 450.700000 0.857538 0.175430
0.409371 0.405984 450.800000 0.866028 -0.006063
0.409361 0.405901 450.900000 0.853427 -0.245321
0.409345 0.405824 451.000000 0.823908 -0.343589
0.409322 0.405765 451.100000 0.779970 -0.532975
0.409290 0.405703 451.200000 0.728212 -0.499600
0.409250 0.405640 451.300000 0.678416 -0.493828
0.409205 0.405563 451.400000 0.636498 -0.342428
0.409153 0.405501 451.500000 0.594173 -0.501969
0.409094 0.405462 451.600000 0.535272 -0.673097
0.409027 0.405442 451.700000 0.461759 -0.793494
0.408953 0.405402 451.800000 0.388385 -0.670316
0.408874 0.405380 451.900000 0.315361 -0.786512
0.408789 0.405375 452.000000 0.232167 -0.873207
0.408701 0.405377 452.100000 0.142889 -0.907888
0.408611 0.405385 452.200000 0.050162 -0.942018
0.408521 0.405401 452.300000 -0.045966 -0.975728
0.408433 0.405402 452.400000 -0.140245 -0.905137
0.408348 0.405355 452.500000 -0.216902 -0.624164
0.408266 0.405313 452.600000 -0.280938 -0.653360
0.408189 0.405239 452.700000 -0.332782 -0.380936
0.408114 0.405163 452.800000 -0.369488 -0.351337
0.408041 0.405081 452.900000 -0.400213 -0.261639
0.407972 0.405017 453.000000 -0.437244 -0.477123
0.407908 0.404945 453.100000 -0.481156 -0.398911
0.407847 0.404865 453.200000 -0.515776 -0.291774
0.407789 0.404779 453.300000 -0.538178 -0.155137
0.407732 0.404690 453.400000 -0.546463 -0.010149
0.407674 0.404602 453.500000 -0.540772 0.123678
0.407614 0.404522 453.600000 -0.519753 0.295658
0.407550 0.404457 453.700000 -0.481742 0.462654
0.407482 0.404371 453.800000 -0.449583 0.178915
0.407413 0.404288 453.900000 -0.429183 0.228069
0.407341 0.404207 454.000000 -0.403837 0.277594
0.407267 0.404128 454.100000 -0.375308 0.291556
0.407190 0.404059 454.200000 -0.339411 0.424582
0.407111 0.403974 454.300000 -0.308152 0.199033
0.407031 0.403885 454.400000 -0.296841 0.026636
0.406952 0.403800 454.500000 -0.304033 -0.170119
0.406873 0.403712 454.600000 -0.308519 0.080614
0.406793 0.403629 454.700000 -0.292958 0.229834
0.406711 0.403545 454.800000 -0.271111 0.206014
0.406628 0.403468 454.900000 -0.243974 0.335371
0.406545 0.403380 455.000000 -0.224619 0.050758
0.406461 0.403295 455.100000 -0.231902 -0.196062
0.406379 0.403221 455.200000 -0.259710 -0.358693
0.406300 0.403152 455.300000 -0.298678 -0.418735
0.406223 0.403067 455.400000 -0.329071 -0.187605
0.406146 0.402980 455.500000 -0.343131 -0.092883
0.406071 0.402892 455.600000 -0.351221 -0.068518
0.405996 0.402807 455.700000 -0.363414 -0.174720
0.405923 0.402720 455.800000 -0.378623 -0.128708
0.405851 0.402639 455.900000 -0.398210 -0.262053
0.405782 0.402557 456.000000 -0.423430 -0.241081
0.405714 0.402470 456.100000 -0.441065 -0.110733
0.405647 0.402382 456.200000 -0.445549 0.021271
0.405578 0.402308 456.300000 -0.426851 0.351758
0.405505 0.402253 456.400000 -0.381433 0.554319
0.405428 0.402190 456.500000 -0.329720 0.477369
0.405348 0.402123 456.600000 -0.283966 0.435423
0.405266 0.402052 456.700000 -0.242368 0.394441
0.405182 0.401976 456.800000 -0.205821 0.334688
0.405096 0.401936 456.900000 -0.155786 0.663501
0.405008 0.401886 457.000000 -0.092975 0.589574
0.404920 0.401838 457.100000 -0.033431 0.598337
0.404831 0.401796 457.200000 0.029172 0.650583
0.404744 0.401743 457.300000 0.089882 0.560593
0.404658 0.401686 457.400000 0.144620 0.531428
0.404574 0.401656 457.500000 0.207720 0.727409
0.404494 0.401625 457.600000 0.280539 0.725329
0.404419 0.401572 457.700000 0.345004 0.560750
0.404346 0.401488 457.800000 0.382948 0.196246
0.404275 0.401401 457.900000 0.396290 0.069914
0.404204 0.401314 458.000000 0.397539 -0.044991
0.404133 0.401226 458.100000 0.395085 -0.003967
0.404062 0.401140 458.200000 0.400503 0.112062
0.403993 0.401059 458.300000 0.418163 0.240248
0.403928 0.400995 458.400000 0.453717 0.469055
0.403866 0.400923 458.500000 0.495770 0.369891
0.403810 0.400859 458.600000 0.537549 0.463603
0.403759 0.400799 458.700000 0.585852 0.500039
0.403714 0.400725 458.800000 0.628750 0.355789
0.403674 0.400648 458.900000 0.661876 0.305072
0.403638 0.400568 459.000000 0.690230 0.260598
0.403605 0.400482 459.100000 0.707914 0.092184
0.403572 0.400395 459.200000 0.711990 -0.010866
0.403539 0.400308 459.300000 0.709159 -0.045608
0.403505 0.400221 459.400000 0.704445 -0.048437
0.403472 0.400136 459.500000 0.709645 0.152179
0.403441 0.400050 459.600000 0.721007 0.074489
0.403411 0.399964 459.700000 0.729315 0.091253
0.403381 0.399878 459.800000 0.729934 -0.078909
0.403349 0.399794 459.900000 0.716750 -0.184111
0.403315 0.399708 460.000000 0.702753 -0.095115
0.403278 0.399632 460.100000 0.682137 -0.316181
0.403238 0.399549 460.200000 0.657794 -0.169453
0.403195 0.399463 460.300000 0.643343 -0.118844
0.403149 0.399396 460.400000 0.616378 -0.419121
0.403097 0.399328 460.500000 0.574299 -0.420348
0.403040 0.399265 460.600000 0.529968 -0.464065
0.402977 0.399219 460.700000 0.475911 -0.614368
0.402909 0.399153 460.800000 0.423181 -0.437587
0.402837 0.399086 460.900000 0.379984 -0.424195
0.402763 0.399006 461.000000 0.346872 -0.236398
0.402687 0.398923 461.100000 0.326470 -0.170622
0.402610 0.398840 461.200000 0.308679 -0.184307
0.402532 0.398757 461.300000 0.289830 -0.191720
0.402453 0.398671 461.400000 0.276864 -0.066954
0.402374 0.398585 461.500000 0.274994 0.029648
0.402295 0.398500 461.600000 0.271938 -0.090617
0.402215 0.398414 461.700000 0.262553 -0.096609
0.402135 0.398330 461.800000 0.251736 -0.119208
0.402054 0.398245 461.900000 0.238946 -0.135947
0.401973 0.398160 462.000000 0.229295 -0.056580
0.401892 0.398074 462.100000 0.228912 0.048933
0.401811 0.397988 462.200000 0.230146 -0.024318
0.401730 0.397907 462.300000 0.240542 0.231715
0.401650 0.397821 462.400000 0.252677 0.010393
0.401570 0.397735 462.500000 0.253207 0.000173
0.401490 0.397649 462.600000 0.253152 -0.001268
0.401411 0.397566 462.700000 0.260808 0.153997
0.401332 0.397481 462.800000 0.273899 0.107170
0.401254 0.397396 462.900000 0.278236 -0.020649
0.401175 0.397310 463.000000 0.276438 -0.015221
0.401097 0.397227 463.100000 0.267932 -0.154473
0.401017 0.397141 463.200000 0.262410 0.044304
0.400938 0.397058 463.300000 0.256537 -0.161455
0.400858 0.396975 463.400000 0.240188 -0.164708
0.400776 0.396906 463.500000 0.212620 -0.385271
0.400693 0.396849 463.600000 0.167405 -0.516779
0.400608 0.396773 463.700000 0.126483 -0.299620
0.400523 0.396693 463.800000 0.100314 -0.222445
0.400437 0.396626 463.900000 0.068362 -0.415002
0.400351 0.396548 464.000000 0.034421 -0.262114
0.400265 0.396476 464.100000 0.003310 -0.358554
0.400179 0.396438 464.200000 -0.047854 -0.662169
0.400094 0.396377 464.300000 -0.105011 -0.478107
0.400010 0.396323 464.400000 -0.155789 -0.534913
0.399929 0.396272 464.500000 -0.210745 -0.561467
0.399851 0.396227 464.600000 -0.269771 -0.616099
0.399776 0.396171 464.700000 -0.326963 -0.524873
0.399706 0.396126 464.800000 -0.383590 -0.604840
0.399640 0.396063 464.900000 -0.436694 -0.454592
0.399578 0.395984 465.000000 -0.471438 -0.238547
0.399519 0.395905 465.100000 -0.495624 -0.243966
0.399461 0.395821 465.200000 -0.513898 -0.120596
0.399405 0.395737 465.300000 -0.524032 -0.081568
0.399349 0.395652 465.400000 -0.527304 0.016289
0.399292 0.395574 465.500000 -0.514113 0.246869
0.399232 0.395492 465.600000 -0.492432 0.185672
0.399171 0.395411 465.700000 -0.474446 0.173141
0.399109 0.395331 465.800000 -0.477027 -0.224639
0.399051 0.395256 465.900000 -0.502972 -0.292954
0.398997 0.395199 466.000000 -0.543291 -0.511410
0.398949 0.395143 466.100000 -0.594796 -0.516107
0.398908 0.395076 466.200000 -0.640987 -0.405418
0.398872 0.395013 466.300000 -0.684143 -0.455543
0.398842 0.394934 466.400000 -0.718564 -0.231155
0.398816 0.394856 466.500000 -0.742883 -0.254002
0.398794 0.394779 466.600000 -0.768228 -0.251639
0.398776 0.394704 466.700000 -0.795817 -0.298759
0.398764 0.394634 466.800000 -0.829329 -0.369807
0.398761 0.394581 466.900000 -0.875192 -0.545149
0.398766 0.394508 467.000000 -0.918618 -0.321200
0.398777 0.394432 467.100000 -0.949462 -0.294146
0.398794 0.394359 467.200000 -0.980042 -0.315920
0.398817 0.394279 467.300000 -1.006041 -0.202755
0.398845 0.394201 467.400000 -1.028248 -0.240275
0.398876 0.394117 467.500000 -1.044031 -0.074598
0.398907 0.394035 467.600000 -1.040021 0.154591
0.398936 0.393951 467.700000 -1.034839 -0.051221
0.398967 0.393868 467.800000 -1.043392 -0.119402
0.398999 0.393784 467.900000 -1.048223 0.023032
0.399028 0.393708 468.000000 -1.033742 0.265864
0.399050 0.393640 468.100000 -1.001130 0.384745
0.399064 0.393569 468.200000 -0.963999 0.356011
0.399070 0.393502 468.300000 -0.926072 0.400630
0.399069 0.393436 468.400000 -0.885485 0.409086
0.399059 0.393380 468.500000 -0.839501 0.508304
0.399039 0.393336 468.600000 -0.783370 0.611500
0.399008 0.393325 468.700000 -0.711255 0.827188
0.398964 0.393329 468.800000 -0.624112 0.911316
0.398910 0.393324 468.900000 -0.535316 0.860159
0.398847 0.393302 469.000000 -0.454140 0.759315
0.398777 0.393266 469.100000 -0.382452 0.670859
0.398703 0.393249 469.200000 -0.309115 0.792216
0.398623 0.393231 469.300000 -0.230021 0.785709
0.398541 0.393175 469.400000 -0.165108 0.509299
0.398457 0.393153 469.500000 -0.101312 0.763441
0.398373 0.393112 469.600000 -0.031285 0.633584
0.398288 0.393063 469.700000 0.028818 0.565475
0.398204 0.393007 469.800000 0.082709 0.509644
0.398121 0.392952 469.900000 0.134335 0.520300
0.398040 0.392901 470.000000 0.188329 0.556876
0.397962 0.392856 470.100000 0.246321 0.600078
0.397887 0.392806 470.200000 0.304392 0.558436
0.397817 0.392767 470.300000 0.364889 0.648466
0.397752 0.392742 470.400000 0.434547 0.741225
0.397696 0.392729 470.500000 0.512494 0.813808
0.397648 0.392689 470.600000 0.585547 0.643600
0.397607 0.392635 470.700000 0.644158 0.525701
0.397575 0.392586 470.800000 0.698908 0.566544
0.397549 0.392518 470.900000 0.746184 0.376623
0.397529 0.392439 471.000000 0.775563 0.209492
0.397510 0.392356 471.100000 0.785483 -0.011593
0.397490 0.392275 471.200000 0.777236 -0.152940
0.397467 0.392195 471.300000 0.761253 -0.165918
0.397440 0.392121 471.400000 0.737553 -0.306899
0.397408 0.392053 471.500000 0.703612 -0.370232
0.397369 0.392012 471.600000 0.653431 -0.630878
0.397321 0.392001 471.700000 0.580312 -0.827844
0.397262 0.392010 471.800000 0.492231 -0.929374
0.397195 0.392039 471.900000 0.394030 -1.029734
0.397119 0.392076 472.000000 0.289089 -1.063835
0.397039 0.392125 472.100000 0.179870 -1.115088
0.396955 0.392227 472.200000 0.057659 -1.323015
0.396871 0.392286 472.300000 -0.066808 -1.160100
0.396791 0.392312 472.400000 -0.175749 -1.013279
0.396716 0.392438 472.500000 -0.297082 -1.407318
0.396651 0.392503 472.600000 -0.426770 -1.179949
0.396599 0.392584 472.700000 -0.548360 -1.245766
0.396565 0.392720 472.800000 -0.683002 -1.440339
0.396552 0.392815 472.900000 -0.820317 -1.299108
0.396565 0.392932 473.000000 -0.954407 -1.375993
0.396609 0.393095 473.100000 -1.099730 -1.523187
0.396689 0.393217 473.200000 -1.246053 -1.395951
0.396809 0.393367 473.300000 -1.390469 -1.485162
0.396972 0.393447 473.400000 -1.527190 -1.242420
0.397168 0.393433 473.500000 -1.630042 -0.809474
0.397389 0.393383 473.600000 -1.698621 -0.558676
0.397625 0.393308 473.700000 -1.739976 -0.266361
0.397866 0.393225 473.800000 -1.756127 -0.055848
0.398110 0.393143 473.900000 -1.762799 -0.077251
0.398350 0.393068 474.000000 -1.752902 0.274688
0.398580 0.392993 474.100000 -1.725500 0.271976
0.398799 0.392922 474.200000 -1.694825 0.339998
0.399007 0.392846 474.300000 -1.665339 0.248238
0.399204 0.392780 474.400000 -1.632806 0.400808
0.399383 0.392738 474.500000 -1.581274 0.627257
0.399544 0.392683 474.600000 -1.524435 0.506670
0.399689 0.392623 474.700000 -1.475412 0.471341
0.399818 0.392579 474.800000 -1.421759 0.599043
0.399926 0.392556 474.900000 -1.353915 0.754440
0.400013 0.392551 475.000000 -1.272875 0.862311
0.400076 0.392555 475.100000 -1.184160 0.907544
0.400115 0.392604 475.200000 -1.082728 1.116032
0.400131 0.392626 475.300000 -0.976760 0.998019
0.400124 0.392756 475.400000 -0.855463 1.421870
0.400091 0.392994 475.500000 -0.696683 1.745773
0.400036 0.393226 475.600000 -0.522432 1.730540
0.399964 0.393456 475.700000 -0.349234 1.724754
0.399884 0.393681 475.800000 -0.177023 1.710856
0.399800 0.393877 475.900000 -0.009570 1.629845
0.399718 0.394077 476.000000 0.154303 1.639423
0.399644 0.394203 476.100000 0.307228 1.411420
0.399582 0.394364 476.200000 0.454258 1.521835
0.399535 0.394462 476.300000 0.596458 1.315046
0.399507 0.394563 476.400000 0.728622 1.321629
0.399501 0.394665 476.500000 0.861381 1.326915
0.399520 0.394729 476.600000 0.987329 1.185744
0.399565 0.394808 476.700000 1.108949 1.240586
0.399638 0.394844 476.800000 1.224506 1.064776
0.399738 0.394844 476.900000 1.322455 0.889308
0.399862 0.394829 477.000000 1.407159 0.800535
0.400009 0.394805 477.100000 1.484840 0.749188
0.400178 0.394767 477.200000 1.555368 0.657848
0.400371 0.394738 477.300000 1.624080 0.712969
0.400581 0.394664 477.400000 1.674314 0.289204
0.400798 0.394583 477.500000 1.695809 0.139607
0.401014 0.394504 477.600000 1.694614 -0.163435
0.401222 0.394433 477.700000 1.669558 -0.336429
0.401414 0.394387 477.800000 1.623034 -0.591742
0.401584 0.394353 477.900000 1.559300 -0.679738
0.401733 0.394316 478.000000 1.492132 -0.660275
0.401858 0.394323 478.100000 1.412532 -0.927732
0.401956 0.394327 478.200000 1.320583 -0.906648
0.402029 0.394350 478.300000 1.224691 -1.006405
0.402078 0.394357 478.400000 1.127991 -0.922765
0.402101 0.394464 478.500000 1.014237 -1.346618
0.402097 0.394606 478.600000 0.873250 -1.466077
0.402067 0.394760 478.700000 0.724280 -1.505876
0.402019 0.394879 478.800000 0.579250 -1.387473
0.401956 0.394946 478.900000 0.449813 -1.194802
0.401883 0.395046 479.000000 0.323500 -1.325140
0.401803 0.395119 479.100000 0.195959 -1.219293
0.401720 0.395164 479.200000 0.079442 -1.105233
0.401636 0.395217 479.300000 -0.033048 -1.138928
0.401554 0.395260 479.400000 -0.145157 -1.097656
0.401478 0.395317 479.500000 -0.258183 -1.157210
0.401409 0.395385 479.600000 -0.376340 -1.200021
0.401351 0.395455 479.700000 -0.497030 -1.207756
0.401307 0.395504 479.800000 -0.614049 -1.126773
0.401276 0.395498 479.900000 -0.713427 -0.855808
0.401258 0.395483 480.000000 -0.796528 -0.802057
0.401254 0.395445 480.100000 -0.869280 -0.649340
0.401262 0.395422 480.200000 -0.939823 -0.758003
0.401286 0.395405 480.300000 -1.017445 -0.790551
0.401325 0.395354 480.400000 -1.084673 -0.550640
0.401375 0.395292 480.500000 -1.134488 -0.443177
0.401435 0.395221 480.600000 -1.173208 -0.329292
0.401505 0.395163 480.700000 -1.213582 -0.476174
0.401583 0.395083 480.800000 -1.245907 -0.168710
0.401663 0.395001 480.900000 -1.255478 -0.022215
0.401740 0.394927 481.000000 -1.242424 0.282644
0.401810 0.394853 481.100000 -1.214444 0.275544
0.401873 0.394776 481.200000 -1.189823 0.215653
0.401932 0.394698 481.300000 -1.169810 0.183597
0.401986 0.394619 481.400000 -1.151057 0.190540
0.402037 0.394538 481.500000 -1.138473 0.060501
0.402087 0.394456 481.600000 -1.134001 0.028713
0.402136 0.394375 481.700000 -1.126906 0.112833
0.402181 0.394296 481.800000 -1.114096 0.142726
0.402222 0.394218 481.900000 -1.096807 0.202200
0.402260 0.394139 482.000000 -1.078825 0.156539
0.402292 0.394064 482.100000 -1.058582 0.247300
0.402319 0.393994 482.200000 -1.028729 0.348274
0.402335 0.393952 482.300000 -0.980555 0.612796
0.402340 0.393902 482.400000 -0.921953 0.556322
0.402333 0.393860 482.500000 -0.863133 0.617120
0.402315 0.393855 482.600000 -0.789186 0.858138
0.402281 0.393895 482.700000 -0.691724 1.086229
0.402232 0.393978 482.800000 -0.574125 1.259861
0.402169 0.394089 482.900000 -0.442604 1.363978
0.402095 0.394175 483.000000 -0.310487 1.271765
0.402016 0.394233 483.100000 -0.188391 1.164039
0.401933 0.394230 483.200000 -0.086531 0.868085
0.401850 0.394247 483.300000 0.005899 0.975879
0.401768 0.394303 483.400000 0.112637 1.153556
0.401690 0.394331 483.500000 0.222086 1.029940
0.401619 0.394370 483.600000 0.327861 1.080271
0.401555 0.394394 483.700000 0.432542 1.008126
0.401500 0.394369 483.800000 0.520173 0.740109
0.401453 0.394338 483.900000 0.592427 0.701361
0.401415 0.394289 484.000000 0.655827 0.563456
0.401384 0.394232 484.100000 0.708344 0.484276
0.401361 0.394191 484.200000 0.763709 0.620240
0.401349 0.394158 484.300000 0.829239 0.687082
0.401346 0.394088 484.400000 0.880175 0.329106
0.401350 0.394024 484.500000 0.917458 0.414679
0.401361 0.393951 484.600000 0.952359 0.281596
0.401377 0.393876 484.700000 0.979056 0.251020
0.401398 0.393801 484.800000 1.003952 0.245655
0.401423 0.393721 484.900000 1.020038 0.075250
0.401446 0.393644 485.000000 1.013573 -0.204214
0.401463 0.393578 485.100000 0.983784 -0.390086
0.401470 0.393539 485.200000 0.932160 -0.639799
0.401463 0.393530 485.300000 0.858348 -0.832752
0.401441 0.393535 485.400000 0.770696 -0.915920
0.401406 0.393535 485.500000 0.680291 -0.887648
0.401360 0.393530 485.600000 0.592887 -0.856076
0.401304 0.393525 485.700000 0.506684 -0.863664
0.401239 0.393524 485.800000 0.419394 -0.877765
0.401168 0.393528 485.900000 0.329832 -0.909005
0.401090 0.393614 486.000000 0.220388 -1.274404
0.401009 0.393697 486.100000 0.093237 -1.262261
0.400926 0.393729 486.200000 -0.022546 -1.047601
0.400845 0.393734 486.300000 -0.120916 -0.914877
0.400768 0.393744 486.400000 -0.214041 -0.942983
0.400695 0.393739 486.500000 -0.304242 -0.856508
0.400628 0.393732 486.600000 -0.389685 -0.848093
0.400569 0.393741 486.700000 -0.479244 -0.938602
0.400521 0.393763 486.800000 -0.576487 -1.001405
0.400487 0.393809 486.900000 -0.682265 -1.108863
0.400470 0.393877 487.000000 -0.798341 -1.206853
0.400473 0.393901 487.100000 -0.909380 -1.008381
0.400494 0.393910 487.200000 -1.006829 -0.935720
0.400536 0.393910 487.300000 -1.098180 -0.886738
0.400596 0.393878 487.400000 -1.177412 -0.693939
0.400669 0.393813 487.500000 -1.231928 -0.393649
0.400749 0.393734 487.600000 -1.257554 -0.117593
0.400832 0.393655 487.700000 -1.268969 -0.110139
0.400918 0.393575 487.800000 -1.280051 -0.110950
0.401002 0.393499 487.900000 -1.274591 0.219879
0.401081 0.393422 488.000000 -1.254255 0.185829
0.401156 0.393345 488.100000 -1.235669 0.184963
0.401225 0.393269 488.200000 -1.216523 0.196991
0.401288 0.393200 488.300000 -1.189331 0.345490
0.401340 0.393149 488.400000 -1.145214 0.534655
0.401378 0.393112 488.500000 -1.085897 0.648717
0.401402 0.393079 488.600000 -1.019089 0.684109
0.401411 0.393080 488.700000 -0.940053 0.892646
0.401403 0.393062 488.800000 -0.856339 0.777452
0.401385 0.393021 488.900000 -0.786153 0.622763
0.401357 0.392961 489.000000 -0.732600 0.445623
0.401325 0.392890 489.100000 -0.694942 0.305642
0.401286 0.392840 489.200000 -0.652279 0.545504
0.401241 0.392791 489.300000 -0.597501 0.547300
0.401189 0.392744 489.400000 -0.541240 0.575115
0.401130 0.392705 489.500000 -0.480770 0.631258
0.401067 0.392654 489.600000 -0.422338 0.534456
0.400998 0.392610 489.700000 -0.365639 0.596691
0.400926 0.392561 489.800000 -0.307934 0.554535
0.400851 0.392516 489.900000 -0.250606 0.589157
0.400772 0.392502 490.000000 -0.180775 0.803966
0.400691 0.392511 490.100000 -0.093580 0.935582
0.400610 0.392511 490.200000 -0.002517 0.881126
0.400529 0.392464 490.300000 0.070346 0.572478
0.400449 0.392433 490.400000 0.133754 0.692513
0.400371 0.392363 490.500000 0.184474 0.319349
0.400294 0.392297 490.600000 0.218580 0.361075
0.400219 0.392245 490.700000 0.263100 0.527091
0.400148 0.392188 490.800000 0.313548 0.479348
0.400080 0.392143 490.900000 0.366890 0.584827
0.400017 0.392104 491.000000 0.427956 0.633427
0.399961 0.392079 491.100000 0.496263 0.729301
0.399913 0.392066 491.200000 0.573476 0.811103
0.399874 0.392026 491.300000 0.645688 0.629532
0.399842 0.391968 491.400000 0.700439 0.462742
0.399817 0.391898 491.500000 0.739053 0.307607
0.399796 0.391828 491.600000 0.770072 0.311224
0.399779 0.391756 491.700000 0.799050 0.266884
0.399766 0.391677 491.800000 0.815494 0.061175
0.399751 0.391602 491.900000 0.807253 -0.225579
0.399733 0.391524 492.000000 0.791462 -0.089456
0.399713 0.391448 492.100000 0.777574 -0.187608
0.399691 0.391370 492.200000 0.761900 -0.125077
0.399666 0.391297 492.300000 0.742772 -0.256541
0.399635 0.391247 492.400000 0.703024 -0.536431
0.399598 0.391182 492.500000 0.657232 -0.377112
0.399555 0.391127 492.600000 0.613700 -0.491343
0.399506 0.391065 492.700000 0.568020 -0.419982
0.399453 0.391012 492.800000 0.521543 -0.507227
0.399394 0.390966 492.900000 0.467318 -0.574562
0.399330 0.390927 493.000000 0.406985 -0.629089
0.399261 0.390882 493.100000 0.346304 -0.581503
0.399188 0.390855 493.200000 0.281256 -0.716203
0.399112 0.390835 493.300000 0.207051 -0.764188
0.399033 0.390781 493.400000 0.143781 -0.498043
0.398953 0.390743 493.500000 0.086740 -0.639920
0.398872 0.390697 493.600000 0.025981 -0.572219
0.398791 0.390681 493.700000 -0.042296 -0.789918
0.398712 0.390683 493.800000 -0.126774 -0.895406
0.398636 0.390683 493.900000 -0.215947 -0.883605
0.398565 0.390680 494.000000 -0.303715 -0.867362
0.398499 0.390647 494.100000 -0.381131 -0.677081
0.398438 0.390600 494.200000 -0.443172 -0.560653
0.398383 0.390563 494.300000 -0.503573 -0.644348
0.398335 0.390530 494.400000 -0.569429 -0.669471
0.398295 0.390480 494.500000 -0.630233 -0.543561
0.398262 0.390437 494.600000 -0.687396 -0.596840
0.398236 0.390365 494.700000 -0.729546 -0.244067
0.398213 0.390295 494.800000 -0.757241 -0.308445
0.398196 0.390231 494.900000 -0.791674 -0.378485
0.398187 0.390187 495.000000 -0.840014 -0.585900
0.398188 0.390148 495.100000 -0.900816 -0.627102
0.398202 0.390108 495.200000 -0.963563 -0.624700
0.398224 0.390037 495.300000 -1.008540 -0.272605
0.398250 0.389960 495.400000 -1.029294 -0.141435
0.398280 0.389885 495.500000 -1.045309 -0.178059
0.398312 0.389806 495.600000 -1.052075 0.043076
0.398340 0.389733 495.700000 -1.039130 0.215176
0.398363 0.389666 495.800000 -1.010773 0.350552
0.398376 0.389619 495.900000 -0.965177 0.559074
0.398380 0.389570 496.000000 -0.910006 0.541599
0.398374 0.389516 496.100000 -0.858156 0.492812
0.398357 0.389492 496.200000 -0.796688 0.733460
0.398329 0.389471 496.300000 -0.721999 0.756602
0.398291 0.389468 496.400000 -0.640742 0.864466
0.398240 0.389498 496.500000 -0.545496 1.035700
0.398180 0.389506 496.600000 -0.446902 0.931239
0.398113 0.389507 496.700000 -0.355833 0.885600
0.398040 0.389528 496.800000 -0.261700 0.992339
0.397962 0.389540 496.900000 -0.164356 0.949687
0.397883 0.389511 497.000000 -0.081519 0.702910
0.397803 0.389477 497.100000 -0.012964 0.664764
0.397723 0.389462 497.200000 0.060149 0.793826
0.397645 0.389447 497.300000 0.139515 0.789543
0.397570 0.389428 497.400000 0.217774 0.771718
0.397499 0.389437 497.500000 0.303096 0.930446
0.397435 0.389413 497.600000 0.386526 0.733985
0.397377 0.389437 497.700000 0.473862 1.008369
0.397330 0.389431 497.800000 0.566999 0.849709
0.397292 0.389404 497.900000 0.645334 0.713085
0.397262 0.389356 498.000000 0.708335 0.543788
0.397240 0.389295 498.100000 0.756718 0.421458
0.397225 0.389239 498.200000 0.801084 0.463629
0.397217 0.389176 498.300000 0.843951 0.391577
0.397213 0.389100 498.400000 0.870556 0.139189
0.397208 0.389029 498.500000 0.864360 -0.262807
0.397199 0.388959 498.600000 0.836650 -0.290004
0.397184 0.388893 498.700000 0.805023 -0.340957
0.397164 0.388827 498.800000 0.770346 -0.350853
0.397139 0.388756 498.900000 0.739639 -0.261737
0.397110 0.388691 499.000000 0.708658 -0.356346
0.397076 0.388621 499.100000 0.676530 -0.284591
0.397038 0.388554 499.200000 0.645724 -0.330008
0.396997 0.388479 499.300000 0.621048 -0.162273
0.396954 0.388410 499.400000 0.597875 -0.300025
0.396906 0.388343 499.500000 0.566521 -0.325485
0.396856 0.388275 499.600000 0.534915 -0.305055
0.396801 0.388209 499.700000 0.502157 -0.348477
0.396744 0.388142 499.800000 0.468956 -0.313879
0.396684 0.388075 499.900000 0.436271 -0.338176
0.396620 0.388031 500.000000 0.390423 -0.576497
0.396551 0.387993 500.100000 0.329851 -0.631914
0.396479 0.387955 500.200000 0.266757 -0.626809
0.396404 0.387919 500.300000 0.202967 -0.645798
0.396326 0.387928 500.400000 0.124105 -0.927502
0.396247 0.387896 500.500000 0.043580 -0.678965
0.396168 0.387867 500.600000 -0.025443 -0.698045
0.396090 0.387825 500.700000 -0.090075 -0.591372
0.396013 0.387773 500.800000 -0.144991 -0.504192
0.395937 0.387707 500.900000 -0.187257 -0.339023
0.395864 0.387649 501.000000 -0.226533 -0.444530
0.395792 0.387602 501.100000 -0.276339 -0.549098
0.395724 0.387562 501.200000 -0.334567 -0.612552
0.395661 0.387529 501.300000 -0.398612 -0.665146
0.395604 0.387489 501.400000 -0.462669 -0.612789
0.395552 0.387437 501.500000 -0.518790 -0.506826
0.395506 0.387397 501.600000 -0.574844 -0.611450
0.395466 0.387342 501.700000 -0.628768 -0.464342
0.395432 0.387273 501.800000 -0.666929 -0.296967
0.395403 0.387225 501.900000 -0.708657 -0.535504
0.395383 0.387188 502.000000 -0.767317 -0.634778
0.395372 0.387139 502.100000 -0.825850 -0.532940
0.395370 0.387085 502.200000 -0.876616 -0.479854
0.395377 0.387038 502.300000 -0.928268 -0.550595
0.395394 0.386980 502.400000 -0.977998 -0.441514
0.395417 0.386909 502.500000 -1.012167 -0.240174
0.395442 0.386832 502.600000 -1.021916 0.045689
0.395464 0.386761 502.700000 -1.007106 0.249774
0.395481 0.386694 502.800000 -0.978851 0.313907
0.395492 0.386622 502.900000 -0.952475 0.212299
0.395498 0.386559 503.000000 -0.923312 0.369510
0.395498 0.386496 503.100000 -0.886000 0.374866
0.395491 0.386435 503.200000 -0.847305 0.397091
0.395476 0.386383 503.300000 -0.802085 0.505049
0.395451 0.386381 503.400000 -0.733362 0.865971
0.395412 0.386426 503.500000 -0.634520 1.105923
0.395361 0.386466 503.600000 -0.524596 1.087066
0.395300 0.386505 503.700000 -0.416114 1.077156
0.395231 0.386554 503.800000 -0.305742 1.124758
0.395156 0.386635 503.900000 -0.186142 1.261263
0.395078 0.386709 504.000000 -0.061134 1.232648
0.395000 0.386794 504.100000 0.064662 1.276992
0.394925 0.386858 504.200000 0.188551 1.194577
0.394857 0.386992 504.300000 0.321506 1.457877
0.394801 0.387151 504.400000 0.471763 1.539761
0.394760 0.387252 504.500000 0.616102 1.339796
0.394738 0.387379 504.600000 0.755161 1.434442
0.394739 0.387483 504.700000 0.894815 1.351656
0.394766 0.387575 504.800000 1.027981 1.304995
0.394819 0.387629 504.900000 1.150902 1.147277
0.394897 0.387644 505.000000 1.256747 0.964341
0.394998 0.387632 505.100000 1.345762 0.811495
0.395118 0.387587 505.200000 1.414530 0.560423
0.395256 0.387561 505.300000 1.478401 0.713811
0.395409 0.387493 505.400000 1.529307 0.301758
0.395570 0.387421 505.500000 1.555918 0.229131
0.395737 0.387346 505.600000 1.573334 0.118327
0.395903 0.387272 505.700000 1.571681 -0.151304
0.396060 0.387211 505.800000 1.544082 -0.399303
0.396203 0.387168 505.900000 1.494770 -0.584475
0.396328 0.387129 506.000000 1.434673 -0.614454
0.396433 0.387113 506.100000 1.364565 -0.784192
0.396517 0.387114 506.200000 1.280874 -0.885459
0.396576 0.387168 506.300000 1.178974 -1.147443
0.396607 0.387270 506.400000 1.053958 -1.346614
0.396612 0.387400 506.500000 0.913982 -1.445915
0.396591 0.387554 506.600000 0.764985 -1.526574
0.396548 0.387788 506.700000 0.599473 -1.775396
0.396488 0.388023 506.800000 0.421446 -1.776234
0.396414 0.388374 506.900000 0.228095 -2.081129
0.396336 0.388892 507.000000 0.000667 -2.456052
0.396264 0.389477 507.100000 -0.252323 -2.591109
0.396211 0.389954 507.200000 -0.500978 -2.369555
0.396186 0.390380 507.300000 -0.733062 -2.260512
0.396198 0.390789 507.400000 -0.957672 -2.220452
0.396257 0.391180 507.500000 -1.178193 -2.178957
0.396369 0.391519 507.600000 -1.390494 -2.056438
0.396539 0.391770 507.700000 -1.585032 -1.824592
0.396766 0.391982 507.800000 -1.762423 -1.714357
0.397050 0.392089 507.900000 -1.916829 -1.366055
0.397375 0.392074 508.000000 -2.025278 -0.797492
0.397727 0.392021 508.100000 -2.090013 -0.493977
0.398096 0.391957 508.200000 -2.133223 -0.368069
0.398478 0.391885 508.300000 -2.163111 -0.228182
0.398863 0.391809 508.400000 -2.171503 0.060756
0.399244 0.391734 508.500000 -2.160411 0.160531
0.399614 0.391667 508.600000 -2.136647 0.313556
0.399967 0.391615 508.700000 -2.095287 0.511578
0.400294 0.391593 508.800000 -2.032360 0.743818
0.400589 0.391593 508.900000 -1.950684 0.885615
0.400848 0.391621 509.000000 -1.854344 1.036362
0.401065 0.391730 509.100000 -1.733433 1.375818
0.401231 0.391924 509.200000 -1.581226 1.660718
0.401348 0.392135 509.300000 -1.412169 1.711963
0.401419 0.392395 509.400000 -1.233522 1.852054
0.401447 0.392677 509.500000 -1.044790 1.913140
0.401438 0.393070 509.600000 -0.839102 2.190344
0.401396 0.393487 509.700000 -0.616853 2.243526
0.401333 0.393840 509.800000 -0.399419 2.094275
0.401258 0.394110 509.900000 -0.200157 1.880994
0.401180 0.394423 510.000000 -0.005803 1.996374
0.401105 0.394901 510.100000 0.213553 2.379789
0.401047 0.395416 510.200000 0.456105 2.459107
0.401018 0.395981 510.300000 0.707719 2.560598
0.401029 0.396461 510.400000 0.955757 2.387772
0.401086 0.396806 510.500000 1.179568 2.077239
0.401194 0.397080 510.600000 1.378702 1.895500
0.401352 0.397266 510.700000 1.555982 1.641235
0.401557 0.397343 510.800000 1.701179 1.255436
0.401800 0.397354 510.900000 1.811945 0.954354
0.402073 0.397329 511.000000 1.896506 0.732644
0.402369 0.397275 511.100000 1.957727 0.488714
0.402677 0.397199 511.200000 1.988843 0.132037
0.402985 0.397123 511.300000 1.988503 -0.138815
0.403285 0.397052 511.400000 1.967889 -0.272432
0.403570 0.397000 511.500000 1.928626 -0.510869
0.403834 0.396955 511.600000 1.874045 -0.578024
0.404070 0.396968 511.700000 1.796858 -0.961850
0.404273 0.396989 511.800000 1.698294 -1.004512
0.404440 0.397063 511.900000 1.585504 -1.245641
0.404567 0.397174 512.000000 1.453400 -1.389828
0.404654 0.397348 512.100000 1.303262 -1.605439
0.404703 0.397494 512.200000 1.147007 -1.511842
0.404718 0.397727 512.300000 0.981714 -1.785759
0.404701 0.398026 512.400000 0.793824 -1.962641
0.404658 0.398220 512.500000 0.611765 -1.669429
0.404599 0.398424 512.600000 0.442828 -1.700880
0.404527 0.398577 512.700000 0.280546 -1.536630
0.404450 0.398711 512.800000 0.129635 -1.474061
0.404371 0.398853 512.900000 -0.019593 -1.503034
0.404295 0.398979 513.000000 -0.167265 -1.443019
0.404226 0.399089 513.100000 -0.309347 -1.391513
0.404166 0.399165 513.200000 -0.441887 -1.252659
0.404117 0.399183 513.300000 -0.554415 -0.992275
0.404079 0.399164 513.400000 -0.643090 -0.776802
0.404050 0.399131 513.500000 -0.716176 -0.681260
0.404032 0.399105 513.600000 -0.786665 -0.725003
0.404024 0.399061 513.700000 -0.852801 -0.594398
0.404024 0.398993 513.800000 -0.898393 -0.315165
0.404029 0.398925 513.900000 -0.929623 -0.307884
0.404040 0.398853 514.000000 -0.957021 -0.238706
0.404053 0.398775 514.100000 -0.970373 -0.027653
0.404064 0.398700 514.200000 -0.964104 0.152707
0.404076 0.398624 514.300000 -0.962912 -0.128920
0.404087 0.398549 514.400000 -0.961857 0.149962
0.404094 0.398487 514.500000 -0.934536 0.395106
0.404091 0.398452 514.600000 -0.881578 0.661397
0.404075 0.398451 514.700000 -0.803871 0.888869
0.404045 0.398475 514.800000 -0.708173 1.020306
0.404002 0.398518 514.900000 -0.601131 1.115168
0.403947 0.398547 515.000000 -0.492867 1.044697
0.403883 0.398598 515.100000 -0.382883 1.149487
0.403811 0.398686 515.200000 -0.259762 1.306778
0.403734 0.398742 515.300000 -0.135480 1.172654
0.403656 0.398854 515.400000 -0.006671 1.397078
0.403580 0.399004 515.500000 0.140035 1.529708
0.403509 0.399098 515.600000 0.283508 1.332581
0.403448 0.399187 515.700000 0.416002 1.310675
0.403399 0.399279 515.800000 0.547960 1.321893
0.403366 0.399386 515.900000 0.683205 1.376245
0.403352 0.399475 516.000000 0.817961 1.312139
0.403359 0.399498 516.100000 0.934635 1.015504
0.403385 0.399527 516.200000 1.038261 1.051833
0.403431 0.399515 516.300000 1.132029 0.818841
0.403494 0.399483 516.400000 1.207567 0.688131
0.403571 0.399425 516.500000 1.264284 0.443374
0.403656 0.399352 516.600000 1.297566 0.220598
0.403746 0.399279 516.700000 1.319084 0.208693
0.403834 0.399217 516.800000 1.309948 -0.390959
0.403909 0.399181 516.900000 1.257493 -0.655519
0.403970 0.399121 517.000000 1.203405 -0.423538
0.404019 0.399092 517.100000 1.146865 -0.704427
0.404052 0.399078 517.200000 1.070964 -0.809810
0.404068 0.399088 517.300000 0.982885 -0.947349
0.404064 0.399125 517.400000 0.881036 -1.084554
0.404045 0.399139 517.500000 0.777990 -0.971198
0.404012 0.399127 517.600000 0.687897 -0.826162
0.403969 0.399129 517.700000 0.601165 -0.904141
0.403917 0.399119 517.800000 0.514139 -0.832026
0.403856 0.399125 517.900000 0.425938 -0.927596
0.403789 0.399171 518.000000 0.322866 -1.128686
0.403714 0.399267 518.100000 0.199156 -1.339321
0.403637 0.399372 518.200000 0.063138 -1.374245
0.403560 0.399507 518.300000 -0.080043 -1.482218
0.403486 0.399590 518.400000 -0.218928 -1.288530
0.403421 0.399686 518.500000 -0.350584 -1.338016
0.403365 0.399769 518.600000 -0.482298 -1.289672
0.403324 0.399879 518.700000 -0.616716 -1.391967
0.403301 0.399971 518.800000 -0.752895 -1.324803
0.403299 0.400057 518.900000 -0.884591 -1.302540
0.403319 0.400116 519.000000 -1.009499 -1.189374
0.403361 0.400126 519.100000 -1.116606 -0.947415
0.403426 0.400144 519.200000 -1.213923 -0.994050
0.403513 0.400140 519.300000 -1.307642 -0.875655
0.403623 0.400152 519.400000 -1.399503 -0.956970
0.403757 0.400117 519.500000 -1.480874 -0.666369
0.403906 0.400057 519.600000 -1.535396 -0.421355
0.404062 0.399981 519.700000 -1.559400 -0.057513
0.404217 0.399905 519.800000 -1.556725 0.110872
0.404370 0.399829 519.900000 -1.547786 0.067463
0.404522 0.399752 520.000000 -1.546787 -0.047540
0.404673 0.399677 520.100000 -1.542496 0.133160
0.404819 0.399605 520.200000 -1.524346 0.228933
0.404952 0.399562 520.300000 -1.483100 0.593917
0.405068 0.399528 520.400000 -1.419999 0.664950
0.405164 0.399517 520.500000 -1.345140 0.828490
0.405238 0.399521 520.600000 -1.257765 0.914641
0.405291 0.399533 520.700000 -1.163648 0.962977
0.405321 0.399567 520.800000 -1.061473 1.075418
0.405329 0.399635 520.900000 -0.946044 1.227388
0.405313 0.399805 521.000000 -0.804090 1.604597
0.405276 0.399925 521.100000 -0.651901 1.431588
0.405223 0.400065 521.200000 -0.504846 1.502141
0.405156 0.400287 521.300000 -0.341013 1.766337
0.405081 0.400529 521.400000 -0.161173 1.821460
0.405004 0.400835 521.500000 0.030328 1.998991
0.404931 0.401139 521.600000 0.230505 1.994552
0.404871 0.401444 521.700000 0.430492 1.995179
0.404831 0.401717 521.800000 0.626339 1.911961
0.404818 0.402001 521.900000 0.819376 1.939146
0.404838 0.402257 522.000000 1.010089 1.865564
0.404896 0.402448 522.100000 1.187441 1.672619
0.404993 0.402611 522.200000 1.350674 1.583883
0.405132 0.402751 522.300000 1.505544 1.505771
0.405317 0.402894 522.400000 1.656990 1.515567
0.405551 0.403013 522.500000 1.804844 1.434121
0.405834 0.403093 522.600000 1.941009 1.282373
0.406167 0.403180 522.700000 2.070967 1.310287
0.406547 0.403201 522.800000 2.187282 1.010209
0.406964 0.403179 522.900000 2.276107 0.761836
0.407407 0.403118 523.000000 2.334458 0.402271
0.407862 0.403043 523.100000 2.361656 0.140322
0.408317 0.402968 523.200000 2.359938 -0.174597
0.408759 0.402902 523.300000 2.334320 -0.336472
0.409186 0.402839 523.400000 2.298581 -0.376521
0.409586 0.402824 523.500000 2.239269 -0.806762
0.409950 0.402837 523.600000 2.150280 -0.968559
0.410271 0.402882 523.700000 2.045040 -1.130976
0.410544 0.402984 523.800000 1.919775 -1.368069
0.410769 0.403091 523.900000 1.781594 -1.388641
0.410944 0.403256 524.000000 1.632165 -1.592470
0.411069 0.403498 524.100000 1.460701 -1.828228
0.411141 0.403914 524.200000 1.255098 -2.273547
0.411162 0.404401 524.300000 1.019213 -2.432378
0.411141 0.404885 524.400000 0.775694 -2.425813
0.411091 0.405270 524.500000 0.543672 -2.203026
0.411022 0.405617 524.600000 0.327525 -2.109117
0.410946 0.405910 524.700000 0.122911 -1.972933
0.410868 0.406198 524.800000 -0.074168 -1.958783
0.410796 0.406433 524.900000 -0.263058 -1.809580
0.410737 0.406664 525.000000 -0.443935 -1.798918
0.410695 0.406852 525.100000 -0.617899 -1.671650
0.410674 0.406976 525.200000 -0.774644 -1.455421
0.410673 0.407002 525.300000 -0.899793 -1.041294
0.410688 0.406991 525.400000 -0.993725 -0.832656
0.410721 0.406976 525.500000 -1.076286 -0.814436
0.410767 0.406932 525.600000 -1.146750 -0.591320
0.410826 0.406874 525.700000 -1.198929 -0.449652
0.410894 0.406809 525.800000 -1.239531 -0.360366
0.410971 0.406748 525.900000 -1.278100 -0.409077
0.411057 0.406679 526.000000 -1.314234 -0.311797
0.411151 0.406610 526.100000 -1.344000 -0.282035
0.411249 0.406533 526.200000 -1.362199 -0.081046
0.411345 0.406463 526.300000 -1.352730 0.269958
0.411434 0.406389 526.400000 -1.330176 0.180000
0.411516 0.406337 526.500000 -1.295058 0.520602
0.411582 0.406302 526.600000 -1.235825 0.661101
0.411633 0.406286 526.700000 -1.162367 0.804386
0.411661 0.406346 526.800000 -1.061677 1.204369
0.411664 0.406492 526.900000 -0.924423 1.533854
0.411642 0.406651 527.000000 -0.768521 1.576390
0.411599 0.406867 527.100000 -0.601449 1.756694
0.411539 0.407011 527.200000 -0.436716 1.529729
0.411467 0.407239 527.300000 -0.270098 1.794310
0.411391 0.407367 527.400000 -0.106417 1.471125
0.411313 0.407430 527.500000 0.028304 1.216547
0.411237 0.407474 527.600000 0.145938 1.130245
0.411166 0.407556 527.700000 0.267570 1.296314
0.411102 0.407610 527.800000 0.391510 1.176307
0.411048 0.407618 527.900000 0.498100 0.950158
0.411003 0.407620 528.000000 0.591426 0.911683
0.410967 0.407566 528.100000 0.662253 0.501327
0.410937 0.407511 528.200000 0.711132 0.473812
0.410914 0.407457 528.300000 0.759696 0.495042
0.410898 0.407409 528.400000 0.812431 0.557022
0.410892 0.407359 528.500000 0.867015 0.531930
0.410892 0.407292 528.600000 0.910506 0.335707
0.410898 0.407222 528.700000 0.940324 0.259155
0.410911 0.407165 528.800000 0.976569 0.463949
0.410930 0.407095 528.900000 1.013555 0.273907
0.410953 0.407018 529.000000 1.028271 0.019674
0.410972 0.406949 529.100000 1.014596 -0.292485
0.410986 0.406879 529.200000 0.986283 -0.272363
0.410994 0.406825 529.300000 0.948258 -0.486229
0.410992 0.406776 529.400000 0.896778 -0.540802
0.410983 0.406710 529.500000 0.852487 -0.342799
0.410967 0.406668 529.600000 0.804808 -0.608390
0.410940 0.406643 529.700000 0.737389 -0.736618
0.410903 0.406664 529.800000 0.649317 -1.020426
0.410851 0.406761 529.900000 0.530191 -1.356128
0.410789 0.406833 530.000000 0.399163 -1.257891
0.410718 0.406934 530.100000 0.267366 -1.371467
0.410642 0.407035 530.200000 0.129823 -1.372502
0.410565 0.407157 530.300000 -0.011700 -1.450893
0.410490 0.407300 530.400000 -0.161076 -1.529145
0.410422 0.407466 530.500000 -0.318136 -1.604203
0.410367 0.407637 530.600000 -0.479879 -1.622568
0.410327 0.407774 530.700000 -0.636606 -1.504149
0.410308 0.407905 530.800000 -0.786544 -1.487111
0.410311 0.407968 530.900000 -0.922246 -1.220141
0.410334 0.407970 531.000000 -1.029197 -0.913531
0.410374 0.407967 531.100000 -1.119247 -0.882968
0.410435 0.407978 531.200000 -1.211899 -0.965444
0.410516 0.407951 531.300000 -1.296807 -0.728473
0.410613 0.407899 531.400000 -1.359014 -0.512541
0.410720 0.407829 531.500000 -1.398834 -0.281864
0.410830 0.407753 531.600000 -1.412329 0.012621
0.410938 0.407678 531.700000 -1.404702 0.139554
0.411039 0.407622 531.800000 -1.374412 0.464727
0.411125 0.407581 531.900000 -1.320249 0.615814
0.411196 0.407549 532.000000 -1.254654 0.692820
0.411250 0.407520 532.100000 -1.184437 0.707997
0.411288 0.407511 532.200000 -1.106459 0.847672
0.411308 0.407510 532.300000 -1.018827 0.900592
0.411312 0.407513 532.400000 -0.927488 0.921620
0.411301 0.407497 532.500000 -0.841260 0.798614
0.411278 0.407489 532.600000 -0.758462 0.853214
0.411243 0.407484 532.700000 -0.671785 0.875988
0.411199 0.407456 532.800000 -0.592036 0.715011
0.411148 0.407395 532.900000 -0.535490 0.413087
0.411094 0.407340 533.000000 -0.490887 0.476744
0.411035 0.407286 533.100000 -0.442622 0.486124
0.410972 0.407245 533.200000 -0.387405 0.615472
0.410905 0.407205 533.300000 -0.325150 0.626500
0.410835 0.407164 533.400000 -0.262971 0.613982
0.410761 0.407122 533.500000 -0.202132 0.599747
0.410686 0.407114 533.600000 -0.129280 0.853664
0.410609 0.407152 533.700000 -0.031104 1.104941
0.410533 0.407193 533.800000 0.080424 1.120039
0.410459 0.407224 533.900000 0.190271 1.071403
0.410391 0.407253 534.000000 0.297054 1.058916
0.410329 0.407269 534.100000 0.399856 0.991997
0.410275 0.407259 534.200000 0.491786 0.841998
0.410229 0.407237 534.300000 0.572110 0.760473
0.410191 0.407210 534.400000 0.646533 0.724271
0.410163 0.407191 534.500000 0.721902 0.779323
0.410146 0.407180 534.600000 0.802817 0.834943
0.410143 0.407167 534.700000 0.886039 0.825333
0.410154 0.407151 534.800000 0.967596 0.801734
0.410179 0.407121 534.900000 1.043014 0.702856
0.410219 0.407095 535.000000 1.114862 0.730502
0.410274 0.407071 535.100000 1.189063 0.749805
0.410348 0.407068 535.200000 1.270971 0.884275
0.410442 0.407043 535.300000 1.352212 0.736479
0.410552 0.406990 535.400000 1.413843 0.493050
0.410670 0.406915 535.500000 1.444042 0.109426
0.410787 0.406842 535.600000 1.440393 -0.182221
0.410897 0.406776 535.700000 1.414668 -0.331003
0.410997 0.406718 535.800000 1.376276 -0.434920
0.411085 0.406668 535.900000 1.327957 -0.529033
0.411161 0.406616 536.000000 1.276405 -0.499422
0.411221 0.406590 536.100000 1.214535 -0.734886
0.411263 0.406618 536.200000 1.124948 -1.052376
0.411283 0.406636 536.300000 1.021791 -1.005612
0.411285 0.406679 536.400000 0.914811 -1.128645
0.411267 0.406758 536.500000 0.793730 -1.286917
0.411230 0.406878 536.600000 0.656421 -1.452404
0.411178 0.407021 536.700000 0.506905 -1.530436
0.411112 0.407218 536.800000 0.344282 -1.713896
0.411038 0.407476 536.900000 0.163579 -1.891124
0.410962 0.407775 537.000000 -0.031927 -2.009223
0.410890 0.408074 537.100000 -0.233121 -2.004598
0.410831 0.408345 537.200000 -0.430400 -1.931114
0.410790 0.408592 537.300000 -0.620578 -1.862925
0.410774 0.408823 537.400000 -0.805039 -1.817075
0.410787 0.409019 537.500000 -0.981927 -1.711845
0.410832 0.409138 537.600000 -1.140228 -1.446263
0.410909 0.409253 537.700000 -1.284554 -1.433044
0.411022 0.409368 537.800000 -1.428290 -1.434478
0.411172 0.409419 537.900000 -1.558868 -1.170558
0.411352 0.409416 538.000000 -1.662004 -0.887015
0.411555 0.409372 538.100000 -1.735752 -0.584238
0.411774 0.409308 538.200000 -1.783413 -0.366604
0.412001 0.409233 538.300000 -1.807244 -0.108822
0.412225 0.409164 538.400000 -1.799344 0.266429
0.412437 0.409109 538.500000 -1.762158 0.475422
0.412632 0.409062 538.600000 -1.710383 0.557497
0.412810 0.409008 538.700000 -1.657759 0.492340
0.412971 0.408979 538.800000 -1.597699 0.705868
0.413108 0.408974 538.900000 -1.518262 0.878883
0.413218 0.409009 539.000000 -1.419374 1.093950
0.413299 0.409069 539.100000 -1.303960 1.208551
0.413350 0.409174 539.200000 -1.173377 1.396571
0.413372 0.409294 539.300000 -1.030526 1.453322
0.413367 0.409436 539.400000 -0.880811 1.533490
0.413338 0.409659 539.500000 -0.713983 1.794717
0.413291 0.409721 539.600000 -0.562839 1.220613
0.413232 0.409785 539.700000 -0.440018 1.229668
0.413165 0.409827 539.800000 -0.321781 1.129156
0.413092 0.409878 539.900000 -0.206468 1.171338
0.413017 0.409934 540.000000 -0.088077 1.190556
0.412940 0.409980 540.100000 0.029261 1.150338
0.412865 0.409981 540.200000 0.132649 0.912269
0.412794 0.409981 540.300000 0.223827 0.906719
0.412727 0.409982 540.400000 0.314780 0.907792
0.412665 0.409984 540.500000 0.406383 0.919698
0.412612 0.409970 540.600000 0.493275 0.813786
0.412564 0.409918 540.700000 0.559754 0.512483
0.412522 0.409863 540.800000 0.609023 0.470429
0.412486 0.409807 540.900000 0.655731 0.461389
0.412454 0.409736 541.000000 0.690654 0.235327
0.412422 0.409662 541.100000 0.696794 -0.112838
0.412388 0.409596 541.200000 0.674958 -0.322783
0.412350 0.409532 541.300000 0.640576 -0.363136
0.412307 0.409481 541.400000 0.596703 -0.512133
0.412257 0.409461 541.500000 0.531994 -0.778801
0.412200 0.409422 541.600000 0.461465 -0.628257
0.412137 0.409436 541.700000 0.380478 -0.987442
0.412069 0.409439 541.800000 0.284695 -0.923430
0.411996 0.409432 541.900000 0.195471 -0.856589
0.411922 0.409419 542.000000 0.111135 -0.825900
0.411846 0.409394 542.100000 0.032498 -0.742916
0.411770 0.409354 542.200000 -0.035627 -0.616181
0.411695 0.409307 542.300000 -0.094431 -0.556965
0.411621 0.409264 542.400000 -0.152152 -0.594561
0.411549 0.409224 542.500000 -0.213160 -0.622542
0.411480 0.409179 542.600000 -0.272871 -0.568692
0.411415 0.409132 542.700000 -0.329236 -0.555796
0.411352 0.409080 542.800000 -0.382273 -0.502288
0.411294 0.409028 542.900000 -0.432954 -0.508797
0.411239 0.408970 543.000000 -0.480146 -0.432695
0.411189 0.408912 543.100000 -0.523379 -0.429793
0.411144 0.408875 543.200000 -0.577445 -0.648822
0.411104 0.408807 543.300000 -0.623244 -0.264873
0.411067 0.408737 543.400000 -0.649365 -0.256251
0.411033 0.408668 543.500000 -0.675127 -0.257700
0.411002 0.408595 543.600000 -0.695066 -0.140070
0.410971 0.408520 543.700000 -0.698266 0.076218
0.410940 0.408445 543.800000 -0.691877 0.051250
0.410906 0.408376 543.900000 -0.677225 0.241055
0.410869 0.408314 544.000000 -0.646148 0.378930
0.410826 0.408278 544.100000 -0.594461 0.652232
0.410776 0.408250 544.200000 -0.525790 0.717742
0.410718 0.408270 544.300000 -0.438810 1.017505
0.410654 0.408273 544.400000 -0.341612 0.921608
0.410584 0.408293 544.500000 -0.244613 1.013523
0.410510 0.408315 544.600000 -0.142247 1.028678
0.410435 0.408345 544.700000 -0.036917 1.072652
0.410360 0.408381 544.800000 0.071841 1.097074
0.410288 0.408388 544.900000 0.174261 0.946202
0.410218 0.408364 545.000000 0.258993 0.744197
0.410153 0.408310 545.100000 0.320344 0.479758
0.410090 0.408258 545.200000 0.369330 0.497523
0.410031 0.408205 545.300000 0.418685 0.487104
0.409976 0.408150 545.400000 0.466286 0.462526
0.409925 0.408097 545.500000 0.514011 0.489591
0.409878 0.408037 545.600000 0.558643 0.400818
0.409835 0.407969 545.700000 0.592052 0.265690
0.409795 0.407899 545.800000 0.616753 0.227095
0.409757 0.407826 545.900000 0.635635 0.149598
0.409721 0.407755 546.000000 0.652801 0.192861
0.409686 0.407680 546.100000 0.663008 0.010780
0.409651 0.407606 546.200000 0.661130 -0.048256
0.409616 0.407531 546.300000 0.658590 -0.002416
0.409580 0.407457 546.400000 0.654246 -0.084236
0.409543 0.407383 546.500000 0.644941 -0.101402
0.409507 0.407314 546.600000 0.651992 0.242080
0.409475 0.407250 546.700000 0.680517 0.326981
0.409445 0.407177 546.800000 0.704503 0.151550
0.409418 0.407109 546.900000 0.724953 0.256430
0.409395 0.407040 547.000000 0.750310 0.249427
0.409375 0.406972 547.100000 0.776257 0.268217
0.409357 0.406898 547.200000 0.790139 0.008738
0.409339 0.406824 547.300000 0.785553 -0.100236
0.409319 0.406753 547.400000 0.771688 -0.176378
0.409293 0.406703 547.500000 0.736866 -0.518305
0.409262 0.406644 547.600000 0.690885 -0.399019
0.409225 0.406600 547.700000 0.641982 -0.576596
0.409182 0.406554 547.800000 0.584811 -0.563973
0.409132 0.406517 547.900000 0.524915 -0.630950
0.409077 0.406487 548.000000 0.458315 -0.697708
0.409016 0.406446 548.100000 0.392902 -0.607296
0.408952 0.406400 548.200000 0.334609 -0.555634
0.408884 0.406376 548.300000 0.269791 -0.737491
0.408813 0.406361 548.400000 0.192358 -0.807298
0.408739 0.406342 548.500000 0.113041 -0.775073
0.408665 0.406389 548.600000 0.016265 -1.155620
0.408591 0.406420 548.700000 -0.095406 -1.072220
0.408520 0.406448 548.800000 -0.202242 -1.059146
0.408455 0.406484 548.900000 -0.310347 -1.097556
0.408397 0.406557 549.000000 -0.429009 -1.269754
0.408350 0.406593 549.100000 -0.547748 -1.099076
0.408316 0.406654 549.200000 -0.663877 -1.217698
0.408296 0.406674 549.300000 -0.775902 -1.017214
0.408291 0.406675 549.400000 -0.872581 -0.911531
0.408299 0.406632 549.500000 -0.947131 -0.575731
0.408315 0.406574 549.600000 -0.996951 -0.418176
0.408338 0.406508 549.700000 -1.033311 -0.307218
0.408367 0.406445 549.800000 -1.066278 -0.350473
0.408402 0.406381 549.900000 -1.099882 -0.319920
0.408445 0.406319 550.000000 -1.133964 -0.360021
0.408492 0.406245 550.100000 -1.153768 -0.035069
0.408538 0.406172 550.200000 -1.149616 0.117905
0.408581 0.406101 550.300000 -1.136202 0.149699
0.408620 0.406031 550.400000 -1.118231 0.208829
0.408651 0.405991 550.500000 -1.077346 0.606835
0.408670 0.405963 550.600000 -1.011014 0.716491
0.408675 0.405948 550.700000 -0.934805 0.803864
0.408666 0.405955 550.800000 -0.847238 0.943104
0.408643 0.405970 550.900000 -0.750410 0.988619
0.408607 0.405990 551.000000 -0.650047 1.013613
0.408560 0.406031 551.100000 -0.542791 1.126151
0.408502 0.406099 551.200000 -0.423806 1.247597
0.408436 0.406170 551.300000 -0.297975 1.262739
0.408364 0.406271 551.400000 -0.165083 1.388448
0.408290 0.406405 551.500000 -0.019557 1.514806
0.408218 0.406525 551.600000 0.129501 1.458893
0.408151 0.406663 551.700000 0.279367 1.530934
0.408094 0.406786 551.800000 0.429886 1.471914
0.408050 0.406911 551.900000 0.577898 1.480925
0.408022 0.406979 552.000000 0.714976 1.253790
0.408011 0.407019 552.100000 0.833957 1.119874
0.408018 0.407036 552.200000 0.940067 0.997026
0.408040 0.407026 552.300000 1.032264 0.842314
0.408078 0.407000 552.400000 1.110658 0.721634
0.408131 0.406978 552.500000 1.184909 0.759682
0.408199 0.406938 552.600000 1.253570 0.610090
0.408282 0.406899 552.700000 1.315228 0.619988
0.408376 0.406836 552.800000 1.363542 0.343877
0.408476 0.406764 552.900000 1.386055 0.105263
0.408579 0.406692 553.000000 1.397077 0.114630
0.408681 0.406620 553.100000 1.395421 -0.147679
0.408778 0.406553 553.200000 1.374954 -0.260628
0.408865 0.406502 553.300000 1.336543 -0.505667
0.408940 0.406463 553.400000 1.280418 -0.614041
0.408998 0.406444 553.500000 1.210795 -0.774931
0.409041 0.406420 553.600000 1.134690 -0.743368
0.409067 0.406411 553.700000 1.055080 -0.844846
0.409077 0.406438 553.800000 0.959829 -1.055409
0.409069 0.406458 553.900000 0.856065 -1.014686
0.409046 0.406497 554.000000 0.749352 -1.114247
0.409008 0.406559 554.100000 0.631990 -1.227122
0.408958 0.406583 554.200000 0.518525 -1.036502
0.408900 0.406639 554.300000 0.406558 -1.197239
0.408832 0.406766 554.400000 0.271859 -1.489996
0.408760 0.406916 554.500000 0.118137 -1.576773
0.408686 0.407064 554.600000 -0.039378 -1.565655
0.408616 0.407224 554.700000 -0.198512 -1.609051
0.408555 0.407404 554.800000 -0.363195 -1.676377
0.408507 0.407637 554.900000 -0.539701 -1.844922
0.408481 0.407857 555.000000 -0.722656 -1.805029
0.408480 0.408068 555.100000 -0.902173 -1.776337
0.408511 0.408238 555.200000 -1.073609 -1.643811
0.408574 0.408367 555.300000 -1.231282 -1.501766
0.408669 0.408433 555.400000 -1.368960 -1.244907
0.408791 0.408435 555.500000 -1.477199 -0.914461
0.408941 0.408461 555.600000 -1.575679 -1.050222
0.409117 0.408430 555.700000 -1.662963 -0.691097
0.409306 0.408361 555.800000 -1.708972 -0.226777
0.409497 0.408288 555.900000 -1.718114 0.044398
0.409687 0.408215 556.000000 -1.710781 0.101896
0.409873 0.408144 556.100000 -1.698802 0.137076
0.410049 0.408090 556.200000 -1.668678 0.463910
0.410207 0.408072 556.300000 -1.605927 0.787956
0.410340 0.408089 556.400000 -1.516207 1.001974
0.410440 0.408215 556.500000 -1.391403 1.487859
0.410503 0.408394 556.600000 -1.232803 1.676202
0.410530 0.408611 556.700000 -1.058567 1.799811
0.410524 0.408895 556.800000 -0.868394 1.994151
0.410490 0.409196 556.900000 -0.665989 2.043826
0.410436 0.409497 557.000000 -0.461169 2.042335
0.410368 0.409809 557.100000 -0.254892 2.072887
0.410294 0.410237 557.200000 -0.032553 2.362777
0.410224 0.410661 557.300000 0.203996 2.356373
0.410168 0.411071 557.400000 0.438536 2.322704
0.410135 0.411464 557.500000 0.669265 2.280326
0.410132 0.411804 557.600000 0.891249 2.148265
0.410171 0.412223 557.700000 1.116501 2.345510
0.410258 0.412544 557.800000 1.339239 2.098119
0.410395 0.412766 557.900000 1.535490 1.817073
0.410587 0.413007 558.000000 1.720609 1.876056
0.410836 0.413179 558.100000 1.897713 1.657166
0.411143 0.413332 558.200000 2.060629 1.593010
0.411504 0.413403 558.300000 2.204183 1.270898
0.411908 0.413388 558.400000 2.308574 0.811708
0.412335 0.413323 558.500000 2.365217 0.318318
0.412771 0.413251 558.600000 2.387861 0.133432
0.413201 0.413194 558.700000 2.372539 -0.439112
0.413613 0.413135 558.800000 2.330276 -0.404037
0.414002 0.413106 558.900000 2.274311 -0.712470
0.414362 0.413073 559.000000 2.204618 -0.677893
0.414693 0.413068 559.100000 2.126857 -0.873435
0.414988 0.413085 559.200000 2.032367 -1.011656
0.415243 0.413144 559.300000 1.920646 -1.217174
0.415454 0.413259 559.400000 1.786807 -1.452906
0.415619 0.413403 559.500000 1.635702 -1.561650
0.415741 0.413536 559.600000 1.481105 -1.522545
0.415822 0.413733 559.700000 1.317428 -1.742825
0.415861 0.414016 559.800000 1.129969 -1.996970
0.415862 0.414385 559.900000 0.918174 -2.228356
0.415831 0.414734 560.000000 0.697354 -2.176996
0.415778 0.415025 560.100000 0.486890 -2.021753
0.415711 0.415370 560.200000 0.276944 -2.166680
0.415637 0.415728 560.300000 0.057964 -2.201959
0.415565 0.416052 560.400000 -0.158243 -2.111382
0.415503 0.416359 560.500000 -0.367809 -2.069464
0.415456 0.416514 560.600000 -0.551754 -1.600222
0.415426 0.416604 560.700000 -0.700123 -1.359741
0.415414 0.416687 560.800000 -0.834809 -1.327257
0.415423 0.416751 560.900000 -0.963811 -1.246334
0.415454 0.416810 561.000000 -1.087668 -1.224606
0.415512 0.416906 561.100000 -1.218302 -1.381538
0.415599 0.416950 561.200000 -1.345255 -1.151185
0.415715 0.416994 561.300000 -1.460766 -1.153247
0.415861 0.417021 561.400000 -1.571863 -1.063144
0.416032 0.416987 561.500000 -1.658902 -0.673275
0.416224 0.416958 561.600000 -1.728664 -0.718476
0.416439 0.416931 561.700000 -1.800969 -0.724025
0.416672 0.416872 561.800000 -1.858222 -0.418175
0.416918 0.416811 561.900000 -1.898175 -0.378884
0.417173 0.416738 562.000000 -1.922892 -0.114209
0.417430 0.416664 562.100000 -1.928147 0.009372
0.417687 0.416590 562.200000 -1.930979 -0.065866
0.417945 0.416516 562.300000 -1.932064 0.044212
0.418196 0.416450 562.400000 -1.915120 0.293812
0.418436 0.416389 562.500000 -1.880615 0.394579
0.418655 0.416382 562.600000 -1.817606 0.862444
0.418846 0.416386 562.700000 -1.727218 0.940785
0.419005 0.416439 562.800000 -1.620082 1.196579
0.419129 0.416522 562.900000 -1.493594 1.326864
0.419218 0.416604 563.000000 -1.360696 1.324451
0.419279 0.416663 563.100000 -1.232775 1.227568
0.419314 0.416710 563.200000 -1.112754 1.166858
0.419329 0.416737 563.300000 -1.000964 1.063347
0.419325 0.416786 563.400000 -0.888502 1.180264
0.419302 0.416856 563.500000 -0.765602 1.271593
0.419264 0.416935 563.600000 -0.635985 1.314272
0.419212 0.417021 563.700000 -0.502715 1.344475
0.419149 0.417111 563.800000 -0.367254 1.357958
0.419080 0.417175 563.900000 -0.236651 1.247570
0.419007 0.417225 564.000000 -0.114769 1.183989
0.418933 0.417317 564.100000 0.013054 1.366083
0.418860 0.417377 564.200000 0.143196 1.230240
0.418793 0.417469 564.300000 0.273453 1.368388
0.418734 0.417611 564.400000 0.420269 1.560601
0.418690 0.417776 564.500000 0.580862 1.643219
0.418665 0.417940 564.600000 0.745418 1.639673
0.418662 0.418048 564.700000 0.899464 1.433543
0.418684 0.418149 564.800000 1.041763 1.405322
0.418733 0.418237 564.900000 1.180161 1.355716
0.418810 0.418278 565.000000 1.305291 1.140637
0.418911 0.418276 565.100000 1.407672 0.901862
0.419031 0.418229 565.200000 1.480548 0.552005
0.419161 0.418160 565.300000 1.519439 0.223878
0.419297 0.418089 565.400000 1.539547 0.177281
0.419433 0.418015 565.500000 1.544739 -0.073711
0.419566 0.417946 565.600000 1.529090 -0.238472
0.419691 0.417879 565.700000 1.503112 -0.279801
0.419806 0.417833 565.800000 1.461110 -0.558135
0.419905 0.417792 565.900000 1.402381 -0.613506
0.419988 0.417773 566.000000 1.332228 -0.786046
0.420055 0.417729 566.100000 1.263642 -0.582236
0.420108 0.417690 566.200000 1.202961 -0.628350
0.420147 0.417679 566.300000 1.129447 -0.838253
0.420169 0.417667 566.400000 1.045447 -0.837560
0.420175 0.417676 566.500000 0.954844 -0.969975
0.420167 0.417669 566.600000 0.862743 -0.867439
0.420145 0.417693 566.700000 0.766605 -1.050507
0.420108 0.417764 566.800000 0.649592 -1.283905
0.420058 0.417832 566.900000 0.521747 -1.266603
0.419997 0.417920 567.000000 0.390303 -1.355705
0.419930 0.417936 567.100000 0.272032 -1.003799
0.419858 0.417997 567.200000 0.159736 -1.236507
0.419784 0.418015 567.300000 0.046558 -1.021388
0.419710 0.418064 567.400000 -0.063767 -1.179600
0.419639 0.418127 567.500000 -0.185351 -1.245992
0.419574 0.418200 567.600000 -0.312545 -1.291539
0.419517 0.418273 567.700000 -0.441868 -1.288456
0.419471 0.418291 567.800000 -0.557752 -1.023433
0.419435 0.418292 567.900000 -0.655251 -0.921655
0.419412 0.418331 568.000000 -0.758008 -1.128360
0.419403 0.418336 568.100000 -0.862061 -0.947487
0.419411 0.418357 568.200000 -0.961495 -1.036223
0.419436 0.418363 568.300000 -1.061024 -0.949392
0.419477 0.418331 568.400000 -1.143055 -0.687111
0.419532 0.418291 568.500000 -1.208527 -0.619062
0.419598 0.418235 568.600000 -1.261855 -0.444824
0.419670 0.418161 568.700000 -1.286419 -0.045245
0.419741 0.418089 568.800000 -1.283183 0.109807
0.419806 0.418026 568.900000 -1.259982 0.353052
0.419864 0.417963 569.000000 -1.224865 0.347540
0.419914 0.417910 569.100000 -1.183277 0.482137
0.419955 0.417844 569.200000 -1.144771 0.286067
0.419990 0.417781 569.300000 -1.113158 0.344606
0.420019 0.417717 569.400000 -1.079450 0.327858
0.420040 0.417657 569.500000 -1.043459 0.390165
0.420053 0.417616 569.600000 -0.993567 0.605188
0.420054 0.417603 569.700000 -0.921733 0.827894
0.420041 0.417604 569.800000 -0.834006 0.922276
0.420014 0.417656 569.900000 -0.727916 1.194205
0.419973 0.417720 570.000000 -0.605468 1.248630
0.419919 0.417776 570.100000 -0.481915 1.216264
0.419857 0.417866 570.200000 -0.352497 1.365631
0.419787 0.418003 570.300000 -0.206468 1.547629
0.419713 0.418176 570.400000 -0.044865 1.676349
0.419641 0.418322 570.500000 0.118481 1.582408
0.419574 0.418407 570.600000 0.265070 1.342056
0.419515 0.418529 570.700000 0.407186 1.493155
0.419469 0.418684 570.800000 0.563010 1.615526
0.419442 0.418848 570.900000 0.726510 1.646314
0.419437 0.418981 571.000000 0.885921 1.533917
0.419458 0.419092 571.100000 1.035669 1.453566
0.419505 0.419180 571.200000 1.176533 1.356675
0.419581 0.419230 571.300000 1.304016 1.186594
0.419684 0.419274 571.400000 1.421449 1.156204
0.419817 0.419316 571.500000 1.537160 1.152236
0.419983 0.419364 571.600000 1.653777 1.174266
0.420181 0.419372 571.700000 1.761126 0.967352
0.420409 0.419375 571.800000 1.856415 0.933659
0.420661 0.419331 571.900000 1.932178 0.577820
0.420929 0.419265 572.000000 1.976152 0.299461
0.421205 0.419194 572.100000 1.999105 0.158444
0.421484 0.419121 572.200000 2.009522 0.049380
0.421759 0.419056 572.300000 1.996955 -0.300098
0.422019 0.419005 572.400000 1.956643 -0.504131
0.422262 0.418958 572.500000 1.903597 -0.554140
0.422490 0.418896 572.600000 1.858155 -0.352423
0.422703 0.418850 572.700000 1.812865 -0.551105
0.422896 0.418824 572.800000 1.748313 -0.736707
0.423064 0.418826 572.900000 1.664883 -0.927727
0.423203 0.418871 573.000000 1.559916 -1.166360
0.423309 0.418933 573.100000 1.439108 -1.243757
0.423385 0.419027 573.200000 1.307368 -1.384467
0.423429 0.419152 573.300000 1.162578 -1.504098
0.423442 0.419339 573.400000 1.000467 -1.729998
0.423427 0.419565 573.500000 0.821039 -1.849607
0.423388 0.419829 573.600000 0.629600 -1.969592
0.423330 0.420074 573.700000 0.435127 -1.910145
0.423262 0.420328 573.800000 0.242354 -1.935672
0.423188 0.420572 573.900000 0.049615 -1.909484
0.423116 0.420730 574.000000 -0.127857 -1.631068
0.423050 0.420921 574.100000 -0.296889 -1.741137
0.422994 0.421023 574.200000 -0.455333 -1.419806
0.422952 0.421144 574.300000 -0.601304 -1.492325
0.422928 0.421263 574.400000 -0.750582 -1.485766
0.422923 0.421337 574.500000 -0.890451 -1.304616
0.422940 0.421412 574.600000 -1.021229 -1.304410
0.422978 0.421412 574.700000 -1.132621 -0.917851
0.423032 0.421371 574.800000 -1.209030 -0.606522
0.423099 0.421333 574.900000 -1.271274 -0.635235
0.423179 0.421286 575.000000 -1.330853 -0.553366
0.423271 0.421227 575.100000 -1.379129 -0.409748
0.423369 0.421155 575.200000 -1.405498 -0.116318
0.423467 0.421084 575.300000 -1.403932 0.147567
0.423561 0.421012 575.400000 -1.390564 0.119120
0.423653 0.420940 575.500000 -1.378465 0.122260
0.423741 0.420869 575.600000 -1.364071 0.164905
0.423823 0.420806 575.700000 -1.339389 0.327492
0.423896 0.420752 575.800000 -1.299339 0.471507
0.423955 0.420725 575.900000 -1.239172 0.728833
0.423998 0.420730 576.000000 -1.155021 0.949974
0.424023 0.420718 576.100000 -1.065587 0.834230
0.424032 0.420709 576.200000 -0.980624 0.860786
0.424028 0.420701 576.300000 -0.894218 0.863017
0.424010 0.420711 576.400000 -0.801770 0.981321
0.423980 0.420704 576.500000 -0.708970 0.870028
0.423940 0.420703 576.600000 -0.619563 0.913657
0.423892 0.420680 576.700000 -0.535873 0.755952
0.423837 0.420648 576.800000 -0.463585 0.686196
0.423776 0.420641 576.900000 -0.385233 0.876923
0.423710 0.420656 577.000000 -0.290826 1.006503
0.423640 0.420701 577.100000 -0.181870 1.167163
0.423567 0.420743 577.200000 -0.065696 1.150503
0.423493 0.420807 577.300000 0.055067 1.258716
0.423423 0.420881 577.400000 0.183407 1.301664
0.423358 0.420943 577.500000 0.311044 1.244694
0.423300 0.420936 577.600000 0.417357 0.876266
0.423250 0.420969 577.700000 0.516788 1.107371
0.423210 0.420980 577.800000 0.621384 0.979316
0.423182 0.420993 577.900000 0.720504 0.998127
0.423166 0.421001 578.000000 0.819080 0.968466
0.423164 0.420983 578.100000 0.907362 0.792769
0.423174 0.420940 578.200000 0.976734 0.591190
0.423193 0.420893 578.300000 1.033530 0.541893
0.423223 0.420850 578.400000 1.090320 0.591074
0.423263 0.420802 578.500000 1.146625 0.532201
0.423313 0.420747 578.600000 1.196232 0.457460
0.423371 0.420680 578.700000 1.231690 0.249929
0.423433 0.420608 578.800000 1.249166 0.098728
0.423496 0.420536 578.900000 1.257593 0.069382
0.423559 0.420466 579.000000 1.252571 -0.169561
0.423616 0.420401 579.100000 1.228967 -0.301344
0.423668 0.420332 579.200000 1.204281 -0.191145
0.423717 0.420260 579.300000 1.188713 -0.119445
0.423764 0.420188 579.400000 1.178435 -0.085597
0.423806 0.420124 579.500000 1.158813 -0.305860
0.423842 0.420063 579.600000 1.125275 -0.363223
0.423871 0.420006 579.700000 1.086094 -0.418444
0.423891 0.419956 579.800000 1.039400 -0.513102
0.423899 0.419944 579.900000 0.971819 -0.835130
0.423893 0.419953 580.000000 0.881256 -0.971608
0.423871 0.420013 580.100000 0.770357 -1.240819
0.423834 0.420075 580.200000 0.645537 -1.249353
0.423784 0.420158 580.300000 0.515622 -1.342434
0.423723 0.420269 580.400000 0.375167 -1.459653
0.423655 0.420375 580.500000 0.229816 -1.440093
0.423583 0.420421 580.600000 0.098793 -1.173826
0.423510 0.420460 580.700000 -0.016902 -1.134290
0.423438 0.420493 580.800000 -0.129361 -1.109269
0.423371 0.420582 580.900000 -0.253592 -1.369126
0.423310 0.420610 581.000000 -0.376334 -1.079574
0.423257 0.420611 581.100000 -0.476727 -0.923279
0.423212 0.420609 581.200000 -0.568425 -0.906099
0.423177 0.420618 581.300000 -0.662375 -0.968202
0.423154 0.420620 581.400000 -0.757647 -0.932464
0.423143 0.420614 581.500000 -0.848446 -0.878975
0.423146 0.420627 581.600000 -0.942242 -0.992269
0.423167 0.420649 581.700000 -1.044509 -1.047955
0.423206 0.420639 581.800000 -1.139838 -0.853856
0.423261 0.420615 581.900000 -1.220378 -0.752912
0.423334 0.420599 582.000000 -1.298403 -0.803686
0.423423 0.420569 582.100000 -1.374035 -0.705177
0.423528 0.420530 582.200000 -1.440392 -0.618644
0.423649 0.420487 582.300000 -1.500556 -0.581621
0.423780 0.420419 582.400000 -1.540765 -0.220555
0.423918 0.420356 582.500000 -1.568457 -0.331904
0.424063 0.420285 582.600000 -1.591741 -0.132606
0.424207 0.420215 582.700000 -1.590869 0.150011
0.424348 0.420144 582.800000 -1.577813 0.110438
0.424484 0.420077 582.900000 -1.559895 0.247028
0.424611 0.420021 583.000000 -1.525604 0.437081
0.424724 0.419983 583.100000 -1.472474 0.622870
0.424818 0.419977 583.200000 -1.397022 0.882387
0.424891 0.419987 583.300000 -1.303901 0.975379
0.424944 0.419983 583.400000 -1.210332 0.891328
0.424980 0.419963 583.500000 -1.126679 0.777548
0.425002 0.419940 583.600000 -1.049698 0.758214
0.425009 0.419934 583.700000 -0.967691 0.877834
0.425002 0.419942 583.800000 -0.875270 0.965956
0.424981 0.419948 583.900000 -0.779274 0.949179
0.424948 0.419956 584.000000 -0.683021 0.971065
0.424905 0.419954 584.100000 -0.589126 0.902140
0.424854 0.419946 584.200000 -0.500500 0.865956
0.424796 0.419949 584.300000 -0.410424 0.931054
0.424731 0.419966 584.400000 -0.312584 1.020850
0.424662 0.419978 584.500000 -0.211689 0.992010
0.424591 0.419968 584.600000 -0.119604 0.845079
0.424519 0.419935 584.700000 -0.043447 0.674262
0.424446 0.419912 584.800000 0.028180 0.754683
0.424374 0.419894 584.900000 0.105968 0.797199
0.424305 0.419853 585.000000 0.175827 0.596473
0.424237 0.419819 585.100000 0.239218 0.668189
0.424172 0.419776 585.200000 0.301700 0.578313
0.424110 0.419707 585.300000 0.339251 0.170836
0.424049 0.419648 585.400000 0.367439 0.391510
0.423991 0.419593 585.500000 0.408999 0.437610
0.423936 0.419551 585.600000 0.460390 0.587641
0.423887 0.419515 585.700000 0.522281 0.647092
0.423843 0.419462 585.800000 0.578385 0.472177
0.423805 0.419410 585.900000 0.625838 0.474524
0.423770 0.419350 586.000000 0.667846 0.363534
0.423741 0.419305 586.100000 0.714306 0.563342
0.423722 0.419302 586.200000 0.787521 0.897292
0.423713 0.419259 586.300000 0.861427 0.577136
0.423711 0.419200 586.400000 0.909290 0.377731
0.423714 0.419131 586.500000 0.936982 0.174713
0.423719 0.419061 586.600000 0.952603 0.136933
0.423727 0.418994 586.700000 0.970403 0.218170
0.423736 0.418924 586.800000 0.974437 -0.137678
0.423742 0.418854 586.900000 0.962042 -0.109614
0.423747 0.418786 587.000000 0.946152 -0.207384
0.423747 0.418718 587.100000 0.925297 -0.208676
0.423745 0.418649 587.200000 0.907741 -0.141574
0.423741 0.418579 587.300000 0.894624 -0.120100
0.423736 0.418508 587.400000 0.885382 -0.064283
0.423729 0.418439 587.500000 0.874529 -0.152234
0.423720 0.418368 587.600000 0.861369 -0.110312
0.423707 0.418309 587.700000 0.837545 -0.364974
0.423689 0.418257 587.800000 0.794910 -0.485594
0.423664 0.418216 587.900000 0.741180 -0.586309
0.423631 0.418180 588.000000 0.679471 -0.644787
0.423590 0.418160 588.100000 0.608112 -0.778833
0.423543 0.418116 588.200000 0.540759 -0.564859
0.423491 0.418089 588.300000 0.476497 -0.717160
0.423433 0.418060 588.400000 0.405317 -0.702879
0.423370 0.418060 588.500000 0.324149 -0.916432
0.423302 0.418073 588.600000 0.228416 -0.993442
0.423232 0.418061 588.700000 0.136728 -0.835727
0.423160 0.418047 588.800000 0.053990 -0.814892
0.423088 0.418013 588.900000 -0.020122 -0.663643
0.423017 0.417967 589.000000 -0.080404 -0.538992
0.422947 0.417910 589.100000 -0.127519 -0.400939
0.422877 0.417861 589.200000 -0.173457 -0.515527
0.422810 0.417812 589.300000 -0.224941 -0.511577
0.422744 0.417747 589.400000 -0.263464 -0.256956
0.422680 0.417689 589.500000 -0.296025 -0.392652
0.422617 0.417622 589.600000 -0.325787 -0.201099
0.422556 0.417555 589.700000 -0.346175 -0.205627
0.422496 0.417493 589.800000 -0.373045 -0.330428
0.422439 0.417441 589.900000 -0.413201 -0.470697
0.422385 0.417395 590.000000 -0.463908 -0.540898
0.422335 0.417331 590.100000 -0.504814 -0.275183
0.422288 0.417266 590.200000 -0.531638 -0.259945
0.422243 0.417201 590.300000 -0.557526 -0.256538
0.422200 0.417135 590.400000 -0.582609 -0.243853
0.422160 0.417070 590.500000 -0.607375 -0.250240
0.422121 0.417001 590.600000 -0.627588 -0.153002
0.422084 0.416931 590.700000 -0.631839 0.068186
0.422046 0.416861 590.800000 -0.627981 0.008792
0.422007 0.416792 590.900000 -0.620986 0.130743
0.421965 0.416737 591.000000 -0.592754 0.432503
0.421919 0.416688 591.100000 -0.545784 0.504546
0.421869 0.416634 591.200000 -0.498594 0.436886
0.421815 0.416581 591.300000 -0.453505 0.462640
0.421758 0.416521 591.400000 -0.412571 0.353987
0.421699 0.416460 591.500000 -0.378138 0.332960
0.421637 0.416398 591.600000 -0.345994 0.308317
0.421574 0.416339 591.700000 -0.311829 0.373275
0.421509 0.416288 591.800000 -0.269269 0.475792
0.421442 0.416233 591.900000 -0.223994 0.427445
0.421373 0.416217 592.000000 -0.162644 0.796490
0.421303 0.416210 592.100000 -0.079218 0.867858
0.421232 0.416184 592.200000 0.000773 0.727967
0.421161 0.416129 592.300000 0.058389 0.421462
0.421091 0.416075 592.400000 0.101640 0.441391
0.421021 0.416020 592.500000 0.144639 0.416452
0.420953 0.415971 592.600000 0.191000 0.508442
0.420887 0.415919 592.700000 0.239545 0.460038
0.420824 0.415887 592.800000 0.296141 0.669051
0.420763 0.415840 592.900000 0.356289 0.530890
0.420707 0.415812 593.000000 0.418230 0.704833
0.420657 0.415794 593.100000 0.492934 0.785530
0.420613 0.415771 593.200000 0.569823 0.748387
0.420578 0.415772 593.300000 0.653383 0.918636
0.420554 0.415771 593.400000 0.744716 0.903459
0.420542 0.415774 593.500000 0.836614 0.929918
0.420542 0.415738 593.600000 0.915443 0.642714
0.420552 0.415698 593.700000 0.977226 0.589858
0.420571 0.415659 593.800000 1.037359 0.609797
0.420601 0.415610 593.900000 1.093103 0.502287
0.420637 0.415543 594.000000 1.127492 0.183780
0.420675 0.415473 594.100000 1.134937 -0.035252
0.420710 0.415406 594.200000 1.124250 -0.177945
0.420741 0.415346 594.300000 1.097842 -0.348912
0.420765 0.415289 594.400000 1.060937 -0.387342
0.420781 0.415244 594.500000 1.014410 -0.540866
0.420786 0.415221 594.600000 0.949822 -0.747669
0.420776 0.415267 594.700000 0.853560 -1.172752
0.420751 0.415326 594.800000 0.732798 -1.236449
0.420711 0.415412 594.900000 0.602419 -1.364603
0.420658 0.415484 595.000000 0.468928 -1.298554
0.420596 0.415660 595.100000 0.318179 -1.708889
0.420527 0.415850 595.200000 0.144242 -1.761147
0.420457 0.416029 595.300000 -0.030331 -1.721578
0.420389 0.416199 595.400000 -0.201244 -1.688153
0.420330 0.416346 595.500000 -0.366542 -1.609537
0.420283 0.416465 595.600000 -0.522267 -1.497179
0.420249 0.416540 595.700000 -0.663336 -1.317152
0.420233 0.416679 595.800000 -0.808456 -1.577989
0.420239 0.416749 595.900000 -0.952128 -1.288256
0.420265 0.416782 596.000000 -1.072338 -1.109931
0.420313 0.416839 596.100000 -1.189710 -1.231650
0.420386 0.416874 596.200000 -1.307407 -1.116407
0.420484 0.416905 596.300000 -1.418352 -1.096936
0.420608 0.416918 596.400000 -1.523313 -0.997043
0.420754 0.416889 596.500000 -1.608273 -0.697914
0.420917 0.416838 596.600000 -1.667103 -0.475747
0.421090 0.416776 596.700000 -1.705893 -0.298106
0.421267 0.416706 596.800000 -1.719176 0.033109
0.421439 0.416643 596.900000 -1.703113 0.287352
0.421599 0.416604 597.000000 -1.658362 0.605420
0.421739 0.416596 597.100000 -1.585242 0.853336
0.421855 0.416601 597.200000 -1.494975 0.947492
0.421949 0.416599 597.300000 -1.402288 0.901606
0.422022 0.416612 597.400000 -1.307362 0.992171
0.422071 0.416670 597.500000 -1.195638 1.236713
0.422095 0.416743 597.600000 -1.068235 1.304993
0.422097 0.416864 597.700000 -0.927063 1.511374
0.422076 0.417019 597.800000 -0.769181 1.638378
0.422037 0.417119 597.900000 -0.615633 1.424903
0.421984 0.417245 598.000000 -0.467589 1.528566
0.421922 0.417387 598.100000 -0.311031 1.594771
0.421854 0.417492 598.200000 -0.158733 1.443569
0.421783 0.417582 598.300000 -0.017064 1.382746
0.421714 0.417638 598.400000 0.113861 1.229205
0.421648 0.417697 598.500000 0.237671 1.240804
0.421589 0.417796 598.600000 0.371111 1.421322
0.421540 0.417875 598.700000 0.509240 1.334343
0.421506 0.418049 598.800000 0.661792 1.709072
0.421493 0.418178 598.900000 0.824893 1.544791
0.421502 0.418282 599.000000 0.974516 1.440199
0.421535 0.418373 599.100000 1.116251 1.387406
0.421596 0.418452 599.200000 1.252729 1.335335
0.421687 0.418545 599.300000 1.389748 1.398192
0.421808 0.418583 599.400000 1.516816 1.136807
0.421958 0.418595 599.500000 1.623523 0.992001
0.422132 0.418577 599.600000 1.712684 0.786762
0.422327 0.418538 599.700000 1.782716 0.610370
0.422537 0.418484 599.800000 1.835383 0.440348
0.422757 0.418419 599.900000 1.868454 0.219422
0.422982 0.418349 600.000000 1.881464 0.040126
0.423203 0.418284 600.100000 1.872131 -0.226321
0.423415 0.418229 600.200000 1.839571 -0.423251
0.423608 0.418205 600.300000 1.781210 -0.741047
0.423778 0.418208 600.400000 1.697125 -0.936449
0.423921 0.418211 600.500000 1.603431 -0.932757
0.424040 0.418224 600.600000 1.506947 -0.992086
0.424129 0.418323 600.700000 1.385822 -1.424361
0.424188 0.418405 600.800000 1.246803 -1.349082
0.424220 0.418491 600.900000 1.110634 -1.367482
0.424227 0.418609 601.000000 0.966642 -1.505157
0.424211 0.418756 601.100000 0.810362 -1.612626
0.424176 0.418883 601.200000 0.652441 -1.537893
0.424124 0.419140 601.300000 0.475958 -1.982955
0.424060 0.419379 601.400000 0.280058 -1.925254
0.423990 0.419635 601.500000 0.084224 -1.981628
0.423921 0.419836 601.600000 -0.105483 -1.803024
0.423857 0.419987 601.700000 -0.277521 -1.629142
0.423802 0.420109 601.800000 -0.435532 -1.523182
0.423760 0.420230 601.900000 -0.587791 -1.514375
0.423734 0.420298 602.000000 -0.728216 -1.287101
0.423723 0.420317 602.100000 -0.844647 -1.035709
0.423726 0.420320 602.200000 -0.943451 -0.935415
0.423746 0.420337 602.300000 -1.041535 -1.021360
0.423785 0.420365 602.400000 -1.147233 -1.087323
0.423845 0.420390 602.500000 -1.255198 -1.066590
0.423927 0.420392 602.600000 -1.355250 -0.929446
0.424028 0.420360 602.700000 -1.435884 -0.679193
0.424144 0.420316 602.800000 -1.497878 -0.557599
0.424272 0.420265 602.900000 -1.549327 -0.468794
0.424411 0.420200 603.000000 -1.585378 -0.250436
0.424553 0.420131 603.100000 -1.600764 -0.056497
0.424693 0.420065 603.200000 -1.593749 0.196438
0.424822 0.420028 603.300000 -1.552127 0.633926
0.424932 0.420020 603.400000 -1.477331 0.858251
0.425021 0.420030 603.500000 -1.385032 0.983105
0.425089 0.420024 603.600000 -1.291755 0.877771
0.425137 0.420043 603.700000 -1.196098 1.030601
0.425163 0.420105 603.800000 -1.081083 1.263951
0.425168 0.420166 603.900000 -0.954893 1.253521
0.425153 0.420270 604.000000 -0.819492 1.447737
0.425119 0.420434 604.100000 -0.662699 1.680288
0.425070 0.420578 604.200000 -0.498008 1.605282
0.425008 0.420760 604.300000 -0.330104 1.744418
0.424940 0.420926 604.400000 -0.158064 1.687779
0.424870 0.421101 604.500000 0.012862 1.722199
0.424802 0.421202 604.600000 0.171172 1.436078
0.424740 0.421310 604.700000 0.316582 1.464851
0.424687 0.421394 604.800000 0.458294 1.362304
0.424647 0.421501 604.900000 0.599795 1.460639
0.424622 0.421603 605.000000 0.745366 1.443494
0.424617 0.421701 605.100000 0.889032 1.422657
0.424633 0.421746 605.200000 1.019440 1.178985
0.424670 0.421802 605.300000 1.140391 1.233980
0.424734 0.421891 605.400000 1.271648 1.384596
0.424827 0.421957 605.500000 1.405487 1.285487
0.424948 0.421975 605.600000 1.521526 1.029497
0.425098 0.422034 605.700000 1.635782 1.249906
0.425284 0.422095 605.800000 1.761512 1.258419
0.425503 0.422099 605.900000 1.871765 0.941113
0.425749 0.422076 606.000000 1.956693 0.753214
0.426017 0.422040 606.100000 2.026665 0.642722
0.426305 0.421988 606.200000 2.082055 0.462310
0.426599 0.421919 606.300000 2.104253 -0.019456
0.426894 0.421849 606.400000 2.104386 0.022090
0.427186 0.421784 606.500000 2.094835 -0.212627
0.427465 0.421731 606.600000 2.061319 -0.456014
0.427726 0.421698 606.700000 2.005211 -0.663341
0.427962 0.421696 606.800000 1.926709 -0.902780
0.428166 0.421729 606.900000 1.825569 -1.114960
0.428334 0.421809 607.000000 1.702098 -1.348274
0.428464 0.421917 607.100000 1.560829 -1.470051
0.428556 0.422059 607.200000 1.406893 -1.600979
0.428613 0.422211 607.300000 1.244315 -1.642443
0.428637 0.422404 607.400000 1.072460 -1.786072
0.428630 0.422680 607.500000 0.880301 -2.047494
0.428597 0.422958 607.600000 0.674613 -2.055976
0.428545 0.423249 607.700000 0.466566 -2.094565
0.428480 0.423518 607.800000 0.260011 -2.026214
0.428410 0.423729 607.900000 0.065808 -1.848123
0.428340 0.423887 608.000000 -0.110222 -1.663689
0.428276 0.424026 608.100000 -0.273460 -1.592911
0.428220 0.424125 608.200000 -0.425316 -1.436611
0.428176 0.424198 608.300000 -0.563322 -1.316601
0.428145 0.424254 608.400000 -0.691165 -1.233874
0.428130 0.424350 608.500000 -0.824249 -1.421154
0.428136 0.424425 608.600000 -0.962005 -1.327079
0.428163 0.424468 608.700000 -1.087379 -1.174125
0.428210 0.424483 608.800000 -1.197105 -1.014906
0.428278 0.424491 608.900000 -1.296633 -0.970686
0.428365 0.424470 609.000000 -1.383971 -0.771700
0.428467 0.424425 609.100000 -1.450157 -0.548712
0.428579 0.424361 609.200000 -1.491212 -0.270343
0.428694 0.424292 609.300000 -1.503399 0.027213
0.428807 0.424224 609.400000 -1.494288 0.154565
0.428915 0.424159 609.500000 -1.475073 0.228756
0.429016 0.424100 609.600000 -1.445526 0.360710
0.429108 0.424048 609.700000 -1.404404 0.459688
0.429189 0.423996 609.800000 -1.358031 0.465446
0.429257 0.423960 609.900000 -1.302500 0.642390
0.429312 0.423927 610.000000 -1.237027 0.663807
0.429353 0.423914 610.100000 -1.162239 0.828209
0.429378 0.423895 610.200000 -1.081145 0.789622
0.429390 0.423881 610.300000 -1.000363 0.821968
0.429387 0.423885 610.400000 -0.911837 0.944137
0.429371 0.423897 610.500000 -0.814499 0.997747
0.429341 0.423957 610.600000 -0.701416 1.258270
0.429298 0.424027 610.700000 -0.572880 1.306019
0.429244 0.424069 610.800000 -0.449032 1.164738
0.429182 0.424170 610.900000 -0.318254 1.444299
0.429115 0.424249 611.000000 -0.178324 1.347294
0.429045 0.424328 611.100000 -0.043399 1.344468
0.428975 0.424426 611.200000 0.095860 1.433741
0.428909 0.424495 611.300000 0.232817 1.298550
0.428850 0.424577 611.400000 0.366038 1.359217
0.428799 0.424590 611.500000 0.484607 1.006227
0.428757 0.424582 611.600000 0.578349 0.863931
0.428722 0.424564 611.700000 0.661663 0.798173
0.428696 0.424530 611.800000 0.734680 0.658522
0.428678 0.424489 611.900000 0.796869 0.582151
0.428669 0.424460 612.000000 0.861636 0.709948
0.428668 0.424410 612.100000 0.921415 0.482652
0.428675 0.424361 612.200000 0.970397 0.494528
0.428688 0.424299 612.300000 1.010827 0.312059
0.428705 0.424231 612.400000 1.030816 0.086728
0.428722 0.424162 612.500000 1.030258 -0.097875
0.428735 0.424099 612.600000 1.012312 -0.260134
0.428743 0.424053 612.700000 0.972052 -0.543060
0.428741 0.424016 612.800000 0.913497 -0.625114
0.428730 0.423979 612.900000 0.850900 -0.623690
0.428711 0.423931 613.000000 0.793713 -0.517194
0.428687 0.423879 613.100000 0.744774 -0.459149
0.428657 0.423827 613.200000 0.699347 -0.447103
0.428621 0.423779 613.300000 0.650924 -0.518950
0.428581 0.423727 613.400000 0.601995 -0.457182
0.428534 0.423720 613.500000 0.535441 -0.870572
0.428481 0.423719 613.600000 0.445955 -0.914662
0.428421 0.423741 613.700000 0.347218 -1.055148
0.428355 0.423800 613.800000 0.231553 -1.252363
0.428287 0.423820 613.900000 0.116329 -1.046363
0.428217 0.423877 614.000000 0.001571 -1.243063
0.428149 0.423955 614.100000 -0.128308 -1.348020
0.428085 0.424046 614.200000 -0.266024 -1.399421
0.428028 0.424101 614.300000 -0.398146 -1.236407
0.427979 0.424092 614.400000 -0.503162 -0.858669
0.427937 0.424078 614.500000 -0.587516 -0.824190
0.427904 0.424053 614.600000 -0.665442 -0.730437
0.427879 0.424029 614.700000 -0.739360 -0.744215
0.427862 0.423986 614.800000 -0.805007 -0.565447
0.427851 0.423930 614.900000 -0.853161 -0.395231
0.427846 0.423873 615.000000 -0.892747 -0.394504
0.427846 0.423807 615.100000 -0.920624 -0.161640
0.427847 0.423738 615.200000 -0.933009 -0.085437
0.427849 0.423670 615.300000 -0.939066 -0.035411
0.427851 0.423601 615.400000 -0.939823 0.020307
0.427852 0.423535 615.500000 -0.928703 0.201536
0.427849 0.423470 615.600000 -0.907804 0.215405
0.427843 0.423407 615.700000 -0.883507 0.269324
0.427834 0.423341 615.800000 -0.860873 0.182219
0.427822 0.423274 615.900000 -0.844437 0.145681
0.427808 0.423214 616.000000 -0.820633 0.329204
0.427790 0.423147 616.100000 -0.797858 0.125167
0.427769 0.423086 616.200000 -0.776210 0.306713
0.427744 0.423041 616.300000 -0.733998 0.535404
0.427713 0.422983 616.400000 -0.688344 0.375386
0.427677 0.422938 616.500000 -0.642530 0.538621
0.427635 0.422897 616.600000 -0.586389 0.581390
0.427589 0.422854 616.700000 -0.529089 0.561743
0.427537 0.422822 616.800000 -0.467488 0.667198
0.427480 0.422822 616.900000 -0.387785 0.922873
0.427418 0.422814 617.000000 -0.298221 0.863928
0.427352 0.422818 617.100000 -0.207478 0.946397
0.427284 0.422892 617.200000 -0.093522 1.327011
0.427214 0.422939 617.300000 0.032778 1.192679
0.427147 0.422970 617.400000 0.148163 1.109252
0.427083 0.422957 617.500000 0.245184 0.826319
0.427022 0.422936 617.600000 0.324804 0.762101
0.426966 0.422914 617.700000 0.401205 0.762090
0.426914 0.422862 617.800000 0.461743 0.445650
0.426866 0.422819 617.900000 0.512264 0.562255
0.426824 0.422777 618.000000 0.569331 0.576214
0.426786 0.422737 618.100000 0.627725 0.588747
0.426755 0.422697 618.200000 0.686937 0.592535
0.426729 0.422632 618.300000 0.726529 0.197335
0.426705 0.422567 618.400000 0.747156 0.214174
0.426684 0.422501 618.500000 0.766163 0.165011
0.426664 0.422433 618.600000 0.776766 0.046513
0.426642 0.422368 618.700000 0.769593 -0.189603
0.426619 0.422302 618.800000 0.751300 -0.175349
0.426594 0.422237 618.900000 0.732195 -0.205798
0.426566 0.422171 619.000000 0.714498 -0.147256
0.426536 0.422104 619.100000 0.699286 -0.156229
0.426505 0.422038 619.200000 0.684235 -0.144023
0.426473 0.421970 619.300000 0.672860 -0.082908
0.426439 0.421907 619.400000 0.657074 -0.232029
0.426403 0.421842 619.500000 0.635170 -0.204953
0.426364 0.421779 619.600000 0.612069 -0.255920
0.426322 0.421731 619.700000 0.574553 -0.492518
0.426275 0.421693 619.800000 0.519072 -0.614322
0.426223 0.421668 619.900000 0.451866 -0.726456
0.426165 0.421672 620.000000 0.368015 -0.946352
0.426102 0.421677 620.100000 0.272796 -0.953269
0.426036 0.421691 620.200000 0.174326 -1.011220
0.425968 0.421699 620.300000 0.075020 -0.969935
0.425899 0.421718 620.400000 -0.025532 -1.036075
0.425832 0.421745 620.500000 -0.132062 -1.089200
0.425768 0.421764 620.600000 -0.238617 -1.036572
0.425709 0.421770 620.700000 -0.338477 -0.955628
0.425655 0.421756 620.800000 -0.427670 -0.823783
0.425606 0.421717 620.900000 -0.498990 -0.599037
0.425563 0.421676 621.000000 -0.557684 -0.571927
0.425523 0.421613 621.100000 -0.599250 -0.257303
0.425486 0.421551 621.200000 -0.624792 -0.252254
0.425452 0.421490 621.300000 -0.652517 -0.300867
0.425420 0.421426 621.400000 -0.679000 -0.227466
0.425392 0.421369 621.500000 -0.708796 -0.366972
0.425368 0.421305 621.600000 -0.737057 -0.196838
0.425346 0.421241 621.700000 -0.758632 -0.233572
0.425326 0.421175 621.800000 -0.775803 -0.108992
0.425306 0.421107 621.900000 -0.776945 0.086203
0.425284 0.421043 622.000000 -0.761848 0.214983
0.425259 0.420989 622.100000 -0.730418 0.412057
0.425228 0.420946 622.200000 -0.682173 0.550428
0.425190 0.420929 622.300000 -0.614650 0.796652
0.425144 0.420906 622.400000 -0.537531 0.741880
0.425094 0.420862 622.500000 -0.473113 0.543247
0.425041 0.420806 622.600000 -0.427323 0.370262
0.424985 0.420742 622.700000 -0.398121 0.212317
0.424928 0.420688 622.800000 -0.366770 0.413140
0.424868 0.420635 622.900000 -0.324503 0.430080
0.424806 0.420584 623.000000 -0.280109 0.455595
0.424742 0.420553 623.100000 -0.223692 0.669924
0.424676 0.420532 623.200000 -0.152048 0.759366
0.424608 0.420518 623.300000 -0.072945 0.818734
0.424540 0.420491 623.400000 0.003640 0.709131
0.424472 0.420472 623.500000 0.078317 0.780685
0.424406 0.420432 623.600000 0.146921 0.587957
0.424341 0.420385 623.700000 0.201251 0.495935
0.424278 0.420334 623.800000 0.249146 0.459562
0.424217 0.420277 623.900000 0.289563 0.346765
0.424157 0.420214 624.000000 0.319385 0.248189
0.424099 0.420159 624.100000 0.351238 0.387267
0.424043 0.420102 624.200000 0.389129 0.368671
0.423989 0.420043 624.300000 0.422806 0.303182
0.423938 0.419984 624.400000 0.454701 0.333127
0.423889 0.419923 624.500000 0.485715 0.285594
0.423842 0.419860 624.600000 0.510355 0.205979
0.423796 0.419793 624.700000 0.523101 0.048298
0.423750 0.419726 624.800000 0.522035 -0.069569
0.423704 0.419659 624.900000 0.518623 0.001502
0.423658 0.419592 625.000000 0.518893 0.003890
0.423612 0.419525 625.100000 0.521414 0.046404
0.423565 0.419463 625.200000 0.510742 -0.259313
0.423515 0.419412 625.300000 0.474973 -0.454284
0.423463 0.419354 625.400000 0.436088 -0.321464
0.423407 0.419308 625.500000 0.393758 -0.523015
0.423348 0.419280 625.600000 0.332709 -0.694918
0.423286 0.419261 625.700000 0.259176 -0.772074
0.423221 0.419249 625.800000 0.178868 -0.830065
0.423154 0.419295 625.900000 0.077440 -1.193413
0.423086 0.419323 626.000000 -0.036975 -1.089170
0.423020 0.419330 626.100000 -0.139776 -0.961714
0.422957 0.419318 626.200000 -0.229367 -0.825625
0.422897 0.419294 626.300000 -0.307862 -0.740361
0.422841 0.419266 626.400000 -0.379805 -0.694901
0.422789 0.419225 626.500000 -0.443304 -0.571903
0.422741 0.419171 626.600000 -0.491890 -0.397389
0.422695 0.419106 626.700000 -0.520603 -0.175427
0.422651 0.419041 626.800000 -0.535187 -0.115532
0.422606 0.418975 626.900000 -0.536144 0.096449
0.422562 0.418909 627.000000 -0.536723 -0.108000
0.422519 0.418845 627.100000 -0.552632 -0.209396
0.422478 0.418786 627.200000 -0.577862 -0.293937
0.422439 0.418720 627.300000 -0.598390 -0.115593
0.422402 0.418657 627.400000 -0.614966 -0.215096
0.422367 0.418594 627.500000 -0.636834 -0.221175
0.422333 0.418527 627.600000 -0.646053 0.037265
0.422299 0.418461 627.700000 -0.645280 -0.021846
0.422265 0.418394 627.800000 -0.648505 -0.042510
0.422231 0.418330 627.900000 -0.642959 0.153161
0.422195 0.418263 628.000000 -0.632035 0.064770
0.422159 0.418199 628.100000 -0.619612 0.183064
0.422120 0.418139 628.200000 -0.596879 0.270461
0.422078 0.418082 628.300000 -0.565664 0.352290
0.422034 0.418021 628.400000 -0.534907 0.261317
0.421986 0.417973 628.500000 -0.497619 0.482574
0.421936 0.417917 628.600000 -0.454899 0.369675
0.421883 0.417859 628.700000 -0.420510 0.316393
0.421827 0.417809 628.800000 -0.381545 0.460954
0.421769 0.417755 628.900000 -0.338425 0.399298
0.421709 0.417710 629.000000 -0.292752 0.511882
0.421646 0.417699 629.100000 -0.225239 0.835006
0.421581 0.417668 629.200000 -0.149723 0.671539
0.421514 0.417632 629.300000 -0.085083 0.618023
0.421447 0.417598 629.400000 -0.022155 0.637391
0.421381 0.417553 629.500000 0.035559 0.514008
0.421314 0.417502 629.600000 0.083610 0.444596
0.421249 0.417458 629.700000 0.132055 0.521885
0.421185 0.417446 629.800000 0.199785 0.829323
0.421125 0.417437 629.900000 0.283964 0.850048
0.421069 0.417434 630.000000 0.371471 0.895720
0.421018 0.417401 630.100000 0.448717 0.645342
0.420973 0.417391 630.200000 0.523222 0.841033
0.420935 0.417375 630.300000 0.605029 0.791016
0.420905 0.417359 630.400000 0.684724 0.798900
0.420885 0.417339 630.500000 0.762898 0.760672
0.420873 0.417303 630.600000 0.832255 0.623000
0.420869 0.417253 630.700000 0.885891 0.447029
0.420870 0.417196 630.800000 0.925419 0.341559
0.420875 0.417134 630.900000 0.953906 0.226769
0.420883 0.417069 631.000000 0.970018 0.094665
0.420891 0.417004 631.100000 0.968979 -0.115392
0.420895 0.416946 631.200000 0.946440 -0.334266
0.420894 0.416893 631.300000 0.909580 -0.401103
0.420886 0.416848 631.400000 0.863428 -0.519618
0.420871 0.416809 631.500000 0.808216 -0.581858
0.420849 0.416767 631.600000 0.751777 -0.544099
0.420821 0.416729 631.700000 0.694552 -0.597547
0.420785 0.416709 631.800000 0.626520 -0.759695
0.420744 0.416670 631.900000 0.559057 -0.586178
0.420697 0.416619 632.000000 0.508165 -0.429120
0.420647 0.416580 632.100000 0.457406 -0.583520
0.420594 0.416526 632.200000 0.408544 -0.391295
0.420538 0.416478 632.300000 0.365298 -0.471444
0.420479 0.416452 632.400000 0.306115 -0.709269
0.420417 0.416410 632.500000 0.242745 -0.554958
0.420353 0.416388 632.600000 0.177815 -0.740400
0.420288 0.416365 632.700000 0.103461 -0.742961
0.420221 0.416352 632.800000 0.025570 -0.810956
0.420155 0.416319 632.900000 -0.047500 -0.646797
0.420090 0.416281 633.000000 -0.109812 -0.596340
0.420026 0.416279 633.100000 -0.184559 -0.894861
0.419966 0.416293 633.200000 -0.279779 -1.004778
0.419911 0.416294 633.300000 -0.376364 -0.922083
0.419862 0.416290 633.400000 -0.467071 -0.887529
0.419819 0.416267 633.500000 -0.548302 -0.733031
0.419784 0.416256 633.600000 -0.626594 -0.828891
0.419756 0.416209 633.700000 -0.692483 -0.485593
0.419732 0.416156 633.800000 -0.737479 -0.412081
0.419713 0.416094 633.900000 -0.768617 -0.209110
0.419694 0.416028 634.000000 -0.778686 0.008228
0.419673 0.415974 634.100000 -0.759278 0.378950
0.419649 0.415913 634.200000 -0.728664 0.231818
0.419622 0.415857 634.300000 -0.699763 0.344749
0.419589 0.415821 634.400000 -0.651673 0.614639
0.419550 0.415791 634.500000 -0.587164 0.672331
0.419505 0.415780 634.600000 -0.511579 0.835581
0.419452 0.415803 634.700000 -0.416706 1.057128
0.419394 0.415820 634.800000 -0.312481 1.022168
0.419331 0.415844 634.900000 -0.207838 1.065452
0.419266 0.415854 635.000000 -0.105203 0.982126
0.419200 0.415856 635.100000 -0.009777 0.921620
0.419134 0.415845 635.200000 0.078092 0.831366
0.419070 0.415821 635.300000 0.156423 0.731328
0.419009 0.415817 635.400000 0.237477 0.885705
0.418951 0.415795 635.500000 0.318925 0.739188
0.418897 0.415770 635.600000 0.391778 0.714223
0.418848 0.415739 635.700000 0.460683 0.660429
0.418803 0.415686 635.800000 0.514329 0.409803
0.418762 0.415650 635.900000 0.565221 0.605507
0.418727 0.415607 636.000000 0.622074 0.528701
0.418697 0.415571 636.100000 0.679254 0.612048
0.418674 0.415531 636.200000 0.738722 0.574328
0.418657 0.415475 636.300000 0.784412 0.337184
0.418643 0.415415 636.400000 0.814257 0.258235
0.418633 0.415357 636.500000 0.842310 0.301416
0.418627 0.415300 636.600000 0.874077 0.332337
0.418626 0.415244 636.700000 0.907532 0.335092
0.418630 0.415189 636.800000 0.942912 0.370747
0.418641 0.415145 636.900000 0.987387 0.516513
0.418659 0.415092 637.000000 1.033181 0.397092
0.418685 0.415046 637.100000 1.077572 0.488513
0.418718 0.414997 637.200000 1.124522 0.448124
0.418758 0.414938 637.300000 1.161014 0.279895
0.418802 0.414873 637.400000 1.179464 0.088184
0.418847 0.414809 637.500000 1.188612 0.094328
0.418896 0.414752 637.600000 1.210106 0.334469
0.418950 0.414691 637.700000 1.236963 0.201327
0.419009 0.414632 637.800000 1.261098 0.280166
0.419070 0.414567 637.900000 1.271103 -0.080555
0.419129 0.414503 638.000000 1.260996 -0.121084
0.419185 0.414441 638.100000 1.245982 -0.178441
0.419238 0.414378 638.200000 1.229129 -0.157789
0.419287 0.414315 638.300000 1.214027 -0.143483
0.419330 0.414282 638.400000 1.174750 -0.640106
0.419361 0.414243 638.500000 1.114005 -0.571743
0.419381 0.414226 638.600000 1.046037 -0.784232
0.419387 0.414234 638.700000 0.958413 -0.963873
0.419379 0.414267 638.800000 0.853885 -1.121452
0.419356 0.414297 638.900000 0.742585 -1.098986
0.419322 0.414322 639.000000 0.633846 -1.070344
0.419278 0.414341 639.100000 0.528390 -1.033512
0.419227 0.414365 639.200000 0.423188 -1.065269
0.419169 0.414421 639.300000 0.307478 -1.243147
0.419106 0.414418 639.400000 0.200445 -0.892157
0.419042 0.414407 639.500000 0.114175 -0.828934
0.418976 0.414391 639.600000 0.032932 -0.791867
0.418911 0.414393 639.700000 -0.053031 -0.923084
0.418848 0.414427 639.800000 -0.155748 -1.126118
0.418787 0.414439 639.900000 -0.261659 -0.986822
0.418732 0.414447 640.000000 -0.359450 -0.964104
0.418683 0.414457 640.100000 -0.456814 -0.978314
0.418642 0.414475 640.200000 -0.557709 -1.034523
0.418610 0.414478 640.300000 -0.656125 -0.928892
0.418588 0.414472 640.400000 -0.746213 -0.868351
0.418576 0.414448 640.500000 -0.825981 -0.723024
0.418573 0.414407 640.600000 -0.889628 -0.546746
0.418575 0.414351 640.700000 -0.934048 -0.339428
0.418580 0.414288 640.800000 -0.945616 0.108660
0.418581 0.414229 640.900000 -0.925985 0.282969
0.418578 0.414177 641.000000 -0.891725 0.400508
0.418567 0.414152 641.100000 -0.835871 0.713780
0.418545 0.414200 641.200000 -0.739929 1.200282
0.418509 0.414250 641.300000 -0.618923 1.213787
0.418463 0.414344 641.400000 -0.486585 1.426354
0.418406 0.414473 641.500000 -0.336179 1.574232
0.418343 0.414623 641.600000 -0.173936 1.662526
0.418278 0.414766 641.700000 -0.008818 1.631570
0.418215 0.414905 641.800000 0.153865 1.613971
0.418157 0.415037 641.900000 0.314508 1.590849
0.418110 0.415167 642.000000 0.473520 1.581450
0.418075 0.415247 642.100000 0.621135 1.363451
0.418053 0.415288 642.200000 0.747679 1.161114
0.418046 0.415329 642.300000 0.864445 1.168375
0.418053 0.415318 642.400000 0.964486 0.827435
0.418073 0.415296 642.500000 1.043047 0.739848
0.418105 0.415268 642.600000 1.114874 0.693105
0.418147 0.415227 642.700000 1.176772 0.541757
0.418198 0.415172 642.800000 1.222121 0.362957
0.418254 0.415109 642.900000 1.246618 0.125753
0.418310 0.415047 643.000000 1.244385 -0.170287
0.418361 0.414987 643.100000 1.223522 -0.245932
0.418407 0.414933 643.200000 1.193066 -0.361660
0.418445 0.414885 643.300000 1.151265 -0.472279
0.418473 0.414853 643.400000 1.095310 -0.644030
0.418490 0.414825 643.500000 1.028556 -0.687704
0.418496 0.414806 643.600000 0.955827 -0.763234
0.418489 0.414826 643.700000 0.865381 -1.041170
0.418469 0.414844 643.800000 0.761426 -1.032736
0.418438 0.414861 643.900000 0.658368 -1.023261
0.418396 0.414895 644.000000 0.550607 -1.126576
0.418347 0.414916 644.100000 0.441810 -1.043932
0.418290 0.414938 644.200000 0.336375 -1.059483
0.418230 0.414964 644.300000 0.229378 -1.075124
0.418166 0.414945 644.400000 0.137003 -0.767743
0.418102 0.414922 644.500000 0.062102 -0.726538
0.418037 0.414891 644.600000 -0.007221 -0.656453
0.417972 0.414853 644.700000 -0.069810 -0.592198
0.417909 0.414809 644.800000 -0.124771 -0.504275
0.417846 0.414780 644.900000 -0.183994 -0.677223
0.417787 0.414753 645.000000 -0.252822 -0.695891
0.417730 0.414749 645.100000 -0.331624 -0.876209
0.417679 0.414726 645.200000 -0.412266 -0.732600
0.417632 0.414707 645.300000 -0.487181 -0.761955
0.417592 0.414685 645.400000 -0.562768 -0.746013
0.417560 0.414673 645.500000 -0.641341 -0.821509
0.417534 0.414642 645.600000 -0.715220 -0.652379
0.417517 0.414608 645.700000 -0.779312 -0.626264
0.417508 0.414586 645.800000 -0.847710 -0.738273
0.417509 0.414563 645.900000 -0.921182 -0.727502
0.417521 0.414551 646.000000 -0.998668 -0.818347
0.417546 0.414529 646.100000 -1.076654 -0.737456
0.417584 0.414502 646.200000 -1.148688 -0.699623
0.417632 0.414458 646.300000 -1.209291 -0.509422
0.417689 0.414405 646.400000 -1.253272 -0.367995
0.417753 0.414350 646.500000 -1.289158 -0.347919
0.417824 0.414296 646.600000 -1.324592 -0.359004
0.417903 0.414241 646.700000 -1.359545 -0.338310
0.417988 0.414183 646.800000 -1.390792 -0.285069
0.418077 0.414122 646.900000 -1.414222 -0.182355
0.418169 0.414058 647.000000 -1.422132 0.024561
0.418258 0.413998 647.100000 -1.409092 0.235583
0.418340 0.413943 647.200000 -1.380237 0.340063
0.418414 0.413901 647.300000 -1.336647 0.529568
0.418475 0.413874 647.400000 -1.275306 0.694177
0.418521 0.413862 647.500000 -1.199303 0.822098
0.418553 0.413849 647.600000 -1.117359 0.812668
0.418570 0.413858 647.700000 -1.027903 0.971979
0.418571 0.413892 647.800000 -0.922741 1.126009
0.418558 0.413903 647.900000 -0.817136 0.980817
0.418532 0.413963 648.000000 -0.704459 1.267087
0.418492 0.414050 648.100000 -0.570857 1.398265
0.418443 0.414104 648.200000 -0.438676 1.238764
0.418386 0.414137 648.300000 -0.320337 1.122092
0.418325 0.414179 648.400000 -0.205468 1.169547
0.418261 0.414201 648.500000 -0.093898 1.056272
0.418196 0.414188 648.600000 -0.000168 0.813647
0.418132 0.414177 648.700000 0.082213 0.829845
0.418070 0.414154 648.800000 0.160283 0.727660
0.418009 0.414114 648.900000 0.224673 0.556912
0.417951 0.414069 649.000000 0.277121 0.489419
0.417895 0.414023 649.100000 0.325665 0.479049
0.417841 0.413976 649.200000 0.372993 0.465137
0.417789 0.413914 649.300000 0.403538 0.144228
0.417738 0.413850 649.400000 0.412189 0.028369
0.417687 0.413788 649.500000 0.421037 0.148138
0.417637 0.413725 649.600000 0.423828 -0.092443
0.417586 0.413662 649.700000 0.415031 -0.083062
0.417534 0.413602 649.800000 0.400393 -0.208977
0.417481 0.413538 649.900000 0.387548 -0.047273
0.417428 0.413480 650.000000 0.372391 -0.255099
0.417373 0.413423 650.100000 0.344223 -0.306863
0.417316 0.413365 650.200000 0.316095 -0.254280
0.417258 0.413310 650.300000 0.286385 -0.338447
0.417199 0.413252 650.400000 0.255859 -0.270552
0.417139 0.413193 650.500000 0.230426 -0.236827
0.417078 0.413131 650.600000 0.210653 -0.157642
0.417017 0.413068 650.700000 0.201203 -0.030898
0.416956 0.413005 650.800000 0.195150 -0.089852
0.416895 0.412942 650.900000 0.187975 -0.053283
0.416833 0.412879 651.000000 0.180195 -0.101926
0.416772 0.412817 651.100000 0.169001 -0.121390
0.416709 0.412758 651.200000 0.151262 -0.232512
0.416647 0.412695 651.300000 0.135607 -0.079809
0.416584 0.412634 651.400000 0.121585 -0.199934
0.416521 0.412571 651.500000 0.109412 -0.042911
0.416458 0.412510 651.600000 0.115384 0.162060
0.416395 0.412447 651.700000 0.123350 -0.003135
0.416332 0.412394 651.800000 0.104652 -0.369898
0.416269 0.412341 651.900000 0.067521 -0.370869
0.416205 0.412305 652.000000 0.019092 -0.595288
0.416141 0.412270 652.100000 -0.041016 -0.603858
0.416078 0.412237 652.200000 -0.102692 -0.626584
0.416017 0.412203 652.300000 -0.165452 -0.625482
0.415957 0.412187 652.400000 -0.235722 -0.776404
0.415901 0.412176 652.500000 -0.316210 -0.829322
0.415850 0.412170 652.600000 -0.401134 -0.864918
0.415805 0.412174 652.700000 -0.491510 -0.938086
0.415767 0.412176 652.800000 -0.584580 -0.918661
0.415737 0.412154 652.900000 -0.667479 -0.735171
0.415715 0.412123 653.000000 -0.736461 -0.641014
0.415701 0.412096 653.100000 -0.803041 -0.687268
0.415696 0.412068 653.200000 -0.871362 -0.675728
0.415698 0.412021 653.300000 -0.928511 -0.464406
0.415705 0.411961 653.400000 -0.962616 -0.215989
0.415715 0.411899 653.500000 -0.978865 -0.108182
0.415726 0.411837 653.600000 -0.988115 -0.076338
0.415738 0.411774 653.700000 -0.992679 -0.014719
0.415750 0.411712 653.800000 -0.998855 -0.108494
0.415764 0.411649 653.900000 -1.006734 -0.048690
0.415778 0.411587 654.000000 -1.004985 0.083589
0.415790 0.411525 654.100000 -0.995450 0.106629
0.415800 0.411464 654.200000 -0.981412 0.173422
0.415807 0.411408 654.300000 -0.957823 0.297184
0.415809 0.411355 654.400000 -0.924336 0.370880
0.415804 0.411311 654.500000 -0.881052 0.492630
0.415793 0.411269 654.600000 -0.830013 0.525595
0.415776 0.411232 654.700000 -0.774553 0.580842
0.415751 0.411198 654.800000 -0.715089 0.605461
0.415721 0.411159 654.900000 -0.656768 0.558040
0.415684 0.411134 655.000000 -0.593271 0.708719
0.415642 0.411103 655.100000 -0.525282 0.647660
0.415594 0.411078 655.200000 -0.457643 0.701748
0.415542 0.411069 655.300000 -0.380351 0.840233
0.415485 0.411079 655.400000 -0.289574 0.970767
0.415425 0.411068 655.500000 -0.199488 0.826442
0.415362 0.411039 655.600000 -0.124590 0.667778
0.415299 0.411057 655.700000 -0.039583 1.028106
0.415236 0.411088 655.800000 0.067330 1.104818
0.415175 0.411098 655.900000 0.171689 0.977144
0.415118 0.411117 656.000000 0.272551 1.035046
0.415065 0.411136 656.100000 0.376327 1.035279
0.415018 0.411095 656.200000 0.454958 0.533417
0.414973 0.411043 656.300000 0.500783 0.380789
0.414933 0.410996 656.400000 0.542284 0.447155
0.414895 0.410940 656.500000 0.579435 0.294011
0.414860 0.410881 656.600000 0.606125 0.238449
0.414828 0.410836 656.700000 0.641525 0.467783
0.414801 0.410789 656.800000 0.687871 0.456825
0.414779 0.410747 656.900000 0.736678 0.516871
0.414763 0.410707 657.000000 0.790315 0.553200
0.414754 0.410659 657.100000 0.839620 0.430424
0.414749 0.410602 657.200000 0.874093 0.257316
0.414746 0.410539 657.300000 0.886255 -0.014689
0.414740 0.410482 657.400000 0.871854 -0.272609
0.414732 0.410424 657.500000 0.846354 -0.236112
0.414720 0.410370 657.600000 0.817822 -0.333109
0.414703 0.410323 657.700000 0.778930 -0.442783
0.414680 0.410281 657.800000 0.730938 -0.514654
0.414651 0.410255 657.900000 0.670329 -0.694504
0.414616 0.410228 658.000000 0.601076 -0.687091
0.414574 0.410201 658.100000 0.532384 -0.683301
0.414528 0.410156 658.200000 0.474773 -0.466037
0.414479 0.410117 658.300000 0.423727 -0.552335
0.414427 0.410075 658.400000 0.370129 -0.516952
0.414372 0.410022 658.500000 0.326391 -0.355620
0.414315 0.409973 658.600000 0.287345 -0.423346
0.414256 0.409970 658.700000 0.221777 -0.884729
0.414194 0.409977 658.800000 0.129573 -0.954744
0.414132 0.409957 658.900000 0.044405 -0.744352
0.414069 0.409927 659.000000 -0.025504 -0.650344
0.414007 0.409915 659.100000 -0.099004 -0.815978
0.413946 0.409894 659.200000 -0.176822 -0.736496
0.413888 0.409864 659.300000 -0.246358 -0.650745
0.413832 0.409814 659.400000 -0.298722 -0.393905
0.413778 0.409760 659.500000 -0.335394 -0.337700
0.413725 0.409701 659.600000 -0.362471 -0.202500
0.413674 0.409655 659.700000 -0.395072 -0.447885
0.413627 0.409615 659.800000 -0.445088 -0.549925
0.413583 0.409569 659.900000 -0.495486 -0.455530
0.413543 0.409533 660.000000 -0.547951 -0.591133
0.413508 0.409494 660.100000 -0.604927 -0.545542
0.413479 0.409464 660.200000 -0.664763 -0.648189
0.413456 0.409428 660.300000 -0.726697 -0.587386
0.413439 0.409379 660.400000 -0.776782 -0.411816
0.413428 0.409336 660.500000 -0.822945 -0.509144
0.413422 0.409284 660.600000 -0.866397 -0.357719
0.413421 0.409229 660.700000 -0.899055 -0.293809
0.413420 0.409169 660.800000 -0.905877 0.157707
0.413416 0.409117 660.900000 -0.879852 0.361496
0.413407 0.409070 661.000000 -0.839577 0.441986
0.413392 0.409028 661.100000 -0.791600 0.515159
0.413370 0.408990 661.200000 -0.737291 0.568300
0.413343 0.408955 661.300000 -0.679157 0.591479
0.413310 0.408903 661.400000 -0.631343 0.362416
0.413275 0.408849 661.500000 -0.597125 0.320238
0.413236 0.408805 661.600000 -0.556445 0.491310
0.413192 0.408775 661.700000 -0.499726 0.640239
0.413144 0.408756 661.800000 -0.429560 0.759582
0.413090 0.408759 661.900000 -0.345079 0.925813
0.413033 0.408746 662.000000 -0.258546 0.800522
0.412973 0.408720 662.100000 -0.184147 0.683725
0.412912 0.408711 662.200000 -0.107858 0.838243
0.412849 0.408718 662.300000 -0.018024 0.953951
0.412787 0.408696 662.400000 0.066114 0.724599
0.412726 0.408653 662.500000 0.127671 0.503460
0.412666 0.408618 662.600000 0.182649 0.593352
0.412609 0.408581 662.700000 0.240885 0.568468
0.412553 0.408533 662.800000 0.290833 0.427992
0.412499 0.408479 662.900000 0.328313 0.319730
0.412447 0.408432 663.000000 0.366012 0.432358
0.412398 0.408399 663.100000 0.418773 0.620242
0.412353 0.408363 663.200000 0.478866 0.578600
0.412314 0.408371 663.300000 0.556126 0.962733
0.412283 0.408371 663.400000 0.649455 0.899191
0.412263 0.408385 663.500000 0.745034 1.007599
0.412255 0.408391 663.600000 0.842983 0.946492
0.412257 0.408360 663.700000 0.922344 0.636770
0.412268 0.408339 663.800000 0.990798 0.728887
0.412290 0.408302 663.900000 1.055831 0.568512
0.412321 0.408263 664.000000 1.111688 0.545835
0.412362 0.408225 664.100000 1.167369 0.564998
0.412411 0.408174 664.200000 1.214412 0.373505
0.412466 0.408120 664.300000 1.248613 0.308816
0.412524 0.408059 664.400000 1.264465 0.007431
0.412579 0.408006 664.500000 1.247662 -0.342654
0.412625 0.407973 664.600000 1.199629 -0.615593
0.412660 0.407944 664.700000 1.136232 -0.649189
0.412684 0.407926 664.800000 1.065535 -0.761213
0.412694 0.407930 664.900000 0.980549 -0.934255
0.412691 0.407938 665.000000 0.885757 -0.956841
0.412677 0.407921 665.100000 0.799303 -0.767922
0.412653 0.407943 665.200000 0.707974 -1.054084
0.412618 0.407973 665.300000 0.599911 -1.101771
0.412573 0.408049 665.400000 0.476780 -1.354696
0.412519 0.408152 665.500000 0.334849 -1.476835
0.412459 0.408289 665.600000 0.179419 -1.623992
0.412398 0.408383 665.700000 0.025895 -1.438821
0.412337 0.408444 665.800000 -0.110375 -1.279755
0.412279 0.408509 665.900000 -0.239474 -1.295768
0.412227 0.408537 666.000000 -0.359204 -1.092855
0.412181 0.408571 666.100000 -0.470442 -1.126328
0.412145 0.408593 666.200000 -0.579504 -1.049463
0.412119 0.408651 666.300000 -0.695376 -1.262177
0.412107 0.408677 666.400000 -0.812719 -1.078833
0.412109 0.408704 666.500000 -0.921365 -1.088649
0.412124 0.408692 666.600000 -1.016303 -0.805362
0.412149 0.408640 666.700000 -1.074483 -0.355330
0.412178 0.408579 666.800000 -1.096491 -0.083723
0.412206 0.408518 666.900000 -1.098657 0.040515
0.412233 0.408461 667.000000 -1.084619 0.239536
0.412256 0.408403 667.100000 -1.062645 0.198836
0.412276 0.408343 667.200000 -1.046787 0.117538
0.412293 0.408290 667.300000 -1.024035 0.336374
0.412305 0.408234 667.400000 -0.994082 0.261182
0.412312 0.408185 667.500000 -0.960520 0.408370
0.412313 0.408146 667.600000 -0.913091 0.537846
0.412307 0.408104 667.700000 -0.860502 0.511305
0.412296 0.408045 667.800000 -0.826319 0.170639
0.412284 0.407985 667.900000 -0.812405 0.106947
0.412270 0.407925 668.000000 -0.801160 0.117389
0.412255 0.407867 668.100000 -0.786077 0.183516
0.412237 0.407806 668.200000 -0.772097 0.095394
0.412219 0.407748 668.300000 -0.758299 0.179873
0.412198 0.407691 668.400000 -0.737648 0.232126
0.412174 0.407636 668.500000 -0.710925 0.300992
0.412147 0.407585 668.600000 -0.677885 0.358162
0.412116 0.407534 668.700000 -0.641789 0.361951
0.412082 0.407480 668.800000 -0.608333 0.305489
0.412044 0.407449 668.900000 -0.561055 0.637709
0.412001 0.407416 669.000000 -0.498945 0.601387
0.411952 0.407429 669.100000 -0.418815 0.997211
0.411899 0.407405 669.200000 -0.333492 0.704982
0.411843 0.407389 669.300000 -0.259417 0.772817
0.411783 0.407385 669.400000 -0.177105 0.869304
0.411722 0.407399 669.500000 -0.083360 1.000908
0.411661 0.407414 669.600000 0.017543 1.012092
0.411600 0.407403 669.700000 0.108985 0.812185
0.411542 0.407395 669.800000 0.192095 0.845867
0.411486 0.407413 669.900000 0.285968 1.026900
0.411435 0.407375 670.000000 0.365309 0.555946
0.411386 0.407329 670.100000 0.415081 0.436998
0.411340 0.407273 670.200000 0.449256 0.244794
0.411295 0.407212 670.300000 0.465762 0.084514
0.411251 0.407153 670.400000 0.476172 0.123158
0.411207 0.407092 670.500000 0.482954 0.012136
0.411163 0.407032 670.600000 0.487019 0.068961
0.411120 0.406974 670.700000 0.500574 0.201478
0.411078 0.406914 670.800000 0.507581 -0.061699
0.411036 0.406854 670.900000 0.509612 0.102212
0.410996 0.406796 671.000000 0.524008 0.184994
0.410956 0.406737 671.100000 0.541184 0.157671
0.410917 0.406679 671.200000 0.539995 -0.181396
0.410875 0.406628 671.300000 0.513214 -0.352882
0.410831 0.406580 671.400000 0.474160 -0.426241
0.410783 0.406547 671.500000 0.422499 -0.604392
0.410732 0.406500 671.600000 0.370715 -0.428710
0.410678 0.406471 671.700000 0.316588 -0.651117
0.410622 0.406443 671.800000 0.251114 -0.655103
0.410564 0.406392 671.900000 0.199899 -0.366630
0.410505 0.406340 672.000000 0.165220 -0.325209
0.410445 0.406280 672.100000 0.144781 -0.082558
0.410385 0.406223 672.200000 0.130023 -0.211860
0.410325 0.406164 672.300000 0.111986 -0.147975
0.410265 0.406122 672.400000 0.079816 -0.493824
0.410204 0.406075 672.500000 0.033351 -0.433144
0.410143 0.406038 672.600000 -0.016539 -0.562171
0.410082 0.405998 672.700000 -0.070530 -0.514937
0.410022 0.405953 672.800000 -0.119057 -0.453181
0.409964 0.405944 672.900000 -0.183686 -0.836178
0.409908 0.405918 673.000000 -0.259445 -0.675216
0.409855 0.405890 673.100000 -0.326503 -0.662578
0.409805 0.405857 673.200000 -0.389958 -0.603345
0.409760 0.405826 673.300000 -0.451894 -0.632277
0.409718 0.405782 673.400000 -0.507083 -0.468756
0.409680 0.405747 673.500000 -0.559637 -0.579699
0.409647 0.405699 673.600000 -0.608792 -0.400940
0.409618 0.405656 673.700000 -0.652949 -0.479981
0.409592 0.405597 673.800000 -0.683761 -0.134737
0.409567 0.405539 673.900000 -0.699093 -0.171120
0.409543 0.405479 674.000000 -0.704910 0.055056
0.409518 0.405421 674.100000 -0.692415 0.194227
0.409491 0.405362 674.200000 -0.677438 0.104555
0.409464 0.405303 674.300000 -0.667626 0.091206
0.409435 0.405243 674.400000 -0.660608 0.048798
0.409405 0.405190 674.500000 -0.642818 0.306111
0.409372 0.405145 674.600000 -0.604720 0.453951
0.409333 0.405121 674.700000 -0.546846 0.700630
0.409289 0.405116 674.800000 -0.468628 0.859821
0.409239 0.405107 674.900000 -0.383825 0.831999
0.409185 0.405110 675.000000 -0.295856 0.922990
0.409127 0.405116 675.100000 -0.202344 0.942570
0.409068 0.405150 675.200000 -0.098656 1.126000
0.409007 0.405174 675.300000 0.011222 1.066073
0.408947 0.405188 675.400000 0.114631 0.996924
0.408890 0.405205 675.500000 0.215751 1.020424
0.408837 0.405197 675.600000 0.309178 0.843447
0.408788 0.405193 675.700000 0.395075 0.870196
0.408744 0.405169 675.800000 0.473258 0.689558
0.408706 0.405157 675.900000 0.548393 0.809381
0.408674 0.405139 676.000000 0.626673 0.752313
0.408652 0.405160 676.100000 0.716829 1.046287
0.408641 0.405173 676.200000 0.819077 0.993578
0.408642 0.405164 676.300000 0.910181 0.823933
0.408654 0.405152 676.400000 0.992184 0.812027
0.408678 0.405127 676.500000 1.066964 0.679842
0.408712 0.405092 676.600000 1.130499 0.587670
0.408755 0.405045 676.700000 1.180348 0.406817
0.408802 0.404986 676.800000 1.208053 0.145900
0.408850 0.404927 676.900000 1.212875 -0.049696
0.408899 0.404867 677.000000 1.213069 0.053569
0.408947 0.404807 677.100000 1.215288 -0.009301
0.408996 0.404748 677.200000 1.212851 -0.039313
0.409041 0.404695 677.300000 1.195568 -0.305488
0.409078 0.404657 677.400000 1.153124 -0.541276
0.409107 0.404624 677.500000 1.095642 -0.605488
0.409123 0.404626 677.600000 1.019376 -0.916016
0.409125 0.404659 677.700000 0.917504 -1.116338
0.409111 0.404730 677.800000 0.794809 -1.331413
0.409082 0.404858 677.900000 0.648118 -1.595079
0.409039 0.404945 678.000000 0.497286 -1.414024
0.408988 0.405052 678.100000 0.351010 -1.504184
0.408931 0.405182 678.200000 0.195336 -1.601502
0.408871 0.405309 678.300000 0.035194 -1.593339
0.408811 0.405444 678.400000 -0.126063 -1.623734
0.408757 0.405531 678.500000 -0.278270 -1.412792
0.408710 0.405625 678.600000 -0.421453 -1.443716
0.408674 0.405745 678.700000 -0.572252 -1.564711
0.408652 0.405850 678.800000 -0.725500 -1.492598
0.408649 0.405960 678.900000 -0.876456 -1.518979
0.408665 0.406035 679.000000 -1.020549 -1.355667
0.408703 0.406092 679.100000 -1.151590 -1.258609
0.408763 0.406152 679.200000 -1.278648 -1.276183
0.408845 0.406164 679.300000 -1.391952 -0.984237
0.408949 0.406178 679.400000 -1.491607 -1.003887
0.409071 0.406148 679.500000 -1.573951 -0.638869
0.409204 0.406096 679.600000 -1.621493 -0.309601
0.409342 0.406037 679.700000 -1.641319 -0.085929
0.409481 0.405977 679.800000 -1.647874 -0.044828
0.409620 0.405919 679.900000 -1.642293 0.156170
0.409755 0.405860 680.000000 -1.630615 0.076803
0.409888 0.405801 680.100000 -1.621890 0.097261
0.410016 0.405751 680.200000 -1.598876 0.361864
0.410133 0.405708 680.300000 -1.556463 0.484273
0.410239 0.405676 680.400000 -1.501471 0.612817
0.410328 0.405673 680.500000 -1.427076 0.871369
0.410399 0.405682 680.600000 -1.334742 0.970694
0.410451 0.405692 680.700000 -1.237405 0.971171
0.410484 0.405748 680.800000 -1.125863 1.254106
0.410496 0.405835 680.900000 -0.992040 1.415656
0.410488 0.405951 681.000000 -0.843684 1.544042
0.410461 0.406102 681.100000 -0.681425 1.693025
0.410420 0.406290 681.200000 -0.504382 1.838987
0.410367 0.406507 681.300000 -0.314944 1.940289
0.410308 0.406705 681.400000 -0.123758 1.873881
0.410248 0.406882 681.500000 0.060247 1.797024
0.410192 0.407040 681.600000 0.236612 1.721443
0.410144 0.407229 681.700000 0.415189 1.841173
0.410110 0.407394 681.800000 0.595255 1.751141
0.410093 0.407519 681.900000 0.762626 1.587924
0.410096 0.407679 682.000000 0.929063 1.732487
0.410122 0.407752 682.100000 1.083455 1.347634
0.410170 0.407818 682.200000 1.216443 1.305476
0.410240 0.407835 682.300000 1.333346 1.026731
0.410328 0.407819 682.400000 1.423438 0.770605
0.410432 0.407793 682.500000 1.496187 0.680739
0.410550 0.407758 682.600000 1.559715 0.586655
0.410679 0.407706 682.700000 1.604891 0.314600
0.410811 0.407646 682.800000 1.621570 0.018150
0.410941 0.407590 682.900000 1.611348 -0.222076
0.411064 0.407542 683.000000 1.580365 -0.396047
0.411177 0.407498 683.100000 1.537016 -0.468748
0.411278 0.407459 683.200000 1.487404 -0.521011
0.411367 0.407436 683.300000 1.425551 -0.712964
0.411441 0.407414 683.400000 1.353828 -0.717920
0.411498 0.407435 683.500000 1.265407 -1.046070
0.411537 0.407443 683.600000 1.164600 -0.965034
0.411561 0.407434 683.700000 1.074545 -0.831562
0.411572 0.407443 683.800000 0.984572 -0.963395
0.411569 0.407462 683.900000 0.884150 -1.040017
0.411553 0.407488 684.000000 0.777652 -1.084625
0.411525 0.407531 684.100000 0.663925 -1.184221
0.411486 0.407592 684.200000 0.540232 -1.283470
0.411437 0.407710 684.300000 0.397700 -1.560045
0.411381 0.407836 684.400000 0.239703 -1.591996
0.411322 0.407981 684.500000 0.076016 -1.673541
0.411262 0.408133 684.600000 -0.093230 -1.702918
0.411207 0.408315 684.700000 -0.269782 -1.819308
0.411162 0.408475 684.800000 -0.447816 -1.732457
0.411130 0.408606 684.900000 -0.615618 -1.615203
0.411115 0.408775 685.000000 -0.785365 -1.771246
0.411120 0.408862 685.100000 -0.945339 -1.420239
0.411146 0.408936 685.200000 -1.084191 -1.349860
0.411195 0.409018 685.300000 -1.221743 -1.394300
0.411268 0.409069 685.400000 -1.353536 -1.234959
0.411365 0.409090 685.500000 -1.467917 -1.046943
0.411483 0.409074 685.600000 -1.559161 -0.773374
0.411619 0.409071 685.700000 -1.642169 -0.882645
0.411778 0.409077 685.800000 -1.734077 -0.950919
0.411958 0.409042 685.900000 -1.811118 -0.586045
0.412150 0.408997 686.000000 -1.862872 -0.446453
0.412354 0.408946 686.100000 -1.901993 -0.334009
0.412567 0.408896 686.200000 -1.937471 -0.373779
0.412790 0.408843 686.300000 -1.971005 -0.295219
0.413020 0.408786 686.400000 -1.993907 -0.161675
0.413249 0.408728 686.500000 -1.994774 0.144366
0.413471 0.408681 686.600000 -1.966097 0.427745
0.413674 0.408672 686.700000 -1.903117 0.828704
0.413851 0.408699 686.800000 -1.807022 1.088406
0.413999 0.408758 686.900000 -1.688495 1.276196
0.414112 0.408879 687.000000 -1.545586 1.574841
0.414192 0.408994 687.100000 -1.389014 1.548763
0.414241 0.409147 687.200000 -1.225549 1.712378
0.414261 0.409345 687.300000 -1.045574 1.878117
0.414253 0.409587 687.400000 -0.849285 2.037843
0.414223 0.409805 687.500000 -0.649153 1.954798
0.414179 0.409972 687.600000 -0.462701 1.764925
0.414124 0.410142 687.700000 -0.285126 1.777689
0.414065 0.410336 687.800000 -0.102502 1.865667
0.414005 0.410519 687.900000 0.082729 1.829684
0.413950 0.410712 688.000000 0.267805 1.862584
0.413904 0.410849 688.100000 0.443735 1.647210
0.413870 0.410939 688.200000 0.598198 1.434324
0.413850 0.411023 688.300000 0.740656 1.407721
0.413846 0.411093 688.400000 0.878045 1.333182
0.413859 0.411134 688.500000 1.003909 1.177820
0.413889 0.411157 688.600000 1.116482 1.067997
0.413937 0.411170 688.700000 1.220106 0.999310
0.414004 0.411182 688.800000 1.320237 0.998307
0.414089 0.411179 688.900000 1.414450 0.881240
0.414191 0.411161 689.000000 1.496540 0.756454
0.414309 0.411126 689.100000 1.563809 0.585552
0.414437 0.411078 689.200000 1.613441 0.404624
0.414573 0.411021 689.300000 1.642702 0.179130
0.414708 0.410964 689.400000 1.641443 -0.204259
0.414837 0.410912 689.500000 1.615058 -0.322113
0.414958 0.410861 689.600000 1.581827 -0.340838
0.415068 0.410833 689.700000 1.531731 -0.658594
0.415160 0.410852 689.800000 1.446511 -1.041526
0.415229 0.410888 689.900000 1.336674 -1.149742
0.415276 0.410951 690.000000 1.213842 -1.300754
0.415300 0.411021 690.100000 1.081795 -1.333568
0.415306 0.411081 690.200000 0.950425 -1.287278
0.415295 0.411127 690.300000 0.825329 -1.208384
0.415270 0.411189 690.400000 0.700017 -1.291580
0.415233 0.411285 690.500000 0.561760 -1.466659
0.415185 0.411370 690.600000 0.417416 -1.412994
0.415130 0.411479 690.700000 0.270097 -1.526022
0.415071 0.411593 690.800000 0.115812 -1.551956
0.415011 0.411746 690.900000 -0.047710 -1.710308
0.414955 0.411904 691.000000 -0.220469 -1.736238
0.414906 0.412088 691.100000 -0.399423 -1.833903
0.414871 0.412300 691.200000 -0.588571 -1.939603
0.414856 0.412508 691.300000 -0.782195 -1.923191
0.414864 0.412692 691.400000 -0.970592 -1.835319
0.414901 0.412888 691.500000 -1.156822 -1.879976
0.414970 0.413043 691.600000 -1.337536 -1.725262
0.415073 0.413154 691.700000 -1.501088 -1.537602
0.415210 0.413260 691.800000 -1.653920 -1.511394
0.415381 0.413295 691.900000 -1.787010 -1.143755
0.415583 0.413338 692.000000 -1.904343 -1.197042
0.415816 0.413350 692.100000 -2.014003 -0.990684
0.416072 0.413313 692.200000 -2.092224 -0.569819
0.416341 0.413258 692.300000 -2.133015 -0.243970
0.416611 0.413199 692.400000 -2.139787 0.108872
0.416876 0.413145 692.500000 -2.121061 0.264711
0.417129 0.413100 692.600000 -2.085209 0.450551
0.417369 0.413056 692.700000 -2.038831 0.474683
0.417595 0.413012 692.800000 -1.991984 0.459912
0.417804 0.412996 692.900000 -1.929775 0.781151
0.417991 0.412981 693.000000 -1.851180 0.786836
0.418152 0.413017 693.100000 -1.754266 1.146602
0.418285 0.413067 693.200000 -1.634858 1.235588
0.418386 0.413165 693.300000 -1.498765 1.479448
0.418457 0.413279 693.400000 -1.346918 1.549909
0.418497 0.413460 693.500000 -1.177573 1.828531
0.418507 0.413655 693.600000 -0.991820 1.877238
0.418494 0.413830 693.700000 -0.807205 1.805820
0.418461 0.414057 693.800000 -0.616830 1.992164
0.418414 0.414237 693.900000 -0.425486 1.825159
0.418357 0.414444 694.000000 -0.237516 1.924846
0.418297 0.414597 694.100000 -0.054959 1.717155
0.418238 0.414791 694.200000 0.125181 1.876641
0.418185 0.415020 694.300000 0.319696 2.003927
0.418145 0.415258 694.400000 0.522064 2.033322
0.418121 0.415437 694.500000 0.715309 1.821923
0.418120 0.415631 694.600000 0.900689 1.876389
0.418143 0.415753 694.700000 1.074422 1.589584
0.418188 0.415793 694.800000 1.213131 1.177669
0.418253 0.415798 694.900000 1.319904 0.952446
0.418334 0.415764 695.000000 1.397799 0.601562
0.418428 0.415748 695.100000 1.466795 0.774920
0.418538 0.415717 695.200000 1.537524 0.636120
0.418660 0.415672 695.300000 1.591817 0.447030
0.418793 0.415632 695.400000 1.640721 0.528607
0.418936 0.415575 695.500000 1.677477 0.204670
0.419081 0.415516 695.600000 1.691202 0.069150
0.419224 0.415461 695.700000 1.681086 -0.270974
0.419359 0.415410 695.800000 1.650610 -0.337020
0.419487 0.415359 695.900000 1.616203 -0.349398
0.419605 0.415315 696.000000 1.575304 -0.466547
0.419710 0.415284 696.100000 1.519994 -0.636888
0.419803 0.415250 696.200000 1.458437 -0.591162
0.419882 0.415229 696.300000 1.392147 -0.731329
0.419945 0.415219 696.400000 1.313668 -0.834337
0.419992 0.415233 696.500000 1.221169 -1.011000
0.420023 0.415220 696.600000 1.130127 -0.805297
0.420041 0.415217 696.700000 1.045322 -0.886553
0.420045 0.415251 696.800000 0.943418 -1.146442
0.420032 0.415339 696.900000 0.814085 -1.433756
0.420004 0.415440 697.000000 0.667226 -1.496073
0.419963 0.415568 697.100000 0.511211 -1.616432
0.419911 0.415696 697.200000 0.349111 -1.617453
0.419853 0.415848 697.300000 0.181925 -1.717904
0.419793 0.415964 697.400000 0.017431 -1.563755
0.419734 0.416023 697.500000 -0.125567 -1.289060
0.419679 0.416103 697.600000 -0.260145 -1.395764
0.419630 0.416175 697.700000 -0.398032 -1.355088
0.419590 0.416243 697.800000 -0.532850 -1.334541
0.419562 0.416332 697.900000 -0.671914 -1.439771
0.419549 0.416383 698.000000 -0.806563 -1.246479
0.419550 0.416413 698.100000 -0.924926 -1.114865
0.419565 0.416410 698.200000 -1.025335 -0.888306
0.419593 0.416392 698.300000 -1.108365 -0.768143
0.419633 0.416374 698.400000 -1.185053 -0.761783
0.419687 0.416353 698.500000 -1.259726 -0.727927
0.419752 0.416315 698.600000 -1.324345 -0.561222
0.419829 0.416280 698.700000 -1.381688 -0.582789
0.419915 0.416228 698.800000 -1.427409 -0.329330
0.420005 0.416171 698.900000 -1.452340 -0.168055
0.420097 0.416112 699.000000 -1.455888 0.097280
0.420186 0.416055 699.100000 -1.442375 0.172309
0.420267 0.416020 699.200000 -1.403881 0.595643
0.420335 0.415988 699.300000 -1.343071 0.617516
0.420393 0.415957 699.400000 -1.280590 0.628971
0.420437 0.415948 699.500000 -1.206785 0.843435
0.420466 0.415953 699.600000 -1.116977 0.948237
0.420480 0.415957 699.700000 -1.022400 0.938584
0.420479 0.416020 699.800000 -0.909635 1.311072
0.420462 0.416093 699.900000 -0.775678 1.361371
0.420430 0.416204 700.000000 -0.630062 1.543662
0.420386 0.416320 700.100000 -0.474121 1.567360
0.420334 0.416413 700.200000 -0.322348 1.460514
0.420276 0.416501 700.300000 -0.176989 1.439406
0.420216 0.416596 700.400000 -0.031244 1.468199
0.420157 0.416718 700.500000 0.122454 1.598088
0.420103 0.416801 700.600000 0.273425 1.413780
0.420055 0.416866 700.700000 0.410337 1.317603
0.420016 0.416939 700.800000 0.544811 1.365163
0.419990 0.417054 700.900000 0.691596 1.563196
0.419981 0.417147 701.000000 0.843280 1.462905
0.419990 0.417209 701.100000 0.981850 1.301562
0.420018 0.417274 701.200000 1.113331 1.321485
0.420068 0.417324 701.300000 1.241720 1.239863
0.420140 0.417359 701.400000 1.361549 1.150735
0.420234 0.417361 701.500000 1.465820 0.929471
0.420343 0.417326 701.600000 1.542005 0.590415
0.420464 0.417278 701.700000 1.591359 0.394200
0.420588 0.417218 701.800000 1.609089 -0.040489
0.420710 0.417163 701.900000 1.595295 -0.234709
0.420826 0.417108 702.000000 1.571403 -0.241935
0.420935 0.417058 702.100000 1.540937 -0.365852
0.421035 0.417015 702.200000 1.498252 -0.485711
0.421123 0.416981 702.300000 1.444191 -0.592803
0.421196 0.416984 702.400000 1.367404 -0.939100
0.421251 0.416992 702.500000 1.271550 -0.973189
0.421288 0.417036 702.600000 1.162284 -1.206671
0.421303 0.417135 702.700000 1.027113 -1.489983
0.421298 0.417218 702.800000 0.881599 -1.413024
0.421276 0.417336 702.900000 0.731609 -1.579287
0.421240 0.417447 703.000000 0.574830 -1.548460
0.421192 0.417602 703.100000 0.410129 -1.737308
0.421136 0.417782 703.200000 0.231090 -1.834520
0.421076 0.417996 703.300000 0.040909 -1.959589
0.421018 0.418234 703.400000 -0.159994 -2.048444
0.420968 0.418475 703.500000 -0.365676 -2.054907
0.420931 0.418693 703.600000 -0.567685 -1.975174
0.420913 0.418915 703.700000 -0.766557 -1.992305
0.420919 0.419125 703.800000 -0.963995 -1.946599
0.420952 0.419253 703.900000 -1.143122 -1.626970
0.421016 0.419450 704.000000 -1.319921 -1.900184
0.421119 0.419669 704.100000 -1.514403 -1.979728
0.421266 0.419863 704.200000 -1.708436 -1.891227
0.421459 0.420005 704.300000 -1.887556 -1.682213
0.421696 0.420096 704.400000 -2.045043 -1.459657
0.421973 0.420138 704.500000 -2.178106 -1.194947
0.422288 0.420175 704.600000 -2.296613 -1.169265
0.422638 0.420187 704.700000 -2.405511 -1.003256
0.423019 0.420167 704.800000 -2.493196 -0.746066
0.423419 0.420115 704.900000 -2.547516 -0.337602
0.423824 0.420056 705.000000 -2.560130 0.085944
0.424222 0.420002 705.100000 -2.542196 0.271846
0.424610 0.419949 705.200000 -2.512933 0.311951
0.424980 0.419921 705.300000 -2.464090 0.662456
0.425327 0.419894 705.400000 -2.397130 0.673400
0.425646 0.419905 705.500000 -2.313150 1.001995
0.425929 0.419948 705.600000 -2.202843 1.198632
0.426171 0.420066 705.700000 -2.063363 1.584006
0.426365 0.420222 705.800000 -1.896489 1.745128
0.426511 0.420448 705.900000 -1.708306 2.009120
0.426611 0.420691 706.000000 -1.504092 2.064948
0.426669 0.420949 706.100000 -1.294448 2.117454
0.426691 0.421245 706.200000 -1.075911 2.242345
0.426682 0.421521 706.300000 -0.854320 2.178408
0.426650 0.421827 706.400000 -0.631151 2.273816
0.426601 0.422082 706.500000 -0.411509 2.108023
0.426544 0.422362 706.600000 -0.196094 2.189515
0.426483 0.422656 706.700000 0.025742 2.236122
0.426428 0.422948 706.800000 0.249704 2.231907
0.426383 0.423265 706.900000 0.477237 2.307383
0.426360 0.423666 707.000000 0.720842 2.552544
0.426366 0.424017 707.100000 0.969598 2.410137
0.426408 0.424314 707.200000 1.203092 2.248061
0.426492 0.424620 707.300000 1.429821 2.275185
0.426625 0.424889 707.400000 1.651995 2.157193
0.426811 0.425158 707.500000 1.868405 2.160187
0.427057 0.425414 707.600000 2.082583 2.112656
0.427359 0.425518 707.700000 2.264907 1.524708
0.427709 0.425593 707.800000 2.410809 1.386031
0.428104 0.425624 707.900000 2.537101 1.133506
0.428538 0.425643 708.000000 2.646919 1.057366
0.429007 0.425627 708.100000 2.739452 0.788659
0.429500 0.425579 708.200000 2.799781 0.414907
0.430002 0.425519 708.300000 2.823087 0.050039
0.430496 0.425472 708.400000 2.803862 -0.433573
0.430966 0.425457 708.500000 2.741826 -0.804038
0.431400 0.425478 708.600000 2.648049 -1.066823
0.431791 0.425530 708.700000 2.531443 -1.259471
0.432133 0.425644 708.800000 2.389456 -1.573162
0.432417 0.425851 708.900000 2.212991 -1.947314
0.432641 0.426103 709.000000 2.010065 -2.101059
0.432805 0.426431 709.100000 1.787046 -2.348164
0.432914 0.426749 709.200000 1.553288 -2.315323
0.432974 0.427134 709.300000 1.311344 -2.511447
0.432992 0.427515 709.400000 1.060031 -2.502256
0.432979 0.427841 709.500000 0.817130 -2.343604
0.432941 0.428236 709.600000 0.572272 -2.541327
0.432887 0.428557 709.700000 0.328274 -2.326432
0.432827 0.428909 709.800000 0.090324 -2.420662
0.432768 0.429307 709.900000 -0.158898 -2.551330
0.432719 0.429684 710.000000 -0.411623 -2.490530
0.432687 0.429985 710.100000 -0.650082 -2.266728
0.432679 0.430218 710.200000 -0.866122 -2.043266
0.432698 0.430422 710.300000 -1.065657 -1.937464
0.432748 0.430583 710.400000 -1.251765 -1.775385
0.432829 0.430701 710.500000 -1.420641 -1.593691
0.432939 0.430743 710.600000 -1.560925 -1.204970
0.433076 0.430767 710.700000 -1.676284 -1.096443
0.433234 0.430734 710.800000 -1.762876 -0.631076
0.433407 0.430697 710.900000 -1.823646 -0.581278
0.433593 0.430649 711.000000 -1.873665 -0.416600
0.433789 0.430598 711.100000 -1.912914 -0.366423
0.433992 0.430538 711.200000 -1.936691 -0.107916
0.434193 0.430480 711.300000 -1.932398 0.193560
0.434386 0.430433 711.400000 -1.900650 0.439814
0.434564 0.430403 711.500000 -1.845933 0.651776
0.434724 0.430391 711.600000 -1.771611 0.830952
0.434858 0.430438 711.700000 -1.668001 1.236059
0.434964 0.430497 711.800000 -1.540471 1.308167
0.435043 0.430536 711.900000 -1.415201 1.190984
0.435099 0.430603 712.000000 -1.288171 1.343256
0.435129 0.430724 712.100000 -1.140252 1.607737
0.435134 0.430868 712.200000 -0.974052 1.707952
0.435118 0.431049 712.300000 -0.795380 1.856539
0.435082 0.431238 712.400000 -0.607830 1.885086
0.435033 0.431466 712.500000 -0.411701 2.027690
0.434975 0.431692 712.600000 -0.208766 2.020859
0.434914 0.431839 712.700000 -0.021341 1.718273
0.434855 0.431983 712.800000 0.150472 1.709398
0.434801 0.432129 712.900000 0.322073 1.714057
0.434758 0.432294 713.000000 0.497949 1.794664
0.434728 0.432408 713.100000 0.667056 1.579010
0.434714 0.432518 713.200000 0.824380 1.559603
0.434720 0.432588 713.300000 0.971105 1.367556
0.434744 0.432639 713.400000 1.102916 1.262074
0.434788 0.432679 713.500000 1.226031 1.194070
0.434853 0.432696 713.600000 1.338884 1.057354
0.434937 0.432690 713.700000 1.436057 0.881251
0.435035 0.432651 713.800000 1.508025 0.554504
0.435144 0.432604 713.900000 1.557681 0.436132
0.435260 0.432545 714.000000 1.588394 0.176598
0.435379 0.432486 714.100000 1.603925 0.133254
0.435496 0.432434 714.200000 1.593402 -0.343185
0.435600 0.432416 714.300000 1.536795 -0.786136
0.435687 0.432405 714.400000 1.455557 -0.834551
0.435754 0.432453 714.500000 1.351098 -1.249414
0.435798 0.432512 714.600000 1.223097 -1.304202
0.435820 0.432584 714.700000 1.088604 -1.378946
0.435821 0.432689 714.800000 0.942375 -1.538312
0.435803 0.432798 714.900000 0.787392 -1.553602
0.435770 0.432890 715.000000 0.635388 -1.478879
0.435725 0.433050 715.100000 0.472201 -1.776708
0.435670 0.433252 715.200000 0.286053 -1.936928
0.435609 0.433509 715.300000 0.082147 -2.131001
0.435550 0.433708 715.400000 -0.121272 -1.927217
0.435496 0.433923 715.500000 -0.317536 -1.988245
0.435452 0.434061 715.600000 -0.501720 -1.686220
0.435422 0.434154 715.700000 -0.660507 -1.481592
0.435407 0.434251 715.800000 -0.810138 -1.503548
0.435410 0.434336 715.900000 -0.957739 -1.441084
0.435433 0.434378 716.000000 -1.090802 -1.213524
0.435475 0.434435 716.100000 -1.216652 -1.297179
0.435541 0.434485 716.200000 -1.344922 -1.261804
0.435629 0.434500 716.300000 -1.460393 -1.041848
0.435740 0.434530 716.400000 -1.569711 -1.139056
0.435877 0.434562 716.500000 -1.684444 -1.149866
0.436039 0.434561 716.600000 -1.788425 -0.924541
0.436224 0.434550 716.700000 -1.877029 -0.843105
0.436428 0.434513 716.800000 -1.948533 -0.583416
0.436646 0.434463 716.900000 -1.997952 -0.402482
0.436869 0.434403 717.000000 -2.019603 -0.029452
0.437090 0.434345 717.100000 -2.011545 0.190203
0.437305 0.434291 717.200000 -1.986298 0.313470
0.437509 0.434240 717.300000 -1.951737 0.376024
0.437698 0.434220 717.400000 -1.894942 0.757050
0.437868 0.434195 717.500000 -1.821333 0.711444
0.438021 0.434165 717.600000 -1.752165 0.668461
0.438154 0.434179 717.700000 -1.666851 1.033539
0.438259 0.434258 717.800000 -1.544098 1.415395
0.438336 0.434322 717.900000 -1.406142 1.336821
0.438386 0.434417 718.000000 -1.264326 1.492413
0.438410 0.434537 718.100000 -1.108860 1.609129
0.438411 0.434698 718.200000 -0.938791 1.783745
0.438391 0.434814 718.300000 -0.769354 1.596534
0.438356 0.434933 718.400000 -0.609028 1.601967
0.438309 0.435057 718.500000 -0.447062 1.629256
0.438253 0.435175 718.600000 -0.285096 1.601971
0.438193 0.435304 718.700000 -0.122032 1.651138
0.438132 0.435426 718.800000 0.041942 1.620160
0.438075 0.435612 718.900000 0.217515 1.882505
0.438025 0.435734 719.000000 0.393175 1.621928
0.437985 0.435844 719.100000 0.552917 1.564909
0.437959 0.435932 719.200000 0.704736 1.463891
0.437948 0.436009 719.300000 0.848572 1.405628
0.437956 0.436117 719.400000 0.997259 1.560686
0.437987 0.436211 719.500000 1.150052 1.487523
0.438044 0.436322 719.600000 1.303506 1.573891
0.438130 0.436398 719.700000 1.452677 1.402079
0.438243 0.436437 719.800000 1.583044 1.198726
0.438384 0.436485 719.900000 1.705782 1.249914
0.438555 0.436518 720.000000 1.826700 1.162386
0.438756 0.436548 720.100000 1.942146 1.140761
0.438986 0.436549 720.200000 2.046593 0.942969
0.439242 0.436542 720.300000 2.138016 0.880913
0.439520 0.436500 720.400000 2.207632 0.507925
0.439810 0.436448 720.500000 2.250632 0.349931
0.440108 0.436389 720.600000 2.276034 0.156835
0.440410 0.436328 720.700000 2.285575 0.033509
0.440705 0.436281 720.800000 2.265387 -0.436260
0.440980 0.436264 720.900000 2.203961 -0.789186
0.441232 0.436247 721.000000 2.124521 -0.795652
0.441457 0.436267 721.100000 2.030673 -1.076616
0.441649 0.436316 721.200000 1.913685 -1.257277
0.441810 0.436365 721.300000 1.787731 -1.255517
0.441937 0.436462 721.400000 1.649281 -1.506548
0.442030 0.436587 721.500000 1.491646 -1.638278
0.442088 0.436777 721.600000 1.314192 -1.901924
0.442116 0.436917 721.700000 1.133556 -1.701762
0.442119 0.437067 721.800000 0.960979 -1.741158
0.442100 0.437214 721.900000 0.786791 -1.733888
0.442064 0.437420 722.000000 0.601686 -1.958957
0.442014 0.437623 722.100000 0.405600 -1.952965
0.441956 0.437797 722.200000 0.215509 -1.839348
0.441895 0.438017 722.300000 0.022255 -2.016068
0.441837 0.438259 722.400000 -0.183523 -2.089210
0.441785 0.438442 722.500000 -0.382366 -1.877702
0.441746 0.438583 722.600000 -0.562072 -1.707426
0.441722 0.438715 722.700000 -0.731316 -1.669002
0.441716 0.438811 722.800000 -0.890276 -1.502244
0.441729 0.438878 722.900000 -1.033832 -1.361700
0.441762 0.438943 723.000000 -1.169689 -1.348643
0.441816 0.438957 723.100000 -1.289152 -1.034647
0.441888 0.438953 723.200000 -1.386519 -0.907826
0.441975 0.438919 723.300000 -1.463401 -0.625969
0.442075 0.438888 723.400000 -1.527364 -0.650092
0.442187 0.438845 723.500000 -1.585677 -0.513260
0.442308 0.438788 723.600000 -1.622690 -0.225148
0.442431 0.438728 723.700000 -1.632627 0.026902
0.442554 0.438667 723.800000 -1.631272 0.000129
0.442673 0.438614 723.900000 -1.614302 0.338431
0.442784 0.438561 724.000000 -1.581015 0.325638
0.442886 0.438526 724.100000 -1.534477 0.602808
0.442974 0.438492 724.200000 -1.473145 0.620769
0.443051 0.438454 724.300000 -1.413197 0.575176
0.443116 0.438422 724.400000 -1.352302 0.639693
0.443170 0.438387 724.500000 -1.289322 0.616754
0.443213 0.438345 724.600000 -1.232730 0.512256
0.443249 0.438303 724.700000 -1.181425 0.511277
0.443276 0.438260 724.800000 -1.130572 0.503250
0.443295 0.438220 724.900000 -1.078027 0.545008
0.443305 0.438188 725.000000 -1.018108 0.650386
0.443305 0.438179 725.100000 -0.942412 0.859746
0.443294 0.438183 725.200000 -0.850744 0.969040
0.443272 0.438178 725.300000 -0.757485 0.891459
0.443242 0.438177 725.400000 -0.666161 0.930472
0.443203 0.438198 725.500000 -0.564910 1.089468
0.443155 0.438239 725.600000 -0.449485 1.213268
0.443102 0.438303 725.700000 -0.321359 1.342848
0.443043 0.438415 725.800000 -0.174801 1.580986
0.442982 0.438534 725.900000 -0.014755 1.611923
0.442922 0.438643 726.000000 0.144850 1.572195
0.442867 0.438758 726.100000 0.303668 1.596236
0.442821 0.438858 726.200000 0.460208 1.526724
0.442786 0.438985 726.300000 0.619446 1.650082
0.442767 0.439060 726.400000 0.772371 1.400766
0.442763 0.439135 726.500000 0.912943 1.403646
0.442778 0.439204 726.600000 1.051893 1.368406
0.442812 0.439226 726.700000 1.175518 1.097917
0.442863 0.439219 726.800000 1.274771 0.882191
0.442929 0.439205 726.900000 1.360082 0.819752
0.443008 0.439157 727.000000 1.422119 0.417889
0.443091 0.439097 727.100000 1.449395 0.126270
0.443177 0.439037 727.200000 1.459381 0.072944
0.443261 0.438979 727.300000 1.454013 -0.180026
0.443340 0.438926 727.400000 1.428318 -0.332601
0.443412 0.438880 727.500000 1.389463 -0.442558
0.443476 0.438829 727.600000 1.348498 -0.374679
0.443532 0.438785 727.700000 1.305156 -0.489994
0.443580 0.438739 727.800000 1.257530 -0.460159
0.443618 0.438710 727.900000 1.200580 -0.675984
0.443646 0.438669 728.000000 1.140234 -0.527932
0.443667 0.438621 728.100000 1.092809 -0.418183
0.443681 0.438581 728.200000 1.044709 -0.541416
0.443687 0.438557 728.300000 0.981302 -0.723564
0.443681 0.438551 728.400000 0.900461 -0.889201
0.443665 0.438551 728.500000 0.808825 -0.938939
0.443638 0.438583 728.600000 0.703818 -1.155956
0.443601 0.438623 728.700000 0.585305 -1.208385
0.443555 0.438647 728.800000 0.468992 -1.112059
0.443503 0.438719 728.900000 0.343868 -1.384169
0.443444 0.438821 729.000000 0.197260 -1.540655
0.443384 0.438894 729.100000 0.050144 -1.394300
0.443324 0.438977 729.200000 -0.092134 -1.444148
0.443267 0.439097 729.300000 -0.245741 -1.620318
0.443218 0.439220 729.400000 -0.408929 -1.635284
0.443179 0.439347 729.500000 -0.573695 -1.651800
0.443157 0.439493 729.600000 -0.743532 -1.736448
0.443152 0.439600 729.700000 -0.908749 -1.559623
0.443168 0.439657 729.800000 -1.052581 -1.309823
0.443201 0.439681 729.900000 -1.173715 -1.106799
0.443252 0.439679 730.000000 -1.275405 -0.921918
0.443318 0.439655 730.100000 -1.358394 -0.733708
0.443398 0.439637 730.200000 -1.434296 -0.780544
0.443490 0.439592 730.300000 -1.497288 -0.476150
0.443590 0.439535 730.400000 -1.531699 -0.210347
0.443693 0.439475 730.500000 -1.542877 -0.012649
0.443794 0.439415 730.600000 -1.541482 0.040469
0.443897 0.439355 730.700000 -1.545228 -0.115203
0.444000 0.439296 730.800000 -1.544890 0.121949
0.444098 0.439243 730.900000 -1.523216 0.310447
0.444188 0.439196 731.000000 -1.485661 0.438773
0.444268 0.439154 731.100000 -1.438218 0.507714
0.444339 0.439114 731.200000 -1.385299 0.548026
0.444398 0.439084 731.300000 -1.324695 0.661032
0.444446 0.439055 731.400000 -1.257925 0.671016
0.444479 0.439063 731.500000 -1.174125 1.000800
0.444495 0.439120 731.600000 -1.058364 1.308628
0.444491 0.439242 731.700000 -0.910907 1.633136
0.444468 0.439368 731.800000 -0.746407 1.648651
0.444430 0.439499 731.900000 -0.580020 1.670755
0.444381 0.439638 732.000000 -0.410654 1.708099
0.444324 0.439800 732.100000 -0.234553 1.805122
0.444264 0.439940 732.200000 -0.058317 1.710794
0.444204 0.440041 732.300000 0.104318 1.533763
0.444148 0.440137 732.400000 0.257109 1.514414
0.444098 0.440193 732.500000 0.398375 1.303845
0.444056 0.440252 732.600000 0.529830 1.318684
0.444025 0.440293 732.700000 0.657100 1.220352
0.444005 0.440299 732.800000 0.767583 0.983795
0.443995 0.440293 732.900000 0.861448 0.888801
0.443998 0.440322 733.000000 0.963258 1.142304
0.444015 0.440323 733.100000 1.068065 0.948606
0.444044 0.440291 733.200000 1.147795 0.642009
0.444081 0.440239 733.300000 1.197203 0.343673
0.444124 0.440186 733.400000 1.230581 0.322219
0.444171 0.440128 733.500000 1.255240 0.169726
0.444221 0.440071 733.600000 1.273159 0.187763
0.444273 0.440011 733.700000 1.284870 0.045864
0.444326 0.439951 733.800000 1.289510 0.046704
0.444376 0.439895 733.900000 1.279290 -0.250587
0.444421 0.439850 734.000000 1.243346 -0.466484
0.444455 0.439846 734.100000 1.174838 -0.900250
0.444474 0.439837 734.200000 1.086001 -0.872053
0.444481 0.439854 734.300000 0.989169 -1.059749
0.444473 0.439869 734.400000 0.883490 -1.048551
0.444454 0.439887 734.500000 0.777347 -1.069004
0.444423 0.439922 734.600000 0.664681 -1.178687
0.444383 0.439949 734.700000 0.548855 -1.132025
0.444335 0.439997 734.800000 0.429073 -1.257642
0.444281 0.440093 734.900000 0.290143 -1.513997
0.444222 0.440190 735.000000 0.138136 -1.518555
0.444161 0.440294 735.100000 -0.015856 -1.553571
0.444103 0.440370 735.200000 -0.164699 -1.415865
0.444048 0.440411 735.300000 -0.296614 -1.215836
0.443999 0.440418 735.400000 -0.407454 -0.995407
0.443956 0.440431 735.500000 -0.509234 -1.035118
0.443920 0.440410 735.600000 -0.598987 -0.755448
0.443890 0.440370 735.700000 -0.663634 -0.534249
0.443863 0.440311 735.800000 -0.696693 -0.125283
0.443837 0.440254 735.900000 -0.712622 -0.192515
0.443812 0.440194 736.000000 -0.721610 0.013210
0.443786 0.440135 736.100000 -0.715871 0.101281
0.443760 0.440076 736.200000 -0.706555 0.084575
0.443733 0.440016 736.300000 -0.702626 -0.006189
0.443707 0.439956 736.400000 -0.705743 -0.056002
0.443681 0.439897 736.500000 -0.711872 -0.066263
0.443655 0.439837 736.600000 -0.712324 0.057248
0.443630 0.439780 736.700000 -0.718376 -0.177980
0.443607 0.439726 736.800000 -0.742312 -0.299547
0.443587 0.439671 736.900000 -0.770052 -0.253866
0.443569 0.439612 737.000000 -0.786394 -0.072168
0.443551 0.439552 737.100000 -0.791126 -0.022223
0.443534 0.439493 737.200000 -0.795988 -0.074786
0.443517 0.439433 737.300000 -0.797934 0.035960
0.443500 0.439374 737.400000 -0.791393 0.094549
0.443481 0.439316 737.500000 -0.779672 0.139279
0.443459 0.439269 737.600000 -0.751198 0.428772
0.443432 0.439227 737.700000 -0.704305 0.506751
0.443401 0.439195 737.800000 -0.647101 0.634467
0.443363 0.439172 737.900000 -0.578454 0.735030
0.443321 0.439140 738.000000 -0.509372 0.643169
0.443273 0.439126 738.100000 -0.436250 0.815604
0.443222 0.439115 738.200000 -0.352912 0.846998
0.443167 0.439112 738.300000 -0.264610 0.914624
0.443109 0.439090 738.400000 -0.181501 0.743404
0.443050 0.439079 738.500000 -0.101869 0.845243
0.442990 0.439066 738.600000 -0.018001 0.827942
0.442930 0.439052 738.700000 0.064397 0.815892
0.442872 0.439052 738.800000 0.152249 0.936757
0.442815 0.439026 738.900000 0.234839 0.710907
0.442762 0.438995 739.000000 0.302885 0.646608
0.442711 0.438961 739.100000 0.365760 0.607748
0.442663 0.438933 739.200000 0.430441 0.682645
0.442620 0.438887 739.300000 0.487398 0.453644
0.442579 0.438848 739.400000 0.537073 0.537372
0.442543 0.438805 739.500000 0.588693 0.492445
0.442510 0.438759 739.600000 0.635846 0.448256
0.442481 0.438708 739.700000 0.676368 0.360161
0.442455 0.438651 739.800000 0.701679 0.144793
0.442430 0.438596 739.900000 0.722310 0.266798
0.442408 0.438541 740.000000 0.747663 0.238998
0.442389 0.438484 740.100000 0.769196 0.190587
0.442371 0.438427 740.200000 0.788217 0.188882
0.442354 0.438368 740.300000 0.798509 0.016440
0.442338 0.438309 740.400000 0.801856 0.050332
0.442322 0.438250 740.500000 0.809639 0.104943
0.442306 0.438196 740.600000 0.802212 -0.253116
0.442286 0.438145 740.700000 0.771614 -0.357310
0.442262 0.438109 740.800000 0.724168 -0.589250
0.442231 0.438102 740.900000 0.650547 -0.879494
0.442192 0.438104 741.000000 0.558788 -0.951100
0.442148 0.438079 741.100000 0.475659 -0.707308
0.442099 0.438055 741.200000 0.404084 -0.720626
0.442047 0.438030 741.300000 0.332057 -0.716313
0.441992 0.438003 741.400000 0.261851 -0.684299
0.441935 0.437977 741.500000 0.192516 -0.698928
0.441877 0.437947 741.600000 0.124359 -0.660809
0.441817 0.437909 741.700000 0.063650 -0.550326
0.441758 0.437871 741.800000 0.007928 -0.561320
0.441698 0.437820 741.900000 -0.037403 -0.343037
0.441639 0.437770 742.000000 -0.073043 -0.367980
0.441580 0.437713 742.100000 -0.100441 -0.178624
0.441522 0.437655 742.200000 -0.103795 0.111715
0.441463 0.437600 742.300000 -0.085428 0.254712
0.441403 0.437550 742.400000 -0.054332 0.365653
0.441344 0.437494 742.500000 -0.025720 0.205160
0.441285 0.437455 742.600000 0.011456 0.536488
0.441225 0.437414 742.700000 0.064107 0.513915
0.441167 0.437384 742.800000 0.122828 0.657557
0.441110 0.437372 742.900000 0.197542 0.833004
0.441056 0.437341 743.000000 0.271508 0.642608
0.441004 0.437321 743.100000 0.341823 0.760180
0.440957 0.437297 743.200000 0.416381 0.727248
0.440913 0.437269 743.300000 0.486349 0.668604
0.440874 0.437222 743.400000 0.541481 0.431287
0.440838 0.437178 743.500000 0.586785 0.472530
0.440805 0.437136 743.600000 0.635109 0.491533
0.440777 0.437082 743.700000 0.672690 0.258199
0.440750 0.437025 743.800000 0.695385 0.194573
0.440725 0.436969 743.900000 0.713495 0.166722
0.440700 0.436910 744.000000 0.717982 -0.077202
0.440675 0.436852 744.100000 0.710074 -0.080571
0.440649 0.436793 744.200000 0.708513 0.049435
0.440623 0.436742 744.300000 0.694337 -0.332239
0.440593 0.436689 744.400000 0.663361 -0.285744
0.440560 0.436644 744.500000 0.626768 -0.444277
0.440523 0.436617 744.600000 0.569763 -0.692984
0.440480 0.436590 744.700000 0.500797 -0.682888
0.440433 0.436583 744.800000 0.422402 -0.881083
0.440381 0.436590 744.900000 0.328700 -0.988284
0.440326 0.436577 745.000000 0.238064 -0.819885
0.440269 0.436570 745.100000 0.153144 -0.874279
0.440210 0.436554 745.200000 0.069251 -0.799382
0.440151 0.436539 745.300000 -0.011214 -0.805897
0.440092 0.436512 745.400000 -0.086205 -0.690169
0.440035 0.436480 745.500000 -0.152419 -0.630808
0.439979 0.436446 745.600000 -0.213820 -0.594147
0.439925 0.436403 745.700000 -0.268210 -0.490925
0.439872 0.436352 745.800000 -0.309494 -0.332688
0.439821 0.436296 745.900000 -0.336160 -0.199300
0.439770 0.436238 746.000000 -0.351214 -0.101031
0.439719 0.436181 746.100000 -0.349645 0.132324
0.439668 0.436124 746.200000 -0.336114 0.137616
0.439616 0.436069 746.300000 -0.317975 0.224271
0.439563 0.436017 746.400000 -0.291324 0.307411
0.439508 0.435975 746.500000 -0.250900 0.499054
0.439452 0.435943 746.600000 -0.194739 0.621353
0.439394 0.435928 746.700000 -0.123184 0.806180
0.439335 0.435897 746.800000 -0.050847 0.636934
0.439276 0.435863 746.900000 0.011460 0.606097
0.439218 0.435818 747.000000 0.064037 0.442801
0.439160 0.435770 747.100000 0.106154 0.397441
0.439103 0.435724 747.200000 0.147761 0.432611
0.439046 0.435685 747.300000 0.196317 0.536093
0.438992 0.435645 747.400000 0.249162 0.518160
0.438939 0.435612 747.500000 0.306179 0.619329
0.438889 0.435570 747.600000 0.361786 0.490040
0.438842 0.435536 747.700000 0.416640 0.604285
0.438798 0.435489 747.800000 0.467625 0.412868
0.438757 0.435439 747.900000 0.505909 0.350902
0.438718 0.435389 748.000000 0.540822 0.345615
0.438680 0.435332 748.100000 0.566284 0.162338
0.438644 0.435275 748.200000 0.580764 0.126538
0.438610 0.435223 748.300000 0.601514 0.287423
0.438578 0.435177 748.400000 0.637309 0.426698
0.438551 0.435136 748.500000 0.684114 0.507054
0.438528 0.435086 748.600000 0.727422 0.356948
0.438508 0.435032 748.700000 0.757931 0.251698
0.438488 0.434974 748.800000 0.767543 -0.059930
0.438470 0.434919 748.900000 0.773678 0.182313
0.438453 0.434862 749.000000 0.791261 0.168483
0.438436 0.434808 749.100000 0.788394 -0.225681
0.438417 0.434750 749.200000 0.773237 -0.076718
0.438398 0.434693 749.300000 0.764081 -0.105929
0.438377 0.434638 749.400000 0.748057 -0.213750
0.438352 0.434591 749.500000 0.716917 -0.407494
0.438323 0.434573 749.600000 0.657617 -0.775556
0.438286 0.434575 749.700000 0.571397 -0.944517
0.438242 0.434608 749.800000 0.465537 -1.167399
0.438192 0.434639 749.900000 0.349064 -1.156238
0.438137 0.434679 750.000000 0.230361 -1.211875
0.438079 0.434776 750.100000 0.093187 -1.524750
0.438021 0.434878 750.200000 -0.060972 -1.550726
0.437966 0.434967 750.300000 -0.213072 -1.483678
0.437916 0.435079 750.400000 -0.367456 -1.596285
0.437877 0.435214 750.500000 -0.532833 -1.702968
0.437851 0.435322 750.600000 -0.697361 -1.579377
0.437841 0.435415 750.700000 -0.851950 -1.504669
0.437848 0.435463 750.800000 -0.990822 -1.265829
0.437873 0.435516 750.900000 -1.118775 -1.286831
0.437917 0.435548 751.000000 -1.241529 -1.162110
0.437981 0.435564 751.100000 -1.352608 -1.053919
0.438061 0.435540 751.200000 -1.441517 -0.719810
0.438153 0.435499 751.300000 -1.503047 -0.507731
0.438255 0.435457 751.400000 -1.553107 -0.490964
0.438367 0.435411 751.500000 -1.598647 -0.417561
0.438485 0.435356 751.600000 -1.629956 -0.207044
0.438609 0.435305 751.700000 -1.656418 -0.320870
0.438738 0.435248 751.800000 -1.677439 -0.098511
0.438869 0.435191 751.900000 -1.687993 -0.112028
0.439001 0.435133 752.000000 -1.689413 0.083687
0.439131 0.435075 752.100000 -1.683785 0.028591
0.439258 0.435021 752.200000 -1.671884 0.208834
0.439381 0.434966 752.300000 -1.649945 0.228853
0.439495 0.434929 752.400000 -1.610524 0.557606
0.439595 0.434909 752.500000 -1.544712 0.755342
0.439679 0.434895 752.600000 -1.466237 0.810224
0.439746 0.434912 752.700000 -1.372339 1.063049
0.439791 0.434980 752.800000 -1.250100 1.375622
0.439814 0.435078 752.900000 -1.104522 1.528649
0.439815 0.435194 753.000000 -0.946758 1.618741
0.439797 0.435306 753.100000 -0.785403 1.600285
0.439763 0.435520 753.200000 -0.603665 2.025390
0.439715 0.435763 753.300000 -0.395542 2.126662
0.439659 0.435975 753.400000 -0.187857 2.016664
0.439601 0.436198 753.500000 0.016435 2.058960
0.439546 0.436436 753.600000 0.225395 2.109789
0.439500 0.436667 753.700000 0.435840 2.088600
0.439469 0.436889 753.800000 0.643499 2.054182
0.439460 0.437142 753.900000 0.855048 2.166220
0.439476 0.437351 754.000000 1.064154 2.005448
0.439523 0.437530 754.100000 1.259398 1.889677
0.439604 0.437693 754.200000 1.445644 1.825934
0.439719 0.437821 754.300000 1.621138 1.675165
0.439872 0.437925 754.400000 1.783514 1.564231
0.440058 0.437957 754.500000 1.920420 1.167051
0.440275 0.437993 754.600000 2.038724 1.193101
0.440521 0.437984 754.700000 2.141336 0.854015
0.440788 0.437953 754.800000 2.216255 0.640617
0.441071 0.437911 754.900000 2.273392 0.499270
0.441364 0.437853 755.000000 2.301071 0.052934
0.441651 0.437803 755.100000 2.286477 -0.344086
0.441923 0.437780 755.200000 2.232836 -0.726048
0.442171 0.437775 755.300000 2.151686 -0.892897
0.442394 0.437768 755.400000 2.063008 -0.876228
0.442591 0.437786 755.500000 1.965401 -1.071034
0.442758 0.437839 755.600000 1.846748 -1.296100
0.442891 0.437947 755.700000 1.702525 -1.581137
0.442991 0.438035 755.800000 1.548621 -1.489264
0.443062 0.438127 755.900000 1.398704 -1.501577
0.443105 0.438244 756.000000 1.241693 -1.630794
0.443124 0.438356 756.100000 1.079603 -1.602890
0.443121 0.438485 756.200000 0.914997 -1.681008
0.443100 0.438576 756.300000 0.755645 -1.498061
0.443065 0.438691 756.400000 0.599464 -1.617757
0.443019 0.438820 756.500000 0.434013 -1.682991
0.442965 0.439004 756.600000 0.253649 -1.915258
0.442906 0.439141 756.700000 0.071511 -1.718400
0.442849 0.439295 756.800000 -0.104432 -1.791663
0.442795 0.439427 756.900000 -0.279292 -1.696801
0.442750 0.439531 757.000000 -0.442825 -1.565688
0.442714 0.439600 757.100000 -0.590757 -1.385540
0.442690 0.439641 757.200000 -0.721466 -1.222116
0.442678 0.439652 757.300000 -0.834315 -1.029221
0.442677 0.439659 757.400000 -0.935331 -0.986054
0.442689 0.439661 757.500000 -1.032883 -0.960101
0.442713 0.439643 757.600000 -1.119627 -0.770448
0.442750 0.439632 757.700000 -1.200548 -0.843907
0.442799 0.439602 757.800000 -1.275844 -0.658268
0.442859 0.439570 757.900000 -1.339973 -0.621087
0.442928 0.439522 758.000000 -1.390800 -0.392914
0.443003 0.439466 758.100000 -1.420444 -0.198492
0.443080 0.439409 758.200000 -1.434175 -0.075431
0.443158 0.439351 758.300000 -1.437932 0.000469
0.443234 0.439297 758.400000 -1.426170 0.234176
0.443306 0.439239 758.500000 -1.410758 0.073309
0.443377 0.439183 758.600000 -1.399799 0.145318
0.443443 0.439133 758.700000 -1.374889 0.351637
0.443502 0.439087 758.800000 -1.336207 0.420064
0.443554 0.439043 758.900000 -1.291698 0.467888
0.443597 0.439006 759.000000 -1.240357 0.556370
0.443630 0.438973 759.100000 -1.181563 0.616573
0.443653 0.438957 759.200000 -1.110814 0.794874
0.443663 0.438970 759.300000 -1.018721 1.042375
0.443659 0.438993 759.400000 -0.910972 1.107209
0.443642 0.439045 759.500000 -0.790922 1.287802
0.443611 0.439158 759.600000 -0.645604 1.611294
0.443568 0.439285 759.700000 -0.480824 1.676061
0.443516 0.439396 759.800000 -0.316478 1.602647
0.443459 0.439539 759.900000 -0.148656 1.745401
0.443401 0.439703 760.000000 0.031053 1.839793
0.443345 0.439844 760.100000 0.210290 1.735986
0.443297 0.440006 760.200000 0.389089 1.831043
0.443260 0.440149 760.300000 0.568320 1.744621
0.443239 0.440327 760.400000 0.750838 1.896622
0.443239 0.440531 760.500000 0.945966 1.996164
0.443267 0.440725 760.600000 1.144016 1.954940
0.443326 0.440893 760.700000 1.334928 1.853754
0.443419 0.441039 760.800000 1.516338 1.765372
0.443550 0.441213 760.900000 1.698898 1.876697
0.443724 0.441349 761.000000 1.879007 1.716480
0.443936 0.441399 761.100000 2.029480 1.285467
0.444184 0.441448 761.200000 2.157963 1.277767
0.444464 0.441452 761.300000 2.270610 0.969532
0.444769 0.441427 761.400000 2.354495 0.703977
0.445092 0.441378 761.500000 2.408329 0.370015
0.445417 0.441322 761.600000 2.417166 -0.193718
0.445735 0.441268 761.700000 2.395327 -0.241981
0.446045 0.441216 761.800000 2.368212 -0.298960
0.446340 0.441181 761.900000 2.323426 -0.594518
0.446614 0.441173 762.000000 2.250025 -0.869825
0.446863 0.441161 762.100000 2.164556 -0.835291
0.447086 0.441167 762.200000 2.073323 -0.984811
0.447277 0.441248 762.300000 1.951075 -1.454036
0.447429 0.441372 762.400000 1.794573 -1.668171
0.447542 0.441543 762.500000 1.617247 -1.869475
0.447615 0.441780 762.600000 1.417249 -2.120501
0.447651 0.442061 762.700000 1.197021 -2.273047
0.447653 0.442354 762.800000 0.967108 -2.313711
0.447628 0.442794 762.900000 0.712924 -2.757250
0.447581 0.443293 763.000000 0.428638 -2.914259
0.447523 0.443973 763.100000 0.114261 -3.357564
0.447468 0.444594 763.200000 -0.215431 -3.219803
0.447428 0.445179 763.300000 -0.533936 -3.134365
0.447416 0.445744 763.400000 -0.845620 -3.083731
0.447443 0.446225 763.500000 -1.144060 -2.870152
0.447518 0.446657 763.600000 -1.425205 -2.738677
0.447649 0.447108 763.700000 -1.702227 -2.787930
0.447844 0.447476 763.800000 -1.969978 -2.553692
0.448108 0.447800 763.900000 -2.219113 -2.416556
0.448439 0.448007 764.000000 -2.441236 -2.014787
0.448833 0.448146 764.100000 -2.629478 -1.740646
0.449285 0.448241 764.200000 -2.793618 -1.533942
0.449789 0.448287 764.300000 -2.933755 -1.261796
0.450335 0.448281 764.400000 -3.042075 -0.899201
0.450911 0.448243 764.500000 -3.115336 -0.562352
0.451502 0.448187 764.600000 -3.152395 -0.176974
0.452087 0.448140 764.700000 -3.140110 0.422054
0.452652 0.448106 764.800000 -3.088204 0.613471
0.453184 0.448112 764.900000 -3.007502 0.996551
0.453675 0.448132 765.000000 -2.902465 1.098923
0.454116 0.448246 765.100000 -2.766036 1.622846
0.454501 0.448338 765.200000 -2.608676 1.516487
0.454831 0.448491 765.300000 -2.442303 1.802657
0.455106 0.448648 765.400000 -2.260857 1.817186
0.455327 0.448833 765.500000 -2.073094 1.928688
0.455494 0.449107 765.600000 -1.863274 2.257209
0.455608 0.449427 765.700000 -1.629447 2.407653
0.455671 0.449880 765.800000 -1.368428 2.799679
0.455688 0.450360 765.900000 -1.084068 2.873305
0.455668 0.450973 766.000000 -0.779157 3.209658
0.455622 0.451616 766.100000 -0.453985 3.277523
0.455564 0.452271 766.200000 -0.123824 3.309191
0.455507 0.452882 766.300000 0.202682 3.204612
0.455465 0.453466 766.400000 0.520640 3.138649
0.455451 0.454028 766.500000 0.832734 3.087632
0.455477 0.454585 766.600000 1.141543 3.073102
0.455553 0.455074 766.700000 1.440963 2.900322
0.455686 0.455484 766.800000 1.720766 2.681749
0.455882 0.455827 766.900000 1.979810 2.486189
0.456145 0.456138 767.000000 2.223896 2.383316
0.456478 0.456399 767.100000 2.454538 2.217986
0.456880 0.456570 767.200000 2.659881 1.878607
0.457344 0.456677 767.300000 2.834138 1.597835
0.457860 0.456710 767.400000 2.973916 1.190722
0.458418 0.456700 767.500000 3.077432 0.874435
0.459001 0.456653 767.600000 3.143072 0.435082
0.459592 0.456593 767.700000 3.161651 -0.064430
0.460178 0.456537 767.800000 3.147396 -0.219954
0.460754 0.456480 767.900000 3.126194 -0.203034
0.461319 0.456430 768.000000 3.097467 -0.370075
0.461866 0.456386 768.100000 3.054427 -0.488577
0.462389 0.456361 768.200000 2.993515 -0.726612
0.462883 0.456341 768.300000 2.917846 -0.782980
0.463343 0.456348 768.400000 2.828113 -1.007183
0.463763 0.456380 768.500000 2.718179 -1.186005
0.464139 0.456447 768.600000 2.588966 -1.391799
0.464461 0.456612 768.700000 2.426054 -1.858290
0.464722 0.456871 768.800000 2.222019 -2.212211
0.464917 0.457231 768.900000 1.983828 -2.539693
0.465050 0.457641 769.000000 1.721815 -2.687478
0.465124 0.458124 769.100000 1.442278 -2.889280
0.465149 0.458672 769.200000 1.144204 -3.057308
0.465134 0.459233 769.300000 0.836021 -3.090936
0.465091 0.459889 769.400000 0.514748 -3.318450
0.465032 0.460597 769.500000 0.176122 -3.437144
0.464974 0.461392 769.600000 -0.178051 -3.628607
0.464932 0.462126 769.700000 -0.535084 -3.494207
0.464922 0.462816 769.800000 -0.880647 -3.399766
0.464957 0.463398 769.900000 -1.208724 -3.145377
0.465045 0.463885 770.000000 -1.511782 -2.900627
0.465195 0.464376 770.100000 -1.803281 -2.914786
0.465417 0.464782 770.200000 -2.083772 -2.681002
0.465705 0.464984 770.300000 -2.318848 -2.008780
0.466046 0.465042 770.400000 -2.487448 -1.354790
0.466429 0.465068 770.500000 -2.613082 -1.151596
0.466847 0.465058 770.600000 -2.714712 -0.875919
0.467290 0.465018 770.700000 -2.786899 -0.564210
0.467750 0.464965 770.800000 -2.832652 -0.348572
0.468210 0.464910 770.900000 -2.835871 0.284350
0.468657 0.464867 771.000000 -2.796388 0.503342
0.469082 0.464835 771.100000 -2.737603 0.669421
0.469482 0.464811 771.200000 -2.666575 0.747587
0.469853 0.464813 771.300000 -2.579909 0.981401
0.470188 0.464840 771.400000 -2.472761 1.156196
0.470486 0.464874 771.500000 -2.354316 1.206778
0.470745 0.464944 771.600000 -2.222648 1.420002
0.470963 0.465037 771.700000 -2.074370 1.538155
0.471137 0.465192 771.800000 -1.905956 1.821689
0.471269 0.465349 771.900000 -1.722883 1.830621
0.471359 0.465567 772.000000 -1.527271 2.071851
0.471409 0.465834 772.100000 -1.310712 2.248485
0.471425 0.466072 772.200000 -1.090329 2.148167
0.471412 0.466399 772.300000 -0.860091 2.445084
0.471375 0.466755 772.400000 -0.610403 2.536192
0.471322 0.467104 772.500000 -0.357105 2.517097
0.471262 0.467365 772.600000 -0.119234 2.228417
0.471202 0.467588 772.700000 0.097336 2.092169
0.471147 0.467820 772.800000 0.308800 2.126537
0.471103 0.468010 772.900000 0.514116 1.969522
0.471075 0.468193 773.000000 0.710120 1.940742
0.471066 0.468335 773.100000 0.896015 1.767866
0.471078 0.468433 773.200000 1.063025 1.563991
0.471113 0.468531 773.300000 1.219956 1.566780
0.471175 0.468635 773.400000 1.378457 1.595303
0.471264 0.468689 773.500000 1.525203 1.332296
0.471379 0.468716 773.600000 1.650279 1.162954
0.471517 0.468702 773.700000 1.751230 0.851032
0.471669 0.468653 773.800000 1.815110 0.423368
0.471831 0.468605 773.900000 1.858286 0.437995
0.472000 0.468546 774.000000 1.888397 0.162723
0.472169 0.468488 774.100000 1.887458 -0.181469
0.472331 0.468438 774.200000 1.857709 -0.412011
0.472480 0.468410 774.300000 1.801289 -0.713581
0.472610 0.468400 774.400000 1.721270 -0.882797
0.472717 0.468439 774.500000 1.614771 -1.241851
0.472799 0.468496 774.600000 1.485016 -1.346763
0.472854 0.468573 774.700000 1.344243 -1.461648
0.472883 0.468721 774.800000 1.181014 -1.794782
0.472886 0.468881 774.900000 0.998352 -1.849318
0.472868 0.469036 775.000000 0.814066 -1.827195
0.472833 0.469175 775.100000 0.634296 -1.759206
0.472786 0.469316 775.200000 0.457572 -1.766452
0.472730 0.469480 775.300000 0.275435 -1.867174
0.472669 0.469686 775.400000 0.079861 -2.034537
0.472609 0.469814 775.500000 -0.107914 -1.711556
0.472552 0.469875 775.600000 -0.262480 -1.372038
0.472501 0.469915 775.700000 -0.393875 -1.249304
0.472458 0.469965 775.800000 -0.522104 -1.308867
0.472426 0.470069 775.900000 -0.667710 -1.595963
0.472408 0.470121 776.000000 -0.814196 -1.326432
0.472405 0.470175 776.100000 -0.947334 -1.329665
0.472419 0.470223 776.200000 -1.079135 -1.299775
0.472451 0.470244 776.300000 -1.200760 -1.126639
0.472499 0.470233 776.400000 -1.301196 -0.877060
0.472558 0.470183 776.500000 -1.364944 -0.394706
0.472623 0.470125 776.600000 -1.395252 -0.209946
0.472691 0.470067 776.700000 -1.415576 -0.195526
0.472760 0.470006 776.800000 -1.423299 0.041455
0.472828 0.469948 776.900000 -1.412469 0.174610
0.472890 0.469896 777.000000 -1.384975 0.373896
0.472945 0.469854 777.100000 -1.339518 0.532976
0.472989 0.469823 777.200000 -1.278810 0.678150
0.473021 0.469811 777.300000 -1.201512 0.863943
0.473039 0.469814 777.400000 -1.108264 0.996357
0.473043 0.469843 777.500000 -0.999385 1.175770
0.473032 0.469879 777.600000 -0.878888 1.228145
0.473007 0.469940 777.700000 -0.748487 1.373350
0.472970 0.469998 777.800000 -0.611759 1.354388
0.472924 0.470050 777.900000 -0.477570 1.322668
0.472871 0.470079 778.000000 -0.352173 1.179002
0.472814 0.470083 778.100000 -0.242587 1.007245
0.472755 0.470084 778.200000 -0.143172 0.976079
0.472694 0.470044 778.300000 -0.065867 0.566155
0.472634 0.470006 778.400000 -0.008451 0.579300
0.472573 0.469971 778.500000 0.052461 0.635897
0.472513 0.469941 778.600000 0.118494 0.681464
0.472455 0.469901 778.700000 0.181381 0.573133
0.472398 0.469873 778.800000 0.245240 0.700847
0.472343 0.469833 778.900000 0.308541 0.562008
0.472292 0.469815 779.000000 0.377404 0.811812
0.472245 0.469787 779.100000 0.453719 0.710676
0.472201 0.469737 779.200000 0.509855 0.409234
0.472159 0.469680 779.300000 0.541977 0.231593
0.472119 0.469622 779.400000 0.561906 0.166002
0.472080 0.469565 779.500000 0.580891 0.212741
0.472042 0.469504 779.600000 0.593042 0.029671
0.472003 0.469449 779.700000 0.580243 -0.285001
0.471961 0.469400 779.800000 0.545650 -0.405132
0.471917 0.469347 779.900000 0.507741 -0.351157
0.471871 0.469292 780.000000 0.476004 -0.281989
0.471823 0.469241 780.100000 0.443163 -0.373195
0.471773 0.469197 780.200000 0.399258 -0.502716
0.471720 0.469162 780.300000 0.343043 -0.618765
0.471665 0.469142 780.400000 0.272215 -0.794254
0.471606 0.469182 780.500000 0.169721 -1.250514
0.471546 0.469239 780.600000 0.039262 -1.352139
0.471486 0.469291 780.700000 -0.094863 -1.323651
0.471429 0.469375 780.800000 -0.236347 -1.498951
0.471378 0.469449 780.900000 -0.384144 -1.449593
0.471335 0.469507 781.000000 -0.524950 -1.359485
0.471303 0.469570 781.100000 -0.662377 -1.382189
0.471284 0.469641 781.200000 -0.803445 -1.432117
0.471281 0.469716 781.300000 -0.948108 -1.453910
0.471296 0.469758 781.400000 -1.084203 -1.261182
0.471328 0.469766 781.500000 -1.199358 -1.036161
0.471376 0.469769 781.600000 -1.301141 -0.994418
0.471440 0.469753 781.700000 -1.392617 -0.830531
0.471517 0.469723 781.800000 -1.468601 -0.685346
0.471608 0.469691 781.900000 -1.535788 -0.655039
0.471710 0.469647 782.000000 -1.593868 -0.503644
0.471821 0.469594 782.100000 -1.635566 -0.328233
0.471937 0.469538 782.200000 -1.664834 -0.255674
0.472059 0.469481 782.300000 -1.688559 -0.217639
0.472182 0.469422 782.400000 -1.692861 0.131814
0.472301 0.469365 782.500000 -1.674742 0.229654
0.472413 0.469314 782.600000 -1.644595 0.371793
0.472517 0.469267 782.700000 -1.603737 0.443316
0.472608 0.469251 782.800000 -1.539893 0.830376
0.472682 0.469251 782.900000 -1.449731 0.968358
0.472737 0.469274 783.000000 -1.344128 1.138422
0.472773 0.469306 783.100000 -1.226801 1.202252
0.472788 0.469407 783.200000 -1.086897 1.588819
0.472783 0.469508 783.300000 -0.927821 1.584750
0.472760 0.469607 783.400000 -0.769235 1.579051
0.472723 0.469718 783.500000 -0.608103 1.635520
0.472675 0.469885 783.600000 -0.431418 1.889358
0.472618 0.470066 783.700000 -0.239348 1.942434
0.472558 0.470232 783.800000 -0.047697 1.880997
0.472499 0.470398 783.900000 0.140941 1.882332
0.472446 0.470540 784.000000 0.324616 1.781988
0.472402 0.470694 784.100000 0.505617 1.828991
0.472371 0.470836 784.200000 0.686629 1.782190
0.472360 0.471026 784.300000 0.875290 1.981591
0.472371 0.471151 784.400000 1.059928 1.701953
0.472408 0.471274 784.500000 1.230211 1.695194
0.472470 0.471352 784.600000 1.388973 1.472104
0.472559 0.471398 784.700000 1.527371 1.288924
0.472670 0.471401 784.800000 1.641782 0.993585
0.472800 0.471372 784.900000 1.726930 0.705118
0.472945 0.471336 785.000000 1.792701 0.607002
0.473103 0.471296 785.100000 1.851296 0.561969
0.473271 0.471241 785.200000 1.893813 0.286252
0.473444 0.471182 785.300000 1.913567 0.107846
0.473618 0.471122 785.400000 1.919962 0.019731
0.473790 0.471065 785.500000 1.910059 -0.217303
0.473955 0.471011 785.600000 1.883725 -0.308048
0.474114 0.470957 785.700000 1.853112 -0.302695
0.474262 0.470915 785.800000 1.811048 -0.536482
0.474395 0.470892 785.900000 1.746190 -0.757437
0.474513 0.470865 786.000000 1.671994 -0.722770
0.474612 0.470878 786.100000 1.582309 -1.066439
0.474690 0.470889 786.200000 1.475841 -1.057610
0.474748 0.470923 786.300000 1.361731 -1.218874
0.474786 0.470930 786.400000 1.249234 -1.025444
0.474808 0.470972 786.500000 1.134504 -1.263420
0.474812 0.471024 786.600000 1.004578 -1.328603
0.474799 0.471095 786.700000 0.866174 -1.432546
0.474771 0.471196 786.800000 0.714668 -1.590006
0.474730 0.471326 786.900000 0.548104 -1.732945
0.474679 0.471445 787.000000 0.377145 -1.677683
0.474621 0.471545 787.100000 0.213628 -1.584480
0.474561 0.471620 787.200000 0.061247 -1.455533
0.474501 0.471675 787.300000 -0.079172 -1.345818
0.474444 0.471729 787.400000 -0.213811 -1.340232
0.474391 0.471765 787.500000 -0.342642 -1.229946
0.474345 0.471812 787.600000 -0.469296 -1.296800
0.474307 0.471863 787.700000 -0.600494 -1.320606
0.474281 0.471917 787.800000 -0.734018 -1.343186
0.474267 0.471925 787.900000 -0.853089 -1.032285
0.474265 0.471929 788.000000 -0.955049 -1.001825
0.474275 0.471916 788.100000 -1.048459 -0.861699
0.474296 0.471902 788.200000 -1.134305 -0.850928
0.474327 0.471854 788.300000 -1.198902 -0.437775
0.474364 0.471802 788.400000 -1.237694 -0.336138
0.474404 0.471742 788.500000 -1.255685 -0.022777
0.474442 0.471687 788.600000 -1.242416 0.287492
0.474475 0.471633 788.700000 -1.213581 0.287771
0.474503 0.471584 788.800000 -1.177958 0.422905
0.474523 0.471548 788.900000 -1.126127 0.611113
0.474534 0.471518 789.000000 -1.061125 0.685677
0.474535 0.471503 789.100000 -0.984778 0.837460
0.474525 0.471522 789.200000 -0.886925 1.114693
0.474502 0.471567 789.300000 -0.766631 1.285189
0.474469 0.471585 789.400000 -0.646733 1.106777
0.474427 0.471596 789.500000 -0.538181 1.058818
0.474379 0.471604 789.600000 -0.433419 1.031199
0.474325 0.471614 789.700000 -0.328799 1.055966
0.474268 0.471643 789.800000 -0.216815 1.178116
0.474209 0.471662 789.900000 -0.101605 1.120320
0.474149 0.471718 790.000000 0.022191 1.349409
0.474090 0.471751 790.100000 0.150643 1.213210
0.474035 0.471774 790.200000 0.268693 1.141885
0.473985 0.471837 790.300000 0.395827 1.394430
0.473944 0.471923 790.400000 0.541713 1.515999
0.473913 0.471978 790.500000 0.685297 1.348516
0.473896 0.472022 790.600000 0.817089 1.280727
0.473891 0.472026 790.700000 0.931489 1.001550
0.473896 0.471998 790.800000 1.017357 0.711524
0.473911 0.471969 790.900000 1.087530 0.688430
0.473933 0.471919 791.000000 1.141716 0.392566
0.473960 0.471860 791.100000 1.167836 0.128530
0.473986 0.471803 791.200000 1.165152 -0.182067
0.474007 0.471754 791.300000 1.135279 -0.413900
0.474021 0.471726 791.400000 1.079245 -0.703982
0.474023 0.471731 791.500000 0.992934 -1.017920
0.474013 0.471749 791.600000 0.886548 -1.104488
0.473990 0.471817 791.700000 0.759997 -1.420205
0.473954 0.471878 791.800000 0.619318 -1.386336
0.473908 0.471981 791.900000 0.469534 -1.601851
0.473855 0.472049 792.000000 0.317969 -1.421870
0.473797 0.472131 792.100000 0.171568 -1.498830
0.473737 0.472230 792.200000 0.016929 -1.586213
0.473678 0.472357 792.300000 -0.148758 -1.719261
0.473625 0.472479 792.400000 -0.319948 -1.695971
0.473580 0.472567 792.500000 -0.481496 -1.526911
0.473546 0.472648 792.600000 -0.632915 -1.493905
0.473523 0.472677 792.700000 -0.767182 -1.184711
0.473514 0.472728 792.800000 -0.893210 -1.329559
0.473519 0.472743 792.900000 -1.014354 -1.087251
0.473536 0.472713 793.000000 -1.103065 -0.682530
0.473562 0.472674 793.100000 -1.165583 -0.564705
0.473595 0.472625 793.200000 -1.215145 -0.424060
0.473634 0.472572 793.300000 -1.252038 -0.311956
0.473678 0.472518 793.400000 -1.282145 -0.288682
0.473723 0.472459 793.500000 -1.291792 0.096229
0.473764 0.472419 793.600000 -1.258542 0.567112
0.473793 0.472397 793.700000 -1.191476 0.770846
0.473811 0.472386 793.800000 -1.109013 0.874296
0.473816 0.472387 793.900000 -1.015928 0.982749
0.473809 0.472398 794.000000 -0.913606 1.058575
0.473791 0.472408 794.100000 -0.808018 1.047906
0.473762 0.472408 794.200000 -0.706855 0.970283
0.473726 0.472432 794.300000 -0.600482 1.151861
0.473680 0.472486 794.400000 -0.475326 1.345006
0.473628 0.472507 794.500000 -0.351175 1.131814
0.473572 0.472543 794.600000 -0.232916 1.227453
0.473513 0.472549 794.700000 -0.120092 1.023378
0.473454 0.472552 794.800000 -0.019037 0.992661
0.473395 0.472551 794.900000 0.079077 0.964716
0.473337 0.472578 795.000000 0.186254 1.173466
0.473284 0.472608 795.100000 0.304785 1.191225
0.473235 0.472617 795.200000 0.416753 1.042548
0.473192 0.472616 795.300000 0.517476 0.966871
0.473156 0.472591 795.400000 0.603024 0.739807
0.473125 0.472559 795.500000 0.673425 0.664703
0.473099 0.472518 795.600000 0.733826 0.540294
0.473079 0.472478 795.700000 0.788709 0.554621
0.473065 0.472446 795.800000 0.849563 0.659417
0.473057 0.472400 795.900000 0.905488 0.456285
0.473054 0.472352 796.000000 0.949788 0.427503
0.473055 0.472295 796.100000 0.979659 0.168412
0.473057 0.472235 796.200000 0.987219 -0.017582
0.473057 0.472178 796.300000 0.976316 -0.199922
0.473054 0.472129 796.400000 0.946945 -0.386034
0.473047 0.472075 796.500000 0.912155 -0.308032
0.473035 0.472031 796.600000 0.872503 -0.483018
0.473019 0.471984 796.700000 0.826090 -0.442935
0.472998 0.471939 796.800000 0.780110 -0.474354
0.472971 0.471907 796.900000 0.723282 -0.659375
0.472938 0.471883 797.000000 0.652247 -0.757766
0.472900 0.471860 797.100000 0.576449 -0.754396
0.472856 0.471832 797.200000 0.503546 -0.700029
0.472809 0.471812 797.300000 0.428517 -0.796806
0.472757 0.471807 797.400000 0.342073 -0.927735
0.472701 0.471817 797.500000 0.242921 -1.050352
0.472643 0.471829 797.600000 0.136889 -1.064997
0.472584 0.471847 797.700000 0.027689 -1.113543
0.472525 0.471849 797.800000 -0.077436 -0.983686
0.472468 0.471852 797.900000 -0.176798 -0.998585
0.472413 0.471840 798.000000 -0.270217 -0.865133
0.472361 0.471807 798.100000 -0.345619 -0.639145
0.472313 0.471794 798.200000 -0.420894 -0.862574
0.472270 0.471768 798.300000 -0.500722 -0.730014
0.472231 0.471732 798.400000 -0.567250 -0.597217
0.472197 0.471700 798.500000 -0.630331 -0.661246
0.472167 0.471650 798.600000 -0.682480 -0.379127
0.472140 0.471601 798.700000 -0.721397 -0.397257
0.472116 0.471544 798.800000 -0.750582 -0.184985
0.472093 0.471485 798.900000 -0.755303 0.090791
0.472069 0.471427 799.000000 -0.745352 0.107733
0.472043 0.471370 799.100000 -0.730421 0.190137
0.472015 0.471315 799.200000 -0.708914 0.238936
0.471987 0.471256 799.300000 -0.699660 -0.054314
0.471958 0.471198 799.400000 -0.698334 0.080766
0.471929 0.471139 799.500000 -0.688498 0.115461
0.471898 0.471085 799.600000 -0.669113 0.271265
0.471864 0.471037 799.700000 -0.634861 0.412069
0.471827 0.470985 799.800000 -0.597256 0.338154
0.471787 0.470954 799.900000 -0.546787 0.668706
0.471743 0.470919 800.000000 -0.482283 0.618144
0.471695 0.470873 800.100000 -0.428520 0.454419
0.471645 0.470835 800.200000 -0.376830 0.576808
0.471593 0.470800 800.300000 -0.317361 0.609597
0.471537 0.470786 800.400000 -0.243960 0.854743
0.471480 0.470771 800.500000 -0.159566 0.828921
0.471422 0.470755 800.600000 -0.076542 0.827410
0.471363 0.470734 800.700000 0.004204 0.783468
0.471304 0.470716 800.800000 0.083747 0.803408
0.471247 0.470715 800.900000 0.172303 0.963294
0.471193 0.470729 801.000000 0.274747 1.080459
0.471143 0.470729 801.100000 0.377804 0.975529
0.471098 0.470713 801.200000 0.468164 0.827150
0.471059 0.470704 801.300000 0.554373 0.892719
0.471025 0.470686 801.400000 0.639441 0.804397
0.470999 0.470673 801.500000 0.722811 0.858823
0.470980 0.470641 801.600000 0.798494 0.651069
0.470969 0.470626 801.700000 0.873221 0.839721
0.470967 0.470602 801.800000 0.952553 0.742962
0.470973 0.470572 801.900000 1.023651 0.675429
0.470990 0.470550 802.000000 1.095922 0.766383
0.471016 0.470516 802.100000 1.166329 0.638249
0.471050 0.470471 802.200000 1.221240 0.457226
0.471091 0.470421 802.300000 1.262931 0.374496
0.471134 0.470362 802.400000 1.280144 -0.031083
0.471175 0.470307 802.500000 1.267008 -0.230990
0.471212 0.470255 802.600000 1.239768 -0.312448
0.471243 0.470217 802.700000 1.195091 -0.578864
0.471264 0.470182 802.800000 1.135386 -0.612253
0.471277 0.470151 802.900000 1.071079 -0.670670
0.471281 0.470119 803.000000 1.004881 -0.649967
0.471276 0.470106 803.100000 0.929589 -0.852123
0.471262 0.470091 803.200000 0.844984 -0.835749
0.471239 0.470079 803.300000 0.759727 -0.865117
0.471209 0.470061 803.400000 0.675934 -0.806548
0.471172 0.470055 803.500000 0.589474 -0.918339
0.471128 0.470080 803.600000 0.485268 -1.160568
0.471078 0.470076 803.700000 0.380340 -0.932741
0.471025 0.470084 803.800000 0.281543 -1.038254
0.470968 0.470103 803.900000 0.173515 -1.116913
0.470910 0.470137 804.000000 0.056400 -1.219529
0.470851 0.470195 804.100000 -0.073294 -1.367862
0.470796 0.470278 804.200000 -0.217422 -1.507493
0.470746 0.470360 804.300000 -0.368240 -1.501328
0.470704 0.470421 804.400000 -0.513205 -1.390733
0.470672 0.470486 804.500000 -0.653467 -1.407484
0.470651 0.470514 804.600000 -0.783321 -1.183103
0.470644 0.470554 804.700000 -0.905540 -1.255169
0.470651 0.470580 804.800000 -1.027119 -1.170345
0.470673 0.470597 804.900000 -1.140944 -1.100461
0.470711 0.470603 805.000000 -1.247087 -1.017082
0.470767 0.470622 805.100000 -1.354155 -1.118923
0.470842 0.470640 805.200000 -1.465888 -1.110160
0.470936 0.470638 805.300000 -1.569223 -0.951368
0.471048 0.470624 805.400000 -1.659115 -0.841978
0.471177 0.470594 805.500000 -1.735158 -0.675071
0.471318 0.470553 805.600000 -1.795685 -0.532441
0.471473 0.470515 805.700000 -1.851252 -0.576136
0.471640 0.470474 805.800000 -1.906509 -0.526229
0.471818 0.470426 805.900000 -1.954030 -0.421812
0.472004 0.470370 806.000000 -1.984972 -0.195482
0.472191 0.470313 806.100000 -1.988871 0.117684
0.472371 0.470265 806.200000 -1.962293 0.412551
0.472539 0.470228 806.300000 -1.912537 0.580083
0.472691 0.470212 806.400000 -1.841684 0.833430
0.472820 0.470244 806.500000 -1.739449 1.206168
0.472921 0.470311 806.600000 -1.607690 1.422415
0.472993 0.470445 806.700000 -1.448186 1.759700
0.473033 0.470607 806.800000 -1.265415 1.886582
0.473046 0.470786 806.900000 -1.072876 1.954567
0.473035 0.470983 807.000000 -0.873169 2.029589
0.473003 0.471237 807.100000 -0.658744 2.248187
0.472956 0.471521 807.200000 -0.428273 2.349709
0.472899 0.471843 807.300000 -0.186243 2.478784
0.472841 0.472138 807.400000 0.057726 2.388396
0.472787 0.472328 807.500000 0.277918 2.004432
0.472743 0.472564 807.600000 0.487701 2.180743
0.472715 0.472761 807.700000 0.698868 2.032046
0.472706 0.472921 807.800000 0.894893 1.878649
0.472720 0.473061 807.900000 1.078910 1.792487
0.472758 0.473172 808.000000 1.251716 1.654984
0.472821 0.473227 808.100000 1.402465 1.352477
0.472906 0.473239 808.200000 1.524014 1.072415
0.473008 0.473209 808.300000 1.611442 0.671770
0.473122 0.473164 808.400000 1.669107 0.478650
0.473245 0.473117 808.500000 1.713856 0.414086
0.473375 0.473061 808.600000 1.745707 0.221345
0.473507 0.473003 808.700000 1.756339 -0.009222
0.473637 0.472948 808.800000 1.743222 -0.252475
0.473759 0.472900 808.900000 1.709756 -0.415165
0.473870 0.472867 809.000000 1.657171 -0.633908
0.473967 0.472847 809.100000 1.585693 -0.792084
0.474046 0.472862 809.200000 1.491217 -1.092704
0.474103 0.472918 809.300000 1.368197 -1.361541
0.474139 0.472954 809.400000 1.237942 -1.237064
0.474156 0.473020 809.500000 1.105005 -1.415011
0.474154 0.473098 809.600000 0.959425 -1.489317
0.474135 0.473201 809.700000 0.803905 -1.613315
0.474102 0.473301 809.800000 0.642669 -1.603332
0.474058 0.473397 809.900000 0.483085 -1.580374
0.474006 0.473479 810.000000 0.328050 -1.512567
0.473950 0.473546 810.100000 0.180875 -1.423574
0.473891 0.473561 810.200000 0.054857 -1.090488
0.473833 0.473601 810.300000 -0.063001 -1.260781
0.473777 0.473609 810.400000 -0.178539 -1.044213
0.473723 0.473615 810.500000 -0.281958 -1.018992
0.473674 0.473613 810.600000 -0.380984 -0.956570
0.473629 0.473619 810.700000 -0.480172 -1.022240
0.473593 0.473652 810.800000 -0.592381 -1.216318
0.473565 0.473664 810.900000 -0.707002 -1.070381
0.473547 0.473659 811.000000 -0.807073 -0.926035
0.473538 0.473644 811.100000 -0.895942 -0.846897
0.473537 0.473609 811.200000 -0.968805 -0.606714
0.473543 0.473561 811.300000 -1.019678 -0.408206
0.473553 0.473504 811.400000 -1.049676 -0.190253
0.473563 0.473447 811.500000 -1.052383 0.136240
0.473568 0.473407 811.600000 -1.018297 0.543781
0.473567 0.473371 811.700000 -0.961068 0.597935
0.473558 0.473335 811.800000 -0.900560 0.609210
0.473543 0.473310 811.900000 -0.833644 0.725757
0.473520 0.473287 812.000000 -0.758964 0.764108
0.473490 0.473274 812.100000 -0.677883 0.853461
0.473453 0.473267 812.200000 -0.589180 0.916162
0.473410 0.473261 812.300000 -0.497321 0.916422
0.473361 0.473281 812.400000 -0.394676 1.131357
0.473308 0.473326 812.500000 -0.273063 1.294818
0.473251 0.473368 812.600000 -0.144095 1.278084
0.473192 0.473411 812.700000 -0.015871 1.279998
0.473135 0.473472 812.800000 0.118156 1.393840
0.473081 0.473529 812.900000 0.256608 1.368277
0.473032 0.473582 813.000000 0.392554 1.343838
0.472991 0.473628 813.100000 0.525211 1.302671
0.472959 0.473655 813.200000 0.649714 1.181159
0.472936 0.473654 813.300000 0.757134 0.961867
0.472923 0.473662 813.400000 0.857204 1.034533
0.472921 0.473660 813.500000 0.957073 0.957862
0.472930 0.473641 813.600000 1.045246 0.801191
0.472949 0.473610 813.700000 1.119015 0.670503
0.472976 0.473571 813.800000 1.180260 0.551329
0.473012 0.473529 813.900000 1.233533 0.511469
0.473054 0.473482 814.000000 1.280975 0.434994
0.473103 0.473430 814.100000 1.317911 0.301883
0.473154 0.473372 814.200000 1.333424 0.007604
0.473204 0.473314 814.300000 1.329424 -0.087399
0.473251 0.473266 814.400000 1.304678 -0.406301
0.473292 0.473210 814.500000 1.273939 -0.206927
0.473330 0.473160 814.600000 1.246176 -0.346946
0.473360 0.473126 814.700000 1.197432 -0.625500
0.473380 0.473100 814.800000 1.129829 -0.723193
0.473390 0.473077 814.900000 1.055407 -0.761527
0.473390 0.473068 815.000000 0.972383 -0.894786
0.473379 0.473080 815.100000 0.874227 -1.063430
0.473356 0.473108 815.200000 0.761478 -1.185924
0.473324 0.473122 815.300000 0.647531 -1.087320
0.473284 0.473139 815.400000 0.537697 -1.103860
0.473237 0.473148 815.500000 0.430149 -1.041725
0.473185 0.473151 815.600000 0.327790 -1.000332
0.473131 0.473156 815.700000 0.226902 -1.012384
0.473073 0.473189 815.800000 0.115066 -1.218738
0.473015 0.473258 815.900000 -0.018346 -1.442834
0.472959 0.473299 816.000000 -0.154137 -1.266206
0.472906 0.473317 816.100000 -0.273404 -1.113177
0.472857 0.473341 816.200000 -0.387239 -1.157820
0.472814 0.473340 816.300000 -0.493858 -0.969237
0.472777 0.473330 816.400000 -0.586749 -0.883928
0.472746 0.473295 816.500000 -0.661740 -0.612152
0.472720 0.473253 816.600000 -0.718277 -0.515750
0.472698 0.473217 816.700000 -0.773918 -0.594300
0.472683 0.473175 816.800000 -0.829507 -0.514690
0.472671 0.473124 816.900000 -0.871607 -0.325210
0.472663 0.473069 817.000000 -0.898552 -0.212344
0.472656 0.473012 817.100000 -0.916721 -0.150124
0.472650 0.472958 817.200000 -0.911948 0.245350
0.472640 0.472903 817.300000 -0.889175 0.208957
0.472628 0.472851 817.400000 -0.863154 0.310164
0.472613 0.472796 817.500000 -0.836152 0.228527
0.472595 0.472747 817.600000 -0.805509 0.382809
0.472572 0.472704 817.700000 -0.762055 0.484090
0.472545 0.472671 817.800000 -0.706093 0.632350
0.472512 0.472643 817.900000 -0.639386 0.698450
0.472474 0.472630 818.000000 -0.561416 0.857062
0.472429 0.472665 818.100000 -0.456679 1.232434
0.472378 0.472684 818.200000 -0.338755 1.120152
0.472323 0.472706 818.300000 -0.225315 1.142986
0.472266 0.472742 818.400000 -0.105823 1.240863
0.472209 0.472803 818.500000 0.026312 1.395236
0.472153 0.472870 818.600000 0.167699 1.425432
0.472100 0.472888 818.700000 0.295075 1.115732
0.472053 0.472891 818.800000 0.400921 0.995881
0.472010 0.472899 818.900000 0.503055 1.041704
0.471975 0.472892 819.000000 0.600794 0.908175
0.471946 0.472869 819.100000 0.684169 0.755166
0.471925 0.472895 819.200000 0.780819 1.172992
0.471918 0.472937 819.300000 0.903682 1.278124
0.471923 0.472935 819.400000 1.015760 0.957844
0.471941 0.472931 819.500000 1.110520 0.932620
0.471968 0.472884 819.600000 1.178375 0.421081
0.471999 0.472828 819.700000 1.209046 0.190809
0.472034 0.472774 819.800000 1.230545 0.238103
0.472072 0.472717 819.900000 1.247813 0.106391
0.472109 0.472660 820.000000 1.250594 -0.050909
0.472145 0.472606 820.100000 1.234877 -0.262659
0.472175 0.472559 820.200000 1.201102 -0.411148
0.472197 0.472531 820.300000 1.145419 -0.699721
0.472210 0.472515 820.400000 1.069158 -0.821688
0.472210 0.472526 820.500000 0.974827 -1.060221
0.472196 0.472593 820.600000 0.849807 -1.433929
0.472169 0.472662 820.700000 0.705691 -1.441177
0.472132 0.472669 820.800000 0.581994 -1.026581
0.472088 0.472694 820.900000 0.471977 -1.168263
0.472038 0.472800 821.000000 0.331360 -1.637049
0.471981 0.472992 821.100000 0.147832 -2.024328
0.471924 0.473185 821.200000 -0.055332 -2.028800
0.471870 0.473304 821.300000 -0.242407 -1.703352
0.471823 0.473409 821.400000 -0.409846 -1.637045
0.471785 0.473504 821.500000 -0.571066 -1.579294
0.471760 0.473570 821.600000 -0.721885 -1.429558
0.471747 0.473609 821.700000 -0.856716 -1.260307
0.471748 0.473631 821.800000 -0.977073 -1.140815
0.471761 0.473623 821.900000 -1.079524 -0.903080
0.471787 0.473612 822.000000 -1.168886 -0.879711
0.471824 0.473582 822.100000 -1.246774 -0.674138
0.471870 0.473541 822.200000 -1.306106 -0.509535
0.471921 0.473483 822.300000 -1.335269 -0.072266
0.471974 0.473426 822.400000 -1.343298 -0.087929
0.472025 0.473371 822.500000 -1.337508 0.203446
0.472074 0.473315 822.600000 -1.320449 0.136873
0.472118 0.473264 822.700000 -1.296409 0.342742
0.472157 0.473218 822.800000 -1.257921 0.425093
0.472190 0.473172 822.900000 -1.214985 0.431465
0.472215 0.473132 823.000000 -1.166604 0.533745
0.472231 0.473111 823.100000 -1.100707 0.780894
0.472236 0.473109 823.200000 -1.013898 0.950957
0.472229 0.473123 823.300000 -0.911541 1.091054
0.472211 0.473143 823.400000 -0.800383 1.126553
0.472183 0.473136 823.500000 -0.698254 0.910928
0.472148 0.473126 823.600000 -0.608345 0.882749
0.472108 0.473094 823.700000 -0.531517 0.649972
0.472064 0.473073 823.800000 -0.459982 0.777150
0.472015 0.473048 823.900000 -0.384475 0.729213
0.471964 0.473037 824.000000 -0.304226 0.871748
0.471909 0.473037 824.100000 -0.211764 0.972883
0.471853 0.473043 824.200000 -0.111864 1.020116
0.471795 0.473029 824.300000 -0.018069 0.851100
0.471738 0.472992 824.400000 0.053824 0.583170
0.471682 0.472958 824.500000 0.113779 0.612913
0.471627 0.472920 824.600000 0.172642 0.561416
0.471572 0.472869 824.700000 0.217536 0.334217
0.471519 0.472819 824.800000 0.251930 0.351947
0.471466 0.472764 824.900000 0.278846 0.185031
0.471415 0.472708 825.000000 0.295150 0.140224
0.471363 0.472651 825.100000 0.298141 -0.080560
0.471311 0.472594 825.200000 0.294149 0.000921
0.471259 0.472539 825.300000 0.283567 -0.212021
0.471206 0.472484 825.400000 0.263086 -0.196574
0.471152 0.472433 825.500000 0.236954 -0.324775
0.471098 0.472384 825.600000 0.203100 -0.350596
0.471042 0.472333 825.700000 0.169207 -0.325575
0.470986 0.472290 825.800000 0.128697 -0.482596
0.470930 0.472243 825.900000 0.083673 -0.415636
0.470873 0.472189 826.000000 0.052008 -0.216089
0.470816 0.472132 826.100000 0.042928 0.034944
0.470759 0.472082 826.200000 0.062569 0.356900
0.470703 0.472030 826.300000 0.095433 0.298743
0.470647 0.471984 826.400000 0.130989 0.410591
0.470592 0.471937 826.500000 0.172622 0.419992
0.470538 0.471895 826.600000 0.218651 0.498275
0.470485 0.471845 826.700000 0.260726 0.341122
0.470433 0.471788 826.800000 0.274938 -0.057596
0.470380 0.471735 826.900000 0.259537 -0.249641
0.470326 0.471688 827.000000 0.226689 -0.405680
0.470271 0.471667 827.100000 0.167489 -0.775371
0.470214 0.471654 827.200000 0.085952 -0.851280
0.470158 0.471653 827.300000 -0.005043 -0.964076
0.470101 0.471649 827.400000 -0.100417 -0.938642
0.470047 0.471649 827.500000 -0.195908 -0.966400
0.469996 0.471665 827.600000 -0.299652 -1.103283
0.469949 0.471693 827.700000 -0.414309 -1.184131
0.469910 0.471744 827.800000 -0.540758 -1.338533
0.469880 0.471769 827.900000 -0.666227 -1.164574
0.469859 0.471766 828.000000 -0.772123 -0.948042
0.469847 0.471752 828.100000 -0.861746 -0.839935
0.469845 0.471737 828.200000 -0.945677 -0.834493
0.469851 0.471709 828.300000 -1.022181 -0.691752
0.469866 0.471678 828.400000 -1.089548 -0.652226
0.469890 0.471648 828.500000 -1.156022 -0.673922
0.469924 0.471619 828.600000 -1.223785 -0.677964
0.469964 0.471566 828.700000 -1.269624 -0.236521
0.470007 0.471509 828.800000 -1.284900 -0.068237
0.470052 0.471454 828.900000 -1.298113 -0.195348
0.470099 0.471398 829.000000 -1.310598 -0.053744
0.470145 0.471342 829.100000 -1.307346 0.118633
0.470188 0.471293 829.200000 -1.283287 0.361347
0.470222 0.471266 829.300000 -1.229696 0.707784
0.470246 0.471246 829.400000 -1.155247 0.777467
0.470259 0.471230 829.500000 -1.075114 0.821192
0.470262 0.471214 829.600000 -0.992644 0.824091
0.470255 0.471199 829.700000 -0.909378 0.837061
0.470240 0.471173 829.800000 -0.831855 0.709530
0.470218 0.471156 829.900000 -0.755263 0.818469
0.470188 0.471152 830.000000 -0.667553 0.931353
0.470152 0.471133 830.100000 -0.581228 0.790830
0.470110 0.471106 830.200000 -0.506266 0.704665
0.470065 0.471091 830.300000 -0.429107 0.834660
0.470015 0.471090 830.400000 -0.339099 0.960986
0.469962 0.471102 830.500000 -0.237405 1.067815
0.469906 0.471142 830.600000 -0.120268 1.269068
0.469850 0.471164 830.700000 0.000552 1.141285
0.469794 0.471195 830.800000 0.118406 1.209917
0.469741 0.471213 830.900000 0.234853 1.113182
0.469691 0.471226 831.000000 0.344696 1.078191
0.469646 0.471205 831.100000 0.437058 0.764428
0.469605 0.471174 831.200000 0.508148 0.653822
0.469568 0.471135 831.300000 0.568584 0.551878
0.469535 0.471089 831.400000 0.616705 0.408141
0.469503 0.471033 831.500000 0.642228 0.101036
0.469472 0.470976 831.600000 0.650567 0.065324
0.469442 0.470920 831.700000 0.658225 0.087463
0.469412 0.470864 831.800000 0.663605 0.019858
0.469381 0.470810 831.900000 0.653430 -0.222833
0.469348 0.470760 832.000000 0.625414 -0.336103
0.469312 0.470715 832.100000 0.586956 -0.431134
0.469273 0.470676 832.200000 0.537784 -0.549833
0.469231 0.470647 832.300000 0.476275 -0.677271
0.469184 0.470627 832.400000 0.403361 -0.777372
0.469134 0.470607 832.500000 0.325206 -0.781821
0.469081 0.470581 832.600000 0.250616 -0.706254
0.469027 0.470542 832.700000 0.187601 -0.550891
0.468972 0.470525 832.800000 0.119631 -0.805105
0.468916 0.470499 832.900000 0.043414 -0.715418
0.468859 0.470470 833.000000 -0.026091 -0.671214
0.468804 0.470433 833.100000 -0.088465 -0.573144
0.468748 0.470392 833.200000 -0.142775 -0.510355
0.468694 0.470347 833.300000 -0.190584 -0.443430
0.468642 0.470309 833.400000 -0.239921 -0.540829
0.468590 0.470262 833.500000 -0.287330 -0.404985
0.468540 0.470206 833.600000 -0.302972 0.092930
0.468489 0.470151 833.700000 -0.290553 0.154823
0.468437 0.470104 833.800000 -0.263009 0.394681
0.468383 0.470066 833.900000 -0.215811 0.546915
0.468329 0.470029 834.000000 -0.159824 0.570017
0.468273 0.469979 834.100000 -0.115175 0.320744
0.468217 0.469934 834.200000 -0.077356 0.433739
0.468161 0.469885 834.300000 -0.038073 0.349958
0.468105 0.469850 834.400000 0.009442 0.597973
0.468049 0.469813 834.500000 0.068190 0.574042
0.467994 0.469773 834.600000 0.122993 0.519273
0.467940 0.469720 834.700000 0.161008 0.239123
0.467886 0.469671 834.800000 0.190620 0.351640
0.467833 0.469625 834.900000 0.228581 0.405689
0.467781 0.469582 835.000000 0.272715 0.474788
0.467732 0.469544 835.100000 0.324168 0.551691
0.467684 0.469498 835.200000 0.371893 0.400430
0.467638 0.469454 835.300000 0.415131 0.462155
0.467595 0.469413 835.400000 0.463316 0.499133
0.467555 0.469368 835.500000 0.510322 0.438652
0.467516 0.469312 835.600000 0.535178 0.057226
0.467477 0.469257 835.700000 0.531158 -0.137425
0.467437 0.469204 835.800000 0.513679 -0.211288
0.467395 0.469152 835.900000 0.489461 -0.271857
0.467352 0.469105 836.000000 0.456316 -0.389389
0.467306 0.469062 836.100000 0.412999 -0.474796
0.467259 0.469009 836.200000 0.378365 -0.216137
0.467210 0.468960 836.300000 0.350970 -0.330396
0.467160 0.468921 836.400000 0.306970 -0.547401
0.467108 0.468886 836.500000 0.250017 -0.588822
0.467054 0.468849 836.600000 0.192134 -0.565937
0.467000 0.468805 836.700000 0.141257 -0.449052
0.466944 0.468759 836.800000 0.098147 -0.410999
0.466889 0.468714 836.900000 0.056230 -0.425241
0.466833 0.468666 837.000000 0.016743 -0.362537
0.466777 0.468628 837.100000 -0.029144 -0.552900
0.466722 0.468598 837.200000 -0.089766 -0.656521
0.466668 0.468560 837.300000 -0.150511 -0.555332
0.466614 0.468517 837.400000 -0.201042 -0.452765
0.466562 0.468462 837.500000 -0.230805 -0.141002
0.466510 0.468406 837.600000 -0.241292 -0.068222
0.466458 0.468350 837.700000 -0.245570 -0.017124
0.466406 0.468295 837.800000 -0.244715 0.034193
0.466353 0.468239 837.900000 -0.239015 0.079524
0.466301 0.468184 838.000000 -0.227716 0.145882
0.466248 0.468130 838.100000 -0.212319 0.161294
0.466194 0.468081 838.200000 -0.188009 0.323686
0.466140 0.468026 838.300000 -0.165836 0.118657
0.466086 0.467974 838.400000 -0.146305 0.270986
0.466031 0.467918 838.500000 -0.131658 0.021224
0.465977 0.467863 838.600000 -0.125308 0.105463
0.465922 0.467809 838.700000 -0.112938 0.141315
0.465867 0.467754 838.800000 -0.097587 0.164938
0.465812 0.467699 838.900000 -0.089607 -0.005736
0.465757 0.467643 839.000000 -0.086958 0.058583
0.465702 0.467589 839.100000 -0.077040 0.139278
0.465647 0.467533 839.200000 -0.065895 0.083064
0.465591 0.467478 839.300000 -0.066231 -0.089758
0.465536 0.467424 839.400000 -0.077646 -0.137971
0.465481 0.467368 839.500000 -0.085565 -0.020016
0.465426 0.467314 839.600000 -0.093951 -0.147279
0.465372 0.467264 839.700000 -0.117799 -0.328485
0.465318 0.467225 839.800000 -0.160575 -0.524907
0.465265 0.467173 839.900000 -0.199067 -0.243011
0.465212 0.467118 840.000000 -0.214694 -0.068740
0.465160 0.467062 840.100000 -0.216385 0.035007
0.465107 0.467007 840.200000 -0.213407 0.024408
0.465054 0.466957 840.300000 -0.196885 0.305190
0.465000 0.466906 840.400000 -0.166855 0.293917
0.464946 0.466859 840.500000 -0.133502 0.371484
0.464891 0.466812 840.600000 -0.095848 0.379702
0.464836 0.466768 840.700000 -0.054176 0.451658
0.464781 0.466735 840.800000 -0.001085 0.607512
0.464726 0.466714 840.900000 0.067464 0.760038
0.464672 0.466689 841.000000 0.141394 0.714855
0.464619 0.466647 841.100000 0.201521 0.484674
0.464567 0.466600 841.200000 0.244286 0.368507
0.464516 0.466546 841.300000 0.270181 0.148083
0.464466 0.466490 841.400000 0.280879 0.065358
0.464415 0.466436 841.500000 0.276225 -0.158217
0.464364 0.466382 841.600000 0.262287 -0.119842
0.464313 0.466328 841.700000 0.263325 0.140557
0.464262 0.466272 841.800000 0.271051 0.013566
0.464211 0.466217 841.900000 0.269265 -0.049185
0.464161 0.466162 842.000000 0.270809 0.079976
0.464110 0.466108 842.100000 0.283305 0.169321
0.464061 0.466055 842.200000 0.301650 0.196654
0.464012 0.466001 842.300000 0.317494 0.119442
0.463963 0.465946 842.400000 0.326605 0.062323
0.463914 0.465892 842.500000 0.321631 -0.161548
0.463864 0.465844 842.600000 0.295891 -0.351972
0.463813 0.465814 842.700000 0.245769 -0.647959
0.463759 0.465785 842.800000 0.179579 -0.672537
0.463705 0.465747 842.900000 0.119179 -0.532444
0.463651 0.465709 843.000000 0.065765 -0.533159
0.463596 0.465670 843.100000 0.012490 -0.529690
0.463541 0.465626 843.200000 -0.035845 -0.434585
0.463486 0.465584 843.300000 -0.080953 -0.465316
0.463432 0.465543 843.400000 -0.129254 -0.498300
0.463379 0.465512 843.500000 -0.186301 -0.639773
0.463328 0.465484 843.600000 -0.252479 -0.680478
0.463280 0.465468 843.700000 -0.327249 -0.811193
0.463234 0.465448 843.800000 -0.406571 -0.771281
0.463193 0.465419 843.900000 -0.478173 -0.657166
0.463155 0.465378 844.000000 -0.536020 -0.496895
0.463121 0.465342 844.100000 -0.589579 -0.571592
0.463091 0.465300 844.200000 -0.641726 -0.468755
0.463064 0.465267 844.300000 -0.695577 -0.605563
0.463043 0.465226 844.400000 -0.750120 -0.482567
0.463025 0.465176 844.500000 -0.789621 -0.305479
0.463008 0.465121 844.600000 -0.803268 0.033211
0.462992 0.465067 844.700000 -0.807952 -0.126663
0.462976 0.465013 844.800000 -0.807756 0.130576
0.462959 0.464958 844.900000 -0.797700 0.070043
0.462942 0.464903 845.000000 -0.796539 -0.046881
0.462926 0.464852 845.100000 -0.810681 -0.235246
0.462912 0.464799 845.200000 -0.832699 -0.204009
0.462899 0.464744 845.300000 -0.842317 0.012130
0.462887 0.464689 845.400000 -0.844460 -0.054897
0.462875 0.464635 845.500000 -0.850550 -0.066593
0.462863 0.464580 845.600000 -0.858208 -0.086180
0.462853 0.464525 845.700000 -0.864820 -0.045738
0.462842 0.464470 845.800000 -0.865440 0.033370
0.462832 0.464416 845.900000 -0.861946 0.036336
0.462820 0.464361 846.000000 -0.855016 0.101922
0.462806 0.464318 846.100000 -0.828223 0.432606
0.462787 0.464284 846.200000 -0.776638 0.596501
0.462763 0.464245 846.300000 -0.720819 0.517097
0.462735 0.464202 846.400000 -0.671856 0.459713
0.462703 0.464164 846.500000 -0.622268 0.529566
0.462667 0.464134 846.600000 -0.563020 0.652433
0.462627 0.464105 846.700000 -0.497263 0.659427
0.462583 0.464087 846.800000 -0.424524 0.791717
0.462535 0.464077 846.900000 -0.341493 0.864738
0.462485 0.464053 847.000000 -0.261786 0.725423
0.462432 0.464023 847.100000 -0.192748 0.651886
0.462379 0.463982 847.200000 -0.136404 0.472179
0.462325 0.463944 847.300000 -0.085879 0.535781
0.462270 0.463909 847.400000 -0.029606 0.586880
0.462216 0.463874 847.500000 0.028383 0.569990
0.462162 0.463847 847.600000 0.091106 0.681344
0.462109 0.463801 847.700000 0.144792 0.389690
0.462056 0.463767 847.800000 0.194478 0.601552
0.462006 0.463754 847.900000 0.266311 0.831506
0.461959 0.463750 848.000000 0.354894 0.935728
0.461916 0.463753 848.100000 0.451156 0.984702
0.461879 0.463737 848.200000 0.541184 0.811347
0.461846 0.463694 848.300000 0.604069 0.443206
0.461816 0.463644 848.400000 0.639881 0.271246
0.461788 0.463591 848.500000 0.662774 0.185482
0.461759 0.463537 848.600000 0.667509 -0.091021
0.461730 0.463485 848.700000 0.653055 -0.197348
0.461699 0.463440 848.800000 0.622582 -0.410593
0.461663 0.463415 848.900000 0.566654 -0.705164
0.461624 0.463377 849.000000 0.504147 -0.541854
0.461581 0.463358 849.100000 0.438423 -0.769330
0.461534 0.463334 849.200000 0.363284 -0.729705
0.461484 0.463328 849.300000 0.281178 -0.908311
0.461432 0.463326 849.400000 0.188522 -0.940180
0.461378 0.463331 849.500000 0.091079 -1.003799
0.461324 0.463337 849.600000 -0.010395 -1.020599
0.461270 0.463313 849.700000 -0.097660 -0.720355
0.461218 0.463321 849.800000 -0.185333 -1.028717
0.461169 0.463326 849.900000 -0.287078 -1.001088
0.461123 0.463344 850.000000 -0.393116 -1.114372
0.461085 0.463382 850.100000 -0.511935 -1.256064
0.461054 0.463413 850.200000 -0.635136 -1.201803
0.461033 0.463436 850.300000 -0.752988 -1.149337
0.461023 0.463454 850.400000 -0.866216 -1.109562
0.461024 0.463452 850.500000 -0.969269 -0.946350
0.461036 0.463442 850.600000 -1.060299 -0.869698
0.461057 0.463404 850.700000 -1.130712 -0.535035
0.461084 0.463360 850.800000 -1.178093 -0.410222
0.461116 0.463309 850.900000 -1.211112 -0.248506
0.461152 0.463257 851.000000 -1.234510 -0.218294
0.461189 0.463203 851.100000 -1.246526 -0.021421
0.461228 0.463152 851.200000 -1.258978 -0.226995
0.461270 0.463100 851.300000 -1.282138 -0.235037
0.461316 0.463050 851.400000 -1.306373 -0.248458
0.461365 0.462997 851.500000 -1.327760 -0.178209
0.461418 0.462947 851.600000 -1.350692 -0.279285
0.461475 0.462896 851.700000 -1.375738 -0.220381
0.461534 0.462842 851.800000 -1.384948 0.036640
0.461590 0.462792 851.900000 -1.369685 0.267846
0.461641 0.462744 852.000000 -1.338816 0.348002
0.461685 0.462708 852.100000 -1.293900 0.548065
0.461720 0.462681 852.200000 -1.232267 0.681522
0.461743 0.462674 852.300000 -1.153162 0.896624
0.461755 0.462669 852.400000 -1.062067 0.920710
0.461757 0.462653 852.500000 -0.975446 0.807383
0.461749 0.462649 852.600000 -0.888656 0.924068
0.461732 0.462660 852.700000 -0.789333 1.057437
0.461704 0.462714 852.800000 -0.668212 1.358918
0.461666 0.462787 852.900000 -0.526359 1.471062
0.461621 0.462825 853.000000 -0.389736 1.254560
0.461571 0.462847 853.100000 -0.269481 1.144520
0.461518 0.462869 853.200000 -0.154904 1.141299
0.461464 0.462917 853.300000 -0.031589 1.318829
0.461411 0.462980 853.400000 0.105557 1.417233
0.461360 0.463051 853.500000 0.249876 1.461939
0.461315 0.463101 853.600000 0.389989 1.333319
0.461278 0.463197 853.700000 0.537087 1.601281
0.461251 0.463244 853.800000 0.683362 1.316902
0.461236 0.463274 853.900000 0.809512 1.199791
0.461233 0.463335 854.000000 0.939894 1.401329
0.461248 0.463407 854.100000 1.083712 1.467853
0.461282 0.463455 854.200000 1.223450 1.319911
0.461334 0.463479 854.300000 1.347597 1.156815
0.461403 0.463466 854.400000 1.447773 0.841710
0.461486 0.463453 854.500000 1.531984 0.838296
0.461580 0.463404 854.600000 1.589311 0.305369
0.461678 0.463353 854.700000 1.615991 0.226895
0.461781 0.463301 854.800000 1.638124 0.214654
0.461888 0.463248 854.900000 1.655769 0.137375
0.461995 0.463194 855.000000 1.662951 0.005898
0.462101 0.463142 855.100000 1.653457 -0.195303
0.462201 0.463100 855.200000 1.620631 -0.459574
0.462290 0.463068 855.300000 1.567360 -0.603171
0.462366 0.463067 855.400000 1.489203 -0.956058
0.462424 0.463079 855.500000 1.388054 -1.061864
0.462464 0.463137 855.600000 1.265205 -1.388989
0.462483 0.463217 855.700000 1.119823 -1.511374
0.462482 0.463344 855.800000 0.955641 -1.764066
0.462464 0.463465 855.900000 0.780525 -1.729488
0.462432 0.463583 856.000000 0.607806 -1.716256
0.462388 0.463759 856.100000 0.422265 -1.985285
0.462337 0.463993 856.200000 0.211389 -2.221698
0.462283 0.464217 856.300000 -0.009435 -2.183737
0.462231 0.464375 856.400000 -0.214472 -1.906751
0.462186 0.464485 856.500000 -0.394173 -1.678277
0.462151 0.464575 856.600000 -0.556886 -1.567849
0.462126 0.464635 856.700000 -0.705769 -1.402378
0.462113 0.464686 856.800000 -0.843460 -1.344550
0.462115 0.464719 856.900000 -0.972149 -1.222798
0.462131 0.464756 857.000000 -1.096112 -1.250273
0.462162 0.464767 857.100000 -1.211512 -1.051956
0.462210 0.464775 857.200000 -1.315968 -1.031932
0.462271 0.464752 857.300000 -1.404596 -0.736204
0.462343 0.464715 857.400000 -1.469030 -0.549243
0.462422 0.464665 857.500000 -1.510101 -0.270124
0.462503 0.464611 857.600000 -1.523861 -0.004389
0.462583 0.464560 857.700000 -1.513290 0.215274
0.462657 0.464514 857.800000 -1.484095 0.367169
0.462722 0.464497 857.900000 -1.425471 0.802387
0.462772 0.464491 858.000000 -1.339790 0.906947
0.462808 0.464505 858.100000 -1.239907 1.085714
0.462828 0.464523 858.200000 -1.129692 1.113073
0.462834 0.464552 858.300000 -1.013972 1.195539
0.462826 0.464611 858.400000 -0.884294 1.391549
0.462805 0.464660 858.500000 -0.748002 1.327466
0.462772 0.464741 858.600000 -0.605097 1.523488
0.462730 0.464821 858.700000 -0.452438 1.522055
0.462681 0.464899 858.800000 -0.300889 1.501356
0.462629 0.464993 858.900000 -0.145574 1.597177
0.462575 0.465127 859.000000 0.024723 1.800253
0.462524 0.465255 859.100000 0.203606 1.768468
0.462478 0.465354 859.200000 0.373492 1.620751
0.462439 0.465380 859.300000 0.513745 1.177289
0.462408 0.465377 859.400000 0.619758 0.937683
0.462383 0.465347 859.500000 0.698959 0.642371
0.462363 0.465320 859.600000 0.765177 0.678667
0.462349 0.465286 859.700000 0.828444 0.583525
0.462341 0.465250 859.800000 0.885826 0.561248
0.462337 0.465201 859.900000 0.928362 0.287330
0.462336 0.465147 860.000000 0.948513 0.114691
0.462333 0.465101 860.100000 0.936259 -0.359152
0.462327 0.465049 860.200000 0.907499 -0.214611
0.462318 0.465002 860.300000 0.879785 -0.338285
0.462305 0.464965 860.400000 0.835871 -0.537812
0.462288 0.464915 860.500000 0.795109 -0.275377
0.462270 0.464861 860.600000 0.778567 -0.054641
0.462250 0.464810 860.700000 0.764595 -0.224096
0.462228 0.464758 860.800000 0.743223 -0.202291
0.462204 0.464713 860.900000 0.713950 -0.381697
0.462177 0.464670 861.000000 0.672630 -0.442633
0.462146 0.464634 861.100000 0.622864 -0.550199
0.462110 0.464606 861.200000 0.561831 -0.667420
0.462071 0.464569 861.300000 0.501601 -0.534172
0.462029 0.464534 861.400000 0.446183 -0.571416
0.461984 0.464514 861.500000 0.378796 -0.772954
0.461935 0.464543 861.600000 0.280140 -1.195234
0.461883 0.464575 861.700000 0.159385 -1.213812
0.461829 0.464603 861.800000 0.038927 -1.189343
0.461776 0.464624 861.900000 -0.077773 -1.138822
0.461725 0.464640 862.000000 -0.189915 -1.098395
0.461677 0.464689 862.100000 -0.311459 -1.326416
0.461634 0.464727 862.200000 -0.441296 -1.263822
0.461599 0.464743 862.300000 -0.559504 -1.094433
0.461572 0.464765 862.400000 -0.671898 -1.147821
0.461553 0.464760 862.500000 -0.775495 -0.918941
0.461543 0.464752 862.600000 -0.866102 -0.888682
0.461541 0.464721 862.700000 -0.942175 -0.628977
0.461545 0.464681 862.800000 -0.997623 -0.477205
0.461554 0.464636 862.900000 -1.040959 -0.387348
0.461567 0.464583 863.000000 -1.066477 -0.121725
0.461580 0.464529 863.100000 -1.069991 0.051620
0.461592 0.464475 863.200000 -1.064536 0.057206
0.461603 0.464422 863.300000 -1.057888 0.075409
0.461612 0.464373 863.400000 -1.039917 0.283108
0.461616 0.464348 863.500000 -0.989895 0.714838
0.461609 0.464355 863.600000 -0.902819 1.022331
0.461592 0.464390 863.700000 -0.789464 1.239109
0.461564 0.464433 863.800000 -0.662763 1.288576
0.461527 0.464467 863.900000 -0.536267 1.235020
0.461484 0.464506 864.000000 -0.410818 1.267671
0.461435 0.464559 864.100000 -0.279419 1.353739
0.461382 0.464612 864.200000 -0.143362 1.360615
0.461329 0.464659 864.300000 -0.008982 1.320254
0.461277 0.464720 864.400000 0.127889 1.410316
0.461227 0.464771 864.500000 0.265946 1.343927
0.461183 0.464822 864.600000 0.400802 1.346452
0.461147 0.464877 864.700000 0.536918 1.369057
0.461119 0.464917 864.800000 0.669335 1.272674
0.461103 0.464972 864.900000 0.801901 1.372013
0.461101 0.465038 865.000000 0.942780 1.438516
0.461114 0.465042 865.100000 1.065299 1.005746
0.461138 0.465036 865.200000 1.161249 0.908463
0.461175 0.465026 865.300000 1.250151 0.865133
0.461223 0.464992 865.400000 1.323099 0.590180
0.461280 0.464954 865.500000 1.378848 0.522002
0.461342 0.464902 865.600000 1.414292 0.185111
0.461405 0.464849 865.700000 1.421735 -0.036628
0.461467 0.464796 865.800000 1.413864 -0.120404
0.461526 0.464749 865.900000 1.390898 -0.337769
0.461577 0.464710 866.000000 1.348279 -0.512462
0.461622 0.464667 866.100000 1.301022 -0.430316
0.461661 0.464619 866.200000 1.265055 -0.287243
0.461694 0.464579 866.300000 1.226307 -0.485767
0.461721 0.464541 866.400000 1.175525 -0.527333
0.461741 0.464498 866.500000 1.127452 -0.431720
0.461756 0.464453 866.600000 1.087026 -0.374787
0.461766 0.464408 866.700000 1.049055 -0.382735
0.461771 0.464367 866.800000 1.006512 -0.465998
0.461770 0.464339 866.900000 0.949604 -0.669308
0.461761 0.464329 867.000000 0.872434 -0.870244
0.461744 0.464306 867.100000 0.792229 -0.729846
0.461720 0.464285 867.200000 0.717988 -0.751261
0.461691 0.464256 867.300000 0.647648 -0.652023
0.461657 0.464242 867.400000 0.573319 -0.830827
0.461618 0.464212 867.500000 0.500025 -0.631391
0.461576 0.464183 867.600000 0.435246 -0.660964
0.461530 0.464155 867.700000 0.368795 -0.664727
0.461482 0.464133 867.800000 0.298433 -0.738989
0.461432 0.464093 867.900000 0.237336 -0.479910
0.461381 0.464058 868.000000 0.184771 -0.568758
0.461329 0.464022 868.100000 0.128841 -0.547036
0.461276 0.463975 868.200000 0.084570 -0.336177
0.461223 0.463922 868.300000 0.066019 -0.033921
0.461171 0.463869 868.400000 0.070640 0.126120
0.461118 0.463823 868.500000 0.059987 -0.338643
0.461065 0.463774 868.600000 0.027949 -0.300526
0.461012 0.463723 868.700000 0.004283 -0.171614
0.460958 0.463670 868.800000 -0.010371 -0.120735
0.460905 0.463619 868.900000 -0.026244 -0.195927
0.460853 0.463567 869.000000 -0.045014 -0.178525
0.460800 0.463516 869.100000 -0.061807 -0.156491
0.460747 0.463466 869.200000 -0.082755 -0.261430
0.460695 0.463416 869.300000 -0.108076 -0.243725
0.460643 0.463366 869.400000 -0.131157 -0.216735
0.460591 0.463314 869.500000 -0.150162 -0.162428
0.460540 0.463273 869.600000 -0.181457 -0.461897
0.460490 0.463235 869.700000 -0.230685 -0.520198
0.460442 0.463191 869.800000 -0.276671 -0.397231
0.460394 0.463142 869.900000 -0.310116 -0.269995
0.460348 0.463092 870.000000 -0.336301 -0.252393
0.460302 0.463042 870.100000 -0.338754 0.203453
0.460255 0.462989 870.200000 -0.321604 0.138699
0.460208 0.462938 870.300000 -0.323182 -0.170178
0.460161 0.462885 870.400000 -0.330440 0.025363
0.460114 0.462832 870.500000 -0.324375 0.095642
0.460067 0.462782 870.600000 -0.308545 0.220176
0.460019 0.462731 870.700000 -0.288154 0.186608
0.459970 0.462679 870.800000 -0.271321 0.149222
0.459921 0.462640 870.900000 -0.238715 0.501270
0.459870 0.462609 871.000000 -0.182616 0.617892
0.459818 0.462581 871.100000 -0.118415 0.662924
0.459765 0.462556 871.200000 -0.049938 0.703188
0.459713 0.462550 871.300000 0.030811 0.907762
0.459661 0.462535 871.400000 0.116674 0.805198
0.459610 0.462532 871.500000 0.203957 0.936113
0.459562 0.462524 871.600000 0.295421 0.888579
0.459518 0.462517 871.700000 0.384738 0.893307
0.459478 0.462487 871.800000 0.461624 0.640555
0.459442 0.462478 871.900000 0.537686 0.876890
0.459411 0.462466 872.000000 0.624048 0.846028
0.459388 0.462457 872.100000 0.710136 0.871433
0.459371 0.462439 872.200000 0.793103 0.783761
0.459361 0.462412 872.300000 0.866029 0.671117
0.459359 0.462385 872.400000 0.933291 0.670745
0.459362 0.462344 872.500000 0.989779 0.456190
0.459371 0.462302 872.600000 1.034743 0.440844
0.459382 0.462249 872.700000 1.053321 -0.070200
0.459390 0.462202 872.800000 1.034094 -0.313386
0.459394 0.462165 872.900000 0.991574 -0.534885
0.459391 0.462132 873.000000 0.935054 -0.592685
0.459383 0.462101 873.100000 0.874453 -0.616315
0.459368 0.462070 873.200000 0.812733 -0.614992
0.459348 0.462037 873.300000 0.752572 -0.585224
0.459323 0.462000 873.400000 0.696840 -0.526624
0.459294 0.461958 873.500000 0.648116 -0.445434
0.459264 0.461907 873.600000 0.617001 -0.175302
0.459232 0.461855 873.700000 0.603222 -0.099581
0.459200 0.461802 873.800000 0.595961 -0.045293
0.459167 0.461749 873.900000 0.591286 -0.047954
0.459134 0.461697 874.000000 0.584990 -0.077668
0.459100 0.461650 874.100000 0.564220 -0.336683
0.459063 0.461614 874.200000 0.520709 -0.531354
0.459023 0.461571 874.300000 0.473311 -0.414249
0.458981 0.461524 874.400000 0.436263 -0.324856
0.458938 0.461480 874.500000 0.400171 -0.395180
0.458893 0.461443 874.600000 0.354452 -0.516920
0.458845 0.461415 874.700000 0.295519 -0.658777
0.458796 0.461413 874.800000 0.215027 -0.947042
0.458744 0.461400 874.900000 0.125845 -0.832145
0.458692 0.461383 875.000000 0.044805 -0.784606
0.458639 0.461370 875.100000 -0.036437 -0.836165
0.458588 0.461359 875.200000 -0.121201 -0.854876
0.458538 0.461352 875.300000 -0.208965 -0.896017
0.458490 0.461322 875.400000 -0.285859 -0.638028
0.458445 0.461292 875.500000 -0.349267 -0.626957
0.458402 0.461271 875.600000 -0.418140 -0.747069
0.458364 0.461238 875.700000 -0.484801 -0.582816
0.458329 0.461220 875.800000 -0.552803 -0.773820
0.458299 0.461195 875.900000 -0.626883 -0.704075
0.458273 0.461151 876.000000 -0.681088 -0.377310
0.458250 0.461101 876.100000 -0.711100 -0.221441
0.458228 0.461049 876.200000 -0.728788 -0.131420
0.458206 0.460997 876.300000 -0.734853 0.010411
0.458185 0.460945 876.400000 -0.742063 -0.154239
0.458165 0.460893 876.500000 -0.751587 -0.035777
0.458145 0.460841 876.600000 -0.749214 0.083135
0.458124 0.460789 876.700000 -0.741316 0.074417
0.458102 0.460739 876.800000 -0.727009 0.211021
0.458078 0.460692 876.900000 -0.699751 0.332774
0.458050 0.460651 877.000000 -0.660882 0.442654
0.458020 0.460612 877.100000 -0.614527 0.482129
0.457985 0.460590 877.200000 -0.553706 0.731257
0.457946 0.460556 877.300000 -0.488027 0.579041
0.457904 0.460536 877.400000 -0.421440 0.749358
0.457859 0.460519 877.500000 -0.344434 0.786906
0.457811 0.460500 877.600000 -0.266325 0.771372
0.457760 0.460486 877.700000 -0.186621 0.818726
0.457709 0.460459 877.800000 -0.112060 0.668775
0.457657 0.460432 877.900000 -0.044572 0.677606
0.457605 0.460400 878.000000 0.019421 0.599059
0.457553 0.460386 878.100000 0.090364 0.816257
0.457503 0.460353 878.200000 0.160929 0.591506
0.457453 0.460313 878.300000 0.213135 0.450003
0.457405 0.460265 878.400000 0.250487 0.295169
0.457357 0.460213 878.500000 0.269807 0.090272
0.457309 0.460163 878.600000 0.284541 0.203670
0.457262 0.460111 878.700000 0.296853 0.041961
0.457215 0.460059 878.800000 0.295551 -0.067944
0.457168 0.460008 878.900000 0.283301 -0.176436
0.457119 0.459964 879.000000 0.255604 -0.376131
0.457070 0.459929 879.100000 0.208908 -0.555451
0.457019 0.459884 879.200000 0.163484 -0.350765
0.456968 0.459837 879.300000 0.129845 -0.320325
0.456917 0.459795 879.400000 0.093347 -0.407818
0.456865 0.459748 879.500000 0.056844 -0.320423
0.456813 0.459704 879.600000 0.021991 -0.374890
0.456761 0.459673 879.700000 -0.027655 -0.615536
0.456710 0.459649 879.800000 -0.093872 -0.705503
0.456660 0.459629 879.900000 -0.166693 -0.747276
0.456611 0.459612 880.000000 -0.243810 -0.791203
0.456565 0.459581 880.100000 -0.313880 -0.606700
0.456521 0.459553 880.200000 -0.377233 -0.657190
0.456480 0.459528 880.300000 -0.444645 -0.687670
0.456444 0.459514 880.400000 -0.520094 -0.817537
0.456412 0.459483 880.500000 -0.591920 -0.615406
0.456385 0.459470 880.600000 -0.664523 -0.833008
0.456365 0.459450 880.700000 -0.743681 -0.746208
0.456351 0.459423 880.800000 -0.814785 -0.672318
0.456343 0.459400 880.900000 -0.884369 -0.715870
0.456344 0.459379 881.000000 -0.957559 -0.744279
0.456352 0.459356 881.100000 -1.030902 -0.718910
0.456370 0.459346 881.200000 -1.109996 -0.859014
0.456400 0.459342 881.300000 -1.199337 -0.923345
0.456442 0.459328 881.400000 -1.286491 -0.815377
0.456495 0.459297 881.500000 -1.358073 -0.612684
0.456557 0.459263 881.600000 -1.416624 -0.555414
0.456627 0.459219 881.700000 -1.464091 -0.391540
0.456701 0.459168 881.800000 -1.490526 -0.135848
0.456775 0.459117 881.900000 -1.489688 0.152580
0.456846 0.459068 882.000000 -1.472345 0.193394
0.456913 0.459021 882.100000 -1.446864 0.314968
0.456974 0.458977 882.200000 -1.412527 0.370042
0.457029 0.458939 882.300000 -1.369153 0.495286
0.457074 0.458911 882.400000 -1.311497 0.654937
0.457109 0.458907 882.500000 -1.232593 0.919209
0.457129 0.458930 882.600000 -1.128738 1.152688
0.457136 0.458950 882.700000 -1.014703 1.122321
0.457128 0.459006 882.800000 -0.889013 1.385191
0.457107 0.459116 882.900000 -0.734755 1.692253
0.457073 0.459251 883.000000 -0.558934 1.815378
0.457030 0.459363 883.100000 -0.382584 1.702795
0.456980 0.459503 883.200000 -0.204862 1.842771
0.456929 0.459626 883.300000 -0.024425 1.756950
0.456878 0.459785 883.400000 0.160470 1.931705
0.456833 0.459887 883.500000 0.340053 1.650962
0.456796 0.459957 883.600000 0.496272 1.465614
0.456767 0.460025 883.700000 0.642874 1.459091
0.456750 0.460071 883.800000 0.781829 1.313062
0.456746 0.460118 883.900000 0.913956 1.322878
0.456755 0.460133 884.000000 1.034811 1.088178
0.456776 0.460135 884.100000 1.138279 0.976013
0.456810 0.460129 884.200000 1.232632 0.906315
0.456856 0.460098 884.300000 1.308433 0.605916
0.456909 0.460057 884.400000 1.360999 0.442784
0.456967 0.460009 884.500000 1.397301 0.281436
0.457029 0.459958 884.600000 1.418709 0.145652
0.457093 0.459906 884.700000 1.427346 0.026654
0.457155 0.459856 884.800000 1.421144 -0.150369
0.457214 0.459811 884.900000 1.395671 -0.357827
0.457265 0.459773 885.000000 1.352519 -0.503045
0.457308 0.459751 885.100000 1.291331 -0.717657
0.457341 0.459722 885.200000 1.222966 -0.646229
0.457362 0.459731 885.300000 1.138679 -1.035291
0.457372 0.459733 885.400000 1.037482 -0.983593
0.457369 0.459760 885.500000 0.929262 -1.175391
0.457354 0.459803 885.600000 0.805279 -1.298078
0.457328 0.459830 885.700000 0.680769 -1.185899
0.457295 0.459836 885.800000 0.570856 -1.006866
0.457256 0.459834 885.900000 0.473127 -0.942816
0.457212 0.459862 886.000000 0.366290 -1.188584
0.457164 0.459874 886.100000 0.253172 -1.068135
0.457113 0.459902 886.200000 0.140183 -1.185985
0.457062 0.459925 886.300000 0.022998 -1.151851
0.457011 0.459946 886.400000 -0.091960 -1.141577
0.456961 0.459946 886.500000 -0.197216 -0.958272
0.456915 0.459941 886.600000 -0.291118 -0.915082
0.456871 0.459933 886.700000 -0.380992 -0.877890
0.456832 0.459906 886.800000 -0.458551 -0.669425
0.456796 0.459885 886.900000 -0.528891 -0.733848
0.456765 0.459858 887.000000 -0.599112 -0.667072
0.456738 0.459834 887.100000 -0.667542 -0.698096
0.456719 0.459839 887.200000 -0.752990 -1.006603
0.456708 0.459845 887.300000 -0.854009 -1.008716
0.456706 0.459817 887.400000 -0.937606 -0.659044
0.456711 0.459778 887.500000 -0.994700 -0.479984
0.456719 0.459731 887.600000 -1.032888 -0.281867
0.456732 0.459688 887.700000 -1.066853 -0.395723
0.456749 0.459641 887.800000 -1.100786 -0.281256
0.456769 0.459592 887.900000 -1.125726 -0.216282
0.456791 0.459542 888.000000 -1.145719 -0.182577
0.456816 0.459492 888.100000 -1.165189 -0.205854
0.456843 0.459442 888.200000 -1.181455 -0.118651
0.456871 0.459390 888.300000 -1.183750 0.072860
0.456896 0.459343 888.400000 -1.166072 0.279818
0.456916 0.459303 888.500000 -1.128647 0.466811
0.456931 0.459260 888.600000 -1.086241 0.379186
0.456941 0.459220 888.700000 -1.044132 0.460887
0.456945 0.459186 888.800000 -0.993200 0.555200
0.456942 0.459174 888.900000 -0.923081 0.843691
0.456930 0.459151 889.000000 -0.845371 0.706616
0.456912 0.459142 889.100000 -0.766291 0.871030
0.456887 0.459131 889.200000 -0.679716 0.856144
0.456856 0.459100 889.300000 -0.606838 0.597764
0.456821 0.459077 889.400000 -0.540808 0.719531
0.456782 0.459053 889.500000 -0.469455 0.703961
0.456740 0.459034 889.600000 -0.396510 0.751295
0.456694 0.459033 889.700000 -0.311025 0.954140
0.456645 0.459048 889.800000 -0.208774 1.085765
0.456594 0.459036 889.900000 -0.111986 0.845155
0.456543 0.459022 890.000000 -0.028907 0.812266
0.456492 0.459011 890.100000 0.054480 0.851303
0.456442 0.459008 890.200000 0.143938 0.933384
0.456394 0.459005 890.300000 0.237307 0.929326
0.456348 0.458995 890.400000 0.327143 0.862913
0.456307 0.458978 890.500000 0.409246 0.775030
0.456270 0.458999 890.600000 0.505204 1.139347
0.456239 0.458992 890.700000 0.606711 0.885708
0.456215 0.458971 890.800000 0.688336 0.742717
0.456194 0.458924 890.900000 0.740181 0.291586
0.456176 0.458878 891.000000 0.770597 0.315217
0.456161 0.458830 891.100000 0.798053 0.232518
0.456147 0.458779 891.200000 0.812218 0.050074
0.456132 0.458728 891.300000 0.809542 -0.103448
0.456116 0.458678 891.400000 0.795231 -0.182058
0.456098 0.458638 891.500000 0.763576 -0.449463
0.456076 0.458596 891.600000 0.719885 -0.422165
0.456050 0.458564 891.700000 0.669783 -0.577366
0.456020 0.458524 891.800000 0.617706 -0.461584
0.455987 0.458494 891.900000 0.563712 -0.615595
0.455950 0.458462 892.000000 0.503176 -0.592090
0.455910 0.458439 892.100000 0.438345 -0.701302
0.455866 0.458414 892.200000 0.368787 -0.686373
0.455820 0.458384 892.300000 0.303271 -0.620662
0.455772 0.458369 892.400000 0.231802 -0.805153
0.455722 0.458349 892.500000 0.153869 -0.749609
0.455672 0.458321 892.600000 0.083854 -0.647181
0.455621 0.458278 892.700000 0.032330 -0.380722
0.455570 0.458231 892.800000 -0.001456 -0.293310
0.455519 0.458186 892.900000 -0.032529 -0.326605
0.455468 0.458145 893.000000 -0.070538 -0.431675
0.455418 0.458095 893.100000 -0.100110 -0.158281
0.455367 0.458045 893.200000 -0.114891 -0.136609
0.455317 0.457994 893.300000 -0.122715 -0.019475
0.455267 0.457943 893.400000 -0.130453 -0.134904
0.455218 0.457895 893.500000 -0.147656 -0.208293
0.455168 0.457845 893.600000 -0.167194 -0.181485
0.455119 0.457795 893.700000 -0.183305 -0.139930
0.455070 0.457744 893.800000 -0.194244 -0.078300
0.455022 0.457693 893.900000 -0.197868 0.005995
0.454973 0.457643 894.000000 -0.190744 0.136123
0.454923 0.457596 894.100000 -0.169261 0.292460
0.454874 0.457558 894.200000 -0.130930 0.472258
0.454823 0.457510 894.300000 -0.094521 0.254100
0.454773 0.457463 894.400000 -0.068058 0.273832
0.454722 0.457415 894.500000 -0.042804 0.229984
0.454671 0.457364 894.600000 -0.033773 -0.049823
0.454620 0.457313 894.700000 -0.032480 0.075618
0.454570 0.457268 894.800000 -0.013149 0.310041
0.454519 0.457218 894.900000 0.009635 0.144503
0.454468 0.457171 895.000000 0.030466 0.271066
0.454418 0.457127 895.100000 0.062796 0.373935
0.454367 0.457080 895.200000 0.094498 0.258509
0.454318 0.457047 895.300000 0.136139 0.572233
0.454269 0.457019 895.400000 0.196818 0.638314
0.454222 0.456981 895.500000 0.252928 0.481073
0.454177 0.456962 895.600000 0.314765 0.752585
0.454134 0.456934 895.700000 0.385065 0.649894
0.454095 0.456901 895.800000 0.446123 0.568208
0.454058 0.456874 895.900000 0.507717 0.660596
0.454026 0.456846 896.000000 0.572516 0.632146
0.453998 0.456817 896.100000 0.635517 0.624730
0.453974 0.456779 896.200000 0.691043 0.483010
0.453954 0.456740 896.300000 0.738794 0.469614
0.453936 0.456692 896.400000 0.773678 0.226330
0.453920 0.456641 896.500000 0.784414 -0.012162
0.453903 0.456591 896.600000 0.777030 -0.135134
0.453886 0.456542 896.700000 0.778209 0.158644
0.453871 0.456491 896.800000 0.791329 0.103103
0.453856 0.456441 896.900000 0.799620 0.062305
0.453841 0.456390 897.000000 0.804254 0.030146
0.453826 0.456341 897.100000 0.796365 -0.187526
0.453809 0.456294 897.200000 0.773888 -0.260894
0.453789 0.456249 897.300000 0.744396 -0.327465
0.453767 0.456202 897.400000 0.714240 -0.274164
0.453742 0.456163 897.500000 0.677839 -0.452025
0.453712 0.456147 897.600000 0.615436 -0.792911
0.453677 0.456143 897.700000 0.529506 -0.921397
0.453638 0.456141 897.800000 0.436836 -0.927368
0.453593 0.456173 897.900000 0.329162 -1.220726
0.453545 0.456233 898.000000 0.197302 -1.409879
0.453494 0.456326 898.100000 0.045930 -1.610004
0.453445 0.456434 898.200000 -0.119372 -1.687763
0.453399 0.456519 898.300000 -0.282372 -1.564095
0.453359 0.456587 898.400000 -0.433878 -1.458442
0.453326 0.456633 898.500000 -0.573315 -1.323336
0.453303 0.456650 898.600000 -0.694797 -1.100223
0.453289 0.456674 898.700000 -0.808192 -1.162003
0.453285 0.456678 898.800000 -0.916114 -0.991039
0.453291 0.456669 898.900000 -1.009390 -0.869827
0.453306 0.456636 899.000000 -1.081317 -0.565124
0.453327 0.456600 899.100000 -1.135055 -0.506936
0.453352 0.456549 899.200000 -1.161849 -0.027616
0.453375 0.456501 899.300000 -1.152275 0.218631
0.453395 0.456454 899.400000 -1.127873 0.268179
0.453411 0.456418 899.500000 -1.088451 0.518298
0.453418 0.456406 899.600000 -1.020872 0.829901
0.453416 0.456410 899.700000 -0.929490 0.993169
0.453403 0.456432 899.800000 -0.822191 1.147440
0.453382 0.456422 899.900000 -0.721972 0.851928
0.453354 0.456412 900.000000 -0.636253 0.858165
0.453321 0.456395 900.100000 -0.554277 0.777261
0.453283 0.456375 900.200000 -0.477854 0.747377
0.453242 0.456352 900.300000 -0.405150 0.703075
0.453198 0.456326 900.400000 -0.336667 0.663163
0.453151 0.456305 900.500000 -0.266841 0.729855
0.453103 0.456275 900.600000 -0.199257 0.618449
0.453054 0.456249 900.700000 -0.135317 0.657162
0.453004 0.456223 900.800000 -0.068921 0.667423
0.452954 0.456194 900.900000 -0.004120 0.625364
0.452904 0.456161 901.000000 0.055385 0.561759
0.452854 0.456148 901.100000 0.124753 0.822142
0.452806 0.456144 901.200000 0.211932 0.917076
0.452761 0.456121 901.300000 0.293660 0.713395
0.452718 0.456109 901.400000 0.371228 0.834092
0.452680 0.456111 901.500000 0.461745 0.971725
0.452648 0.456133 901.600000 0.567887 1.145809
0.452624 0.456163 901.700000 0.685502 1.200598
0.452609 0.456186 901.800000 0.803440 1.152263
0.452604 0.456174 901.900000 0.903380 0.841554
0.452608 0.456158 902.000000 0.985127 0.789291
0.452621 0.456147 902.100000 1.066597 0.836031
0.452643 0.456125 902.200000 1.144931 0.726729
0.452675 0.456101 902.300000 1.215566 0.682456
0.452715 0.456065 902.400000 1.275696 0.517128
0.452761 0.456022 902.500000 1.319883 0.364407
0.452813 0.455977 902.600000 1.353918 0.314580
0.452869 0.455932 902.700000 1.386178 0.329018
0.452930 0.455888 902.800000 1.419415 0.334049
0.452996 0.455839 902.900000 1.444532 0.167050
0.453062 0.455788 903.000000 1.451211 -0.033804
0.453128 0.455738 903.100000 1.445688 -0.076381
0.453191 0.455689 903.200000 1.434420 -0.148423
0.453252 0.455641 903.300000 1.415781 -0.223425
0.453308 0.455602 903.400000 1.381739 -0.455704
0.453355 0.455574 903.500000 1.327257 -0.631214
0.453394 0.455540 903.600000 1.268074 -0.549487
0.453426 0.455502 903.700000 1.217563 -0.458216
0.453451 0.455463 903.800000 1.171509 -0.460551
0.453470 0.455432 903.900000 1.118353 -0.599920
0.453481 0.455412 904.000000 1.051275 -0.738290
0.453484 0.455396 904.100000 0.974667 -0.790026
0.453478 0.455387 904.200000 0.891714 -0.864896
0.453463 0.455388 904.300000 0.800323 -0.958355
0.453441 0.455368 904.400000 0.714690 -0.750017
0.453413 0.455348 904.500000 0.640456 -0.730951
0.453381 0.455331 904.600000 0.564604 -0.782296
0.453344 0.455307 904.700000 0.490846 -0.689170
0.453304 0.455283 904.800000 0.421870 -0.686902
0.453260 0.455279 904.900000 0.341428 -0.917915
0.453213 0.455312 905.000000 0.234021 -1.224855
0.453164 0.455366 905.100000 0.103720 -1.374662
0.453114 0.455438 905.200000 -0.039736 -1.487279
0.453066 0.455494 905.300000 -0.183945 -1.389685
0.453021 0.455536 905.400000 -0.318496 -1.294614
0.452981 0.455540 905.500000 -0.433178 -0.993297
0.452947 0.455551 905.600000 -0.535825 -1.054515
0.452920 0.455573 905.700000 -0.645705 -1.137590
0.452902 0.455580 905.800000 -0.754177 -1.026425
0.452892 0.455579 905.900000 -0.852553 -0.936166
0.452890 0.455562 906.000000 -0.938661 -0.781690
0.452897 0.455537 906.100000 -1.012017 -0.681761
0.452911 0.455506 906.200000 -1.075695 -0.588620
0.452933 0.455483 906.300000 -1.140271 -0.699662
0.452962 0.455446 906.400000 -1.199701 -0.485969
0.452997 0.455401 906.500000 -1.240501 -0.327985
0.453035 0.455352 906.600000 -1.262209 -0.105101
0.453073 0.455302 906.700000 -1.267439 0.000770
0.453111 0.455253 906.800000 -1.258264 0.182271
0.453143 0.455217 906.900000 -1.224372 0.493878
0.453170 0.455176 907.000000 -1.178280 0.425643
0.453191 0.455140 907.100000 -1.131554 0.506546
0.453205 0.455102 907.200000 -1.082952 0.463068
0.453215 0.455058 907.300000 -1.042805 0.337862
0.453220 0.455024 907.400000 -0.998950 0.537055
0.453219 0.454992 907.500000 -0.943485 0.569454
0.453213 0.454963 907.600000 -0.883861 0.620047
0.453199 0.454943 907.700000 -0.815261 0.748537
0.453180 0.454918 907.800000 -0.744191 0.669294
0.453155 0.454907 907.900000 -0.668596 0.838832
0.453123 0.454919 908.000000 -0.573285 1.062626
0.453084 0.454957 908.100000 -0.456316 1.270901
0.453041 0.454970 908.200000 -0.338937 1.070804
0.452994 0.454980 908.300000 -0.233136 1.039934
0.452945 0.454973 908.400000 -0.136447 0.889012
0.452895 0.454964 908.500000 -0.048846 0.858631
0.452846 0.454946 908.600000 0.032826 0.770724
0.452796 0.454933 908.700000 0.112476 0.818300
0.452748 0.454908 908.800000 0.187147 0.671375
0.452702 0.454874 908.900000 0.247949 0.541633
0.452657 0.454839 909.000000 0.301038 0.517483
0.452614 0.454807 909.100000 0.355508 0.569192
0.452574 0.454766 909.200000 0.404880 0.415779
0.452535 0.454723 909.300000 0.443617 0.357023
0.452498 0.454682 909.400000 0.481374 0.396233
0.452462 0.454634 909.500000 0.510861 0.192035
0.452427 0.454584 909.600000 0.521209 0.014418
0.452392 0.454536 909.700000 0.512931 -0.179572
0.452355 0.454496 909.800000 0.482144 -0.434635
0.452316 0.454456 909.900000 0.439109 -0.423900
0.452275 0.454418 910.000000 0.394362 -0.468801
0.452232 0.454375 910.100000 0.352832 -0.359729
0.452188 0.454330 910.200000 0.320393 -0.287435
0.452143 0.454291 910.300000 0.283827 -0.442053
0.452096 0.454252 910.400000 0.238899 -0.454253
0.452049 0.454206 910.500000 0.202646 -0.269000
0.452001 0.454170 910.600000 0.164354 -0.494923
0.451952 0.454130 910.700000 0.118342 -0.423019
0.451903 0.454086 910.800000 0.079879 -0.344323
0.451853 0.454048 910.900000 0.039271 -0.465801
0.451804 0.454012 911.000000 -0.009084 -0.498876
0.451754 0.454001 911.100000 -0.075830 -0.832722
0.451706 0.453980 911.200000 -0.154210 -0.730940
0.451659 0.453967 911.300000 -0.232041 -0.821795
0.451615 0.453943 911.400000 -0.307654 -0.686685
0.451573 0.453916 911.500000 -0.373888 -0.634676
0.451534 0.453890 911.600000 -0.438925 -0.662813
0.451499 0.453867 911.700000 -0.507345 -0.702164
0.451468 0.453846 911.800000 -0.579029 -0.727936
0.451441 0.453814 911.900000 -0.643690 -0.562047
0.451418 0.453777 912.000000 -0.696018 -0.481898
0.451398 0.453734 912.100000 -0.738241 -0.360466
0.451381 0.453687 912.200000 -0.766717 -0.207621
0.451365 0.453637 912.300000 -0.775052 0.041329
0.451347 0.453588 912.400000 -0.768120 0.096963
0.451328 0.453547 912.500000 -0.743845 0.387332
0.451305 0.453525 912.600000 -0.688548 0.715838
0.451276 0.453516 912.700000 -0.609680 0.857581
0.451241 0.453513 912.800000 -0.520004 0.931450
0.451202 0.453505 912.900000 -0.429767 0.868792
0.451159 0.453491 913.000000 -0.345645 0.809436
0.451114 0.453456 913.100000 -0.279692 0.506336
0.451067 0.453426 913.200000 -0.223973 0.605247
0.451019 0.453399 913.300000 -0.161559 0.639912
0.450970 0.453379 913.400000 -0.092428 0.739258
0.450921 0.453356 913.500000 -0.020799 0.689743
0.450872 0.453315 913.600000 0.034597 0.415408
0.450823 0.453268 913.700000 0.065626 0.203625
0.450774 0.453223 913.800000 0.090793 0.298455
0.450725 0.453177 913.900000 0.118668 0.257653
0.450677 0.453133 914.000000 0.147518 0.317899
0.450629 0.453086 914.100000 0.173160 0.193654
0.450582 0.453045 914.200000 0.203241 0.406471
0.450536 0.453000 914.300000 0.238030 0.287554
0.450491 0.452959 914.400000 0.271865 0.387460
0.450447 0.452914 914.500000 0.306209 0.297706
0.450404 0.452870 914.600000 0.336510 0.306790
0.450362 0.452823 914.700000 0.362506 0.211831
0.450321 0.452778 914.800000 0.388355 0.303863
0.450281 0.452730 914.900000 0.410670 0.141318
0.450242 0.452689 915.000000 0.437679 0.397512
0.450205 0.452645 915.100000 0.473062 0.308386
0.450169 0.452596 915.200000 0.491143 0.052324
0.450133 0.452548 915.300000 0.484580 -0.183250
0.450095 0.452509 915.400000 0.453315 -0.440498
0.450054 0.452488 915.500000 0.395228 -0.718327
0.450011 0.452464 915.600000 0.324897 -0.684786
0.449965 0.452445 915.700000 0.253215 -0.745259
0.449918 0.452428 915.800000 0.177474 -0.765775
0.449869 0.452413 915.900000 0.099102 -0.797752
0.449820 0.452394 916.000000 0.021946 -0.741508
0.449771 0.452378 916.100000 -0.054639 -0.786361
0.449723 0.452370 916.200000 -0.137735 -0.871406
0.449676 0.452346 916.300000 -0.215271 -0.675441
0.449632 0.452312 916.400000 -0.276477 -0.545611
0.449588 0.452272 916.500000 -0.324301 -0.408483
0.449547 0.452249 916.600000 -0.379563 -0.693988
0.449509 0.452229 916.700000 -0.451159 -0.734355
0.449475 0.452208 916.800000 -0.523712 -0.713085
0.449444 0.452167 916.900000 -0.579619 -0.402256
0.449416 0.452122 917.000000 -0.613385 -0.271379
0.449389 0.452075 917.100000 -0.636520 -0.190168
0.449363 0.452025 917.200000 -0.645005 0.020909
0.449336 0.451976 917.300000 -0.647896 -0.078588
0.449310 0.451928 917.400000 -0.647024 0.095978
0.449283 0.451882 917.500000 -0.629622 0.251197
0.449254 0.451835 917.600000 -0.606436 0.211360
0.449224 0.451787 917.700000 -0.587658 0.163258
0.449193 0.451741 917.800000 -0.567291 0.243067
0.449159 0.451701 917.900000 -0.534854 0.404049
0.449123 0.451671 918.000000 -0.484815 0.594236
0.449084 0.451641 918.100000 -0.425411 0.590875
0.449042 0.451610 918.200000 -0.366242 0.589534
0.448999 0.451568 918.300000 -0.318689 0.359152
0.448954 0.451532 918.400000 -0.276017 0.492158
0.448908 0.451495 918.500000 -0.227601 0.473734
0.448861 0.451451 918.600000 -0.188427 0.307799
0.448814 0.451406 918.700000 -0.160640 0.246541
0.448766 0.451357 918.800000 -0.143582 0.093762
0.448718 0.451311 918.900000 -0.126335 0.250321
0.448670 0.451272 919.000000 -0.092510 0.424487
0.448621 0.451228 919.100000 -0.056104 0.301807
0.448572 0.451181 919.200000 -0.029863 0.221716
0.448524 0.451133 919.300000 -0.011515 0.144327
0.448475 0.451086 919.400000 0.004676 0.178685
0.448426 0.451041 919.500000 0.026831 0.263307
0.448377 0.450993 919.600000 0.047615 0.151333
0.448329 0.450945 919.700000 0.060109 0.097910
0.448280 0.450896 919.800000 0.071067 0.120707
0.448232 0.450849 919.900000 0.086575 0.188682
0.448184 0.450803 920.000000 0.106752 0.213851
0.448136 0.450766 920.100000 0.141035 0.470082
0.448090 0.450725 920.200000 0.184545 0.397942
0.448043 0.450677 920.300000 0.211651 0.142838
0.447997 0.450629 920.400000 0.223231 0.088178
0.447952 0.450586 920.500000 0.244824 0.342606
0.447907 0.450543 920.600000 0.277363 0.306550
0.447864 0.450500 920.700000 0.310003 0.344617
0.447822 0.450460 920.800000 0.347240 0.398246
0.447782 0.450429 920.900000 0.396160 0.577706
0.447744 0.450397 921.000000 0.452991 0.556080
0.447710 0.450360 921.100000 0.504321 0.467945
0.447678 0.450338 921.200000 0.563255 0.707788
0.447652 0.450335 921.300000 0.644840 0.919836
0.447633 0.450331 921.400000 0.736241 0.903625
0.447621 0.450325 921.500000 0.826237 0.891787
0.447618 0.450306 921.600000 0.908059 0.740568
0.447619 0.450264 921.700000 0.963479 0.365063
0.447624 0.450216 921.800000 0.988630 0.136696
0.447630 0.450168 921.900000 1.001307 0.116205
0.447636 0.450120 922.000000 1.001611 -0.110144
0.447641 0.450071 922.100000 0.993236 -0.056928
0.447645 0.450023 922.200000 0.986574 -0.075986
0.447648 0.449975 922.300000 0.975747 -0.140014
0.447649 0.449930 922.400000 0.956275 -0.248453
0.447645 0.449907 922.500000 0.909431 -0.686081
0.447634 0.449901 922.600000 0.830421 -0.890161
0.447616 0.449877 922.700000 0.751608 -0.682166
0.447593 0.449859 922.800000 0.679704 -0.752325
0.447564 0.449834 922.900000 0.608752 -0.663152
0.447531 0.449819 923.000000 0.535895 -0.790359
0.447494 0.449817 923.100000 0.449793 -0.927361
0.447452 0.449811 923.200000 0.358767 -0.888622
0.447408 0.449782 923.300000 0.284074 -0.601496
0.447363 0.449751 923.400000 0.224957 -0.577891
0.447316 0.449718 923.500000 0.169180 -0.534865
0.447268 0.449678 923.600000 0.123059 -0.385234
0.447220 0.449636 923.700000 0.085276 -0.368548
0.447172 0.449593 923.800000 0.051054 -0.314175
0.447123 0.449549 923.900000 0.021023 -0.284950
0.447075 0.449517 924.000000 -0.020994 -0.553298
0.447027 0.449483 924.100000 -0.075264 -0.529388
0.446979 0.449452 924.200000 -0.130485 -0.572259
0.446933 0.449431 924.300000 -0.195058 -0.715972
0.446888 0.449398 924.400000 -0.258030 -0.540325
0.446845 0.449354 924.500000 -0.299755 -0.292079
0.446802 0.449309 924.600000 -0.327288 -0.257214
0.446761 0.449262 924.700000 -0.346285 -0.121775
0.446719 0.449215 924.800000 -0.361100 -0.173780
0.446679 0.449166 924.900000 -0.371834 -0.040359
0.446638 0.449119 925.000000 -0.367093 0.134941
0.446596 0.449071 925.100000 -0.356002 0.086323
0.446555 0.449023 925.200000 -0.356627 -0.098789
0.446514 0.448974 925.300000 -0.364173 -0.051752
0.446472 0.448927 925.400000 -0.359073 0.153488
0.446430 0.448882 925.500000 -0.339027 0.246425
0.446387 0.448839 925.600000 -0.309888 0.334911
0.446343 0.448793 925.700000 -0.282613 0.209226
0.446300 0.448747 925.800000 -0.283525 -0.227437
0.446256 0.448703 925.900000 -0.309227 -0.285319
0.446214 0.448655 926.000000 -0.326423 -0.057726
0.446172 0.448607 926.100000 -0.327054 0.045128
0.446129 0.448558 926.200000 -0.324362 0.008585
0.446087 0.448510 926.300000 -0.319888 0.080662
0.446044 0.448462 926.400000 -0.314698 0.022885
0.446000 0.448417 926.500000 -0.301415 0.242108
0.445956 0.448385 926.600000 -0.261380 0.556585
0.445910 0.448359 926.700000 -0.201109 0.645816
0.445863 0.448330 926.800000 -0.138854 0.596181
0.445815 0.448317 926.900000 -0.068629 0.804806
0.445767 0.448297 927.000000 0.008091 0.725759
0.445719 0.448270 927.100000 0.076159 0.632192
0.445672 0.448247 927.200000 0.142440 0.690126
0.445627 0.448231 927.300000 0.215679 0.770982
0.445583 0.448196 927.400000 0.279139 0.495046
0.445541 0.448156 927.500000 0.324108 0.402095
0.445500 0.448128 927.600000 0.374852 0.610243
0.445462 0.448097 927.700000 0.433810 0.565963
0.445426 0.448052 927.800000 0.474113 0.238090
0.445392 0.448007 927.900000 0.499235 0.263096
0.445359 0.447961 928.000000 0.523395 0.218893
0.445327 0.447918 928.100000 0.548727 0.286478
0.445296 0.447870 928.200000 0.569904 0.135995
0.445266 0.447822 928.300000 0.575793 -0.018505
0.445236 0.447774 928.400000 0.573120 -0.034810
0.445206 0.447726 928.500000 0.575560 0.083487
0.445176 0.447678 928.600000 0.583025 0.065427
0.445146 0.447631 928.700000 0.580589 -0.114014
0.445116 0.447584 928.800000 0.566283 -0.171392
0.445085 0.447536 928.900000 0.560390 0.053831
0.445054 0.447490 929.000000 0.572214 0.182051
0.445025 0.447443 929.100000 0.589789 0.168561
0.444997 0.447395 929.200000 0.599448 0.024154
0.444968 0.447347 929.300000 0.599217 -0.028764
0.444939 0.447302 929.400000 0.584538 -0.264084
0.444907 0.447272 929.500000 0.542696 -0.570661
0.444872 0.447233 929.600000 0.492911 -0.422551
0.444835 0.447191 929.700000 0.455253 -0.328739
0.444797 0.447157 929.800000 0.413292 -0.508382
0.444756 0.447124 929.900000 0.361411 -0.526638
0.444713 0.447086 930.000000 0.312540 -0.448333
0.444669 0.447047 930.100000 0.270306 -0.394233
0.444624 0.447017 930.200000 0.221062 -0.588197
0.444578 0.446992 930.300000 0.158945 -0.651041
0.444530 0.446980 930.400000 0.085180 -0.820572
0.444483 0.446959 930.500000 0.008197 -0.715223
0.444435 0.446965 930.600000 -0.077646 -0.997356
0.444389 0.446954 930.700000 -0.169439 -0.833907
0.444345 0.446940 930.800000 -0.250923 -0.791711
0.444303 0.446929 930.900000 -0.332185 -0.829462
0.444264 0.446906 931.000000 -0.408069 -0.684421
0.444228 0.446878 931.100000 -0.473248 -0.615891
0.444196 0.446844 931.200000 -0.529282 -0.501993
0.444165 0.446798 931.300000 -0.565328 -0.217121
0.444136 0.446752 931.400000 -0.583902 -0.153442
0.444107 0.446704 931.500000 -0.591803 -0.004180
0.444078 0.446656 931.600000 -0.591760 0.005042
0.444049 0.446608 931.700000 -0.588540 0.059203
0.444019 0.446561 931.800000 -0.579729 0.116559
0.443988 0.446524 931.900000 -0.550924 0.458110
0.443953 0.446514 932.000000 -0.486192 0.833298
0.443914 0.446504 932.100000 -0.402031 0.845706
0.443872 0.446485 932.200000 -0.323082 0.729319
0.443828 0.446459 932.300000 -0.254618 0.636544
0.443782 0.446441 932.400000 -0.185311 0.746132
0.443735 0.446424 932.500000 -0.109774 0.760842
0.443688 0.446406 932.600000 -0.034063 0.749585
0.443640 0.446385 932.700000 0.038840 0.704831
0.443593 0.446364 932.800000 0.109720 0.709216
0.443547 0.446339 932.900000 0.178097 0.654902
0.443503 0.446325 933.000000 0.250926 0.798036
0.443461 0.446297 933.100000 0.320938 0.598703
0.443421 0.446266 933.200000 0.379066 0.560955
0.443384 0.446225 933.300000 0.426099 0.377361
0.443348 0.446183 933.400000 0.460946 0.317841
0.443313 0.446138 933.500000 0.487845 0.218786
0.443279 0.446092 933.600000 0.508002 0.183339
0.443247 0.446049 933.700000 0.532128 0.297976
0.443216 0.446002 933.800000 0.554382 0.145989
0.443185 0.445955 933.900000 0.557135 -0.091070
0.443154 0.445907 934.000000 0.550347 -0.044332
0.443122 0.445860 934.100000 0.542952 -0.103203
0.443090 0.445813 934.200000 0.530683 -0.141560
0.443057 0.445767 934.300000 0.530001 0.127939
0.443025 0.445719 934.400000 0.534667 -0.034840
0.442993 0.445672 934.500000 0.526842 -0.121278
0.442959 0.445627 934.600000 0.508875 -0.237159
0.442924 0.445582 934.700000 0.486475 -0.209712
0.442889 0.445535 934.800000 0.473335 -0.052449
0.442853 0.445491 934.900000 0.456268 -0.288019
0.442815 0.445448 935.000000 0.426918 -0.297531
0.442776 0.445413 935.100000 0.388034 -0.478187
0.442735 0.445367 935.200000 0.356046 -0.159974
0.442694 0.445321 935.300000 0.338921 -0.181678
0.442652 0.445275 935.400000 0.320747 -0.180885
0.442610 0.445233 935.500000 0.295611 -0.320580
0.442566 0.445186 935.600000 0.273994 -0.110693
0.442523 0.445140 935.700000 0.260881 -0.150899
0.442479 0.445092 935.800000 0.249595 -0.074265
0.442434 0.445051 935.900000 0.228456 -0.347453
0.442389 0.445005 936.000000 0.203135 -0.157696
0.442344 0.444958 936.100000 0.189881 -0.106737
0.442298 0.444911 936.200000 0.179805 -0.094279
0.442253 0.444864 936.300000 0.173361 -0.034280
0.442207 0.444816 936.400000 0.169783 -0.037087
0.442161 0.444769 936.500000 0.163427 -0.089730
0.442115 0.444722 936.600000 0.159011 0.001637
0.442069 0.444677 936.700000 0.147039 -0.240476
0.442023 0.444632 936.800000 0.125911 -0.181037
0.441977 0.444588 936.900000 0.130069 0.263988
0.441931 0.444542 937.000000 0.152782 0.189152
0.441885 0.444495 937.100000 0.166583 0.086173
0.441840 0.444448 937.200000 0.171937 0.020639
0.441794 0.444401 937.300000 0.168736 -0.084495
0.441748 0.444354 937.400000 0.169869 0.107090
0.441703 0.444309 937.500000 0.185926 0.213254
0.441658 0.444262 937.600000 0.198105 0.029719
0.441613 0.444215 937.700000 0.192706 -0.137439
0.441568 0.444169 937.800000 0.179547 -0.125078
0.441522 0.444122 937.900000 0.175283 0.040017
0.441477 0.444074 938.000000 0.179422 0.042547
0.441431 0.444028 938.100000 0.174367 -0.143403
0.441386 0.443985 938.200000 0.152528 -0.292286
0.441339 0.443939 938.300000 0.129983 -0.157488
0.441293 0.443893 938.400000 0.114786 -0.145675
0.441247 0.443851 938.500000 0.091732 -0.314258
0.441200 0.443809 938.600000 0.060958 -0.299696
0.441153 0.443769 938.700000 0.026609 -0.385563
0.441106 0.443735 938.800000 -0.017242 -0.489268
0.441059 0.443690 938.900000 -0.052078 -0.205697
0.441012 0.443645 939.000000 -0.072037 -0.192478
0.440966 0.443597 939.100000 -0.083636 -0.038940
0.440919 0.443551 939.200000 -0.080689 0.097746
0.440872 0.443506 939.300000 -0.065415 0.206967
0.440826 0.443461 939.400000 -0.043978 0.220704
0.440779 0.443417 939.500000 -0.021828 0.221186
0.440732 0.443370 939.600000 -0.013560 -0.056241
0.440685 0.443323 939.700000 -0.012044 0.086477
0.440638 0.443279 939.800000 0.004749 0.248549
0.440591 0.443238 939.900000 0.034622 0.347415
0.440545 0.443193 940.000000 0.062947 0.217680
0.440498 0.443149 940.100000 0.084581 0.213924
0.440452 0.443102 940.200000 0.096136 0.016586
0.440405 0.443055 940.300000 0.093272 -0.073716
0.440359 0.443008 940.400000 0.091685 0.042048
0.440313 0.442961 940.500000 0.096915 0.062294
0.440266 0.442914 940.600000 0.101066 0.020520
0.440220 0.442868 940.700000 0.094993 -0.141689
0.440174 0.442826 940.800000 0.072092 -0.315171
0.440127 0.442781 940.900000 0.045512 -0.215103
0.440080 0.442742 941.000000 0.015481 -0.384020
0.440033 0.442700 941.100000 -0.019532 -0.314495
0.439987 0.442654 941.200000 -0.040551 -0.104826
0.439940 0.442607 941.300000 -0.048319 -0.050137
0.439894 0.442564 941.400000 -0.064459 -0.271868
0.439847 0.442517 941.500000 -0.079146 -0.021126
0.439801 0.442475 941.600000 -0.064931 0.304705
0.439754 0.442435 941.700000 -0.031895 0.354360
0.439707 0.442392 941.800000 -0.000716 0.267660
0.439661 0.442350 941.900000 0.028465 0.314513
0.439614 0.442307 942.000000 0.058568 0.286038
0.439568 0.442264 942.100000 0.085915 0.259536
0.439522 0.442224 942.200000 0.117639 0.373355
0.439477 0.442178 942.300000 0.142822 0.129037
0.439431 0.442131 942.400000 0.151428 0.042652
0.439386 0.442085 942.500000 0.151924 -0.032746
0.439340 0.442039 942.600000 0.159035 0.174615
0.439296 0.441994 942.700000 0.176561 0.175014
0.439251 0.441955 942.800000 0.204442 0.381216
0.439207 0.441910 942.900000 0.233975 0.207962
0.439164 0.441864 943.000000 0.248387 0.079557
0.439121 0.441818 943.100000 0.244743 -0.152253
0.439077 0.441782 943.200000 0.214909 -0.442938
0.439032 0.441746 943.300000 0.169947 -0.454039
0.438986 0.441708 943.400000 0.126928 -0.404190
0.438940 0.441665 943.500000 0.093450 -0.263708
0.438894 0.441619 943.600000 0.073167 -0.140929
0.438847 0.441572 943.700000 0.062180 -0.078269
0.438801 0.441528 943.800000 0.069192 0.218166
0.438755 0.441483 943.900000 0.088267 0.162384
0.438709 0.441436 944.000000 0.096346 -0.001211
0.438663 0.441390 944.100000 0.091266 -0.100132
0.438617 0.441343 944.200000 0.083224 -0.060307
0.438571 0.441300 944.300000 0.066884 -0.265677
0.438524 0.441263 944.400000 0.032669 -0.416919
0.438478 0.441220 944.500000 -0.002677 -0.288226
0.438432 0.441176 944.600000 -0.027564 -0.208285
0.438385 0.441131 944.700000 -0.046701 -0.173490
0.438339 0.441087 944.800000 -0.066693 -0.225355
0.438293 0.441040 944.900000 -0.074668 0.066257
0.438247 0.440994 945.000000 -0.068600 0.054810
0.438201 0.440947 945.100000 -0.063130 0.054313
0.438155 0.440901 945.200000 -0.059179 0.024513
0.438109 0.440858 945.300000 -0.070856 -0.257477
0.438063 0.440819 945.400000 -0.103173 -0.387247
0.438017 0.440775 945.500000 -0.134054 -0.228822
0.437972 0.440730 945.600000 -0.154664 -0.182360
0.437928 0.440685 945.700000 -0.172410 -0.171673
0.437883 0.440639 945.800000 -0.182007 -0.019784
0.437838 0.440593 945.900000 -0.177582 0.108054
0.437794 0.440547 946.000000 -0.179302 -0.142353
0.437749 0.440501 946.100000 -0.187182 -0.014851
0.437705 0.440455 946.200000 -0.192851 -0.098251
0.437661 0.440410 946.300000 -0.187652 0.201979
0.437616 0.440366 946.400000 -0.166117 0.227635
0.437571 0.440320 946.500000 -0.150415 0.085623
0.437526 0.440276 946.600000 -0.135990 0.202165
0.437480 0.440230 946.700000 -0.120134 0.114144
0.437435 0.440184 946.800000 -0.111023 0.067621
0.437389 0.440139 946.900000 -0.099406 0.164136
0.437343 0.440092 947.000000 -0.090972 0.004128
0.437297 0.440048 947.100000 -0.081144 0.191939
0.437252 0.440002 947.200000 -0.076861 -0.106490
0.437206 0.439955 947.300000 -0.083045 -0.016880
0.437160 0.439909 947.400000 -0.087598 -0.073958
0.437115 0.439868 947.500000 -0.107588 -0.324832
0.437070 0.439834 947.600000 -0.148049 -0.482371
0.437026 0.439805 947.700000 -0.200626 -0.566543
0.436983 0.439775 947.800000 -0.256883 -0.555779
0.436942 0.439742 947.900000 -0.310286 -0.509606
0.436903 0.439712 948.000000 -0.363355 -0.549118
0.436866 0.439673 948.100000 -0.409485 -0.371176
0.436830 0.439634 948.200000 -0.447049 -0.378228
0.436797 0.439596 948.300000 -0.486846 -0.415729
0.436765 0.439558 948.400000 -0.526789 -0.381130
0.436736 0.439523 948.500000 -0.569835 -0.477642
0.436710 0.439484 948.600000 -0.611512 -0.353803
0.436685 0.439439 948.700000 -0.636606 -0.146828
0.436661 0.439392 948.800000 -0.644717 -0.014982
0.436637 0.439346 948.900000 -0.650213 -0.094679
0.436613 0.439301 949.000000 -0.648365 0.131555
0.436588 0.439257 949.100000 -0.630451 0.225826
0.436562 0.439213 949.200000 -0.609332 0.195492
0.436534 0.439174 949.300000 -0.580966 0.370416
0.436504 0.439132 949.400000 -0.547778 0.291697
0.436472 0.439088 949.500000 -0.523420 0.194233
0.436440 0.439042 949.600000 -0.508434 0.104743
0.436407 0.438996 949.700000 -0.501624 0.031111
0.436374 0.438951 949.800000 -0.493134 0.138267
0.436340 0.438906 949.900000 -0.478866 0.146379
0.436305 0.438863 950.000000 -0.458402 0.261874
0.436269 0.438821 950.100000 -0.432412 0.256641
0.436232 0.438777 950.200000 -0.408490 0.220590
0.436194 0.438738 950.300000 -0.379130 0.365140
0.436154 0.438696 950.400000 -0.347034 0.275180
0.436114 0.438650 950.500000 -0.330218 0.060305
0.436074 0.438604 950.600000 -0.326036 0.023126
0.436033 0.438558 950.700000 -0.318770 0.121824
0.435992 0.438513 950.800000 -0.305486 0.143188
0.435951 0.438467 950.900000 -0.295342 0.059191
0.435910 0.438421 951.000000 -0.293224 -0.016931
0.435868 0.438376 951.100000 -0.289341 0.094394
0.435826 0.438331 951.200000 -0.275413 0.183457
0.435784 0.438288 951.300000 -0.254543 0.232898
0.435741 0.438244 951.400000 -0.253394 -0.209966
0.435700 0.438201 951.500000 -0.274528 -0.211663
0.435658 0.438156 951.600000 -0.294069 -0.178179
0.435618 0.438113 951.700000 -0.314821 -0.235819
0.435578 0.438073 951.800000 -0.343954 -0.345382
0.435541 0.438045 951.900000 -0.390426 -0.581744
0.435505 0.438013 952.000000 -0.445630 -0.519568
0.435472 0.437972 952.100000 -0.487199 -0.309743
0.435440 0.437931 952.200000 -0.518095 -0.306619
0.435411 0.437893 952.300000 -0.552773 -0.385206
0.435383 0.437851 952.400000 -0.585743 -0.272560
0.435356 0.437806 952.500000 -0.603961 -0.090879
0.435330 0.437760 952.600000 -0.610418 -0.037945
0.435304 0.437715 952.700000 -0.605591 0.134243
0.435276 0.437670 952.800000 -0.591338 0.150100
0.435248 0.437625 952.900000 -0.577586 0.124266
0.435219 0.437583 953.000000 -0.557961 0.267241
0.435188 0.437540 953.100000 -0.532369 0.243334
0.435155 0.437508 953.200000 -0.494617 0.509802
0.435120 0.437478 953.300000 -0.440971 0.560443
0.435081 0.437469 953.400000 -0.371103 0.833425
0.435040 0.437451 953.500000 -0.292370 0.737303
0.434997 0.437441 953.600000 -0.213957 0.827026
0.434952 0.437419 953.700000 -0.138697 0.674426
0.434907 0.437392 953.800000 -0.074693 0.602435
0.434862 0.437385 953.900000 -0.001792 0.851958
0.434816 0.437366 954.000000 0.077359 0.727095
0.434772 0.437348 954.100000 0.149956 0.721215
0.434729 0.437330 954.200000 0.223020 0.736402
0.434688 0.437300 954.300000 0.287278 0.545562
0.434648 0.437271 954.400000 0.343174 0.569550
0.434611 0.437234 954.500000 0.392156 0.407649
0.434576 0.437205 954.600000 0.440281 0.552445
0.434543 0.437180 954.700000 0.500044 0.639830
0.434515 0.437168 954.800000 0.572579 0.807238
0.434492 0.437158 954.900000 0.654338 0.823855
0.434474 0.437133 955.000000 0.726799 0.621734
0.434460 0.437093 955.100000 0.774501 0.329928
0.434448 0.437050 955.200000 0.803344 0.245491
0.434438 0.437007 955.300000 0.827036 0.227154
0.434430 0.436961 955.400000 0.841487 0.061158
0.434421 0.436918 955.500000 0.833068 -0.229133
0.434409 0.436878 955.600000 0.805841 -0.314039
0.434395 0.436839 955.700000 0.772693 -0.347267
0.434378 0.436797 955.800000 0.740493 -0.295121
0.434359 0.436760 955.900000 0.706205 -0.388922
0.434336 0.436731 956.000000 0.658477 -0.563256
0.434309 0.436725 956.100000 0.586305 -0.876573
0.434276 0.436726 956.200000 0.495136 -0.942246
0.434240 0.436712 956.300000 0.408671 -0.782738
0.434200 0.436686 956.400000 0.338580 -0.615561
0.434159 0.436666 956.500000 0.272884 -0.695080
0.434116 0.436635 956.600000 0.211746 -0.524637
0.434071 0.436616 956.700000 0.149551 -0.716137
0.434026 0.436599 956.800000 0.076255 -0.746121
0.433981 0.436565 956.900000 0.015569 -0.464570
0.433936 0.436532 957.000000 -0.032240 -0.489213
0.433891 0.436499 957.100000 -0.081195 -0.487451
0.433846 0.436460 957.200000 -0.123307 -0.352676
0.433802 0.436434 957.300000 -0.171976 -0.618270
0.433760 0.436398 957.400000 -0.224572 -0.431017
0.433718 0.436354 957.500000 -0.255843 -0.192832
0.433677 0.436311 957.600000 -0.275124 -0.191834
0.433636 0.436266 957.700000 -0.292390 -0.152618
0.433595 0.436221 957.800000 -0.300759 -0.014347
0.433555 0.436175 957.900000 -0.300875 0.012028
0.433514 0.436130 958.000000 -0.301731 -0.029091
0.433473 0.436085 958.100000 -0.297166 0.120156
0.433432 0.436043 958.200000 -0.278122 0.259777
0.433390 0.436009 958.300000 -0.241315 0.474522
0.433347 0.435973 958.400000 -0.196520 0.419130
0.433303 0.435933 958.500000 -0.159731 0.314803
0.433259 0.435888 958.600000 -0.137488 0.128950
0.433214 0.435845 958.700000 -0.119834 0.223259
0.433170 0.435802 958.800000 -0.097734 0.217636
0.433125 0.435759 958.900000 -0.077514 0.185746
0.433080 0.435713 959.000000 -0.068273 -0.001387
0.433035 0.435668 959.100000 -0.068357 -0.000292
0.432990 0.435623 959.200000 -0.072325 -0.078871
0.432945 0.435579 959.300000 -0.086285 -0.199617
0.432901 0.435536 959.400000 -0.107200 -0.217642
0.432857 0.435492 959.500000 -0.123045 -0.098466
0.432812 0.435447 959.600000 -0.133836 -0.116816
0.432768 0.435403 959.700000 -0.147577 -0.157321
0.432725 0.435361 959.800000 -0.168331 -0.256710
0.432682 0.435316 959.900000 -0.186683 -0.109426
0.432638 0.435271 960.000000 -0.192961 -0.015820
0.432595 0.435227 960.100000 -0.184294 0.188729
0.432551 0.435186 960.200000 -0.160818 0.279610
0.432507 0.435143 960.300000 -0.137021 0.195141
0.432463 0.435107 960.400000 -0.105408 0.435548
0.432418 0.435067 960.500000 -0.067673 0.317259
0.432373 0.435033 960.600000 -0.028525 0.463741
0.432328 0.435004 960.700000 0.022296 0.550147
0.432284 0.434986 960.800000 0.086409 0.728903
0.432240 0.434967 960.900000 0.158232 0.703971
0.432198 0.434975 961.000000 0.244349 1.014065
0.432159 0.434963 961.100000 0.335521 0.804810
0.432123 0.434954 961.200000 0.417297 0.826634
0.432091 0.434941 961.300000 0.498596 0.795276
0.432063 0.434913 961.400000 0.566936 0.568105
0.432038 0.434888 961.500000 0.627075 0.631671
0.432018 0.434855 961.600000 0.683285 0.489707
0.432001 0.434828 961.700000 0.736808 0.578090
0.431988 0.434787 961.800000 0.781295 0.309425
0.431977 0.434746 961.900000 0.810920 0.281590
0.431968 0.434703 962.000000 0.834871 0.196231
0.431960 0.434658 962.100000 0.841928 -0.055453
0.431951 0.434620 962.200000 0.821373 -0.354620
0.431937 0.434592 962.300000 0.774678 -0.576942
0.431918 0.434568 962.400000 0.713547 -0.642625
0.431896 0.434542 962.500000 0.650735 -0.610463
0.431868 0.434541 962.600000 0.573754 -0.925322
0.431835 0.434556 962.700000 0.473500 -1.074731
0.431797 0.434577 962.800000 0.363358 -1.122604
0.431755 0.434605 962.900000 0.247274 -1.193284
0.431711 0.434618 963.000000 0.134410 -1.058334
0.431666 0.434627 963.100000 0.030454 -1.015599
0.431622 0.434630 963.200000 -0.068842 -0.965347
0.431578 0.434643 963.300000 -0.170109 -1.054947
0.431537 0.434643 963.400000 -0.269922 -0.936305
0.431499 0.434636 963.500000 -0.359891 -0.858581
0.431464 0.434616 963.600000 -0.437446 -0.688638
0.431433 0.434591 963.700000 -0.503316 -0.625468
0.431404 0.434554 963.800000 -0.554050 -0.386685
0.431377 0.434515 963.900000 -0.590870 -0.347868
0.431352 0.434472 964.000000 -0.618187 -0.197099
0.431328 0.434428 964.100000 -0.620700 0.146963
0.431302 0.434384 964.200000 -0.606273 0.140848
0.431275 0.434340 964.300000 -0.591143 0.160992
0.431248 0.434297 964.400000 -0.572606 0.208819
0.431219 0.434254 964.500000 -0.552831 0.185698
0.431189 0.434213 964.600000 -0.529863 0.272520
0.431157 0.434172 964.700000 -0.503126 0.260870
0.431124 0.434128 964.800000 -0.481444 0.171702
0.431091 0.434085 964.900000 -0.462759 0.201060
0.431056 0.434048 965.000000 -0.432617 0.400275
0.431019 0.434009 965.100000 -0.395609 0.338033
0.430981 0.433972 965.200000 -0.359266 0.387000
0.430942 0.433931 965.300000 -0.326531 0.266068
0.430902 0.433887 965.400000 -0.304973 0.164018
0.430862 0.433843 965.500000 -0.290795 0.118824
0.430822 0.433799 965.600000 -0.290130 -0.105548
0.430782 0.433755 965.700000 -0.288885 0.130377
0.430741 0.433712 965.800000 -0.273070 0.185128
0.430699 0.433675 965.900000 -0.243386 0.407067
0.430657 0.433645 966.000000 -0.196059 0.537115
0.430613 0.433613 966.100000 -0.144659 0.488315
0.430569 0.433588 966.200000 -0.088724 0.627590
0.430525 0.433576 966.300000 -0.017836 0.786625
0.430480 0.433554 966.400000 0.055060 0.667660
0.430436 0.433518 966.500000 0.110073 0.429844
0.430393 0.433483 966.600000 0.153030 0.427145
0.430350 0.433442 966.700000 0.188000 0.270505
0.430308 0.433397 966.800000 0.197809 -0.074814
0.430265 0.433353 966.900000 0.193988 -0.001429
0.430223 0.433309 967.000000 0.188017 -0.117675
0.430179 0.433270 967.100000 0.164451 -0.352483
0.430136 0.433233 967.200000 0.127497 -0.384750
0.430092 0.433196 967.300000 0.088565 -0.391944
0.430047 0.433162 967.400000 0.045943 -0.458353
0.430003 0.433125 967.500000 0.004379 -0.370860
0.429959 0.433083 967.600000 -0.027389 -0.262906
0.429914 0.433040 967.700000 -0.048031 -0.148898
0.429870 0.432996 967.800000 -0.060269 -0.095245
0.429826 0.432951 967.900000 -0.063377 0.033233
0.429782 0.432906 968.000000 -0.065994 -0.085442
0.429738 0.432862 968.100000 -0.071665 -0.027690
0.429693 0.432818 968.200000 -0.078266 -0.104011
0.429650 0.432775 968.300000 -0.092113 -0.172231
0.429606 0.432731 968.400000 -0.106528 -0.115347
0.429562 0.432686 968.500000 -0.117131 -0.096177
0.429519 0.432642 968.600000 -0.119682 0.045276
0.429475 0.432598 968.700000 -0.109876 0.150360
0.429431 0.432558 968.800000 -0.088120 0.283670
0.429387 0.432515 968.900000 -0.063963 0.198264
0.429343 0.432473 969.000000 -0.042381 0.232288
0.429298 0.432430 969.100000 -0.021388 0.186530
0.429254 0.432386 969.200000 -0.011349 0.013757
0.429210 0.432342 969.300000 -0.003254 0.147735
0.429165 0.432303 969.400000 0.019782 0.311820
0.429121 0.432258 969.500000 0.033822 -0.031707
0.429077 0.432214 969.600000 0.030138 -0.041797
0.429033 0.432169 969.700000 0.031539 0.069754
0.428989 0.432128 969.800000 0.046565 0.230010
0.428945 0.432086 969.900000 0.070244 0.242379
0.428901 0.432053 970.000000 0.105505 0.461085
0.428858 0.432017 970.100000 0.149916 0.424921
0.428816 0.431982 970.200000 0.191980 0.414243
0.428774 0.431944 970.300000 0.231625 0.376668
0.428734 0.431907 970.400000 0.269050 0.369969
0.428695 0.431870 970.500000 0.306208 0.371328
0.428656 0.431829 970.600000 0.339432 0.291497
0.428619 0.431791 970.700000 0.370694 0.332174
0.428583 0.431751 970.800000 0.402704 0.306438
0.428549 0.431707 970.900000 0.422465 0.087787
0.428514 0.431663 971.000000 0.433154 0.125466
0.428479 0.431620 971.100000 0.431052 -0.167402
0.428444 0.431576 971.200000 0.417211 -0.108725
0.428409 0.431534 971.300000 0.401345 -0.207799
0.428373 0.431491 971.400000 0.397830 0.137666
0.428337 0.431447 971.500000 0.408922 0.083619
0.428302 0.431407 971.600000 0.427832 0.293632
0.428269 0.431366 971.700000 0.456408 0.276459
0.428237 0.431322 971.800000 0.473562 0.065768
0.428203 0.431282 971.900000 0.461847 -0.299481
0.428169 0.431245 972.000000 0.428369 -0.368402
0.428132 0.431213 972.100000 0.385127 -0.494274
0.428094 0.431188 972.200000 0.330019 -0.605133
0.428054 0.431159 972.300000 0.272445 -0.543471
0.428012 0.431132 972.400000 0.215563 -0.591329
0.427969 0.431109 972.500000 0.154166 -0.633550
0.427926 0.431077 972.600000 0.097896 -0.489020
0.427882 0.431050 972.700000 0.044110 -0.584016
0.427838 0.431023 972.800000 -0.014701 -0.589262
0.427794 0.430993 972.900000 -0.070016 -0.514269
0.427751 0.430956 973.000000 -0.115655 -0.396236
0.427708 0.430920 973.100000 -0.155463 -0.397938
0.427666 0.430892 973.200000 -0.203457 -0.559538
0.427626 0.430852 973.300000 -0.245383 -0.276879
0.427585 0.430810 973.400000 -0.270548 -0.225170
0.427546 0.430769 973.500000 -0.294502 -0.252715
0.427507 0.430726 973.600000 -0.316261 -0.181373
0.427469 0.430684 973.700000 -0.333846 -0.169454
0.427431 0.430641 973.800000 -0.349477 -0.142369
0.427394 0.430598 973.900000 -0.366455 -0.196348
0.427358 0.430557 974.000000 -0.389110 -0.255614
0.427323 0.430514 974.100000 -0.405375 -0.068882
0.427288 0.430469 974.200000 -0.411524 -0.053784
0.427253 0.430425 974.300000 -0.416672 -0.048914
0.427218 0.430382 974.400000 -0.412607 0.130003
0.427182 0.430338 974.500000 -0.406138 -0.000941
0.427146 0.430298 974.600000 -0.391724 0.288490
0.427109 0.430257 974.700000 -0.364708 0.250477
0.427072 0.430214 974.800000 -0.343753 0.167579
0.427033 0.430174 974.900000 -0.322005 0.266305
0.426994 0.430139 975.000000 -0.287863 0.414818
0.426953 0.430098 975.100000 -0.253586 0.269013
0.426912 0.430064 975.200000 -0.217883 0.443261
0.426870 0.430030 975.300000 -0.174241 0.427387
0.426827 0.429991 975.400000 -0.136661 0.322341
0.426784 0.429948 975.500000 -0.111433 0.180955
0.426740 0.429910 975.600000 -0.085042 0.345545
0.426697 0.429872 975.700000 -0.050816 0.337272
0.426653 0.429835 975.800000 -0.015760 0.362091
0.426609 0.429800 975.900000 0.023413 0.419414
0.426566 0.429767 976.000000 0.068061 0.471300
0.426523 0.429728 976.100000 0.107816 0.321814
0.426480 0.429685 976.200000 0.129016 0.101141
0.426437 0.429641 976.300000 0.137836 0.074802
0.426395 0.429599 976.400000 0.151318 0.194179
0.426352 0.429555 976.500000 0.162816 0.035201
0.426310 0.429511 976.600000 0.166530 0.038899
0.426268 0.429467 976.700000 0.167000 -0.029522
0.426226 0.429424 976.800000 0.158506 -0.139944
0.426183 0.429381 976.900000 0.147262 -0.084379
0.426140 0.429338 977.000000 0.136869 -0.122948
0.426097 0.429298 977.100000 0.116796 -0.277518
0.426054 0.429258 977.200000 0.088271 -0.291559
0.426011 0.429216 977.300000 0.064387 -0.184911
0.425967 0.429176 977.400000 0.042074 -0.260249
0.425924 0.429136 977.500000 0.015077 -0.278332
0.425880 0.429101 977.600000 -0.019691 -0.415298
0.425837 0.429088 977.700000 -0.079756 -0.782997
0.425795 0.429091 977.800000 -0.167060 -0.958706
0.425755 0.429081 977.900000 -0.255691 -0.809488
0.425717 0.429068 978.000000 -0.335527 -0.783244
0.425682 0.429051 978.100000 -0.410874 -0.719930
0.425650 0.429029 978.200000 -0.480125 -0.661634
0.425622 0.429000 978.300000 -0.540244 -0.537720
0.425596 0.428966 978.400000 -0.589224 -0.439438
0.425573 0.428928 978.500000 -0.627101 -0.316213
0.425551 0.428886 978.600000 -0.652813 -0.196731
0.425530 0.428843 978.700000 -0.670001 -0.146187
0.425511 0.428800 978.800000 -0.684120 -0.135472
0.425492 0.428756 978.900000 -0.688546 0.047167
0.425472 0.428713 979.000000 -0.683939 0.044752
0.425452 0.428669 979.100000 -0.680209 0.029652
0.425432 0.428625 979.200000 -0.675639 0.061512
0.425411 0.428582 979.300000 -0.667775 0.095387
0.425390 0.428541 979.400000 -0.652543 0.208486
0.425366 0.428500 979.500000 -0.629376 0.253693
0.425342 0.428458 979.600000 -0.608124 0.170295
0.425316 0.428421 979.700000 -0.581495 0.360950
0.425287 0.428385 979.800000 -0.543906 0.388949
0.425257 0.428352 979.900000 -0.500959 0.467834
0.425224 0.428313 980.000000 -0.463536 0.278768
0.425190 0.428277 980.100000 -0.429744 0.395383
0.425155 0.428240 980.200000 -0.390846 0.380632
0.425117 0.428224 980.300000 -0.335127 0.730950
0.425077 0.428217 980.400000 -0.256306 0.841541
0.425035 0.428199 980.500000 -0.177994 0.720782
0.424993 0.428183 980.600000 -0.104839 0.738648
0.424949 0.428174 980.700000 -0.026779 0.818658
0.424906 0.428170 980.800000 0.058302 0.878705
0.424864 0.428174 980.900000 0.150723 0.965092
0.424824 0.428188 981.000000 0.252628 1.067917
0.424787 0.428201 981.100000 0.359162 1.057428
0.424755 0.428234 981.200000 0.473464 1.222900
0.424730 0.428249 981.300000 0.588544 1.072948
0.424711 0.428244 981.400000 0.685985 0.871002
0.424698 0.428244 981.500000 0.776148 0.927741
0.424693 0.428238 981.600000 0.865871 0.862245
0.424695 0.428221 981.700000 0.945340 0.723152
0.424704 0.428201 981.800000 1.015532 0.677193
0.424721 0.428179 981.900000 1.082364 0.656089
0.424745 0.428165 982.000000 1.153213 0.757347
0.424779 0.428151 982.100000 1.229080 0.756200
0.424821 0.428120 982.200000 1.292689 0.512818
0.424868 0.428080 982.300000 1.331894 0.269315
0.424917 0.428038 982.400000 1.351587 0.123566
0.424968 0.427994 982.500000 1.355430 -0.046908
0.425016 0.427954 982.600000 1.340996 -0.241045
0.425060 0.427916 982.700000 1.311757 -0.342285
0.425101 0.427875 982.800000 1.283434 -0.222758
0.425137 0.427839 982.900000 1.252880 -0.386794
0.425168 0.427811 983.000000 1.206381 -0.540855
0.425192 0.427787 983.100000 1.147650 -0.630825
0.425207 0.427780 983.200000 1.073578 -0.846922
0.425212 0.427807 983.300000 0.972120 -1.177152
0.425205 0.427873 983.400000 0.839468 -1.469261
0.425185 0.427968 983.500000 0.683286 -1.646571
0.425156 0.428035 983.600000 0.526681 -1.477690
0.425120 0.428082 983.700000 0.385940 -1.330109
0.425080 0.428130 983.800000 0.251942 -1.343138
0.425038 0.428161 983.900000 0.123966 -1.209985
0.424995 0.428173 984.000000 0.010957 -1.044554
0.424952 0.428183 984.100000 -0.092947 -1.028331
0.424911 0.428182 984.200000 -0.190691 -0.921654
0.424871 0.428163 984.300000 -0.271454 -0.689567
0.424834 0.428140 984.400000 -0.337915 -0.636331
0.424799 0.428106 984.500000 -0.391055 -0.423810
0.424765 0.428080 984.600000 -0.442002 -0.592576
0.424734 0.428043 984.700000 -0.488887 -0.342798
0.424705 0.428010 984.800000 -0.528737 -0.452191
0.424679 0.427979 984.900000 -0.576424 -0.499174
0.424656 0.427952 985.000000 -0.629971 -0.569093
0.424637 0.427925 985.100000 -0.687163 -0.571884
0.424622 0.427893 985.200000 -0.739527 -0.472786
0.424609 0.427854 985.300000 -0.778563 -0.305969
0.424600 0.427822 985.400000 -0.817803 -0.476865
0.424596 0.427799 985.500000 -0.873007 -0.624463
0.424597 0.427769 985.600000 -0.930517 -0.522854
0.424604 0.427752 985.700000 -0.992776 -0.719213
0.424617 0.427723 985.800000 -1.055584 -0.533813
0.424636 0.427695 985.900000 -1.109538 -0.542559
0.424662 0.427670 986.000000 -1.167156 -0.606922
0.424695 0.427635 986.100000 -1.217840 -0.404234
0.424731 0.427594 986.200000 -1.250105 -0.239443
0.424769 0.427552 986.300000 -1.268342 -0.124385
0.424809 0.427509 986.400000 -1.276259 -0.033572
0.424846 0.427470 986.500000 -1.262207 0.313916
0.424879 0.427437 986.600000 -1.224458 0.439184
0.424906 0.427414 986.700000 -1.170674 0.633799
0.424925 0.427383 986.800000 -1.113573 0.505355
0.424938 0.427373 986.900000 -1.047915 0.804539
0.424943 0.427358 987.000000 -0.970080 0.748265
0.424940 0.427343 987.100000 -0.894988 0.749820
0.424930 0.427346 987.200000 -0.809608 0.953516
0.424914 0.427331 987.300000 -0.724302 0.748326
0.424892 0.427311 987.400000 -0.652504 0.684057
0.424867 0.427292 987.500000 -0.583940 0.683793
0.424837 0.427282 987.600000 -0.508579 0.819657
0.424803 0.427277 987.700000 -0.423919 0.869300
0.424766 0.427271 987.800000 -0.337360 0.857566
0.424726 0.427267 987.900000 -0.250648 0.872341
0.424684 0.427247 988.000000 -0.173059 0.675554
0.424642 0.427233 988.100000 -0.100606 0.769889
0.424599 0.427212 988.200000 -0.029282 0.653010
0.424556 0.427198 988.300000 0.041903 0.767129
0.424514 0.427191 988.400000 0.122637 0.843518
0.424473 0.427172 988.500000 0.199644 0.692774
0.424434 0.427156 988.600000 0.270837 0.727532
0.424397 0.427141 988.700000 0.344967 0.751355
0.424363 0.427117 988.800000 0.413541 0.616700
0.424331 0.427084 988.900000 0.466452 0.438879
0.424301 0.427045 989.000000 0.503893 0.308054
0.424272 0.427003 989.100000 0.526223 0.137437
0.424244 0.426961 989.200000 0.540147 0.140343
0.424217 0.426923 989.300000 0.563721 0.329968
0.424192 0.426885 989.400000 0.595983 0.313658
0.424169 0.426847 989.500000 0.627463 0.314363
0.424148 0.426806 989.600000 0.653240 0.199896
0.424128 0.426766 989.700000 0.676758 0.269291
0.424110 0.426728 989.800000 0.705874 0.311561
0.424094 0.426686 989.900000 0.730331 0.176367
0.424080 0.426646 990.000000 0.750654 0.229073
0.424067 0.426604 990.100000 0.768051 0.117996
0.424055 0.426562 990.200000 0.783768 0.195544
0.424044 0.426520 990.300000 0.791645 -0.038382
0.424032 0.426479 990.400000 0.779081 -0.212278
0.424018 0.426437 990.500000 0.761093 -0.146579
0.424002 0.426402 990.600000 0.733574 -0.402423
0.423983 0.426383 990.700000 0.678833 -0.689666
0.423959 0.426364 990.800000 0.609482 -0.693885
0.423932 0.426326 990.900000 0.559757 -0.298140
0.423903 0.426287 991.000000 0.530442 -0.286685
0.423872 0.426261 991.100000 0.486970 -0.580592
0.423838 0.426258 991.200000 0.413175 -0.891607
0.423801 0.426261 991.300000 0.320349 -0.960276
0.423761 0.426266 991.400000 0.223291 -0.976018
0.423719 0.426276 991.500000 0.123286 -1.019086
0.423676 0.426308 991.600000 0.011018 -1.220668
0.423634 0.426325 991.700000 -0.104994 -1.093774
0.423593 0.426344 991.800000 -0.215166 -1.104148
0.423556 0.426351 991.900000 -0.320735 -1.001955
0.423521 0.426335 992.000000 -0.407512 -0.729258
0.423490 0.426313 992.100000 -0.476054 -0.638153
0.423462 0.426284 992.200000 -0.534270 -0.523254
0.423437 0.426253 992.300000 -0.585811 -0.504975
0.423414 0.426217 992.400000 -0.629300 -0.362643
0.423393 0.426180 992.500000 -0.664701 -0.343594
0.423375 0.426138 992.600000 -0.689887 -0.158881
0.423357 0.426097 992.700000 -0.704945 -0.141528
0.423340 0.426054 992.800000 -0.713181 -0.022772
0.423323 0.426011 992.900000 -0.717656 -0.066514
0.423307 0.425968 993.000000 -0.723988 -0.059807
0.423291 0.425925 993.100000 -0.727514 -0.010527
0.423275 0.425882 993.200000 -0.728822 -0.015578
0.423259 0.425840 993.300000 -0.727827 0.035428
0.423243 0.425797 993.400000 -0.722206 0.076712
0.423225 0.425765 993.500000 -0.695375 0.458575
0.423202 0.425757 993.600000 -0.630658 0.832521
0.423175 0.425753 993.700000 -0.544692 0.882505
0.423142 0.425767 993.800000 -0.447185 1.062756
0.423105 0.425771 993.900000 -0.345527 0.965329
0.423066 0.425759 994.000000 -0.258062 0.779591
0.423025 0.425746 994.100000 -0.180282 0.772125
0.422983 0.425720 994.200000 -0.112870 0.572743
0.422941 0.425704 994.300000 -0.047580 0.729785
0.422898 0.425673 994.400000 0.013734 0.493430
0.422856 0.425644 994.500000 0.064179 0.512956
0.422814 0.425618 994.600000 0.119187 0.584445
0.422774 0.425602 994.700000 0.184896 0.726458
0.422734 0.425577 994.800000 0.251168 0.595667
0.422697 0.425550 994.900000 0.308849 0.555065
0.422661 0.425521 995.000000 0.362931 0.523876
0.422627 0.425488 995.100000 0.412284 0.460706
0.422595 0.425458 995.200000 0.460504 0.501284
0.422566 0.425429 995.300000 0.511656 0.519206
0.422539 0.425395 995.400000 0.558137 0.408082
0.422513 0.425352 995.500000 0.579717 0.022443
0.422488 0.425309 995.600000 0.579354 -0.029680
0.422461 0.425269 995.700000 0.567456 -0.207696
0.422434 0.425230 995.800000 0.543716 -0.265910
0.422404 0.425209 995.900000 0.497402 -0.658049
0.422371 0.425190 996.000000 0.429888 -0.688870
0.422334 0.425196 996.100000 0.346040 -0.983889
0.422295 0.425186 996.200000 0.256171 -0.808997
0.422254 0.425173 996.300000 0.176874 -0.772978
0.422213 0.425160 996.400000 0.099730 -0.766038
0.422170 0.425154 996.500000 0.018302 -0.858451
0.422128 0.425164 996.600000 -0.075722 -1.017329
0.422088 0.425239 996.700000 -0.203775 -1.537332
0.422052 0.425283 996.800000 -0.346640 -1.312836
0.422021 0.425325 996.900000 -0.477294 -1.293713
0.421996 0.425338 997.000000 -0.595081 -1.056138
0.421978 0.425351 997.100000 -0.700956 -1.056061
0.421969 0.425360 997.200000 -0.804921 -1.018048
0.421967 0.425357 997.300000 -0.900573 -0.890198
0.421973 0.425340 997.400000 -0.980813 -0.710594
0.421986 0.425324 997.500000 -1.052956 -0.728655
0.422007 0.425299 997.600000 -1.119319 -0.595281
0.422033 0.425267 997.700000 -1.171858 -0.452880
0.422065 0.425233 997.800000 -1.215601 -0.419803
0.422101 0.425193 997.900000 -1.248721 -0.240931
0.422139 0.425153 998.000000 -1.270458 -0.192716
0.422180 0.425112 998.100000 -1.288852 -0.174249
0.422224 0.425073 998.200000 -1.312183 -0.291217
0.422271 0.425032 998.300000 -1.335531 -0.174573
0.422318 0.424991 998.400000 -1.337206 0.141164
0.422363 0.424952 998.500000 -1.315807 0.285737
0.422403 0.424914 998.600000 -1.285917 0.310584
0.422440 0.424874 998.700000 -1.259085 0.224710
0.422474 0.424839 998.800000 -1.228936 0.376758
0.422501 0.424816 998.900000 -1.178690 0.625662
0.422520 0.424799 999.000000 -1.111647 0.711843
0.422532 0.424787 999.100000 -1.036824 0.780865
0.422536 0.424770 999.200000 -0.961933 0.713208
0.422533 0.424761 999.300000 -0.884788 0.825846
0.422522 0.424767 999.400000 -0.794539 0.974624
0.422504 0.424769 999.500000 -0.698095 0.949425
0.422480 0.424787 999.600000 -0.595431 1.098722
0.422449 0.424817 999.700000 -0.480068 1.202763
0.422413 0.424836 999.800000 -0.363977 1.113263
0.422374 0.424891 999.900000 -0.238435 1.391302
