0.869137 0.618478 0.000000 -1.318436 1.112185
0.793511 0.727872 0.100000 -1.198237 1.294038
0.711816 0.991608 0.200000 -1.047306 1.743032
0.631970 1.013410 0.300000 -0.885924 1.468888
0.563943 0.899284 0.400000 -0.763982 0.941043
0.508137 0.801354 0.500000 -0.676919 0.789560
0.461302 0.725317 0.600000 -0.600482 0.733615
0.421598 0.653070 0.700000 -0.536050 0.542848
0.387705 0.595407 0.800000 -0.482822 0.517889
0.357646 0.568148 0.900000 -0.417399 0.803508
0.330262 0.547619 1.000000 -0.335917 0.827446
0.306014 0.504708 1.100000 -0.280306 0.255676
0.284513 0.488777 1.200000 -0.230232 0.771499
0.264921 0.488523 1.300000 -0.143052 0.985102
0.247287 0.514789 1.400000 -0.028461 1.328551
0.232120 0.524633 1.500000 0.096054 1.159556
0.220190 0.589376 1.600000 0.242132 1.802920
0.211840 0.574002 1.700000 0.373884 0.790773
0.205404 0.544557 1.800000 0.423183 0.170465
0.199846 0.517386 1.900000 0.434165 0.047848
0.195310 0.497396 2.000000 0.457381 0.441802
0.192570 0.490504 2.100000 0.519681 0.831599
0.191342 0.470202 2.200000 0.573249 0.217001
0.190363 0.450836 2.300000 0.579388 -0.104272
0.189217 0.433018 2.400000 0.568724 -0.103723
0.188014 0.416371 2.500000 0.562046 -0.020305
0.186071 0.414185 2.600000 0.520658 -0.845370
0.183091 0.403634 2.700000 0.453040 -0.487390
0.179402 0.400306 2.800000 0.390166 -0.783721
0.174729 0.422158 2.900000 0.280094 -1.453186
0.169487 0.424786 3.000000 0.156313 -1.003612
0.164298 0.414541 3.100000 0.082819 -0.440349
0.159335 0.406905 3.200000 0.032707 -0.570203
0.154657 0.399390 3.300000 -0.023235 -0.550264
0.150328 0.392799 3.400000 -0.079552 -0.580821
0.146419 0.386953 3.500000 -0.138536 -0.603926
0.142999 0.381662 3.600000 -0.199384 -0.618343
0.139841 0.373375 3.700000 -0.214359 0.365367
0.136703 0.364182 3.800000 -0.186956 0.172303
0.133676 0.355084 3.900000 -0.176738 0.023257
0.130752 0.346886 4.000000 -0.166198 0.194916
0.127859 0.340742 4.100000 -0.135943 0.421476
0.124945 0.342185 4.200000 -0.071288 0.897550
0.122105 0.338180 4.300000 0.003041 0.576128
0.119429 0.333722 4.400000 0.058058 0.524547
0.117008 0.334734 4.500000 0.126808 0.872081
0.114929 0.330383 4.600000 0.196590 0.510400
0.112968 0.325227 4.700000 0.203938 -0.407087
0.111066 0.319785 4.800000 0.198732 0.342307
0.109384 0.314504 4.900000 0.232377 0.333934
0.107885 0.308538 5.000000 0.256517 0.142907
0.106460 0.302669 5.100000 0.259982 -0.082139
0.105043 0.297068 5.200000 0.250447 -0.107741
0.103440 0.302873 5.300000 0.192338 -1.104996
0.101620 0.308783 5.400000 0.081290 -1.120682
0.099811 0.312434 5.500000 -0.025429 -1.013117
0.098170 0.311358 5.600000 -0.112043 -0.708729
0.096695 0.306365 5.700000 -0.158976 -0.208447
0.095237 0.303318 5.800000 -0.145977 0.503197
0.093706 0.303386 5.900000 -0.082413 0.784053
0.092171 0.308776 6.000000 0.011952 1.124469
0.090766 0.306922 6.100000 0.100327 0.622646
0.089618 0.314480 6.200000 0.192162 1.251438
0.088992 0.320950 6.300000 0.314780 1.207095
0.089037 0.324898 6.400000 0.428749 1.074813
0.089982 0.334446 6.500000 0.550287 1.382076
0.092240 0.346834 6.600000 0.694676 1.526064
0.095891 0.350239 6.700000 0.825191 1.075492
0.100876 0.355609 6.800000 0.937974 1.200678
0.106906 0.352116 6.900000 1.022708 0.471296
0.112850 0.348213 7.000000 1.028529 -0.387343
0.117793 0.348206 7.100000 0.968230 -0.833909
0.121346 0.352845 7.200000 0.868556 -1.172060
0.123720 0.351998 7.300000 0.770659 -0.761776
0.125544 0.347519 7.400000 0.721890 -0.179251
0.127126 0.343307 7.500000 0.701049 -0.234170
0.128476 0.339062 7.600000 0.679847 -0.181314
0.129624 0.334984 7.700000 0.660311 -0.204802
0.130446 0.332561 7.800000 0.623874 -0.535829
0.130722 0.333607 7.900000 0.552282 -0.912430
0.130261 0.343772 8.000000 0.432167 -1.521184
0.129316 0.341607 8.100000 0.324980 -0.576524
0.128268 0.337532 8.200000 0.290690 -0.083082
0.127208 0.333612 8.300000 0.280126 -0.128092
0.126079 0.331082 8.400000 0.250214 -0.486920
0.124882 0.327473 8.500000 0.214940 -0.203704
0.123645 0.324583 8.600000 0.185698 -0.389851
0.122349 0.322661 8.700000 0.138772 -0.557710
0.121042 0.319037 8.800000 0.109975 0.010110
0.119758 0.315590 8.900000 0.104153 -0.132925
0.118452 0.319194 9.000000 0.043400 -1.134506
0.117199 0.325658 9.100000 -0.080075 -1.351979
0.116087 0.322685 9.200000 -0.165683 -0.313443
0.115116 0.323226 9.300000 -0.222960 -0.864395
0.114325 0.320331 9.400000 -0.282825 -0.310529
0.113612 0.317027 9.500000 -0.302677 -0.078782
0.112989 0.314641 9.600000 -0.326245 -0.413641
0.112412 0.311749 9.700000 -0.335904 0.249936
0.111713 0.310420 9.800000 -0.294209 0.600380
0.110868 0.309234 9.900000 -0.233285 0.619304
0.109953 0.306348 10.000000 -0.191803 0.188605
0.108992 0.304987 10.100000 -0.154412 0.578821
0.107964 0.306336 10.200000 -0.079389 0.942273
0.106930 0.311122 10.300000 0.030066 1.268143
0.106015 0.313544 10.400000 0.146832 1.063366
0.105310 0.315440 10.500000 0.250497 1.014438
0.104874 0.315617 10.600000 0.342236 0.817829
0.104707 0.314786 10.700000 0.416727 0.672042
0.104710 0.311988 10.800000 0.458358 0.140304
0.104893 0.311542 10.900000 0.499826 0.725153
0.105396 0.310462 11.000000 0.566874 0.619031
0.106268 0.310603 11.100000 0.637273 0.807820
0.107460 0.308292 11.200000 0.694162 0.314628
0.108746 0.305602 11.300000 0.712986 0.056876
0.109773 0.306384 11.400000 0.673476 -0.889440
0.110326 0.306352 11.500000 0.589711 -0.777944
0.110410 0.310215 11.600000 0.490340 -1.231547
0.110073 0.312265 11.700000 0.375823 -1.050871
0.109492 0.311837 11.800000 0.286359 -0.722915
0.108714 0.318054 11.900000 0.179457 -1.454573
0.107829 0.319408 12.000000 0.056691 -0.981710
0.106946 0.317174 12.100000 -0.009240 -0.305941
0.106087 0.315797 12.200000 -0.051017 -0.543827
0.105257 0.313250 12.300000 -0.079548 -0.001636
0.104435 0.310859 12.400000 -0.071586 0.169065
0.103625 0.308456 12.500000 -0.068749 -0.127783
0.102844 0.306617 12.600000 -0.093729 -0.386800
0.102115 0.305300 12.700000 -0.138827 -0.525439
0.101418 0.303119 12.800000 -0.155891 0.219190
0.100691 0.301984 12.900000 -0.117912 0.557809
0.099931 0.302874 13.000000 -0.045302 0.914943
0.099187 0.306069 13.100000 0.059660 1.203871
0.098590 0.313576 13.200000 0.199184 1.615191
0.098294 0.317095 13.300000 0.343027 1.253115
0.098389 0.321306 13.400000 0.471519 1.330831
0.098965 0.323621 13.500000 0.594408 1.127999
0.100013 0.324318 13.600000 0.696550 0.915538
0.101514 0.324514 13.700000 0.783850 0.838182
0.103458 0.324131 13.800000 0.862249 0.736694
0.105651 0.321866 13.900000 0.905996 0.118187
0.108087 0.321641 14.000000 0.947822 0.761895
0.110608 0.320126 14.100000 0.965394 -0.461345
0.112887 0.317950 14.200000 0.934416 -0.133751
0.115009 0.315970 14.300000 0.914797 -0.256446
0.116755 0.316608 14.400000 0.858096 -0.903841
0.117822 0.322354 14.500000 0.738325 -1.520185
0.118337 0.322155 14.600000 0.622080 -0.765624
0.118578 0.321053 14.700000 0.554949 -0.564217
0.118539 0.322653 14.800000 0.475023 -1.057698
0.118131 0.330184 14.900000 0.338665 -1.704296
0.117446 0.337004 15.000000 0.171122 -1.649244
0.116674 0.342081 15.100000 0.014131 -1.489128
0.115978 0.348891 15.200000 -0.142666 -1.663687
0.115541 0.356426 15.300000 -0.312018 -1.737416
0.115438 0.356852 15.400000 -0.446391 -0.919251
0.115584 0.355983 15.500000 -0.525819 -0.665249
0.115935 0.354519 15.600000 -0.584191 -0.502372
0.116525 0.354153 15.700000 -0.646690 -0.770192
0.117388 0.352856 15.800000 -0.712470 -0.544029
0.118588 0.353598 15.900000 -0.786602 -0.971081
0.120017 0.351407 16.000000 -0.834988 0.043811
0.121356 0.349417 16.100000 -0.820887 0.240432
0.122725 0.347948 16.200000 -0.830112 -0.469217
0.124320 0.346516 16.300000 -0.876792 -0.475481
0.126128 0.344857 16.400000 -0.919322 -0.381453
0.128257 0.344981 16.500000 -0.979334 -0.854899
0.130819 0.344203 16.600000 -1.054687 -0.655981
0.133473 0.342440 16.700000 -1.073840 0.309734
0.135919 0.340581 16.800000 -1.045829 0.237589
0.138122 0.339236 16.900000 -1.010450 0.473177
0.140085 0.337432 17.000000 -0.973422 0.247923
0.141837 0.336006 17.100000 -0.939602 0.429617
0.143341 0.334573 17.200000 -0.896751 0.419733
0.144667 0.332766 17.300000 -0.864819 0.200612
0.145867 0.331038 17.400000 -0.842209 0.246411
0.146833 0.330621 17.500000 -0.794878 0.717904
0.147602 0.328781 17.600000 -0.752207 0.098750
0.148219 0.327987 17.700000 -0.717653 0.612365
0.148562 0.327944 17.800000 -0.647321 0.800203
0.148512 0.333419 17.900000 -0.528316 1.620831
0.148156 0.332894 18.000000 -0.410467 0.690434
0.147724 0.331068 18.100000 -0.372564 0.032518
0.147234 0.330352 18.200000 -0.340716 0.632464
0.146671 0.328728 18.300000 -0.295512 0.251501
0.146092 0.326953 18.400000 -0.281070 0.023705
0.145469 0.326515 18.500000 -0.246496 0.700733
0.144769 0.326661 18.600000 -0.169825 0.841309
0.144017 0.327061 18.700000 -0.083220 0.896422
0.143256 0.325547 18.800000 -0.022693 0.285865
0.142503 0.324314 18.900000 0.012530 0.427314
0.141762 0.322755 19.000000 0.045829 0.230685
0.141052 0.323442 19.100000 0.103058 0.953631
0.140421 0.323984 19.200000 0.196770 0.925153
0.139906 0.324125 19.300000 0.284826 0.838235
0.139496 0.322826 19.400000 0.346417 0.376553
0.139123 0.321183 19.500000 0.364115 -0.039029
0.138714 0.319986 19.600000 0.342303 -0.413480
0.138220 0.319743 19.700000 0.285560 -0.737176
0.137619 0.321357 19.800000 0.193179 -1.132261
0.136946 0.323291 19.900000 0.077413 -1.190126
0.136264 0.321971 20.000000 -0.001061 -0.340103
0.135592 0.320505 20.100000 -0.029646 -0.227482
0.134929 0.318954 20.200000 -0.046648 -0.107742
0.134276 0.317410 20.300000 -0.056485 -0.089056
0.133639 0.316566 20.400000 -0.086571 -0.537282
0.133020 0.315049 20.500000 -0.110446 0.089054
0.132404 0.313527 20.600000 -0.105958 -0.004883
0.131781 0.313066 20.700000 -0.074899 0.659974
0.131151 0.312348 20.800000 -0.013255 0.570950
0.130534 0.312379 20.900000 0.054474 0.798475
0.129942 0.311006 21.000000 0.106331 0.212583
0.129390 0.311494 21.100000 0.160539 0.910487
0.128918 0.311098 21.200000 0.240064 0.673950
0.128479 0.309751 21.300000 0.265092 -0.214172
0.128032 0.308310 21.400000 0.253803 0.001255
0.127576 0.306994 21.500000 0.243355 -0.219282
0.127119 0.305625 21.600000 0.238391 0.140191
0.126693 0.304491 21.700000 0.261814 0.342013
0.126343 0.304476 21.800000 0.316362 0.776222
0.126159 0.306455 21.900000 0.414468 1.216314
0.126146 0.305410 22.000000 0.496368 0.388669
0.126226 0.304440 22.100000 0.536574 0.424335
0.126377 0.303126 22.200000 0.565691 0.151230
0.126543 0.301775 22.300000 0.571745 -0.033407
0.126661 0.300697 22.400000 0.553412 -0.344057
0.126683 0.299855 22.500000 0.512853 -0.470032
0.126592 0.299252 22.600000 0.460940 -0.570885
0.126368 0.299690 22.700000 0.388498 -0.893333
0.126068 0.298386 22.800000 0.339347 -0.045903
0.125816 0.298123 22.900000 0.369462 0.690102
0.125751 0.300949 23.000000 0.470736 1.378956
0.125938 0.301086 23.100000 0.581363 0.815929
0.126342 0.301308 23.200000 0.663593 0.840035
0.127001 0.301692 23.300000 0.749142 0.884331
0.128116 0.307571 23.400000 0.881990 1.834808
0.129851 0.309585 23.500000 1.036912 1.251402
0.132041 0.309575 23.600000 1.139053 0.783760
0.134489 0.308516 23.700000 1.195582 0.338917
0.137174 0.308256 23.800000 1.245992 0.702143
0.140212 0.308051 23.900000 1.316239 0.719890
0.143489 0.306877 24.000000 1.363876 0.223690
0.146834 0.305639 24.100000 1.380589 0.119918
0.150236 0.304456 24.200000 1.395251 0.191522
0.153551 0.303555 24.300000 1.385096 -0.411381
0.156661 0.302404 24.400000 1.353046 -0.207188
0.159657 0.301194 24.500000 1.336888 -0.097774
0.162464 0.300532 24.600000 1.306236 -0.524897
0.165153 0.299406 24.700000 1.287837 0.205659
0.167817 0.298307 24.800000 1.287214 -0.226907
0.170557 0.297988 24.900000 1.306002 0.661062
0.173575 0.297251 25.000000 1.362486 0.475386
0.176780 0.296246 25.100000 1.400781 0.297274
0.180031 0.295079 25.200000 1.413700 -0.041124
0.183374 0.294422 25.300000 1.434840 0.506658
0.186893 0.293345 25.400000 1.470080 0.198980
0.190552 0.292525 25.500000 1.499093 0.408031
0.194506 0.292380 25.600000 1.553556 0.714494
0.198782 0.291622 25.700000 1.611043 0.440099
0.203303 0.290903 25.800000 1.655035 0.459176
0.207771 0.290360 25.900000 1.652323 -0.547440
0.211912 0.289508 26.000000 1.605380 -0.368354
0.215735 0.289046 26.100000 1.557794 -0.580407
0.219247 0.288189 26.200000 1.509711 -0.356974
0.222504 0.287479 26.300000 1.469008 -0.448692
0.225322 0.288714 26.400000 1.392244 -1.109011
0.227597 0.289300 26.500000 1.288810 -0.942833
0.229549 0.288404 26.600000 1.223797 -0.316546
0.231312 0.287717 26.700000 1.184981 -0.456570
0.232792 0.287880 26.800000 1.121904 -0.814349
0.234014 0.287078 26.900000 1.060808 -0.377657
0.235004 0.287208 27.000000 1.002462 -0.803025
0.235585 0.290567 27.100000 0.886503 -1.549656
0.235697 0.294135 27.200000 0.729573 -1.590374
0.235372 0.301909 27.300000 0.541622 -2.201917
0.234717 0.307961 27.400000 0.332108 -1.983013
0.233903 0.312641 27.500000 0.143369 -1.788650
0.233065 0.320808 27.600000 -0.057867 -2.269340
0.232371 0.328716 27.700000 -0.283008 -2.244726
0.232018 0.338523 27.800000 -0.517696 -2.475831
0.232214 0.347032 27.900000 -0.757594 -2.332818
0.233098 0.353871 28.000000 -0.980280 -2.130084
0.234698 0.357505 28.100000 -1.169997 -1.660542
0.236843 0.357561 28.200000 -1.297300 -0.864039
0.239327 0.357056 28.300000 -1.372912 -0.654701
0.242135 0.356784 28.400000 -1.441930 -0.747745
0.245201 0.355726 28.500000 -1.495943 -0.328813
0.248394 0.354596 28.600000 -1.524301 -0.250933
0.251737 0.353665 28.700000 -1.556379 -0.415886
0.255029 0.352971 28.800000 -1.551178 0.553163
0.257792 0.355298 28.900000 -1.453515 1.433839
0.259860 0.357470 29.000000 -1.311142 1.405121
0.261316 0.359620 29.100000 -1.170404 1.403875
0.262251 0.361262 29.200000 -1.034881 1.296616
0.262817 0.361297 29.300000 -0.925630 0.862001
0.262994 0.365652 29.400000 -0.794077 1.814469
0.262692 0.373458 29.500000 -0.589071 2.313536
0.262003 0.384335 29.600000 -0.340449 2.684715
0.261149 0.387530 29.700000 -0.122244 1.634856
0.260277 0.389397 29.800000 0.028583 1.375417
0.259447 0.389958 29.900000 0.150622 1.056083
0.258668 0.388886 30.000000 0.223239 0.367059
0.257923 0.387824 30.100000 0.259835 0.369128
0.257206 0.386570 30.200000 0.284944 0.124739
0.256494 0.385317 30.300000 0.286281 -0.106679
0.255742 0.385787 30.400000 0.231847 -1.028207
0.254932 0.386490 30.500000 0.125952 -1.096357
0.254103 0.386110 30.600000 0.033669 -0.734799
0.253280 0.385394 30.700000 -0.032068 -0.575064
0.252469 0.384262 30.800000 -0.074835 -0.267419
0.251671 0.383128 30.900000 -0.100902 -0.255458
0.250887 0.381961 31.000000 -0.123750 -0.200994
0.250121 0.381037 31.100000 -0.154719 -0.432877
0.249378 0.379895 31.200000 -0.187604 -0.217311
0.248649 0.378693 31.300000 -0.202132 -0.068428
0.247936 0.377632 31.400000 -0.219780 -0.299056
0.247252 0.376624 31.500000 -0.251609 -0.343644
0.246589 0.375446 31.600000 -0.273218 -0.078931
0.245913 0.374760 31.700000 -0.250654 0.560739
0.245199 0.374246 31.800000 -0.190410 0.649235
0.244462 0.373315 31.900000 -0.137776 0.391386
0.243723 0.372159 32.000000 -0.120202 -0.063139
0.242982 0.371320 32.100000 -0.102049 0.451766
0.242242 0.370242 32.200000 -0.088553 -0.215608
0.241509 0.369108 32.300000 -0.096249 0.074963
0.240784 0.368143 32.400000 -0.108029 -0.332596
0.240064 0.367131 32.500000 -0.112263 0.277186
0.239343 0.366043 32.600000 -0.090581 0.150105
0.238622 0.364967 32.700000 -0.075021 0.161572
0.237899 0.364222 32.800000 -0.043306 0.490130
0.237179 0.363627 32.900000 0.009817 0.579158
0.236470 0.363260 33.000000 0.073097 0.695733
0.235784 0.362543 33.100000 0.133219 0.500832
0.235118 0.361479 33.200000 0.165404 0.127177
0.234465 0.360529 33.300000 0.186075 0.297518
0.233815 0.359694 33.400000 0.182501 -0.402407
0.233138 0.360252 33.500000 0.111792 -1.045927
0.232447 0.360115 33.600000 0.019423 -0.792506
0.231764 0.359948 33.700000 -0.059007 -0.779380
0.231100 0.359019 33.800000 -0.114041 -0.300802
0.230448 0.358000 33.900000 -0.137195 -0.157452
0.229801 0.356957 34.000000 -0.142109 0.068872
0.229149 0.356243 34.100000 -0.115939 0.474846
0.228492 0.355209 34.200000 -0.088218 0.059026
0.227848 0.354776 34.300000 -0.115500 -0.642140
0.227237 0.354589 34.400000 -0.185164 -0.761986
0.226676 0.354251 34.500000 -0.257620 -0.689160
0.226155 0.353283 34.600000 -0.302639 -0.191221
0.225658 0.352396 34.700000 -0.326690 -0.299528
0.225179 0.351387 34.800000 -0.341910 0.006372
0.224668 0.351265 34.900000 -0.304183 0.785819
0.224085 0.352731 35.000000 -0.200541 1.316007
0.223458 0.353336 35.100000 -0.081142 1.063609
0.222827 0.355223 35.200000 0.042232 1.427828
0.222251 0.357884 35.300000 0.193281 1.610723
0.221814 0.361821 35.400000 0.366294 1.873791
0.221567 0.362615 35.500000 0.518020 1.135382
0.221443 0.361799 35.600000 0.595092 0.377324
0.221355 0.360791 35.700000 0.616670 0.044674
0.221282 0.359806 35.800000 0.624459 0.121548
0.221242 0.358906 35.900000 0.643188 0.267606
0.221315 0.359259 36.000000 0.703589 0.986068
0.221569 0.359094 36.100000 0.791538 0.773978
0.221986 0.358744 36.200000 0.863942 0.681210
0.222547 0.358115 36.300000 0.923319 0.509516
0.223242 0.357552 36.400000 0.975705 0.552372
0.224075 0.356913 36.500000 1.027715 0.497611
0.225069 0.356566 36.600000 1.085364 0.677746
0.226235 0.355931 36.700000 1.143777 0.495317
0.227549 0.355293 36.800000 1.192418 0.491358
0.228974 0.354408 36.900000 1.228717 0.235669
0.230497 0.353687 37.000000 1.260195 0.416966
0.232177 0.353158 37.100000 1.307928 0.560004
0.233933 0.352222 37.200000 1.332270 -0.091413
0.235731 0.351505 37.300000 1.346242 0.410090
0.237788 0.352192 37.400000 1.419324 1.103669
0.240215 0.352223 37.500000 1.516810 0.852853
0.242935 0.351826 37.600000 1.590862 0.636462
0.245849 0.351054 37.700000 1.639834 0.347004
0.249030 0.351406 37.800000 1.703817 0.984427
0.252712 0.352662 37.900000 1.815493 1.287255
0.256825 0.352126 38.000000 1.907808 0.544901
0.261165 0.351477 38.100000 1.956997 0.456155
0.265559 0.350598 38.200000 1.971760 -0.171999
0.269654 0.350836 38.300000 1.917217 -0.940481
0.273125 0.353158 38.400000 1.792267 -1.577842
0.275851 0.355983 38.500000 1.628257 -1.699141
0.277819 0.360600 38.600000 1.440404 -2.070084
0.278970 0.369021 38.700000 1.203679 -2.693742
0.279408 0.375537 38.800000 0.947860 -2.409828
0.279326 0.382493 38.900000 0.703463 -2.485294
0.278926 0.384912 39.000000 0.495753 -1.629926
0.278357 0.387149 39.100000 0.334900 -1.588593
0.277685 0.390180 39.200000 0.167383 -1.776657
0.276980 0.393316 39.300000 -0.011159 -1.803252
0.276319 0.395227 39.400000 -0.177372 -1.515476
0.275753 0.396741 39.500000 -0.323455 -1.410400
0.275317 0.397502 39.600000 -0.453164 -1.182430
0.275052 0.399102 39.700000 -0.582988 -1.438276
0.274967 0.398837 39.800000 -0.694284 -0.765633
0.274950 0.397841 39.900000 -0.732205 0.038552
0.274925 0.396851 40.000000 -0.728128 0.035733
0.274931 0.396063 40.100000 -0.744831 -0.399828
0.275034 0.395578 40.200000 -0.795404 -0.633471
0.275217 0.394627 40.300000 -0.835407 -0.152562
0.275479 0.394159 40.400000 -0.873296 -0.640033
0.275803 0.393198 40.500000 -0.902080 0.090706
0.276017 0.393327 40.600000 -0.852161 0.944057
0.276067 0.392938 40.700000 -0.769839 0.685204
0.276003 0.392369 40.800000 -0.706773 0.565730
0.275854 0.391648 40.900000 -0.655929 0.440463
0.275687 0.390767 41.000000 -0.644061 -0.243334
0.275547 0.389826 41.100000 -0.660159 -0.077621
0.275405 0.388899 41.200000 -0.658263 0.118866
0.275266 0.388002 41.300000 -0.660524 -0.186078
0.275219 0.388167 41.400000 -0.715191 -0.955338
0.275300 0.387469 41.500000 -0.785814 -0.442303
0.275401 0.386610 41.600000 -0.797054 0.243414
0.275432 0.386005 41.700000 -0.759412 0.517126
0.275442 0.385210 41.800000 -0.747325 -0.324539
0.275537 0.384778 41.900000 -0.794178 -0.638225
0.275783 0.384868 42.000000 -0.870756 -0.919426
0.276321 0.387743 42.100000 -1.003163 -1.787984
0.277242 0.388584 42.200000 -1.154049 -1.219251
0.278496 0.389236 42.300000 -1.271956 -1.153370
0.280094 0.389742 42.400000 -1.383794 -1.099338
0.281970 0.389250 42.500000 -1.469115 -0.600461
0.284037 0.388704 42.600000 -1.526271 -0.558284
0.286365 0.388874 42.700000 -1.600250 -0.960663
0.289097 0.389723 42.800000 -1.707894 -1.227325
0.292324 0.390676 42.900000 -1.831222 -1.264730
0.296018 0.390810 43.000000 -1.941388 -0.946827
0.300088 0.390607 43.100000 -2.026895 -0.778870
0.304571 0.391023 43.200000 -2.117265 -1.068127
0.309364 0.390193 43.300000 -2.183899 -0.248189
0.314305 0.389535 43.400000 -2.217420 -0.456338
0.319278 0.388715 43.500000 -2.228274 0.251965
0.324073 0.387963 43.600000 -2.197527 0.347007
0.328560 0.387827 43.700000 -2.139853 0.810735
0.332760 0.387017 43.800000 -2.084349 0.252854
0.336712 0.386741 43.900000 -2.035545 0.728756
0.340361 0.386147 44.000000 -1.972699 0.499595
0.343774 0.385526 44.100000 -1.923140 0.473084
0.346963 0.384926 44.200000 -1.874245 0.488907
0.349920 0.384393 44.300000 -1.821897 0.544829
0.352452 0.386251 44.400000 -1.718730 1.556399
0.354363 0.388928 44.500000 -1.552151 1.777834
0.355686 0.391494 44.600000 -1.375261 1.752471
0.356472 0.394904 44.700000 -1.189992 1.959269
0.356849 0.395897 44.800000 -1.025371 1.296700
0.356974 0.396166 44.900000 -0.908781 1.016941
0.356891 0.396826 45.000000 -0.799276 1.177898
0.356586 0.398722 45.100000 -0.662176 1.583654
0.356073 0.401002 45.200000 -0.498767 1.691949
0.355394 0.405096 45.300000 -0.309213 2.125880
0.354624 0.408913 45.400000 -0.099688 2.069758
0.353857 0.411767 45.500000 0.096352 1.849337
0.353169 0.414678 45.600000 0.281575 1.866750
0.352594 0.414723 45.700000 0.423395 0.933150
0.352136 0.415668 45.800000 0.533747 1.302473
0.351810 0.415336 45.900000 0.636040 0.725192
0.351563 0.414557 46.000000 0.689569 0.335034
0.351340 0.413661 46.100000 0.704874 -0.040014
0.351122 0.412781 46.200000 0.707696 0.111259
0.350908 0.411896 46.300000 0.710135 -0.064060
0.350702 0.411038 46.400000 0.714093 0.161876
0.350482 0.410307 46.500000 0.704422 -0.375589
0.350182 0.410039 46.600000 0.648632 -0.755121
0.349805 0.409332 46.700000 0.589906 -0.398087
0.349374 0.408773 46.800000 0.543067 -0.542495
0.348904 0.407927 46.900000 0.507323 -0.149097
0.348430 0.407063 47.000000 0.501126 0.039358
0.347945 0.406295 47.100000 0.488819 -0.298028
0.347415 0.405917 47.200000 0.440990 -0.675083
0.346848 0.405097 47.300000 0.396648 -0.185105
0.346259 0.404432 47.400000 0.366774 -0.421856
0.345643 0.403757 47.500000 0.325172 -0.407995
0.345013 0.402914 47.600000 0.300707 -0.061989
0.344380 0.402089 47.700000 0.291146 -0.130144
0.343737 0.401357 47.800000 0.269032 -0.319896
0.343083 0.400539 47.900000 0.245826 -0.133405
0.342421 0.399850 48.000000 0.221131 -0.371251
0.341757 0.399057 48.100000 0.210542 0.189216
0.341106 0.398321 48.200000 0.234303 0.294652
0.340473 0.397583 48.300000 0.263230 0.287419
0.339851 0.396764 48.400000 0.278944 0.016760
0.339222 0.396084 48.500000 0.262412 -0.364600
0.338571 0.395794 48.600000 0.209385 -0.713605
0.337898 0.395342 48.700000 0.143855 -0.592264
0.337208 0.397423 48.800000 0.033136 -1.681109
0.336535 0.398621 48.900000 -0.121381 -1.403111
0.335923 0.400202 49.000000 -0.267414 -1.532976
0.335417 0.401613 49.100000 -0.417631 -1.479287
0.335061 0.403032 49.200000 -0.565187 -1.484056
0.334894 0.404324 49.300000 -0.710991 -1.443331
0.334920 0.404540 49.400000 -0.834110 -1.011005
0.335173 0.406102 49.500000 -0.959378 -1.535636
0.335716 0.406933 49.600000 -1.099944 -1.279893
0.336552 0.407731 49.700000 -1.226506 -1.268493
0.337723 0.408780 49.800000 -1.356965 -1.364680
0.339163 0.408280 49.900000 -1.454442 -0.563453
0.340720 0.407541 50.000000 -1.496262 -0.275280
0.342268 0.406823 50.100000 -1.495391 0.306934
0.343776 0.406024 50.200000 -1.483479 -0.103642
0.345322 0.405270 50.300000 -1.498932 -0.227321
0.346961 0.404669 50.400000 -1.531475 -0.451523
0.348645 0.403884 50.500000 -1.548730 0.118750
0.350333 0.403132 50.600000 -1.551874 -0.213990
0.352082 0.402402 50.700000 -1.574292 -0.253079
0.353791 0.401854 50.800000 -1.563189 0.497564
0.355388 0.401092 50.900000 -1.528682 0.161894
0.356938 0.400317 51.000000 -1.514659 0.100939
0.358356 0.400124 51.100000 -1.471828 0.776629
0.359487 0.400920 51.200000 -1.370189 1.271561
0.360312 0.401275 51.300000 -1.251754 1.080042
0.360870 0.401883 51.400000 -1.137943 1.195433
0.361155 0.403025 51.500000 -1.008089 1.407734
0.361234 0.402852 51.600000 -0.896345 0.792055
0.361153 0.403386 51.700000 -0.799200 1.165730
0.360917 0.403532 51.800000 -0.691382 0.978928
0.360550 0.404146 51.900000 -0.582810 1.202537
0.360056 0.405163 52.000000 -0.454801 1.366780
0.359455 0.407128 52.100000 -0.302876 1.691462
0.358782 0.409847 52.200000 -0.123534 1.912904
0.358099 0.410692 52.300000 0.038549 1.305627
0.357448 0.412318 52.400000 0.182232 1.590259
0.356875 0.413531 52.500000 0.334083 1.449554
0.356408 0.414362 52.600000 0.471633 1.304796
0.356069 0.414862 52.700000 0.594902 1.164809
0.355834 0.414357 52.800000 0.681334 0.543197
0.355677 0.413915 52.900000 0.737868 0.600155
0.355567 0.413138 53.000000 0.771691 0.058317
0.355458 0.412367 53.100000 0.770869 -0.073682
0.355298 0.412001 53.200000 0.735386 -0.659480
0.355042 0.411884 53.300000 0.660876 -0.836151
0.354679 0.412113 53.400000 0.567805 -1.033434
0.354256 0.411366 53.500000 0.506062 -0.154965
0.353820 0.410630 53.600000 0.489241 -0.178429
0.353374 0.409868 53.700000 0.478042 -0.033996
0.352914 0.409222 53.800000 0.459324 -0.352526
0.352407 0.409257 53.900000 0.396820 -0.924960
0.351861 0.408537 54.000000 0.338765 -0.198818
0.351313 0.407786 54.100000 0.331007 0.059598
0.350776 0.407095 54.200000 0.345970 0.253493
0.350259 0.406413 54.300000 0.371876 0.270302
0.349783 0.406351 54.400000 0.426733 0.863192
0.349377 0.406079 54.500000 0.505718 0.717662
0.348994 0.405414 54.600000 0.529227 -0.291784
0.348556 0.405584 54.700000 0.466394 -0.998302
0.348031 0.406625 54.800000 0.347660 -1.398008
0.347441 0.407151 54.900000 0.218388 -1.179819
0.346819 0.407950 55.000000 0.094836 -1.301663
0.346191 0.407447 55.100000 0.002438 -0.510561
0.345565 0.406778 55.200000 -0.011245 0.275602
0.344942 0.406418 55.300000 0.033657 0.643136
0.344325 0.405686 55.400000 0.068316 0.021014
0.343709 0.404970 55.500000 0.063476 -0.124690
0.343099 0.404684 55.600000 0.090110 0.700799
0.342512 0.404957 55.700000 0.176755 1.055342
0.341994 0.407717 55.800000 0.325438 1.974005
0.341612 0.409344 55.900000 0.505573 1.623902
0.341385 0.410254 56.000000 0.654620 1.356583
0.341302 0.410234 56.100000 0.767645 0.893199
0.341340 0.410068 56.200000 0.851736 0.795878
0.341518 0.410222 56.300000 0.940218 0.997051
0.341787 0.409497 56.400000 0.993543 0.033380
0.342129 0.409400 56.500000 1.034669 0.841815
0.342619 0.409166 56.600000 1.113464 0.743687
0.343195 0.408457 56.700000 1.157426 0.117646
0.343697 0.408415 56.800000 1.121468 -0.876961
0.344017 0.408646 56.900000 1.025757 -1.039196
0.344140 0.409368 57.000000 0.910139 -1.281100
0.344036 0.411685 57.100000 0.754365 -1.862630
0.343764 0.411681 57.200000 0.613584 -0.904838
0.343388 0.412350 57.300000 0.506137 -1.261499
0.342956 0.411641 57.400000 0.434982 -0.102165
0.342525 0.410941 57.500000 0.435499 0.128459
0.342109 0.410281 57.600000 0.453594 0.244581
0.341741 0.410241 57.700000 0.507863 0.880063
0.341453 0.410079 57.800000 0.591399 0.795946
0.341236 0.409602 57.900000 0.657218 0.515784
0.341040 0.408935 58.000000 0.673865 -0.211853
0.340776 0.409185 58.100000 0.612565 -1.052772
0.340415 0.409299 58.200000 0.510928 -0.975316
0.339955 0.411157 58.300000 0.377705 -1.728831
0.339418 0.411784 58.400000 0.227887 -1.247506
0.338854 0.411390 58.500000 0.133953 -0.601464
0.338280 0.411269 58.600000 0.063304 -0.825109
0.337705 0.411287 58.700000 -0.023428 -0.918150
0.337143 0.411243 58.800000 -0.113083 -0.877901
0.336609 0.411604 58.900000 -0.211937 -1.117532
0.336125 0.411714 59.000000 -0.316604 -0.976380
0.335670 0.411020 59.100000 -0.365878 0.035869
0.335229 0.410501 59.200000 -0.385356 -0.454725
0.334804 0.409812 59.300000 -0.406866 0.044570
0.334389 0.409212 59.400000 -0.419791 -0.326443
0.334002 0.408642 59.500000 -0.454288 -0.371792
0.333641 0.408027 59.600000 -0.487241 -0.289438
0.333279 0.407460 59.700000 -0.484620 0.370182
0.332911 0.406815 59.800000 -0.474742 -0.205847
0.332598 0.407201 59.900000 -0.538815 -1.130070
0.332383 0.407112 60.000000 -0.637579 -0.841350
0.332226 0.406461 60.100000 -0.689467 -0.171989
0.332100 0.405908 60.200000 -0.716234 -0.382210
0.332042 0.405688 60.300000 -0.770903 -0.739136
0.332084 0.405501 60.400000 -0.845474 -0.765261
0.332202 0.404900 60.500000 -0.898662 -0.285735
0.332363 0.404305 60.600000 -0.927244 -0.297001
0.332613 0.404282 60.700000 -0.984192 -0.883665
0.332977 0.403803 60.800000 -1.052435 -0.474131
0.333393 0.403157 60.900000 -1.083257 -0.137625
0.333798 0.402546 61.000000 -1.078369 0.243916
0.334123 0.402291 61.100000 -1.031766 0.702801
0.334321 0.402217 61.200000 -0.954446 0.844426
0.334349 0.403398 61.300000 -0.838608 1.501826
0.334234 0.403147 61.400000 -0.726112 0.705714
0.334050 0.402709 61.500000 -0.664335 0.516317
0.333810 0.402317 61.600000 -0.610129 0.566528
0.333518 0.401921 61.700000 -0.553523 0.562230
0.333212 0.401334 61.800000 -0.536936 -0.277239
0.332939 0.400859 61.900000 -0.573069 -0.461981
0.332698 0.400239 62.000000 -0.605365 -0.177091
0.332470 0.399599 62.100000 -0.617456 -0.065874
0.332221 0.399168 62.200000 -0.596308 0.512777
0.331925 0.398776 62.300000 -0.542853 0.555294
0.331607 0.398141 62.400000 -0.516349 -0.060119
0.331296 0.397508 62.500000 -0.522501 -0.068865
0.330982 0.396893 62.600000 -0.518573 0.153545
0.330657 0.396273 62.700000 -0.504550 0.120827
0.330308 0.395910 62.800000 -0.470528 0.579334
0.329917 0.395585 62.900000 -0.410631 0.619031
0.329487 0.395431 63.000000 -0.341409 0.772646
0.329025 0.395061 63.100000 -0.273846 0.568533
0.328540 0.394799 63.200000 -0.211864 0.677060
0.328043 0.394226 63.300000 -0.164502 0.249104
0.327542 0.393656 63.400000 -0.139292 0.255078
0.327041 0.393053 63.500000 -0.132636 -0.142955
0.326552 0.392886 63.600000 -0.175929 -0.757306
0.326080 0.392319 63.700000 -0.227236 -0.247772
0.325616 0.391705 63.800000 -0.241517 -0.029954
0.325159 0.391173 63.900000 -0.258055 -0.318584
0.324722 0.390773 64.000000 -0.299227 -0.519681
0.324323 0.390862 64.100000 -0.371121 -0.946384
0.323965 0.390310 64.200000 -0.433262 -0.269507
0.323605 0.389810 64.300000 -0.429668 0.369261
0.323231 0.389213 64.400000 -0.405562 0.096126
0.322876 0.389004 64.500000 -0.434094 -0.712899
0.322584 0.389148 64.600000 -0.517733 -0.982155
0.322381 0.389359 64.700000 -0.617480 -1.025402
0.322273 0.389300 64.800000 -0.710555 -0.837792
0.322276 0.389587 64.900000 -0.804926 -1.073554
0.322371 0.389081 65.000000 -0.877126 -0.345853
0.322493 0.388485 65.100000 -0.896389 -0.033545
0.322648 0.388061 65.200000 -0.920100 -0.472941
0.322883 0.387817 65.300000 -0.976426 -0.675964
0.323195 0.387309 65.400000 -1.027043 -0.331565
0.323523 0.386731 65.500000 -1.037751 0.129658
0.323849 0.386156 65.600000 -1.036708 -0.132275
0.324222 0.385765 65.700000 -1.067144 -0.507252
0.324623 0.385202 65.800000 -1.084950 0.173637
0.324939 0.385239 65.900000 -1.032458 0.904739
0.325160 0.384720 66.000000 -0.970783 0.290896
0.325350 0.384149 66.100000 -0.949442 0.118684
0.325541 0.383592 66.200000 -0.950857 -0.171111
0.325756 0.383040 66.300000 -0.968018 -0.183157
0.325967 0.382509 66.400000 -0.965525 0.244909
0.326121 0.382170 66.500000 -0.925704 0.559715
0.326214 0.381676 66.600000 -0.880523 0.325260
0.326228 0.381744 66.700000 -0.819268 0.924274
0.326154 0.381404 66.800000 -0.744161 0.555107
0.326007 0.381367 66.900000 -0.674717 0.844485
0.325735 0.383786 67.000000 -0.535307 2.002353
0.325329 0.386757 67.100000 -0.326826 2.181895
0.324854 0.390160 67.200000 -0.102800 2.313776
0.324385 0.394050 67.300000 0.134683 2.454441
0.323994 0.395765 67.400000 0.346599 1.761687
0.323708 0.396943 67.500000 0.511817 1.543956
0.323546 0.397621 67.600000 0.654390 1.308352
0.323524 0.398345 67.700000 0.785720 1.332970
0.323658 0.398759 67.800000 0.910374 1.166198
0.323930 0.398640 67.900000 1.008748 0.797103
0.324295 0.398182 68.000000 1.069695 0.416053
0.324714 0.397660 68.100000 1.104668 0.289654
0.325164 0.397086 68.200000 1.124377 0.107512
0.325625 0.396507 68.300000 1.131577 0.044996
0.326087 0.395928 68.400000 1.133591 0.004720
0.326582 0.395483 68.500000 1.153489 0.426824
0.327133 0.394959 68.600000 1.187846 0.265613
0.327753 0.394616 68.700000 1.227834 0.563068
0.328473 0.394270 68.800000 1.283225 0.559835
0.329270 0.393761 68.900000 1.325821 0.293859
0.330202 0.394150 69.000000 1.395068 1.151007
0.331377 0.394651 69.100000 1.512311 1.217353
0.332815 0.395022 69.200000 1.629375 1.141453
0.334513 0.395269 69.300000 1.738767 1.064645
0.336385 0.394769 69.400000 1.808296 0.309161
0.338259 0.394247 69.500000 1.811715 -0.250520
0.340021 0.393930 69.600000 1.769803 -0.588727
0.341590 0.393975 69.700000 1.694425 -0.921751
0.342971 0.393676 69.800000 1.616456 -0.609082
0.344234 0.393205 69.900000 1.566859 -0.356623
0.345403 0.392796 70.000000 1.525500 -0.462331
0.346485 0.392297 70.100000 1.486716 -0.291536
0.347490 0.391864 70.200000 1.450842 -0.419335
0.348386 0.391580 70.300000 1.398820 -0.619315
0.349188 0.391083 70.400000 1.352145 -0.285911
0.349951 0.390533 70.500000 1.332600 -0.082264
0.350718 0.390001 70.600000 1.335650 0.169409
0.351513 0.389469 70.700000 1.351458 0.160526
0.352343 0.388965 70.800000 1.371250 0.254619
0.353214 0.388446 70.900000 1.393406 0.200718
0.354088 0.387916 71.000000 1.395989 -0.152650
0.354913 0.387440 71.100000 1.372448 -0.313489
0.355639 0.387262 71.200000 1.321151 -0.721868
0.356304 0.386730 71.300000 1.288439 0.121419
0.356989 0.386204 71.400000 1.301198 0.148725
0.357633 0.385937 71.500000 1.278762 -0.624339
0.358130 0.386180 71.600000 1.195301 -1.058208
0.358520 0.385672 71.700000 1.129379 -0.209173
0.358944 0.385504 71.800000 1.152292 0.726901
0.359468 0.385137 71.900000 1.213157 0.493452
0.360125 0.385459 72.000000 1.291006 1.110758
0.360993 0.385908 72.100000 1.404961 1.191329
0.362087 0.386173 72.200000 1.517572 1.075104
0.363414 0.386526 72.300000 1.626769 1.132699
0.364961 0.386441 72.400000 1.723453 0.806014
0.366682 0.386221 72.500000 1.796724 0.673927
0.368531 0.385799 72.600000 1.850012 0.398874
0.370503 0.385533 72.700000 1.899333 0.619774
0.372591 0.385072 72.800000 1.945683 0.313351
0.374733 0.384557 72.900000 1.967674 0.138360
0.376811 0.384267 73.000000 1.946163 -0.586317
0.378640 0.384904 73.100000 1.852695 -1.304462
0.380109 0.386200 73.200000 1.706056 -1.634009
0.381226 0.387187 73.300000 1.549030 -1.490486
0.382110 0.387019 73.400000 1.435827 -0.725674
0.382855 0.386823 73.500000 1.364107 -0.696657
0.383456 0.386821 73.600000 1.285329 -0.878509
0.383928 0.386550 73.700000 1.209750 -0.610746
0.384297 0.386321 73.800000 1.145938 -0.659157
0.384546 0.386399 73.900000 1.066192 -0.942694
0.384650 0.386793 74.000000 0.961111 -1.164935
0.384625 0.386863 74.100000 0.855267 -0.936429
0.384500 0.386869 74.200000 0.763878 -0.885024
0.384282 0.387096 74.300000 0.667234 -1.053749
0.384017 0.386576 74.400000 0.610957 -0.016046
0.383730 0.386262 74.500000 0.583664 -0.552004
0.383389 0.386396 74.600000 0.507749 -0.986205
0.382981 0.387006 74.700000 0.394351 -1.298294
0.382524 0.386987 74.800000 0.285272 -0.863281
0.382049 0.386489 74.900000 0.232137 -0.164324
0.381580 0.386091 75.000000 0.243204 0.417756
0.381136 0.386129 75.100000 0.308095 0.910620
0.380742 0.386535 75.200000 0.411363 1.176630
0.380411 0.386496 75.300000 0.512821 0.845399
0.380134 0.386207 75.400000 0.584262 0.578969
0.379911 0.386093 75.500000 0.650992 0.774831
0.379738 0.385643 75.600000 0.705544 0.301915
0.379573 0.385148 75.700000 0.714119 -0.145319
0.379395 0.384655 75.800000 0.699264 -0.145407
0.379187 0.384348 75.900000 0.665233 -0.550304
0.378958 0.383846 76.000000 0.639465 0.071432
0.378728 0.383347 76.100000 0.638925 -0.083624
0.378525 0.383190 76.200000 0.668644 0.726605
0.378389 0.383042 76.300000 0.741148 0.734386
0.378285 0.382551 76.400000 0.773263 -0.126089
0.378186 0.382090 76.500000 0.777713 0.241505
0.378113 0.381638 76.600000 0.802601 0.266626
0.378056 0.381142 76.700000 0.817628 0.030928
0.378014 0.380693 76.800000 0.831490 0.267072
0.378030 0.380630 76.900000 0.883700 0.815727
0.378134 0.380420 77.000000 0.957300 0.661286
0.378296 0.379970 77.100000 1.003576 0.255951
0.378459 0.379524 77.200000 1.003892 -0.265701
0.378551 0.379512 77.300000 0.948710 -0.860610
0.378556 0.379270 77.400000 0.873850 -0.618923
0.378491 0.379050 77.500000 0.810376 -0.646513
0.378331 0.379714 77.600000 0.712759 -1.337509
0.378067 0.380074 77.700000 0.587947 -1.148706
0.377719 0.380765 77.800000 0.463274 -1.355818
0.377304 0.381426 77.900000 0.328618 -1.338907
0.376846 0.382016 78.000000 0.196868 -1.297698
0.376372 0.381607 78.100000 0.112169 -0.351328
0.375893 0.381570 78.200000 0.053904 -0.840444
0.375414 0.381130 78.300000 -0.002918 -0.269849
0.374936 0.380758 78.400000 -0.037061 -0.422487
0.374465 0.380680 78.500000 -0.097038 -0.799499
0.374010 0.380663 78.600000 -0.179443 -0.856787
0.373577 0.380470 78.700000 -0.256242 -0.675985
0.373169 0.380246 78.800000 -0.321730 -0.637898
0.372776 0.379765 78.900000 -0.353308 0.035199
0.372372 0.379437 79.000000 -0.328074 0.490082
0.371960 0.378958 79.100000 -0.301428 0.017249
0.371542 0.378545 79.200000 -0.285153 0.321334
0.371111 0.378243 79.300000 -0.243219 0.527012
0.370665 0.378067 79.400000 -0.182821 0.689860
0.370209 0.377747 79.500000 -0.123094 0.496292
0.369746 0.377807 79.600000 -0.053306 0.923310
0.369283 0.377553 79.700000 0.023078 0.591238
0.368824 0.377098 79.800000 0.062073 0.169821
0.368365 0.376631 79.900000 0.067188 -0.079118
0.367908 0.376164 80.000000 0.066608 0.075946
0.367453 0.375697 80.100000 0.068387 -0.045719
0.366999 0.375334 80.200000 0.085386 0.410136
0.366553 0.374949 80.300000 0.124027 0.363229
0.366119 0.375073 80.400000 0.189161 0.974793
0.365715 0.375123 80.500000 0.283269 0.911031
0.365345 0.375015 80.600000 0.366783 0.758867
0.365009 0.374751 80.700000 0.433317 0.569520
0.364695 0.374307 80.800000 0.471198 0.174635
0.364396 0.373901 80.900000 0.494432 0.302403
0.364117 0.373512 81.000000 0.526155 0.340611
0.363856 0.373071 81.100000 0.552000 0.174610
0.363613 0.372678 81.200000 0.576451 0.328968
0.363396 0.372312 81.300000 0.611735 0.387286
0.363209 0.371936 81.400000 0.648836 0.361515
0.363045 0.371507 81.500000 0.677381 0.209800
0.362908 0.371172 81.600000 0.708994 0.442592
0.362822 0.371023 81.700000 0.765259 0.705982
0.362793 0.370693 81.800000 0.823112 0.448917
0.362840 0.370924 81.900000 0.896340 1.058317
0.362989 0.370771 82.000000 0.984519 0.700995
0.363187 0.370326 82.100000 1.025468 0.099877
0.363369 0.369960 82.200000 1.012620 -0.370836
0.363494 0.369706 82.300000 0.965841 -0.566885
0.363562 0.369359 82.400000 0.916344 -0.408008
0.363585 0.369014 82.500000 0.875054 -0.410940
0.363581 0.368574 82.600000 0.848075 -0.105997
0.363585 0.368186 82.700000 0.856650 0.307165
0.363613 0.367756 82.800000 0.879519 0.152231
0.363684 0.367597 82.900000 0.919566 0.686434
0.363815 0.367238 83.000000 0.972666 0.371808
0.364008 0.367078 83.100000 1.024064 0.684276
0.364273 0.366762 83.200000 1.081029 0.456902
0.364596 0.366447 83.300000 1.126037 0.456452
0.364956 0.366013 83.400000 1.153358 0.084033
0.365308 0.365595 83.500000 1.148486 -0.183581
0.365642 0.365161 83.600000 1.135491 -0.059268
0.365945 0.364823 83.700000 1.112625 -0.405216
0.366183 0.364580 83.800000 1.063948 -0.567890
0.366331 0.364640 83.900000 0.990506 -0.911375
0.366327 0.366348 84.000000 0.852385 -1.897852
0.366139 0.369038 84.100000 0.643915 -2.293865
0.365805 0.371838 84.200000 0.412785 -2.336603
0.365388 0.375551 84.300000 0.164801 -2.647636
0.364961 0.378758 84.400000 -0.091617 -2.484420
0.364584 0.380118 84.500000 -0.304500 -1.748501
0.364309 0.383268 84.600000 -0.512879 -2.469249
0.364201 0.385297 84.700000 -0.739092 -2.051125
0.364300 0.387483 84.800000 -0.946429 -2.117298
0.364670 0.390099 84.900000 -1.165079 -2.285137
0.365392 0.393129 85.000000 -1.399583 -2.436602
0.366524 0.395528 85.100000 -1.631065 -2.207814
0.368055 0.396847 85.200000 -1.828482 -1.744043
0.369916 0.397314 85.300000 -1.978665 -1.261701
0.372010 0.397168 85.400000 -2.078712 -0.738096
0.374248 0.396837 85.500000 -2.138864 -0.475809
0.376556 0.396384 85.600000 -2.168928 -0.131231
0.378891 0.395935 85.700000 -2.181799 -0.149535
0.381220 0.395487 85.800000 -2.181515 0.148277
0.383385 0.395794 85.900000 -2.118243 1.148796
0.385283 0.395941 86.000000 -2.008592 1.022439
0.386916 0.396420 86.100000 -1.893798 1.271865
0.388180 0.398921 86.200000 -1.719176 2.260362
0.389042 0.400760 86.300000 -1.505492 1.993988
0.389543 0.403889 86.400000 -1.282229 2.492972
0.389689 0.408151 86.500000 -1.015485 2.861627
0.389564 0.411037 86.600000 -0.750840 2.412530
0.389264 0.414038 86.700000 -0.507790 2.455949
0.388862 0.415936 86.800000 -0.282683 2.031704
0.388418 0.418316 86.900000 -0.070514 2.229983
0.387984 0.420433 87.000000 0.147052 2.126945
0.387595 0.420675 87.100000 0.311594 1.123758
0.387266 0.421749 87.200000 0.448375 1.648517
0.387035 0.422652 87.300000 0.608182 1.555898
0.386915 0.423161 87.400000 0.751759 1.317366
0.386924 0.423844 87.500000 0.888087 1.429542
0.387066 0.423979 87.600000 1.011854 1.041801
0.387355 0.424593 87.700000 1.131622 1.387353
0.387773 0.424270 87.800000 1.228876 0.531277
0.388240 0.423803 87.900000 1.263688 0.160545
0.388707 0.423332 88.000000 1.264979 -0.136906
0.389152 0.422865 88.100000 1.250068 -0.150078
0.389575 0.422399 88.200000 1.234405 -0.151554
0.389983 0.421921 88.300000 1.224980 -0.018388
0.390341 0.421735 88.400000 1.189456 -0.716678
0.390597 0.421671 88.500000 1.110860 -0.854379
0.390744 0.421692 88.600000 1.021099 -0.938658
0.390775 0.422053 88.700000 0.913731 -1.218138
0.390685 0.422510 88.800000 0.788492 -1.287572
0.390504 0.422496 88.900000 0.677801 -0.905010
0.390242 0.423212 89.000000 0.561075 -1.456510
0.389895 0.424489 89.100000 0.400801 -1.767402
0.389480 0.427011 89.200000 0.198438 -2.313913
0.389045 0.428571 89.300000 -0.013252 -1.908749
0.388632 0.429846 89.400000 -0.197129 -1.771761
0.388280 0.431499 89.500000 -0.382423 -1.955060
0.388042 0.433885 89.600000 -0.592042 -2.267904
0.387941 0.434331 89.700000 -0.771706 -1.291874
0.387934 0.434141 89.800000 -0.873321 -0.725113
0.388015 0.434246 89.900000 -0.959585 -1.028690
0.388165 0.433791 90.000000 -1.023351 -0.219022
0.388316 0.433334 90.100000 -1.024335 0.210569
0.388412 0.433223 90.200000 -0.974164 0.815560
0.388412 0.433341 90.300000 -0.881729 1.039474
0.388341 0.432981 90.400000 -0.804912 0.463187
0.388210 0.433023 90.500000 -0.734253 0.971108
0.387996 0.433414 90.600000 -0.623599 1.254671
0.387686 0.435204 90.700000 -0.461452 2.029396
0.387296 0.437069 90.800000 -0.257175 2.064052
0.386872 0.439005 90.900000 -0.049619 2.097094
0.386452 0.438835 91.000000 0.095928 0.753675
0.386047 0.438931 91.100000 0.183967 1.026385
0.385655 0.438451 91.200000 0.238836 0.025559
0.385264 0.437976 91.300000 0.235730 -0.091297
0.384877 0.437604 91.400000 0.251755 0.441723
0.384509 0.437408 91.500000 0.308784 0.718247
0.384166 0.437105 91.600000 0.373064 0.566219
0.383843 0.436689 91.700000 0.418263 0.332163
0.383551 0.436713 91.800000 0.480814 0.957708
0.383301 0.436374 91.900000 0.554395 0.499654
0.383093 0.436268 92.000000 0.619244 0.822496
0.382937 0.436013 92.100000 0.692072 0.634685
0.382813 0.435553 92.200000 0.732122 0.151130
0.382681 0.435156 92.300000 0.722132 -0.370250
0.382515 0.434832 92.400000 0.677731 -0.520404
0.382314 0.434497 92.500000 0.626433 -0.500469
0.382076 0.434261 92.600000 0.568792 -0.656966
0.381813 0.433816 92.700000 0.524438 -0.204028
0.381535 0.433401 92.800000 0.498689 -0.312506
0.381233 0.433224 92.900000 0.447393 -0.732154
0.380902 0.432928 93.000000 0.382193 -0.562285
0.380551 0.432585 93.100000 0.330044 -0.475257
0.380187 0.432220 93.200000 0.284695 -0.428452
0.379807 0.432103 93.300000 0.224014 -0.804354
0.379416 0.431678 93.400000 0.169397 -0.261414
0.379022 0.431242 93.500000 0.145243 -0.219130
0.378625 0.430857 93.600000 0.115911 -0.375432
0.378231 0.430797 93.700000 0.137188 0.865475
0.377850 0.430448 93.800000 0.203943 0.453887
0.377483 0.430175 93.900000 0.255575 0.590358
0.377129 0.429750 94.000000 0.297909 0.243738
0.376770 0.429512 94.100000 0.280150 -0.641226
0.376395 0.429289 94.200000 0.215080 -0.661838
0.376006 0.429341 94.300000 0.133952 -0.978719
0.375608 0.429916 94.400000 0.016570 -1.394635
0.375222 0.431194 94.500000 -0.142229 -1.810388
0.374887 0.433321 94.600000 -0.341731 -2.211736
0.374674 0.436854 94.700000 -0.587662 -2.750275
0.374673 0.440517 94.800000 -0.863917 -2.797691
0.374968 0.444297 94.900000 -1.144496 -2.839438
0.375607 0.446645 95.000000 -1.402236 -2.314101
0.376546 0.447355 95.100000 -1.593704 -1.498542
0.377692 0.447299 95.200000 -1.713411 -0.887245
0.379009 0.447394 95.300000 -1.808145 -1.037135
0.380524 0.447496 95.400000 -1.911022 -1.044312
0.382200 0.447188 95.500000 -1.990939 -0.552769
0.383982 0.446862 95.600000 -2.043536 -0.520285
0.385915 0.446860 95.700000 -2.114415 -0.942697
0.388001 0.446508 95.800000 -2.184959 -0.469382
0.390183 0.446132 95.900000 -2.228018 -0.413151
0.392428 0.445686 96.000000 -2.257266 -0.184215
0.394671 0.445234 96.100000 -2.258716 0.149217
0.396799 0.445126 96.200000 -2.210662 0.825658
0.398702 0.445333 96.300000 -2.112528 1.135578
0.400340 0.445767 96.400000 -1.989711 1.315065
0.401751 0.445710 96.500000 -1.877966 0.884170
0.402974 0.445839 96.600000 -1.780162 1.067437
0.404024 0.445725 96.700000 -1.684558 0.819407
0.404953 0.445416 96.800000 -1.615187 0.540823
0.405734 0.445818 96.900000 -1.524840 1.292355
0.406274 0.447320 97.000000 -1.363944 1.951824
0.406548 0.449217 97.100000 -1.159654 2.140541
0.406590 0.451063 97.200000 -0.946598 2.119136
0.406456 0.452562 97.300000 -0.742539 1.955090
0.406173 0.455859 97.400000 -0.511501 2.708167
0.405790 0.458438 97.500000 -0.253925 2.438302
0.405375 0.460181 97.600000 -0.027620 2.079179
0.404971 0.460547 97.700000 0.141889 1.279596
0.404594 0.460827 97.800000 0.266228 1.211768
0.404254 0.460920 97.900000 0.379347 1.051183
0.403953 0.460680 98.000000 0.465959 0.670342
0.403681 0.460327 98.100000 0.523499 0.478557
0.403424 0.459859 98.200000 0.549807 0.031856
0.403172 0.459400 98.300000 0.557238 0.127455
0.402929 0.458952 98.400000 0.572510 0.187384
0.402702 0.458546 98.500000 0.598360 0.344602
0.402521 0.458749 98.600000 0.670492 1.148116
0.402441 0.459499 98.700000 0.803640 1.548679
0.402485 0.459860 98.800000 0.944881 1.278095
0.402654 0.460087 98.900000 1.066751 1.169775
0.402874 0.459657 99.000000 1.115022 -0.262934
0.403011 0.460089 99.100000 1.037578 -1.332479
0.403036 0.460027 99.200000 0.925001 -0.892550
0.402972 0.460201 99.300000 0.824485 -1.125463
0.402793 0.461771 99.400000 0.669870 -2.011129
0.402526 0.461684 99.500000 0.523166 -0.866599
0.402217 0.461649 99.600000 0.433779 -0.923478
0.401864 0.462196 99.700000 0.317956 -1.419606
0.401478 0.462703 99.800000 0.177535 -1.391641
0.401076 0.463700 99.900000 0.023613 -1.709040
0.400685 0.464401 100.000000 -0.138192 -1.526209
0.400324 0.464752 100.100000 -0.278566 -1.277602
0.400009 0.465196 100.200000 -0.409244 -1.349234
0.399762 0.465918 100.300000 -0.552769 -1.542636
0.399604 0.466259 100.400000 -0.693539 -1.272174
0.399534 0.466398 100.500000 -0.811971 -1.101102
0.399563 0.466649 100.600000 -0.926005 -1.198613
0.399724 0.467326 100.700000 -1.060121 -1.515994
0.400043 0.467704 100.800000 -1.200710 -1.303158
0.400499 0.467666 100.900000 -1.312240 -0.926483
0.400990 0.467297 101.000000 -1.339435 0.436305
0.401420 0.466948 101.100000 -1.293307 0.477324
0.401786 0.466627 101.200000 -1.242493 0.531370
0.402099 0.466216 101.300000 -1.199081 0.315921
0.402373 0.465807 101.400000 -1.166750 0.320605
0.402602 0.465460 101.500000 -1.126883 0.474877
0.402794 0.465016 101.600000 -1.093416 0.169637
0.402946 0.464735 101.700000 -1.055665 0.597871
0.403053 0.464310 101.800000 -1.011899 0.251816
0.403155 0.463873 101.900000 -1.007412 -0.194333
0.403261 0.463427 102.000000 -1.010917 0.130204
0.403371 0.463005 102.100000 -1.015648 -0.254490
0.403514 0.462643 102.200000 -1.048808 -0.429419
0.403721 0.462515 102.300000 -1.109340 -0.814208
0.404009 0.462269 102.400000 -1.182166 -0.648995
0.404375 0.462055 102.500000 -1.248589 -0.697243
0.404845 0.462092 102.600000 -1.331851 -1.000110
0.405424 0.461854 102.700000 -1.414767 -0.658827
0.406091 0.461582 102.800000 -1.477160 -0.603748
0.406789 0.461147 102.900000 -1.500200 0.165491
0.407461 0.460713 103.000000 -1.483079 0.162650
0.408096 0.460321 103.100000 -1.457982 0.334343
0.408674 0.459977 103.200000 -1.418057 0.457850
0.409221 0.459533 103.300000 -1.395799 -0.051266
0.409762 0.459097 103.400000 -1.391814 0.126080
0.410296 0.458657 103.500000 -1.388424 -0.082516
0.410821 0.458238 103.600000 -1.381683 0.218881
0.411306 0.457859 103.700000 -1.352365 0.362365
0.411728 0.457602 103.800000 -1.303488 0.616955
0.412079 0.457290 103.900000 -1.246092 0.515854
0.412354 0.457132 104.000000 -1.182207 0.765218
0.412549 0.456921 104.100000 -1.108881 0.689524
0.412652 0.457063 104.200000 -1.020121 1.099827
0.412652 0.457240 104.300000 -0.908342 1.133075
0.412561 0.457352 104.400000 -0.797767 1.072100
0.412410 0.457088 104.500000 -0.712736 0.601419
0.412216 0.456883 104.600000 -0.647907 0.696184
0.411978 0.456811 104.700000 -0.569779 0.872867
0.411685 0.457306 104.800000 -0.457591 1.397391
0.411339 0.458028 104.900000 -0.310329 1.559129
0.410958 0.458960 105.000000 -0.148215 1.695446
0.410568 0.460361 105.100000 0.033796 1.966471
0.410207 0.462468 105.200000 0.246403 2.314675
0.409917 0.463779 105.300000 0.458456 1.920292
0.409733 0.465375 105.400000 0.656974 2.072779
0.409694 0.466752 105.500000 0.857995 1.959128
0.409866 0.469739 105.600000 1.087691 2.692277
0.410317 0.471589 105.700000 1.332495 2.203098
0.411037 0.472624 105.800000 1.531071 1.770579
0.411996 0.473111 105.900000 1.689663 1.406750
0.413145 0.473073 106.000000 1.806519 0.929549
0.414425 0.472796 106.100000 1.882687 0.599394
0.415821 0.472611 106.200000 1.948308 0.742535
0.417335 0.472324 106.300000 2.013675 0.579633
0.418966 0.472100 106.400000 2.075389 0.683289
0.420704 0.471753 106.500000 2.131487 0.450770
0.422521 0.471381 106.600000 2.172363 0.387084
0.424384 0.470944 106.700000 2.196352 0.101428
0.426242 0.470508 106.800000 2.195742 -0.101818
0.428049 0.470128 106.900000 2.172485 -0.355237
0.429805 0.469692 107.000000 2.148954 -0.081107
0.431542 0.469255 107.100000 2.141198 -0.051396
0.433243 0.468853 107.200000 2.124407 -0.275049
0.434912 0.468416 107.300000 2.109489 0.011585
0.436555 0.468004 107.400000 2.098318 -0.226383
0.438116 0.467733 107.500000 2.057344 -0.592581
0.439563 0.467450 107.600000 1.998250 -0.570691
0.440899 0.467184 107.700000 1.938891 -0.601118
0.442190 0.466767 107.800000 1.915412 0.189377
0.443484 0.466344 107.900000 1.917842 -0.137857
0.444767 0.465916 108.000000 1.913610 0.083310
0.446065 0.465492 108.100000 1.922945 0.125169
0.447289 0.465495 108.200000 1.882679 -0.968141
0.448285 0.466516 108.300000 1.747037 -1.773338
0.449022 0.467180 108.400000 1.580318 -1.540673
0.449537 0.468042 108.500000 1.419502 -1.675010
0.449836 0.469128 108.600000 1.245068 -1.815697
0.449946 0.470093 108.700000 1.066770 -1.743585
0.449891 0.471348 108.800000 0.884157 -1.916261
0.449689 0.473226 108.900000 0.677046 -2.244488
0.449377 0.474540 109.000000 0.466677 -1.952560
0.449004 0.475155 109.100000 0.292478 -1.513951
0.448603 0.475682 109.200000 0.144346 -1.450383
0.448193 0.476402 109.300000 -0.006964 -1.589323
0.447797 0.477202 109.400000 -0.168112 -1.645001
0.447431 0.477374 109.500000 -0.308810 -1.153433
0.447093 0.477026 109.600000 -0.389814 -0.438159
0.446784 0.477121 109.700000 -0.463641 -1.078264
0.446547 0.478411 109.800000 -0.612081 -1.946547
0.446434 0.479550 109.900000 -0.801854 -1.860770
0.446466 0.480492 110.000000 -0.981396 -1.741599
0.446674 0.481729 110.100000 -1.163062 -1.920097
0.447097 0.482855 110.200000 -1.351002 -1.857134
0.447725 0.483209 110.300000 -1.510175 -1.321401
0.448505 0.483098 110.400000 -1.618838 -0.849062
0.449389 0.482802 110.500000 -1.688971 -0.558998
0.450364 0.482556 110.600000 -1.748144 -0.649032
0.451398 0.482127 110.700000 -1.786886 -0.118795
0.452429 0.481701 110.800000 -1.785642 0.138739
0.453429 0.481286 110.900000 -1.767845 0.203484
0.454358 0.481068 111.000000 -1.723492 0.692708
0.455099 0.482151 111.100000 -1.599401 1.835694
0.455630 0.482354 111.200000 -1.446104 1.189923
0.456022 0.482360 111.300000 -1.336205 0.989286
0.456279 0.482775 111.400000 -1.218612 1.374717
0.456405 0.482903 111.500000 -1.093004 1.119040
0.456417 0.483305 111.600000 -0.969192 1.365107
0.456327 0.483465 111.700000 -0.842724 1.150436
0.456152 0.483744 111.800000 -0.722293 1.261665
0.455906 0.483908 111.900000 -0.601143 1.155157
0.455618 0.483603 112.000000 -0.515086 0.533323
0.455314 0.483181 112.100000 -0.480045 0.144686
0.455009 0.482752 112.200000 -0.474716 -0.052522
0.454705 0.482323 112.300000 -0.476786 0.009372
0.454401 0.481895 112.400000 -0.474047 0.042410
0.454101 0.481494 112.500000 -0.483276 -0.246726
0.453822 0.481263 112.600000 -0.527480 -0.665509
0.453574 0.480999 112.700000 -0.590719 -0.604863
0.453363 0.480809 112.800000 -0.656705 -0.730571
0.453190 0.480488 112.900000 -0.717615 -0.485109
0.453048 0.480166 113.000000 -0.765481 -0.481773
0.452929 0.479751 113.100000 -0.797333 -0.147891
0.452812 0.479332 113.200000 -0.800116 0.096338
0.452671 0.479074 113.300000 -0.765736 0.610851
0.452487 0.478903 113.400000 -0.697576 0.755531
0.452281 0.478485 113.500000 -0.661798 -0.087349
0.452071 0.478094 113.600000 -0.653739 0.259726
0.451868 0.477791 113.700000 -0.664337 -0.517778
0.451672 0.477418 113.800000 -0.675811 0.323192
0.451463 0.477002 113.900000 -0.654626 0.082796
0.451269 0.476736 114.000000 -0.677891 -0.589594
0.451102 0.476354 114.100000 -0.721922 -0.284868
0.450966 0.476144 114.200000 -0.769002 -0.686601
0.450869 0.475806 114.300000 -0.824671 -0.424266
0.450801 0.475449 114.400000 -0.863848 -0.366735
0.450737 0.475076 114.500000 -0.868085 0.306885
0.450620 0.475270 114.600000 -0.795624 1.181295
0.450427 0.475474 114.700000 -0.676936 1.191257
0.450171 0.475646 114.800000 -0.559258 1.160151
0.449859 0.476168 114.900000 -0.428726 1.467159
0.449509 0.476131 115.000000 -0.307553 0.931547
0.449138 0.476168 115.100000 -0.210383 1.018243
0.448755 0.475987 115.200000 -0.122286 0.731896
0.448369 0.475609 115.300000 -0.070540 0.281960
0.447981 0.475264 115.400000 -0.037092 0.393665
0.447594 0.474855 115.500000 -0.013717 0.057852
0.447207 0.474467 115.600000 0.000049 0.226525
0.446821 0.474123 115.700000 0.030405 0.390411
0.446440 0.474278 115.800000 0.105007 1.143626
0.446078 0.474697 115.900000 0.230488 1.385798
0.445750 0.474893 116.000000 0.359120 1.185922
0.445461 0.474946 116.100000 0.470090 1.035388
0.445211 0.474736 116.200000 0.556261 0.679449
0.445006 0.474844 116.300000 0.643472 1.095825
0.444889 0.475815 116.400000 0.785420 1.791983
0.444924 0.477553 116.500000 0.984853 2.237407
0.445167 0.479296 116.600000 1.207691 2.241178
0.445632 0.480156 116.700000 1.406061 1.722814
0.446285 0.480406 116.800000 1.554455 1.242941
0.447139 0.481266 116.900000 1.700430 1.723961
0.448257 0.482212 117.000000 1.874319 1.783002
0.449634 0.482583 117.100000 2.030897 1.354115
0.451254 0.483020 117.200000 2.167606 1.410455
0.453188 0.484247 117.300000 2.333298 1.961482
0.455500 0.485141 117.400000 2.517838 1.751947
0.458081 0.484949 117.500000 2.642448 0.720376
0.460730 0.484541 117.600000 2.674175 -0.098728
0.463334 0.484155 117.700000 2.656217 -0.241747
0.465982 0.483982 117.800000 2.677734 0.749555
0.468797 0.483830 117.900000 2.752593 0.779943
0.471856 0.484215 118.000000 2.856953 1.369951
0.475236 0.484527 118.100000 2.989141 1.306218
0.478842 0.484219 118.200000 3.079252 0.489814
0.482553 0.483873 118.300000 3.121704 0.387189
0.486257 0.483532 118.400000 3.121468 -0.400100
0.489794 0.483414 118.500000 3.059688 -0.828954
0.493199 0.483010 118.600000 3.010499 -0.089680
0.496496 0.482823 118.700000 2.970117 -0.721590
0.499539 0.483140 118.800000 2.868720 -1.311499
0.502279 0.483334 118.900000 2.742029 -1.194371
0.504795 0.483126 119.000000 2.645536 -0.687693
0.507190 0.482770 119.100000 2.592067 -0.340575
0.509446 0.482722 119.200000 2.529216 -0.922963
0.511455 0.483181 119.300000 2.411607 -1.435766
0.513206 0.483300 119.400000 2.282220 -1.118737
0.514759 0.483271 119.500000 2.177661 -0.946440
0.516150 0.483151 119.600000 2.087935 -0.824883
0.517408 0.482944 119.700000 2.011192 -0.686143
0.518589 0.482553 119.800000 1.966375 -0.166337
0.519713 0.482258 119.900000 1.932713 -0.505988
0.520707 0.482399 120.000000 1.851176 -1.141535
0.521507 0.482873 120.100000 1.721731 -1.451163
0.522107 0.483324 120.200000 1.577033 -1.432226
0.522535 0.483601 120.300000 1.440735 -1.277345
0.522804 0.484150 120.400000 1.301427 -1.513556
0.522895 0.485503 120.500000 1.124066 -2.057242
0.522821 0.486405 120.600000 0.931725 -1.774263
0.522624 0.487320 120.700000 0.753831 -1.784172
0.522345 0.487399 120.800000 0.608851 -1.080223
0.522035 0.487012 120.900000 0.542805 -0.193626
0.521714 0.486650 121.000000 0.517540 -0.313581
0.521372 0.486516 121.100000 0.462758 -0.804366
0.521007 0.486211 121.200000 0.397466 -0.484220
0.520627 0.485948 121.300000 0.344540 -0.577816
0.520231 0.485739 121.400000 0.281863 -0.680725
0.519822 0.485561 121.500000 0.211298 -0.734158
0.519408 0.485165 121.600000 0.176589 0.081129
0.518996 0.484775 121.700000 0.187512 0.142775
0.518592 0.484651 121.800000 0.233624 0.817606
0.518213 0.484908 121.900000 0.336159 1.263198
0.517870 0.484831 122.000000 0.443995 0.883544
0.517546 0.484436 122.100000 0.493623 0.075589
0.517240 0.484314 122.200000 0.536132 0.819051
0.516948 0.483955 122.300000 0.564732 -0.296069
0.516633 0.483793 122.400000 0.513110 -0.756530
0.516295 0.483476 122.500000 0.452576 -0.436124
0.515952 0.483092 122.600000 0.436840 0.154725
0.515611 0.482701 122.700000 0.441282 -0.072668
0.515281 0.482470 122.800000 0.467153 0.631153
0.514968 0.482104 122.900000 0.512026 0.254480
0.514667 0.481738 123.000000 0.537060 0.252555
0.514379 0.481386 123.100000 0.564576 0.307363
0.514103 0.481013 123.200000 0.590424 0.211836
0.513820 0.480760 123.300000 0.573731 -0.580388
0.513500 0.480900 123.400000 0.488902 -1.143120
0.513140 0.481119 123.500000 0.370723 -1.225943
0.512746 0.481944 123.600000 0.224242 -1.733117
0.512333 0.482620 123.700000 0.056445 -1.623950
0.511922 0.482668 123.800000 -0.077993 -1.042189
0.511521 0.482579 123.900000 -0.173393 -0.862629
0.511138 0.482646 124.000000 -0.268871 -1.063792
0.510784 0.482728 124.100000 -0.375670 -1.081386
0.510473 0.483177 124.200000 -0.500423 -1.442105
0.510223 0.483317 124.300000 -0.630046 -1.147451
0.510029 0.483289 124.400000 -0.734624 -0.945839
0.509887 0.483081 124.500000 -0.815579 -0.671119
0.509782 0.482762 124.600000 -0.869821 -0.411770
0.509726 0.482773 124.700000 -0.938162 -0.996694
0.509762 0.483100 124.800000 -1.053135 -1.335204
0.509904 0.483173 124.900000 -1.173261 -1.070983
0.510120 0.482855 125.000000 -1.248374 -0.414071
0.510370 0.482505 125.100000 -1.283523 -0.297429
0.510652 0.482162 125.200000 -1.313918 -0.326398
0.510949 0.481778 125.300000 -1.329622 0.015459
0.511270 0.481492 125.400000 -1.351703 -0.497271
0.511653 0.481286 125.500000 -1.408698 -0.667752
0.512122 0.481198 125.600000 -1.483727 -0.860579
0.512705 0.481263 125.700000 -1.578332 -1.061448
0.513391 0.481003 125.800000 -1.659389 -0.554380
0.514114 0.480621 125.900000 -1.687831 -0.005047
0.514820 0.480264 126.000000 -1.675702 0.243819
0.515484 0.479937 126.100000 -1.644665 0.367986
0.516033 0.480396 126.200000 -1.555600 1.456070
0.516380 0.481682 126.300000 -1.381356 2.052295
0.516526 0.482698 126.400000 -1.184152 1.879682
0.516538 0.482836 126.500000 -1.030791 1.147031
0.516466 0.482850 126.600000 -0.922817 1.000473
0.516328 0.482810 126.700000 -0.825924 0.929691
0.516106 0.483909 126.800000 -0.685041 1.937661
0.515797 0.484786 126.900000 -0.498552 1.787550
0.515422 0.487180 127.000000 -0.278891 2.655796
0.515017 0.489233 127.100000 -0.021742 2.489633
0.514631 0.490948 127.200000 0.218165 2.312042
0.514298 0.491859 127.300000 0.425212 1.817203
0.514029 0.492217 127.400000 0.585414 1.377512
0.513826 0.492384 127.500000 0.713485 1.186975
0.513716 0.493380 127.600000 0.864282 1.878771
0.513736 0.494011 127.700000 1.038592 1.611914
0.513891 0.494514 127.800000 1.193941 1.508480
0.514188 0.494840 127.900000 1.336321 1.350710
0.514593 0.494623 128.000000 1.437596 0.658846
0.515046 0.494250 128.100000 1.479915 0.180183
0.515498 0.493878 128.200000 1.479820 -0.185582
0.515898 0.493696 128.300000 1.435206 -0.721067
0.516222 0.493482 128.400000 1.365447 -0.660368
0.516486 0.493181 128.500000 1.308255 -0.462902
0.516685 0.493088 128.600000 1.242408 -0.864512
0.516788 0.493268 128.700000 1.139490 -1.203851
0.516792 0.493390 128.800000 1.021834 -1.140882
0.516708 0.493569 128.900000 0.904587 -1.203125
0.516537 0.494073 129.000000 0.769459 -1.513027
0.516289 0.494392 129.100000 0.626078 -1.346074
0.515988 0.494473 129.200000 0.503398 -1.095155
0.515657 0.494215 129.300000 0.419001 -0.565631
0.515305 0.494129 129.400000 0.347737 -0.874707
0.514932 0.494195 129.500000 0.250729 -1.077243
0.514545 0.494050 129.600000 0.157168 -0.781569
0.514152 0.493755 129.700000 0.093760 -0.472889
0.513758 0.493377 129.800000 0.072431 0.073502
0.513364 0.493082 129.900000 0.054076 -0.467975
0.512969 0.492714 130.000000 0.021308 -0.173825
0.512576 0.492381 130.100000 0.028472 0.343634
0.512183 0.492008 130.200000 0.051644 0.109575
0.511792 0.491659 130.300000 0.070137 0.269813
0.511403 0.491290 130.400000 0.091151 0.146075
0.511016 0.490932 130.500000 0.109047 0.217270
0.510631 0.490562 130.600000 0.126188 0.122821
0.510254 0.490605 130.700000 0.182072 1.045310
0.509885 0.490230 130.800000 0.236673 -0.001025
0.509517 0.489856 130.900000 0.236131 -0.007813
0.509155 0.489621 131.000000 0.264137 0.602360
0.508803 0.489274 131.100000 0.308093 0.264806
0.508458 0.488916 131.200000 0.331176 0.197812
0.508120 0.488594 131.300000 0.358465 0.360895
0.507787 0.488222 131.400000 0.376693 -0.010389
0.507450 0.487911 131.500000 0.357169 -0.396709
0.507106 0.487547 131.600000 0.330326 -0.124348
0.506766 0.487247 131.700000 0.344082 0.431379
0.506438 0.486939 131.800000 0.385552 0.402188
0.506119 0.486575 131.900000 0.411748 0.112454
0.505796 0.486252 132.000000 0.401097 -0.344834
0.505469 0.485884 132.100000 0.382881 0.000912
0.505138 0.485562 132.200000 0.366368 -0.345564
0.504792 0.485496 132.300000 0.305782 -0.893140
0.504429 0.485386 132.400000 0.219813 -0.824256
0.504056 0.485260 132.500000 0.138794 -0.796813
0.503679 0.484937 132.600000 0.080969 -0.338373
0.503300 0.484709 132.700000 0.034572 -0.604539
0.502922 0.484836 132.800000 -0.051242 -1.142906
0.502557 0.485357 132.900000 -0.183772 -1.534851
0.502220 0.485753 133.000000 -0.331459 -1.422922
0.501932 0.486471 133.100000 -0.486251 -1.698201
0.501710 0.486851 133.200000 -0.641704 -1.409480
0.501567 0.487407 133.300000 -0.789452 -1.567635
0.501534 0.488248 133.400000 -0.956146 -1.794319
0.501632 0.488822 133.500000 -1.124691 -1.584543
0.501858 0.489075 133.600000 -1.268036 -1.286249
0.502210 0.489316 133.700000 -1.395078 -1.273355
0.502670 0.489139 133.800000 -1.494705 -0.710198
0.503213 0.489011 133.900000 -1.568905 -0.797074
0.503864 0.489053 134.000000 -1.659333 -1.044385
0.504642 0.489036 134.100000 -1.758947 -0.965838
0.505521 0.488794 134.200000 -1.835830 -0.573871
0.506478 0.488561 134.300000 -1.893023 -0.592336
0.507485 0.488205 134.400000 -1.929785 -0.141212
0.508529 0.487904 134.500000 -1.955500 -0.407133
0.509630 0.487607 134.600000 -1.995607 -0.417228
0.510724 0.487339 134.700000 -1.992566 0.504403
0.511723 0.487210 134.800000 -1.927665 0.791452
0.512633 0.486914 134.900000 -1.865463 0.417805
0.513506 0.486555 135.000000 -1.839698 0.062328
0.514303 0.486630 135.100000 -1.784165 1.084039
0.514951 0.486841 135.200000 -1.667636 1.242772
0.515455 0.486956 135.300000 -1.548015 1.133763
0.515844 0.486918 135.400000 -1.443677 0.932913
0.516125 0.487055 135.500000 -1.339152 1.160018
0.516273 0.487761 135.600000 -1.197182 1.700540
0.516329 0.487457 135.700000 -1.089236 0.386190
0.516349 0.487214 135.800000 -1.041960 0.559598
0.516332 0.486916 135.900000 -0.992990 0.404140
0.516297 0.486559 136.000000 -0.968861 0.052108
0.516261 0.486202 136.100000 -0.966030 -0.008062
0.516229 0.485852 136.200000 -0.972622 -0.140454
0.516198 0.485501 136.300000 -0.973968 0.116593
0.516154 0.485169 136.400000 -0.955403 0.252761
0.516106 0.484822 136.500000 -0.949040 -0.155210
0.516079 0.484548 136.600000 -0.978909 -0.468977
0.516108 0.484615 136.700000 -1.053846 -1.073865
0.516212 0.484495 136.800000 -1.147467 -0.800345
0.516384 0.484375 136.900000 -1.226718 -0.800368
0.516593 0.484022 137.000000 -1.267107 0.019238
0.516806 0.483676 137.100000 -1.271930 -0.136465
0.517024 0.483324 137.200000 -1.277167 0.026905
0.517226 0.483003 137.300000 -1.261317 0.291374
0.517429 0.482694 137.400000 -1.261502 -0.339349
0.517659 0.482369 137.500000 -1.291303 -0.267289
0.517934 0.482206 137.600000 -1.338690 -0.718511
0.518264 0.481919 137.700000 -1.395289 -0.414635
0.518644 0.481688 137.800000 -1.443457 -0.573221
0.519093 0.481551 137.900000 -1.508929 -0.763689
0.519619 0.481352 138.000000 -1.578685 -0.644246
0.520225 0.481210 138.100000 -1.647411 -0.755305
0.520915 0.481016 138.200000 -1.716984 -0.651129
0.521651 0.480671 138.300000 -1.754642 -0.093256
0.522405 0.480346 138.400000 -1.770169 -0.243227
0.523186 0.480013 138.500000 -1.791342 -0.196750
0.523954 0.479723 138.600000 -1.782134 0.392995
0.524654 0.479529 138.700000 -1.729841 0.650660
0.525257 0.479501 138.800000 -1.650468 0.938053
0.525758 0.479385 138.900000 -1.562686 0.798697
0.526154 0.479486 139.000000 -1.467373 1.112664
0.526424 0.479821 139.100000 -1.343226 1.375278
0.526556 0.480460 139.200000 -1.192101 1.655784
0.526572 0.480628 139.300000 -1.048192 1.194952
0.526511 0.480622 139.400000 -0.939012 0.972752
0.526381 0.480797 139.500000 -0.830578 1.203817
0.526184 0.480972 139.600000 -0.710086 1.204064
0.525937 0.480965 139.700000 -0.600697 0.970684
0.525669 0.480621 139.800000 -0.549628 -0.001382
0.525391 0.480398 139.900000 -0.521930 0.580477
0.525098 0.480079 140.000000 -0.479013 0.258771
0.524797 0.479760 140.100000 -0.453204 0.253713
0.524481 0.479595 140.200000 -0.406307 0.704760
0.524150 0.479345 140.300000 -0.345096 0.508795
0.523814 0.479009 140.400000 -0.323954 -0.119811
0.523474 0.478800 140.500000 -0.301278 0.607760
0.523119 0.478838 140.600000 -0.220396 1.032412
0.522752 0.479147 140.700000 -0.102209 1.351338
0.522381 0.479067 140.800000 0.009214 0.857202
0.522012 0.478760 140.900000 0.068294 0.299668
0.521643 0.478503 141.000000 0.061034 -0.483854
0.521274 0.478760 141.100000 -0.025763 -1.296798
0.520911 0.478579 141.200000 -0.125345 -0.668884
0.520554 0.478351 141.300000 -0.186723 -0.557589
0.520211 0.478350 141.400000 -0.262111 -0.977063
0.519881 0.478035 141.500000 -0.325174 -0.253894
0.519568 0.478141 141.600000 -0.391398 -1.120794
0.519283 0.477944 141.700000 -0.479772 -0.630711
0.519015 0.477643 141.800000 -0.527589 -0.317238
0.518763 0.477389 141.900000 -0.566928 -0.485343
0.518522 0.477054 142.000000 -0.593898 -0.038781
0.518272 0.476804 142.100000 -0.572194 0.494809
0.518007 0.476505 142.200000 -0.530873 0.319246
0.517746 0.476278 142.300000 -0.540066 -0.552616
0.517508 0.476081 142.400000 -0.598423 -0.626744
0.517301 0.475951 142.500000 -0.667043 -0.762048
0.517120 0.475641 142.600000 -0.718888 -0.259064
0.516956 0.475383 142.700000 -0.753997 -0.462375
0.516813 0.475073 142.800000 -0.789844 -0.253540
0.516695 0.474890 142.900000 -0.833729 -0.654499
0.516613 0.474676 143.000000 -0.895016 -0.579054
0.516591 0.474890 143.100000 -0.984115 -1.250237
0.516656 0.475033 143.200000 -1.104334 -1.166154
0.516811 0.475106 143.300000 -1.215871 -1.077078
0.517025 0.474796 143.400000 -1.283153 -0.242455
0.517258 0.474480 143.500000 -1.305081 -0.208422
0.517474 0.474274 143.600000 -1.287048 0.597341
0.517619 0.474330 143.700000 -1.205244 1.052990
0.517680 0.474383 143.800000 -1.099774 1.049727
0.517675 0.474226 143.900000 -1.010836 0.705455
0.517601 0.474575 144.000000 -0.907188 1.397518
0.517439 0.475263 144.100000 -0.752424 1.712647
0.517201 0.475704 144.200000 -0.591726 1.491136
0.516903 0.476840 144.300000 -0.415896 2.057188
0.516568 0.476897 144.400000 -0.257838 1.058062
0.516217 0.477311 144.500000 -0.132829 1.466609
0.515861 0.477152 144.600000 -0.022629 0.703619
0.515506 0.477299 144.700000 0.069824 1.173652
0.515167 0.478219 144.800000 0.221397 1.903085
0.514865 0.478656 144.900000 0.391607 1.491697
0.514611 0.479127 145.000000 0.541706 1.523735
0.514422 0.479562 145.100000 0.691835 1.490525
0.514302 0.479699 145.200000 0.824758 1.165600
0.514250 0.479787 145.300000 0.937588 1.102030
0.514249 0.479507 145.400000 1.012940 0.382320
0.514289 0.479393 145.500000 1.069912 0.790741
0.514383 0.479200 145.600000 1.140631 0.630059
0.514525 0.478999 145.700000 1.201997 0.610977
0.514718 0.478792 145.800000 1.261510 0.593601
0.514952 0.478505 145.900000 1.308430 0.347592
0.515212 0.478198 146.000000 1.337629 0.245936
0.515461 0.477957 146.100000 1.326158 -0.499932
0.515658 0.477774 146.200000 1.268524 -0.650026
0.515821 0.477454 146.300000 1.227433 -0.135448
0.516025 0.477628 146.400000 1.277041 1.210000
0.516341 0.477833 146.500000 1.398833 1.246904
0.516738 0.477563 146.600000 1.482600 0.404676
0.517159 0.477239 146.700000 1.506788 0.078885
0.517596 0.476937 146.800000 1.522183 0.253692
0.518019 0.476703 146.900000 1.510193 -0.517521
0.518424 0.476395 147.000000 1.492458 0.213695
0.518868 0.476189 147.100000 1.530865 0.590304
0.519408 0.476409 147.200000 1.620921 1.264726
0.520100 0.476794 147.300000 1.754772 1.444626
0.520972 0.477235 147.400000 1.900700 1.502127
0.521980 0.477013 147.500000 2.004263 0.545693
0.523021 0.476691 147.600000 2.029778 -0.043472
0.524037 0.476398 147.700000 2.012496 -0.295362
0.524993 0.476190 147.800000 1.968447 -0.582147
0.525872 0.475968 147.900000 1.911193 -0.544315
0.526606 0.476758 148.000000 1.795795 -1.814236
0.527130 0.477527 148.100000 1.614729 -1.797814
0.527452 0.478793 148.200000 1.416964 -2.170412
0.527602 0.479386 148.300000 1.224535 -1.647934
0.527620 0.480139 148.400000 1.052952 -1.787488
0.527545 0.480135 148.500000 0.912631 -0.975051
0.527404 0.480404 148.600000 0.798266 -1.326765
0.527214 0.480204 148.700000 0.699778 -0.603946
0.527005 0.479901 148.800000 0.656414 -0.240379
0.526784 0.479612 148.900000 0.628548 -0.315604
0.526551 0.479311 149.000000 0.600016 -0.246793
0.526307 0.479033 149.100000 0.569838 -0.357914
0.526060 0.478726 149.200000 0.560595 0.206583
0.525822 0.478429 149.300000 0.583718 0.265676
0.525585 0.478126 149.400000 0.586607 -0.226574
0.525341 0.477817 149.500000 0.566266 -0.172746
0.525085 0.477586 149.600000 0.532565 -0.514506
0.524812 0.477344 149.700000 0.482583 -0.480735
0.524523 0.477167 149.800000 0.426365 -0.650254
0.524217 0.476974 149.900000 0.363127 -0.611616
0.523900 0.476713 150.000000 0.311219 -0.415833
0.523568 0.476961 150.100000 0.227592 -1.302452
0.523224 0.477078 150.200000 0.105112 -1.143361
0.522876 0.477063 150.300000 0.000022 -0.953405
0.522530 0.476763 150.400000 -0.060549 -0.224673
0.522184 0.476450 150.500000 -0.067659 0.097645
0.521840 0.476257 150.600000 -0.091393 -0.609713
0.521499 0.475954 150.700000 -0.114029 0.195230
0.521158 0.475698 150.800000 -0.123945 -0.426365
0.520817 0.475519 150.900000 -0.115940 0.639039
0.520474 0.475272 151.000000 -0.060933 0.453545
0.520130 0.475125 151.100000 -0.003417 0.712179
0.519786 0.474812 151.200000 0.032435 -0.030530
0.519444 0.474518 151.300000 0.042463 0.245815
0.519103 0.474366 151.400000 0.088455 0.699623
0.518764 0.474198 151.500000 0.093678 -0.662290
0.518422 0.474336 151.600000 0.003564 -1.169201
0.518083 0.474206 151.700000 -0.092957 -0.745019
0.517752 0.474167 151.800000 -0.175010 -0.909554
0.517441 0.474754 151.900000 -0.300897 -1.653895
0.517164 0.474824 152.000000 -0.438415 -1.077857
0.516934 0.475487 152.100000 -0.576255 -1.722956
0.516766 0.475657 152.200000 -0.723551 -1.210840
0.516648 0.475516 152.300000 -0.820847 -0.723029
0.516575 0.475461 152.400000 -0.900244 -0.885471
0.516541 0.475195 152.500000 -0.963758 -0.371412
0.516498 0.475037 152.600000 -0.950346 0.683584
0.516407 0.475023 152.700000 -0.868939 0.952818
0.516267 0.474977 152.800000 -0.775977 0.899972
0.516084 0.474905 152.900000 -0.687990 0.854348
0.515873 0.474656 153.000000 -0.622459 0.431637
0.515637 0.474634 153.100000 -0.555024 0.939851
0.515364 0.474920 153.200000 -0.441510 1.351505
0.515059 0.475213 153.300000 -0.306148 1.358810
0.514734 0.475258 153.400000 -0.185404 1.043566
0.514403 0.475091 153.500000 -0.099349 0.661035
0.514069 0.474808 153.600000 -0.051095 0.286854
0.513735 0.474502 153.700000 -0.031789 0.089891
0.513401 0.474219 153.800000 -0.013978 0.276293
0.513068 0.473980 153.900000 0.022334 0.460991
0.512735 0.473703 154.000000 0.031966 -0.306091
0.512403 0.473408 154.100000 0.025435 0.200861
0.512072 0.473140 154.200000 0.052340 0.346217
0.511743 0.472894 154.300000 0.090822 0.430189
0.511416 0.472588 154.400000 0.114812 0.031807
0.511090 0.472292 154.500000 0.124616 0.173026
0.510770 0.472262 154.600000 0.177356 0.923421
0.510462 0.472120 154.700000 0.259254 0.709940
0.510171 0.472176 154.800000 0.346361 1.056786
0.509909 0.472317 154.900000 0.457211 1.175475
0.509682 0.472296 155.000000 0.562956 0.937668
0.509494 0.472318 155.100000 0.659457 1.006553
0.509364 0.472774 155.200000 0.784638 1.536868
0.509331 0.473672 155.300000 0.956273 1.932582
0.509422 0.474382 155.400000 1.141133 1.776128
0.509676 0.475861 155.500000 1.345192 2.356350
0.510140 0.477041 155.600000 1.569812 2.151100
0.510835 0.478262 155.700000 1.785017 2.181625
0.511771 0.479025 155.800000 1.984880 1.826268
0.512866 0.478824 155.900000 2.106735 0.574399
0.513994 0.478519 156.000000 2.132564 -0.067505
0.515107 0.478216 156.100000 2.123061 -0.103495
0.516182 0.477974 156.200000 2.095319 -0.448837
0.517206 0.477693 156.300000 2.057815 -0.273416
0.518153 0.477652 156.400000 1.999348 -0.910294
0.518993 0.477522 156.500000 1.915623 -0.740040
0.519734 0.477487 156.600000 1.832329 -0.920059
0.520367 0.477457 156.700000 1.739333 -0.926737
0.520877 0.477746 156.800000 1.625266 -1.365154
0.521264 0.477806 156.900000 1.502280 -1.069956
0.521556 0.477798 157.000000 1.399849 -0.963679
0.521764 0.477798 157.100000 1.302409 -0.976889
0.521874 0.478198 157.200000 1.180079 -1.488782
0.521891 0.478314 157.300000 1.047072 -1.149530
0.521829 0.478633 157.400000 0.920030 -1.400088
0.521690 0.478954 157.500000 0.779760 -1.403672
0.521491 0.479208 157.600000 0.643080 -1.325383
0.521238 0.479744 157.700000 0.496215 -1.628421
0.520949 0.479820 157.800000 0.358839 -1.094600
0.520637 0.480050 157.900000 0.239798 -1.299172
0.520313 0.479990 158.000000 0.130090 -0.877224
0.519988 0.479715 158.100000 0.098288 0.299821
0.519665 0.479506 158.200000 0.139801 0.545955
0.519347 0.479209 158.300000 0.174900 0.138879
0.519034 0.479107 158.400000 0.219797 0.796136
0.518730 0.478815 158.500000 0.269814 0.178049
0.518426 0.478520 158.600000 0.271745 -0.153236
0.518124 0.478242 158.700000 0.276261 0.267619
0.517823 0.477951 158.800000 0.281485 -0.182650
0.517519 0.477664 158.900000 0.261894 -0.208702
0.517213 0.477365 159.000000 0.248812 -0.042684
0.516907 0.477065 159.100000 0.244811 -0.034645
0.516602 0.476778 159.200000 0.252387 0.200819
0.516298 0.476505 159.300000 0.249340 -0.283675
0.515987 0.476330 159.400000 0.204576 -0.628765
0.515671 0.476132 159.500000 0.144702 -0.566717
0.515349 0.476226 159.600000 0.061911 -1.119741
0.515027 0.476206 159.700000 -0.041397 -0.942363
0.514710 0.476079 159.800000 -0.125686 -0.738028
0.514398 0.475801 159.900000 -0.176233 -0.252496
0.514088 0.475504 160.000000 -0.189673 -0.006456
0.513775 0.475281 160.100000 -0.166798 0.488052
0.513462 0.475002 160.200000 -0.152401 -0.237376
0.513150 0.474706 160.300000 -0.164130 0.013204
0.512838 0.474415 160.400000 -0.157760 0.118155
0.512524 0.474218 160.500000 -0.124898 0.561451
0.512207 0.473996 160.600000 -0.072364 0.487022
0.511888 0.473776 160.700000 -0.023636 0.489500
0.511571 0.473678 160.800000 0.039667 0.794985
0.511257 0.473525 160.900000 0.113181 0.673473
0.510949 0.473358 161.000000 0.178776 0.641419
0.510652 0.473259 161.100000 0.249775 0.791635
0.510372 0.473372 161.200000 0.345304 1.144160
0.510122 0.473525 161.300000 0.461908 1.200356
0.509910 0.473618 161.400000 0.577457 1.117174
0.509728 0.473400 161.500000 0.659096 0.494504
0.509566 0.473151 161.600000 0.702425 0.374961
0.509422 0.472933 161.700000 0.744892 0.489415
0.509296 0.472656 161.800000 0.780644 0.221544
0.509175 0.472364 161.900000 0.791505 -0.007399
0.509059 0.472088 162.000000 0.801176 0.220706
0.508937 0.471866 162.100000 0.789896 -0.473682
0.508818 0.471695 162.200000 0.794281 0.624583
0.508737 0.471643 162.300000 0.868241 0.879251
0.508703 0.471561 162.400000 0.952879 0.823902
0.508699 0.471276 162.500000 1.001381 0.123127
0.508701 0.470989 162.600000 1.011935 0.097255
0.508730 0.470907 162.700000 1.055397 0.820695
0.508841 0.471399 162.800000 1.173436 1.595741
0.509071 0.471857 162.900000 1.330326 1.560346
0.509402 0.471754 163.000000 1.448339 0.780377
0.509777 0.471476 163.100000 1.497213 0.184308
0.510145 0.471218 163.200000 1.490938 -0.320420
0.510471 0.471045 163.300000 1.444365 -0.613240
0.510757 0.470783 163.400000 1.397658 -0.292821
0.510989 0.470788 163.500000 1.335271 -0.978571
0.511147 0.470759 163.600000 1.239748 -0.920640
0.511230 0.470857 163.700000 1.137723 -1.122958
0.511214 0.471752 163.800000 0.985109 -1.968337
0.511102 0.472146 163.900000 0.810712 -1.495218
0.510928 0.472384 164.000000 0.669731 -1.314662
0.510696 0.473152 164.100000 0.512354 -1.861901
0.510423 0.473409 164.200000 0.351219 -1.337888
0.510128 0.473591 164.300000 0.222099 -1.243055
0.509820 0.473897 164.400000 0.090690 -1.397583
0.509510 0.473642 164.500000 0.001798 -0.330535
0.509201 0.473436 164.600000 -0.040063 -0.518303
0.508895 0.473191 164.700000 -0.084831 -0.372504
0.508594 0.473421 164.800000 -0.166141 -1.305628
0.508315 0.473917 164.900000 -0.310599 -1.607971
0.508074 0.474397 165.000000 -0.470005 -1.590819
0.507876 0.474422 165.100000 -0.601190 -1.015670
0.507720 0.474511 165.200000 -0.706883 -1.114775
0.507593 0.474230 165.300000 -0.771809 -0.145668
0.507474 0.473953 165.400000 -0.787163 -0.171253
0.507358 0.473666 165.500000 -0.795601 0.002886
0.507254 0.473448 165.600000 -0.817416 -0.472130
0.507176 0.473273 165.700000 -0.870369 -0.604560
0.507124 0.473015 165.800000 -0.916009 -0.304313
0.507106 0.473009 165.900000 -0.977077 -0.962449
0.507141 0.472911 166.000000 -1.064313 -0.787929
0.507241 0.473032 166.100000 -1.160006 -1.160308
0.507409 0.472905 166.200000 -1.254451 -0.723312
0.507631 0.472759 166.300000 -1.323816 -0.677955
0.507907 0.472611 166.400000 -1.390523 -0.672697
0.508261 0.472757 166.500000 -1.481738 -1.196640
0.508687 0.472515 166.600000 -1.561371 -0.373824
0.509140 0.472245 166.700000 -1.590149 -0.210737
0.509617 0.471994 166.800000 -1.615802 -0.325355
0.510119 0.471723 166.900000 -1.641461 -0.199064
0.510615 0.471468 167.000000 -1.636681 0.303675
0.511121 0.471285 167.100000 -1.647154 -0.574112
0.511686 0.471131 167.200000 -1.707359 -0.653667
0.512318 0.470975 167.300000 -1.771433 -0.648026
0.512999 0.470720 167.400000 -1.818620 -0.298436
0.513724 0.470523 167.500000 -1.858355 -0.528117
0.514557 0.470888 167.600000 -1.954823 -1.472303
0.515547 0.471014 167.700000 -2.086248 -1.167436
0.516680 0.471102 167.800000 -2.199043 -1.112598
0.517941 0.471028 167.900000 -2.295694 -0.833575
0.519319 0.470994 168.000000 -2.381241 -0.908671
0.520765 0.470714 168.100000 -2.429220 -0.033425
0.522202 0.470437 168.200000 -2.424955 0.101346
0.523616 0.470168 168.300000 -2.409745 0.183467
0.524997 0.469906 168.400000 -2.387423 0.242961
0.526328 0.469683 168.500000 -2.353045 0.431959
0.527539 0.469917 168.600000 -2.266966 1.314818
0.528545 0.470635 168.700000 -2.110120 1.833663
0.529339 0.471187 168.800000 -1.933682 1.675317
0.529952 0.471663 168.900000 -1.769291 1.597898
0.530411 0.472002 169.000000 -1.616254 1.445550
0.530725 0.472617 169.100000 -1.457351 1.739418
0.530889 0.473498 169.200000 -1.271655 1.981849
0.530909 0.474646 169.300000 -1.063069 2.199022
0.530804 0.475887 169.400000 -0.839807 2.270928
0.530602 0.477121 169.500000 -0.613111 2.266311
0.530333 0.478425 169.600000 -0.384254 2.319417
0.530027 0.479906 169.700000 -0.146685 2.447050
0.529717 0.480919 169.800000 0.080917 2.098029
0.529432 0.482243 169.900000 0.301443 2.336922
0.529211 0.484138 170.000000 0.552644 2.722709
0.529100 0.486096 170.100000 0.825830 2.762985
0.529111 0.486589 170.200000 1.047197 1.627392
0.529230 0.487081 170.300000 1.209012 1.627983
0.529465 0.487450 170.400000 1.364436 1.494102
0.529797 0.487355 170.500000 1.480219 0.806892
0.530187 0.487145 170.600000 1.545767 0.507353
0.530602 0.486861 170.700000 1.575012 0.072818
0.530995 0.486673 170.800000 1.550713 -0.576863
0.531331 0.486530 170.900000 1.486790 -0.695367
0.531646 0.486268 171.000000 1.462680 0.275477
0.531960 0.486011 171.100000 1.461971 -0.304092
0.532221 0.486002 171.200000 1.399320 -0.970995
0.532413 0.485874 171.300000 1.313218 -0.729451
0.532529 0.486139 171.400000 1.209404 -1.371327
0.532560 0.486248 171.500000 1.082052 -1.159689
0.532520 0.486403 171.600000 0.962630 -1.227624
0.532426 0.486291 171.700000 0.861571 -0.766092
0.532292 0.486245 171.800000 0.778300 -0.901888
0.532131 0.485995 171.900000 0.714642 -0.338588
0.531951 0.485837 172.000000 0.665582 -0.653851
0.531748 0.485647 172.100000 0.604396 -0.561807
0.531511 0.486146 172.200000 0.496976 -1.640265
0.531232 0.486959 172.300000 0.318764 -1.943596
0.530929 0.487545 172.400000 0.134832 -1.730893
0.530622 0.487833 172.500000 -0.022342 -1.403091
0.530323 0.488211 172.600000 -0.167351 -1.510344
0.530041 0.488242 172.700000 -0.295635 -1.040229
0.529778 0.488133 172.800000 -0.386665 -0.774833
0.529534 0.488048 172.900000 -0.466168 -0.825857
0.529311 0.487845 173.000000 -0.533937 -0.522563
0.529108 0.487719 173.100000 -0.595793 -0.733762
0.528927 0.487506 173.200000 -0.657001 -0.487238
0.528759 0.487231 173.300000 -0.689463 -0.153588
0.528589 0.486970 173.400000 -0.684733 0.262390
0.528403 0.486804 173.500000 -0.640861 0.628871
0.528182 0.487142 173.600000 -0.538183 1.465621
0.527928 0.487113 173.700000 -0.416825 0.936010
0.527657 0.486974 173.800000 -0.334461 0.699568
0.527369 0.487256 173.900000 -0.231411 1.398558
0.527071 0.487088 174.000000 -0.128507 0.623793
0.526771 0.486811 174.100000 -0.091606 0.088038
0.526471 0.486552 174.200000 -0.099555 -0.266120
0.526173 0.486277 174.300000 -0.107877 0.117477
0.525874 0.486001 174.400000 -0.096958 0.099487
0.525575 0.485724 174.500000 -0.087847 0.081349
0.525277 0.485452 174.600000 -0.090052 -0.137425
0.524981 0.485279 174.700000 -0.125900 -0.605805
0.524688 0.485002 174.800000 -0.159316 -0.037030
0.524395 0.484725 174.900000 -0.159198 0.041756
0.524104 0.484478 175.000000 -0.172237 -0.323113
0.523817 0.484231 175.100000 -0.204150 -0.318316
0.523531 0.483961 175.200000 -0.213317 0.156224
0.523249 0.483823 175.300000 -0.237980 -0.695621
0.522972 0.483548 175.400000 -0.274298 -0.000174
0.522693 0.483317 175.500000 -0.255325 0.397821
0.522408 0.483108 175.600000 -0.211562 0.481385
0.522122 0.482845 175.700000 -0.195602 -0.197497
0.521835 0.482590 175.800000 -0.193259 0.265745
0.521549 0.482333 175.900000 -0.190656 -0.240894
0.521267 0.482094 176.000000 -0.219808 -0.351112
0.520997 0.482339 176.100000 -0.302123 -1.351918
0.520754 0.482474 176.200000 -0.429659 -1.200989
0.520548 0.482795 176.300000 -0.560945 -1.448373
0.520391 0.483010 176.400000 -0.698678 -1.312347
0.520276 0.482845 176.500000 -0.796382 -0.619152
0.520189 0.482667 176.600000 -0.855984 -0.582151
0.520138 0.482606 176.700000 -0.927028 -0.865266
0.520138 0.482627 176.800000 -1.020169 -1.019484
0.520202 0.482712 176.900000 -1.126371 -1.125722
0.520328 0.482584 177.000000 -1.218662 -0.715698
0.520511 0.482559 177.100000 -1.299880 -0.936235
0.520763 0.482515 177.200000 -1.390881 -0.899794
0.521055 0.482246 177.300000 -1.441414 -0.086719
0.521349 0.481974 177.400000 -1.443732 0.031732
0.521621 0.481774 177.500000 -1.417486 0.503752
0.521853 0.481574 177.600000 -1.366551 0.503407
0.522052 0.481332 177.700000 -1.324506 0.316657
0.522196 0.481518 177.800000 -1.246885 1.274593
0.522229 0.482532 177.900000 -1.078208 2.138680
0.522135 0.484169 178.000000 -0.842181 2.606976
0.521931 0.486417 178.100000 -0.563293 2.996578
0.521660 0.488181 178.200000 -0.278432 2.694922
0.521368 0.489512 178.300000 -0.023822 2.392771
0.521088 0.490656 178.400000 0.208076 2.250032
0.520842 0.491145 178.500000 0.404037 1.651599
0.520647 0.492050 178.600000 0.587606 2.053696
0.520527 0.492753 178.700000 0.783442 1.870037
0.520469 0.492591 178.800000 0.911154 0.636983
0.520448 0.492513 178.900000 0.983952 0.842245
0.520463 0.492278 179.000000 1.045398 0.376419
0.520501 0.492056 179.100000 1.085205 0.435264
0.520559 0.491796 179.200000 1.118061 0.223862
0.520635 0.491555 179.300000 1.145532 0.344250
0.520739 0.491368 179.400000 1.189430 0.558241
0.520864 0.491096 179.500000 1.221691 0.076469
0.520990 0.490823 179.600000 1.222194 -0.061033
0.521113 0.490550 179.700000 1.218789 0.008490
0.521242 0.490287 179.800000 1.227102 0.178979
0.521374 0.490016 179.900000 1.231705 -0.087743
0.521503 0.489745 180.000000 1.227863 0.028889
0.521625 0.489490 180.100000 1.216933 -0.249710
0.521742 0.489225 180.200000 1.210265 0.148129
0.521899 0.489289 180.300000 1.269511 1.099760
0.522133 0.489291 180.400000 1.373565 0.994258
0.522443 0.489295 180.500000 1.472114 0.995769
0.522830 0.489209 180.600000 1.562176 0.815975
0.523309 0.489429 180.700000 1.667218 1.331937
0.523914 0.489646 180.800000 1.799107 1.329379
0.524634 0.489612 180.900000 1.911654 0.925291
0.525435 0.489437 181.000000 1.986980 0.587427
0.526301 0.489281 181.100000 2.047196 0.642776
0.527223 0.489043 181.200000 2.095996 0.341203
0.528161 0.488774 181.300000 2.111947 -0.018342
0.529130 0.488606 181.400000 2.138593 0.605088
0.530082 0.488576 181.500000 2.125008 -0.933182
0.530931 0.488497 181.600000 2.035754 -0.830126
0.531719 0.488239 181.700000 1.982024 -0.195061
0.532480 0.487992 181.800000 1.957529 -0.280557
0.533204 0.487764 181.900000 1.923804 -0.381139
0.533858 0.487755 182.000000 1.856893 -0.970874
0.534437 0.487550 182.100000 1.782501 -0.477558
0.534929 0.487795 182.200000 1.691824 -1.367502
0.535295 0.488107 182.300000 1.550489 -1.454022
0.535572 0.487959 182.400000 1.442310 -0.659927
0.535799 0.487784 182.500000 1.379611 -0.578827
0.535991 0.487557 182.600000 1.330405 -0.384296
0.536137 0.487499 182.700000 1.268226 -0.873767
0.536212 0.487696 182.800000 1.160155 -1.302110
0.536236 0.487455 182.900000 1.076870 -0.306447
0.536236 0.487265 183.000000 1.035360 -0.526154
0.536204 0.487108 183.100000 0.977323 -0.632606
0.536140 0.486935 183.200000 0.916004 -0.584818
0.536057 0.486679 183.300000 0.876212 -0.183828
0.535951 0.486617 183.400000 0.825226 -0.863905
0.535809 0.486524 183.500000 0.741931 -0.794642
0.535625 0.486824 183.600000 0.631735 -1.440008
0.535401 0.486971 183.700000 0.497683 -1.231312
0.535150 0.486991 183.800000 0.384491 -1.023055
0.534881 0.487060 183.900000 0.278269 -1.107370
0.534597 0.487319 184.000000 0.154339 -1.389104
0.534307 0.487223 184.100000 0.044188 -0.788051
0.534017 0.486959 184.200000 0.003493 0.012591
0.533728 0.486918 184.300000 -0.038879 -0.908415
0.533443 0.486894 184.400000 -0.130913 -0.939047
0.533166 0.486722 184.500000 -0.207622 -0.582621
0.532895 0.486514 184.600000 -0.259489 -0.453034
0.532630 0.486265 184.700000 -0.294028 -0.231058
0.532369 0.486013 184.800000 -0.315405 -0.198934
0.532117 0.485917 184.900000 -0.362893 -0.785926
0.531878 0.485693 185.000000 -0.421746 -0.377396
0.531648 0.485476 185.100000 -0.460794 -0.411570
0.531419 0.485249 185.200000 -0.465185 0.357451
0.531179 0.485125 185.300000 -0.412382 0.714643
0.530925 0.484934 185.400000 -0.350576 0.510364
0.530661 0.484848 185.500000 -0.285428 0.807400
0.530387 0.484752 185.600000 -0.205889 0.783528
0.530107 0.484578 185.700000 -0.137773 0.569589
0.529823 0.484468 185.800000 -0.072432 0.748262
0.529538 0.484500 185.900000 0.016188 1.042840
0.529256 0.484372 186.000000 0.104008 0.701249
0.528981 0.484292 186.100000 0.179517 0.819903
0.528718 0.484426 186.200000 0.279750 1.211465
0.528480 0.484788 186.300000 0.415181 1.522722
0.528281 0.485047 186.400000 0.560563 1.390095
0.528127 0.485239 186.500000 0.694632 1.299448
0.528034 0.485700 186.600000 0.840056 1.640767
0.528032 0.486596 186.700000 1.023978 2.077713
0.528147 0.487260 186.800000 1.220324 1.858862
0.528375 0.487497 186.900000 1.381702 1.364685
0.528733 0.488317 187.000000 1.547719 2.010637
0.529258 0.488937 187.100000 1.738281 1.816452
0.529928 0.489063 187.200000 1.889526 1.203110
0.530731 0.489316 187.300000 2.017330 1.387931
0.531669 0.489357 187.400000 2.139465 1.065249
0.532695 0.489155 187.500000 2.216417 0.469440
0.533738 0.488902 187.600000 2.232112 -0.164254
0.534731 0.488766 187.700000 2.190046 -0.682900
0.535633 0.488712 187.800000 2.111464 -0.880873
0.536435 0.488663 187.900000 2.022083 -0.890774
0.537102 0.489202 188.000000 1.892289 -1.733952
0.537587 0.490074 188.100000 1.702761 -2.064206
0.537889 0.491164 188.200000 1.487019 -2.254473
0.538026 0.492219 188.300000 1.262735 -2.226751
0.538007 0.494367 188.400000 1.002739 -3.013674
0.537845 0.497265 188.500000 0.680866 -3.452729
0.537590 0.500261 188.600000 0.333584 -3.507139
0.537305 0.503246 188.700000 -0.016177 -3.502988
0.537052 0.505437 188.800000 -0.343959 -3.047258
0.536886 0.508354 188.900000 -0.667698 -3.469203
0.536864 0.510630 189.000000 -0.996014 -3.102774
0.537023 0.512534 189.100000 -1.293849 -2.867856
0.537392 0.514209 189.200000 -1.571949 -2.714084
0.537997 0.515685 189.300000 -1.835176 -2.573023
0.538875 0.517391 189.400000 -2.098709 -2.738223
0.540039 0.518354 189.500000 -2.343601 -2.164850
0.541410 0.518379 189.600000 -2.506145 -1.062854
0.542870 0.518125 189.700000 -2.573443 -0.272154
0.544340 0.517854 189.800000 -2.582908 0.073901
0.545798 0.517582 189.900000 -2.574820 0.061787
0.547213 0.517396 190.000000 -2.543262 0.570744
0.548536 0.517279 190.100000 -2.475688 0.768723
0.549736 0.517352 190.200000 -2.379912 1.145944
0.550775 0.517660 190.300000 -2.248368 1.485000
0.551640 0.517996 190.400000 -2.097408 1.521446
0.552309 0.519014 190.500000 -1.911647 2.217453
0.552772 0.519925 190.600000 -1.693944 2.124259
0.553043 0.521318 190.700000 -1.462422 2.521314
0.553147 0.522294 190.800000 -1.226191 2.184214
0.553125 0.523209 190.900000 -1.010299 2.130002
0.553001 0.524165 191.000000 -0.795547 2.168155
0.552813 0.524303 191.100000 -0.622100 1.256250
0.552585 0.524627 191.200000 -0.484362 1.512375
0.552332 0.524490 191.300000 -0.370669 0.723048
0.552068 0.524308 191.400000 -0.304498 0.593676
0.551789 0.524846 191.500000 -0.189719 1.763547
0.551503 0.524703 191.600000 -0.063690 0.708910
0.551215 0.524447 191.700000 -0.014132 0.261812
0.550928 0.524191 191.800000 0.011627 0.254217
0.550641 0.523920 191.900000 0.029223 0.090547
0.550354 0.523792 192.000000 -0.001403 -0.746350
0.550069 0.523601 192.100000 -0.067016 -0.560060
0.549787 0.523386 192.200000 -0.118474 -0.467849
0.549507 0.523117 192.300000 -0.147626 -0.099449
0.549226 0.522879 192.400000 -0.135519 0.363979
0.548946 0.522683 192.500000 -0.141956 -0.539725
0.548669 0.522413 192.600000 -0.173267 -0.065820
0.548392 0.522159 192.700000 -0.164634 0.253190
0.548113 0.521888 192.800000 -0.150874 0.008849
0.547835 0.521618 192.900000 -0.148594 0.036740
0.547558 0.521375 193.000000 -0.161866 -0.322367
0.547282 0.521108 193.100000 -0.173937 0.099863
0.547004 0.520964 193.200000 -0.135545 0.698241
0.546724 0.520696 193.300000 -0.095848 0.064682
0.546443 0.520427 193.400000 -0.090296 0.044681
0.546164 0.520231 193.500000 -0.112948 -0.528556
0.545887 0.519964 193.600000 -0.136115 0.094086
0.545609 0.519700 193.700000 -0.125322 0.122394
0.545332 0.519437 193.800000 -0.125718 -0.145007
0.545057 0.519231 193.900000 -0.156381 -0.488335
0.544790 0.519185 194.000000 -0.225758 -0.926408
0.544536 0.519205 194.100000 -0.324267 -1.057804
0.544293 0.518939 194.200000 -0.377622 0.039654
0.544042 0.518835 194.300000 -0.337632 0.796409
0.543781 0.518643 194.400000 -0.270231 0.538859
0.543515 0.518398 194.500000 -0.228029 0.292348
0.543243 0.518420 194.600000 -0.162450 1.058830
0.542965 0.518399 194.700000 -0.060576 0.978353
0.542686 0.518159 194.800000 0.005584 0.314459
0.542408 0.518009 194.900000 0.053896 0.672323
0.542134 0.517856 195.000000 0.120462 0.662570
0.541866 0.517771 195.100000 0.194888 0.839976
0.541611 0.517885 195.200000 0.296434 1.217156
0.541376 0.517829 195.300000 0.402802 0.903058
0.541161 0.517790 195.400000 0.494406 0.939726
0.540973 0.517772 195.500000 0.589944 0.983220
0.540801 0.517510 195.600000 0.636871 -0.090099
0.540630 0.517259 195.700000 0.642853 0.232621
0.540468 0.517013 195.800000 0.667035 0.260104
0.540313 0.516761 195.900000 0.690590 0.216765
0.540170 0.516536 196.000000 0.720114 0.390932
0.540053 0.516535 196.100000 0.788246 1.013746
0.539985 0.516695 196.200000 0.901982 1.288664
0.539962 0.516501 196.300000 0.993719 0.521497
0.539945 0.516261 196.400000 1.006316 -0.300112
0.539907 0.516068 196.500000 0.965343 -0.522589
0.539843 0.515888 196.600000 0.910464 -0.570619
0.539748 0.515816 196.700000 0.839228 -0.863392
0.539606 0.516144 196.800000 0.721393 -1.524246
0.539419 0.516223 196.900000 0.586273 -1.159777
0.539211 0.516001 197.000000 0.506555 -0.394551
0.538989 0.515865 197.100000 0.452281 -0.704253
0.538750 0.515840 197.200000 0.369360 -0.967186
0.538498 0.515717 197.300000 0.283606 -0.737184
0.538237 0.515559 197.400000 0.214587 -0.639068
0.537970 0.515438 197.500000 0.145761 -0.744215
0.537701 0.515178 197.600000 0.105204 -0.031883
0.537432 0.514921 197.700000 0.109329 0.123441
0.537164 0.514668 197.800000 0.123821 0.170625
0.536901 0.514631 197.900000 0.177157 0.938653
0.536646 0.514469 198.000000 0.255716 0.622594
0.536396 0.514209 198.100000 0.289202 0.021323
0.536150 0.513976 198.200000 0.305457 0.322634
0.535910 0.513801 198.300000 0.349564 0.577688
0.535680 0.513586 198.400000 0.399375 0.416592
0.535464 0.513514 198.500000 0.461708 0.859552
0.535281 0.513963 198.600000 0.585930 1.677055
0.535151 0.514249 198.700000 0.743196 1.472181
0.535085 0.514702 198.800000 0.899568 1.681457
0.535098 0.515024 198.900000 1.059194 1.520426
0.535167 0.514815 199.000000 1.159430 0.446358
0.535243 0.514569 199.100000 1.171741 -0.221335
0.535293 0.514425 199.200000 1.127654 -0.673665
0.535313 0.514210 199.300000 1.072207 -0.413858
0.535316 0.513964 199.400000 1.039612 -0.219256
0.535312 0.513706 199.500000 1.028144 0.011272
0.535308 0.513450 199.600000 1.026349 -0.039507
0.535328 0.513466 199.700000 1.073236 1.044333
0.535416 0.513672 199.800000 1.191870 1.361260
0.535606 0.514340 199.900000 1.353645 1.922889
0.535902 0.514340 200.000000 1.501719 1.014427
0.536236 0.514083 200.100000 1.552375 -0.036253
0.536547 0.513910 200.200000 1.522237 -0.579761
0.536812 0.513755 200.300000 1.461003 -0.635692
0.537002 0.514076 200.400000 1.354902 -1.521705
0.537094 0.514409 200.500000 1.201677 -1.538109
0.537112 0.514427 200.600000 1.070892 -1.047886
0.537087 0.514270 200.700000 0.985615 -0.630476
0.537030 0.514124 200.800000 0.920482 -0.667603
0.536947 0.513942 200.900000 0.859302 -0.543786
0.536850 0.513688 201.000000 0.826629 -0.079521
0.536746 0.513445 201.100000 0.811588 -0.220885
0.536636 0.513196 201.200000 0.792341 -0.153560
0.536514 0.512982 201.300000 0.764765 -0.404031
0.536387 0.512729 201.400000 0.747298 0.086000
0.536261 0.512475 201.500000 0.750911 -0.010907
0.536129 0.512240 201.600000 0.736704 -0.279945
0.535988 0.512005 201.700000 0.708402 -0.280215
0.535841 0.511752 201.800000 0.691756 -0.034141
0.535679 0.511717 201.900000 0.645127 -0.939340
0.535491 0.511624 202.000000 0.557568 -0.803172
0.535283 0.511496 202.100000 0.481558 -0.710812
0.535058 0.511446 202.200000 0.401180 -0.905940
0.534820 0.511269 202.300000 0.327241 -0.555130
0.534570 0.511472 202.400000 0.233646 -1.358732
0.534310 0.511343 202.500000 0.128887 -0.706958
0.534047 0.511207 202.600000 0.059311 -0.685870
0.533784 0.511013 202.700000 0.000331 -0.486248
0.533522 0.510888 202.800000 -0.059048 -0.715981
0.533261 0.510646 202.900000 -0.086867 0.203654
0.532998 0.510609 203.000000 -0.031988 0.932481
0.532736 0.510358 203.100000 0.018141 0.027044
0.532474 0.510146 203.200000 0.000686 -0.398217
0.532212 0.509895 203.300000 -0.022330 -0.045623
0.531951 0.509658 203.400000 -0.035840 -0.235008
0.531692 0.509565 203.500000 -0.086025 -0.800041
0.531436 0.509380 203.600000 -0.152220 -0.513856
0.531187 0.509299 203.700000 -0.218356 -0.829709
0.530948 0.509170 203.800000 -0.294993 -0.702917
0.530718 0.508961 203.900000 -0.350886 -0.405968
0.530499 0.508866 204.000000 -0.409562 -0.793597
0.530299 0.508833 204.100000 -0.495385 -0.938779
0.530127 0.508875 204.200000 -0.595959 -1.090578
0.529990 0.508963 204.300000 -0.708390 -1.174142
0.529887 0.508810 204.400000 -0.799255 -0.627662
0.529805 0.508603 204.500000 -0.851314 -0.413534
0.529733 0.508355 204.600000 -0.873607 -0.022446
0.529664 0.508113 204.700000 -0.881645 -0.154096
0.529598 0.507865 204.800000 -0.886897 0.050193
0.529528 0.507620 204.900000 -0.878850 0.105022
0.529441 0.507490 205.000000 -0.840092 0.692838
0.529332 0.507298 205.100000 -0.780685 0.479312
0.529214 0.507052 205.200000 -0.757059 -0.039383
0.529108 0.506915 205.300000 -0.790596 -0.672461
0.529039 0.506995 205.400000 -0.880315 -1.158971
0.529017 0.506940 205.500000 -0.982558 -0.886435
0.529043 0.506983 205.600000 -1.080243 -1.092614
0.529121 0.506881 205.700000 -1.173339 -0.768812
0.529233 0.506682 205.800000 -1.233927 -0.441506
0.529351 0.506457 205.900000 -1.242498 0.294137
0.529431 0.506467 206.000000 -1.177815 1.027233
0.529427 0.507343 206.100000 -1.021579 2.150223
0.529328 0.508252 206.200000 -0.805024 2.183747
0.529146 0.509976 206.300000 -0.555203 2.851253
0.528906 0.512001 206.400000 -0.260499 3.063450
0.528651 0.514359 206.500000 0.055486 3.281218
0.528426 0.515945 206.600000 0.357772 2.754620
0.528266 0.517422 206.700000 0.628404 2.671728
0.528190 0.518137 206.800000 0.862694 1.999014
0.528200 0.518573 206.900000 1.046769 1.685110
0.528295 0.518837 207.000000 1.203665 1.460326
0.528463 0.518803 207.100000 1.324307 0.945100
0.528684 0.518657 207.200000 1.404370 0.659345
0.528956 0.518578 207.300000 1.478120 0.842837
0.529297 0.518609 207.400000 1.572674 1.079930
0.529724 0.518681 207.500000 1.683166 1.155284
0.530259 0.518936 207.600000 1.811384 1.447370
0.530912 0.519030 207.700000 1.942902 1.195460
0.531668 0.519009 207.800000 2.050765 0.975961
0.532544 0.519265 207.900000 2.169526 1.449838
0.533511 0.519030 208.000000 2.256078 0.247246
0.534504 0.518800 208.100000 2.281227 0.281381
0.535471 0.518704 208.200000 2.256962 -0.799256
0.536364 0.518520 208.300000 2.189427 -0.518299
0.537176 0.518534 208.400000 2.111572 -1.047487
0.537878 0.518605 208.500000 2.000963 -1.154719
0.538454 0.518940 208.600000 1.865570 -1.560586
0.538890 0.519394 208.700000 1.701795 -1.712452
0.539210 0.519495 208.800000 1.553995 -1.209055
0.539453 0.519433 208.900000 1.448083 -0.882833
0.539645 0.519282 209.000000 1.370951 -0.637038
0.539782 0.519315 209.100000 1.285447 -1.086325
0.539836 0.519832 209.200000 1.143186 -1.788740
0.539824 0.519711 209.300000 1.014344 -0.730367
0.539792 0.519464 209.400000 0.972154 -0.072526
0.539756 0.519218 209.500000 0.963925 -0.083265
0.539721 0.518976 209.600000 0.966533 0.157276
0.539700 0.518775 209.700000 0.995056 0.438470
0.539703 0.518608 209.800000 1.045054 0.581279
0.539728 0.518381 209.900000 1.088621 0.288139
0.539741 0.518289 210.000000 1.064880 -0.808272
0.539733 0.518043 210.100000 1.022538 0.010953
0.539716 0.517834 210.200000 1.003795 -0.396994
0.539682 0.517608 210.300000 0.968635 -0.292770
0.539639 0.517367 210.400000 0.946038 -0.143151
0.539581 0.517179 210.500000 0.914808 -0.491069
0.539498 0.517066 210.600000 0.853170 -0.748676
0.539374 0.517291 210.700000 0.746849 -1.407841
0.539221 0.517072 210.800000 0.657077 -0.330863
0.539048 0.517064 210.900000 0.592041 -1.000260
0.538846 0.517243 211.000000 0.475973 -1.338228
0.538620 0.517326 211.100000 0.349939 -1.176221
0.538382 0.517149 211.200000 0.262811 -0.535285
0.538137 0.516975 211.300000 0.208749 -0.546744
0.537890 0.516742 211.400000 0.169609 -0.219644
0.537642 0.516499 211.500000 0.161476 0.072938
0.537392 0.516323 211.600000 0.139685 -0.538972
0.537141 0.516098 211.700000 0.098203 -0.278401
0.536888 0.515917 211.800000 0.059108 -0.516512
0.536635 0.515689 211.900000 0.020082 -0.252219
0.536382 0.515454 212.000000 -0.001761 -0.182082
0.536130 0.515350 212.100000 -0.047638 -0.767222
0.535881 0.515271 212.200000 -0.127347 -0.835049
0.535640 0.515220 212.300000 -0.213754 -0.902298
0.535403 0.514979 212.400000 -0.257045 0.081370
0.535165 0.514748 212.500000 -0.242584 0.212599
0.534926 0.514506 212.600000 -0.233424 -0.044218
0.534688 0.514266 212.700000 -0.239530 -0.082476
0.534448 0.514139 212.800000 -0.210622 0.698924
0.534204 0.513898 212.900000 -0.172658 0.026540
0.533961 0.513664 213.000000 -0.179376 -0.172984
0.533719 0.513424 213.100000 -0.191551 -0.067680
0.533477 0.513189 213.200000 -0.187675 0.154636
0.533233 0.512969 213.300000 -0.165442 0.296427
0.532990 0.512777 213.400000 -0.171414 -0.455535
0.532752 0.512573 213.500000 -0.213706 -0.391036
0.532515 0.512333 213.600000 -0.235735 -0.035003
0.532277 0.512141 213.700000 -0.216040 0.451994
0.532034 0.512006 213.800000 -0.160597 0.668488
0.531788 0.511808 213.900000 -0.105724 0.417679
0.531541 0.511572 214.000000 -0.078634 0.109018
0.531294 0.511417 214.100000 -0.044468 0.599923
0.531046 0.511288 214.200000 0.019473 0.686151
0.530800 0.511110 214.300000 0.079549 0.509913
0.530557 0.510992 214.400000 0.140268 0.718940
0.530319 0.510828 214.500000 0.204422 0.561014
0.530090 0.510760 214.600000 0.274255 0.856171
0.529874 0.510772 214.700000 0.368012 1.035664
0.529678 0.510727 214.800000 0.465112 0.908787
0.529495 0.510496 214.900000 0.520580 0.171193
0.529318 0.510292 215.000000 0.547325 0.380858
0.529149 0.510060 215.100000 0.573379 0.134739
0.528984 0.509833 215.200000 0.590148 0.211093
0.528819 0.509613 215.300000 0.588278 -0.266607
0.528636 0.509698 215.400000 0.518282 -1.176742
0.528432 0.509582 215.500000 0.422213 -0.721692
0.528217 0.509395 215.600000 0.362373 -0.460962
0.527988 0.509742 215.700000 0.262903 -1.586495
0.527746 0.510222 215.800000 0.096425 -1.757791
0.527503 0.510568 215.900000 -0.070841 -1.586813
0.527274 0.511476 216.000000 -0.259243 -2.223833
0.527082 0.512200 216.100000 -0.472092 -2.037633
0.526942 0.512837 216.200000 -0.670649 -1.944023
0.526861 0.513035 216.300000 -0.837159 -1.373077
0.526840 0.513352 216.400000 -0.981988 -1.548309
0.526893 0.513621 216.500000 -1.132741 -1.481189
0.527005 0.513488 216.600000 -1.241451 -0.669413
0.527153 0.513318 216.700000 -1.301492 -0.540563
0.527333 0.513152 216.800000 -1.355289 -0.551830
0.527547 0.512975 216.900000 -1.407632 -0.509240
0.527769 0.512757 217.000000 -1.420393 0.278720
0.527956 0.512672 217.100000 -1.366718 0.810004
0.528078 0.512851 217.200000 -1.260002 1.342961
0.528109 0.513611 217.300000 -1.090471 2.080984
0.528039 0.514672 217.400000 -0.868433 2.375312
0.527888 0.515763 217.500000 -0.629720 2.404295
0.527681 0.516690 217.600000 -0.396897 2.250410
0.527445 0.517750 217.700000 -0.166233 2.377435
0.527204 0.518698 217.800000 0.066044 2.273491
0.526981 0.519497 217.900000 0.285755 2.125573
0.526799 0.520579 218.000000 0.510617 2.400150
0.526677 0.521091 218.100000 0.721785 1.809892
0.526617 0.521407 218.200000 0.889890 1.555570
0.526611 0.521352 218.300000 1.013324 0.895436
0.526619 0.521142 218.400000 1.042948 -0.353857
0.526608 0.520950 218.500000 1.002563 -0.450349
0.526570 0.520860 218.600000 0.940240 -0.807234
0.526517 0.520632 218.700000 0.907153 0.203857
0.526476 0.520426 218.800000 0.935199 0.376281
0.526440 0.520197 218.900000 0.945384 -0.191119
0.526390 0.520011 219.000000 0.912518 -0.472550
0.526308 0.520057 219.100000 0.834483 -1.115348
0.526191 0.519988 219.200000 0.735023 -0.857824
0.526036 0.520446 219.300000 0.606990 -1.746792
0.525843 0.520599 219.400000 0.453237 -1.308302
0.525630 0.520547 219.500000 0.341836 -0.900625
0.525408 0.520355 219.600000 0.273407 -0.445302
0.525179 0.520270 219.700000 0.211205 -0.817964
0.524943 0.520356 219.800000 0.111862 -1.190704
0.524704 0.520637 219.900000 -0.022044 -1.509333
0.524475 0.521477 220.000000 -0.204177 -2.176621
0.524282 0.522864 220.100000 -0.444740 -2.674339
0.524152 0.523722 220.200000 -0.688643 -2.197122
0.524087 0.523988 220.300000 -0.873909 -1.489390
0.524069 0.523864 220.400000 -0.984955 -0.706940
0.524065 0.523630 220.500000 -1.015051 0.135801
0.524056 0.523396 220.600000 -1.002247 0.109457
0.524033 0.523205 220.700000 -0.974616 0.451750
0.523999 0.522970 220.800000 -0.946488 0.084085
0.523958 0.522746 220.900000 -0.930268 0.239479
0.523913 0.522513 221.000000 -0.922818 -0.117313
0.523873 0.522279 221.100000 -0.933857 -0.113093
0.523828 0.522083 221.200000 -0.919582 0.416530
0.523770 0.521851 221.300000 -0.890561 0.142470
0.523702 0.521653 221.400000 -0.863540 0.403537
0.523615 0.521495 221.500000 -0.814170 0.587017
0.523522 0.521276 221.600000 -0.795765 -0.269023
0.523461 0.521549 221.700000 -0.880536 -1.500610
0.523470 0.522020 221.800000 -1.042535 -1.770247
0.523556 0.522166 221.900000 -1.196390 -1.301949
0.523712 0.522223 222.000000 -1.317874 -1.137924
0.523935 0.522258 222.100000 -1.428756 -1.096716
0.524234 0.522343 222.200000 -1.541914 -1.191482
0.524614 0.522369 222.300000 -1.654578 -1.077500
0.525081 0.522472 222.400000 -1.768239 -1.225734
0.525638 0.522460 222.500000 -1.878762 -0.996808
0.526282 0.522479 222.600000 -1.980353 -1.062509
0.527023 0.522509 222.700000 -2.086454 -1.086144
0.527835 0.522315 222.800000 -2.162331 -0.423088
0.528713 0.522291 222.900000 -2.229291 -0.968676
0.529674 0.522168 223.000000 -2.312168 -0.702223
0.530675 0.521935 223.100000 -2.351234 -0.072792
0.531656 0.521746 223.200000 -2.332768 0.445499
0.532597 0.521530 223.300000 -2.294983 0.280542
0.533514 0.521300 223.400000 -2.272835 0.133176
0.534399 0.521121 223.500000 -2.241549 0.489267
0.535236 0.520934 223.600000 -2.193171 0.456741
0.536020 0.520777 223.700000 -2.140548 0.582830
0.536732 0.520746 223.800000 -2.064042 0.948166
0.537322 0.521249 223.900000 -1.927370 1.815278
0.537784 0.521338 224.000000 -1.774416 1.201777
0.538150 0.521505 224.100000 -1.647190 1.338519
0.538419 0.521680 224.200000 -1.512251 1.351526
0.538622 0.521542 224.300000 -1.409930 0.649964
0.538778 0.521485 224.400000 -1.333157 0.887317
0.538878 0.521503 224.500000 -1.235784 1.060582
0.538921 0.521544 224.600000 -1.127188 1.107026
0.538896 0.522061 224.700000 -0.981731 1.834982
0.538816 0.521963 224.800000 -0.848289 0.778063
0.538707 0.521907 224.900000 -0.764941 0.890427
0.538577 0.521697 225.000000 -0.703031 0.314500
0.538442 0.521466 225.100000 -0.684741 0.030998
0.538303 0.521247 225.200000 -0.671546 0.237059
0.538145 0.521349 225.300000 -0.600709 1.226277
0.537962 0.521222 225.400000 -0.503810 0.683594
0.537766 0.521087 225.500000 -0.436570 0.658449
0.537556 0.521058 225.600000 -0.356587 0.955950
0.537332 0.521132 225.700000 -0.250835 1.171927
0.537098 0.521165 225.800000 -0.137634 1.091518
0.536860 0.521497 225.900000 -0.004812 1.595847
0.536629 0.521919 226.000000 0.160105 1.717229
0.536412 0.521977 226.100000 0.304093 1.142941
0.536212 0.521956 226.200000 0.409928 0.973922
0.536026 0.521769 226.300000 0.481735 0.443531
0.535848 0.521547 226.400000 0.513899 0.193749
0.535672 0.521317 226.500000 0.521960 -0.038607
0.535500 0.521135 226.600000 0.541869 0.468492
0.535343 0.520998 226.700000 0.596863 0.648775
0.535197 0.520775 226.800000 0.638711 0.172497
0.535062 0.520638 226.900000 0.678132 0.648252
0.534947 0.520489 227.000000 0.740267 0.602223
0.534848 0.520282 227.100000 0.786481 0.317653
0.534750 0.520068 227.200000 0.790299 -0.262268
0.534645 0.519845 227.300000 0.769031 -0.150703
0.534530 0.519655 227.400000 0.740772 -0.421853
0.534409 0.519427 227.500000 0.718393 0.001759
0.534285 0.519205 227.600000 0.709914 -0.173359
0.534156 0.518984 227.700000 0.692441 -0.169722
0.534024 0.518757 227.800000 0.686399 0.067390
0.533904 0.518622 227.900000 0.720348 0.649436
0.533808 0.518542 228.000000 0.792805 0.819259
0.533735 0.518359 228.100000 0.856638 0.450231
0.533683 0.518240 228.200000 0.913120 0.703672
0.533660 0.518100 228.300000 0.979314 0.629117
0.533650 0.517873 228.400000 1.012087 0.006685
0.533616 0.517970 228.500000 0.954380 -1.214971
0.533526 0.518363 228.600000 0.810535 -1.683420
0.533392 0.518372 228.700000 0.672805 -1.037979
0.533236 0.518210 228.800000 0.592383 -0.543142
0.533062 0.518182 228.900000 0.518451 -0.954070
0.532868 0.518175 229.000000 0.420749 -1.002335
0.532661 0.517994 229.100000 0.346666 -0.451399
0.532449 0.517799 229.200000 0.304779 -0.381573
0.532236 0.517583 229.300000 0.294626 0.210717
0.532023 0.517368 229.400000 0.295138 -0.219033
0.531813 0.517255 229.500000 0.317471 0.716737
0.531619 0.517383 229.600000 0.415212 1.274377
0.531441 0.517173 229.700000 0.494270 0.264492
0.531262 0.516978 229.800000 0.490310 -0.370784
0.531074 0.516818 229.900000 0.444921 -0.543126
0.530878 0.516626 230.000000 0.397733 -0.391043
0.530678 0.516402 230.100000 0.375847 -0.025520
0.530477 0.516185 230.200000 0.365562 -0.184926
0.530275 0.515967 230.300000 0.363277 0.160053
0.530078 0.515773 230.400000 0.389139 0.372863
0.529890 0.515637 230.500000 0.438682 0.637790
0.529714 0.515488 230.600000 0.499562 0.584775
0.529558 0.515516 230.700000 0.580930 1.076543
0.529426 0.515403 230.800000 0.670827 0.713770
0.529316 0.515302 230.900000 0.743470 0.751547
0.529227 0.515122 231.000000 0.803580 0.445967
0.529142 0.514909 231.100000 0.816384 -0.214256
0.529052 0.514688 231.200000 0.800930 -0.080770
0.528967 0.514504 231.300000 0.816345 0.423176
0.528897 0.514310 231.400000 0.855291 0.362978
0.528836 0.514092 231.500000 0.879710 0.123231
0.528773 0.513878 231.600000 0.876338 -0.198133
0.528695 0.513750 231.700000 0.834385 -0.657379
0.528594 0.513632 231.800000 0.766650 -0.694379
0.528475 0.513449 231.900000 0.709955 -0.421128
0.528347 0.513231 232.000000 0.681657 -0.124325
0.528221 0.513022 232.100000 0.685959 0.235460
0.528110 0.512938 232.200000 0.735784 0.798787
0.528028 0.512905 232.300000 0.821451 0.933189
0.527961 0.512690 232.400000 0.862202 -0.162729
0.527885 0.512486 232.500000 0.840139 -0.276752
0.527797 0.512312 232.600000 0.803426 -0.460220
0.527685 0.512322 232.700000 0.729815 -1.036743
0.527545 0.512244 232.800000 0.636669 -0.812524
0.527384 0.512217 232.900000 0.548945 -0.946941
0.527202 0.512193 233.000000 0.453839 -0.955104
0.527007 0.512023 233.100000 0.380604 -0.485372
0.526807 0.511809 233.200000 0.347874 -0.150335
0.526606 0.511590 233.300000 0.340697 0.018351
0.526403 0.511398 233.400000 0.324414 -0.360441
0.526196 0.511189 233.500000 0.295475 -0.209010
0.525989 0.510976 233.600000 0.292151 0.164004
0.525784 0.510759 233.700000 0.305168 0.096571
0.525578 0.510558 233.800000 0.296717 -0.281940
0.525373 0.510367 233.900000 0.298817 0.359157
0.525169 0.510151 234.000000 0.313548 -0.082922
0.524963 0.509979 234.100000 0.287079 -0.463798
0.524746 0.510221 234.200000 0.193084 -1.468558
0.524524 0.510127 234.300000 0.080000 -0.761724
0.524300 0.510009 234.400000 0.007804 -0.681158
0.524077 0.509813 234.500000 -0.043012 -0.319660
0.523857 0.509908 234.600000 -0.117054 -1.210151
0.523645 0.509920 234.700000 -0.229502 -1.037259
0.523439 0.509704 234.800000 -0.279613 0.086429
0.523232 0.509488 234.900000 -0.274383 0.011906
0.523024 0.509283 235.000000 -0.262553 0.233698
0.522815 0.509066 235.100000 -0.250538 -0.007491
0.522603 0.508949 235.200000 -0.218411 0.683870
0.522387 0.508764 235.300000 -0.164431 0.381221
0.522170 0.508549 235.400000 -0.147516 -0.066111
0.521952 0.508343 235.500000 -0.140380 0.222183
0.521733 0.508144 235.600000 -0.115393 0.280384
0.521513 0.507993 235.700000 -0.074518 0.551716
0.521292 0.508066 235.800000 0.009643 1.166011
0.521074 0.508061 235.900000 0.117881 0.996039
0.520861 0.507889 236.000000 0.191389 0.451887
0.520656 0.507927 236.100000 0.266762 1.093650
0.520466 0.507967 236.200000 0.375865 1.097005
0.520302 0.508415 236.300000 0.517010 1.770909
0.520178 0.508580 236.400000 0.672995 1.340635
0.520103 0.509085 236.500000 0.830249 1.844761
0.520111 0.510023 236.600000 1.037129 2.336737
0.520244 0.511501 236.700000 1.293120 2.831805
0.520523 0.512145 236.800000 1.536374 2.018296
0.520932 0.512618 236.900000 1.726911 1.807332
0.521456 0.512702 237.000000 1.877260 1.194162
0.522082 0.512880 237.100000 2.003606 1.366899
0.522831 0.513118 237.200000 2.143729 1.468119
0.523723 0.513492 237.300000 2.298843 1.674177
0.524778 0.513807 237.400000 2.460599 1.588213
0.525968 0.513798 237.500000 2.589545 0.992314
0.527223 0.513590 237.600000 2.649504 0.196082
0.528501 0.513387 237.700000 2.670126 0.246536
0.529768 0.513205 237.800000 2.662486 -0.405673
0.530992 0.513014 237.900000 2.623697 -0.342274
0.532163 0.512872 238.000000 2.576428 -0.591799
0.533273 0.512707 238.100000 2.520953 -0.489676
0.534326 0.512566 238.200000 2.466016 -0.591809
0.535297 0.512550 238.300000 2.387650 -0.974088
0.536154 0.512720 238.400000 2.271261 -1.354995
0.536872 0.513073 238.500000 2.121149 -1.647032
0.537466 0.513163 238.600000 1.976699 -1.206216
0.537960 0.513277 238.700000 1.853183 -1.253159
0.538342 0.513702 238.800000 1.703820 -1.748225
0.538625 0.513748 238.900000 1.558477 -1.117605
0.538802 0.514709 239.000000 1.386846 -2.371309
0.538861 0.515341 239.100000 1.166618 -2.012997
0.538839 0.515637 239.200000 0.986542 -1.563807
0.538764 0.515718 239.300000 0.847695 -1.191925
0.538645 0.516031 239.400000 0.709519 -1.590358
0.538483 0.516347 239.500000 0.550306 -1.595441
0.538297 0.516251 239.600000 0.430572 -0.758063
0.538100 0.516097 239.700000 0.364925 -0.543260
0.537895 0.515982 239.800000 0.303593 -0.690341
0.537685 0.515769 239.900000 0.262362 -0.104007
0.537471 0.515708 240.000000 0.216031 -0.860343
0.537252 0.515531 240.100000 0.150793 -0.423804
0.537031 0.515350 240.200000 0.109338 -0.405045
0.536809 0.515137 240.300000 0.091137 0.064720
0.536587 0.514950 240.400000 0.077370 -0.361222
0.536365 0.514736 240.500000 0.056406 -0.042419
0.536143 0.514530 240.600000 0.045242 -0.188190
0.535920 0.514330 240.700000 0.047459 0.255348
0.535699 0.514122 240.800000 0.069002 0.172978
0.535479 0.513956 240.900000 0.100712 0.478932
0.535262 0.513839 241.000000 0.157862 0.678076
0.535051 0.513745 241.100000 0.229162 0.757245
0.534844 0.513532 241.200000 0.269349 0.013638
0.534636 0.513335 241.300000 0.256847 -0.276178
0.534425 0.513178 241.400000 0.217761 -0.517098
0.534207 0.513345 241.500000 0.126360 -1.355592
0.533986 0.513300 241.600000 0.012762 -0.898175
0.533766 0.513252 241.700000 -0.076572 -0.892831
0.533551 0.513219 241.800000 -0.167307 -0.929231
0.533343 0.513075 241.900000 -0.243050 -0.573488
0.533139 0.512866 242.000000 -0.278891 -0.125175
0.532936 0.512656 242.100000 -0.289520 -0.088954
0.532731 0.512509 242.200000 -0.267588 0.558302
0.532520 0.512375 242.300000 -0.209095 0.614799
0.532305 0.512265 242.400000 -0.143632 0.700084
0.532087 0.512124 242.500000 -0.079289 0.582867
0.531867 0.512213 242.600000 0.008415 1.206295
0.531651 0.512169 242.700000 0.114292 0.901644
0.531439 0.512024 242.800000 0.188177 0.564193
0.531234 0.511958 242.900000 0.257355 0.838653
0.531038 0.511801 243.000000 0.325332 0.510604
0.530845 0.511590 243.100000 0.353269 0.028713
0.530648 0.511478 243.200000 0.321882 -0.690616
0.530444 0.511321 243.300000 0.261552 -0.506722
0.530240 0.511148 243.400000 0.255181 0.428456
0.530038 0.510943 243.500000 0.284045 0.138375
0.529839 0.510733 243.600000 0.293435 0.048259
0.529642 0.510562 243.700000 0.316365 0.433813
0.529452 0.510428 243.800000 0.367637 0.606144
0.529273 0.510293 243.900000 0.427602 0.599692
0.529104 0.510143 244.000000 0.484181 0.535947
0.528951 0.510115 244.100000 0.556532 0.940009
0.528811 0.509910 244.200000 0.611831 0.134062
0.528670 0.509714 244.300000 0.606437 -0.255616
0.528524 0.509511 244.400000 0.585151 -0.160377
0.528384 0.509416 244.500000 0.611658 0.743079
0.528260 0.509247 244.600000 0.670982 0.437324
0.528155 0.509197 244.700000 0.735203 0.879386
0.528072 0.509049 244.800000 0.806696 0.544844
0.527993 0.508863 244.900000 0.819321 -0.327322
0.527906 0.508662 245.000000 0.793471 -0.175205
0.527811 0.508485 245.100000 0.765641 -0.385435
0.527699 0.508372 245.200000 0.712884 -0.679564
0.527569 0.508260 245.300000 0.644541 -0.683968
0.527417 0.508271 245.400000 0.559333 -1.035866
0.527248 0.508177 245.500000 0.469608 -0.743091
0.527067 0.508017 245.600000 0.407588 -0.482834
0.526880 0.507825 245.700000 0.369566 -0.264566
0.526688 0.507677 245.800000 0.329999 -0.538913
0.526494 0.507492 245.900000 0.316907 0.322891
0.526298 0.507425 246.000000 0.294531 -0.826016
0.526092 0.507557 246.100000 0.189965 -1.291182
0.525879 0.507735 246.200000 0.057155 -1.374286
0.525665 0.507532 246.300000 -0.020843 -0.126670
0.525453 0.507379 246.400000 -0.051673 -0.511033
0.525243 0.507347 246.500000 -0.122344 -0.927512
0.525039 0.507300 246.600000 -0.212756 -0.884592
0.524845 0.507315 246.700000 -0.308334 -1.042024
0.524663 0.507150 246.800000 -0.383918 -0.446914
0.524484 0.506945 246.900000 -0.406118 0.021378
0.524304 0.506740 247.000000 -0.403625 0.024712
0.524122 0.506569 247.100000 -0.382715 0.409851
0.523941 0.506464 247.200000 -0.394438 -0.704643
0.523776 0.506467 247.300000 -0.479190 -1.014348
0.523633 0.506486 247.400000 -0.581848 -1.050868
0.523519 0.506598 247.500000 -0.695882 -1.251731
0.523441 0.506637 247.600000 -0.813116 -1.098430
0.523398 0.506592 247.700000 -0.912381 -0.889792
0.523382 0.506445 247.800000 -0.983749 -0.532572
0.523376 0.506241 247.900000 -1.009440 0.036020
0.523370 0.506037 248.000000 -1.008809 -0.037154
0.523371 0.505849 248.100000 -1.023718 -0.284319
0.523374 0.505651 248.200000 -1.030180 0.167105
0.523377 0.505459 248.300000 -1.032110 -0.236347
0.523388 0.505258 248.400000 -1.049557 -0.117926
0.523402 0.505055 248.500000 -1.055061 0.003093
0.523412 0.504856 248.600000 -1.047555 0.143893
0.523429 0.504711 248.700000 -1.064786 -0.533894
0.523474 0.504618 248.800000 -1.127332 -0.741417
0.523569 0.504800 248.900000 -1.231136 -1.383621
0.523708 0.504622 249.000000 -1.319636 -0.351675
0.523842 0.504483 249.100000 -1.310790 0.561618
0.523956 0.504291 249.200000 -1.270218 0.221781
0.524038 0.504321 249.300000 -1.206969 1.076661
0.524070 0.504344 249.400000 -1.099774 1.059968
0.524050 0.504583 249.500000 -0.973437 1.483639
0.523983 0.504602 249.600000 -0.845474 1.050925
0.523881 0.504708 249.700000 -0.731278 1.240028
0.523750 0.504640 249.800000 -0.627103 0.820610
0.523596 0.504712 249.900000 -0.528462 1.168574
0.523423 0.504670 250.000000 -0.424581 0.895528
0.523234 0.504728 250.100000 -0.323517 1.139056
0.523038 0.504549 250.200000 -0.247727 0.337295
0.522839 0.504352 250.300000 -0.222901 0.148592
0.522639 0.504152 250.400000 -0.211320 0.077868
0.522440 0.503956 250.500000 -0.214950 -0.164954
0.522241 0.503755 250.600000 -0.224567 -0.022942
0.522042 0.503571 250.700000 -0.211758 0.293409
0.521841 0.503378 250.800000 -0.187263 0.190514
0.521638 0.503191 250.900000 -0.164910 0.259282
0.521434 0.503019 251.000000 -0.133103 0.383088
0.521230 0.502838 251.100000 -0.127566 -0.308034
0.521027 0.502643 251.200000 -0.151330 -0.162480
0.520825 0.502447 251.300000 -0.166482 -0.141848
0.520624 0.502247 251.400000 -0.173474 0.007470
0.520423 0.502053 251.500000 -0.165560 0.156965
0.520221 0.501853 251.600000 -0.156719 0.011380
0.520017 0.501757 251.700000 -0.121870 0.721453
0.519811 0.501793 251.800000 -0.032454 1.088779
0.519605 0.501687 251.900000 0.056981 0.684023
0.519401 0.501492 252.000000 0.099694 0.146091
0.519198 0.501301 252.100000 0.116652 0.197554
0.518995 0.501103 252.200000 0.128434 0.031551
0.518792 0.500929 252.300000 0.113158 -0.356017
0.518587 0.500858 252.400000 0.056495 -0.801429
0.518383 0.500971 252.500000 -0.044844 -1.252760
0.518184 0.501274 252.600000 -0.185826 -1.591763
0.518007 0.502056 252.700000 -0.374579 -2.226970
0.517871 0.502746 252.800000 -0.591396 -2.119162
0.517795 0.503480 252.900000 -0.804983 -2.172431
0.517794 0.504126 253.000000 -1.016364 -2.069243
0.517876 0.504496 253.100000 -1.204589 -1.696708
0.518034 0.504626 253.200000 -1.354029 -1.291749
0.518231 0.504430 253.300000 -1.426528 -0.116727
0.518406 0.504400 253.400000 -1.387988 0.927615
0.518521 0.504596 253.500000 -1.271681 1.415182
0.518564 0.504918 253.600000 -1.119948 1.625269
0.518531 0.505611 253.700000 -0.933499 2.127483
0.518429 0.506311 253.800000 -0.720365 2.137601
0.518271 0.507412 253.900000 -0.486336 2.569770
0.518078 0.508453 254.000000 -0.232590 2.510715
0.517874 0.509230 254.100000 0.004614 2.229449
0.517682 0.510351 254.200000 0.244121 2.591513
0.517522 0.510816 254.300000 0.466932 1.841307
0.517402 0.511291 254.400000 0.650945 1.853983
0.517333 0.511665 254.500000 0.828759 1.711042
0.517318 0.511789 254.600000 0.978847 1.285614
0.517345 0.511706 254.700000 1.082472 0.776662
0.517416 0.511809 254.800000 1.181577 1.244990
0.517556 0.512112 254.900000 1.322088 1.602422
0.517745 0.511918 255.000000 1.413810 0.178742
0.517937 0.511717 255.100000 1.420644 -0.038412
0.518127 0.511518 255.200000 1.415065 -0.060326
0.518311 0.511319 255.300000 1.406421 -0.100847
0.518472 0.511236 255.400000 1.363839 -0.772615
0.518588 0.511222 255.500000 1.276516 -0.974920
0.518655 0.511232 255.600000 1.175795 -1.035026
0.518690 0.511067 255.700000 1.100851 -0.425470
0.518699 0.510981 255.800000 1.041916 -0.762174
0.518668 0.511151 255.900000 0.936345 -1.375096
0.518588 0.511371 256.000000 0.794366 -1.467215
0.518467 0.511606 256.100000 0.646458 -1.492030
0.518319 0.511573 256.200000 0.524202 -0.924614
0.518154 0.511508 256.300000 0.436276 -0.828463
0.517977 0.511419 256.400000 0.356997 -0.753159
0.517794 0.511220 256.500000 0.318112 0.015524
0.517613 0.511023 256.600000 0.324372 0.118338
0.517436 0.510872 256.700000 0.353888 0.495723
0.517264 0.510685 256.800000 0.391518 0.250097
0.517095 0.510487 256.900000 0.405414 0.020988
0.516924 0.510307 257.000000 0.391556 -0.311467
0.516749 0.510114 257.100000 0.366814 -0.173863
0.516571 0.509936 257.200000 0.342423 -0.318837
0.516391 0.509738 257.300000 0.323360 -0.046337
0.516211 0.509548 257.400000 0.330373 0.202707
0.516032 0.509362 257.500000 0.329256 -0.244210
0.515849 0.509194 257.600000 0.297722 -0.392256
0.515662 0.509025 257.700000 0.259060 -0.379386
0.515469 0.509053 257.800000 0.187922 -1.079638
0.515270 0.509077 257.900000 0.080706 -1.067870
0.515071 0.508932 258.000000 0.000231 -0.517474
0.514872 0.508796 258.100000 -0.053653 -0.565444
0.514674 0.508618 258.200000 -0.097868 -0.308866
0.514478 0.508440 258.300000 -0.128870 -0.314045
0.514285 0.508322 258.400000 -0.175418 -0.636860
0.514095 0.508125 258.500000 -0.209340 -0.013900
0.513905 0.507930 258.600000 -0.214057 -0.086427
0.513715 0.507735 258.700000 -0.216166 0.048769
0.513523 0.507645 258.800000 -0.178252 0.744206
0.513327 0.507563 258.900000 -0.102883 0.766496
0.513130 0.507370 259.000000 -0.068427 -0.121093
0.512933 0.507227 259.100000 -0.099552 -0.523927
0.512739 0.507045 259.200000 -0.139349 -0.261975
0.512548 0.506896 259.300000 -0.176394 -0.493915
0.512362 0.506876 259.400000 -0.247346 -0.953692
0.512185 0.506748 259.500000 -0.325067 -0.589030
0.512019 0.506752 259.600000 -0.403989 -1.018359
0.511864 0.506562 259.700000 -0.464946 -0.165263
0.511712 0.506382 259.800000 -0.486493 -0.277092
0.511564 0.506187 259.900000 -0.500634 0.002683
0.511420 0.506046 260.000000 -0.525033 -0.523358
0.511289 0.505932 260.100000 -0.582963 -0.649906
0.511165 0.505738 260.200000 -0.614474 0.047124
0.511052 0.505739 260.300000 -0.659468 -1.008464
0.510968 0.505788 260.400000 -0.765250 -1.125213
0.510924 0.505974 260.500000 -0.890422 -1.406616
0.510921 0.505899 260.600000 -1.001032 -0.789407
0.510952 0.505900 260.700000 -1.089630 -1.008227
0.511023 0.505821 260.800000 -1.178482 -0.772616
0.511126 0.505710 260.900000 -1.249593 -0.659495
0.511262 0.505606 261.000000 -1.315857 -0.683007
0.511419 0.505416 261.100000 -1.357365 -0.135055
0.511580 0.505223 261.200000 -1.366894 -0.066191
0.511745 0.505031 261.300000 -1.373120 -0.072680
0.511916 0.504843 261.400000 -1.383936 -0.162488
0.512100 0.504679 261.500000 -1.410344 -0.392470
0.512317 0.504609 261.600000 -1.468080 -0.799857
0.512578 0.504534 261.700000 -1.546507 -0.786889
0.512892 0.504535 261.800000 -1.634589 -1.005880
0.513278 0.504645 261.900000 -1.746180 -1.261008
0.513751 0.504770 262.000000 -1.872366 -1.288247
0.514301 0.504705 262.100000 -1.977757 -0.820452
0.514899 0.504553 262.200000 -2.041331 -0.455943
0.515535 0.504414 262.300000 -2.089443 -0.533172
0.516198 0.504227 262.400000 -2.123836 -0.158683
0.516861 0.504038 262.500000 -2.125568 0.116454
0.517532 0.503868 262.600000 -2.134733 -0.344682
0.518192 0.503752 262.700000 -2.121935 0.628718
0.518778 0.503855 262.800000 -2.029018 1.244105
0.519278 0.503856 262.900000 -1.915180 1.006407
0.519706 0.503853 263.000000 -1.814328 0.996239
0.520075 0.503760 263.100000 -1.727144 0.720004
0.520399 0.503651 263.200000 -1.657427 0.657562
0.520670 0.503677 263.300000 -1.571479 1.069981
0.520865 0.503992 263.400000 -1.437294 1.633298
0.520973 0.504353 263.500000 -1.270217 1.706304
0.520992 0.505221 263.600000 -1.068241 2.364125
0.520941 0.505401 263.700000 -0.877591 1.399871
0.520847 0.505548 263.800000 -0.740522 1.336776
0.520714 0.506041 263.900000 -0.580095 1.901111
0.520547 0.506340 264.000000 -0.404033 1.608957
0.520364 0.506327 264.100000 -0.273519 0.972235
0.520176 0.506139 264.200000 -0.215947 0.137660
0.519988 0.505948 264.300000 -0.209590 -0.020267
0.519797 0.505841 264.400000 -0.178842 0.669322
0.519603 0.505740 264.500000 -0.111070 0.688875
0.519408 0.505549 264.600000 -0.078301 -0.070968
0.519213 0.505364 264.700000 -0.074021 0.167991
0.519018 0.505180 264.800000 -0.074129 -0.188788
0.518826 0.505251 264.900000 -0.139815 -1.178779
0.518642 0.505237 265.000000 -0.247261 -0.966557
0.518467 0.505152 265.100000 -0.333111 -0.746433
0.518303 0.505057 265.200000 -0.405737 -0.711505
0.518149 0.504918 265.300000 -0.467690 -0.525567
0.518001 0.504736 265.400000 -0.504938 -0.210233
0.517860 0.504569 265.500000 -0.532037 -0.344997
0.517720 0.504384 265.600000 -0.541714 0.171495
0.517577 0.504200 265.700000 -0.524671 0.164483
0.517427 0.504078 265.800000 -0.487236 0.602908
0.517267 0.503943 265.900000 -0.430017 0.536280
0.517099 0.503818 266.000000 -0.373959 0.586014
0.516922 0.503777 266.100000 -0.301067 0.887008
0.516739 0.503605 266.200000 -0.240051 0.304298
0.516552 0.503454 266.300000 -0.202661 0.450410
0.516364 0.503266 266.400000 -0.175170 0.080263
0.516176 0.503078 266.500000 -0.174351 -0.073302
0.515988 0.502897 266.600000 -0.168844 0.195458
0.515800 0.502717 266.700000 -0.168418 -0.208871
0.515614 0.502539 266.800000 -0.190734 -0.241974
0.515431 0.502430 266.900000 -0.234156 -0.651193
0.515250 0.502251 267.000000 -0.258228 0.209270
0.515068 0.502068 267.100000 -0.238943 0.173054
0.514882 0.501990 267.200000 -0.193551 0.764429
0.514692 0.501960 267.300000 -0.109862 0.919607
0.514500 0.502245 267.400000 0.013641 1.589455
0.514312 0.502389 267.500000 0.160062 1.334009
0.514136 0.502531 267.600000 0.292704 1.327101
0.513979 0.502737 267.700000 0.430871 1.452752
0.513848 0.502890 267.800000 0.570751 1.351475
0.513739 0.502750 267.900000 0.665133 0.504399
0.513631 0.502598 268.000000 0.670521 -0.436874
0.513513 0.502440 268.100000 0.628577 -0.395409
0.513391 0.502253 268.200000 0.608446 0.018788
0.513269 0.502067 268.300000 0.613739 0.097407
0.513150 0.501881 268.400000 0.621997 0.073119
0.513036 0.501717 268.500000 0.641953 0.347025
0.512934 0.501605 268.600000 0.689869 0.634671
0.512852 0.501588 268.700000 0.767923 0.953425
0.512804 0.501679 268.800000 0.875329 1.221511
0.512791 0.501619 268.900000 0.978008 0.826454
0.512805 0.501495 269.000000 1.048290 0.580377
0.512834 0.501317 269.100000 1.088093 0.209712
0.512867 0.501131 269.200000 1.096218 -0.048839
0.512891 0.500971 269.300000 1.075381 -0.374330
0.512900 0.500821 269.400000 1.034418 -0.439580
0.512895 0.500643 269.500000 1.001402 -0.200104
0.512876 0.500527 269.600000 0.961330 -0.614178
0.512829 0.500548 269.700000 0.878714 -1.054962
0.512752 0.500516 269.800000 0.779888 -0.910724
0.512648 0.500548 269.900000 0.680469 -1.083750
0.512522 0.500470 270.000000 0.587401 -0.759438
0.512386 0.500289 270.100000 0.540246 -0.149693
0.512252 0.500119 270.200000 0.545832 0.289112
0.512124 0.499951 270.300000 0.575001 0.301925
0.512000 0.499767 270.400000 0.594384 0.081463
0.511871 0.499633 270.500000 0.573759 -0.519207
0.511728 0.499642 270.600000 0.497794 -1.023627
0.511566 0.499753 270.700000 0.383950 -1.266442
0.511394 0.499584 270.800000 0.303954 -0.284634
0.511221 0.499399 270.900000 0.287851 -0.022057
0.511046 0.499224 271.000000 0.275985 -0.223095
0.510870 0.499047 271.100000 0.255103 -0.191274
0.510693 0.498863 271.200000 0.246762 0.038057
0.510516 0.498681 271.300000 0.244233 -0.092842
0.510336 0.498531 271.400000 0.219042 -0.426605
0.510152 0.498586 271.500000 0.142672 -1.138293
0.509965 0.498613 271.600000 0.032351 -1.069046
0.509778 0.498714 271.700000 -0.082591 -1.244338
0.509598 0.498686 271.800000 -0.191261 -0.919332
0.509424 0.498597 271.900000 -0.273213 -0.715744
0.509257 0.498441 272.000000 -0.328740 -0.383816
0.509092 0.498258 272.100000 -0.349230 -0.011708
0.508924 0.498156 272.200000 -0.318082 0.666828
0.508748 0.498050 272.300000 -0.252432 0.645362
0.508568 0.497943 272.400000 -0.187983 0.644442
0.508385 0.497778 272.500000 -0.139466 0.309808
0.508201 0.497652 272.600000 -0.096924 0.554123
0.508014 0.497740 272.700000 -0.010360 1.213834
0.507830 0.497763 272.800000 0.103403 1.059590
0.507651 0.497699 272.900000 0.196881 0.803079
0.507475 0.497519 273.000000 0.233851 -0.105299
0.507301 0.497396 273.100000 0.255154 0.568621
0.507131 0.497214 273.200000 0.285377 0.012102
0.506963 0.497087 273.300000 0.311855 0.548614
0.506807 0.497204 273.400000 0.400951 1.277672
0.506669 0.497171 273.500000 0.510400 0.902295
0.506547 0.497063 273.600000 0.587606 0.637752
0.506429 0.496907 273.700000 0.603163 -0.370449
0.506296 0.496930 273.800000 0.533286 -1.059254
0.506143 0.497037 273.900000 0.418066 -1.255734
0.505970 0.497568 274.000000 0.258488 -1.976171
0.505787 0.498067 274.100000 0.063330 -1.932514
0.505605 0.498375 274.200000 -0.115505 -1.638230
0.505434 0.498603 274.300000 -0.272285 -1.499856
0.505278 0.498591 274.400000 -0.396349 -0.963828
0.505141 0.498693 274.500000 -0.505760 -1.248409
0.505023 0.498589 274.600000 -0.601885 -0.654469
0.504923 0.498561 274.700000 -0.679315 -0.917437
0.504848 0.498549 274.800000 -0.772789 -0.966223
0.504799 0.498469 274.900000 -0.858343 -0.746077
0.504774 0.498412 275.000000 -0.936059 -0.824901
0.504776 0.498311 275.100000 -1.010235 -0.663855
0.504792 0.498131 275.200000 -1.047773 -0.069198
0.504798 0.498023 275.300000 -1.020768 0.635555
0.504782 0.497902 275.400000 -0.959903 0.571502
0.504756 0.497721 275.500000 -0.930202 -0.014937
0.504733 0.497545 275.600000 -0.938002 -0.157979
0.504713 0.497366 275.700000 -0.950577 -0.100705
0.504680 0.497356 275.800000 -0.909529 0.967857
0.504626 0.497196 275.900000 -0.842423 0.337059
0.504560 0.497049 276.000000 -0.804167 0.426094
0.504487 0.496872 276.100000 -0.775773 0.119867
0.504413 0.496696 276.200000 -0.776264 -0.151063
0.504335 0.496567 276.300000 -0.758821 0.527062
0.504234 0.496661 276.400000 -0.672538 1.230809
0.504110 0.496602 276.500000 -0.569077 0.816352
0.503969 0.496623 276.600000 -0.476192 1.052389
0.503810 0.496747 276.700000 -0.359362 1.297910
0.503638 0.496907 276.800000 -0.226273 1.370936
0.503457 0.497108 276.900000 -0.085675 1.450163
0.503276 0.497204 277.000000 0.048882 1.236492
0.503100 0.497284 277.100000 0.170450 1.199948
0.502933 0.497358 277.200000 0.289295 1.184133
0.502786 0.497692 277.300000 0.431118 1.687970
0.502661 0.497664 277.400000 0.562737 0.917043
0.502558 0.497663 277.500000 0.657601 0.994774
0.502478 0.497615 277.600000 0.749791 0.853396
0.502420 0.497511 277.700000 0.824599 0.643722
0.502378 0.497364 277.800000 0.877975 0.423853
0.502342 0.497186 277.900000 0.897375 -0.049768
0.502308 0.497012 278.000000 0.902322 0.168927
0.502272 0.496848 278.100000 0.897010 -0.289373
0.502227 0.496685 278.200000 0.867459 -0.294454
0.502179 0.496512 278.300000 0.859615 0.169094
0.502144 0.496423 278.400000 0.901381 0.703846
0.502140 0.496467 278.500000 0.990526 1.113321
0.502178 0.496511 278.600000 1.101081 1.113554
0.502255 0.496456 278.700000 1.198063 0.827942
0.502376 0.496524 278.800000 1.296325 1.171729
0.502558 0.496682 278.900000 1.421825 1.367717
0.502797 0.496605 279.000000 1.528295 0.750608
0.503064 0.496442 279.100000 1.580910 0.297058
0.503334 0.496273 279.200000 1.585499 -0.214848
0.503585 0.496135 279.300000 1.551310 -0.467502
0.503812 0.495979 279.400000 1.509290 -0.353870
0.503998 0.496073 279.500000 1.431740 -1.229997
0.504126 0.496134 279.600000 1.311865 -1.155755
0.504199 0.496237 279.700000 1.191393 -1.251716
0.504235 0.496109 279.800000 1.100207 -0.528615
0.504259 0.495934 279.900000 1.066992 -0.105174
0.504278 0.495758 280.000000 1.057671 -0.069235
0.504290 0.495604 280.100000 1.036555 -0.358084
0.504283 0.495507 280.200000 0.985577 -0.669377
0.504242 0.495720 280.300000 0.880036 -1.477653
0.504158 0.495886 280.400000 0.736457 -1.388181
0.504040 0.496187 280.500000 0.585883 -1.636304
0.503893 0.496432 280.600000 0.427001 -1.538968
0.503724 0.497094 280.700000 0.243354 -2.171078
0.503545 0.498088 280.800000 0.008047 -2.564768
0.503377 0.499221 280.900000 -0.254795 -2.713313
0.503239 0.499603 281.000000 -0.480792 -1.774013
0.503126 0.499527 281.100000 -0.609260 -0.755905
0.503021 0.499353 281.200000 -0.642376 0.130131
0.502905 0.499304 281.300000 -0.594881 0.852026
0.502776 0.499166 281.400000 -0.527717 0.469671
0.502645 0.499006 281.500000 -0.517766 -0.314736
0.502530 0.499180 281.600000 -0.600574 -1.405674
0.502448 0.499327 281.700000 -0.737966 -1.352800
0.502400 0.499316 281.800000 -0.854206 -0.966138
0.502375 0.499190 281.900000 -0.929886 -0.538584
0.502350 0.499077 282.000000 -0.929316 0.597642
0.502302 0.499021 282.100000 -0.858373 0.827159
0.502231 0.498968 282.200000 -0.775043 0.835647
0.502138 0.498907 282.300000 -0.692644 0.807500
0.502026 0.498846 282.400000 -0.611677 0.809264
0.501903 0.498689 282.500000 -0.553085 0.335802
0.501772 0.498549 282.600000 -0.513902 0.450114
0.501635 0.498381 282.700000 -0.479810 0.216662
0.501498 0.498207 282.800000 -0.474059 -0.123178
0.501365 0.498062 282.900000 -0.500029 -0.417090
0.501240 0.497935 283.000000 -0.546455 -0.524265
0.501126 0.497797 283.100000 -0.595674 -0.465238
0.501026 0.497746 283.200000 -0.659513 -0.839636
0.500941 0.497595 283.300000 -0.721051 -0.377841
0.500870 0.497514 283.400000 -0.775120 -0.731355
0.500824 0.497521 283.500000 -0.861230 -1.017487
0.500821 0.497833 283.600000 -0.992852 -1.662908
0.500880 0.498121 283.700000 -1.156288 -1.622352
0.500990 0.498037 283.800000 -1.274748 -0.719426
0.501115 0.497863 283.900000 -1.307332 0.094033
0.501233 0.497694 284.000000 -1.293172 0.181178
0.501335 0.497565 284.100000 -1.258833 0.510976
0.501411 0.497485 284.200000 -1.196477 0.738195
0.501447 0.497571 284.300000 -1.099617 1.216088
0.501449 0.497454 284.400000 -1.008027 0.577504
0.501420 0.497569 284.500000 -0.916473 1.283698
0.501351 0.497767 284.600000 -0.779784 1.456784
0.501251 0.497763 284.700000 -0.656388 0.986245
0.501131 0.497695 284.800000 -0.567496 0.779337
0.500998 0.497623 284.900000 -0.490089 0.766553
0.500852 0.497555 285.000000 -0.412891 0.777101
0.500697 0.497431 285.100000 -0.346470 0.538726
0.500536 0.497344 285.200000 -0.284603 0.706832
0.500371 0.497170 285.300000 -0.247938 -0.010412
0.500207 0.496997 285.400000 -0.252194 -0.080947
0.500042 0.496846 285.500000 -0.239154 0.362112
0.499872 0.496889 285.600000 -0.167276 1.114583
0.499698 0.496960 285.700000 -0.052859 1.181459
0.499523 0.496958 285.800000 0.056039 0.992223
0.499352 0.496838 285.900000 0.134201 0.553718
0.499184 0.496724 286.000000 0.190880 0.585824
0.499019 0.496572 286.100000 0.238110 0.351427
0.498856 0.496399 286.200000 0.257726 0.028112
0.498692 0.496256 286.300000 0.239311 -0.417123
0.498524 0.496184 286.400000 0.181222 -0.762644
0.498352 0.496143 286.500000 0.100034 -0.868921
0.498178 0.496121 286.600000 0.010316 -0.932354
0.498005 0.496009 286.700000 -0.066530 -0.591411
0.497833 0.495842 286.800000 -0.105866 -0.177292
0.497664 0.495751 286.900000 -0.147452 -0.683038
0.497497 0.495596 287.000000 -0.198566 -0.325490
0.497335 0.495519 287.100000 -0.250539 -0.739468
0.497181 0.495510 287.200000 -0.335051 -0.969265
0.497040 0.495489 287.300000 -0.429833 -0.932914
0.496912 0.495375 287.400000 -0.505892 -0.578828
0.496794 0.495249 287.500000 -0.560487 -0.517971
0.496683 0.495080 287.600000 -0.593679 -0.133999
0.496572 0.494910 287.700000 -0.595435 0.104800
0.496459 0.494739 287.800000 -0.587477 0.045867
0.496341 0.494619 287.900000 -0.558746 0.549637
0.496210 0.494571 288.000000 -0.489782 0.842355
0.496069 0.494446 288.100000 -0.420821 0.519387
0.495918 0.494393 288.200000 -0.354215 0.827492
0.495759 0.494339 288.300000 -0.271731 0.822735
0.495597 0.494175 288.400000 -0.237904 -0.198324
0.495435 0.494008 288.500000 -0.240094 0.170523
0.495271 0.493886 288.600000 -0.205882 0.531200
0.495102 0.493937 288.700000 -0.124394 1.130845
0.494931 0.494042 288.800000 -0.005284 1.263029
0.494762 0.494011 288.900000 0.103577 0.901764
0.494596 0.493914 289.000000 0.181568 0.650637
0.494437 0.493915 289.100000 0.262756 0.996554
0.494287 0.493838 289.200000 0.349819 0.739034
0.494151 0.493915 289.300000 0.445052 1.197114
0.494034 0.493957 289.400000 0.560093 1.109877
0.493942 0.494018 289.500000 0.672687 1.155853
0.493885 0.494324 289.600000 0.811586 1.661556
0.493884 0.494832 289.700000 0.992132 1.983167
0.493948 0.495018 289.800000 1.163661 1.439124
0.494060 0.494980 289.900000 1.279979 0.876851
0.494220 0.495084 290.000000 1.385095 1.263216
0.494430 0.495010 290.100000 1.485905 0.746283
0.494671 0.494874 290.200000 1.545574 0.450299
0.494927 0.494706 290.300000 1.573787 0.114100
0.495190 0.494539 290.400000 1.585362 0.134832
0.495470 0.494425 290.500000 1.618736 0.572239
0.495788 0.494364 290.600000 1.685616 0.796352
0.496171 0.494541 290.700000 1.793798 1.421227
0.496644 0.494728 290.800000 1.935578 1.440817
0.497202 0.494741 290.900000 2.058913 1.031271
0.497821 0.494654 291.000000 2.144784 0.694440
0.498481 0.494513 291.100000 2.199473 0.409428
0.499177 0.494399 291.200000 2.246915 0.572139
0.499909 0.494259 291.300000 2.295464 0.416092
0.500687 0.494187 291.400000 2.351908 0.755813
0.501500 0.494021 291.500000 2.396144 0.123116
0.502297 0.493895 291.600000 2.377566 -0.503020
0.503044 0.493807 291.700000 2.317262 -0.691872
0.503713 0.493951 291.800000 2.215878 -1.350975
0.504292 0.493972 291.900000 2.094089 -1.054140
0.504821 0.493816 292.000000 2.024764 -0.275996
0.505335 0.493649 292.100000 2.004053 -0.110745
0.505854 0.493494 292.200000 2.010761 0.285202
0.506379 0.493327 292.300000 2.020006 -0.098912
0.506877 0.493233 292.400000 1.982400 -0.663212
0.507354 0.493066 292.500000 1.949744 0.064741
0.507822 0.492911 292.600000 1.938486 -0.288675
0.508247 0.492940 292.700000 1.871541 -1.073672
0.508598 0.493055 292.800000 1.753330 -1.288799
0.508872 0.493214 292.900000 1.619411 -1.383848
0.509077 0.493293 293.000000 1.489019 -1.205694
0.509235 0.493198 293.100000 1.394151 -0.654084
0.509367 0.493060 293.200000 1.339117 -0.424001
0.509475 0.492962 293.300000 1.286038 -0.637658
0.509554 0.492882 293.400000 1.217885 -0.720239
0.509612 0.492727 293.500000 1.166433 -0.277105
0.509651 0.492647 293.600000 1.117474 -0.714907
0.509665 0.492553 293.700000 1.048230 -0.659653
0.509641 0.492805 293.800000 0.938799 -1.569868
0.509570 0.493161 293.900000 0.772978 -1.755168
0.509464 0.493165 294.000000 0.633029 -1.005895
0.509340 0.493167 294.100000 0.532812 -0.996930
0.509198 0.493159 294.200000 0.434336 -0.971144
0.509044 0.493213 294.300000 0.329246 -1.140342
0.508881 0.493130 294.400000 0.235793 -0.708701
0.508712 0.493120 294.500000 0.152992 -0.962030
0.508540 0.493021 294.600000 0.072464 -0.634832
0.508368 0.492863 294.700000 0.028161 -0.232695
0.508195 0.492745 294.800000 -0.009595 -0.539516
0.508024 0.492803 294.900000 -0.092340 -1.150474
0.507857 0.492641 295.000000 -0.160795 -0.174218
0.507690 0.492484 295.100000 -0.181167 -0.239169
0.507525 0.492318 295.200000 -0.197065 -0.073109
0.507359 0.492174 295.300000 -0.183308 0.369165
0.507191 0.492008 295.400000 -0.161745 0.045157
0.507022 0.492026 295.500000 -0.109819 1.044578
0.506851 0.491887 295.600000 -0.036149 0.399250
0.506679 0.491723 295.700000 -0.021338 -0.129087
0.506508 0.491563 295.800000 -0.037463 -0.197945
0.506337 0.491437 295.900000 -0.024737 0.487108
0.506167 0.491347 296.000000 0.032466 0.668840
0.505998 0.491345 296.100000 0.114160 0.985553
0.505833 0.491212 296.200000 0.186466 0.438089
0.505672 0.491105 296.300000 0.237447 0.593900
0.505515 0.490951 296.400000 0.280780 0.260728
0.505360 0.490798 296.500000 0.307077 0.269861
0.505207 0.490633 296.600000 0.318162 -0.061077
0.505053 0.490468 296.700000 0.312288 -0.053128
0.504895 0.490418 296.800000 0.270278 -0.824841
0.504733 0.490274 296.900000 0.210143 -0.354753
0.504570 0.490134 297.000000 0.209693 0.384914
0.504409 0.489970 297.100000 0.226572 -0.067010
0.504248 0.489810 297.200000 0.231263 0.175514
0.504089 0.489649 297.300000 0.247609 0.153481
0.503931 0.489487 297.400000 0.261277 0.121474
0.503773 0.489326 297.500000 0.260779 -0.142053
0.503613 0.489201 297.600000 0.230272 -0.484236
0.503450 0.489048 297.700000 0.192413 -0.261463
0.503285 0.488925 297.800000 0.155292 -0.492562
0.503118 0.488800 297.900000 0.106564 -0.482508
0.502950 0.488656 298.000000 0.064908 -0.344855
0.502781 0.488683 298.100000 -0.003684 -1.066107
0.502615 0.488668 298.200000 -0.104244 -0.944332
0.502450 0.488506 298.300000 -0.158130 -0.094669
0.502287 0.488362 298.400000 -0.179154 -0.340866
0.502126 0.488200 298.500000 -0.201169 -0.089800
0.501965 0.488036 298.600000 -0.207499 -0.036483
0.501807 0.487978 298.700000 -0.246896 -0.793568
0.501655 0.487836 298.800000 -0.304973 -0.351334
0.501510 0.487811 298.900000 -0.366344 -0.910401
0.501378 0.487829 299.000000 -0.463134 -1.040723
0.501266 0.487925 299.100000 -0.576334 -1.244095
0.501188 0.488390 299.200000 -0.733033 -1.938744
0.501159 0.488656 299.300000 -0.910138 -1.603240
0.501168 0.488583 299.400000 -1.028493 -0.735739
0.501199 0.488459 299.500000 -1.089513 -0.485651
0.501258 0.488472 299.600000 -1.163043 -1.026893
0.501342 0.488321 299.700000 -1.228951 -0.268374
0.501437 0.488166 299.800000 -1.252416 -0.211639
0.501533 0.488006 299.900000 -1.257052 0.122878
0.501621 0.487856 300.000000 -1.236842 0.277531
0.501675 0.488042 300.100000 -1.153178 1.446357
0.501682 0.488096 300.200000 -1.022872 1.139702
0.501653 0.488143 300.300000 -0.909514 1.122331
0.501597 0.488066 300.400000 -0.816319 0.717050
0.501517 0.488136 300.500000 -0.722411 1.181133
0.501410 0.488234 300.600000 -0.600881 1.252213
0.501276 0.488663 300.700000 -0.445693 1.885457
0.501122 0.488905 300.800000 -0.272804 1.560688
0.500958 0.489053 300.900000 -0.126186 1.366973
0.500792 0.489345 301.000000 0.023796 1.653682
0.500631 0.489613 301.100000 0.186719 1.611507
0.500483 0.489655 301.200000 0.323536 1.108722
0.500346 0.489592 301.300000 0.418166 0.775388
0.500222 0.489600 301.400000 0.506552 1.013110
0.500122 0.489791 301.500000 0.628505 1.459868
0.500050 0.489811 301.600000 0.754319 1.048749
0.500009 0.489897 301.700000 0.866902 1.225245
0.499998 0.489821 301.800000 0.964850 0.722368
0.500012 0.489785 301.900000 1.043441 0.870722
0.500049 0.489641 302.000000 1.104337 0.333962
0.500094 0.489483 302.100000 1.128261 0.147496
0.500139 0.489323 302.200000 1.129303 -0.129138
0.500181 0.489162 302.300000 1.119395 -0.054481
0.500233 0.489072 302.400000 1.147267 0.660442
0.500286 0.488993 302.500000 1.147857 -0.705576
0.500295 0.489316 302.600000 1.029215 -1.712499
0.500251 0.489651 302.700000 0.856836 -1.734986
0.500159 0.490255 302.800000 0.663541 -2.153496
0.500026 0.490939 302.900000 0.443197 -2.263912
0.499869 0.491599 303.000000 0.218690 -2.232024
0.499704 0.492071 303.100000 0.008822 -1.960609
0.499543 0.492163 303.200000 -0.152684 -1.241923
0.499389 0.492084 303.300000 -0.251266 -0.709769
0.499242 0.492041 303.400000 -0.328702 -0.852728
0.499103 0.491899 303.500000 -0.389382 -0.341745
0.498971 0.491815 303.600000 -0.439807 -0.690829
0.498849 0.491739 303.700000 -0.509993 -0.722598
0.498736 0.491586 303.800000 -0.558170 -0.223582
0.498625 0.491424 303.900000 -0.568023 0.033289
0.498517 0.491282 304.000000 -0.582264 -0.343440
0.498408 0.491154 304.100000 -0.578613 0.450627
0.498293 0.490999 304.200000 -0.545201 0.201054
0.498172 0.490884 304.300000 -0.509368 0.528450
0.498043 0.490774 304.400000 -0.455003 0.558093
0.497905 0.490668 304.500000 -0.397874 0.584255
0.497759 0.490634 304.600000 -0.325421 0.879431
0.497604 0.490686 304.700000 -0.225322 1.137501
0.497443 0.490715 304.800000 -0.114575 1.078053
0.497280 0.490683 304.900000 -0.016129 0.885241
0.497117 0.490543 305.000000 0.047378 0.361847
0.496955 0.490383 305.100000 0.063207 -0.065354
0.496793 0.490225 305.200000 0.064903 0.108711
0.496633 0.490238 305.300000 0.119408 1.031155
0.496478 0.490271 305.400000 0.224803 1.086278
0.496331 0.490138 305.500000 0.301063 0.411358
0.496188 0.490030 305.600000 0.349150 0.563565
0.496050 0.489873 305.700000 0.385334 0.144521
0.495911 0.489734 305.800000 0.375497 -0.363366
0.495767 0.489635 305.900000 0.327410 -0.609491
0.495616 0.489526 306.000000 0.268873 -0.558498
0.495465 0.489374 306.100000 0.249617 0.213761
0.495315 0.489226 306.200000 0.273493 0.270368
0.495166 0.489071 306.300000 0.279018 -0.179376
0.495015 0.488935 306.400000 0.251465 -0.380423
0.494864 0.488793 306.500000 0.246624 0.321040
0.494714 0.488634 306.600000 0.266785 0.073284
0.494565 0.488480 306.700000 0.279047 0.180653
0.494418 0.488321 306.800000 0.289270 0.019059
0.494268 0.488224 306.900000 0.260932 -0.616281
0.494114 0.488081 307.000000 0.213547 -0.316262
0.493960 0.487924 307.100000 0.200791 0.082606
0.493807 0.487775 307.200000 0.216715 0.246965
0.493657 0.487678 307.300000 0.258764 0.616969
0.493516 0.487721 307.400000 0.343662 1.112933
0.493392 0.487960 307.500000 0.475842 1.563675
0.493296 0.488180 307.600000 0.629870 1.528008
0.493228 0.488147 307.700000 0.751095 0.876535
0.493178 0.488041 307.800000 0.823742 0.572537
0.493152 0.488128 307.900000 0.911512 1.228636
0.493164 0.488174 308.000000 1.028585 1.122845
0.493208 0.488097 308.100000 1.120355 0.706856
0.493287 0.488193 308.200000 1.216122 1.252104
0.493409 0.488136 308.300000 1.318549 0.790916
0.493546 0.487980 308.400000 1.353637 -0.119743
0.493671 0.487857 308.500000 1.324540 -0.467595
0.493783 0.487700 308.600000 1.296541 -0.060155
0.493894 0.487542 308.700000 1.292229 -0.010854
0.493998 0.487398 308.800000 1.277224 -0.291114
0.494090 0.487255 308.900000 1.247109 -0.300441
0.494185 0.487148 309.000000 1.257478 0.564224
0.494295 0.486992 309.100000 1.290167 0.079593
0.494398 0.486857 309.200000 1.276210 -0.369022
0.494487 0.486716 309.300000 1.240917 -0.323649
0.494559 0.486608 309.400000 1.197323 -0.549398
0.494604 0.486588 309.500000 1.124160 -0.924521
0.494623 0.486463 309.600000 1.054321 -0.440400
0.494619 0.486475 309.700000 0.982206 -1.024412
0.494591 0.486367 309.800000 0.901953 -0.551319
0.494558 0.486222 309.900000 0.885458 0.270805
0.494525 0.486080 310.000000 0.885004 -0.299626
0.494485 0.485925 310.100000 0.863228 -0.119129
0.494446 0.485770 310.200000 0.861263 0.099340
0.494403 0.485629 310.300000 0.851489 -0.307084
0.494347 0.485555 310.400000 0.801182 -0.713543
0.494285 0.485408 310.500000 0.775316 0.251256
0.494224 0.485255 310.600000 0.781309 -0.143078
0.494164 0.485107 310.700000 0.783500 0.212686
0.494102 0.484971 310.800000 0.777210 -0.359643
0.494029 0.484874 310.900000 0.729321 -0.605184
0.493950 0.484723 311.000000 0.705007 0.163453
0.493882 0.484680 311.100000 0.752919 0.838224
0.493832 0.484575 311.200000 0.823136 0.563592
0.493792 0.484424 311.300000 0.860458 0.173519
0.493748 0.484319 311.400000 0.842665 -0.558389
0.493698 0.484169 311.500000 0.822083 0.191730
0.493649 0.484017 311.600000 0.825359 -0.134134
0.493592 0.483900 311.700000 0.794655 -0.491195
0.493519 0.483837 311.800000 0.732636 -0.757858
0.493435 0.483697 311.900000 0.678213 -0.303331
0.493349 0.483546 312.000000 0.669296 0.154256
0.493264 0.483391 312.100000 0.678596 0.032860
0.493175 0.483283 312.200000 0.654490 -0.538068
0.493075 0.483174 312.300000 0.600712 -0.533545
0.492968 0.483027 312.400000 0.561702 -0.227343
0.492860 0.482880 312.500000 0.559774 0.216569
0.492757 0.482743 312.600000 0.586407 0.328721
0.492653 0.482641 312.700000 0.576353 -0.569480
0.492544 0.482487 312.800000 0.548804 0.054085
0.492430 0.482389 312.900000 0.523312 -0.592166
0.492304 0.482404 313.000000 0.443323 -1.028458
0.492167 0.482321 313.100000 0.357639 -0.667191
0.492024 0.482247 313.200000 0.288955 -0.708584
0.491875 0.482136 313.300000 0.227132 -0.518728
0.491724 0.481988 313.400000 0.190859 -0.189893
0.491570 0.481970 313.500000 0.137014 -0.924780
0.491414 0.481967 313.600000 0.042483 -0.971809
0.491257 0.481849 313.700000 -0.030700 -0.470127
0.491102 0.481840 313.800000 -0.100371 -0.951407
0.490953 0.481923 313.900000 -0.207948 -1.220306
0.490816 0.482173 314.000000 -0.347108 -1.590884
0.490700 0.482394 314.100000 -0.502891 -1.533610
0.490621 0.483179 314.200000 -0.698045 -2.429739
0.490596 0.483523 314.300000 -0.908735 -1.769055
0.490626 0.483831 314.400000 -1.081660 -1.704435
0.490691 0.483682 314.500000 -1.178027 -0.161491
0.490762 0.483534 314.600000 -1.194945 -0.191048
0.490853 0.483516 314.700000 -1.248225 -0.926213
0.490969 0.483372 314.800000 -1.307532 -0.241232
0.491070 0.483372 314.900000 -1.273028 0.981321
0.491145 0.483237 315.000000 -1.204818 0.341640
0.491196 0.483220 315.100000 -1.142439 0.926483
0.491225 0.483081 315.200000 -1.078941 0.304158
0.491241 0.482959 315.300000 -1.041524 0.442268
0.491236 0.482940 315.400000 -0.974205 0.921230
0.491202 0.482950 315.500000 -0.877416 1.014567
0.491143 0.482934 315.600000 -0.779868 0.928438
0.491064 0.482866 315.700000 -0.696123 0.733267
0.490962 0.483120 315.800000 -0.581445 1.602970
0.490835 0.483379 315.900000 -0.420730 1.614558
0.490688 0.483978 316.000000 -0.232756 2.178929
0.490533 0.484436 316.100000 -0.025349 1.967196
0.490383 0.485002 316.200000 0.178660 2.131753
0.490255 0.485903 316.300000 0.412591 2.583655
0.490167 0.486522 316.400000 0.652422 2.211069
0.490121 0.486632 316.500000 0.829134 1.293026
0.490111 0.486747 316.600000 0.958148 1.302863
0.490140 0.486783 316.700000 1.077925 1.098358
0.490191 0.486634 316.800000 1.142725 0.165090
0.490245 0.486481 316.900000 1.149653 -0.024214
0.490291 0.486356 317.000000 1.127568 -0.427335
0.490330 0.486204 317.100000 1.108554 0.082944
0.490373 0.486054 317.200000 1.119657 0.154409
0.490407 0.485974 317.300000 1.095084 -0.677662
0.490417 0.485929 317.400000 1.019670 -0.831322
0.490395 0.486009 317.500000 0.918058 -1.215314
0.490340 0.486103 317.600000 0.794566 -1.253761
0.490250 0.486480 317.700000 0.641590 -1.835008
0.490134 0.486544 317.800000 0.489573 -1.173769
0.489999 0.486784 317.900000 0.352971 -1.580984
0.489853 0.486770 318.000000 0.225490 -0.939662
0.489702 0.486780 318.100000 0.127790 -1.021325
0.489548 0.486953 318.200000 0.006051 -1.439565
0.489398 0.487379 318.300000 -0.160297 -1.920218
0.489265 0.487844 318.400000 -0.354716 -1.983192
0.489155 0.488039 318.500000 -0.528943 -1.489342
0.489074 0.488284 318.600000 -0.682158 -1.593562
0.489028 0.488373 318.700000 -0.824112 -1.242240
0.489013 0.488405 318.800000 -0.940211 -1.086318
0.489028 0.488362 318.900000 -1.036404 -0.839678
0.489074 0.488379 319.000000 -1.129239 -1.042478
0.489161 0.488425 319.100000 -1.236612 -1.126167
0.489265 0.488285 319.200000 -1.281513 0.284073
0.489355 0.488157 319.300000 -1.246824 0.404749
0.489430 0.488025 319.400000 -1.207756 0.364127
0.489486 0.487937 319.500000 -1.157696 0.641523
0.489521 0.487840 319.600000 -1.095256 0.596720
0.489532 0.487800 319.700000 -1.023218 0.849534
0.489516 0.487770 319.800000 -0.936426 0.882250
0.489477 0.487691 319.900000 -0.857185 0.687619
0.489422 0.487611 320.000000 -0.788422 0.682417
0.489352 0.487496 320.100000 -0.729139 0.488750
0.489273 0.487362 320.200000 -0.687388 0.333378
0.489188 0.487219 320.300000 -0.657826 0.248250
0.489099 0.487067 320.400000 -0.642309 0.046188
0.489008 0.486930 320.500000 -0.624990 0.307785
0.488911 0.486789 320.600000 -0.596011 0.264902
0.488813 0.486649 320.700000 -0.594593 -0.269216
0.488719 0.486498 320.800000 -0.611670 -0.069155
0.488627 0.486349 320.900000 -0.621388 -0.135148
0.488540 0.486225 321.000000 -0.648144 -0.422000
0.488469 0.486247 321.100000 -0.719780 -1.052609
0.488418 0.486159 321.200000 -0.804894 -0.640729
0.488383 0.486070 321.300000 -0.868058 -0.633607
0.488367 0.485992 321.400000 -0.933158 -0.683017
0.488377 0.486048 321.500000 -1.023115 -1.153815
0.488415 0.485925 321.600000 -1.103332 -0.428677
0.488463 0.485779 321.700000 -1.133710 -0.179024
0.488518 0.485638 321.800000 -1.154678 -0.256710
0.488580 0.485489 321.900000 -1.172892 -0.112899
0.488647 0.485343 322.000000 -1.186370 -0.172099
0.488724 0.485216 322.100000 -1.213257 -0.389874
0.488815 0.485090 322.200000 -1.251808 -0.395626
0.488923 0.484970 322.300000 -1.292726 -0.439662
0.489045 0.484835 322.400000 -1.330234 -0.319393
0.489183 0.484713 322.500000 -1.366569 -0.428013
0.489340 0.484601 322.600000 -1.411712 -0.494262
0.489503 0.484462 322.700000 -1.423826 0.275806
0.489652 0.484328 322.800000 -1.393626 0.317599
0.489784 0.484215 322.900000 -1.353106 0.489591
0.489896 0.484099 323.000000 -1.304564 0.469225
0.489994 0.483954 323.100000 -1.271109 0.173745
0.490084 0.483816 323.200000 -1.248727 0.267012
0.490166 0.483667 323.300000 -1.229604 0.095334
0.490255 0.483561 323.400000 -1.248909 -0.525941
0.490354 0.483412 323.500000 -1.273051 0.058604
0.490435 0.483389 323.600000 -1.226486 0.904820
0.490486 0.483315 323.700000 -1.145463 0.697213
0.490510 0.483301 323.800000 -1.064026 0.936336
0.490500 0.483371 323.900000 -0.957972 1.192509
0.490463 0.483306 324.000000 -0.860017 0.739431
0.490404 0.483293 324.100000 -0.776433 0.937999
0.490332 0.483156 324.200000 -0.713399 0.285508
0.490258 0.483018 324.300000 -0.710468 -0.261301
0.490192 0.482888 324.400000 -0.740535 -0.353361
0.490124 0.482776 324.500000 -0.735690 0.485120
0.490054 0.482646 324.600000 -0.726285 -0.345526
0.489999 0.482621 324.700000 -0.786467 -0.896196
0.489962 0.482524 324.800000 -0.860423 -0.578795
0.489928 0.482400 324.900000 -0.871174 0.403859
0.489885 0.482261 325.000000 -0.837869 0.247412
0.489825 0.482334 325.100000 -0.767637 1.200296
0.489746 0.482215 325.200000 -0.683827 0.434230
0.489656 0.482154 325.300000 -0.625098 0.752550
0.489554 0.482037 325.400000 -0.563968 0.451938
0.489443 0.481975 325.500000 -0.504703 0.745567
0.489317 0.482151 325.600000 -0.396543 1.453781
0.489178 0.482180 325.700000 -0.269296 1.074892
0.489032 0.482128 325.800000 -0.175506 0.788826
0.488885 0.481986 325.900000 -0.124899 0.194412
0.488737 0.481838 326.000000 -0.114198 0.009657
0.488589 0.481692 326.100000 -0.118874 -0.110587
0.488441 0.481565 326.200000 -0.107447 0.362246
0.488293 0.481422 326.300000 -0.096646 -0.173595
0.488146 0.481284 326.400000 -0.117379 -0.246809
0.487999 0.481146 326.500000 -0.142174 -0.251812
0.487855 0.481028 326.600000 -0.175946 -0.436085
0.487713 0.480954 326.700000 -0.231555 -0.693698
0.487578 0.480857 326.800000 -0.294902 -0.572864
0.487448 0.480778 326.900000 -0.356238 -0.664639
0.487327 0.480715 327.000000 -0.426012 -0.741969
0.487209 0.480573 327.100000 -0.455795 0.187024
0.487091 0.480427 327.200000 -0.443871 0.040158
0.486969 0.480304 327.300000 -0.422798 0.395805
0.486842 0.480212 327.400000 -0.373520 0.598265
0.486708 0.480111 327.500000 -0.316165 0.545458
0.486570 0.480018 327.600000 -0.259280 0.594538
0.486427 0.479980 327.700000 -0.188198 0.840589
0.486281 0.479854 327.800000 -0.126650 0.368038
0.486135 0.479708 327.900000 -0.109718 -0.050772
0.485989 0.479571 328.000000 -0.124090 -0.248434
0.485844 0.479434 328.100000 -0.148315 -0.238060
0.485700 0.479290 328.200000 -0.166793 -0.128465
0.485560 0.479275 328.300000 -0.217307 -0.926139
0.485423 0.479133 328.400000 -0.273677 -0.168433
0.485289 0.478998 328.500000 -0.294629 -0.258998
0.485158 0.478889 328.600000 -0.331360 -0.492208
0.485030 0.478743 328.700000 -0.356093 0.018531
0.484903 0.478607 328.800000 -0.366461 -0.243132
0.484777 0.478462 328.900000 -0.375947 0.064665
0.484646 0.478415 329.000000 -0.334173 0.806438
0.484510 0.478311 329.100000 -0.267001 0.522995
0.484368 0.478310 329.200000 -0.193330 0.974257
0.484224 0.478188 329.300000 -0.123609 0.392749
0.484078 0.478107 329.400000 -0.072327 0.647105
0.483931 0.478028 329.500000 -0.007111 0.660608
0.483786 0.478300 329.600000 0.106069 1.658937
0.483651 0.478622 329.700000 0.275989 1.754269
0.483529 0.478578 329.800000 0.406465 0.817981
0.483418 0.478531 329.900000 0.487142 0.803134
0.483319 0.478451 330.000000 0.560069 0.656815
0.483225 0.478312 330.100000 0.584868 -0.196705
0.483126 0.478184 330.200000 0.558608 -0.330729
0.483020 0.478085 330.300000 0.514845 -0.552354
0.482907 0.477964 330.400000 0.467181 -0.390155
0.482789 0.477835 330.500000 0.431229 -0.322724
0.482663 0.477828 330.600000 0.368982 -0.952762
0.482528 0.477842 330.700000 0.270395 -1.024036
0.482386 0.477939 330.800000 0.156738 -1.264450
0.482241 0.477806 330.900000 0.077553 -0.272112
0.482096 0.477717 331.000000 0.034492 -0.607404
0.481950 0.477601 331.100000 -0.017624 -0.428350
0.481805 0.477457 331.200000 -0.038872 0.024804
0.481660 0.477316 331.300000 -0.030463 0.149705
0.481515 0.477198 331.400000 -0.002722 0.419795
0.481370 0.477064 331.500000 0.031409 0.256420
0.481225 0.476922 331.600000 0.049855 0.106257
0.481081 0.476902 331.700000 0.098331 0.906428
0.480943 0.476981 331.800000 0.203238 1.213647
0.480811 0.476909 331.900000 0.299429 0.691086
0.480687 0.476859 332.000000 0.372920 0.790598
0.480574 0.476816 332.100000 0.452779 0.815804
0.480472 0.476775 332.200000 0.534433 0.826657
0.480371 0.476718 332.300000 0.541619 -0.756551
0.480264 0.476576 332.400000 0.497466 -0.090002
0.480154 0.476448 332.500000 0.477474 -0.317292
0.480040 0.476310 332.600000 0.451188 -0.199101
0.479926 0.476170 332.700000 0.446373 0.123227
0.479815 0.476054 332.800000 0.472845 0.427323
0.479712 0.475944 332.900000 0.517215 0.469253
0.479611 0.475802 333.000000 0.538412 -0.065833
0.479509 0.475662 333.100000 0.527842 -0.144679
0.479399 0.475645 333.200000 0.476662 -0.914928
0.479279 0.475569 333.300000 0.396908 -0.667160
0.479153 0.475457 333.400000 0.340610 -0.446761
0.479020 0.475429 333.500000 0.275521 -0.876576
0.478882 0.475426 333.600000 0.183822 -0.963860
0.478739 0.475507 333.700000 0.075412 -1.221118
0.478596 0.475498 333.800000 -0.033284 -0.943871
0.478455 0.475430 333.900000 -0.116204 -0.707393
0.478317 0.475345 334.000000 -0.182368 -0.615953
0.478181 0.475216 334.100000 -0.228471 -0.294244
0.478052 0.475293 334.200000 -0.301130 -1.211030
0.477934 0.475309 334.300000 -0.413098 -1.028083
0.477826 0.475183 334.400000 -0.482564 -0.334251
0.477726 0.475108 334.500000 -0.531407 -0.666697
0.477638 0.475065 334.600000 -0.604616 -0.814065
0.477559 0.474928 334.700000 -0.655741 -0.185686
0.477481 0.474793 334.800000 -0.654998 0.214053
0.477407 0.474738 334.900000 -0.679480 -0.760418
0.477348 0.474653 335.000000 -0.748273 -0.618778
0.477299 0.474520 335.100000 -0.791406 -0.234391
0.477252 0.474379 335.200000 -0.800356 0.061841
0.477205 0.474237 335.300000 -0.798559 -0.038886
0.477162 0.474113 335.400000 -0.816047 -0.334626
0.477127 0.473987 335.500000 -0.848378 -0.321218
0.477102 0.473882 335.600000 -0.888056 -0.491477
0.477084 0.473741 335.700000 -0.911367 0.041877
0.477073 0.473660 335.800000 -0.938959 -0.638434
0.477073 0.473522 335.900000 -0.977939 -0.126996
0.477077 0.473383 336.000000 -0.990004 -0.124627
0.477091 0.473289 336.100000 -1.022455 -0.557736
0.477115 0.473149 336.200000 -1.055682 -0.095646
0.477147 0.473043 336.300000 -1.082768 -0.477222
0.477193 0.472922 336.400000 -1.124371 -0.362115
0.477252 0.472808 336.500000 -1.163020 -0.427451
0.477321 0.472669 336.600000 -1.189235 -0.093134
0.477379 0.472603 336.700000 -1.159889 0.709951
0.477410 0.472574 336.800000 -1.081255 0.862916
0.477424 0.472446 336.900000 -1.021754 0.290719
0.477427 0.472329 337.000000 -0.987159 0.398135
0.477418 0.472211 337.100000 -0.947668 0.383128
0.477401 0.472080 337.200000 -0.915536 0.244767
0.477380 0.471940 337.300000 -0.903151 -0.018812
0.477356 0.471816 337.400000 -0.888096 0.329100
0.477328 0.471678 337.500000 -0.874410 -0.084294
0.477307 0.471583 337.600000 -0.904608 -0.553558
0.477299 0.471457 337.700000 -0.947303 -0.298884
0.477289 0.471341 337.800000 -0.943616 0.398261
0.477269 0.471227 337.900000 -0.902570 0.416275
0.477235 0.471143 338.000000 -0.851396 0.610600
0.477188 0.471030 338.100000 -0.798855 0.425145
0.477136 0.470891 338.200000 -0.777039 -0.017876
0.477088 0.470770 338.300000 -0.794184 -0.350407
0.477054 0.470728 338.400000 -0.850513 -0.810144
0.477032 0.470591 338.500000 -0.897518 -0.105646
0.477005 0.470492 338.600000 -0.877944 0.520556
0.476962 0.470442 338.700000 -0.813401 0.777800
0.476896 0.470555 338.800000 -0.710400 1.305981
0.476809 0.470517 338.900000 -0.602475 0.827085
0.476712 0.470392 339.000000 -0.544206 0.309378
0.476611 0.470257 339.100000 -0.520526 0.152121
0.476509 0.470119 339.200000 -0.509997 0.048609
0.476404 0.469996 339.300000 -0.491476 0.331869
0.476294 0.469899 339.400000 -0.449019 0.524243
0.476179 0.469763 339.500000 -0.415036 0.133090
0.476059 0.469695 339.600000 -0.375093 0.691726
0.475932 0.469665 339.700000 -0.298073 0.857284
0.475799 0.469642 339.800000 -0.211072 0.885748
0.475660 0.469710 339.900000 -0.108509 1.183766
0.475521 0.469606 340.000000 -0.023544 0.483828
0.475381 0.469658 340.100000 0.055619 1.136067
0.475248 0.470095 340.200000 0.208795 1.978326
0.475129 0.470226 340.300000 0.376375 1.352857
0.475028 0.470334 340.400000 0.508383 1.295151
0.474948 0.470428 340.500000 0.635528 1.257669
0.474894 0.470558 340.600000 0.765138 1.352496
0.474861 0.470434 340.700000 0.849780 0.299716
0.474827 0.470314 340.800000 0.848312 -0.353375
0.474791 0.470184 340.900000 0.840312 0.230743
0.474747 0.470177 341.000000 0.807174 -0.945813
0.474682 0.470178 341.100000 0.711101 -0.974038
0.474597 0.470230 341.200000 0.605804 -1.138578
0.474496 0.470172 341.300000 0.510950 -0.737325
0.474384 0.470176 341.400000 0.425481 -0.983801
0.474260 0.470226 341.500000 0.320108 -1.132397
0.474128 0.470213 341.600000 0.216959 -0.922286
0.473991 0.470357 341.700000 0.102816 -1.387748
0.473852 0.470454 341.800000 -0.029818 -1.264748
0.473717 0.470540 341.900000 -0.154627 -1.236909
0.473590 0.470620 342.000000 -0.277180 -1.221398
0.473475 0.470694 342.100000 -0.397951 -1.202208
0.473373 0.470660 342.200000 -0.500566 -0.841408
0.473280 0.470534 342.300000 -0.557947 -0.286443
0.473190 0.470397 342.400000 -0.573892 -0.025824
0.473101 0.470260 342.500000 -0.575848 -0.018800
0.473010 0.470125 342.600000 -0.569965 0.138894
0.472920 0.469995 342.700000 -0.572486 -0.212779
0.472839 0.469992 342.800000 -0.628740 -0.958388
0.472777 0.469953 342.900000 -0.717437 -0.819578
0.472728 0.469846 343.000000 -0.781728 -0.458753
0.472689 0.469733 343.100000 -0.824293 -0.399654
0.472657 0.469598 343.200000 -0.850244 -0.114722
0.472625 0.469462 343.300000 -0.852272 0.075031
0.472593 0.469327 343.400000 -0.853688 -0.121838
0.472557 0.469228 343.500000 -0.835814 0.503034
0.472511 0.469112 343.600000 -0.791237 0.376123
0.472453 0.469041 343.700000 -0.739364 0.670924
0.472386 0.468907 343.800000 -0.697128 0.142085
0.472316 0.468776 343.900000 -0.680764 0.181029
0.472247 0.468648 344.000000 -0.682210 -0.237854
0.472176 0.468532 344.100000 -0.676580 0.374613
0.472096 0.468450 344.200000 -0.627687 0.610901
0.472007 0.468342 344.300000 -0.574660 0.437429
0.471911 0.468228 344.400000 -0.533076 0.388226
0.471812 0.468092 344.500000 -0.512573 -0.001998
0.471714 0.467958 344.600000 -0.517455 -0.106261
0.471620 0.467848 344.700000 -0.542979 -0.426819
0.471523 0.467841 344.800000 -0.520419 0.942412
0.471414 0.467789 344.900000 -0.434844 0.759193
0.471296 0.467725 345.000000 -0.361761 0.698938
0.471171 0.467683 345.100000 -0.286770 0.806619
0.471043 0.467560 345.200000 -0.230550 0.292085
0.470914 0.467432 345.300000 -0.225526 -0.219298
0.470784 0.467326 345.400000 -0.215530 0.451102
0.470651 0.467263 345.500000 -0.158457 0.703878
0.470516 0.467288 345.600000 -0.071603 1.053723
0.470381 0.467676 345.700000 0.073696 1.901719
0.470254 0.467925 345.800000 0.250543 1.631757
0.470143 0.468177 345.900000 0.413330 1.635268
0.470049 0.468140 346.000000 0.537962 0.827609
0.469965 0.468026 346.100000 0.598963 0.378497
0.469883 0.467894 346.200000 0.611093 -0.156039
0.469804 0.467796 346.300000 0.626676 0.507923
0.469736 0.467733 346.400000 0.686393 0.705782
0.469682 0.467653 346.500000 0.752075 0.613581
0.469648 0.467707 346.600000 0.838058 1.144792
0.469642 0.467729 346.700000 0.947091 1.045029
0.469671 0.467875 346.800000 1.067443 1.395411
0.469751 0.468175 346.900000 1.222229 1.736272
0.469887 0.468268 347.000000 1.372198 1.259364
0.470052 0.468136 347.100000 1.443761 0.132975
0.470215 0.468007 347.200000 1.440747 -0.195402
0.470361 0.467933 347.300000 1.398826 -0.653773
0.470483 0.467843 347.400000 1.337476 -0.557613
0.470587 0.467728 347.500000 1.290376 -0.363758
0.470687 0.467597 347.600000 1.278265 0.160116
0.470790 0.467463 347.700000 1.286405 0.008316
0.470886 0.467348 347.800000 1.268835 -0.366545
0.470978 0.467220 347.900000 1.259118 0.213497
0.471070 0.467095 348.000000 1.257256 -0.262049
0.471146 0.467019 348.100000 1.212802 -0.635498
0.471197 0.466986 348.200000 1.139291 -0.836526
0.471228 0.466870 348.300000 1.077889 -0.359395
0.471231 0.467117 348.400000 0.981332 -1.629726
0.471190 0.467466 348.500000 0.808572 -1.835050
0.471110 0.467852 348.600000 0.621855 -1.904519
0.471004 0.468085 348.700000 0.446033 -1.599680
0.470880 0.468320 348.800000 0.285988 -1.605477
0.470748 0.468593 348.900000 0.121913 -1.685840
0.470613 0.469037 349.000000 -0.061553 -2.008106
0.470488 0.469350 349.100000 -0.250449 -1.768366
0.470377 0.469537 349.200000 -0.413922 -1.498717
0.470285 0.469563 349.300000 -0.542289 -1.057422
0.470207 0.469492 349.400000 -0.629003 -0.667326
0.470141 0.469419 349.500000 -0.694502 -0.651618
0.470087 0.469316 349.600000 -0.750560 -0.470388
0.470040 0.469184 349.700000 -0.780769 -0.125637
0.469987 0.469115 349.800000 -0.755072 0.673156
0.469919 0.469075 349.900000 -0.680854 0.814653
0.469836 0.469061 350.000000 -0.594464 0.915942
0.469739 0.468986 350.100000 -0.515781 0.642193
0.469635 0.468900 350.200000 -0.454542 0.577404
0.469519 0.469038 350.300000 -0.358749 1.379138
0.469392 0.469186 350.400000 -0.219704 1.406891
0.469259 0.469340 350.500000 -0.078685 1.419363
0.469126 0.469489 350.600000 0.062445 1.409387
0.468997 0.469534 350.700000 0.189236 1.119198
0.468875 0.469485 350.800000 0.284309 0.771773
0.468761 0.469493 350.900000 0.371811 0.997029
0.468661 0.469589 351.000000 0.484074 1.271648
0.468576 0.469531 351.100000 0.585039 0.730701
0.468498 0.469398 351.200000 0.625012 0.042232
0.468419 0.469274 351.300000 0.614461 -0.262835
0.468335 0.469151 351.400000 0.587542 -0.271238
0.468249 0.469018 351.500000 0.575257 0.046726
0.468160 0.468901 351.600000 0.561163 -0.343135
0.468068 0.468775 351.700000 0.532846 -0.212517
0.467973 0.468642 351.800000 0.517961 -0.073669
0.467872 0.468604 351.900000 0.475205 -0.815703
0.467759 0.468681 352.000000 0.374602 -1.217024
0.467634 0.468844 352.100000 0.242193 -1.445858
0.467503 0.468929 352.200000 0.107714 -1.237970
0.467371 0.469198 352.300000 -0.036881 -1.682778
0.467243 0.469261 352.400000 -0.180717 -1.176522
0.467121 0.469208 352.500000 -0.277804 -0.750827
0.467007 0.469195 352.600000 -0.360672 -0.922284
0.466902 0.469121 352.700000 -0.439256 -0.643163
0.466806 0.469057 352.800000 -0.505662 -0.695487
0.466721 0.468995 352.900000 -0.575523 -0.711278
0.466646 0.468904 353.000000 -0.638193 -0.542746
0.466580 0.468792 353.100000 -0.684146 -0.376835
0.466521 0.468666 353.200000 -0.714318 -0.227561
0.466465 0.468537 353.300000 -0.733114 -0.152758
0.466415 0.468436 353.400000 -0.763026 -0.470342
0.466381 0.468438 353.500000 -0.833550 -0.976897
0.466368 0.468374 353.600000 -0.917236 -0.695491
0.466370 0.468263 353.700000 -0.971648 -0.389482
0.466376 0.468132 353.800000 -0.988028 0.074539
0.466382 0.468000 353.900000 -0.986567 -0.061988
0.466389 0.467868 354.000000 -0.990385 -0.022482
0.466397 0.467738 354.100000 -0.996923 -0.123632
0.466404 0.467616 354.200000 -0.990444 0.262944
0.466403 0.467499 354.300000 -0.960470 0.331625
0.466397 0.467368 354.400000 -0.945739 -0.065779
0.466386 0.467270 354.500000 -0.925423 0.491626
0.466361 0.467209 354.600000 -0.865742 0.706642
0.466312 0.467328 354.700000 -0.765111 1.334075
0.466240 0.467315 354.800000 -0.651336 0.918948
0.466149 0.467489 354.900000 -0.533149 1.472236
0.466037 0.467823 355.000000 -0.369652 1.818336
0.465909 0.468435 355.100000 -0.165351 2.298836
0.465779 0.468946 355.200000 0.056373 2.137618
0.465656 0.469114 355.300000 0.237489 1.460881
0.465542 0.469082 355.400000 0.353631 0.839326
0.465439 0.469103 355.500000 0.446917 1.045172
0.465351 0.469111 355.600000 0.548717 0.998331
0.465284 0.469317 355.700000 0.674125 1.549597
0.465249 0.469495 355.800000 0.825318 1.485786
0.465247 0.469548 355.900000 0.956982 1.145673
0.465275 0.469549 356.000000 1.062640 0.974052
0.465331 0.469517 356.100000 1.152951 0.840912
0.465410 0.469432 356.200000 1.223943 0.581223
0.465510 0.469345 356.300000 1.280510 0.564531
0.465610 0.469255 356.400000 1.283599 -0.545388
0.465688 0.469203 356.500000 1.218727 -0.753012
0.465753 0.469072 356.600000 1.181082 0.050631
0.465816 0.468945 356.700000 1.175107 -0.169660
0.465874 0.468816 356.800000 1.159256 -0.134654
0.465930 0.468685 356.900000 1.154607 0.062962
0.465975 0.468638 357.000000 1.120534 -0.776749
0.465982 0.468984 357.100000 0.991860 -1.845884
0.465941 0.469431 357.200000 0.798382 -2.033320
0.465859 0.469947 357.300000 0.589641 -2.150390
0.465753 0.470086 357.400000 0.410879 -1.390270
0.465636 0.470022 357.500000 0.304905 -0.695860
0.465514 0.469934 357.600000 0.241923 -0.557101
0.465387 0.469944 357.700000 0.164891 -1.007773
0.465258 0.469877 357.800000 0.079906 -0.678223
0.465128 0.469752 357.900000 0.034843 -0.200682
0.464998 0.469625 358.000000 0.015742 -0.181008
0.464869 0.469526 358.100000 0.028996 0.480086
0.464740 0.469459 358.200000 0.086078 0.674602
0.464613 0.469329 358.300000 0.125114 0.079204
0.464485 0.469206 358.400000 0.117462 -0.247796
0.464357 0.469081 358.500000 0.095106 -0.196773
0.464228 0.468970 358.600000 0.066769 -0.379672
0.464098 0.468874 358.700000 0.023304 -0.497135
0.463969 0.468747 358.800000 -0.010927 -0.172801
0.463840 0.468693 358.900000 -0.054976 -0.739010
0.463714 0.468703 359.000000 -0.141179 -1.003407
0.463594 0.468815 359.100000 -0.256209 -1.320572
0.463484 0.468790 359.200000 -0.366421 -0.869425
0.463383 0.468742 359.300000 -0.448260 -0.770385
0.463289 0.468623 359.400000 -0.502212 -0.292018
0.463195 0.468504 359.500000 -0.503778 0.284468
0.463097 0.468409 359.600000 -0.464775 0.503597
0.462990 0.468357 359.700000 -0.402745 0.747851
0.462878 0.468266 359.800000 -0.338054 0.534662
0.462762 0.468137 359.900000 -0.307420 0.052054
0.462646 0.468010 360.000000 -0.297153 0.155953
0.462530 0.467889 360.100000 -0.300685 -0.250114
0.462416 0.467759 360.200000 -0.316032 -0.050661
0.462304 0.467695 360.300000 -0.351122 -0.688114
0.462204 0.467776 360.400000 -0.445338 -1.231959
0.462119 0.467806 360.500000 -0.560427 -1.072361
0.462052 0.467809 360.600000 -0.662667 -0.978755
0.462006 0.467869 360.700000 -0.769068 -1.171169
0.461985 0.467886 360.800000 -0.878667 -1.027100
0.461992 0.467958 360.900000 -0.989234 -1.207943
0.462036 0.468075 361.000000 -1.115190 -1.334072
0.462129 0.468325 361.100000 -1.262931 -1.655840
0.462276 0.468422 361.200000 -1.409637 -1.279835
0.462475 0.468517 361.300000 -1.536344 -1.274891
0.462722 0.468504 361.400000 -1.645780 -0.917062
0.463021 0.468636 361.500000 -1.758138 -1.375521
0.463383 0.468678 361.600000 -1.882027 -1.113259
0.463766 0.468562 361.700000 -1.924155 0.321515
0.464126 0.468481 361.800000 -1.878469 0.588725
0.464461 0.468366 361.900000 -1.831128 0.328738
0.464776 0.468265 362.000000 -1.791720 0.449171
0.465058 0.468244 362.100000 -1.725407 0.884442
0.465309 0.468138 362.200000 -1.658412 0.418320
0.465543 0.468024 362.300000 -1.620097 0.328898
0.465733 0.468330 362.400000 -1.517971 1.775286
0.465853 0.468614 362.500000 -1.342231 1.731369
0.465907 0.469090 362.600000 -1.151657 2.094922
0.465898 0.469708 362.700000 -0.931064 2.328763
0.465841 0.470067 362.800000 -0.719419 1.883650
0.465747 0.470816 362.900000 -0.500781 2.525621
0.465628 0.471493 363.000000 -0.253635 2.420033
0.465500 0.471880 363.100000 -0.034985 1.937775
0.465376 0.472405 363.200000 0.169816 2.180897
0.465268 0.472904 363.300000 0.385214 2.137969
0.465187 0.473236 363.400000 0.583821 1.833255
0.465140 0.473605 363.500000 0.769756 1.904675
0.465139 0.473954 363.600000 0.957581 1.867595
0.465193 0.474388 363.700000 1.150865 2.025828
0.465322 0.475026 363.800000 1.368400 2.364887
0.465541 0.475473 363.900000 1.588715 2.051035
0.465847 0.475762 364.000000 1.778138 1.748149
0.466220 0.475730 364.100000 1.908910 0.846845
0.466621 0.475607 364.200000 1.962971 0.225203
0.467012 0.475527 364.300000 1.944949 -0.608715
0.467374 0.475425 364.400000 1.890706 -0.451630
0.467714 0.475315 364.500000 1.847534 -0.392148
0.468040 0.475187 364.600000 1.820251 -0.122939
0.468349 0.475099 364.700000 1.786739 -0.552346
0.468629 0.475023 364.800000 1.727106 -0.629412
0.468873 0.475017 364.900000 1.648052 -0.954841
0.469064 0.475181 365.000000 1.527895 -1.463623
0.469208 0.475150 365.100000 1.410063 -0.853312
0.469322 0.475088 365.200000 1.331407 -0.702250
0.469425 0.474959 365.300000 1.298516 0.096066
0.469540 0.474887 365.400000 1.333894 0.654367
0.469678 0.474812 365.500000 1.397468 0.632758
0.469837 0.474707 365.600000 1.449995 0.424107
0.470007 0.474580 365.700000 1.477924 0.136036
0.470189 0.474478 365.800000 1.505585 0.449169
0.470379 0.474348 365.900000 1.528001 -0.007458
0.470575 0.474233 366.000000 1.542018 0.320294
0.470773 0.474112 366.100000 1.546207 -0.249410
0.470961 0.473988 366.200000 1.522822 -0.201622
0.471132 0.473918 366.300000 1.480083 -0.663293
0.471272 0.473892 366.400000 1.403366 -0.870647
0.471379 0.473875 366.500000 1.314259 -0.903775
0.471454 0.473862 366.600000 1.222385 -0.926528
0.471505 0.473779 366.700000 1.145733 -0.580967
0.471542 0.473656 366.800000 1.104880 -0.208081
0.471579 0.473532 366.900000 1.102488 0.191223
0.471624 0.473419 367.000000 1.128427 0.347820
0.471680 0.473309 367.100000 1.163551 0.368887
0.471748 0.473198 367.200000 1.199576 0.364991
0.471830 0.473112 367.300000 1.244620 0.560061
0.471916 0.473006 367.400000 1.254184 -0.404128
0.471990 0.472887 367.500000 1.219347 -0.275413
0.472059 0.472759 367.600000 1.206603 0.048311
0.472139 0.472681 367.700000 1.237352 0.608465
0.472230 0.472553 367.800000 1.271091 0.052641
0.472310 0.472500 367.900000 1.237918 -0.745109
0.472365 0.472453 368.000000 1.161623 -0.773835
0.472399 0.472373 368.100000 1.092157 -0.598728
0.472414 0.472314 368.200000 1.026526 -0.712090
0.472417 0.472187 368.300000 0.983726 -0.105457
0.472413 0.472080 368.400000 0.958896 -0.397212
0.472394 0.472059 368.500000 0.895577 -0.887482
0.472350 0.472146 368.600000 0.789055 -1.258175
0.472280 0.472318 368.700000 0.652204 -1.489773
0.472185 0.472545 368.800000 0.497249 -1.617367
0.472071 0.473003 368.900000 0.313804 -2.079375
0.471945 0.473295 369.000000 0.121328 -1.761206
0.471818 0.473619 369.100000 -0.057568 -1.828308
0.471696 0.473751 369.200000 -0.218890 -1.385003
0.471590 0.474368 369.300000 -0.402504 -2.347417
0.471513 0.474632 369.400000 -0.605898 -1.702917
0.471469 0.475052 369.500000 -0.790069 -2.011782
0.471478 0.475652 369.600000 -1.005036 -2.322382
0.471551 0.476027 369.700000 -1.217484 -1.928112
0.471678 0.476067 369.800000 -1.370786 -1.117591
0.471859 0.476347 369.900000 -1.511034 -1.739697
0.472108 0.476506 370.000000 -1.670520 -1.459543
0.472414 0.476498 370.100000 -1.790815 -0.943589
0.472754 0.476398 370.200000 -1.861276 -0.463233
0.473098 0.476283 370.300000 -1.869546 0.317896
0.473431 0.476156 370.400000 -1.846979 0.105225
0.473759 0.476028 370.500000 -1.836936 0.076208
0.474089 0.475908 370.600000 -1.843642 -0.245211
0.474432 0.475787 370.700000 -1.867017 -0.241859
0.474773 0.475668 370.800000 -1.866572 0.257078
0.475098 0.475562 370.900000 -1.833169 0.401258
0.475413 0.475433 371.000000 -1.812396 -0.024407
0.475726 0.475306 371.100000 -1.810612 0.045506
0.476036 0.475179 371.200000 -1.802256 0.106988
0.476341 0.475051 371.300000 -1.795100 0.013764
0.476646 0.474923 371.400000 -1.794319 -0.017678
0.476953 0.474797 371.500000 -1.798276 -0.082944
0.477239 0.474803 371.600000 -1.754359 0.999865
0.477478 0.474811 371.700000 -1.653634 1.002482
0.477677 0.474783 371.800000 -1.559559 0.860288
0.477846 0.474695 371.900000 -1.487868 0.545916
0.477987 0.474673 372.000000 -1.416586 0.885595
0.478094 0.474670 372.100000 -1.323771 0.965403
0.478171 0.474619 372.200000 -1.236861 0.753483
0.478222 0.474601 372.300000 -1.154001 0.903192
0.478243 0.474632 372.400000 -1.054774 1.084075
0.478236 0.474614 372.500000 -0.954618 0.904783
0.478211 0.474552 372.600000 -0.873812 0.695523
0.478167 0.474536 372.700000 -0.793714 0.912801
0.478105 0.474524 372.800000 -0.701616 0.926751
0.478024 0.474587 372.900000 -0.596342 1.190476
0.477926 0.474654 373.000000 -0.476595 1.205568
0.477814 0.474826 373.100000 -0.342487 1.493316
0.477691 0.474954 373.200000 -0.198687 1.381213
0.477564 0.475101 373.300000 -0.058467 1.431090
0.477436 0.475024 373.400000 0.045347 0.608858
0.477310 0.474933 373.500000 0.102072 0.524890
0.477185 0.474837 373.600000 0.152200 0.479037
0.477063 0.474728 373.700000 0.194593 0.366966
0.476943 0.474666 373.800000 0.246591 0.694084
0.476828 0.474567 373.900000 0.304584 0.459564
0.476720 0.474591 374.000000 0.378911 1.064269
0.476619 0.474478 374.100000 0.449584 0.319367
0.476524 0.474382 374.200000 0.488894 0.481547
0.476438 0.474359 374.300000 0.555473 0.878353
0.476366 0.474325 374.400000 0.640727 0.834599
0.476309 0.474323 374.500000 0.729895 0.966505
0.476270 0.474253 374.600000 0.810939 0.650102
0.476237 0.474128 374.700000 0.839211 -0.113315
0.476199 0.474016 374.800000 0.817260 -0.329283
0.476154 0.473901 374.900000 0.785650 -0.294637
0.476101 0.473812 375.000000 0.744940 -0.525407
0.476035 0.473798 375.100000 0.673598 -0.917380
0.475952 0.473826 375.200000 0.574254 -1.075932
0.475852 0.473986 375.300000 0.448135 -1.466949
0.475739 0.474000 375.400000 0.322542 -1.024886
0.475620 0.473948 375.500000 0.233365 -0.746168
0.475496 0.474006 375.600000 0.138330 -1.178889
0.475369 0.474007 375.700000 0.030219 -0.977563
0.475243 0.473961 375.800000 -0.057723 -0.775473
0.475119 0.473928 375.900000 -0.137786 -0.833502
0.475001 0.474007 376.000000 -0.240284 -1.243817
0.474892 0.474068 376.100000 -0.361401 -1.184344
0.474797 0.474196 376.200000 -0.488826 -1.384547
0.474719 0.474158 376.300000 -0.599475 -0.810376
0.474658 0.474248 376.400000 -0.702105 -1.277051
0.474620 0.474239 376.500000 -0.813110 -0.939003
0.474597 0.474136 376.600000 -0.881495 -0.414156
0.474588 0.474082 376.700000 -0.937434 -0.732358
0.474597 0.474025 376.800000 -1.009493 -0.721477
0.474618 0.473900 376.900000 -1.051060 -0.090558
0.474640 0.473775 377.000000 -1.055805 -0.011142
0.474661 0.473649 377.100000 -1.054268 0.033632
0.474689 0.473562 377.200000 -1.077439 -0.537491
0.474721 0.473451 377.300000 -1.089246 0.333601
0.474743 0.473338 377.400000 -1.056715 0.306443
0.474767 0.473248 377.500000 -1.064625 -0.516933
0.474800 0.473124 377.600000 -1.095552 -0.092632
0.474841 0.473025 377.700000 -1.120901 -0.444295
0.474893 0.472912 377.800000 -1.158210 -0.308291
0.474945 0.472800 377.900000 -1.158785 0.316488
0.474983 0.472721 378.000000 -1.113746 0.588679
0.474999 0.472732 378.100000 -1.034448 1.011510
0.474986 0.472802 378.200000 -0.923379 1.215576
0.474942 0.473026 378.300000 -0.782250 1.625769
0.474865 0.473335 378.400000 -0.610855 1.812695
0.474765 0.473585 378.500000 -0.435841 1.684248
0.474649 0.473826 378.600000 -0.268521 1.665689
0.474526 0.473860 378.700000 -0.129161 1.097703
0.474401 0.473824 378.800000 -0.032652 0.822467
0.474276 0.473705 378.900000 0.020048 0.202931
0.474151 0.473581 379.000000 0.026380 -0.090457
0.474026 0.473491 379.100000 -0.002874 -0.517309
0.473901 0.473436 379.200000 -0.064449 -0.728019
0.473779 0.473357 379.300000 -0.130453 -0.589236
0.473659 0.473276 379.400000 -0.188536 -0.576138
0.473540 0.473152 379.500000 -0.218610 0.000068
0.473423 0.473070 379.600000 -0.245670 -0.573663
0.473315 0.473316 379.700000 -0.355081 -1.678165
0.473223 0.473333 379.800000 -0.491818 -1.035111
0.473142 0.473261 379.900000 -0.575727 -0.632229
0.473070 0.473174 380.000000 -0.633755 -0.532136
0.473008 0.473099 380.100000 -0.690350 -0.613170
0.472956 0.472996 380.200000 -0.741287 -0.404732
0.472908 0.472871 380.300000 -0.762304 -0.004073
0.472860 0.472747 380.400000 -0.762715 -0.012220
0.472817 0.472656 380.500000 -0.786552 -0.497758
0.472780 0.472531 380.600000 -0.811957 0.005662
0.472738 0.472424 380.700000 -0.794296 0.358009
0.472692 0.472303 380.800000 -0.767739 0.156477
0.472644 0.472180 380.900000 -0.762566 -0.071904
0.472601 0.472079 381.000000 -0.785732 -0.417599
0.472563 0.471956 381.100000 -0.809586 -0.050215
0.472521 0.471857 381.200000 -0.791167 0.435818
0.472475 0.471733 381.300000 -0.769465 -0.032021
0.472429 0.471609 381.400000 -0.771292 -0.011278
0.472378 0.471520 381.500000 -0.747222 0.512458
0.472318 0.471429 381.600000 -0.696658 0.493027
0.472252 0.471307 381.700000 -0.664834 0.119425
0.472178 0.471284 381.800000 -0.616735 0.876365
0.472087 0.471482 381.900000 -0.496288 1.567392
0.471980 0.471589 382.000000 -0.351143 1.326103
0.471861 0.471836 382.100000 -0.201790 1.683210
0.471738 0.472080 382.200000 -0.034218 1.674639
0.471617 0.472208 382.300000 0.119252 1.388142
0.471502 0.472285 382.400000 0.250538 1.238194
0.471398 0.472483 382.500000 0.389543 1.568300
0.471311 0.472551 382.600000 0.528768 1.209449
0.471243 0.472612 382.700000 0.648241 1.190696
0.471195 0.472611 382.800000 0.756101 0.967486
0.471162 0.472527 382.900000 0.832443 0.550045
0.471143 0.472463 383.000000 0.892766 0.674178
0.471141 0.472404 383.100000 0.960861 0.701626
0.471157 0.472354 383.200000 1.032603 0.749007
0.471186 0.472236 383.300000 1.080917 0.202796
0.471214 0.472130 383.400000 1.074014 -0.358524
0.471228 0.472058 383.500000 1.025122 -0.624452
0.471227 0.471971 383.600000 0.966854 -0.528920
0.471209 0.471963 383.700000 0.894290 -0.936949
0.471173 0.471877 383.800000 0.819416 -0.535375
0.471126 0.471813 383.900000 0.759123 -0.672320
0.471065 0.471763 384.000000 0.688033 -0.749491
0.470983 0.472071 384.100000 0.562234 -1.819884
0.470876 0.472816 384.200000 0.344316 -2.582588
0.470755 0.473212 384.300000 0.114299 -1.997086
0.470633 0.473512 384.400000 -0.075726 -1.802530
0.470520 0.473921 384.500000 -0.265930 -2.023427
0.470427 0.474368 384.600000 -0.470998 -2.095017
0.470366 0.474915 384.700000 -0.688061 -2.271243
0.470352 0.475424 384.800000 -0.911182 -2.206626
0.470387 0.475632 384.900000 -1.101982 -1.598067
0.470465 0.475687 385.000000 -1.240594 -1.171123
0.470579 0.475696 385.100000 -1.349092 -1.008865
0.470726 0.475653 385.200000 -1.438639 -0.789334
0.470898 0.475576 385.300000 -1.507566 -0.597660
0.471095 0.475505 385.400000 -1.568160 -0.634373
0.471315 0.475411 385.500000 -1.623265 -0.478532
0.471558 0.475345 385.600000 -1.678860 -0.661765
0.471828 0.475263 385.700000 -1.739380 -0.563745
0.472118 0.475157 385.800000 -1.785380 -0.366233
0.472423 0.475042 385.900000 -1.815639 -0.252750
0.472735 0.474920 386.000000 -1.831499 -0.074556
0.473052 0.474800 386.100000 -1.842229 -0.163442
0.473367 0.474685 386.200000 -1.837928 0.252067
0.473662 0.474607 386.300000 -1.796110 0.584735
0.473931 0.474520 386.400000 -1.739570 0.528206
0.474160 0.474610 386.500000 -1.650263 1.283058
0.474345 0.474579 386.600000 -1.542467 0.839784
0.474498 0.474536 386.700000 -1.460376 0.788316
0.474620 0.474522 386.800000 -1.374976 0.915952
0.474711 0.474496 386.900000 -1.285454 0.862745
0.474783 0.474383 387.000000 -1.226535 0.276476
0.474852 0.474263 387.100000 -1.217893 -0.136173
0.474920 0.474143 387.200000 -1.218208 0.131045
0.474988 0.474020 387.300000 -1.212508 -0.037395
0.475049 0.473920 387.400000 -1.194208 0.414865
0.475099 0.473811 387.500000 -1.157090 0.312342
0.475130 0.473827 387.600000 -1.091068 1.036272
0.475131 0.473913 387.700000 -0.976046 1.271070
0.475100 0.474044 387.800000 -0.842616 1.401306
0.475040 0.474210 387.900000 -0.697934 1.496288
0.474953 0.474604 388.000000 -0.524431 2.001241
0.474843 0.475100 388.100000 -0.315578 2.191116
0.474722 0.475539 388.200000 -0.101804 2.087262
0.474601 0.475732 388.300000 0.081726 1.565867
0.474485 0.475748 388.400000 0.212791 1.036636
0.474375 0.475755 388.500000 0.314449 1.002298
0.474274 0.475708 388.600000 0.403107 0.766901
0.474179 0.475596 388.700000 0.456368 0.280799
0.474093 0.475683 388.800000 0.531317 1.276640
0.474024 0.475649 388.900000 0.637140 0.828245
0.473971 0.475694 389.000000 0.734299 1.142202
0.473942 0.475740 389.100000 0.847942 1.144116
0.473935 0.475708 389.200000 0.947129 0.837999
0.473952 0.475716 389.300000 1.038192 1.005987
0.473993 0.475672 389.400000 1.127271 0.779351
0.474062 0.475699 389.500000 1.218559 1.077462
0.474165 0.475703 389.600000 1.321370 0.992138
0.474302 0.475716 389.700000 1.421312 1.026956
0.474474 0.475681 389.800000 1.513387 0.823447
0.474676 0.475620 389.900000 1.588337 0.687901
0.474914 0.475647 390.000000 1.674589 1.077121
0.475187 0.475563 390.100000 1.756037 0.546328
0.475478 0.475448 390.200000 1.794746 0.231719
0.475791 0.475406 390.300000 1.843350 0.788864
0.476146 0.475403 390.400000 1.929316 0.962145
0.476521 0.475285 390.500000 1.970773 -0.168131
0.476880 0.475194 390.600000 1.937676 -0.492029
0.477200 0.475225 390.700000 1.859125 -1.093890
0.477466 0.475305 390.800000 1.741534 -1.253484
0.477669 0.475556 390.900000 1.594120 -1.707900
0.477800 0.475952 391.000000 1.408568 -2.012201
0.477869 0.476212 391.100000 1.220682 -1.727015
0.477890 0.476356 391.200000 1.061298 -1.442573
0.477879 0.476401 391.300000 0.931128 -1.141995
0.477840 0.476531 391.400000 0.804364 -1.403767
0.477772 0.476762 391.500000 0.651691 -1.662647
0.477689 0.476649 391.600000 0.552175 -0.255885
0.477603 0.476529 391.700000 0.533044 -0.115143
0.477515 0.476419 391.800000 0.512355 -0.303842
0.477421 0.476353 391.900000 0.465028 -0.657807
0.477320 0.476263 392.000000 0.406632 -0.500661
0.477215 0.476163 392.100000 0.360804 -0.409677
0.477106 0.476075 392.200000 0.315003 -0.510182
0.476995 0.475955 392.300000 0.292579 0.093967
0.476887 0.475883 392.400000 0.326795 0.621542
0.476783 0.475767 392.500000 0.369046 0.208274
0.476679 0.475654 392.600000 0.368075 -0.246855
0.476574 0.475533 392.700000 0.357829 0.060473
0.476468 0.475417 392.800000 0.351357 -0.199706
0.476363 0.475305 392.900000 0.353346 0.266484
0.476262 0.475232 393.000000 0.396207 0.613966
0.476168 0.475189 393.100000 0.465236 0.782681
0.476087 0.475231 393.200000 0.559594 1.131623
0.476019 0.475161 393.300000 0.648335 0.628261
0.475957 0.475040 393.400000 0.681959 0.022097
0.475895 0.474919 393.500000 0.680779 -0.042143
0.475831 0.474810 393.600000 0.664453 -0.290881
0.475760 0.474714 393.700000 0.627982 -0.441333
0.475679 0.474711 393.800000 0.558901 -0.963834
0.475583 0.474824 393.900000 0.443928 -1.355748
0.475475 0.474901 394.000000 0.313541 -1.249066
0.475358 0.475112 394.100000 0.171475 -1.614941
0.475237 0.475561 394.200000 -0.013612 -2.120194
0.475123 0.476005 394.300000 -0.224558 -2.109440
0.475025 0.476326 394.400000 -0.423353 -1.867060
0.474953 0.476700 394.500000 -0.614544 -1.976586
0.474909 0.476778 394.600000 -0.777021 -1.251336
0.474884 0.476698 394.700000 -0.869193 -0.570615
0.474872 0.476615 394.800000 -0.924416 -0.544151
0.474877 0.476582 394.900000 -0.991812 -0.830977
0.474899 0.476498 395.000000 -1.060225 -0.536059
0.474929 0.476378 395.100000 -1.091267 -0.073867
0.474964 0.476265 395.200000 -1.106197 -0.245049
0.475005 0.476153 395.300000 -1.130630 -0.256581
0.475051 0.476033 395.400000 -1.145874 -0.050082
0.475091 0.475946 395.500000 -1.123289 0.520079
0.475112 0.475902 395.600000 -1.058826 0.774046
0.475106 0.476049 395.700000 -0.948903 1.453667
0.475070 0.476123 395.800000 -0.813526 1.240840
0.475013 0.476087 395.900000 -0.709469 0.816352
0.474948 0.475972 396.000000 -0.656190 0.214771
0.474882 0.475860 396.100000 -0.656765 -0.256515
0.474818 0.475742 396.200000 -0.665120 0.100285
0.474749 0.475663 396.300000 -0.632292 0.575135
0.474672 0.475564 396.400000 -0.582504 0.408562
0.474594 0.475456 396.500000 -0.574961 -0.298597
0.474518 0.475336 396.600000 -0.589756 0.011711
0.474443 0.475220 396.700000 -0.597263 -0.177648
0.474376 0.475189 396.800000 -0.646015 -0.839130
0.474323 0.475145 396.900000 -0.726295 -0.773912
0.474282 0.475044 397.000000 -0.784885 -0.388954
0.474248 0.474948 397.100000 -0.825181 -0.428970
0.474223 0.474849 397.200000 -0.866691 -0.410788
0.474212 0.474822 397.300000 -0.928251 -0.854593
0.474218 0.474738 397.400000 -0.997789 -0.533034
0.474238 0.474663 397.500000 -1.053252 -0.592119
0.474281 0.474691 397.600000 -1.134978 -1.081811
0.474349 0.474616 397.700000 -1.219262 -0.595323
0.474434 0.474534 397.800000 -1.275691 -0.545984
0.474541 0.474498 397.900000 -1.342241 -0.814781
0.474679 0.474497 398.000000 -1.430148 -0.969204
0.474861 0.474638 398.100000 -1.548411 -1.440251
0.475105 0.474878 398.200000 -1.703094 -1.689603
0.475420 0.475021 398.300000 -1.859314 -1.447992
0.475805 0.475188 398.400000 -2.005722 -1.509626
0.476250 0.475139 398.500000 -2.119252 -0.748958
0.476730 0.475067 398.600000 -2.186342 -0.610700
0.477228 0.474948 398.700000 -2.220067 -0.059880
0.477722 0.474834 398.800000 -2.213236 0.186971
0.478203 0.474725 398.900000 -2.188594 0.290150
0.478673 0.474607 399.000000 -2.169306 0.063317
0.479121 0.474553 399.100000 -2.130760 0.720853
0.479535 0.474475 399.200000 -2.064876 0.571453
0.479911 0.474461 399.300000 -1.990516 0.916240
0.480233 0.474559 399.400000 -1.879194 1.316178
0.480491 0.474719 399.500000 -1.738623 1.492665
0.480698 0.474697 399.600000 -1.618069 0.876448
0.480858 0.474891 399.700000 -1.496414 1.582230
0.480963 0.475047 399.800000 -1.342521 1.483808
0.481025 0.475106 399.900000 -1.207702 1.191592
0.481063 0.475012 400.000000 -1.123657 0.444149
0.481084 0.474973 400.100000 -1.062026 0.798206
0.481089 0.474871 400.200000 -1.002255 0.368163
0.481087 0.474757 400.300000 -0.973906 0.180885
0.481080 0.474648 400.400000 -0.950396 0.286064
0.481062 0.474581 400.500000 -0.904625 0.639975
0.481031 0.474505 400.600000 -0.843059 0.582658
0.480983 0.474521 400.700000 -0.762942 1.038286
0.480920 0.474468 400.800000 -0.674038 0.720939
0.480842 0.474518 400.900000 -0.580904 1.162011
0.480752 0.474456 401.000000 -0.487920 0.672190
0.480654 0.474391 401.100000 -0.421311 0.657900
0.480548 0.474462 401.200000 -0.328388 1.229918
0.480432 0.474658 401.300000 -0.188533 1.589274
0.480313 0.475275 401.400000 0.009921 2.430576
0.480200 0.475698 401.500000 0.235933 2.084318
0.480106 0.476179 401.600000 0.448901 2.194162
0.480032 0.476168 401.700000 0.607638 0.930087
0.479974 0.476165 401.800000 0.701752 0.965009
0.479935 0.476186 401.900000 0.802060 1.058131
0.479913 0.476113 402.000000 0.885592 0.602108
0.479912 0.476203 402.100000 0.977979 1.294081
0.479940 0.476190 402.200000 1.088897 0.921239
0.479998 0.476250 402.300000 1.193417 1.199555
0.480084 0.476180 402.400000 1.285097 0.621892
0.480182 0.476063 402.500000 1.322310 0.111632
0.480282 0.475945 402.600000 1.329247 0.036978
0.480383 0.475827 402.700000 1.330955 0.009219
0.480483 0.475709 402.800000 1.330657 -0.002442
0.480580 0.475596 402.900000 1.320676 -0.193960
0.480665 0.475520 403.000000 1.282019 -0.587713
0.480737 0.475406 403.100000 1.243052 -0.159372
0.480799 0.475325 403.200000 1.208096 -0.548642
0.480840 0.475311 403.300000 1.135432 -0.914704
0.480856 0.475290 403.400000 1.045102 -0.883718
0.480851 0.475249 403.500000 0.960902 -0.789524
0.480831 0.475164 403.600000 0.895004 -0.508187
0.480789 0.475381 403.700000 0.790061 -1.644179
0.480716 0.475746 403.800000 0.609948 -1.976314
0.480621 0.475937 403.900000 0.431345 -1.579151
0.480509 0.476389 404.000000 0.246796 -2.145638
0.480391 0.476530 404.100000 0.065878 -1.444657
0.480273 0.476610 404.200000 -0.069840 -1.267322
0.480161 0.477059 404.300000 -0.237554 -2.140253
0.480066 0.477350 404.400000 -0.435662 -1.818637
0.479990 0.477436 404.500000 -0.591584 -1.285680
0.479928 0.477341 404.600000 -0.678860 -0.427347
0.479872 0.477227 404.700000 -0.709425 -0.179971
0.479822 0.477149 404.800000 -0.745618 -0.572590
0.479783 0.477075 404.900000 -0.803514 -0.597086
0.479757 0.477010 405.000000 -0.865306 -0.652860
0.479741 0.476900 405.100000 -0.911007 -0.252157
0.479728 0.476783 405.200000 -0.922961 0.016783
0.479711 0.476680 405.300000 -0.905110 0.348551
0.479688 0.476565 405.400000 -0.880065 0.133836
0.479659 0.476473 405.500000 -0.851205 0.452026
0.479623 0.476364 405.600000 -0.814266 0.271098
0.479584 0.476248 405.700000 -0.804746 -0.107337
0.479544 0.476145 405.800000 -0.793997 0.337090
0.479492 0.476129 405.900000 -0.733002 0.906619
0.479420 0.476310 406.000000 -0.611455 1.555949
0.479329 0.476398 406.100000 -0.468406 1.293279
0.479227 0.476367 406.200000 -0.360842 0.836058
0.479118 0.476341 406.300000 -0.276031 0.862338
0.479005 0.476277 406.400000 -0.199750 0.654095
0.478891 0.476161 406.500000 -0.160830 0.096395
0.478775 0.476081 406.600000 -0.129559 0.551909
0.478659 0.475973 406.700000 -0.113596 -0.274541
0.478544 0.475921 406.800000 -0.162237 -0.724546
0.478432 0.475813 406.900000 -0.212753 -0.267135
0.478320 0.475735 407.000000 -0.199857 0.565333
0.478205 0.475669 407.100000 -0.139626 0.644424
0.478088 0.475589 407.200000 -0.080089 0.542983
0.477971 0.475472 407.300000 -0.052907 -0.027307
0.477854 0.475374 407.400000 -0.072753 -0.389338
0.477739 0.475271 407.500000 -0.108877 -0.332945
0.477624 0.475163 407.600000 -0.139021 -0.269441
0.477509 0.475047 407.700000 -0.149953 0.065632
0.477394 0.474992 407.800000 -0.112910 0.707865
0.477277 0.474974 407.900000 -0.033424 0.894275
0.477160 0.474884 408.000000 0.035687 0.469972
0.477044 0.474782 408.100000 0.076338 0.338988
0.476929 0.474668 408.200000 0.100743 0.141265
0.476813 0.474553 408.300000 0.103867 -0.089173
0.476697 0.474451 408.400000 0.083050 -0.339785
0.476581 0.474454 408.500000 0.018496 -0.986271
0.476465 0.474538 408.600000 -0.093750 -1.279074
0.476354 0.474606 408.700000 -0.218738 -1.225537
0.476251 0.474600 408.800000 -0.327895 -0.951838
0.476155 0.474552 408.900000 -0.412793 -0.743446
0.476066 0.474465 409.000000 -0.474500 -0.485126
0.475980 0.474351 409.100000 -0.493564 0.128867
0.475887 0.474360 409.200000 -0.438625 1.012132
0.475785 0.474387 409.300000 -0.334219 1.080536
0.475675 0.474395 409.400000 -0.229667 1.009083
0.475561 0.474357 409.500000 -0.139019 0.795669
0.475445 0.474455 409.600000 -0.034580 1.323695
0.475330 0.474435 409.700000 0.076800 0.887570
0.475218 0.474506 409.800000 0.181804 1.236301
0.475112 0.474488 409.900000 0.288834 0.894643
0.475014 0.474477 410.000000 0.379533 0.928735
0.474923 0.474388 410.100000 0.450121 0.467424
0.474834 0.474274 410.200000 0.468879 -0.116009
0.474747 0.474201 410.300000 0.490495 0.589546
0.474668 0.474118 410.400000 0.545712 0.519096
0.474595 0.474023 410.500000 0.591917 0.407291
0.474527 0.473916 410.600000 0.625215 0.258930
0.474464 0.473821 410.700000 0.657799 0.408236
0.474407 0.473712 410.800000 0.690033 0.236100
0.474353 0.473604 410.900000 0.713729 0.246508
0.474303 0.473492 411.000000 0.733802 0.158778
0.474257 0.473385 411.100000 0.753624 0.250676
0.474218 0.473298 411.200000 0.789374 0.485522
0.474186 0.473199 411.300000 0.831579 0.362556
0.474166 0.473145 411.400000 0.883592 0.706010
0.474155 0.473033 411.500000 0.927988 0.166054
0.474142 0.472939 411.600000 0.916698 -0.412142
0.474117 0.472880 411.700000 0.862415 -0.680649
0.474083 0.472773 411.800000 0.814131 -0.257733
0.474049 0.472675 411.900000 0.817458 0.363781
0.474021 0.472567 412.000000 0.847848 0.248008
0.473996 0.472453 412.100000 0.862373 0.041409
0.473966 0.472383 412.200000 0.835416 -0.605782
0.473932 0.472284 412.300000 0.820225 0.357847
0.473904 0.472172 412.400000 0.845789 0.152734
0.473882 0.472086 412.500000 0.876231 0.482734
0.473874 0.472043 412.600000 0.937304 0.764865
0.473885 0.472029 412.700000 1.020147 0.913218
0.473916 0.471954 412.800000 1.094397 0.568652
0.473963 0.471907 412.900000 1.158899 0.744580
0.474035 0.471890 413.000000 1.239906 0.899198
0.474124 0.471785 413.100000 1.299041 0.267383
0.474211 0.471695 413.200000 1.291159 -0.448282
0.474282 0.471622 413.300000 1.239617 -0.578884
0.474334 0.471577 413.400000 1.172692 -0.759785
0.474352 0.471855 413.500000 1.046995 -1.801254
0.474334 0.471931 413.600000 0.892833 -1.252077
0.474287 0.472117 413.700000 0.752142 -1.576495
0.474213 0.472454 413.800000 0.577699 -1.931823
0.474115 0.472938 413.900000 0.370796 -2.226127
0.474002 0.473726 414.000000 0.124589 -2.732680
0.473890 0.474266 414.100000 -0.128897 -2.328935
0.473792 0.474851 414.200000 -0.364858 -2.407986
0.473717 0.475082 414.300000 -0.570870 -1.690821
0.473664 0.475123 414.400000 -0.712982 -1.136872
0.473633 0.475212 414.500000 -0.833761 -1.300444
0.473624 0.475154 414.600000 -0.933644 -0.679719
0.473627 0.475052 414.700000 -0.984180 -0.325267
0.473634 0.474938 414.800000 -1.005312 -0.096906
0.473647 0.474841 414.900000 -1.027648 -0.375011
0.473669 0.474737 415.000000 -1.060892 -0.298064
0.473689 0.474644 415.100000 -1.056322 0.414795
0.473698 0.474558 415.200000 -1.010778 0.491757
0.473690 0.474568 415.300000 -0.936443 1.014966
0.473654 0.474753 415.400000 -0.808168 1.576032
0.473593 0.474856 415.500000 -0.661626 1.342755
0.473512 0.474979 415.600000 -0.524355 1.406456
0.473417 0.475048 415.700000 -0.391927 1.235263
0.473311 0.475193 415.800000 -0.257603 1.465934
0.473199 0.475192 415.900000 -0.134630 0.972717
0.473086 0.475267 416.000000 -0.024216 1.254143
0.472973 0.475195 416.100000 0.069582 0.593393
0.472861 0.475095 416.200000 0.117046 0.346727
0.472750 0.475039 416.300000 0.167928 0.692095
0.472643 0.474952 416.400000 0.226646 0.476220
0.472538 0.474840 416.500000 0.257827 0.134172
0.472432 0.474736 416.600000 0.251294 -0.283528
0.472324 0.474666 416.700000 0.207513 -0.608174
0.472213 0.474582 416.800000 0.151830 -0.500969
0.472102 0.474478 416.900000 0.138625 0.276694
0.471991 0.474374 417.000000 0.139622 -0.283397
0.471880 0.474261 417.100000 0.129267 0.096189
0.471768 0.474195 417.200000 0.104548 -0.626833
0.471656 0.474107 417.300000 0.049488 -0.468267
0.471543 0.474172 417.400000 -0.032882 -1.220721
0.471432 0.474180 417.500000 -0.144404 -1.005124
0.471325 0.474100 417.600000 -0.222378 -0.536418
0.471221 0.473995 417.700000 -0.262620 -0.258861
0.471118 0.473885 417.800000 -0.283506 -0.157509
0.471016 0.473786 417.900000 -0.308472 -0.355928
0.470917 0.473677 418.000000 -0.335853 -0.187784
0.470820 0.473568 418.100000 -0.354631 -0.192364
0.470726 0.473526 418.200000 -0.401113 -0.772362
0.470640 0.473460 418.300000 -0.471112 -0.628102
0.470557 0.473349 418.400000 -0.497676 0.128631
0.470470 0.473304 418.500000 -0.454897 0.755657
0.470376 0.473224 418.600000 -0.390297 0.523535
0.470276 0.473198 418.700000 -0.322243 0.853794
0.470171 0.473134 418.800000 -0.247212 0.636656
0.470064 0.473021 418.900000 -0.211888 0.039278
0.469957 0.472908 419.000000 -0.212723 -0.063305
0.469849 0.472843 419.100000 -0.186069 0.630437
0.469740 0.472730 419.200000 -0.154889 -0.040706
0.469631 0.472618 419.300000 -0.156157 0.016604
0.469522 0.472521 419.400000 -0.172425 -0.363443
0.469416 0.472420 419.500000 -0.206290 -0.314938
0.469313 0.472435 419.600000 -0.271661 -1.034043
0.469215 0.472333 419.700000 -0.339822 -0.298624
0.469122 0.472317 419.800000 -0.397936 -0.900305
0.469038 0.472279 419.900000 -0.482366 -0.791262
0.468965 0.472310 420.000000 -0.575513 -1.096750
0.468905 0.472229 420.100000 -0.656925 -0.512263
0.468849 0.472116 420.200000 -0.681878 0.032622
0.468800 0.472112 420.300000 -0.724859 -0.950645
0.468762 0.472009 420.400000 -0.787838 -0.286213
0.468730 0.471905 420.500000 -0.815082 -0.267048
0.468697 0.471802 420.600000 -0.815681 0.273983
0.468660 0.471695 420.700000 -0.791218 0.204932
0.468615 0.471643 420.800000 -0.746495 0.709237
0.468556 0.471639 420.900000 -0.663685 0.956242
0.468487 0.471541 421.000000 -0.597265 0.338006
0.468416 0.471429 421.100000 -0.581638 -0.050087
0.468342 0.471349 421.200000 -0.559333 0.520114
0.468259 0.471369 421.300000 -0.481923 1.053294
0.468162 0.471544 421.400000 -0.352869 1.554913
0.468057 0.471541 421.500000 -0.225935 0.956946
0.467949 0.471454 421.600000 -0.153794 0.462640
0.467840 0.471344 421.700000 -0.133825 -0.091523
0.467731 0.471235 421.800000 -0.130811 0.163405
0.467623 0.471142 421.900000 -0.140939 -0.395847
0.467516 0.471037 422.000000 -0.172444 -0.228971
0.467410 0.470948 422.100000 -0.205415 -0.444740
0.467305 0.470849 422.200000 -0.213649 0.315700
0.467199 0.470737 422.300000 -0.194781 0.047044
0.467091 0.470646 422.400000 -0.172819 0.409580
0.466982 0.470803 422.500000 -0.079989 1.505093
0.466871 0.470809 422.600000 0.046078 0.996611
0.466765 0.471005 422.700000 0.174612 1.612164
0.466666 0.471039 422.800000 0.311592 1.111323
0.466580 0.471301 422.900000 0.453770 1.776183
0.466516 0.471540 423.000000 0.628107 1.721564
0.466479 0.471678 423.100000 0.786875 1.455114
0.466468 0.471722 423.200000 0.916872 1.143985
0.466488 0.471894 423.300000 1.049767 1.550508
0.466553 0.472169 423.400000 1.216169 1.809840
0.466676 0.472540 423.500000 1.406092 2.021448
0.466877 0.473094 423.600000 1.623718 2.374333
0.467182 0.473847 423.700000 1.875518 2.707955
0.467609 0.474482 423.800000 2.135524 2.515018
0.468167 0.475049 423.900000 2.379856 2.400183
0.468856 0.475454 424.000000 2.603516 2.093285
0.469662 0.475656 424.100000 2.789120 1.631546
0.470555 0.475654 424.200000 2.918978 0.967132
0.471479 0.475543 424.300000 2.963396 -0.100686
0.472365 0.475547 424.400000 2.909661 -0.991812
0.473182 0.475559 424.500000 2.807588 -1.027670
0.473936 0.475538 424.600000 2.710730 -0.878992
0.474614 0.475703 424.700000 2.590630 -1.535048
0.475211 0.475751 424.800000 2.453849 -1.163186
0.475733 0.475907 424.900000 2.320185 -1.509920
0.476165 0.476202 425.000000 2.151800 -1.861009
0.476497 0.476728 425.100000 1.942983 -2.328201
0.476730 0.477223 425.200000 1.712405 -2.273277
0.476877 0.477724 425.300000 1.484326 -2.283709
0.476940 0.478667 425.400000 1.222057 -2.996354
0.476927 0.479716 425.500000 0.915605 -3.144007
0.476859 0.480618 425.600000 0.611223 -2.940301
0.476760 0.481314 425.700000 0.332629 -2.624310
0.476648 0.482160 425.800000 0.059660 -2.857832
0.476543 0.483202 425.900000 -0.238610 -3.136699
0.476463 0.483837 426.000000 -0.522425 -2.526377
0.476426 0.484769 426.100000 -0.795839 -2.984532
0.476442 0.485109 426.200000 -1.044986 -1.968600
0.476504 0.485244 426.300000 -1.216528 -1.456092
0.476602 0.485246 426.400000 -1.339242 -0.993660
0.476719 0.485135 426.500000 -1.397353 -0.142396
0.476845 0.485041 426.600000 -1.423500 -0.409314
0.476989 0.484982 426.700000 -1.476648 -0.684510
0.477151 0.484886 426.800000 -1.530342 -0.392360
0.477318 0.484777 426.900000 -1.541480 0.182473
0.477466 0.484754 427.000000 -1.489434 0.880756
0.477582 0.484755 427.100000 -1.395637 0.990713
0.477663 0.484821 427.200000 -1.284392 1.238486
0.477716 0.484763 427.300000 -1.186403 0.685880
0.477750 0.484715 427.400000 -1.114506 0.747017
0.477765 0.484652 427.500000 -1.043762 0.655865
0.477761 0.484669 427.600000 -0.958807 1.057384
0.477743 0.484559 427.700000 -0.895887 0.149196
0.477724 0.484445 427.800000 -0.888551 -0.019540
0.477700 0.484354 427.900000 -0.868456 0.436441
0.477667 0.484286 428.000000 -0.815779 0.620393
0.477620 0.484237 428.100000 -0.747836 0.739877
0.477562 0.484188 428.200000 -0.673627 0.740756
0.477498 0.484075 428.300000 -0.636352 -0.039146
0.477428 0.484050 428.400000 -0.597016 0.866994
0.477346 0.484060 428.500000 -0.502760 1.025035
0.477256 0.483959 428.600000 -0.433210 0.329737
0.477164 0.483859 428.700000 -0.400091 0.330074
0.477068 0.483758 428.800000 -0.367514 0.318602
0.476970 0.483654 428.900000 -0.337624 0.274887
0.476871 0.483544 429.000000 -0.316262 0.143507
0.476771 0.483432 429.100000 -0.305065 0.074387
0.476670 0.483320 429.200000 -0.298917 0.044341
0.476567 0.483245 429.300000 -0.269511 0.568621
0.476461 0.483200 429.400000 -0.203430 0.763557
0.476352 0.483242 429.500000 -0.108694 1.153672
0.476241 0.483191 429.600000 -0.014060 0.721231
0.476131 0.483219 429.700000 0.075859 1.100787
0.476024 0.483250 429.800000 0.186006 1.109130
0.475922 0.483183 429.900000 0.273814 0.629485
0.475824 0.483104 430.000000 0.331875 0.532697
0.475732 0.483059 430.100000 0.395639 0.760713
0.475648 0.483064 430.200000 0.482786 1.002925
0.475579 0.483154 430.300000 0.597652 1.321268
0.475529 0.483206 430.400000 0.722894 1.189566
0.475496 0.483140 430.500000 0.814581 0.628115
0.475476 0.483099 430.600000 0.884231 0.784564
0.475473 0.483045 430.700000 0.958299 0.705608
0.475485 0.482997 430.800000 1.029983 0.743354
0.475514 0.482919 430.900000 1.094196 0.544670
0.475553 0.482818 431.000000 1.136684 0.306353
0.475589 0.482752 431.100000 1.122536 -0.625378
0.475608 0.482696 431.200000 1.056305 -0.694973
0.475610 0.482651 431.300000 0.983198 -0.763876
0.475596 0.482593 431.400000 0.910466 -0.680573
0.475568 0.482531 431.500000 0.843374 -0.654362
0.475531 0.482429 431.600000 0.795027 -0.288331
0.475486 0.482371 431.700000 0.747058 -0.685521
0.475430 0.482300 431.800000 0.682753 -0.591781
0.475366 0.482205 431.900000 0.633474 -0.378878
0.475301 0.482102 432.000000 0.625709 0.261621
0.475242 0.482022 432.100000 0.664022 0.526204
0.475185 0.481923 432.200000 0.676011 -0.321629
0.475121 0.481858 432.300000 0.628744 -0.635144
0.475049 0.481772 432.400000 0.572752 -0.473231
0.474966 0.481874 432.500000 0.483353 -1.358084
0.474872 0.481893 432.600000 0.361694 -1.061811
0.474770 0.481884 432.700000 0.261389 -0.939851
0.474664 0.481797 432.800000 0.190010 -0.465071
0.474557 0.481697 432.900000 0.151133 -0.304565
0.474449 0.481613 433.000000 0.112096 -0.485815
0.474341 0.481502 433.100000 0.088436 0.038800
0.474233 0.481498 433.200000 0.136035 0.962907
0.474130 0.481473 433.300000 0.227324 0.864090
0.474032 0.481476 433.400000 0.319580 0.994726
0.473941 0.481393 433.500000 0.395041 0.496718
0.473855 0.481331 433.600000 0.451580 0.648625
0.473780 0.481399 433.700000 0.544438 1.248004
0.473721 0.481421 433.800000 0.660287 1.071714
0.473688 0.481808 433.900000 0.814585 2.079539
0.473702 0.482301 434.000000 1.031600 2.290966
0.473773 0.482703 434.100000 1.250959 2.109018
0.473902 0.482901 434.200000 1.438401 1.638675
0.474089 0.483112 434.300000 1.602750 1.673131
0.474340 0.483326 434.400000 1.769224 1.681614
0.474665 0.483593 434.500000 1.942272 1.812801
0.475052 0.483570 434.600000 2.077718 0.875776
0.475464 0.483461 434.700000 2.129829 0.153829
0.475869 0.483378 434.800000 2.113654 -0.489062
0.476250 0.483289 434.900000 2.066115 -0.440596
0.476599 0.483276 435.000000 1.998103 -0.926903
0.476897 0.483384 435.100000 1.883227 -1.379325
0.477133 0.483578 435.200000 1.732814 -1.630599
0.477290 0.484213 435.300000 1.525882 -2.547538
0.477366 0.484843 435.400000 1.271340 -2.541113
0.477377 0.485412 435.500000 1.022285 -2.435075
0.477343 0.485637 435.600000 0.813205 -1.711018
0.477280 0.485898 435.700000 0.637785 -1.803085
0.477193 0.486311 435.800000 0.441783 -2.137680
0.477091 0.486558 435.900000 0.245838 -1.768638
0.476982 0.486799 436.000000 0.070002 -1.754176
0.476874 0.487039 436.100000 -0.104829 -1.750781
0.476772 0.487137 436.200000 -0.260540 -1.352757
0.476682 0.487314 436.300000 -0.406471 -1.587969
0.476612 0.487672 436.400000 -0.585348 -2.025008
0.476575 0.488082 436.500000 -0.792124 -2.132689
0.476576 0.488300 436.600000 -0.983887 -1.698880
0.476616 0.488419 436.700000 -1.139622 -1.419910
0.476692 0.488496 436.800000 -1.274178 -1.282874
0.476803 0.488493 436.900000 -1.386891 -0.974652
0.476943 0.488453 437.000000 -1.474732 -0.791527
0.477107 0.488389 437.100000 -1.546133 -0.647857
0.477286 0.488280 437.200000 -1.587053 -0.163939
0.477465 0.488171 437.300000 -1.587790 0.148938
0.477637 0.488067 437.400000 -1.566837 0.260917
0.477794 0.487992 437.500000 -1.525743 0.562546
0.477923 0.488008 437.600000 -1.445482 1.056362
0.478017 0.488052 437.700000 -1.334239 1.165340
0.478080 0.488056 437.800000 -1.224879 1.006273
0.478116 0.488027 437.900000 -1.131257 0.851056
0.478126 0.488154 438.000000 -1.017647 1.445606
0.478105 0.488228 438.100000 -0.881059 1.274580
0.478057 0.488443 438.200000 -0.733816 1.690043
0.477987 0.488512 438.300000 -0.585288 1.259412
0.477903 0.488567 438.400000 -0.461764 1.209184
0.477808 0.488569 438.500000 -0.351050 0.995614
0.477705 0.488661 438.600000 -0.235394 1.337216
0.477597 0.488971 438.700000 -0.074222 1.921666
0.477490 0.489371 438.800000 0.126796 2.118425
0.477394 0.489811 438.900000 0.341971 2.201889
0.477322 0.490281 439.000000 0.564144 2.259615
0.477281 0.490573 439.100000 0.771365 1.882481
0.477275 0.490771 439.200000 0.947621 1.647927
0.477298 0.490756 439.300000 1.077212 0.923929
0.477336 0.490650 439.400000 1.135201 0.214123
0.477388 0.490631 439.500000 1.188747 0.905682
0.477467 0.490642 439.600000 1.284706 1.037067
0.477575 0.490609 439.700000 1.377778 0.831867
0.477711 0.490610 439.800000 1.467691 0.993040
0.477868 0.490502 439.900000 1.528264 0.196396
0.478026 0.490392 440.000000 1.533570 -0.088990
0.478186 0.490284 440.100000 1.536950 0.185925
0.478351 0.490175 440.200000 1.551461 0.117034
0.478501 0.490179 440.300000 1.509033 -1.008722
0.478621 0.490128 440.400000 1.420873 -0.730038
0.478711 0.490190 440.500000 1.323482 -1.233917
0.478768 0.490210 440.600000 1.207241 -1.075847
0.478794 0.490298 440.700000 1.087405 -1.327718
0.478781 0.490666 440.800000 0.920029 -2.054163
0.478731 0.491019 440.900000 0.716093 -2.024597
0.478651 0.491493 441.000000 0.502079 -2.272221
0.478553 0.491617 441.100000 0.314536 -1.441875
0.478450 0.491544 441.200000 0.211426 -0.579372
0.478344 0.491467 441.300000 0.154974 -0.548995
0.478237 0.491373 441.400000 0.107482 -0.394046
0.478130 0.491262 441.500000 0.084987 -0.038124
0.478022 0.491166 441.600000 0.065442 -0.369570
0.477914 0.491139 441.700000 0.005230 -0.861863
0.477806 0.491119 441.800000 -0.082476 -0.898678
0.477702 0.491200 441.900000 -0.191130 -1.301149
0.477605 0.491175 442.000000 -0.300566 -0.873823
0.477512 0.491092 442.100000 -0.369651 -0.495575
0.477427 0.491145 442.200000 -0.452575 -1.206636
0.477355 0.491149 442.300000 -0.563184 -1.005860
0.477296 0.491112 442.400000 -0.654051 -0.812214
0.477249 0.491083 442.500000 -0.736587 -0.851375
0.477218 0.491077 442.600000 -0.826403 -0.962664
0.477199 0.490970 442.700000 -0.885336 -0.188583
0.477185 0.490869 442.800000 -0.908643 -0.292884
0.477178 0.490784 442.900000 -0.946417 -0.483252
0.477178 0.490676 443.000000 -0.978138 -0.145392
0.477180 0.490565 443.100000 -0.983930 0.028156
0.477176 0.490481 443.200000 -0.958938 0.486084
0.477155 0.490522 443.300000 -0.878213 1.156673
0.477115 0.490519 443.400000 -0.770757 0.980491
0.477064 0.490411 443.500000 -0.711731 0.153982
0.477009 0.490326 443.600000 -0.681092 0.469064
0.476940 0.490459 443.700000 -0.586493 1.471331
0.476856 0.490489 443.800000 -0.456287 1.115958
0.476764 0.490419 443.900000 -0.369178 0.600398
0.476669 0.490318 444.000000 -0.323929 0.287583
0.476570 0.490235 444.100000 -0.285098 0.498419
0.476470 0.490148 444.200000 -0.237685 0.446900
0.476368 0.490045 444.300000 -0.226801 -0.266805
0.476267 0.489936 444.400000 -0.236484 0.088136
0.476165 0.489842 444.500000 -0.213676 0.381570
0.476061 0.489759 444.600000 -0.170269 0.492267
0.475956 0.489732 444.700000 -0.103836 0.856454
0.475849 0.489638 444.800000 -0.040740 0.384065
0.475742 0.489529 444.900000 -0.016418 0.088439
0.475635 0.489425 445.000000 -0.023109 -0.239195
0.475528 0.489338 445.100000 -0.014200 0.452262
0.475422 0.489233 445.200000 0.019169 0.204320
0.475315 0.489158 445.300000 0.055998 0.551810
0.475209 0.489051 445.400000 0.093410 0.180341
0.475104 0.488942 445.500000 0.105093 0.048247
0.474999 0.488839 445.600000 0.119307 0.247843
0.474895 0.488753 445.700000 0.154145 0.462732
0.474793 0.488657 445.800000 0.194638 0.344900
0.474691 0.488548 445.900000 0.210888 -0.036187
0.474589 0.488450 446.000000 0.193649 -0.321706
0.474486 0.488362 446.100000 0.156049 -0.436063
0.474381 0.488252 446.200000 0.131449 -0.035595
0.474277 0.488153 446.300000 0.143919 0.303999
0.474175 0.488099 446.400000 0.193084 0.703343
0.474077 0.488076 446.500000 0.271341 0.876561
0.473985 0.488018 446.600000 0.349236 0.678212
0.473895 0.487909 446.700000 0.383124 -0.030690
0.473808 0.487837 446.800000 0.408361 0.570743
0.473725 0.487748 446.900000 0.458437 0.430480
0.473648 0.487667 447.000000 0.504610 0.503698
0.473571 0.487577 447.100000 0.511527 -0.405521
0.473489 0.487517 447.200000 0.458597 -0.663676
0.473400 0.487447 447.300000 0.395755 -0.588108
0.473309 0.487345 447.400000 0.352619 -0.256287
0.473218 0.487268 447.500000 0.364263 0.532884
0.473132 0.487213 447.600000 0.424916 0.695168
0.473051 0.487108 447.700000 0.469744 0.182302
0.472975 0.487076 447.800000 0.518299 0.828464
0.472909 0.487025 447.900000 0.595591 0.721275
0.472856 0.487032 448.000000 0.681198 1.016147
0.472816 0.486985 448.100000 0.769244 0.742537
0.472788 0.486911 448.200000 0.834510 0.565035
0.472770 0.486821 448.300000 0.882725 0.402004
0.472760 0.486734 448.400000 0.924244 0.441389
0.472756 0.486628 448.500000 0.953958 0.149077
0.472760 0.486568 448.600000 0.992381 0.656409
0.472772 0.486459 448.700000 1.026358 0.002057
0.472781 0.486358 448.800000 1.013766 -0.257259
0.472790 0.486258 448.900000 1.012899 0.276805
0.472804 0.486154 449.000000 1.035586 0.183621
0.472819 0.486047 449.100000 1.038965 -0.120742
0.472835 0.485945 449.200000 1.043325 0.236504
0.472853 0.485838 449.300000 1.050250 -0.104268
0.472863 0.485761 449.400000 1.019264 -0.527773
0.472855 0.485813 449.500000 0.934403 -1.197283
0.472817 0.486162 449.600000 0.775195 -2.027532
0.472748 0.486469 449.700000 0.577062 -1.933071
0.472665 0.486408 449.800000 0.444652 -0.652102
0.472578 0.486303 449.900000 0.402324 -0.167982
0.472489 0.486221 450.000000 0.370303 -0.486036
0.472394 0.486209 450.100000 0.300701 -0.928111
0.472295 0.486125 450.200000 0.230112 -0.460978
0.472193 0.486048 450.300000 0.180673 -0.531637
0.472091 0.485944 450.400000 0.143876 -0.187157
0.471989 0.485855 450.500000 0.153333 0.408060
0.471890 0.485875 450.600000 0.225478 1.073556
0.471796 0.485850 450.700000 0.322441 0.862502
0.471712 0.485907 450.800000 0.425321 1.221760
0.471642 0.486019 450.900000 0.555788 1.408076
0.471589 0.486066 451.000000 0.685164 1.180436
0.471555 0.486078 451.100000 0.795772 1.037257
0.471535 0.486006 451.200000 0.876910 0.574566
0.471530 0.485982 451.300000 0.947527 0.864839
0.471545 0.485963 451.400000 1.034847 0.897295
0.471582 0.485983 451.500000 1.132215 1.074468
0.471644 0.485941 451.600000 1.224399 0.770169
0.471715 0.485835 451.700000 1.260085 -0.085166
0.471780 0.485744 451.800000 1.236509 -0.390269
0.471827 0.485733 451.900000 1.171197 -0.934288
0.471855 0.485665 452.000000 1.093364 -0.597871
0.471871 0.485576 452.100000 1.042191 -0.407795
0.471878 0.485478 452.200000 1.006997 -0.281146
0.471875 0.485437 452.300000 0.954985 -0.776574
0.471853 0.485454 452.400000 0.863590 -1.060836
0.471816 0.485378 452.500000 0.782612 -0.527599
0.471772 0.485286 452.600000 0.736637 -0.379023
0.471723 0.485185 452.700000 0.705662 -0.227112
0.471667 0.485137 452.800000 0.658711 -0.732660
0.471600 0.485103 452.900000 0.581493 -0.813221
0.471522 0.485148 453.000000 0.483047 -1.173100
0.471432 0.485188 453.100000 0.366522 -1.157935
0.471337 0.485099 453.200000 0.286712 -0.400845
0.471240 0.485020 453.300000 0.241890 -0.500075
0.471140 0.484923 453.400000 0.201120 -0.305285
0.471040 0.484826 453.500000 0.170823 -0.299962
0.470938 0.484782 453.600000 0.119375 -0.752691
0.470834 0.484756 453.700000 0.039182 -0.859571
0.470730 0.484704 453.800000 -0.039319 -0.706517
0.470628 0.484623 453.900000 -0.098878 -0.476686
0.470526 0.484534 454.000000 -0.143019 -0.405909
0.470426 0.484440 454.100000 -0.180386 -0.341607
0.470329 0.484412 454.200000 -0.238170 -0.844136
0.470236 0.484340 454.300000 -0.308924 -0.562955
0.470147 0.484256 454.400000 -0.359433 -0.447195
0.470062 0.484201 454.500000 -0.415235 -0.687440
0.469984 0.484130 454.600000 -0.477779 -0.564744
0.469911 0.484037 454.700000 -0.523781 -0.351834
0.469843 0.483968 454.800000 -0.569709 -0.586146
0.469783 0.483893 454.900000 -0.625420 -0.534123
0.469732 0.483841 455.000000 -0.686288 -0.701089
0.469691 0.483779 455.100000 -0.752917 -0.638762
0.469664 0.483782 455.200000 -0.833218 -0.997015
0.469653 0.483722 455.300000 -0.915726 -0.648362
0.469655 0.483667 455.400000 -0.981466 -0.680711
0.469664 0.483562 455.500000 -1.011273 0.112945
0.469671 0.483458 455.600000 -0.998375 0.136744
0.469669 0.483396 455.700000 -0.960807 0.631378
0.469657 0.483302 455.800000 -0.911641 0.329788
0.469639 0.483204 455.900000 -0.881179 0.268860
0.469614 0.483125 456.000000 -0.843109 0.497177
0.469577 0.483110 456.100000 -0.773478 0.911412
0.469523 0.483148 456.200000 -0.671100 1.145546
0.469456 0.483121 456.300000 -0.570614 0.847819
0.469377 0.483186 456.400000 -0.466695 1.250518
0.469285 0.483449 456.500000 -0.314051 1.835037
0.469185 0.483618 456.600000 -0.142797 1.583304
0.469082 0.483534 456.700000 -0.038717 0.445316
0.468980 0.483696 456.800000 0.058746 1.564822
0.468881 0.483673 456.900000 0.181991 0.872461
0.468787 0.483717 457.000000 0.282971 1.169163
0.468701 0.483714 457.100000 0.390084 0.971690
0.468627 0.483843 457.200000 0.510087 1.463242
0.468564 0.483749 457.300000 0.602253 0.333419
0.468504 0.483644 457.400000 0.624245 0.102021
0.468445 0.483539 457.500000 0.627401 -0.039578
0.468386 0.483435 457.600000 0.630651 0.119002
0.468329 0.483332 457.700000 0.644480 0.167029
0.468277 0.483251 457.800000 0.675145 0.469529
0.468229 0.483148 457.900000 0.707449 0.170010
0.468181 0.483046 458.000000 0.707759 -0.173952
0.468131 0.482947 458.100000 0.687245 -0.233280
0.468074 0.482887 458.200000 0.644065 -0.646420
0.468005 0.482960 458.300000 0.549317 -1.278795
0.467923 0.482962 458.400000 0.434990 -0.993979
0.467834 0.482915 458.500000 0.348128 -0.730264
0.467742 0.482819 458.600000 0.296287 -0.283413
0.467648 0.482718 458.700000 0.271213 -0.212887
0.467552 0.482675 458.800000 0.224225 -0.753740
0.467453 0.482571 458.900000 0.180816 -0.080736
0.467354 0.482476 459.000000 0.161657 -0.313315
0.467255 0.482375 459.100000 0.153936 0.185109
0.467156 0.482279 459.200000 0.149524 -0.296178
0.467056 0.482190 459.300000 0.115981 -0.379118
0.466955 0.482115 459.400000 0.071300 -0.522891
0.466853 0.482135 459.500000 -0.006811 -1.070181
0.466753 0.482205 459.600000 -0.122949 -1.268718
0.466657 0.482163 459.700000 -0.225550 -0.764689
0.466566 0.482121 459.800000 -0.301479 -0.759915
0.466479 0.482045 459.900000 -0.365436 -0.513268
0.466396 0.481975 460.000000 -0.418844 -0.563900
0.466322 0.482006 460.100000 -0.501157 -1.118720
0.466264 0.482148 460.200000 -0.630884 -1.507176
0.466231 0.482385 460.300000 -0.793492 -1.773216
0.466229 0.482496 460.400000 -0.952722 -1.409513
0.466269 0.483031 460.500000 -1.141008 -2.426694
0.466368 0.483339 460.600000 -1.359960 -1.951523
0.466526 0.483572 460.700000 -1.545022 -1.763696
0.466734 0.483598 460.800000 -1.688643 -1.098441
0.466975 0.483540 460.900000 -1.776651 -0.661381
0.467243 0.483490 461.000000 -1.843940 -0.708117
0.467544 0.483494 461.100000 -1.927570 -1.002120
0.467889 0.483505 461.200000 -2.028015 -1.032940
0.468267 0.483428 461.300000 -2.105216 -0.509252
0.468662 0.483327 461.400000 -2.140139 -0.196469
0.469053 0.483239 461.500000 -2.131003 0.387493
0.469421 0.483166 461.600000 -2.084016 0.541048
0.469760 0.483127 461.700000 -2.017671 0.780473
0.470050 0.483288 461.800000 -1.901672 1.564704
0.470283 0.483364 461.900000 -1.757495 1.293801
0.470473 0.483364 462.000000 -1.642418 0.980476
0.470632 0.483331 462.100000 -1.551710 0.813638
0.470770 0.483241 462.200000 -1.490905 0.367758
0.470910 0.483161 462.300000 -1.493556 -0.478278
0.471061 0.483065 462.400000 -1.531495 -0.287928
0.471231 0.483037 462.500000 -1.585610 -0.840277
0.471426 0.482968 462.600000 -1.655720 -0.567859
0.471642 0.482908 462.700000 -1.715033 -0.641851
0.471874 0.482810 462.800000 -1.758974 -0.236131
0.472103 0.482723 462.900000 -1.751560 0.399007
0.472314 0.482653 463.000000 -1.703049 0.564503
0.472494 0.482707 463.100000 -1.615214 1.212231
0.472626 0.482909 463.200000 -1.471134 1.684452
0.472711 0.483003 463.300000 -1.318087 1.353197
0.472754 0.483253 463.400000 -1.160649 1.813754
0.472763 0.483291 463.500000 -1.010799 1.146044
0.472747 0.483334 463.600000 -0.894880 1.169492
0.472712 0.483330 463.700000 -0.787453 0.965520
0.472662 0.483308 463.800000 -0.695207 0.871665
0.472602 0.483232 463.900000 -0.624846 0.514384
0.472537 0.483138 464.000000 -0.583041 0.307281
0.472471 0.483035 464.100000 -0.571721 -0.106897
0.472405 0.482932 464.200000 -0.579239 -0.046568
0.472344 0.482874 464.300000 -0.612590 -0.658710
0.472283 0.482821 464.400000 -0.614357 0.684467
0.472214 0.482747 464.500000 -0.553303 0.525718
0.472142 0.482643 464.600000 -0.524250 0.026285
0.472067 0.482563 464.700000 -0.500166 0.473862
0.471990 0.482459 464.800000 -0.473683 0.029929
0.471914 0.482376 464.900000 -0.492317 -0.431481
0.471846 0.482356 465.000000 -0.556658 -0.886491
0.471789 0.482334 465.100000 -0.643985 -0.869376
0.471742 0.482248 465.200000 -0.708472 -0.407045
0.471699 0.482150 465.300000 -0.739801 -0.218851
0.471655 0.482066 465.400000 -0.730727 0.425698
0.471605 0.481976 465.500000 -0.691116 0.357890
0.471550 0.481889 465.600000 -0.653582 0.389433
0.471486 0.481868 465.700000 -0.591159 0.880378
0.471410 0.481922 465.800000 -0.487508 1.208622
0.471326 0.481865 465.900000 -0.392826 0.657504
0.471237 0.481781 466.000000 -0.337755 0.431558
0.471146 0.481686 466.100000 -0.301631 0.281941
0.471055 0.481629 466.200000 -0.317713 -0.654400
0.470973 0.481713 466.300000 -0.414350 -1.319992
0.470900 0.481658 466.400000 -0.515059 -0.671114
0.470835 0.481590 466.500000 -0.577382 -0.579192
0.470775 0.481492 466.600000 -0.617262 -0.207689
0.470713 0.481424 466.700000 -0.600751 0.571678
0.470648 0.481322 466.800000 -0.576964 -0.136202
0.470586 0.481236 466.900000 -0.602678 -0.398358
0.470526 0.481134 467.000000 -0.620201 0.064111
0.470463 0.481069 467.100000 -0.588374 0.594470
0.470391 0.481042 467.200000 -0.517035 0.842631
0.470310 0.481002 467.300000 -0.436343 0.766457
0.470223 0.480972 467.400000 -0.356845 0.826325
0.470128 0.481184 467.500000 -0.232105 1.716083
0.470028 0.481421 467.600000 -0.057690 1.782423
0.469929 0.481667 467.700000 0.121282 1.807121
0.469837 0.481761 467.800000 0.280258 1.359571
0.469753 0.481724 467.900000 0.388430 0.783509
0.469677 0.481711 468.000000 0.472812 0.919275
0.469615 0.481934 468.100000 0.603440 1.746396
0.469577 0.482071 468.200000 0.765645 1.499954
0.469568 0.482263 468.300000 0.922544 1.662113
0.469593 0.482405 468.400000 1.080896 1.515159
0.469652 0.482494 468.500000 1.223210 1.340721
0.469742 0.482476 468.600000 1.335071 0.892183
0.469842 0.482380 468.700000 1.369153 -0.252758
0.469930 0.482309 468.800000 1.329368 -0.546012
0.470006 0.482216 468.900000 1.285876 -0.300478
0.470073 0.482130 469.000000 1.250654 -0.397809
0.470136 0.482034 469.100000 1.240847 0.245952
0.470208 0.481942 469.200000 1.268365 0.322134
0.470282 0.481841 469.300000 1.279104 -0.116031
0.470346 0.481778 469.400000 1.243324 -0.613584
0.470397 0.481694 469.500000 1.190817 -0.417001
0.470435 0.481634 469.600000 1.138423 -0.632510
0.470455 0.481607 469.700000 1.064931 -0.840206
0.470459 0.481550 469.800000 0.989390 -0.654618
0.470450 0.481499 469.900000 0.921583 -0.697334
0.470428 0.481425 470.000000 0.860190 -0.515399
0.470397 0.481361 470.100000 0.804324 -0.600506
0.470358 0.481267 470.200000 0.758832 -0.288018
0.470314 0.481179 470.300000 0.726098 -0.364620
0.470267 0.481077 470.400000 0.706747 0.002267
0.470219 0.480983 470.500000 0.693470 -0.275341
0.470166 0.480890 470.600000 0.664395 -0.302096
0.470109 0.480796 470.700000 0.635043 -0.278656
0.470049 0.480695 470.800000 0.617491 -0.055771
0.469987 0.480613 470.900000 0.593277 -0.442994
0.469922 0.480512 471.000000 0.572213 0.051327
0.469853 0.480465 471.100000 0.540383 -0.722668
0.469777 0.480413 471.200000 0.469807 -0.685280
0.469692 0.480469 471.300000 0.375821 -1.221575
0.469599 0.480513 471.400000 0.256204 -1.170757
0.469501 0.480729 471.500000 0.112774 -1.730937
0.469402 0.480824 471.600000 -0.042558 -1.364393
0.469306 0.480951 471.700000 -0.183641 -1.470454
0.469218 0.481075 471.800000 -0.329642 -1.458517
0.469142 0.481177 471.900000 -0.471653 -1.389020
0.469080 0.481193 472.000000 -0.594019 -1.052628
0.469034 0.481245 472.100000 -0.705951 -1.205531
0.469005 0.481251 472.200000 -0.816675 -1.012181
0.468991 0.481184 472.300000 -0.896627 -0.577466
0.468991 0.481173 472.400000 -0.970092 -0.921985
0.469012 0.481174 472.500000 -1.064688 -0.987955
0.469058 0.481224 472.600000 -1.172598 -1.197090
0.469126 0.481148 472.700000 -1.258140 -0.494829
0.469209 0.481091 472.800000 -1.314106 -0.647716
0.469302 0.480989 472.900000 -1.346486 0.018640
0.469390 0.480898 473.000000 -1.329654 0.320514
0.469463 0.480846 473.100000 -1.279692 0.686381
0.469523 0.480760 473.200000 -1.224865 0.385117
0.469570 0.480693 473.300000 -1.177036 0.571027
0.469614 0.480611 473.400000 -1.166652 -0.424518
0.469665 0.480510 473.500000 -1.192363 -0.085774
0.469720 0.480414 473.600000 -1.206909 -0.224839
0.469779 0.480314 473.700000 -1.224501 -0.135547
0.469840 0.480213 473.800000 -1.232681 -0.035763
0.469897 0.480128 473.900000 -1.215690 0.385225
0.469948 0.480027 474.000000 -1.192508 0.050671
0.469995 0.479933 474.100000 -1.176311 0.273339
0.470037 0.479833 474.200000 -1.156731 0.098738
0.470078 0.479732 474.300000 -1.153197 -0.046764
0.470119 0.479631 474.400000 -1.155665 -0.012570
0.470164 0.479537 474.500000 -1.168094 -0.260691
0.470210 0.479440 474.600000 -1.172079 0.191759
0.470248 0.479356 474.700000 -1.142586 0.398248
0.470275 0.479291 474.800000 -1.093474 0.584471
0.470289 0.479227 474.900000 -1.034230 0.592987
0.470288 0.479191 475.000000 -0.965379 0.787037
0.470272 0.479147 475.100000 -0.888912 0.733993
0.470240 0.479160 475.200000 -0.800844 1.038356
0.470193 0.479172 475.300000 -0.696833 1.039373
0.470128 0.479307 475.400000 -0.571195 1.495933
0.470047 0.479533 475.500000 -0.409012 1.763996
0.469955 0.479639 475.600000 -0.250045 1.401456
0.469857 0.479698 475.700000 -0.118027 1.235022
0.469758 0.479814 475.800000 0.014671 1.434758
0.469662 0.479791 475.900000 0.130523 0.859715
0.469567 0.479737 476.000000 0.207154 0.668678
0.469476 0.479643 476.100000 0.254334 0.258954
0.469388 0.479695 476.200000 0.324823 1.204505
0.469308 0.479638 476.300000 0.418452 0.648397
0.469234 0.479573 476.400000 0.479836 0.583450
0.469163 0.479475 476.500000 0.516422 0.132413
0.469092 0.479379 476.600000 0.513101 -0.211052
0.469022 0.479284 476.700000 0.513196 0.240739
0.468956 0.479228 476.800000 0.556222 0.647605
0.468898 0.479184 476.900000 0.624866 0.739061
0.468853 0.479178 477.000000 0.708120 0.947098
0.468819 0.479122 477.100000 0.788040 0.647616
0.468794 0.479026 477.200000 0.831905 0.218378
0.468765 0.478962 477.300000 0.814968 -0.590210
0.468731 0.478862 477.400000 0.785188 0.032427
0.468699 0.478765 477.500000 0.794710 0.173466
0.468673 0.478687 477.600000 0.825356 0.463574
0.468650 0.478587 477.700000 0.851203 0.041868
0.468631 0.478496 477.800000 0.867115 0.298615
0.468617 0.478410 477.900000 0.899131 0.354908
0.468606 0.478314 478.000000 0.907186 -0.212826
0.468596 0.478242 478.100000 0.919797 0.511087
0.468598 0.478193 478.200000 0.979421 0.703402
0.468623 0.478302 478.300000 1.082745 1.413987
0.468686 0.478552 478.400000 1.242942 1.830124
0.468802 0.478842 478.500000 1.429622 1.930842
0.468977 0.479103 478.600000 1.618089 1.859184
0.469207 0.479146 478.700000 1.770066 1.170041
0.469461 0.479048 478.800000 1.837876 0.156679
0.469702 0.479035 478.900000 1.801914 -0.913014
0.469915 0.478971 479.000000 1.725336 -0.588240
0.470117 0.478872 479.100000 1.696951 0.069317
0.470310 0.478817 479.200000 1.668444 -0.660536
0.470476 0.478789 479.300000 1.593734 -0.829339
0.470620 0.478727 479.400000 1.521273 -0.596036
0.470732 0.478837 479.500000 1.422088 -1.418899
0.470797 0.479173 479.600000 1.250179 -2.045498
0.470808 0.479750 479.700000 1.021743 -2.547943
0.470771 0.480320 479.800000 0.767624 -2.537041
0.470704 0.480625 479.900000 0.540995 -1.971448
0.470618 0.480951 480.000000 0.341615 -2.023881
0.470522 0.481096 480.100000 0.162793 -1.534018
0.470424 0.481516 480.200000 -0.023449 -2.234121
0.470333 0.482045 480.300000 -0.256969 -2.460155
0.470262 0.482640 480.400000 -0.508040 -2.583259
0.470223 0.483072 480.500000 -0.750222 -2.262156
0.470223 0.483448 480.600000 -0.969761 -2.141696
0.470266 0.483648 480.700000 -1.161930 -1.699374
0.470347 0.483717 480.800000 -1.310835 -1.277063
0.470465 0.483808 480.900000 -1.441371 -1.357728
0.470625 0.483892 481.000000 -1.574910 -1.333335
0.470825 0.483910 481.100000 -1.694451 -1.066204
0.471055 0.483840 481.200000 -1.775229 -0.544435
0.471301 0.483753 481.300000 -1.820108 -0.364291
0.471552 0.483654 481.400000 -1.832351 0.125078
0.471794 0.483566 481.500000 -1.808602 0.343744
0.472018 0.483503 481.600000 -1.761269 0.600128
0.472229 0.483403 481.700000 -1.726506 0.051829
0.472421 0.483423 481.800000 -1.672040 1.074309
0.472576 0.483448 481.900000 -1.562710 1.102713
0.472692 0.483569 482.000000 -1.435068 1.459067
0.472765 0.483704 482.100000 -1.286556 1.507012
0.472797 0.483964 482.200000 -1.118655 1.864922
0.472792 0.484115 482.300000 -0.946681 1.556981
0.472762 0.484149 482.400000 -0.810806 1.137144
0.472721 0.484056 482.500000 -0.738635 0.257876
0.472674 0.483979 482.600000 -0.701921 0.482173
0.472624 0.483881 482.700000 -0.682003 -0.119975
0.472569 0.483882 482.800000 -0.641146 0.987966
0.472497 0.484134 482.900000 -0.501660 1.845691
0.472411 0.484277 483.000000 -0.332123 1.533311
0.472316 0.484442 483.100000 -0.175793 1.601623
0.472219 0.484453 483.200000 -0.042698 1.037246
0.472122 0.484657 483.300000 0.092852 1.714438
0.472031 0.484880 483.400000 0.266276 1.766735
0.471952 0.484956 483.500000 0.420618 1.307932
0.471887 0.485100 483.600000 0.561683 1.536478
0.471845 0.485379 483.700000 0.732558 1.914622
0.471834 0.485578 483.800000 0.913141 1.703333
0.471847 0.485533 483.900000 1.036520 0.731168
0.471870 0.485434 484.000000 1.079201 0.103645
0.471895 0.485334 484.100000 1.087672 0.075638
0.471913 0.485282 484.200000 1.058910 -0.679349
0.471922 0.485186 484.300000 1.013306 -0.200500
0.471925 0.485096 484.400000 0.987362 -0.315347
0.471925 0.484996 484.500000 0.970649 0.006214
0.471924 0.484896 484.600000 0.968820 -0.035231
0.471918 0.484828 484.700000 0.940024 -0.558736
0.471904 0.484735 484.800000 0.897614 -0.267698
0.471885 0.484643 484.900000 0.870530 -0.266338
0.471865 0.484553 485.000000 0.870779 0.308906
0.471846 0.484471 485.100000 0.866526 -0.422112
0.471813 0.484489 485.200000 0.793343 -1.069168
0.471769 0.484410 485.300000 0.715651 -0.449759
0.471714 0.484409 485.400000 0.645374 -0.978835
0.471650 0.484364 485.500000 0.559242 -0.729370
0.471574 0.484465 485.600000 0.454684 -1.395075
0.471486 0.484611 485.700000 0.308090 -1.547630
0.471392 0.484759 485.800000 0.153474 -1.549874
0.471295 0.484866 485.900000 0.005084 -1.417595
0.471199 0.484882 486.000000 -0.119407 -1.060850
0.471108 0.484893 486.100000 -0.224012 -1.036771
0.471021 0.484870 486.200000 -0.319152 -0.864663
0.470941 0.484829 486.300000 -0.400111 -0.756574
0.470867 0.484771 486.400000 -0.469589 -0.634543
0.470801 0.484789 486.500000 -0.553219 -1.068959
0.470741 0.484700 486.600000 -0.593255 0.330749
0.470674 0.484652 486.700000 -0.542159 0.706780
0.470602 0.484562 486.800000 -0.490712 0.298995
0.470527 0.484475 486.900000 -0.458277 0.348992
0.470451 0.484379 487.000000 -0.449071 -0.196303
0.470379 0.484310 487.100000 -0.485096 -0.548244
0.470311 0.484227 487.200000 -0.532510 -0.399965
0.470247 0.484130 487.300000 -0.560209 -0.148213
0.470181 0.484050 487.400000 -0.547422 0.427907
0.470111 0.483973 487.500000 -0.502696 0.465355
0.470037 0.483876 487.600000 -0.471291 0.143214
0.469961 0.483790 487.700000 -0.446421 0.361719
0.469881 0.483734 487.800000 -0.396541 0.648416
0.469798 0.483637 487.900000 -0.354706 0.162150
0.469713 0.483542 488.000000 -0.336566 0.199926
0.469628 0.483445 488.100000 -0.332286 -0.134214
0.469545 0.483354 488.200000 -0.352621 -0.284424
0.469462 0.483256 488.300000 -0.364368 0.062738
0.469378 0.483189 488.400000 -0.334363 0.560230
0.469288 0.483210 488.500000 -0.253624 1.081586
0.469194 0.483292 488.600000 -0.133832 1.330510
0.469098 0.483451 488.700000 0.011133 1.588005
0.469004 0.483510 488.800000 0.153113 1.241851
0.468916 0.483561 488.900000 0.275448 1.211305
0.468836 0.483598 489.000000 0.393390 1.153632
0.468769 0.483790 489.100000 0.533457 1.685715
0.468723 0.483940 489.200000 0.695329 1.559286
0.468702 0.484121 489.300000 0.855124 1.656908
0.468717 0.484485 489.400000 1.042245 2.127565
0.468783 0.484888 489.500000 1.258147 2.216791
0.468913 0.485357 489.600000 1.485384 2.359706
0.469117 0.485767 489.700000 1.714039 2.234074
0.469401 0.486125 489.800000 1.930404 2.115887
0.469764 0.486315 489.900000 2.119908 1.681786
0.470183 0.486283 490.000000 2.245544 0.815402
0.470640 0.486263 490.100000 2.328775 0.879309
0.471138 0.486234 490.200000 2.412870 0.827814
0.471672 0.486179 490.300000 2.486274 0.659912
0.472249 0.486193 490.400000 2.569599 1.055742
0.472869 0.486128 490.500000 2.650860 0.575459
0.473493 0.486047 490.600000 2.659917 -0.417006
0.474093 0.485972 490.700000 2.613723 -0.486116
0.474652 0.485987 490.800000 2.536800 -1.058905
0.475153 0.486035 490.900000 2.423184 -1.201118
0.475572 0.486463 491.000000 2.251270 -2.275803
0.475888 0.486983 491.100000 2.014191 -2.465208
0.476108 0.487527 491.200000 1.764983 -2.514381
0.476238 0.488309 491.300000 1.493044 -2.942520
0.476292 0.488892 491.400000 1.215537 -2.589598
0.476287 0.489546 491.500000 0.950321 -2.723232
0.476237 0.490169 491.600000 0.680978 -2.665403
0.476160 0.490515 491.700000 0.441950 -2.092211
0.476071 0.490609 491.800000 0.266659 -1.382878
0.475976 0.490624 491.900000 0.143843 -1.061109
0.475879 0.490573 492.000000 0.055323 -0.694126
0.475783 0.490615 492.100000 -0.036973 -1.180498
0.475688 0.490551 492.200000 -0.126681 -0.589119
0.475594 0.490451 492.300000 -0.159898 -0.051273
0.475501 0.490366 492.400000 -0.179981 -0.368976
0.475409 0.490277 492.500000 -0.214918 -0.331536
0.475318 0.490180 492.600000 -0.239283 -0.150106
0.475228 0.490081 492.700000 -0.247740 -0.015117
0.475140 0.490046 492.800000 -0.286220 -0.798263
0.475058 0.490076 492.900000 -0.381453 -1.130961
0.474985 0.490058 493.000000 -0.482775 -0.892721
0.474923 0.490076 493.100000 -0.580400 -1.079100
0.474876 0.490123 493.200000 -0.693423 -1.199169
0.474851 0.490337 493.300000 -0.839231 -1.759752
0.474860 0.490597 493.400000 -1.020178 -1.883331
0.474910 0.490810 493.500000 -1.201432 -1.755117
0.475008 0.491088 493.600000 -1.384207 -1.930892
0.475152 0.491130 493.700000 -1.540594 -1.181399
0.475325 0.491068 493.800000 -1.630675 -0.611864
0.475530 0.491144 493.900000 -1.724121 -1.313512
0.475776 0.491147 494.000000 -1.839786 -1.007874
0.476067 0.491241 494.100000 -1.957184 -1.383563
0.476413 0.491310 494.200000 -2.089657 -1.287686
0.476806 0.491304 494.300000 -2.201616 -0.962032
0.477230 0.491216 494.400000 -2.266981 -0.339585
0.477669 0.491131 494.500000 -2.301275 -0.372489
0.478124 0.491045 494.600000 -2.336856 -0.363632
0.478587 0.490946 494.700000 -2.352676 0.043357
0.479036 0.490874 494.800000 -2.324696 0.517922
0.479462 0.490795 494.900000 -2.274887 0.454406
0.479876 0.490696 495.000000 -2.248732 0.025776
0.480293 0.490601 495.100000 -2.255641 -0.198094
0.480730 0.490559 495.200000 -2.300513 -0.752105
0.481211 0.490597 495.300000 -2.393933 -1.164982
0.481733 0.490520 495.400000 -2.475595 -0.461305
0.482274 0.490435 495.500000 -2.516004 -0.369216
0.482835 0.490353 495.600000 -2.554004 -0.420581
0.483422 0.490300 495.700000 -2.606612 -0.672610
0.484038 0.490217 495.800000 -2.659412 -0.398567
0.484668 0.490121 495.900000 -2.685863 -0.145832
0.485285 0.490058 496.000000 -2.663607 0.602721
0.485871 0.489990 496.100000 -2.604611 0.551018
0.486424 0.489938 496.200000 -2.542369 0.677317
0.486939 0.489907 496.300000 -2.466686 0.822104
0.487406 0.489937 496.400000 -2.368793 1.131716
0.487817 0.489995 496.500000 -2.249252 1.247460
0.488180 0.489976 496.600000 -2.140770 0.887289
0.488497 0.490050 496.700000 -2.031120 1.311284
0.488765 0.490087 496.800000 -1.906636 1.156861
0.488999 0.490019 496.900000 -1.818871 0.553731
0.489219 0.489926 497.000000 -1.777464 0.242754
0.489432 0.489828 497.100000 -1.760272 0.075807
0.489637 0.489744 497.200000 -1.737671 0.374733
0.489824 0.489689 497.300000 -1.686025 0.657682
0.489993 0.489607 497.400000 -1.631459 0.407052
0.490136 0.489678 497.500000 -1.547797 1.298958
0.490238 0.489771 497.600000 -1.413647 1.379640
0.490302 0.489894 497.700000 -1.270318 1.485658
0.490340 0.489827 497.800000 -1.165690 0.552915
0.490368 0.489733 497.900000 -1.125515 0.224571
0.490392 0.489641 498.000000 -1.101316 0.250698
0.490401 0.489656 498.100000 -1.037339 1.061849
0.490384 0.489840 498.200000 -0.901781 1.676892
0.490343 0.489910 498.300000 -0.752103 1.296460
0.490286 0.489889 498.400000 -0.642289 0.877037
0.490218 0.489882 498.500000 -0.550948 0.951912
0.490139 0.489940 498.600000 -0.441610 1.250056
0.490052 0.489946 498.700000 -0.327757 1.016894
0.489958 0.489956 498.800000 -0.225000 1.041613
0.489862 0.489987 498.900000 -0.116585 1.134832
0.489763 0.490175 499.000000 0.022881 1.688427
0.489669 0.490351 499.100000 0.189676 1.654822
0.489582 0.490369 499.200000 0.327346 1.078879
0.489504 0.490469 499.300000 0.450260 1.405543
0.489437 0.490419 499.400000 0.556599 0.695780
0.489374 0.490321 499.500000 0.591018 -0.036729
0.489312 0.490229 499.600000 0.600647 0.250120
0.489253 0.490138 499.700000 0.625772 0.260246
0.489203 0.490148 499.800000 0.688431 1.041689
0.489168 0.490157 499.900000 0.791711 1.035979
0.489154 0.490303 500.000000 0.919539 1.561599
0.489168 0.490328 500.100000 1.053258 1.106240
0.489208 0.490416 500.200000 1.175338 1.365353
0.489276 0.490393 500.300000 1.287452 0.869770
0.489372 0.490457 500.400000 1.392510 1.269914
0.489506 0.490545 500.500000 1.522941 1.364272
0.489680 0.490589 500.600000 1.650130 1.192892
0.489881 0.490509 500.700000 1.732035 0.427735
0.490101 0.490451 500.800000 1.783428 0.630341
0.490343 0.490389 500.900000 1.844214 0.605222
0.490606 0.490326 501.000000 1.902730 0.585685
0.490891 0.490259 501.100000 1.958877 0.557907
0.491202 0.490228 501.200000 2.025818 0.817093
0.491537 0.490141 501.300000 2.083530 0.336388
0.491887 0.490058 501.400000 2.118089 0.379675
0.492243 0.489960 501.500000 2.136154 -0.016013
0.492600 0.489863 501.600000 2.135474 0.025904
0.492946 0.489790 501.700000 2.111886 -0.504067
0.493264 0.489767 501.800000 2.043422 -0.865793
0.493543 0.489785 501.900000 1.946129 -1.075203
0.493773 0.489921 502.000000 1.816238 -1.532907
0.493954 0.489984 502.100000 1.675019 -1.267421
0.494091 0.490114 502.200000 1.536195 -1.511823
0.494185 0.490207 502.300000 1.390656 -1.384887
0.494248 0.490189 502.400000 1.275029 -0.895255
0.494283 0.490319 502.500000 1.155909 -1.511545
0.494275 0.490852 502.600000 0.956943 -2.517104
0.494227 0.491324 502.700000 0.711274 -2.393439
0.494152 0.491737 502.800000 0.478144 -2.268056
0.494061 0.491942 502.900000 0.276483 -1.744774
0.493964 0.492131 503.000000 0.104569 -1.697438
0.493867 0.492422 503.100000 -0.078030 -1.977135
0.493776 0.492655 503.200000 -0.268018 -1.825849
0.493700 0.493119 503.300000 -0.476183 -2.378846
0.493651 0.493486 503.400000 -0.703003 -2.163512
0.493636 0.493832 503.500000 -0.916070 -2.113625
0.493663 0.494119 503.600000 -1.119634 -1.970387
0.493735 0.494360 503.700000 -1.309824 -1.848579
0.493848 0.494387 503.800000 -1.459268 -1.125051
0.493987 0.494322 503.900000 -1.544458 -0.570049
0.494132 0.494227 504.000000 -1.564354 0.193896
0.494259 0.494230 504.100000 -1.505652 1.008385
0.494358 0.494205 504.200000 -1.411591 0.855008
0.494433 0.494191 504.300000 -1.322342 0.923985
0.494477 0.494358 504.400000 -1.195809 1.635782
0.494483 0.494582 504.500000 -1.024278 1.800138
0.494461 0.494626 504.600000 -0.872664 1.199785
0.494421 0.494616 504.700000 -0.764822 0.941032
0.494365 0.494678 504.800000 -0.654976 1.270529
0.494296 0.494706 504.900000 -0.534594 1.129831
0.494217 0.494665 505.000000 -0.439158 0.760026
0.494129 0.494837 505.100000 -0.320959 1.650433
0.494034 0.495010 505.200000 -0.155944 1.655616
0.493936 0.495055 505.300000 -0.012346 1.199488
0.493839 0.495067 505.400000 0.100382 1.053586
0.493746 0.495160 505.500000 0.221398 1.391049
0.493662 0.495288 505.600000 0.365642 1.509598
0.493594 0.495663 505.700000 0.548184 2.188593
0.493553 0.495927 505.800000 0.753136 1.912925
0.493545 0.496261 505.900000 0.952022 2.091805
0.493575 0.496415 506.000000 1.136794 1.598200
0.493638 0.496460 506.100000 1.276903 1.202951
0.493735 0.496529 506.200000 1.400836 1.299914
0.493864 0.496528 506.300000 1.515071 0.989295
0.494018 0.496468 506.400000 1.595580 0.621903
0.494189 0.496397 506.500000 1.652088 0.522225
0.494379 0.496329 506.600000 1.704688 0.550539
0.494575 0.496233 506.700000 1.726119 -0.138229
0.494755 0.496210 506.800000 1.676702 -0.872203
0.494907 0.496181 506.900000 1.590532 -0.837181
0.495027 0.496247 507.000000 1.484794 -1.289905
0.495123 0.496157 507.100000 1.403229 -0.280177
0.495201 0.496184 507.200000 1.334532 -1.125711
0.495250 0.496225 507.300000 1.218687 -1.187002
0.495277 0.496168 507.400000 1.125488 -0.642381
0.495292 0.496093 507.500000 1.068759 -0.475540
0.495303 0.495997 507.600000 1.049752 0.135767
0.495321 0.495931 507.700000 1.083298 0.569183
0.495349 0.495849 507.800000 1.131635 0.402601
0.495386 0.495761 507.900000 1.166887 0.311063
0.495426 0.495664 508.000000 1.180281 -0.048811
0.495465 0.495566 508.100000 1.178317 0.024947
0.495504 0.495469 508.200000 1.180437 0.029627
0.495539 0.495392 508.300000 1.159921 -0.453423
0.495564 0.495313 508.400000 1.114803 -0.438964
0.495573 0.495321 508.500000 1.042249 -1.034629
0.495559 0.495432 508.600000 0.918596 -1.455592
0.495518 0.495622 508.700000 0.760983 -1.708456
0.495456 0.495772 508.800000 0.595852 -1.589278
0.495376 0.496043 508.900000 0.420679 -1.934765
0.495284 0.496179 509.000000 0.246122 -1.541660
0.495188 0.496450 509.100000 0.073455 -1.938217
0.495091 0.496530 509.200000 -0.091828 -1.345714
0.494998 0.496481 509.300000 -0.195577 -0.703470
0.494907 0.496410 509.400000 -0.256760 -0.515983
0.494819 0.496327 509.500000 -0.301488 -0.376508
0.494731 0.496237 509.600000 -0.308184 0.271692
0.494642 0.496155 509.700000 -0.274876 0.399543
0.494551 0.496058 509.800000 -0.256309 -0.052632
0.494461 0.495962 509.900000 -0.264295 -0.113120
0.494371 0.495865 510.000000 -0.271130 -0.022023
0.494284 0.495829 510.100000 -0.309610 -0.790864
0.494200 0.495737 510.200000 -0.361913 -0.233098
0.494117 0.495648 510.300000 -0.387289 -0.281840
0.494038 0.495574 510.400000 -0.425318 -0.495327
0.493961 0.495479 510.500000 -0.444757 0.132732
0.493881 0.495404 510.600000 -0.415227 0.471969
0.493800 0.495314 510.700000 -0.402733 -0.262406
0.493723 0.495264 510.800000 -0.449088 -0.692753
0.493653 0.495205 510.900000 -0.514745 -0.624958
0.493586 0.495110 511.000000 -0.553154 -0.125360
0.493521 0.495019 511.100000 -0.571287 -0.250048
0.493461 0.494938 511.200000 -0.603283 -0.405049
0.493400 0.494852 511.300000 -0.608841 0.324099
0.493334 0.494807 511.400000 -0.557052 0.728573
0.493259 0.494811 511.500000 -0.470407 1.017819
0.493176 0.494848 511.600000 -0.361554 1.167794
0.493085 0.494897 511.700000 -0.242306 1.222580
0.492989 0.495199 511.800000 -0.082535 2.018741
0.492894 0.495332 511.900000 0.095901 1.534295
0.492803 0.495376 512.000000 0.233123 1.201672
0.492720 0.495537 512.100000 0.372832 1.623346
0.492650 0.495562 512.200000 0.510704 1.119878
0.492588 0.495484 512.300000 0.589518 0.431163
0.492528 0.495387 512.400000 0.611983 0.003808
0.492465 0.495334 512.500000 0.580213 -0.668459
0.492396 0.495246 512.600000 0.530629 -0.301633
0.492321 0.495277 512.700000 0.460487 -1.141709
0.492236 0.495352 512.800000 0.337593 -1.327341
0.492143 0.495536 512.900000 0.187506 -1.697491
0.492048 0.495530 513.000000 0.052902 -0.962974
0.491952 0.495638 513.100000 -0.066129 -1.447704
0.491859 0.495568 513.200000 -0.166717 -0.523699
0.491768 0.495490 513.300000 -0.214915 -0.440298
0.491678 0.495395 513.400000 -0.243452 -0.117946
0.491587 0.495310 513.500000 -0.232922 0.350116
0.491495 0.495229 513.600000 -0.195879 0.392505
0.491403 0.495136 513.700000 -0.183884 -0.182785
0.491311 0.495040 513.800000 -0.194375 -0.021335
0.491219 0.494944 513.900000 -0.198974 -0.075550
0.491130 0.495000 514.000000 -0.262093 -1.251086
0.491049 0.495035 514.100000 -0.382527 -1.162136
0.490977 0.495049 514.200000 -0.493639 -1.064922
0.490916 0.495034 514.300000 -0.592474 -0.914387
0.490867 0.495059 514.400000 -0.692940 -1.116314
0.490835 0.495082 514.500000 -0.803532 -1.107880
0.490824 0.495204 514.600000 -0.932125 -1.498400
0.490847 0.495490 514.700000 -1.104128 -1.984443
0.490918 0.495834 514.800000 -1.308406 -2.130285
0.491051 0.496325 514.900000 -1.535774 -2.458654
0.491260 0.496705 515.000000 -1.768695 -2.215252
0.491552 0.497175 515.100000 -1.998290 -2.416590
0.491937 0.497516 515.200000 -2.224391 -2.122667
0.492395 0.497554 515.300000 -2.390144 -1.175971
0.492901 0.497525 515.400000 -2.490101 -0.835344
0.493423 0.497433 515.500000 -2.522281 0.217877
0.493925 0.497365 515.600000 -2.484002 0.540629
0.494411 0.497270 515.700000 -2.449453 0.105445
0.494888 0.497179 515.800000 -2.431029 0.246527
0.495350 0.497096 515.900000 -2.399049 0.376923
0.495802 0.497000 516.000000 -2.378379 -0.005664
0.496245 0.496917 516.100000 -2.359898 0.371304
0.496670 0.496840 516.200000 -2.318453 0.439547
0.497083 0.496743 516.300000 -2.294188 0.001848
0.497478 0.496715 516.400000 -2.253456 0.833628
0.497813 0.497040 516.500000 -2.109758 2.088212
0.498069 0.497306 516.600000 -1.907752 1.933681
0.498260 0.497486 516.700000 -1.725475 1.690148
0.498392 0.497826 516.800000 -1.535488 2.124066
0.498472 0.497952 516.900000 -1.351781 1.513764
0.498505 0.498440 517.000000 -1.155364 2.458770
0.498490 0.498831 517.100000 -0.919704 2.244550
0.498439 0.499355 517.200000 -0.681705 2.533231
0.498359 0.500083 517.300000 -0.410308 2.921670
0.498264 0.500682 517.400000 -0.129990 2.683417
0.498171 0.501579 517.500000 0.162545 3.207705
0.498095 0.502202 517.600000 0.459738 2.729493
0.498049 0.502711 517.700000 0.721104 2.504968
0.498035 0.502846 517.800000 0.925467 1.552567
0.498053 0.503036 517.900000 1.087903 1.722517
0.498107 0.503144 518.000000 1.246688 1.459291
0.498195 0.503190 518.100000 1.380081 1.215907
0.498307 0.503126 518.200000 1.470785 0.585171
0.498428 0.503029 518.300000 1.499432 -0.026651
0.498539 0.502972 518.400000 1.466588 -0.648082
0.498631 0.502931 518.500000 1.396015 -0.757902
0.498703 0.502887 518.600000 1.320364 -0.744440
0.498754 0.502882 518.700000 1.234442 -0.976948
0.498775 0.503054 518.800000 1.103575 -1.669653
0.498764 0.503196 518.900000 0.940917 -1.576331
0.498727 0.503372 519.000000 0.778134 -1.683887
0.498661 0.503956 519.100000 0.563638 -2.658395
0.498575 0.504305 519.200000 0.322222 -2.151619
0.498480 0.504656 519.300000 0.107154 -2.158192
0.498385 0.504872 519.400000 -0.091308 -1.802611
0.498295 0.504967 519.500000 -0.252704 -1.415330
0.498214 0.505021 519.600000 -0.385993 -1.251828
0.498144 0.505145 519.700000 -0.523231 -1.517354
0.498091 0.505201 519.800000 -0.662098 -1.259625
0.498054 0.505259 519.900000 -0.787899 -1.270215
0.498035 0.505215 520.000000 -0.889413 -0.747102
0.498033 0.505284 520.100000 -0.990372 -1.314780
0.498056 0.505294 520.200000 -1.108791 -1.056839
0.498100 0.505286 520.300000 -1.209232 -0.963744
0.498164 0.505226 520.400000 -1.288504 -0.620800
0.498235 0.505131 520.500000 -1.315002 0.113328
0.498298 0.505056 520.600000 -1.285307 0.487715
0.498332 0.505362 520.700000 -1.162103 2.048223
0.498324 0.505670 520.800000 -0.956953 2.054250
0.498278 0.506295 520.900000 -0.719033 2.741556
0.498202 0.506770 521.000000 -0.459420 2.442201
0.498112 0.507026 521.100000 -0.240417 1.918558
0.498017 0.507162 521.200000 -0.065803 1.562669
0.497922 0.507182 521.300000 0.068311 1.102995
0.497830 0.507230 521.400000 0.184365 1.231314
0.497744 0.507288 521.500000 0.308951 1.270813
0.497667 0.507368 521.600000 0.439893 1.362636
0.497605 0.507540 521.700000 0.590413 1.675818
0.497557 0.507468 521.800000 0.702347 0.516588
0.497513 0.507372 521.900000 0.731845 0.059030
0.497469 0.507274 522.000000 0.733275 -0.027348
0.497422 0.507200 522.100000 0.708612 -0.482703
0.497372 0.507103 522.200000 0.685729 0.058052
0.497325 0.507027 522.300000 0.710776 0.471836
0.497282 0.506932 522.400000 0.741851 0.141889
0.497244 0.506858 522.500000 0.772262 0.492982
0.497213 0.506783 522.600000 0.820108 0.473199
0.497198 0.506903 522.700000 0.915829 1.506303
0.497216 0.507170 522.800000 1.086666 1.950916
0.497271 0.507248 522.900000 1.252498 1.355514
0.497354 0.507229 523.000000 1.365644 0.903280
0.497458 0.507172 523.100000 1.442820 0.645041
0.497579 0.507104 523.200000 1.501765 0.546505
0.497705 0.507009 523.300000 1.523198 -0.135871
0.497831 0.506913 523.400000 1.520772 0.115092
0.497951 0.506841 523.500000 1.502102 -0.505340
0.498055 0.506785 523.600000 1.443900 -0.654167
0.498133 0.506858 523.700000 1.345636 -1.336011
0.498178 0.506947 523.800000 1.209026 -1.392745
0.498187 0.507171 523.900000 1.048657 -1.833057
0.498158 0.507720 524.000000 0.828824 -2.603297
0.498092 0.508489 524.100000 0.549372 -3.012707
0.498003 0.509257 524.200000 0.248663 -3.011794
0.497908 0.510009 524.300000 -0.050508 -2.983493
0.497822 0.510363 524.400000 -0.309723 -2.174425
0.497754 0.510740 524.500000 -0.529177 -2.232249
0.497711 0.510992 524.600000 -0.736527 -1.915097
0.497695 0.511130 524.700000 -0.910878 -1.571265
0.497705 0.511163 524.800000 -1.048099 -1.169390
0.497745 0.511350 524.900000 -1.190718 -1.729075
0.497822 0.511421 525.000000 -1.343671 -1.330004
0.497942 0.511664 525.100000 -1.502132 -1.889059
0.498111 0.511750 525.200000 -1.666145 -1.389898
0.498320 0.511745 525.300000 -1.784735 -0.984550
0.498547 0.511648 525.400000 -1.838807 -0.071888
0.498777 0.511554 525.500000 -1.849588 -0.167535
0.499003 0.511478 525.600000 -1.835047 0.472672
0.499195 0.511588 525.700000 -1.739390 1.477505
0.499338 0.511773 525.800000 -1.579532 1.722945
0.499431 0.511966 525.900000 -1.405730 1.747683
0.499481 0.512111 526.000000 -1.237796 1.598262
0.499503 0.512105 526.100000 -1.107046 0.980243
0.499503 0.512131 526.200000 -1.001160 1.139970
0.499484 0.512142 526.300000 -0.890537 1.064503
0.499447 0.512144 526.400000 -0.785792 1.025028
0.499399 0.512101 526.500000 -0.696115 0.751670
0.499339 0.512102 526.600000 -0.608051 1.020762
0.499270 0.512056 526.700000 -0.519604 0.732281
0.499195 0.511972 526.800000 -0.463701 0.365122
0.499116 0.511932 526.900000 -0.407457 0.778802
0.499031 0.511944 527.000000 -0.315533 1.075309
0.498942 0.511851 527.100000 -0.249227 0.207663
0.498853 0.511755 527.200000 -0.233492 0.099969
0.498764 0.511665 527.300000 -0.241116 -0.273935
0.498676 0.511584 527.400000 -0.274745 -0.409651
0.498592 0.511518 527.500000 -0.322811 -0.564738
0.498510 0.511424 527.600000 -0.361468 -0.195150
0.498429 0.511338 527.700000 -0.387727 -0.342428
0.498351 0.511243 527.800000 -0.411245 -0.122002
0.498273 0.511149 527.900000 -0.409074 0.176361
0.498192 0.511063 528.000000 -0.384000 0.330053
0.498111 0.510967 528.100000 -0.371952 -0.114598
0.498029 0.510876 528.200000 -0.366526 0.237326
0.497946 0.510795 528.300000 -0.334449 0.410929
0.497859 0.510733 528.400000 -0.284086 0.605376
0.497770 0.510668 528.500000 -0.224942 0.576318
0.497678 0.510637 528.600000 -0.155072 0.835513
0.497584 0.510718 528.700000 -0.046335 1.370227
0.497490 0.510679 528.800000 0.062199 0.775910
0.497397 0.510582 528.900000 0.101622 -0.024897
0.497305 0.510510 529.000000 0.124154 0.504289
0.497214 0.510446 529.100000 0.178513 0.591361
0.497126 0.510425 529.200000 0.251590 0.890838
0.497042 0.510364 529.300000 0.327182 0.613628
0.496964 0.510358 529.400000 0.405416 0.976649
0.496894 0.510381 529.500000 0.509635 1.124712
0.496835 0.510354 529.600000 0.609075 0.861255
0.496787 0.510335 529.700000 0.696654 0.903138
0.496753 0.510331 529.800000 0.790476 0.989580
0.496736 0.510403 529.900000 0.905212 1.336502
0.496741 0.510391 530.000000 1.019339 0.941328
0.496762 0.510348 530.100000 1.103930 0.755892
0.496793 0.510255 530.200000 1.151981 0.190366
0.496826 0.510160 530.300000 1.156021 -0.113010
0.496853 0.510075 530.400000 1.133405 -0.340296
0.496874 0.509985 530.500000 1.103181 -0.249888
0.496885 0.509938 530.600000 1.055383 -0.721159
0.496883 0.509893 530.700000 0.982246 -0.735588
0.496869 0.509812 530.800000 0.924167 -0.402504
0.496845 0.509800 530.900000 0.857927 -0.943658
0.496807 0.509773 531.000000 0.767360 -0.859655
0.496758 0.509719 531.100000 0.690273 -0.668890
0.496703 0.509634 531.200000 0.639015 -0.335335
0.496643 0.509571 531.300000 0.593364 -0.586257
0.496578 0.509480 531.400000 0.550727 -0.245708
0.496510 0.509400 531.500000 0.518095 -0.411459
0.496438 0.509318 531.600000 0.478447 -0.376633
0.496364 0.509223 531.700000 0.453888 -0.097046
0.496293 0.509192 531.800000 0.487937 0.830896
0.496230 0.509153 531.900000 0.567875 0.774130
0.496177 0.509155 532.000000 0.656392 1.018848
0.496134 0.509073 532.100000 0.727753 0.387046
0.496094 0.508979 532.200000 0.754448 0.143331
0.496054 0.508886 532.300000 0.754730 -0.144526
0.496013 0.508790 532.400000 0.744246 -0.053585
0.495969 0.508713 532.500000 0.720131 -0.442003
0.495920 0.508622 532.600000 0.686191 -0.220253
0.495869 0.508527 532.700000 0.671407 -0.061355
0.495815 0.508458 532.800000 0.642735 -0.530376
0.495757 0.508364 532.900000 0.609543 -0.107575
0.495697 0.508270 533.000000 0.598419 -0.109488
0.495637 0.508174 533.100000 0.592645 0.005478
0.495581 0.508127 533.200000 0.626412 0.713058
0.495536 0.508145 533.300000 0.715558 1.100253
0.495510 0.508271 533.400000 0.845580 1.536068
0.495511 0.508397 533.500000 0.998386 1.536633
0.495537 0.508405 533.600000 1.128152 1.051210
0.495589 0.508463 533.700000 1.243133 1.277098
0.495669 0.508461 533.800000 1.356860 1.002132
0.495758 0.508373 533.900000 1.395536 -0.277096
0.495839 0.508295 534.000000 1.360479 -0.419022
0.495905 0.508247 534.100000 1.304281 -0.708789
0.495953 0.508213 534.200000 1.227979 -0.813444
0.495981 0.508234 534.300000 1.132050 -1.112897
0.495990 0.508172 534.400000 1.045086 -0.593582
0.495991 0.508083 534.500000 1.001739 -0.247850
0.495987 0.507994 534.600000 0.975995 -0.258886
0.495976 0.507938 534.700000 0.931159 -0.650026
0.495953 0.507879 534.800000 0.867326 -0.619117
0.495922 0.507802 534.900000 0.813817 -0.436015
0.495885 0.507731 535.000000 0.766715 -0.503733
0.495841 0.507644 535.100000 0.726278 -0.288676
0.495791 0.507615 535.200000 0.670912 -0.842037
0.495732 0.507555 535.300000 0.597808 -0.605290
0.495664 0.507566 535.400000 0.515314 -1.066050
0.495586 0.507603 535.500000 0.403015 -1.186737
0.495503 0.507549 535.600000 0.309343 -0.661260
0.495416 0.507473 535.700000 0.253355 -0.447644
0.495328 0.507395 535.800000 0.209691 -0.424243
0.495238 0.507304 535.900000 0.177368 -0.211126
0.495148 0.507229 536.000000 0.144893 -0.450306
0.495056 0.507180 536.100000 0.087888 -0.704064
0.494964 0.507223 536.200000 -0.006611 -1.215674
0.494874 0.507326 536.300000 -0.139127 -1.453636
0.494789 0.507483 536.400000 -0.293015 -1.643138
0.494717 0.507680 536.500000 -0.462671 -1.768144
0.494662 0.507848 536.600000 -0.634634 -1.680438
0.494630 0.508013 536.700000 -0.801324 -1.667875
0.494615 0.507939 536.800000 -0.910880 -0.477382
0.494608 0.507862 536.900000 -0.956135 -0.437231
0.494609 0.507780 537.000000 -0.995820 -0.364501
0.494614 0.507689 537.100000 -1.022997 -0.181282
0.494629 0.507665 537.200000 -1.073193 -0.870063
0.494656 0.507576 537.300000 -1.130206 -0.253033
0.494677 0.507543 537.400000 -1.104470 0.811124
0.494680 0.507550 537.500000 -1.012047 1.042740
0.494663 0.507620 537.600000 -0.893935 1.330001
0.494623 0.507750 537.700000 -0.750164 1.555338
0.494568 0.507728 537.800000 -0.626767 0.877619
0.494504 0.507677 537.900000 -0.547962 0.686780
0.494435 0.507587 538.000000 -0.501671 0.212191
0.494365 0.507493 538.100000 -0.488255 0.043341
0.494293 0.507423 538.200000 -0.461164 0.518852
0.494218 0.507333 538.300000 -0.424525 0.195002
0.494141 0.507262 538.400000 -0.390243 0.503664
0.494060 0.507176 538.500000 -0.349492 0.299364
0.493978 0.507094 538.600000 -0.316942 0.352504
0.493892 0.507063 538.700000 -0.259026 0.829615
0.493803 0.507102 538.800000 -0.158714 1.197779
0.493712 0.507177 538.900000 -0.031973 1.349758
0.493621 0.507158 539.000000 0.081252 0.897739
0.493531 0.507075 539.100000 0.144339 0.340192
0.493442 0.506981 539.200000 0.160723 -0.028684
0.493353 0.506888 539.300000 0.164864 0.120820
0.493263 0.506861 539.400000 0.130784 -0.851308
0.493172 0.506859 539.500000 0.039137 -0.992206
0.493081 0.506795 539.600000 -0.040031 -0.573983
0.492990 0.506721 539.700000 -0.091701 -0.456653
0.492900 0.506647 539.800000 -0.137519 -0.463386
0.492812 0.506582 539.900000 -0.188225 -0.559620
0.492726 0.506506 540.000000 -0.238206 -0.438440
0.492642 0.506421 540.100000 -0.275454 -0.304156
0.492560 0.506334 540.200000 -0.304640 -0.282781
0.492476 0.506288 540.300000 -0.285487 0.713742
0.492391 0.506194 540.400000 -0.247559 0.008610
0.492304 0.506120 540.500000 -0.224949 0.465187
0.492215 0.506096 540.600000 -0.159359 0.868015
0.492125 0.506043 540.700000 -0.082568 0.659835
0.492034 0.505953 540.800000 -0.057228 -0.195396
0.491944 0.505863 540.900000 -0.058256 0.193708
0.491853 0.505782 541.000000 -0.030624 0.368562
0.491762 0.505696 541.100000 0.001859 0.277961
0.491671 0.505604 541.200000 0.023194 0.143128
0.491581 0.505511 541.300000 0.031046 0.007770
0.491490 0.505441 541.400000 0.007734 -0.500396
0.491399 0.505355 541.500000 -0.032543 -0.296993
0.491309 0.505271 541.600000 -0.062593 -0.306397
0.491218 0.505189 541.700000 -0.062159 0.347251
0.491128 0.505096 541.800000 -0.044051 -0.002281
0.491038 0.505034 541.900000 -0.071821 -0.584201
0.490949 0.504994 542.000000 -0.138469 -0.761902
0.490863 0.504973 542.100000 -0.220127 -0.883037
0.490782 0.505017 542.200000 -0.324068 -1.220390
0.490707 0.504942 542.300000 -0.408610 -0.438994
0.490635 0.504854 542.400000 -0.442832 -0.241439
0.490562 0.504775 542.500000 -0.436842 0.388714
0.490486 0.504704 542.600000 -0.393182 0.487344
0.490407 0.504611 542.700000 -0.363994 0.073255
0.490327 0.504551 542.800000 -0.331929 0.592111
0.490246 0.504466 542.900000 -0.315161 -0.304133
0.490168 0.504403 543.000000 -0.357568 -0.562349
0.490095 0.504392 543.100000 -0.431606 -0.945088
0.490029 0.504344 543.200000 -0.513853 -0.696036
0.489970 0.504310 543.300000 -0.588088 -0.803105
0.489921 0.504275 543.400000 -0.667190 -0.788265
0.489884 0.504297 543.500000 -0.761223 -1.120703
0.489864 0.504308 543.600000 -0.869849 -1.062261
0.489856 0.504234 543.700000 -0.946521 -0.453410
0.489860 0.504219 543.800000 -1.013172 -0.915798
0.489877 0.504135 543.900000 -1.074957 -0.302582
0.489896 0.504042 544.000000 -1.093642 -0.071296
0.489910 0.503999 544.100000 -1.062096 0.733266
0.489908 0.503980 544.200000 -0.980909 0.892066
0.489887 0.504099 544.300000 -0.861758 1.518814
0.489840 0.504355 544.400000 -0.689507 1.948183
0.489775 0.504454 544.500000 -0.518701 1.444808
0.489697 0.504600 544.600000 -0.366337 1.613777
0.489610 0.504975 544.700000 -0.174759 2.256444
0.489521 0.505387 544.800000 0.054594 2.345435
0.489439 0.505784 544.900000 0.286850 2.310744
0.489371 0.505969 545.000000 0.490063 1.738421
0.489321 0.506161 545.100000 0.664392 1.763530
0.489294 0.506265 545.200000 0.825803 1.464901
0.489290 0.506347 545.300000 0.967557 1.381772
0.489312 0.506425 545.400000 1.104056 1.364233
0.489361 0.506451 545.500000 1.228776 1.136395
0.489430 0.506392 545.600000 1.316483 0.608201
0.489515 0.506338 545.700000 1.378666 0.654250
0.489613 0.506263 545.800000 1.432820 0.434497
0.489724 0.506198 545.900000 1.481265 0.557505
0.489843 0.506106 546.000000 1.509355 -0.007723
0.489959 0.506018 546.100000 1.497656 -0.222505
0.490056 0.506058 546.200000 1.428120 -1.206176
0.490125 0.506052 546.300000 1.318082 -0.974463
0.490173 0.506032 546.400000 1.224181 -0.891104
0.490197 0.506081 546.500000 1.118133 -1.240710
0.490197 0.506152 546.600000 0.989179 -1.338882
0.490173 0.506277 546.700000 0.845447 -1.543701
0.490128 0.506336 546.800000 0.703190 -1.287632
0.490072 0.506277 546.900000 0.606710 -0.605831
0.490009 0.506250 547.000000 0.534720 -0.843600
0.489940 0.506165 547.100000 0.476824 -0.283956
0.489869 0.506085 547.200000 0.443703 -0.380252
0.489794 0.506013 547.300000 0.401459 -0.466761
0.489717 0.505927 547.400000 0.364518 -0.259581
0.489637 0.505863 547.500000 0.324275 -0.558746
0.489555 0.505771 547.600000 0.296673 0.038429
0.489475 0.505684 547.700000 0.310624 0.255178
0.489399 0.505779 547.800000 0.391616 1.430995
0.489337 0.505947 547.900000 0.546370 1.689117
0.489291 0.505965 548.000000 0.686728 1.101456
0.489261 0.506037 548.100000 0.807667 1.342683
0.489251 0.506054 548.200000 0.929257 1.091020
0.489254 0.505979 548.300000 1.006660 0.437703
0.489260 0.505888 548.400000 1.022155 -0.146168
0.489264 0.505797 548.500000 1.008474 -0.116433
0.489267 0.505707 548.600000 1.009234 0.155411
0.489283 0.505736 548.700000 1.071459 1.152463
0.489320 0.505732 548.800000 1.177840 0.983021
0.489376 0.505683 548.900000 1.261337 0.688359
0.489441 0.505592 549.000000 1.301283 0.095609
0.489515 0.505541 549.100000 1.337550 0.673663
0.489600 0.505455 549.200000 1.384033 0.250651
0.489684 0.505373 549.300000 1.380776 -0.331248
0.489761 0.505288 549.400000 1.349936 -0.270286
0.489831 0.505204 549.500000 1.320941 -0.299054
0.489897 0.505112 549.600000 1.306106 0.031389
0.489962 0.505021 549.700000 1.301698 -0.113978
0.490025 0.504930 549.800000 1.296573 0.031557
0.490090 0.504838 549.900000 1.299466 0.039884
0.490155 0.504746 550.000000 1.303138 0.047133
0.490218 0.504661 550.100000 1.292445 -0.264096
0.490273 0.504581 550.200000 1.260889 -0.360560
0.490317 0.504534 550.300000 1.208086 -0.702800
0.490343 0.504523 550.400000 1.126097 -0.941153
0.490348 0.504558 550.500000 1.020210 -1.182994
0.490329 0.504727 550.600000 0.877496 -1.694210
0.490285 0.504919 550.700000 0.704632 -1.767053
0.490220 0.505205 550.800000 0.515086 -2.040524
0.490140 0.505430 550.900000 0.319573 -1.866131
0.490053 0.505776 551.000000 0.117598 -2.197433
0.489965 0.506088 551.100000 -0.097431 -2.108891
0.489884 0.506396 551.200000 -0.307297 -2.100031
0.489819 0.506658 551.300000 -0.510664 -1.974843
0.489770 0.506664 551.400000 -0.663102 -1.040231
0.489731 0.506599 551.500000 -0.742768 -0.538808
0.489700 0.506528 551.600000 -0.793307 -0.479094
0.489670 0.506440 551.700000 -0.808284 0.205124
0.489634 0.506396 551.800000 -0.762536 0.730486
0.489590 0.506331 551.900000 -0.698331 0.539788
0.489538 0.506272 552.000000 -0.641077 0.604554
0.489478 0.506256 552.100000 -0.565734 0.915445
0.489413 0.506168 552.200000 -0.508766 0.184610
0.489345 0.506092 552.300000 -0.479026 0.418378
0.489275 0.506010 552.400000 -0.441678 0.320861
0.489200 0.505953 552.500000 -0.395340 0.618847
0.489121 0.505909 552.600000 -0.328262 0.727759
0.489039 0.505873 552.700000 -0.252778 0.785499
0.488952 0.505956 552.800000 -0.145802 1.387298
0.488864 0.505946 552.900000 -0.028240 0.946593
0.488776 0.505879 553.000000 0.046427 0.529494
0.488688 0.505858 553.100000 0.115866 0.881054
0.488603 0.505791 553.200000 0.186559 0.519578
0.488519 0.505700 553.300000 0.213588 -0.001850
0.488435 0.505610 553.400000 0.219876 0.137045
0.488353 0.505541 553.500000 0.250285 0.492776
0.488273 0.505507 553.600000 0.313749 0.797654
0.488201 0.505558 553.700000 0.414803 1.254825
0.488136 0.505505 553.800000 0.511095 0.649921
0.488079 0.505472 553.900000 0.583171 0.808485
0.488031 0.505445 554.000000 0.664975 0.839301
0.487994 0.505449 554.100000 0.757279 1.027759
0.487970 0.505390 554.200000 0.839214 0.601501
0.487953 0.505314 554.300000 0.889716 0.410019
0.487946 0.505283 554.400000 0.949441 0.816958
0.487953 0.505234 554.500000 1.024099 0.682926
0.487966 0.505143 554.600000 1.058393 -0.020211
0.487976 0.505059 554.700000 1.043755 -0.275514
0.487981 0.504974 554.800000 1.016933 -0.250633
0.487983 0.504884 554.900000 0.997861 -0.114809
0.487985 0.504795 555.000000 0.999482 0.171687
0.487985 0.504722 555.100000 0.987387 -0.434603
0.487981 0.504631 555.200000 0.962813 -0.027865
0.487973 0.504555 555.300000 0.941668 -0.405442
0.487959 0.504471 555.400000 0.906176 -0.291096
0.487937 0.504424 555.500000 0.857452 -0.697224
0.487909 0.504337 555.600000 0.811106 -0.198551
0.487875 0.504273 555.700000 0.774752 -0.539398
0.487835 0.504196 555.800000 0.727310 -0.397030
0.487788 0.504150 555.900000 0.672843 -0.703260
0.487731 0.504140 556.000000 0.590691 -0.949727
0.487665 0.504161 556.100000 0.488054 -1.110564
0.487592 0.504091 556.200000 0.406536 -0.488001
0.487517 0.504003 556.300000 0.372437 -0.176056
0.487439 0.503961 556.400000 0.328492 -0.729159
0.487357 0.503912 556.500000 0.257638 -0.686214
0.487274 0.503831 556.600000 0.206375 -0.320858
0.487190 0.503745 556.700000 0.199261 0.206724
0.487106 0.503655 556.800000 0.206648 -0.070485
0.487022 0.503565 556.900000 0.198562 -0.090602
0.486939 0.503479 557.000000 0.204340 0.224248
0.486857 0.503467 557.100000 0.260256 0.934681
0.486782 0.503494 557.200000 0.363278 1.144314
0.486712 0.503412 557.300000 0.437163 0.298537
0.486640 0.503352 557.400000 0.424851 -0.585355
0.486565 0.503302 557.500000 0.362200 -0.671005
0.486487 0.503217 557.600000 0.315970 -0.230326
0.486408 0.503133 557.700000 0.316392 0.266892
0.486333 0.503085 557.800000 0.362602 0.683815
0.486263 0.503066 557.900000 0.440403 0.890306
0.486202 0.503067 558.000000 0.534560 1.008125
0.486146 0.502980 558.100000 0.596163 0.191607
0.486094 0.502904 558.200000 0.624937 0.401912
0.486046 0.502824 558.300000 0.661659 0.337505
0.486005 0.502784 558.400000 0.714482 0.749012
0.485976 0.502806 558.500000 0.806131 1.114269
0.485960 0.502736 558.600000 0.886985 0.483534
0.485950 0.502660 558.700000 0.929954 0.381911
0.485948 0.502595 558.800000 0.974606 0.530252
0.485956 0.502534 558.900000 1.028752 0.567140
0.485970 0.502445 559.000000 1.063680 0.121228
0.485983 0.502360 559.100000 1.058104 -0.240506
0.485988 0.502308 559.200000 1.014259 -0.648566
0.485981 0.502275 559.300000 0.942138 -0.794807
0.485964 0.502194 559.400000 0.884651 -0.324972
0.485944 0.502105 559.500000 0.866296 -0.018884
0.485922 0.502025 559.600000 0.849173 -0.331465
0.485891 0.501991 559.700000 0.794090 -0.787438
0.485855 0.501901 559.800000 0.751083 -0.028991
0.485816 0.501826 559.900000 0.729847 -0.408338
0.485772 0.501743 560.000000 0.695826 -0.259070
0.485727 0.501653 560.100000 0.680498 -0.029843
0.485677 0.501610 560.200000 0.644385 -0.722198
0.485617 0.501649 560.300000 0.549542 -1.197012
0.485549 0.501608 560.400000 0.451652 -0.737418
0.485476 0.501544 560.500000 0.387361 -0.537229
0.485399 0.501475 560.600000 0.336410 -0.477587
0.485321 0.501392 560.700000 0.298325 -0.272482
0.485240 0.501343 560.800000 0.251869 -0.676333
0.485157 0.501260 560.900000 0.204144 -0.257157
0.485074 0.501170 561.000000 0.189756 -0.017292
0.484991 0.501110 561.100000 0.215794 0.570827
0.484912 0.501069 561.200000 0.280545 0.738150
0.484835 0.500985 561.300000 0.330180 0.234762
0.484759 0.500903 561.400000 0.328801 -0.285176
0.484678 0.501009 561.500000 0.243568 -1.480621
0.484592 0.501054 561.600000 0.107722 -1.228373
0.484506 0.501194 561.700000 -0.032575 -1.602659
0.484422 0.501133 561.800000 -0.143414 -0.568452
0.484339 0.501089 561.900000 -0.206634 -0.707692
0.484260 0.501022 562.000000 -0.267416 -0.502965
0.484181 0.500933 562.100000 -0.291324 0.048497
0.484103 0.500844 562.200000 -0.292114 -0.073358
0.484023 0.500791 562.300000 -0.265836 0.632775
0.483941 0.500709 562.400000 -0.219185 0.282476
0.483858 0.500656 562.500000 -0.174196 0.635171
0.483773 0.500567 562.600000 -0.139201 0.034713
0.483689 0.500481 562.700000 -0.146021 -0.183825
0.483605 0.500405 562.800000 -0.137636 0.378703
0.483520 0.500335 562.900000 -0.096121 0.456313
0.483434 0.500262 563.000000 -0.051754 0.431139
0.483348 0.500209 563.100000 0.000955 0.635542
0.483263 0.500121 563.200000 0.038981 0.100152
0.483177 0.500039 563.300000 0.056727 0.264326
0.483092 0.499954 563.400000 0.080649 0.213399
0.483008 0.499903 563.500000 0.122725 0.653202
0.482926 0.499904 563.600000 0.204382 1.003010
0.482849 0.499981 563.700000 0.321687 1.369712
0.482783 0.500090 563.800000 0.463985 1.493174
0.482730 0.500153 563.900000 0.603852 1.306860
0.482687 0.500089 564.000000 0.696624 0.520080
0.482653 0.500060 564.100000 0.762467 0.822392
0.482627 0.499982 564.200000 0.821866 0.352827
0.482605 0.499894 564.300000 0.843583 0.077088
0.482590 0.499898 564.400000 0.895472 1.019114
0.482592 0.499876 564.500000 0.989560 0.869063
0.482608 0.499838 564.600000 1.070465 0.757628
0.482637 0.499787 564.700000 1.140421 0.650556
0.482685 0.499806 564.800000 1.226131 1.102250
0.482754 0.499772 564.900000 1.320451 0.785536
0.482834 0.499686 565.000000 1.367582 0.140476
0.482915 0.499597 565.100000 1.372433 -0.038456
0.482995 0.499510 565.200000 1.366091 -0.076890
0.483065 0.499470 565.300000 1.326401 -0.738466
0.483118 0.499432 565.400000 1.251037 -0.760597
0.483156 0.499372 565.500000 1.184030 -0.560506
0.483178 0.499401 565.600000 1.099375 -1.154992
0.483178 0.499425 565.700000 0.985143 -1.123052
0.483167 0.499339 565.800000 0.917570 -0.174549
0.483150 0.499279 565.900000 0.881077 -0.567754
0.483125 0.499220 566.000000 0.823957 -0.568880
0.483091 0.499165 566.100000 0.764520 -0.617147
0.483054 0.499079 566.200000 0.738872 0.148892
0.483019 0.498992 566.300000 0.752009 0.120537
0.482982 0.498917 566.400000 0.739715 -0.384871
0.482941 0.498833 566.500000 0.709045 -0.214170
0.482896 0.498769 566.600000 0.672891 -0.518987
0.482842 0.498755 566.700000 0.602080 -0.914028
0.482780 0.498733 566.800000 0.512729 -0.869433
0.482710 0.498753 566.900000 0.414702 -1.102842
0.482634 0.498749 567.000000 0.310421 -0.977859
0.482553 0.498760 567.100000 0.208777 -1.061479
0.482468 0.498829 567.200000 0.090041 -1.330902
0.482383 0.498866 567.300000 -0.036168 -1.192079
0.482300 0.498872 567.400000 -0.147447 -1.031690
0.482220 0.498844 567.500000 -0.240459 -0.824569
0.482143 0.498759 567.600000 -0.292280 -0.184929
0.482065 0.498689 567.700000 -0.280422 0.451706
0.481987 0.498623 567.800000 -0.280423 -0.502371
0.481910 0.498536 567.900000 -0.305592 0.021104
0.481832 0.498507 568.000000 -0.265500 0.819825
0.481749 0.498577 568.100000 -0.159100 1.337057
0.481664 0.498735 568.200000 -0.009799 1.672045
0.481582 0.498848 568.300000 0.149328 1.510693
0.481504 0.498922 568.400000 0.292711 1.358402
0.481438 0.499129 568.500000 0.450421 1.830740
0.481391 0.499525 568.600000 0.657127 2.344557
0.481371 0.499684 568.700000 0.858970 1.676024
0.481378 0.499814 568.800000 1.020896 1.574564
0.481407 0.499773 568.900000 1.137223 0.725807
0.481452 0.499744 569.000000 1.213684 0.823750
0.481521 0.499820 569.100000 1.320921 1.366015
0.481620 0.499852 569.200000 1.447118 1.167890
0.481747 0.499839 569.300000 1.551177 0.920909
0.481909 0.499992 569.400000 1.677088 1.656374
0.482116 0.500041 569.500000 1.822090 1.247644
0.482360 0.500047 569.600000 1.935516 1.034443
0.482638 0.500036 569.700000 2.032935 0.933421
0.482940 0.499960 569.800000 2.098464 0.372905
0.483254 0.499882 569.900000 2.132462 0.327612
0.483587 0.499844 570.000000 2.184232 0.753243
0.483945 0.499777 570.100000 2.245203 0.477472
0.484317 0.499697 570.200000 2.283735 0.309275
0.484704 0.499626 570.300000 2.319114 0.429086
0.485099 0.499538 570.400000 2.340694 0.005667
0.485494 0.499451 570.500000 2.340377 0.011764
0.485895 0.499372 570.600000 2.354971 0.319791
0.486304 0.499285 570.700000 2.374880 0.091610
0.486714 0.499198 570.800000 2.377808 -0.014393
0.487116 0.499122 570.900000 2.358921 -0.357712
0.487498 0.499066 571.000000 2.310523 -0.601367
0.487834 0.499251 571.100000 2.194389 -1.762488
0.488113 0.499306 571.200000 2.040512 -1.276833
0.488336 0.499573 571.300000 1.877300 -2.012422
0.488503 0.499681 571.400000 1.700079 -1.496677
0.488625 0.499846 571.500000 1.540496 -1.696374
0.488699 0.500172 571.600000 1.347812 -2.176071
0.488721 0.500685 571.700000 1.109064 -2.620242
0.488701 0.501026 571.800000 0.866455 -2.213211
0.488653 0.501323 571.900000 0.650703 -2.098807
0.488586 0.501468 572.000000 0.463252 -1.630073
0.488510 0.501505 572.100000 0.321061 -1.194778
0.488428 0.501494 572.200000 0.214118 -0.933404
0.488344 0.501445 572.300000 0.133473 -0.668314
0.488259 0.501424 572.400000 0.057139 -0.871237
0.488174 0.501435 572.500000 -0.038955 -1.064835
0.488090 0.501357 572.600000 -0.110191 -0.327055
0.488006 0.501272 572.700000 -0.135361 -0.170945
0.487924 0.501197 572.800000 -0.162369 -0.382621
0.487842 0.501114 572.900000 -0.192391 -0.212493
0.487762 0.501137 573.000000 -0.256722 -1.125222
0.487689 0.501170 573.100000 -0.371245 -1.176416
0.487622 0.501102 573.200000 -0.454979 -0.471029
0.487559 0.501023 573.300000 -0.494537 -0.319172
0.487495 0.500939 573.400000 -0.501830 0.193668
0.487431 0.500853 573.500000 -0.487333 0.086640
0.487366 0.500770 573.600000 -0.472258 0.217330
0.487297 0.500711 573.700000 -0.433203 0.579229
0.487225 0.500633 573.800000 -0.387888 0.311717
0.487150 0.500626 573.900000 -0.325827 0.961462
0.487070 0.500555 574.000000 -0.254637 0.436517
0.486988 0.500649 574.100000 -0.163364 1.441594
0.486903 0.500695 574.200000 -0.029178 1.237315
0.486819 0.500683 574.300000 0.079488 0.925830
0.486737 0.500669 574.400000 0.171444 0.918572
0.486657 0.500607 574.500000 0.244816 0.535254
0.486579 0.500520 574.600000 0.274130 0.029674
0.486503 0.500467 574.700000 0.305307 0.628274
0.486429 0.500389 574.800000 0.353392 0.323751
0.486357 0.500307 574.900000 0.381582 0.240933
0.486289 0.500307 575.000000 0.441248 0.997272
0.486230 0.500286 575.100000 0.534645 0.873850
0.486180 0.500295 575.200000 0.629799 1.048348
0.486143 0.500330 575.300000 0.740510 1.184877
0.486122 0.500360 575.400000 0.857254 1.162457
0.486116 0.500313 575.500000 0.949669 0.674880
0.486119 0.500236 575.600000 1.001070 0.349035
0.486127 0.500159 575.700000 1.034471 0.329829
0.486144 0.500110 575.800000 1.082582 0.661954
0.486166 0.500031 575.900000 1.102499 -0.299934
0.486180 0.499955 576.000000 1.069602 -0.351261
0.486186 0.499905 576.100000 1.020063 -0.646197
0.486186 0.499818 576.200000 0.981625 -0.086290
0.486188 0.499751 576.300000 0.999208 0.476945
0.486200 0.499700 576.400000 1.054037 0.640758
0.486230 0.499766 576.500000 1.149740 1.323125
0.486288 0.499838 576.600000 1.282603 1.354249
0.486374 0.499837 576.700000 1.399928 0.993201
0.486475 0.499756 576.800000 1.463613 0.261187
0.486587 0.499701 576.900000 1.504979 0.599991
0.486713 0.499628 577.000000 1.554912 0.406703
0.486838 0.499554 577.100000 1.557687 -0.374649
0.486956 0.499471 577.200000 1.528245 -0.190904
0.487063 0.499426 577.300000 1.484483 -0.696683
0.487151 0.499388 577.400000 1.411834 -0.747814
0.487222 0.499346 577.500000 1.338012 -0.716815
0.487275 0.499311 577.600000 1.263143 -0.773967
0.487310 0.499315 577.700000 1.173560 -1.022199
0.487331 0.499240 577.800000 1.102286 -0.362188
0.487348 0.499154 577.900000 1.080423 -0.049490
0.487363 0.499068 578.000000 1.075412 -0.039679
0.487382 0.498992 578.100000 1.088888 0.339726
0.487410 0.498958 578.200000 1.143188 0.782234
0.487456 0.498939 578.300000 1.225223 0.879121
0.487528 0.499064 578.400000 1.344779 1.564979
0.487638 0.499179 578.500000 1.498383 1.526763
0.487786 0.499245 578.600000 1.640338 1.324725
0.487971 0.499283 578.700000 1.765855 1.202558
0.488192 0.499307 578.800000 1.881449 1.129476
0.488458 0.499425 578.900000 2.012409 1.535855
0.488765 0.499396 579.000000 2.130360 0.813352
0.489080 0.499329 579.100000 2.149394 -0.474879
0.489392 0.499258 579.200000 2.143148 0.415823
0.489716 0.499177 579.300000 2.175854 0.253374
0.490055 0.499121 579.400000 2.215802 0.586195
0.490411 0.499044 579.500000 2.260936 0.328140
0.490769 0.498965 579.600000 2.262792 -0.299727
0.491109 0.498903 579.700000 2.221270 -0.521323
0.491409 0.499065 579.800000 2.112564 -1.695107
0.491665 0.499029 579.900000 1.986381 -0.767524
0.491887 0.499076 580.000000 1.886340 -1.242468
0.492060 0.499298 580.100000 1.730825 -1.889576
0.492188 0.499356 580.200000 1.569839 -1.291280
0.492275 0.499557 580.300000 1.414918 -1.826403
0.492317 0.499903 580.400000 1.212496 -2.239228
0.492316 0.500286 580.500000 0.984040 -2.334575
0.492286 0.500346 580.600000 0.799649 -1.301312
0.492240 0.500419 580.700000 0.666618 -1.361323
0.492181 0.500395 580.800000 0.554924 -0.845925
0.492114 0.500429 580.900000 0.454316 -1.182878
0.492038 0.500647 581.000000 0.303083 -1.880160
0.491955 0.500685 581.100000 0.147606 -1.200467
0.491870 0.500774 581.200000 0.017060 -1.427224
0.491787 0.500951 581.300000 -0.140637 -1.751115
0.491710 0.501024 581.400000 -0.296667 -1.359502
0.491643 0.501205 581.500000 -0.451141 -1.761243
0.491595 0.501539 581.600000 -0.647899 -2.211382
0.491573 0.501752 581.700000 -0.851772 -1.866011
0.491578 0.501859 581.800000 -1.020192 -1.501550
0.491613 0.502028 581.900000 -1.179970 -1.723823
0.491680 0.502078 582.000000 -1.329141 -1.255827
0.491777 0.502119 582.100000 -1.451961 -1.218513
0.491893 0.502039 582.200000 -1.527901 -0.271365
0.492016 0.501962 582.300000 -1.556907 -0.328482
0.492143 0.501878 582.400000 -1.566481 0.144619
0.492274 0.501824 582.500000 -1.587103 -0.611778
0.492422 0.501767 582.600000 -1.645886 -0.581380
0.492569 0.501726 582.700000 -1.640906 0.730509
0.492682 0.501903 582.800000 -1.518944 1.749807
0.492750 0.502157 582.900000 -1.332224 1.991344
0.492776 0.502378 583.000000 -1.137594 1.893252
0.492769 0.502607 583.100000 -0.947055 1.917370
0.492738 0.502648 583.200000 -0.788552 1.216417
0.492690 0.502742 583.300000 -0.655805 1.449296
0.492631 0.502711 583.400000 -0.541508 0.803738
0.492566 0.502632 583.500000 -0.485435 0.289478
0.492502 0.502557 583.600000 -0.486860 -0.355236
0.492442 0.502490 583.700000 -0.527843 -0.477608
0.492384 0.502404 583.800000 -0.555838 -0.068563
0.492325 0.502325 583.900000 -0.545579 0.286525
0.492265 0.502239 584.000000 -0.531629 -0.028035
0.492203 0.502177 584.100000 -0.508091 0.522290
0.492134 0.502188 584.200000 -0.430030 1.065176
0.492061 0.502126 584.300000 -0.349049 0.527456
0.491984 0.502054 584.400000 -0.301809 0.410473
0.491904 0.502080 584.500000 -0.226062 1.142109
0.491823 0.501996 584.600000 -0.159933 0.131009
0.491740 0.501940 584.700000 -0.124774 0.595727
0.491656 0.501884 584.800000 -0.065652 0.588202
0.491572 0.501818 584.900000 -0.012147 0.478567
0.491488 0.501766 585.000000 0.043026 0.635549
0.491405 0.501683 585.100000 0.068150 -0.171794
0.491321 0.501602 585.200000 0.069773 0.224914
0.491238 0.501516 585.300000 0.079745 -0.037395
0.491154 0.501493 585.400000 0.037212 -0.855738
0.491070 0.501416 585.500000 -0.022979 -0.324242
0.490986 0.501334 585.600000 -0.030837 0.192343
0.490903 0.501255 585.700000 -0.033564 -0.270544
0.490819 0.501169 585.800000 -0.046350 0.028819
0.490735 0.501101 585.900000 -0.023524 0.449526
0.490652 0.501116 586.000000 0.051356 1.083573
0.490570 0.501162 586.100000 0.166879 1.241415
0.490495 0.501309 586.200000 0.310104 1.652951
0.490428 0.501311 586.300000 0.444338 1.009660
0.490369 0.501288 586.400000 0.537678 0.858967
0.490319 0.501271 586.500000 0.624989 0.899278
0.490279 0.501250 586.600000 0.712738 0.864886
0.490248 0.501206 586.700000 0.790778 0.698850
0.490219 0.501152 586.800000 0.798373 -0.603936
0.490183 0.501085 586.900000 0.743875 -0.474399
0.490142 0.501006 587.000000 0.706374 -0.259369
0.490097 0.500927 587.100000 0.679175 -0.279986
0.490051 0.500844 587.200000 0.657197 -0.147275
0.489998 0.500836 587.300000 0.603975 -0.953822
0.489937 0.500839 587.400000 0.505501 -1.018017
0.489870 0.500764 587.500000 0.435135 -0.354700
0.489798 0.500750 587.600000 0.373218 -0.910389
0.489721 0.500736 587.700000 0.281919 -0.917000
0.489642 0.500681 587.800000 0.205441 -0.597762
0.489560 0.500707 587.900000 0.119799 -1.144969
0.489476 0.500733 588.000000 0.005669 -1.142338
0.489394 0.500719 588.100000 -0.097551 -0.916112
0.489314 0.500765 588.200000 -0.204278 -1.241330
0.489241 0.500865 588.300000 -0.339088 -1.475781
0.489177 0.500921 588.400000 -0.477124 -1.286125
0.489125 0.500969 588.500000 -0.603690 -1.255090
0.489084 0.500937 588.600000 -0.706303 -0.785084
0.489055 0.500930 588.700000 -0.792481 -0.958817
0.489037 0.500888 588.800000 -0.876010 -0.711723
0.489030 0.500846 588.900000 -0.946590 -0.712431
0.489033 0.500787 589.000000 -1.009851 -0.557852
0.489046 0.500719 589.100000 -1.059498 -0.442035
0.489062 0.500634 589.200000 -1.080754 0.028761
0.489081 0.500565 589.300000 -1.099513 -0.439209
0.489112 0.500530 589.400000 -1.158380 -0.768799
0.489156 0.500465 589.500000 -1.220806 -0.480149
0.489203 0.500382 589.600000 -1.238534 0.143677
0.489243 0.500318 589.700000 -1.206811 0.497803
0.489274 0.500255 589.800000 -1.156216 0.505027
0.489292 0.500218 589.900000 -1.093440 0.754734
0.489298 0.500161 590.000000 -1.026468 0.567916
0.489298 0.500080 590.100000 -0.986125 0.212981
0.489291 0.500017 590.200000 -0.950241 0.511684
0.489275 0.499992 590.300000 -0.883502 0.833202
0.489249 0.499922 590.400000 -0.819216 0.426663
0.489212 0.499954 590.500000 -0.740873 1.173564
0.489159 0.500127 590.600000 -0.596384 1.745068
0.489091 0.500326 590.700000 -0.418085 1.828519
0.489014 0.500417 590.800000 -0.253750 1.443357
0.488933 0.500401 590.900000 -0.135599 0.895916
0.488850 0.500396 591.000000 -0.042444 0.974686
0.488768 0.500332 591.100000 0.031888 0.491210
0.488686 0.500296 591.200000 0.093486 0.757685
0.488607 0.500386 591.300000 0.201202 1.437327
0.488534 0.500442 591.400000 0.337356 1.287439
0.488472 0.500649 591.500000 0.492597 1.857528
0.488424 0.500678 591.600000 0.644563 1.159786
0.488388 0.500646 591.700000 0.742499 0.792129
0.488359 0.500564 591.800000 0.791906 0.175129
0.488327 0.500506 591.900000 0.774026 -0.562735
0.488286 0.500492 592.000000 0.700950 -0.912410
0.488236 0.500449 592.100000 0.619511 -0.703149
0.488179 0.500407 592.200000 0.548696 -0.711066
0.488117 0.500337 592.300000 0.492129 -0.402283
0.488050 0.500304 592.400000 0.433756 -0.782365
0.487980 0.500231 592.500000 0.375310 -0.364331
0.487909 0.500159 592.600000 0.374587 0.391481
0.487841 0.500081 592.700000 0.407670 0.269564
0.487773 0.499999 592.800000 0.413805 -0.164192
0.487705 0.499915 592.900000 0.401857 -0.066358
0.487638 0.499883 593.000000 0.435480 0.787427
0.487578 0.499855 593.100000 0.515366 0.820544
0.487526 0.499828 593.200000 0.597068 0.823094
0.487485 0.499867 593.300000 0.697059 1.207248
0.487457 0.499836 593.400000 0.797706 0.797453
0.487439 0.499805 593.500000 0.876597 0.792263
0.487432 0.499742 593.600000 0.941491 0.503347
0.487427 0.499662 593.700000 0.957303 -0.212716
0.487421 0.499580 593.800000 0.953334 0.161478
0.487417 0.499496 593.900000 0.959554 -0.037149
0.487414 0.499419 594.000000 0.971643 0.306407
0.487414 0.499335 594.100000 0.985950 -0.026450
0.487411 0.499260 594.200000 0.969245 -0.313029
0.487408 0.499186 594.300000 0.968863 0.348238
0.487406 0.499104 594.400000 0.978402 -0.173375
0.487405 0.499024 594.500000 0.978015 0.193829
0.487407 0.498944 594.600000 0.997669 0.210949
0.487409 0.498861 594.700000 1.002942 -0.111363
0.487408 0.498788 594.800000 0.978955 -0.372696
0.487400 0.498719 594.900000 0.939142 -0.418112
0.487387 0.498639 595.000000 0.907647 -0.192742
0.487368 0.498605 595.100000 0.860636 -0.769792
0.487338 0.498555 595.200000 0.789778 -0.635751
0.487295 0.498704 595.300000 0.677138 -1.666763
0.487236 0.498786 595.400000 0.522962 -1.404980
0.487166 0.498921 595.500000 0.372671 -1.614018
0.487088 0.499106 595.600000 0.203238 -1.788579
0.487006 0.499432 595.700000 0.004777 -2.210222
0.486929 0.499920 595.800000 -0.234636 -2.610692
0.486868 0.500418 595.900000 -0.495934 -2.632523
0.486831 0.500687 596.000000 -0.730768 -2.052437
0.486822 0.500920 596.100000 -0.929948 -1.943531
0.486847 0.501193 596.200000 -1.129019 -2.063757
0.486912 0.501386 596.300000 -1.322568 -1.816340
0.487009 0.501370 596.400000 -1.459892 -0.904970
0.487125 0.501320 596.500000 -1.536468 -0.631509
0.487252 0.501240 596.600000 -1.579100 -0.218056
0.487383 0.501156 596.700000 -1.591951 -0.046897
0.487516 0.501073 596.800000 -1.599754 -0.129695
0.487654 0.500996 596.900000 -1.619115 -0.282219
0.487800 0.500921 597.000000 -1.648409 -0.323528
0.487962 0.500903 597.100000 -1.706424 -0.884483
0.488145 0.500848 597.200000 -1.780057 -0.594623
0.488332 0.500780 597.300000 -1.790227 0.423881
0.488505 0.500715 597.400000 -1.744563 0.476498
0.488658 0.500693 597.500000 -1.677789 0.864467
0.488792 0.500641 597.600000 -1.602790 0.609890
0.488913 0.500563 597.700000 -1.557237 0.270495
0.489029 0.500480 597.800000 -1.537705 0.096848
0.489153 0.500448 597.900000 -1.568935 -0.782606
0.489292 0.500377 598.000000 -1.627782 -0.393671
0.489442 0.500305 598.100000 -1.664971 -0.367055
0.489605 0.500250 598.200000 -1.711231 -0.588382
0.489786 0.500203 598.300000 -1.772442 -0.659799
0.489981 0.500128 598.400000 -1.821101 -0.316505
0.490172 0.500074 598.500000 -1.808414 0.598535
0.490346 0.500021 598.600000 -1.747294 0.609491
0.490492 0.500083 598.700000 -1.652034 1.318773
0.490604 0.500120 598.800000 -1.525199 1.202219
0.490686 0.500160 598.900000 -1.403894 1.215674
0.490744 0.500164 599.000000 -1.290947 1.025614
0.490771 0.500387 599.100000 -1.145814 1.916411
0.490765 0.500638 599.200000 -0.950110 2.000741
0.490727 0.501073 599.300000 -0.726758 2.493258
0.490663 0.501629 599.400000 -0.464680 2.768639
0.490585 0.502018 599.500000 -0.206587 2.382850
0.490503 0.502400 599.600000 0.030247 2.363281
0.490428 0.502888 599.700000 0.278011 2.618138
0.490368 0.503160 599.800000 0.512881 2.066803
0.490331 0.503574 599.900000 0.736589 2.443181
0.490328 0.503887 600.000000 0.967534 2.182209
0.490363 0.504218 600.100000 1.187066 2.232226
0.490447 0.504548 600.200000 1.408975 2.229412
0.490585 0.504828 600.300000 1.624015 2.089881
0.490768 0.504832 600.400000 1.781443 1.030132
0.490976 0.504788 600.500000 1.867604 0.698908
0.491194 0.504706 600.600000 1.897532 -0.121168
0.491412 0.504624 600.700000 1.897505 0.153417
0.491625 0.504559 600.800000 1.881501 -0.487436
0.491817 0.504539 600.900000 1.813781 -0.870895
0.491983 0.504517 601.000000 1.726177 -0.867466
0.492121 0.504539 601.100000 1.626457 -1.127945
0.492224 0.504660 601.200000 1.492299 -1.568052
0.492287 0.504874 601.300000 1.319757 -1.893225
0.492310 0.505133 601.400000 1.123672 -2.032571
0.492299 0.505370 601.500000 0.923592 -1.964938
0.492263 0.505521 601.600000 0.740568 -1.681743
0.492210 0.505589 601.700000 0.588135 -1.350956
0.492146 0.505632 601.800000 0.458456 -1.237885
0.492073 0.505750 601.900000 0.319594 -1.558157
0.491992 0.506038 602.000000 0.137475 -2.118719
0.491911 0.506365 602.100000 -0.078835 -2.222732
0.491836 0.506546 602.200000 -0.279872 -1.787591
0.491773 0.506871 602.300000 -0.478478 -2.219464
0.491730 0.507048 602.400000 -0.678571 -1.775510
0.491711 0.507300 602.500000 -0.866573 -2.013157
0.491714 0.507271 602.600000 -1.009969 -0.810739
0.491728 0.507208 602.700000 -1.076038 -0.509146
0.491751 0.507141 602.800000 -1.123999 -0.460973
0.491780 0.507059 602.900000 -1.154779 -0.152047
0.491818 0.507021 603.000000 -1.197413 -0.744137
0.491872 0.507009 603.100000 -1.280013 -0.933724
0.491944 0.506963 603.200000 -1.360240 -0.674909
0.492024 0.506880 603.300000 -1.398671 -0.079525
0.492113 0.506835 603.400000 -1.434862 -0.690887
0.492212 0.506752 603.500000 -1.473494 -0.066891
0.492311 0.506668 603.600000 -1.477426 -0.024606
0.492409 0.506585 603.700000 -1.472245 0.120972
0.492499 0.506527 603.800000 -1.438738 0.558103
0.492572 0.506504 603.900000 -1.368201 0.856914
0.492632 0.506429 604.000000 -1.306653 0.337520
0.492692 0.506362 604.100000 -1.309609 -0.449343
0.492760 0.506283 604.200000 -1.343901 -0.240989
0.492832 0.506200 604.300000 -1.358668 -0.059505
0.492893 0.506189 604.400000 -1.316635 0.938807
0.492934 0.506212 604.500000 -1.212910 1.137960
0.492949 0.506310 604.600000 -1.082473 1.482785
0.492937 0.506500 604.700000 -0.918108 1.819206
0.492903 0.506556 604.800000 -0.760795 1.300113
0.492854 0.506661 604.900000 -0.620882 1.508344
0.492792 0.506684 605.000000 -0.487602 1.139581
0.492722 0.506751 605.100000 -0.363730 1.350048
0.492645 0.506790 605.200000 -0.235158 1.217913
0.492565 0.506743 605.300000 -0.139602 0.668351
0.492484 0.506796 605.400000 -0.043648 1.285313
0.492403 0.506735 605.500000 0.048794 0.530111
0.492322 0.506652 605.600000 0.073391 -0.066296
0.492241 0.506577 605.700000 0.054325 -0.328425
0.492160 0.506501 605.800000 0.022910 -0.299544
0.492078 0.506428 605.900000 -0.009427 -0.351270
0.491997 0.506351 606.000000 -0.014533 0.280471
0.491916 0.506267 606.100000 -0.002246 -0.050839
0.491835 0.506185 606.200000 0.000268 0.109244
0.491754 0.506101 606.300000 0.004417 -0.033176
0.491673 0.506018 606.400000 0.002923 0.005186
0.491592 0.505945 606.500000 -0.014114 -0.365387
0.491511 0.505864 606.600000 -0.025743 0.158324
0.491430 0.505782 606.700000 -0.022800 -0.113191
0.491349 0.505704 606.800000 -0.016775 0.252098
0.491268 0.505620 606.900000 -0.002532 0.021809
0.491187 0.505538 607.000000 -0.006510 -0.108128
0.491106 0.505460 607.100000 -0.024350 -0.257144
0.491025 0.505377 607.200000 -0.035905 0.040096
0.490945 0.505299 607.300000 -0.045319 -0.243450
0.490864 0.505216 607.400000 -0.055055 0.063120
0.490784 0.505141 607.500000 -0.066480 -0.311550
0.490704 0.505072 607.600000 -0.102484 -0.416348
0.490625 0.505042 607.700000 -0.162465 -0.807056
0.490549 0.505004 607.800000 -0.239597 -0.737811
0.490478 0.505083 607.900000 -0.344653 -1.404688
0.490414 0.505044 608.000000 -0.452683 -0.731308
0.490357 0.505006 608.100000 -0.525607 -0.735781
0.490306 0.504984 608.200000 -0.604875 -0.865541
0.490267 0.505052 608.300000 -0.714083 -1.354977
0.490243 0.505038 608.400000 -0.828067 -0.915879
0.490226 0.504956 608.500000 -0.879797 -0.088261
0.490216 0.504928 608.600000 -0.922862 -0.820861
0.490215 0.504862 608.700000 -0.986540 -0.446547
0.490217 0.504779 608.800000 -1.004970 0.094204
0.490213 0.504738 608.900000 -0.965748 0.713264
0.490202 0.504661 609.000000 -0.915910 0.253377
0.490186 0.504588 609.100000 -0.885862 0.344554
0.490163 0.504534 609.200000 -0.839117 0.596576
0.490131 0.504513 609.300000 -0.766514 0.864316
0.490089 0.504484 609.400000 -0.682356 0.813041
0.490038 0.504463 609.500000 -0.598419 0.865932
0.489976 0.504596 609.600000 -0.475926 1.622317
0.489903 0.504764 609.700000 -0.307907 1.748469
0.489825 0.504750 609.800000 -0.172871 0.914474
0.489746 0.504705 609.900000 -0.092725 0.679161
0.489666 0.504623 610.000000 -0.062082 -0.104925
0.489586 0.504540 610.100000 -0.066220 0.027982
0.489506 0.504484 610.200000 -0.037695 0.570555
0.489426 0.504488 610.300000 0.041011 1.030407
0.489347 0.504476 610.400000 0.138718 0.923967
0.489270 0.504400 610.500000 0.200422 0.282600
0.489194 0.504323 610.600000 0.201918 -0.278739
0.489116 0.504241 610.700000 0.185937 -0.027086
0.489039 0.504161 610.800000 0.176761 -0.161803
0.488961 0.504079 610.900000 0.172849 0.098170
0.488884 0.504005 611.000000 0.193716 0.333816
0.488809 0.503934 611.100000 0.228838 0.374459
0.488735 0.503893 611.200000 0.281718 0.704784
0.488666 0.503869 611.300000 0.358717 0.849319
0.488603 0.503928 611.400000 0.465203 1.312867
0.488553 0.504000 611.500000 0.598864 1.375192
0.488515 0.504004 611.600000 0.719436 1.031374
0.488496 0.504185 611.700000 0.858081 1.794309
0.488500 0.504245 611.800000 1.014066 1.318369
0.488523 0.504224 611.900000 1.123686 0.867364
0.488562 0.504186 612.000000 1.203316 0.734014
0.488620 0.504237 612.100000 1.301837 1.281099
0.488709 0.504318 612.200000 1.435173 1.412288
0.488830 0.504364 612.300000 1.567751 1.252663
0.488981 0.504375 612.400000 1.683329 1.071647
0.489154 0.504307 612.500000 1.758556 0.421127
0.489344 0.504278 612.600000 1.817994 0.807785
0.489556 0.504238 612.700000 1.893386 0.717745
0.489791 0.504202 612.800000 1.965609 0.751175
0.490049 0.504150 612.900000 2.033215 0.617530
0.490321 0.504075 613.000000 2.078450 0.293713
0.490589 0.504021 613.100000 2.065220 -0.582078
0.490837 0.503967 613.200000 2.005805 -0.588992
0.491063 0.503934 613.300000 1.937195 -0.776105
0.491258 0.503978 613.400000 1.836538 -1.246515
0.491417 0.504016 613.500000 1.712818 -1.214378
0.491548 0.503985 613.600000 1.610964 -0.789622
0.491660 0.503939 613.700000 1.537002 -0.671434
0.491759 0.503870 613.800000 1.482080 -0.400940
0.491848 0.503801 613.900000 1.441434 -0.399179
0.491925 0.503754 614.000000 1.388751 -0.655655
0.491986 0.503728 614.100000 1.314491 -0.828198
0.492027 0.503744 614.200000 1.218419 -1.098687
0.492047 0.503750 614.300000 1.111084 -1.038450
0.492046 0.503836 614.400000 0.988182 -1.434789
0.492025 0.503908 614.500000 0.847280 -1.377929
0.491987 0.503934 614.600000 0.720232 -1.149808
0.491936 0.503970 614.700000 0.602625 -1.204046
0.491877 0.503932 614.800000 0.504214 -0.740066
0.491813 0.503879 614.900000 0.436995 -0.595551
0.491746 0.503797 615.000000 0.405129 -0.009709
0.491679 0.503716 615.100000 0.401415 -0.063399
0.491610 0.503660 615.200000 0.370814 -0.571687
0.491539 0.503594 615.300000 0.319970 -0.437430
0.491467 0.503516 615.400000 0.306713 0.207118
0.491394 0.503444 615.500000 0.301067 -0.344947
0.491321 0.503367 615.600000 0.295293 0.262641
0.491249 0.503286 615.700000 0.309063 0.003470
0.491176 0.503222 615.800000 0.286586 -0.475103
0.491102 0.503146 615.900000 0.248906 -0.267186
0.491025 0.503089 616.000000 0.208798 -0.548708
0.490947 0.503052 616.100000 0.145088 -0.736155
0.490868 0.503044 616.200000 0.061252 -0.954476
0.490789 0.503040 616.300000 -0.035050 -0.977169
0.490710 0.503029 616.400000 -0.130602 -0.937271
0.490635 0.503036 616.500000 -0.228956 -1.041542
0.490564 0.503039 616.600000 -0.331721 -1.020415
0.490498 0.502981 616.700000 -0.410627 -0.541162
0.490436 0.502921 616.800000 -0.463193 -0.515776
0.490381 0.502942 616.900000 -0.543414 -1.128225
0.490337 0.502995 617.000000 -0.663183 -1.286885
0.490309 0.503094 617.100000 -0.800930 -1.492269
0.490302 0.503170 617.200000 -0.944801 -1.395950
0.490311 0.503112 617.300000 -1.042614 -0.531598
0.490326 0.503033 617.400000 -1.078664 -0.184366
0.490344 0.502956 617.500000 -1.098292 -0.221916
0.490365 0.502874 617.600000 -1.111246 -0.039719
0.490379 0.502846 617.700000 -1.074526 0.807370
0.490383 0.502772 617.800000 -1.016562 0.319750
0.490385 0.502692 617.900000 -1.002626 -0.070018
0.490384 0.502626 618.000000 -0.985113 0.436533
0.490376 0.502568 618.100000 -0.936389 0.535609
0.490354 0.502624 618.200000 -0.845969 1.306843
0.490318 0.502613 618.300000 -0.733069 0.929732
0.490275 0.502546 618.400000 -0.663871 0.425235
0.490226 0.502492 618.500000 -0.613893 0.577951
0.490170 0.502478 618.600000 -0.540059 0.913284
0.490105 0.502623 618.700000 -0.412773 1.671765
0.490030 0.502871 618.800000 -0.229394 2.018755
0.489951 0.503018 618.900000 -0.043995 1.679694
0.489872 0.503019 619.000000 0.091776 1.008828
0.489797 0.503046 619.100000 0.199560 1.161082
0.489725 0.503038 619.200000 0.305472 0.954395
0.489657 0.502962 619.300000 0.367364 0.254706
0.489590 0.502887 619.400000 0.393465 0.273297
0.489525 0.502808 619.500000 0.413742 0.130090
0.489462 0.502738 619.600000 0.437960 0.371808
0.489399 0.502659 619.700000 0.449340 -0.166191
0.489334 0.502586 619.800000 0.424723 -0.331205
0.489267 0.502525 619.900000 0.383540 -0.498777
0.489196 0.502517 620.000000 0.312337 -0.947710
0.489122 0.502481 620.100000 0.226988 -0.750764
0.489045 0.502449 620.200000 0.150863 -0.774681
0.488966 0.502431 620.300000 0.068282 -0.885324
0.488887 0.502357 620.400000 0.008098 -0.291054
0.488809 0.502284 620.500000 0.007890 0.317466
0.488730 0.502203 620.600000 0.026432 0.040561
0.488651 0.502122 620.700000 0.028451 -0.001953
0.488573 0.502041 620.800000 0.030436 0.044365
0.488494 0.501974 620.900000 0.051805 0.402406
0.488416 0.501902 621.000000 0.088702 0.334592
0.488338 0.501831 621.100000 0.089658 -0.348795
0.488260 0.501762 621.200000 0.053120 -0.384796
0.488181 0.501681 621.300000 0.035549 0.055042
0.488103 0.501604 621.400000 0.047608 0.194084
0.488025 0.501539 621.500000 0.078794 0.444309
0.487947 0.501461 621.600000 0.093358 -0.182910
0.487869 0.501416 621.700000 0.052199 -0.665703
0.487790 0.501335 621.800000 0.016270 -0.021981
0.487712 0.501282 621.900000 -0.012644 -0.585948
0.487634 0.501234 622.000000 -0.073239 -0.631555
0.487557 0.501178 622.100000 -0.132638 -0.556540
0.487482 0.501138 622.200000 -0.195175 -0.706324
0.487409 0.501106 622.300000 -0.268820 -0.775917
0.487340 0.501040 622.400000 -0.329652 -0.429249
0.487272 0.500961 622.500000 -0.358719 -0.142563
0.487205 0.500888 622.600000 -0.379993 -0.295297
0.487139 0.500815 622.700000 -0.380602 0.309598
0.487071 0.500735 622.800000 -0.367482 -0.069305
0.487007 0.500718 622.900000 -0.412981 -0.887795
0.486950 0.500734 623.000000 -0.511256 -1.097543
0.486901 0.500708 623.100000 -0.607651 -0.827002
0.486860 0.500667 623.200000 -0.683508 -0.693550
0.486829 0.500654 623.300000 -0.762867 -0.915826
0.486811 0.500672 623.400000 -0.862981 -1.109071
0.486801 0.500592 623.500000 -0.922868 -0.047247
0.486793 0.500519 623.600000 -0.938939 -0.296774
0.486783 0.500476 623.700000 -0.921538 0.685525
0.486765 0.500411 623.800000 -0.864644 0.433493
0.486739 0.500380 623.900000 -0.804326 0.785004
0.486705 0.500323 624.000000 -0.737322 0.538171
0.486659 0.500441 624.100000 -0.634347 1.571145
0.486600 0.500532 624.200000 -0.482530 1.461360
0.486530 0.500693 624.300000 -0.323467 1.737273
0.486454 0.500963 624.400000 -0.133325 2.090053
0.486376 0.501089 624.500000 0.052255 1.605710
0.486302 0.501209 624.600000 0.211321 1.583408
0.486236 0.501478 624.700000 0.393019 2.087550
0.486182 0.501468 624.800000 0.546662 0.939804
0.486136 0.501435 624.900000 0.631884 0.765912
0.486096 0.501362 625.000000 0.685630 0.294536
0.486056 0.501297 625.100000 0.679736 -0.442811
0.486008 0.501279 625.200000 0.614488 -0.880724
0.485954 0.501215 625.300000 0.546624 -0.452522
0.485900 0.501145 625.400000 0.539087 0.346950
0.485846 0.501067 625.500000 0.549453 -0.159046
0.485792 0.500988 625.600000 0.547442 0.139192
0.485740 0.500909 625.700000 0.558908 0.093937
0.485685 0.500871 625.800000 0.529175 -0.725648
0.485623 0.500847 625.900000 0.451161 -0.839124
0.485557 0.500812 626.000000 0.371356 -0.752309
0.485484 0.500923 626.100000 0.258536 -1.546131
0.485408 0.501135 626.200000 0.086850 -1.912412
0.485330 0.501166 626.300000 -0.069134 -1.177807
0.485257 0.501368 626.400000 -0.219840 -1.880163
0.485192 0.501508 626.500000 -0.396860 -1.660791
0.485139 0.501586 626.600000 -0.550290 -1.407155
0.485097 0.501585 626.700000 -0.670736 -0.992865
0.485070 0.501695 626.800000 -0.795516 -1.543658
0.485067 0.501887 626.900000 -0.963479 -1.847687
0.485086 0.501856 627.000000 -1.096774 -0.781459
0.485115 0.501788 627.100000 -1.156165 -0.401443
0.485152 0.501728 627.200000 -1.200000 -0.493800
0.485192 0.501656 627.300000 -1.210115 0.319727
0.485222 0.501602 627.400000 -1.165640 0.572673
0.485244 0.501539 627.500000 -1.113738 0.450272
0.485263 0.501463 627.600000 -1.100514 -0.230387
0.485289 0.501402 627.700000 -1.135187 -0.488892
0.485329 0.501432 627.800000 -1.215970 -1.176907
0.485396 0.501533 627.900000 -1.348295 -1.505225
0.485494 0.501564 628.000000 -1.482339 -1.179941
0.485622 0.501626 628.100000 -1.606600 -1.334443
0.485777 0.501580 628.200000 -1.706570 -0.652131
0.485946 0.501515 628.300000 -1.760317 -0.431705
0.486125 0.501442 628.400000 -1.796471 -0.304559
0.486315 0.501379 628.500000 -1.832633 -0.445674
0.486513 0.501299 628.600000 -1.859440 -0.092562
0.486710 0.501221 628.700000 -1.858401 0.104646
0.486907 0.501142 628.800000 -1.856949 -0.104663
0.487097 0.501085 628.900000 -1.835996 0.538456
0.487271 0.501036 629.000000 -1.777455 0.621197
0.487436 0.500957 629.100000 -1.748069 -0.085160
0.487604 0.500879 629.200000 -1.757150 -0.116017
0.487770 0.500806 629.300000 -1.748597 0.290291
0.487929 0.500727 629.400000 -1.727712 0.101503
0.488083 0.500657 629.500000 -1.705285 0.343018
0.488230 0.500577 629.600000 -1.683978 0.052589
0.488366 0.500556 629.700000 -1.639930 0.853967
0.488483 0.500513 629.800000 -1.562134 0.680960
0.488579 0.500501 629.900000 -1.482091 0.920460
0.488647 0.500664 630.000000 -1.350292 1.749168
0.488683 0.500718 630.100000 -1.196648 1.295527
0.488697 0.500733 630.200000 -1.076518 1.091176
0.488691 0.500833 630.300000 -0.947552 1.504895
0.488668 0.500807 630.400000 -0.829562 0.817143
0.488630 0.500936 630.500000 -0.709500 1.622487
0.488577 0.501018 630.600000 -0.556535 1.428032
0.488513 0.501118 630.700000 -0.410230 1.504010
0.488441 0.501287 630.800000 -0.247397 1.770490
0.488364 0.501408 630.900000 -0.079315 1.588410
0.488287 0.501608 631.000000 0.092871 1.878132
0.488216 0.501789 631.100000 0.277159 1.815122
0.488156 0.502106 631.200000 0.478088 2.238047
0.488115 0.502220 631.300000 0.669045 1.562080
0.488091 0.502341 631.400000 0.825934 1.592188
0.488088 0.502373 631.500000 0.965040 1.185156
0.488097 0.502309 631.600000 1.047299 0.436511
0.488115 0.502255 631.700000 1.096615 0.569568
0.488139 0.502176 631.800000 1.130778 0.103122
0.488157 0.502158 631.900000 1.094000 -0.878513
0.488163 0.502093 632.000000 1.026842 -0.434988
0.488162 0.502031 632.100000 0.981489 -0.465692
0.488154 0.501967 632.200000 0.935540 -0.444838
0.488137 0.501932 632.300000 0.876536 -0.743960
0.488116 0.501852 632.400000 0.839722 0.054551
0.488092 0.501784 632.500000 0.824887 -0.364622
0.488063 0.501735 632.600000 0.776006 -0.620121
0.488026 0.501692 632.700000 0.710726 -0.684371
0.487984 0.501614 632.800000 0.671229 -0.069716
0.487941 0.501543 632.900000 0.651882 -0.324268
0.487897 0.501477 633.000000 0.654424 0.419045
0.487857 0.501400 633.100000 0.683577 0.159076
0.487820 0.501329 633.200000 0.707090 0.327726
0.487786 0.501259 633.300000 0.739724 0.334100
0.487754 0.501180 633.400000 0.754849 -0.042261
0.487720 0.501104 633.500000 0.742349 -0.209188
0.487687 0.501032 633.600000 0.744768 0.290167
0.487654 0.500957 633.700000 0.749115 -0.221175
0.487617 0.500902 633.800000 0.710678 -0.559004
0.487574 0.500862 633.900000 0.647913 -0.699534
0.487524 0.500802 634.000000 0.587843 -0.487939
0.487469 0.500776 634.100000 0.522942 -0.824483
0.487408 0.500734 634.200000 0.447038 -0.685387
0.487342 0.500699 634.300000 0.375764 -0.742209
0.487271 0.500724 634.400000 0.282434 -1.145790
0.487197 0.500725 634.500000 0.174376 -1.011501
0.487121 0.500697 634.600000 0.083397 -0.800554
0.487044 0.500651 634.700000 0.010848 -0.645665
0.486967 0.500593 634.800000 0.001346 0.513341
0.486891 0.500546 634.900000 0.058682 0.642919
0.486815 0.500496 635.000000 0.120801 0.601223
0.486741 0.500433 635.100000 0.173557 0.450327
0.486668 0.500370 635.200000 0.218302 0.448596
0.486597 0.500297 635.300000 0.254235 0.264952
0.486527 0.500269 635.400000 0.305824 0.798845
0.486463 0.500264 635.500000 0.393395 0.968787
0.486407 0.500316 635.600000 0.505035 1.289960
0.486364 0.500472 635.700000 0.654150 1.727190
0.486338 0.500513 635.800000 0.802747 1.234445
0.486329 0.500565 635.900000 0.928113 1.290336
0.486340 0.500614 636.000000 1.055483 1.272195
0.486378 0.500792 636.100000 1.207182 1.807189
0.486441 0.500746 636.200000 1.331835 0.646353
0.486519 0.500712 636.300000 1.401013 0.759905
0.486613 0.500672 636.400000 1.472998 0.694349
0.486721 0.500611 636.500000 1.531125 0.475043
0.486844 0.500587 636.600000 1.594765 0.834482
0.486982 0.500516 636.700000 1.652793 0.319295
0.487119 0.500455 636.800000 1.646541 -0.467536
0.487246 0.500380 636.900000 1.610191 -0.233130
0.487367 0.500305 637.000000 1.587059 -0.213596
0.487482 0.500232 637.100000 1.562897 -0.257201
0.487588 0.500171 637.200000 1.526558 -0.466296
0.487682 0.500119 637.300000 1.473720 -0.583838
0.487766 0.500045 637.400000 1.430927 -0.242397
0.487847 0.499967 637.500000 1.414792 -0.057531
0.487922 0.499901 637.600000 1.392457 -0.392987
0.487994 0.499823 637.700000 1.375412 0.089323
0.488066 0.499745 637.800000 1.377430 -0.041629
0.488138 0.499666 637.900000 1.373707 -0.018031
0.488202 0.499627 638.000000 1.338639 -0.705886
0.488252 0.499582 638.100000 1.270280 -0.648610
0.488293 0.499505 638.200000 1.228228 -0.157281
0.488326 0.499476 638.300000 1.181909 -0.791005
0.488349 0.499406 638.400000 1.124770 -0.319284
0.488364 0.499349 638.500000 1.082778 -0.521648
0.488372 0.499282 638.600000 1.036676 -0.385116
0.488376 0.499204 638.700000 1.017800 0.038207
0.488384 0.499140 638.800000 1.039005 0.416177
0.488401 0.499088 638.900000 1.087721 0.579315
0.488431 0.499095 639.000000 1.167054 1.045820
0.488481 0.499116 639.100000 1.274444 1.123215
0.488552 0.499085 639.200000 1.369532 0.779095
0.488640 0.499076 639.300000 1.454060 0.937604
0.488741 0.498999 639.400000 1.506275 0.081103
0.488844 0.498921 639.500000 1.513205 0.072517
0.488948 0.498843 639.600000 1.518677 0.051325
0.489052 0.498765 639.700000 1.518478 -0.044906
0.489155 0.498688 639.800000 1.517790 0.051147
0.489253 0.498636 639.900000 1.492382 -0.576910
0.489338 0.498576 640.000000 1.438583 -0.482207
0.489408 0.498563 640.100000 1.369429 -0.911621
0.489459 0.498546 640.200000 1.279119 -0.884251
0.489495 0.498512 640.300000 1.196971 -0.743135
0.489518 0.498460 640.400000 1.129857 -0.582635
0.489536 0.498382 640.500000 1.099162 0.008053
0.489552 0.498311 640.600000 1.085526 -0.285170
0.489566 0.498236 640.700000 1.079773 0.205275
0.489583 0.498159 640.800000 1.092494 0.052992
0.489594 0.498119 640.900000 1.061827 -0.694461
0.489598 0.498048 641.000000 1.010478 -0.305059
0.489598 0.497971 641.100000 0.992137 -0.039279
0.489602 0.497912 641.200000 1.012990 0.494137
0.489613 0.497854 641.300000 1.061667 0.492026
0.489631 0.497781 641.400000 1.098809 0.251355
0.489652 0.497704 641.500000 1.117250 0.123016
0.489676 0.497632 641.600000 1.135845 0.268352
0.489703 0.497555 641.700000 1.150860 0.032299
0.489729 0.497480 641.800000 1.143019 -0.189097
0.489748 0.497421 641.900000 1.109582 -0.484762
0.489759 0.497362 642.000000 1.060450 -0.489590
0.489764 0.497291 642.100000 1.020667 -0.287401
0.489762 0.497242 642.200000 0.976569 -0.602452
0.489752 0.497180 642.300000 0.923675 -0.440308
0.489734 0.497161 642.400000 0.859023 -0.868337
0.489701 0.497219 642.500000 0.750555 -1.320825
0.489654 0.497333 642.600000 0.606752 -1.567665
0.489594 0.497403 642.700000 0.459116 -1.377219
0.489525 0.497552 642.800000 0.305951 -1.706041
0.489450 0.497676 642.900000 0.140321 -1.607283
0.489375 0.497927 643.000000 -0.041262 -2.054996
0.489303 0.498144 643.100000 -0.241058 -1.946439
0.489240 0.498240 643.200000 -0.413633 -1.493890
0.489187 0.498248 643.300000 -0.541224 -1.046375
0.489141 0.498197 643.400000 -0.623642 -0.588823
0.489102 0.498165 643.500000 -0.690203 -0.760778
0.489072 0.498144 643.600000 -0.769987 -0.850539
0.489049 0.498071 643.700000 -0.825344 -0.236454
0.489027 0.497994 643.800000 -0.832566 0.100231
0.489005 0.497917 643.900000 -0.830815 -0.082637
0.488983 0.497840 644.000000 -0.832600 0.044910
0.488959 0.497765 644.100000 -0.821606 0.173649
0.488938 0.497720 644.200000 -0.842408 -0.639804
0.488927 0.497688 644.300000 -0.911692 -0.764215
0.488919 0.497620 644.400000 -0.934355 0.356831
0.488904 0.497576 644.500000 -0.884256 0.653276
0.488883 0.497500 644.600000 -0.843620 0.126315
0.488863 0.497430 644.700000 -0.850673 -0.297456
0.488847 0.497355 644.800000 -0.874225 -0.177329
0.488828 0.497298 644.900000 -0.859212 0.503756
0.488801 0.497282 645.000000 -0.790234 0.890207
0.488763 0.497259 645.100000 -0.703554 0.837386
0.488719 0.497203 645.200000 -0.634816 0.517934
0.488668 0.497168 645.300000 -0.572637 0.733357
0.488611 0.497170 645.400000 -0.485952 1.013209
0.488546 0.497204 645.500000 -0.376074 1.194371
0.488476 0.497220 645.600000 -0.261439 1.095649
0.488402 0.497221 645.700000 -0.156285 1.005856
0.488327 0.497189 645.800000 -0.067567 0.759259
0.488251 0.497134 645.900000 -0.002302 0.537701
0.488176 0.497164 646.000000 0.081537 1.175442
0.488104 0.497162 646.100000 0.189524 0.981074
0.488035 0.497187 646.200000 0.295195 1.148206
0.487973 0.497283 646.300000 0.426016 1.495486
0.487924 0.497437 646.400000 0.585999 1.728572
0.487888 0.497399 646.500000 0.710044 0.713892
0.487863 0.497451 646.600000 0.808226 1.290975
0.487853 0.497443 646.700000 0.919895 0.938734
0.487857 0.497436 646.800000 1.013781 0.953928
0.487876 0.497416 646.900000 1.103737 0.855154
0.487906 0.497356 647.000000 1.170176 0.468834
0.487943 0.497282 647.100000 1.203583 0.199277
0.487977 0.497222 647.200000 1.191218 -0.468644
0.488000 0.497185 647.300000 1.131954 -0.720448
0.488011 0.497152 647.400000 1.057987 -0.753067
0.488007 0.497210 647.500000 0.955634 -1.317059
0.487980 0.497441 647.600000 0.791597 -1.996836
0.487931 0.497695 647.700000 0.588515 -2.071310
0.487868 0.497828 647.800000 0.401595 -1.649944
0.487798 0.497888 647.900000 0.251909 -1.331691
0.487724 0.497895 648.000000 0.132695 -1.041825
0.487649 0.497904 648.100000 0.028055 -1.055863
0.487574 0.497829 648.200000 -0.020412 0.144404
0.487498 0.497754 648.300000 -0.005822 0.148154
0.487423 0.497772 648.400000 0.054551 1.110683
0.487350 0.497794 648.500000 0.166127 1.128161
0.487280 0.497755 648.600000 0.258542 0.705495
0.487212 0.497679 648.700000 0.299978 0.097515
0.487144 0.497604 648.800000 0.299602 -0.112568
0.487076 0.497527 648.900000 0.295993 0.051414
0.487008 0.497453 649.000000 0.306901 0.176561
0.486940 0.497377 649.100000 0.312644 -0.070717
0.486871 0.497344 649.200000 0.273029 -0.754840
0.486799 0.497336 649.300000 0.188750 -0.941821
0.486724 0.497412 649.400000 0.072643 -1.407918
0.486650 0.497462 649.500000 -0.061922 -1.283513
0.486578 0.497521 649.600000 -0.191929 -1.326253
0.486511 0.497599 649.700000 -0.328564 -1.420295
0.486454 0.497709 649.800000 -0.476473 -1.555771
0.486410 0.497855 649.900000 -0.638221 -1.699720
0.486384 0.497950 650.000000 -0.797681 -1.493973
0.486375 0.497948 650.100000 -0.922315 -0.987922
0.486382 0.497989 650.200000 -1.032163 -1.236537
0.486409 0.498009 650.300000 -1.149423 -1.119340
0.486457 0.498035 650.400000 -1.262036 -1.152028
0.486524 0.498009 650.500000 -1.360146 -0.810893
0.486613 0.498052 650.600000 -1.461215 -1.251549
0.486730 0.498068 650.700000 -1.577935 -1.095846
0.486876 0.498116 650.800000 -1.694793 -1.272157
0.487058 0.498207 650.900000 -1.830587 -1.478210
0.487283 0.498293 651.000000 -1.975861 -1.451962
0.487546 0.498287 651.100000 -2.096298 -0.958206
0.487838 0.498268 651.200000 -2.186570 -0.868504
0.488157 0.498230 651.300000 -2.264312 -0.704133
0.488493 0.498161 651.400000 -2.315541 -0.326945
0.488842 0.498095 651.500000 -2.349092 -0.371280
0.489204 0.498032 651.600000 -2.387186 -0.418526
0.489580 0.497965 651.700000 -2.423869 -0.336913
0.489969 0.497904 651.800000 -2.461894 -0.455859
0.490381 0.497869 651.900000 -2.519201 -0.731842
0.490812 0.497798 652.000000 -2.569303 -0.275209
0.491239 0.497740 652.100000 -2.559764 0.478535
0.491632 0.497791 652.200000 -2.472389 1.288502
0.491974 0.497887 652.300000 -2.332530 1.501972
0.492249 0.498246 652.400000 -2.139879 2.381951
0.492451 0.498604 652.500000 -1.901202 2.382762
0.492587 0.498976 652.600000 -1.660915 2.418394
0.492666 0.499308 652.700000 -1.423997 2.310397
0.492699 0.499687 652.800000 -1.186828 2.437595
0.492690 0.500166 652.900000 -0.930929 2.694891
0.492652 0.500342 653.000000 -0.703290 1.816537
0.492599 0.500451 653.100000 -0.534220 1.553543
0.492532 0.500769 653.200000 -0.344985 2.271800
0.492458 0.500933 653.300000 -0.141849 1.773185
0.492383 0.501233 653.400000 0.056197 2.219119
0.492314 0.501593 653.500000 0.285490 2.387862
0.492259 0.501861 653.600000 0.510960 2.123024
0.492224 0.502167 653.700000 0.727866 2.237385
0.492216 0.502362 653.800000 0.934022 1.886329
0.492232 0.502411 653.900000 1.092993 1.280468
0.492268 0.502415 654.000000 1.208383 1.031910
0.492329 0.502519 654.100000 1.334658 1.537728
0.492428 0.502745 654.200000 1.508840 1.991222
0.492565 0.502772 654.300000 1.667439 1.162727
0.492725 0.502723 654.400000 1.756052 0.602850
0.492903 0.502685 654.500000 1.820547 0.713616
0.493101 0.502647 654.600000 1.890680 0.710864
0.493320 0.502613 654.700000 1.962403 0.748210
0.493566 0.502631 654.800000 2.053432 1.115252
0.493835 0.502560 654.900000 2.123510 0.268130
0.494104 0.502487 655.000000 2.125351 -0.235165
0.494373 0.502415 655.100000 2.123409 0.241429
0.494669 0.502511 655.200000 2.206237 1.504100
0.495012 0.502545 655.300000 2.340965 1.204667
0.495385 0.502487 655.400000 2.426573 0.500162
0.495770 0.502411 655.500000 2.456022 0.094367
0.496163 0.502349 655.600000 2.480131 0.430562
0.496561 0.502275 655.700000 2.492754 -0.183348
0.496942 0.502242 655.800000 2.445842 -0.761355
0.497298 0.502187 655.900000 2.379959 -0.523320
0.497628 0.502171 656.000000 2.309051 -0.893254
0.497929 0.502145 656.100000 2.222594 -0.813299
0.498202 0.502113 656.200000 2.142634 -0.765436
0.498448 0.502109 656.300000 2.055162 -0.977780
0.498668 0.502072 656.400000 1.968819 -0.720110
0.498866 0.502030 656.500000 1.898460 -0.668450
0.499043 0.502012 656.600000 1.821069 -0.874761
0.499199 0.501958 656.700000 1.748503 -0.545642
0.499344 0.501889 656.800000 1.703885 -0.320230
0.499483 0.501814 656.900000 1.680330 -0.125262
0.499619 0.501739 657.000000 1.666983 -0.125554
0.499744 0.501704 657.100000 1.624659 -0.737098
0.499850 0.501671 657.200000 1.549614 -0.752224
0.499940 0.501631 657.300000 1.476519 -0.695136
0.500007 0.501711 657.400000 1.371477 -1.433456
0.500052 0.501670 657.500000 1.263616 -0.677833
0.500089 0.501597 657.600000 1.216825 -0.225076
0.500123 0.501521 657.700000 1.205900 0.031020
0.500157 0.501446 657.800000 1.200406 -0.137544
0.500187 0.501374 657.900000 1.181441 -0.235632
0.500214 0.501299 658.000000 1.162421 -0.128554
0.500237 0.501229 658.100000 1.141390 -0.289593
0.500255 0.501156 658.200000 1.117366 -0.174969
0.500270 0.501089 658.300000 1.090664 -0.358489
0.500281 0.501013 658.400000 1.069980 -0.028818
0.500293 0.500939 658.500000 1.075984 0.169905
0.500305 0.500865 658.600000 1.077764 -0.138903
0.500317 0.500791 658.700000 1.078669 0.184042
0.500329 0.500722 658.800000 1.073880 -0.293168
0.500333 0.500676 658.900000 1.028285 -0.627110
0.500328 0.500634 659.000000 0.963215 -0.669554
0.500313 0.500585 659.100000 0.899109 -0.602946
0.500286 0.500648 659.200000 0.803171 -1.349279
0.500245 0.500666 659.300000 0.679318 -1.114498
0.500192 0.500759 659.400000 0.549866 -1.493552
0.500129 0.500822 659.500000 0.407190 -1.355052
0.500059 0.500857 659.600000 0.278902 -1.205906
0.499984 0.501110 659.700000 0.116872 -2.084513
0.499909 0.501369 659.800000 -0.091894 -2.101503
0.499840 0.501599 659.900000 -0.297183 -2.011516
0.499783 0.501796 660.000000 -0.492344 -1.899358
0.499743 0.502064 660.100000 -0.692481 -2.130466
0.499725 0.502152 660.200000 -0.873277 -1.468769
0.499731 0.502318 660.300000 -1.034457 -1.788101
0.499765 0.502438 660.400000 -1.203843 -1.609991
0.499828 0.502514 660.500000 -1.354827 -1.420224
0.499915 0.502484 660.600000 -1.465451 -0.779554
0.500013 0.502413 660.700000 -1.517059 -0.243128
0.500112 0.502342 660.800000 -1.516903 0.256063
0.500200 0.502294 660.900000 -1.473505 0.617086
0.500271 0.502297 661.000000 -1.392232 1.017989
0.500318 0.502377 661.100000 -1.270084 1.438536
0.500337 0.502476 661.200000 -1.122155 1.519146
0.500330 0.502664 661.300000 -0.953518 1.868771
0.500300 0.502823 661.400000 -0.771623 1.763913
0.500250 0.503013 661.500000 -0.590004 1.875937
0.500187 0.503170 661.600000 -0.408265 1.756524
0.500116 0.503305 661.700000 -0.236946 1.670486
0.500041 0.503304 661.800000 -0.102071 0.998055
0.499966 0.503280 661.900000 -0.010471 0.829302
0.499891 0.503325 662.000000 0.092791 1.263013
0.499818 0.503313 662.100000 0.202493 0.920585
0.499750 0.503331 662.200000 0.303673 1.120401
0.499685 0.503256 662.300000 0.367849 0.119364
0.499621 0.503197 662.400000 0.396416 0.475010
0.499558 0.503128 662.500000 0.406892 -0.299811
0.499496 0.503065 662.600000 0.410075 0.402945
0.499436 0.503020 662.700000 0.461640 0.647450
0.499382 0.502981 662.800000 0.528280 0.695934
0.499331 0.502905 662.900000 0.565067 0.012792
0.499280 0.502830 663.000000 0.569013 0.075116
0.499228 0.502761 663.100000 0.558558 -0.297740
0.499172 0.502735 663.200000 0.504050 -0.815671
0.499111 0.502679 663.300000 0.436708 -0.514565
0.499048 0.502606 663.400000 0.401342 -0.173133
0.498986 0.502545 663.500000 0.413510 0.452517
0.498928 0.502558 663.600000 0.488319 1.083384
0.498878 0.502506 663.700000 0.571358 0.560461
0.498833 0.502457 663.800000 0.628443 0.591541
0.498793 0.502402 663.900000 0.684318 0.532229
0.498756 0.502327 664.000000 0.713695 0.039004
0.498720 0.502252 664.100000 0.720538 0.108879
0.498683 0.502182 664.200000 0.713106 -0.269663
0.498645 0.502107 664.300000 0.703154 0.095545
0.498611 0.502061 664.400000 0.737381 0.624365
0.498585 0.502027 664.500000 0.805106 0.747271
0.498567 0.501981 664.600000 0.873253 0.620998
0.498553 0.501906 664.700000 0.901083 -0.089796
0.498538 0.501831 664.800000 0.893051 -0.060790
0.498524 0.501760 664.900000 0.901215 0.248993
0.498512 0.501685 665.000000 0.911856 -0.041129
0.498498 0.501611 665.100000 0.901109 -0.171788
0.498481 0.501542 665.200000 0.877898 -0.290581
0.498460 0.501472 665.300000 0.849935 -0.259801
0.498436 0.501403 665.400000 0.822211 -0.289084
0.498405 0.501404 665.500000 0.758928 -1.007700
0.498362 0.501407 665.600000 0.657397 -1.021349
0.498311 0.501399 665.700000 0.558598 -0.949665
0.498252 0.501405 665.800000 0.459507 -1.036108
0.498185 0.501495 665.900000 0.334665 -1.485237
0.498113 0.501650 666.000000 0.173701 -1.752588
0.498038 0.501663 666.100000 0.030586 -1.081899
0.497964 0.501727 666.200000 -0.090604 -1.362022
0.497893 0.501781 666.300000 -0.224100 -1.313431
0.497827 0.501785 666.400000 -0.341483 -1.028364
0.497767 0.501776 666.500000 -0.439849 -0.943313
0.497711 0.501702 666.600000 -0.492804 -0.079698
0.497656 0.501639 666.700000 -0.516348 -0.414128
0.497604 0.501567 666.800000 -0.547575 -0.206849
0.497554 0.501497 666.900000 -0.570096 -0.252546
0.497507 0.501458 667.000000 -0.616170 -0.699486
0.497465 0.501385 667.100000 -0.659420 -0.146223
0.497422 0.501324 667.200000 -0.645913 0.439835
0.497374 0.501279 667.300000 -0.592716 0.629962
0.497319 0.501298 667.400000 -0.506098 1.125893
0.497257 0.501252 667.500000 -0.417660 0.616950
0.497194 0.501181 667.600000 -0.395869 -0.226445
0.497132 0.501106 667.700000 -0.407137 0.008290
0.497070 0.501031 667.800000 -0.407031 -0.011233
0.497009 0.500956 667.900000 -0.409681 -0.047816
0.496946 0.500886 668.000000 -0.399597 0.261409
0.496883 0.500811 668.100000 -0.381993 0.078436
0.496818 0.500741 668.200000 -0.366478 0.236780
0.496752 0.500687 668.300000 -0.328491 0.536316
0.496683 0.500669 668.400000 -0.259035 0.869885
0.496611 0.500618 668.500000 -0.186632 0.564078
0.496538 0.500617 668.600000 -0.109832 0.995739
0.496463 0.500601 668.700000 -0.015508 0.889274
0.496389 0.500527 668.800000 0.031072 0.000064
0.496315 0.500453 668.900000 0.025925 -0.108407
0.496241 0.500380 669.000000 0.028096 0.165959
0.496167 0.500310 669.100000 0.024439 -0.260397
0.496093 0.500261 669.200000 -0.016672 -0.579755
0.496019 0.500252 669.300000 -0.091616 -0.941362
0.495946 0.500186 669.400000 -0.124313 0.349482
0.495874 0.500129 669.500000 -0.128681 -0.479907
0.495802 0.500064 669.600000 -0.170755 -0.359015
0.495731 0.500006 669.700000 -0.211913 -0.473779
0.495662 0.499943 669.800000 -0.254991 -0.387884
0.495595 0.499884 669.900000 -0.297364 -0.468393
0.495529 0.499811 670.000000 -0.327522 -0.121979
0.495464 0.499746 670.100000 -0.350549 -0.354719
0.495401 0.499691 670.200000 -0.393472 -0.517703
0.495343 0.499645 670.300000 -0.449716 -0.619177
0.495287 0.499575 670.400000 -0.492748 -0.228662
0.495230 0.499518 670.500000 -0.481151 0.492423
0.495171 0.499455 670.600000 -0.436763 0.387602
0.495108 0.499396 670.700000 -0.394343 0.462402
0.495044 0.499334 670.800000 -0.350697 0.406053
0.494976 0.499315 670.900000 -0.288492 0.860598
0.494906 0.499258 671.000000 -0.220494 0.481036
0.494834 0.499207 671.100000 -0.168770 0.557794
0.494762 0.499133 671.200000 -0.135604 0.081722
0.494689 0.499076 671.300000 -0.107950 0.492040
0.494616 0.499029 671.400000 -0.053569 0.602916
0.494542 0.498968 671.500000 -0.002230 0.416699
0.494469 0.498893 671.600000 0.019537 -0.001177
0.494395 0.498823 671.700000 0.029639 0.214772
0.494322 0.498750 671.800000 0.034667 -0.130995
0.494248 0.498678 671.900000 0.019237 -0.180539
0.494175 0.498604 672.000000 0.007361 -0.050928
0.494101 0.498549 672.100000 0.028852 0.510088
0.494028 0.498520 672.200000 0.092458 0.779161
0.493956 0.498449 672.300000 0.142197 0.189619
0.493885 0.498404 672.400000 0.181672 0.625218
0.493815 0.498332 672.500000 0.222781 0.178558
0.493747 0.498274 672.600000 0.253948 0.462932
0.493681 0.498247 672.700000 0.315992 0.800686
0.493620 0.498256 672.800000 0.407912 1.058668
0.493567 0.498291 672.900000 0.520360 1.207793
0.493518 0.498217 673.000000 0.579513 -0.080992
0.493470 0.498143 673.100000 0.574707 -0.005807
0.493420 0.498072 673.200000 0.564393 -0.205247
0.493369 0.497999 673.300000 0.548475 -0.103177
0.493317 0.497926 673.400000 0.537105 -0.120175
0.493262 0.497893 673.500000 0.495377 -0.742409
0.493203 0.497836 673.600000 0.434101 -0.467591
0.493141 0.497771 673.700000 0.393095 -0.344150
0.493080 0.497713 673.800000 0.397073 0.468597
0.493022 0.497695 673.900000 0.462649 0.870507
0.492970 0.497639 674.000000 0.531057 0.486667
0.492921 0.497575 674.100000 0.573734 0.368527
0.492874 0.497503 674.200000 0.585391 -0.155270
0.492828 0.497460 674.300000 0.607428 0.643053
0.492791 0.497481 674.400000 0.694233 1.128042
0.492767 0.497534 674.500000 0.814864 1.306863
0.492759 0.497569 674.600000 0.940236 1.210530
0.492769 0.497587 674.700000 1.055916 1.113761
0.492797 0.497609 674.800000 1.167646 1.138565
0.492841 0.497563 674.900000 1.255740 0.613331
0.492896 0.497517 675.000000 1.315954 0.606379
0.492961 0.497457 675.100000 1.367494 0.431566
0.493032 0.497383 675.200000 1.390432 0.021559
0.493101 0.497311 675.300000 1.384519 -0.133983
0.493162 0.497263 675.400000 1.348617 -0.595206
0.493211 0.497224 675.500000 1.284818 -0.674598
0.493249 0.497177 675.600000 1.220373 -0.601128
0.493275 0.497130 675.700000 1.159853 -0.600184
0.493288 0.497145 675.800000 1.075809 -1.098479
0.493286 0.497119 675.900000 0.979816 -0.800744
0.493270 0.497170 676.000000 0.875940 -1.297321
0.493237 0.497265 676.100000 0.736101 -1.508649
0.493187 0.497464 676.200000 0.565739 -1.920873
0.493126 0.497536 676.300000 0.398540 -1.400159
0.493059 0.497567 676.400000 0.268481 -1.193524
0.492987 0.497610 676.500000 0.146560 -1.251540
0.492915 0.497612 676.600000 0.033091 -1.010260
0.492842 0.497674 676.700000 -0.084141 -1.357664
0.492772 0.497659 676.800000 -0.197323 -0.889311
0.492704 0.497587 676.900000 -0.237989 0.122594
0.492635 0.497515 677.000000 -0.223830 0.160863
0.492565 0.497454 677.100000 -0.196085 0.405521
0.492494 0.497384 677.200000 -0.164725 0.211650
0.492423 0.497321 677.300000 -0.135413 0.383091
0.492351 0.497257 677.400000 -0.098187 0.360918
0.492278 0.497233 677.500000 -0.040706 0.813443
0.492206 0.497160 677.600000 0.005688 0.079678
0.492133 0.497094 677.700000 -0.005590 -0.326106
0.492061 0.497110 677.800000 -0.074748 -1.099529
0.491992 0.497346 677.900000 -0.229211 -2.046094
0.491935 0.497782 678.000000 -0.460752 -2.628422
0.491897 0.497960 678.100000 -0.685622 -1.846258
0.491878 0.498029 678.200000 -0.847937 -1.392757
0.491878 0.498134 678.300000 -0.994199 -1.556922
0.491904 0.498258 678.400000 -1.152734 -1.636079
0.491961 0.498449 678.500000 -1.327610 -1.895231
0.492051 0.498501 678.600000 -1.487813 -1.300779
0.492172 0.498553 678.700000 -1.617215 -1.309445
0.492323 0.498589 678.800000 -1.742556 -1.215494
0.492491 0.498516 678.900000 -1.808220 -0.060842
0.492653 0.498465 679.000000 -1.784176 0.555774
0.492802 0.498406 679.100000 -1.733610 0.434224
0.492937 0.498359 679.200000 -1.681493 0.601887
0.493056 0.498331 679.300000 -1.611792 0.788294
0.493153 0.498339 679.400000 -1.519941 1.050566
0.493226 0.498376 679.500000 -1.406235 1.222966
0.493273 0.498460 679.600000 -1.272187 1.463005
0.493295 0.498508 679.700000 -1.134191 1.282372
0.493296 0.498557 679.800000 -1.005358 1.290111
0.493282 0.498558 679.900000 -0.889467 1.009690
0.493255 0.498569 680.000000 -0.785525 1.068674
0.493215 0.498623 680.100000 -0.666914 1.314233
0.493162 0.498762 680.200000 -0.517177 1.701122
0.493098 0.499030 680.300000 -0.325672 2.156740
0.493026 0.499263 680.400000 -0.115979 2.039007
0.492954 0.499385 680.500000 0.068223 1.633248
0.492885 0.499480 680.600000 0.225463 1.514591
0.492822 0.499507 680.700000 0.359815 1.164237
0.492766 0.499519 680.800000 0.471886 1.082609
0.492719 0.499545 680.900000 0.583470 1.163768
0.492681 0.499522 681.000000 0.683112 0.823090
0.492651 0.499490 681.100000 0.761524 0.752615
0.492629 0.499437 681.200000 0.825187 0.519980
0.492611 0.499369 681.300000 0.864830 0.270745
0.492601 0.499353 681.400000 0.920397 0.882879
0.492609 0.499488 681.500000 1.046100 1.687390
0.492638 0.499460 681.600000 1.170975 0.781788
0.492679 0.499420 681.700000 1.243589 0.681005
0.492736 0.499437 681.800000 1.331134 1.108408
0.492816 0.499440 681.900000 1.436662 1.016456
0.492917 0.499442 682.000000 1.537209 1.014088
0.493024 0.499385 682.100000 1.567098 -0.473929
0.493127 0.499313 682.200000 1.547546 0.127737
0.493224 0.499282 682.300000 1.517404 -0.761219
0.493307 0.499224 682.400000 1.455761 -0.443759
0.493377 0.499192 682.500000 1.396375 -0.747733
0.493428 0.499242 682.600000 1.295001 -1.298730
0.493449 0.499486 682.700000 1.127788 -2.080548
0.493446 0.499476 682.800000 0.974269 -0.928905
0.493431 0.499455 682.900000 0.885197 -0.843164
0.493405 0.499450 683.000000 0.794898 -0.964805
0.493370 0.499422 683.100000 0.706777 -0.785295
0.493328 0.499356 683.200000 0.650493 -0.312558
0.493285 0.499285 683.300000 0.625482 -0.175594
0.493240 0.499212 683.400000 0.612459 -0.074207
0.493195 0.499140 683.500000 0.603771 -0.094909
0.493148 0.499069 683.600000 0.590281 -0.173481
0.493098 0.499028 683.700000 0.549498 -0.662957
0.493043 0.498983 683.800000 0.485358 -0.615342
0.492983 0.498977 683.900000 0.407447 -0.959371
0.492918 0.498977 684.000000 0.309765 -0.997218
0.492849 0.499029 684.100000 0.195577 -1.304903
0.492777 0.498999 684.200000 0.090531 -0.772917
0.492706 0.498928 684.300000 0.057308 0.154084
0.492634 0.498870 684.400000 0.086213 0.440466
0.492563 0.498799 684.500000 0.100082 -0.193266
0.492492 0.498738 684.600000 0.108954 0.402020
0.492422 0.498731 684.700000 0.174642 0.943437
0.492356 0.498782 684.800000 0.285765 1.304753
0.492297 0.498855 684.900000 0.420871 1.412782
0.492245 0.498806 685.000000 0.521678 0.570691
0.492195 0.498733 685.100000 0.548104 -0.067559
0.492144 0.498665 685.200000 0.532910 -0.240281
0.492090 0.498622 685.300000 0.489607 -0.642899
0.492035 0.498564 685.400000 0.477135 0.452622
0.491981 0.498492 685.500000 0.502841 0.047321
0.491929 0.498420 685.600000 0.510454 0.113709
0.491878 0.498355 685.700000 0.530987 0.313161
0.491827 0.498288 685.800000 0.533167 -0.294586
0.491775 0.498219 685.900000 0.528322 0.229029
0.491722 0.498204 686.000000 0.498197 -0.883620
0.491663 0.498150 686.100000 0.427236 -0.515899
0.491603 0.498078 686.200000 0.398531 -0.031143
0.491544 0.498024 686.300000 0.420780 0.508349
0.491490 0.497984 686.400000 0.478644 0.664003
0.491439 0.497926 686.500000 0.534443 0.448937
0.491391 0.497859 686.600000 0.570223 0.264681
0.491344 0.497788 686.700000 0.576718 -0.149497
0.491294 0.497734 686.800000 0.544543 -0.507883
0.491240 0.497668 686.900000 0.503134 -0.306938
0.491185 0.497603 687.000000 0.472364 -0.304950
0.491129 0.497532 687.100000 0.463199 0.148645
0.491075 0.497461 687.200000 0.478488 0.163317
0.491020 0.497390 687.300000 0.481385 -0.114344
0.490965 0.497318 687.400000 0.477715 0.054010
0.490911 0.497246 687.500000 0.484683 0.092449
0.490855 0.497194 687.600000 0.464644 -0.520147
0.490796 0.497158 687.700000 0.403539 -0.710024
0.490734 0.497086 687.800000 0.367304 0.024270
0.490673 0.497019 687.900000 0.381107 0.268433
0.490612 0.496965 688.000000 0.370796 -0.510429
0.490548 0.496906 688.100000 0.324366 -0.411969
0.490484 0.496838 688.200000 0.314299 0.246361
0.490421 0.496768 688.300000 0.336474 0.199094
0.490360 0.496707 688.400000 0.364744 0.380261
0.490302 0.496712 688.500000 0.433360 1.032009
0.490252 0.496721 688.600000 0.537264 1.057153
0.490214 0.496865 688.700000 0.674065 1.724958
0.490194 0.497005 688.800000 0.845155 1.711967
0.490194 0.497021 688.900000 0.986523 1.100692
0.490212 0.497096 689.000000 1.110959 1.420510
0.490260 0.497302 689.100000 1.277557 1.958355
0.490349 0.497603 689.200000 1.486919 2.268269
0.490482 0.497706 689.300000 1.678669 1.556064
0.490647 0.497704 689.400000 1.806003 0.985562
0.490841 0.497733 689.500000 1.912657 1.181042
0.491058 0.497671 689.600000 1.990889 0.366051
0.491283 0.497605 689.700000 2.022811 0.290238
0.491523 0.497573 689.800000 2.072131 0.741666
0.491782 0.497522 689.900000 2.135492 0.539561
0.492048 0.497451 690.000000 2.155926 -0.142595
0.492307 0.497382 690.100000 2.137152 -0.215937
0.492562 0.497311 690.200000 2.119856 -0.103843
0.492812 0.497240 690.300000 2.107667 -0.120157
0.493056 0.497174 690.400000 2.086750 -0.286497
0.493288 0.497119 690.500000 2.047656 -0.486535
0.493496 0.497148 690.600000 1.965215 -1.180931
0.493671 0.497184 690.700000 1.844649 -1.218956
0.493818 0.497170 690.800000 1.737540 -0.894087
0.493939 0.497213 690.900000 1.630046 -1.262501
0.494035 0.497191 691.000000 1.523727 -0.831545
0.494106 0.497303 691.100000 1.403970 -1.592806
0.494147 0.497425 691.200000 1.242124 -1.640999
0.494160 0.497531 691.300000 1.081331 -1.567177
0.494147 0.497772 691.400000 0.900241 -2.079015
0.494107 0.498223 691.500000 0.663445 -2.691048
0.494047 0.498697 691.600000 0.392053 -2.747283
0.493976 0.499187 691.700000 0.115852 -2.789503
0.493907 0.499623 691.800000 -0.155902 -2.651842
0.493846 0.499806 691.900000 -0.383764 -1.880312
0.493802 0.500301 692.000000 -0.614704 -2.800672
0.493783 0.500485 692.100000 -0.850347 -1.884864
0.493789 0.500641 692.200000 -1.032720 -1.775246
0.493821 0.500750 692.300000 -1.200252 -1.585067
0.493883 0.500847 692.400000 -1.355376 -1.535116
0.493970 0.500843 692.500000 -1.480992 -0.969051
0.494074 0.500799 692.600000 -1.560785 -0.628814
0.494188 0.500730 692.700000 -1.601956 -0.190443
0.494305 0.500658 692.800000 -1.616041 -0.103714
0.494430 0.500612 692.900000 -1.649190 -0.602206
0.494560 0.500542 693.000000 -1.671312 0.181339
0.494685 0.500476 693.100000 -1.647070 0.293639
0.494798 0.500437 693.200000 -1.598621 0.680807
0.494896 0.500390 693.300000 -1.534218 0.590075
0.494979 0.500373 693.400000 -1.461262 0.871618
0.495045 0.500336 693.500000 -1.381859 0.697232
0.495094 0.500349 693.600000 -1.293060 1.089229
0.495128 0.500298 693.700000 -1.209894 0.537885
0.495149 0.500297 693.800000 -1.134076 0.993158
0.495159 0.500239 693.900000 -1.060245 0.448706
0.495159 0.500225 694.000000 -0.993923 0.892873
0.495147 0.500201 694.100000 -0.907823 0.820055
0.495124 0.500190 694.200000 -0.820767 0.921639
0.495090 0.500220 694.300000 -0.715839 1.187562
0.495044 0.500258 694.400000 -0.594568 1.239696
0.494990 0.500235 694.500000 -0.490582 0.818421
0.494932 0.500169 694.600000 -0.433441 0.296330
0.494873 0.500098 694.700000 -0.412336 0.113363
0.494814 0.500026 694.800000 -0.407186 -0.020953
0.494755 0.499954 694.900000 -0.406623 0.030756
0.494694 0.499889 695.000000 -0.390449 0.303160
0.494632 0.499832 695.100000 -0.352402 0.463922
0.494567 0.499796 695.200000 -0.294442 0.706987
0.494500 0.499734 695.300000 -0.239930 0.366098
0.494432 0.499700 695.400000 -0.186453 0.721676
0.494361 0.499701 695.500000 -0.100678 1.010997
0.494290 0.499643 695.600000 -0.026835 0.440133
0.494219 0.499599 695.700000 0.025504 0.618060
0.494149 0.499528 695.800000 0.062454 0.097019
0.494078 0.499458 695.900000 0.059563 -0.167634
0.494007 0.499386 696.000000 0.050448 -0.006478
0.493936 0.499315 696.100000 0.046691 -0.071608
0.493866 0.499264 696.200000 0.068278 0.535369
0.493795 0.499216 696.300000 0.068851 -0.579055
0.493724 0.499145 696.400000 0.040519 0.042783
0.493654 0.499075 696.500000 0.050039 0.154099
0.493583 0.499004 696.600000 0.063537 0.115125
0.493513 0.498933 696.700000 0.068419 -0.023545
0.493442 0.498869 696.800000 0.051074 -0.339406
0.493371 0.498816 696.900000 0.009203 -0.508187
0.493300 0.498752 697.000000 -0.033007 -0.329165
0.493230 0.498689 697.100000 -0.034362 0.334949
0.493159 0.498645 697.200000 0.012467 0.617950
0.493088 0.498577 697.300000 0.033326 -0.242695
0.493018 0.498533 697.400000 -0.008303 -0.610160
0.492947 0.498466 697.500000 -0.052611 -0.260918
0.492877 0.498395 697.600000 -0.067952 -0.035948
0.492807 0.498340 697.700000 -0.092335 -0.475744
0.492738 0.498311 697.800000 -0.153679 -0.770046
0.492671 0.498292 697.900000 -0.234502 -0.856564
0.492608 0.498291 698.000000 -0.326230 -0.991974
0.492551 0.498306 698.100000 -0.430145 -1.100517
0.492503 0.498398 698.200000 -0.559150 -1.511293
0.492466 0.498389 698.300000 -0.682053 -0.929699
0.492438 0.498388 698.400000 -0.777385 -0.991944
0.492423 0.498400 698.500000 -0.880119 -1.080372
0.492424 0.498458 698.600000 -0.999805 -1.341588
0.492448 0.498574 698.700000 -1.146247 -1.618910
0.492505 0.498844 698.800000 -1.334010 -2.186189
0.492598 0.498902 698.900000 -1.511301 -1.339929
0.492715 0.498875 699.000000 -1.618255 -0.792508
0.492846 0.498821 699.100000 -1.682029 -0.487263
0.492984 0.498749 699.200000 -1.706277 0.009037
0.493121 0.498678 699.300000 -1.704817 0.002813
0.493254 0.498616 699.400000 -1.687028 0.354442
0.493369 0.498656 699.500000 -1.608480 1.248577
0.493451 0.498785 699.600000 -1.462924 1.675506
0.493502 0.498884 699.700000 -1.301367 1.542832
0.493523 0.499060 699.800000 -1.131846 1.859361
0.493517 0.499207 699.900000 -0.951102 1.748122
0.493493 0.499213 700.000000 -0.809796 1.040448
0.493457 0.499282 700.100000 -0.688478 1.402330
0.493409 0.499288 700.200000 -0.565254 1.043775
0.493353 0.499330 700.300000 -0.450717 1.258091
0.493292 0.499285 700.400000 -0.355978 0.604393
0.493227 0.499253 700.500000 -0.288853 0.745134
0.493159 0.499274 700.600000 -0.195957 1.134310
0.493090 0.499258 700.700000 -0.094709 0.881359
0.493019 0.499229 700.800000 -0.012234 0.765744
0.492949 0.499158 700.900000 0.030875 0.063373
0.492879 0.499129 701.000000 -0.002303 -0.770169
0.492809 0.499081 701.100000 -0.069755 -0.572533
0.492740 0.499041 701.200000 -0.131060 -0.662003
0.492672 0.498974 701.300000 -0.177689 -0.253874
0.492605 0.498928 701.400000 -0.218525 -0.583313
0.492541 0.498899 701.500000 -0.285398 -0.769169
0.492478 0.498828 701.600000 -0.321739 0.080145
0.492414 0.498762 701.700000 -0.305310 0.254818
0.492349 0.498726 701.800000 -0.258241 0.708758
0.492281 0.498687 701.900000 -0.189226 0.670672
0.492213 0.498616 702.000000 -0.154389 -0.008002
0.492144 0.498545 702.100000 -0.153849 0.018610
0.492076 0.498474 702.200000 -0.154267 -0.031033
0.492008 0.498404 702.300000 -0.159109 -0.069534
0.491939 0.498334 702.400000 -0.156061 0.139540
0.491872 0.498298 702.500000 -0.181940 -0.702239
0.491808 0.498369 702.600000 -0.285333 -1.408315
0.491751 0.498481 702.700000 -0.435044 -1.606596
0.491706 0.498594 702.800000 -0.595063 -1.606588
0.491676 0.498673 702.900000 -0.747575 -1.449799
0.491663 0.498752 703.000000 -0.892104 -1.456230
0.491668 0.498802 703.100000 -1.029497 -1.299994
0.491691 0.498787 703.200000 -1.139301 -0.891746
0.491720 0.498718 703.300000 -1.179038 0.134965
0.491745 0.498655 703.400000 -1.155667 0.331732
0.491764 0.498594 703.500000 -1.119832 0.377563
0.491780 0.498523 703.600000 -1.100489 -0.020876
0.491798 0.498458 703.700000 -1.114226 -0.278546
0.491819 0.498387 703.800000 -1.131478 -0.068014
0.491838 0.498329 703.900000 -1.114780 0.415764
0.491849 0.498276 704.000000 -1.068592 0.503650
0.491855 0.498206 704.100000 -1.036897 0.101040
0.491858 0.498151 704.200000 -1.008860 0.469242
0.491854 0.498093 704.300000 -0.963791 0.422030
0.491842 0.498070 704.400000 -0.902220 0.823073
0.491820 0.498053 704.500000 -0.817433 0.870485
0.491789 0.498005 704.600000 -0.744797 0.562411
0.491755 0.497934 704.700000 -0.713639 0.028145
0.491721 0.497864 704.800000 -0.708301 0.074044
0.491684 0.497812 704.900000 -0.680122 0.505555
0.491641 0.497802 705.000000 -0.609507 0.924660
0.491589 0.497849 705.100000 -0.499765 1.288094
0.491528 0.497942 705.200000 -0.359996 1.521325
0.491462 0.498050 705.300000 -0.204974 1.586993
0.491392 0.498184 705.400000 -0.041278 1.699124
0.491324 0.498293 705.500000 0.123114 1.591581
0.491258 0.498263 705.600000 0.242481 0.761694
0.491195 0.498213 705.700000 0.307434 0.531690
0.491134 0.498148 705.800000 0.348141 0.274810
0.491075 0.498099 705.900000 0.388678 0.555625
0.491019 0.498033 706.000000 0.429727 0.256438
0.490966 0.498000 706.100000 0.477173 0.722664
0.490916 0.497941 706.200000 0.533958 0.404875
0.490870 0.497877 706.300000 0.569487 0.308091
0.490828 0.497861 706.400000 0.627075 0.881146
0.490794 0.497836 706.500000 0.710873 0.801521
0.490768 0.497796 706.600000 0.783370 0.651868
0.490744 0.497741 706.700000 0.795225 -0.462128
0.490715 0.497672 706.800000 0.763445 -0.151611
0.490683 0.497639 706.900000 0.720555 -0.729774
0.490645 0.497576 707.000000 0.667086 -0.314376
0.490603 0.497527 707.100000 0.623901 -0.557097
0.490555 0.497534 707.200000 0.545014 -1.042896
0.490501 0.497482 707.300000 0.466184 -0.505460
0.490446 0.497415 707.400000 0.450600 0.234747
0.490391 0.497348 707.500000 0.453001 -0.204088
0.490338 0.497329 707.600000 0.482386 0.850753
0.490291 0.497297 707.700000 0.561571 0.736221
0.490248 0.497232 707.800000 0.612673 0.270823
0.490205 0.497170 707.900000 0.609924 -0.350978
0.490158 0.497133 708.000000 0.558898 -0.682755
0.490106 0.497101 708.100000 0.487861 -0.738941
0.490047 0.497144 708.200000 0.389054 -1.263836
0.489983 0.497134 708.300000 0.278744 -0.927420
0.489917 0.497092 708.400000 0.200250 -0.628853
0.489850 0.497029 708.500000 0.151797 -0.325536
0.489782 0.496960 708.600000 0.137873 0.067547
0.489715 0.496940 708.700000 0.181652 0.850999
0.489651 0.496923 708.800000 0.266882 0.860387
0.489591 0.496908 708.900000 0.353830 0.887174
0.489536 0.496916 709.000000 0.449952 1.052168
0.489487 0.496873 709.100000 0.534118 0.618345
0.489442 0.496808 709.200000 0.579205 0.273874
0.489398 0.496739 709.300000 0.597654 0.092807
0.489355 0.496669 709.400000 0.605405 0.067335
0.489310 0.496617 709.500000 0.584850 -0.501999
0.489262 0.496550 709.600000 0.547669 -0.223755
0.489211 0.496508 709.700000 0.506171 -0.622913
0.489154 0.496603 709.800000 0.400714 -1.532320
0.489090 0.496636 709.900000 0.263076 -1.207381
0.489022 0.496742 710.000000 0.124809 -1.581369
0.488953 0.496749 710.100000 -0.007639 -1.046526
0.488885 0.496807 710.200000 -0.126259 -1.347282
0.488820 0.496787 710.300000 -0.236667 -0.842673
0.488757 0.496718 710.400000 -0.285950 -0.111297
0.488695 0.496659 710.500000 -0.310114 -0.390093
0.488635 0.496607 710.600000 -0.354426 -0.507490
0.488578 0.496543 710.700000 -0.394913 -0.297402
0.488522 0.496488 710.800000 -0.431624 -0.450391
0.488469 0.496433 710.900000 -0.476552 -0.455098
0.488419 0.496366 711.000000 -0.510764 -0.224158
0.488368 0.496302 711.100000 -0.509222 0.274987
0.488317 0.496233 711.200000 -0.499479 -0.103710
0.488266 0.496167 711.300000 -0.493351 0.238766
0.488210 0.496161 711.400000 -0.435366 0.954950
0.488151 0.496115 711.500000 -0.357831 0.576501
0.488089 0.496050 711.600000 -0.314969 0.263732
0.488026 0.495991 711.700000 -0.282593 0.388593
0.487963 0.495925 711.800000 -0.273020 -0.230503
0.487901 0.495863 711.900000 -0.300557 -0.329376
0.487840 0.495805 712.000000 -0.336819 -0.404570
0.487780 0.495736 712.100000 -0.352050 0.122186
0.487721 0.495670 712.200000 -0.355090 -0.202986
0.487663 0.495612 712.300000 -0.384686 -0.404137
0.487606 0.495546 712.400000 -0.417105 -0.241656
0.487550 0.495488 712.500000 -0.410104 0.410555
0.487489 0.495529 712.600000 -0.328942 1.255206
0.487423 0.495602 712.700000 -0.195732 1.421038
0.487355 0.495929 712.800000 -0.008466 2.380290
0.487290 0.496216 712.900000 0.222890 2.252554
0.487237 0.496636 713.000000 0.465991 2.644152
0.487203 0.496868 713.100000 0.702406 2.072637
0.487186 0.496855 713.200000 0.853168 0.898758
0.487180 0.496842 713.300000 0.942586 0.903097
0.487184 0.496792 713.400000 1.013983 0.518791
0.487192 0.496722 713.500000 1.044631 0.084166
0.487199 0.496657 713.600000 1.037396 -0.234755
0.487205 0.496587 713.700000 1.027490 0.061352
0.487208 0.496531 713.800000 1.009910 -0.428125
0.487206 0.496465 713.900000 0.975404 -0.244466
0.487199 0.496418 714.000000 0.935175 -0.568722
0.487181 0.496459 714.100000 0.845414 -1.256329
0.487147 0.496588 714.200000 0.699462 -1.683335
0.487100 0.496647 714.300000 0.546846 -1.353498
0.487044 0.496681 714.400000 0.418131 -1.215181
0.486982 0.496721 714.500000 0.294924 -1.253164
0.486917 0.496657 714.600000 0.215689 -0.284194
0.486851 0.496629 714.700000 0.164235 -0.769786
0.486784 0.496570 714.800000 0.141924 0.381771
0.486718 0.496504 714.900000 0.152106 -0.205615
0.486651 0.496439 715.000000 0.129268 -0.253220
0.486583 0.496410 715.100000 0.079867 -0.761593
0.486515 0.496349 715.200000 0.022852 -0.360828
0.486447 0.496422 715.300000 -0.063599 -1.425902
0.486382 0.496392 715.400000 -0.173770 -0.750105
0.486317 0.496325 715.500000 -0.220605 -0.161292
0.486253 0.496256 715.600000 -0.232850 -0.082502
0.486190 0.496249 715.700000 -0.281762 -0.943835
0.486134 0.496328 715.800000 -0.400136 -1.458526
0.486088 0.496463 715.900000 -0.557474 -1.713330
0.486059 0.496710 716.000000 -0.747643 -2.126376
0.486048 0.496706 716.100000 -0.904672 -0.972119
0.486051 0.496734 716.200000 -1.010832 -1.175979
0.486069 0.496706 716.300000 -1.108598 -0.774494
0.486101 0.496700 716.400000 -1.193736 -0.952833
0.486143 0.496638 716.500000 -1.257744 -0.310457
0.486187 0.496571 716.600000 -1.264591 0.185394
0.486226 0.496510 716.700000 -1.237891 0.345356
0.486256 0.496478 716.800000 -1.184298 0.736540
0.486278 0.496412 716.900000 -1.136062 0.191515
0.486300 0.496344 717.000000 -1.133070 -0.160558
0.486324 0.496275 717.100000 -1.144409 -0.073831
0.486350 0.496215 717.200000 -1.164683 -0.358460
0.486379 0.496148 717.300000 -1.174645 0.173702
0.486407 0.496083 717.400000 -1.176138 -0.235962
0.486441 0.496027 717.500000 -1.208903 -0.443257
0.486479 0.495958 717.600000 -1.231763 -0.005312
0.486521 0.495904 717.700000 -1.253372 -0.463311
0.486568 0.495837 717.800000 -1.285571 -0.180767
0.486619 0.495771 717.900000 -1.304026 -0.203326
0.486672 0.495702 718.000000 -1.316256 -0.047172
0.486722 0.495641 718.100000 -1.301853 0.342311
0.486772 0.495580 718.200000 -1.298371 -0.318662
0.486831 0.495555 718.300000 -1.352311 -0.800155
0.486908 0.495555 718.400000 -1.440688 -0.995380
0.487007 0.495580 718.500000 -1.547114 -1.161547
0.487122 0.495517 718.600000 -1.621260 -0.297463
0.487247 0.495479 718.700000 -1.667335 -0.660955
0.487374 0.495437 718.800000 -1.671663 0.621750
0.487478 0.495498 718.900000 -1.573527 1.366740
0.487546 0.495783 719.000000 -1.394306 2.255937
0.487574 0.496015 719.100000 -1.176815 2.082703
0.487565 0.496631 719.200000 -0.918453 3.139327
0.487524 0.497124 719.300000 -0.618928 2.842918
0.487466 0.497353 719.400000 -0.371645 2.070891
0.487400 0.497526 719.500000 -0.174560 1.867269
0.487332 0.497539 719.600000 -0.025127 1.088475
0.487265 0.497599 719.700000 0.096364 1.361183
0.487201 0.497600 719.800000 0.215267 1.006333
0.487139 0.497532 719.900000 0.274318 0.136349
0.487075 0.497487 720.000000 0.253759 -0.581871
0.487011 0.497426 720.100000 0.206682 -0.347886
0.486945 0.497371 720.200000 0.166909 -0.452853
0.486879 0.497310 720.300000 0.126638 -0.347753
0.486811 0.497321 720.400000 0.057631 -1.071023
0.486744 0.497350 720.500000 -0.054768 -1.188174
0.486678 0.497369 720.600000 -0.170216 -1.124237
0.486616 0.497341 720.700000 -0.265437 -0.769104
0.486556 0.497318 720.800000 -0.344269 -0.816741
0.486501 0.497289 720.900000 -0.422872 -0.760091
0.486451 0.497261 721.000000 -0.498879 -0.768730
0.486404 0.497195 721.100000 -0.547983 -0.192032
0.486361 0.497156 721.200000 -0.589041 -0.660262
0.486321 0.497088 721.300000 -0.627418 -0.086440
0.486279 0.497036 721.400000 -0.607931 0.500340
0.486235 0.496968 721.500000 -0.577037 0.092632
0.486189 0.496912 721.600000 -0.551513 0.430331
0.486139 0.496852 721.700000 -0.511583 0.361407
0.486088 0.496786 721.800000 -0.482914 0.200265
0.486036 0.496720 721.900000 -0.462026 0.214471
0.485980 0.496684 722.000000 -0.417990 0.687660
0.485922 0.496627 722.100000 -0.362163 0.413908
0.485862 0.496585 722.200000 -0.311124 0.616082
0.485798 0.496582 722.300000 -0.232455 0.976399
0.485732 0.496672 722.400000 -0.109415 1.515581
0.485665 0.496924 722.500000 0.071868 2.150375
0.485604 0.497217 722.600000 0.292765 2.286790
0.485553 0.497337 722.700000 0.490781 1.655239
0.485513 0.497337 722.800000 0.624293 0.993820
0.485481 0.497314 722.900000 0.714759 0.817702
0.485457 0.497274 723.000000 0.787881 0.647215
0.485441 0.497260 723.100000 0.863502 0.889232
0.485432 0.497194 723.200000 0.918160 0.179914
0.485426 0.497127 723.300000 0.934728 0.160542
0.485419 0.497059 723.400000 0.936321 -0.133980
0.485410 0.496995 723.500000 0.917515 -0.239020
0.485397 0.496941 723.600000 0.882616 -0.462815
0.485383 0.496881 723.700000 0.874766 0.355250
0.485375 0.496847 723.800000 0.926411 0.706776
0.485375 0.496789 723.900000 0.982035 0.402688
0.485379 0.496726 724.000000 1.015993 0.282064
0.485386 0.496658 724.100000 1.035403 0.108643
0.485394 0.496590 724.200000 1.040870 0.006247
0.485401 0.496522 724.300000 1.037955 -0.057460
0.485409 0.496456 724.400000 1.043657 0.194854
0.485421 0.496395 724.500000 1.068946 0.329477
0.485438 0.496338 724.600000 1.105234 0.413094
0.485465 0.496315 724.700000 1.164623 0.808738
0.485506 0.496319 724.800000 1.255072 1.027667
0.485562 0.496272 724.900000 1.334520 0.554336
0.485625 0.496206 725.000000 1.373085 0.215405
0.485689 0.496139 725.100000 1.378431 -0.110803
0.485747 0.496095 725.200000 1.343819 -0.593635
0.485799 0.496027 725.300000 1.314692 0.055575
0.485852 0.495958 725.400000 1.317729 0.016539
0.485901 0.495900 725.500000 1.299570 -0.387714
0.485941 0.495864 725.600000 1.246369 -0.680786
0.485968 0.495861 725.700000 1.164038 -0.972293
0.485976 0.495929 725.800000 1.045828 -1.408324
0.485966 0.495983 725.900000 0.908299 -1.335379
0.485942 0.495987 726.000000 0.789578 -1.020416
0.485906 0.496043 726.100000 0.672027 -1.345169
0.485859 0.496120 726.200000 0.532376 -1.453920
0.485804 0.496086 726.300000 0.422872 -0.698754
0.485745 0.496115 726.400000 0.329539 -1.193375
0.485682 0.496092 726.500000 0.228748 -0.805004
0.485616 0.496061 726.600000 0.151615 -0.735968
0.485550 0.496070 726.700000 0.062686 -1.062127
0.485483 0.496028 726.800000 0.036353 0.618968
0.485417 0.495960 726.900000 0.071637 0.060976
0.485350 0.495897 727.000000 0.061908 -0.272046
0.485284 0.495829 727.100000 0.049523 0.039958
0.485217 0.495768 727.200000 0.067468 0.335182
0.485151 0.495709 727.300000 0.102108 0.361436
0.485085 0.495641 727.400000 0.120937 -0.001009
0.485020 0.495573 727.500000 0.118727 -0.044265
0.484953 0.495564 727.600000 0.072557 -0.924510
0.484887 0.495496 727.700000 0.026813 0.057154
0.484820 0.495439 727.800000 0.010562 -0.405986
0.484754 0.495451 727.900000 -0.061875 -1.080262
0.484689 0.495462 728.000000 -0.169232 -1.072785
0.484627 0.495401 728.100000 -0.240565 -0.321700
0.484565 0.495333 728.200000 -0.256289 0.021180
0.484503 0.495269 728.300000 -0.266230 -0.235982
0.484443 0.495212 728.400000 -0.297201 -0.395767
0.484385 0.495195 728.500000 -0.358649 -0.862831
0.484331 0.495154 728.600000 -0.433428 -0.628531
0.484280 0.495087 728.700000 -0.471793 -0.119636
0.484234 0.495133 728.800000 -0.538928 -1.290007
0.484198 0.495188 728.900000 -0.669561 -1.337325
0.484174 0.495189 729.000000 -0.786552 -0.998383
0.484164 0.495260 729.100000 -0.905979 -1.425783
0.484174 0.495378 729.200000 -1.058214 -1.647119
0.484210 0.495500 729.300000 -1.222762 -1.663981
0.484277 0.495649 729.400000 -1.393551 -1.778830
0.484385 0.495933 729.500000 -1.593365 -2.266420
0.484546 0.496236 729.600000 -1.821410 -2.325431
0.484769 0.496570 729.700000 -2.057118 -2.424409
0.485052 0.496678 729.800000 -2.258992 -1.603166
0.485379 0.496702 729.900000 -2.396443 -1.153195
0.485731 0.496640 730.000000 -2.470339 -0.310423
0.486085 0.496573 730.100000 -2.480359 0.105582
0.486426 0.496542 730.200000 -2.438587 0.738957
0.486743 0.496507 730.300000 -2.365977 0.690183
0.487034 0.496491 730.400000 -2.287474 0.869277
0.487300 0.496466 730.500000 -2.202940 0.799425
0.487545 0.496416 730.600000 -2.136099 0.504028
0.487776 0.496362 730.700000 -2.086888 0.459121
0.488000 0.496294 730.800000 -2.060612 0.025097
0.488234 0.496268 730.900000 -2.095328 -0.782393
0.488474 0.496209 731.000000 -2.118232 0.359345
0.488709 0.496142 731.100000 -2.102078 -0.078612
0.488941 0.496080 731.200000 -2.091777 0.282181
0.489167 0.496014 731.300000 -2.067764 0.172896
0.489388 0.495947 731.400000 -2.051921 0.121496
0.489609 0.495881 731.500000 -2.053265 -0.184357
0.489832 0.495814 731.600000 -2.061237 0.013851
0.490056 0.495746 731.700000 -2.060420 -0.019830
0.490283 0.495684 731.800000 -2.074369 -0.294304
0.490523 0.495647 731.900000 -2.120178 -0.663610
0.490778 0.495589 732.000000 -2.172464 -0.392532
0.491037 0.495523 732.100000 -2.185931 0.126731
0.491289 0.495466 732.200000 -2.159394 0.397043
0.491529 0.495406 732.300000 -2.121201 0.344559
0.491760 0.495342 732.400000 -2.091324 0.227416
0.491985 0.495278 732.500000 -2.067914 0.220708
0.492188 0.495339 732.600000 -1.990158 1.375695
0.492353 0.495437 732.700000 -1.843340 1.557563
0.492477 0.495586 732.800000 -1.676613 1.778360
0.492565 0.495694 732.900000 -1.506536 1.606756
0.492617 0.495937 733.000000 -1.320540 2.134320
0.492636 0.496079 733.100000 -1.125067 1.753104
0.492628 0.496301 733.200000 -0.935160 2.059116
0.492597 0.496552 733.300000 -0.724297 2.165220
0.492547 0.496856 733.400000 -0.500072 2.332207
0.492484 0.497231 733.500000 -0.256859 2.550835
0.492417 0.497500 733.600000 -0.017952 2.220795
0.492353 0.497842 733.700000 0.214611 2.454272
0.492301 0.498211 733.800000 0.462869 2.529930
0.492268 0.498593 733.900000 0.716940 2.571631
0.492265 0.498936 734.000000 0.967611 2.456426
0.492295 0.499155 734.100000 1.192935 2.051333
0.492360 0.499343 734.200000 1.391724 1.941398
0.492462 0.499480 734.300000 1.574856 1.734482
0.492599 0.499559 734.400000 1.734408 1.467377
0.492764 0.499524 734.500000 1.843659 0.702453
0.492938 0.499457 734.600000 1.882901 0.071288
0.493105 0.499417 734.700000 1.855297 -0.641671
0.493251 0.499431 734.800000 1.768842 -1.096193
0.493364 0.499569 734.900000 1.628012 -1.742487
0.493442 0.499672 735.000000 1.460852 -1.585343
0.493490 0.499772 735.100000 1.302650 -1.571715
0.493514 0.499841 735.200000 1.152432 -1.419893
0.493513 0.500005 735.300000 0.990112 -1.844833
0.493492 0.500077 735.400000 0.824973 -1.436253
0.493456 0.500178 735.500000 0.674679 -1.576300
0.493408 0.500246 735.600000 0.524701 -1.416383
0.493349 0.500436 735.700000 0.358000 -1.947820
0.493284 0.500592 735.800000 0.169922 -1.813333
0.493217 0.500928 735.900000 -0.040693 -2.439796
0.493155 0.501177 736.000000 -0.270849 -2.161937
0.493105 0.501475 736.100000 -0.493880 -2.321151
0.493072 0.501672 736.200000 -0.708749 -1.975178
0.493060 0.501824 736.300000 -0.897081 -1.799700
0.493074 0.502057 736.400000 -1.090611 -2.105447
0.493118 0.502187 736.500000 -1.281401 -1.711608
0.493195 0.502336 736.600000 -1.455138 -1.789022
0.493304 0.502379 736.700000 -1.608538 -1.275938
0.493434 0.502341 736.800000 -1.706271 -0.669624
0.493579 0.502292 736.900000 -1.765908 -0.536697
0.493736 0.502241 737.000000 -1.816528 -0.493944
0.493912 0.502261 737.100000 -1.895518 -1.140664
0.494111 0.502213 737.200000 -1.980305 -0.548882
0.494321 0.502150 737.300000 -2.021132 -0.275980
0.494529 0.502095 737.400000 -2.013819 0.438154
0.494725 0.502040 737.500000 -1.969329 0.433571
0.494914 0.501972 737.600000 -1.944858 0.016478
0.495100 0.501907 737.700000 -1.932897 0.213766
0.495278 0.501852 737.800000 -1.899709 0.443916
0.495434 0.501890 737.900000 -1.816283 1.250386
0.495562 0.501911 738.000000 -1.695593 1.146363
0.495666 0.501910 738.100000 -1.587781 0.990754
0.495749 0.501899 738.200000 -1.491599 0.918410
0.495807 0.502039 738.300000 -1.359670 1.754076
0.495838 0.502088 738.400000 -1.204926 1.313232
0.495852 0.502081 738.500000 -1.090713 0.946605
0.495854 0.502033 738.600000 -1.014363 0.553782
0.495849 0.501991 738.700000 -0.955467 0.620413
0.495839 0.501924 738.800000 -0.923118 -0.013051
0.495832 0.501866 738.900000 -0.941595 -0.385386
0.495828 0.501799 739.000000 -0.966640 -0.112600
0.495822 0.501756 739.100000 -0.943043 0.612444
0.495808 0.501706 739.200000 -0.885977 0.517673
0.495787 0.501673 739.300000 -0.824588 0.714327
0.495756 0.501672 739.400000 -0.739540 0.997024
0.495716 0.501711 739.500000 -0.627595 1.253210
0.495668 0.501682 739.600000 -0.525823 0.756410
0.495613 0.501735 739.700000 -0.422463 1.340240
0.495552 0.501765 739.800000 -0.295229 1.199878
0.495486 0.501955 739.900000 -0.139646 1.954875
0.495419 0.502108 740.000000 0.048513 1.809552
0.495356 0.502222 740.100000 0.220874 1.638688
0.495298 0.502246 740.200000 0.361882 1.167509
0.495245 0.502240 740.300000 0.468243 0.958472
0.495201 0.502270 740.400000 0.575083 1.200815
0.495165 0.502258 740.500000 0.680792 0.910128
0.495138 0.502243 740.600000 0.769935 0.882891
0.495120 0.502207 740.700000 0.848512 0.690891
0.495109 0.502159 740.800000 0.909791 0.538810
0.495108 0.502171 740.900000 0.989077 1.087744
0.495123 0.502178 741.000000 1.095320 1.050772
0.495152 0.502167 741.100000 1.193263 0.917567
0.495190 0.502100 741.200000 1.245922 0.109870
0.495224 0.502050 741.300000 1.226928 -0.509304
0.495249 0.502022 741.400000 1.163074 -0.772022
0.495259 0.502045 741.500000 1.067235 -1.157461
0.495255 0.502030 741.600000 0.964113 -0.886124
0.495236 0.502141 741.700000 0.840055 -1.629175
0.495201 0.502178 741.800000 0.695332 -1.245246
0.495154 0.502393 741.900000 0.532807 -2.047064
0.495095 0.502589 742.000000 0.331643 -1.978029
0.495029 0.502730 742.100000 0.144575 -1.758879
0.494963 0.502820 742.200000 -0.020108 -1.530576
0.494898 0.502946 742.300000 -0.180732 -1.699035
0.494841 0.503186 742.400000 -0.370856 -2.137251
0.494795 0.503292 742.500000 -0.558570 -1.603930
0.494763 0.503410 742.600000 -0.721081 -1.663439
0.494748 0.503479 742.700000 -0.875319 -1.424727
0.494757 0.503748 742.800000 -1.055383 -2.235473
0.494802 0.504080 742.900000 -1.287509 -2.440130
0.494885 0.504187 743.000000 -1.490820 -1.608011
0.495005 0.504383 743.100000 -1.668193 -1.982546
0.495168 0.504485 743.200000 -1.846455 -1.589105
0.495362 0.504465 743.300000 -1.968734 -0.844076
0.495590 0.504596 743.400000 -2.093287 -1.717064
0.495868 0.504725 743.500000 -2.263360 -1.714222
0.496193 0.504776 743.600000 -2.414835 -1.326530
0.496554 0.504753 743.700000 -2.522008 -0.821476
0.496940 0.504716 743.800000 -2.595667 -0.673460
0.497343 0.504654 743.900000 -2.643228 -0.286924
0.497759 0.504603 744.000000 -2.680941 -0.506844
0.498174 0.504562 744.100000 -2.676440 0.627071
0.498569 0.504504 744.200000 -2.623538 0.395300
0.498942 0.504488 744.300000 -2.560305 0.870192
0.499280 0.504527 744.400000 -2.453554 1.264577
0.499575 0.504583 744.500000 -2.321835 1.356758
0.499830 0.504621 744.600000 -2.190221 1.254039
0.500044 0.504724 744.700000 -2.047949 1.593994
0.500206 0.505059 744.800000 -1.847308 2.451893
0.500316 0.505255 744.900000 -1.624184 1.980198
0.500383 0.505513 745.000000 -1.415213 2.205236
0.500408 0.505925 745.100000 -1.172376 2.673620
0.500391 0.506676 745.200000 -0.866339 3.492576
0.500341 0.507615 745.300000 -0.499398 3.876150
0.500275 0.508378 745.400000 -0.129451 3.519409
0.500212 0.509451 745.500000 0.250323 4.125180
0.500173 0.510296 745.600000 0.641070 3.691146
0.500169 0.510809 745.700000 0.973511 2.944188
0.500203 0.511035 745.800000 1.226488 2.095945
0.500267 0.511084 745.900000 1.398237 1.321568
0.500353 0.511074 746.000000 1.511268 0.939900
0.500457 0.511045 746.100000 1.596103 0.767797
0.500570 0.510978 746.200000 1.641201 0.120085
0.500684 0.510910 746.300000 1.643241 -0.072371
0.500793 0.510850 746.400000 1.621619 -0.359118
0.500895 0.510787 746.500000 1.588250 -0.290315
0.500996 0.510723 746.600000 1.584530 0.259194
0.501107 0.510693 746.700000 1.633338 0.760565
0.501245 0.510793 746.800000 1.747286 1.581972
0.501415 0.510814 746.900000 1.884136 1.158540
0.501613 0.510807 747.000000 1.989359 0.960422
0.501839 0.510826 747.100000 2.092728 1.141445
0.502096 0.510829 747.200000 2.200425 1.033760
0.502380 0.510804 747.300000 2.291508 0.803206
0.502681 0.510743 747.400000 2.348238 0.333826
0.502984 0.510680 747.500000 2.351480 -0.275817
0.503270 0.510656 747.600000 2.297359 -0.812810
0.503524 0.510690 747.700000 2.195063 -1.236730
0.503733 0.510902 747.800000 2.032248 -2.046755
0.503885 0.511204 747.900000 1.812498 -2.354924
0.503990 0.511346 748.000000 1.604190 -1.774964
0.504059 0.511488 748.100000 1.426512 -1.771736
0.504095 0.511643 748.200000 1.246430 -1.827910
0.504105 0.511742 748.300000 1.075093 -1.583116
0.504095 0.511785 748.400000 0.930345 -1.294213
0.504071 0.511844 748.500000 0.796704 -1.380676
0.504031 0.511955 748.600000 0.646450 -1.637191
0.503980 0.512007 748.700000 0.496733 -1.343865
0.503921 0.512117 748.800000 0.348726 -1.633633
0.503857 0.512079 748.900000 0.231021 -0.675131
0.503793 0.512011 749.000000 0.191609 -0.083204
0.503728 0.511969 749.100000 0.216706 0.623835
0.503666 0.511920 749.200000 0.274723 0.537416
0.503607 0.511911 749.300000 0.347583 0.946901
0.503553 0.511899 749.400000 0.440517 0.918764
0.503503 0.511841 749.500000 0.507093 0.394405
0.503456 0.511800 749.600000 0.557548 0.634478
0.503415 0.511768 749.700000 0.625365 0.736126
0.503380 0.511726 749.800000 0.693222 0.625305
0.503348 0.511657 749.900000 0.723696 -0.040648
0.503313 0.511606 750.000000 0.697139 -0.508071
0.503273 0.511580 750.100000 0.632627 -0.792864
0.503230 0.511514 750.200000 0.599653 0.187108
0.503186 0.511462 750.300000 0.585704 -0.495015
0.503138 0.511409 750.400000 0.537105 -0.472525
0.503086 0.511375 750.500000 0.478388 -0.711508
0.503029 0.511367 750.600000 0.395961 -0.948469
0.502969 0.511344 750.700000 0.306980 -0.825712
0.502904 0.511439 750.800000 0.189531 -1.563372
0.502837 0.511684 750.900000 0.004805 -2.169386
0.502773 0.511912 751.000000 -0.208771 -2.110388
0.502718 0.512156 751.100000 -0.421753 -2.165337
0.502676 0.512278 751.200000 -0.614932 -1.688787
0.502653 0.512565 751.300000 -0.812571 -2.311805
0.502655 0.512690 751.400000 -1.013890 -1.702817
0.502680 0.512782 751.500000 -1.176007 -1.550620
0.502732 0.512897 751.600000 -1.335284 -1.660640
0.502809 0.512908 751.700000 -1.473360 -1.093095
0.502905 0.512873 751.800000 -1.563197 -0.703630
0.503015 0.512836 751.900000 -1.631999 -0.691077
0.503139 0.512787 752.000000 -1.692717 -0.535039
0.503268 0.512719 752.100000 -1.718534 0.028618
0.503392 0.512667 752.200000 -1.692959 0.490152
0.503502 0.512636 752.300000 -1.631048 0.747244
0.503597 0.512591 752.400000 -1.562863 0.596117
0.503681 0.512536 752.500000 -1.510098 0.438390
0.503752 0.512539 752.600000 -1.437335 1.035515
0.503802 0.512554 752.700000 -1.329579 1.114845
0.503832 0.512618 752.800000 -1.203531 1.414471
0.503838 0.512725 752.900000 -1.052001 1.622481
0.503823 0.512844 753.000000 -0.886992 1.678675
0.503793 0.512883 753.100000 -0.738493 1.269740
0.503750 0.512940 753.200000 -0.606628 1.372252
0.503699 0.512973 753.300000 -0.476019 1.233800
0.503640 0.512987 753.400000 -0.358349 1.115083
0.503578 0.512971 753.500000 -0.258116 0.879459
0.503514 0.512903 753.600000 -0.216553 -0.097565
0.503450 0.512840 753.700000 -0.208449 0.276667
0.503385 0.512810 753.800000 -0.158238 0.751930
0.503319 0.512820 753.900000 -0.067352 1.085745
0.503252 0.512819 754.000000 0.037237 1.006925
0.503186 0.512797 754.100000 0.129592 0.836902
0.503123 0.512788 754.200000 0.218049 0.943546
0.503062 0.512771 754.300000 0.308663 0.872117
0.503006 0.512737 754.400000 0.387889 0.711628
0.502953 0.512721 754.500000 0.467229 0.892320
0.502904 0.512657 754.600000 0.502428 -0.238485
0.502853 0.512591 754.700000 0.497920 0.173778
0.502806 0.512561 754.800000 0.542372 0.751570
0.502763 0.512503 754.900000 0.599715 0.385396
0.502721 0.512447 755.000000 0.599381 -0.426796
0.502675 0.512382 755.100000 0.566857 -0.208455
0.502629 0.512316 755.200000 0.548295 -0.155420
0.502582 0.512248 755.300000 0.540777 0.018911
0.502536 0.512199 755.400000 0.566584 0.529620
0.502495 0.512154 755.500000 0.621870 0.587596
0.502457 0.512086 755.600000 0.655630 0.069648
0.502420 0.512019 755.700000 0.663715 0.100601
0.502384 0.511956 755.800000 0.681378 0.268675
0.502348 0.511903 755.900000 0.673244 -0.461564
0.502307 0.511854 756.000000 0.623537 -0.531974
0.502262 0.511812 756.100000 0.565672 -0.626877
0.502214 0.511745 756.200000 0.536468 0.082493
0.502165 0.511699 756.300000 0.513016 -0.580648
0.502114 0.511632 756.400000 0.480047 -0.048655
0.502064 0.511580 756.500000 0.500178 0.483849
0.502017 0.511514 756.600000 0.532649 0.155848
0.501969 0.511448 756.700000 0.532739 -0.164763
0.501918 0.511427 756.800000 0.483997 -0.841232
0.501864 0.511364 756.900000 0.427287 -0.262068
0.501809 0.511299 757.000000 0.404426 -0.188382
0.501753 0.511238 757.100000 0.409351 0.316513
0.501700 0.511180 757.200000 0.443984 0.385537
0.501649 0.511115 757.300000 0.471757 0.164766
0.501599 0.511054 757.400000 0.496074 0.336200
0.501551 0.511000 757.500000 0.534680 0.448560
0.501508 0.510955 757.600000 0.585593 0.584555
0.501466 0.510891 757.700000 0.605049 -0.229344
0.501420 0.510865 757.800000 0.555635 -0.783235
0.501371 0.510799 757.900000 0.506276 -0.170238
0.501320 0.510743 758.000000 0.477415 -0.415738
0.501265 0.510717 758.100000 0.418133 -0.786857
0.501208 0.510650 758.200000 0.371110 -0.118376
0.501150 0.510599 758.300000 0.341386 -0.492731
0.501090 0.510535 758.400000 0.304929 -0.221303
0.501029 0.510473 758.500000 0.279955 -0.279339
0.500967 0.510407 758.600000 0.257845 -0.154978
0.500905 0.510340 758.700000 0.244020 -0.117806
0.500842 0.510277 758.800000 0.226436 -0.238401
0.500780 0.510212 758.900000 0.221774 0.167522
0.500718 0.510169 759.000000 0.259515 0.613897
0.500660 0.510164 759.100000 0.337547 0.971381
0.500605 0.510117 759.200000 0.414091 0.545589
0.500551 0.510059 759.300000 0.424057 -0.388414
0.500496 0.509992 759.400000 0.403614 0.002312
0.500440 0.509933 759.500000 0.387099 -0.346948
0.500383 0.509866 759.600000 0.369160 0.008947
0.500325 0.509803 759.700000 0.357756 -0.246753
0.500266 0.509759 759.800000 0.316158 -0.601610
0.500204 0.509725 759.900000 0.251133 -0.704299
0.500142 0.509660 760.000000 0.221387 0.153335
0.500079 0.509593 760.100000 0.223985 -0.112353
0.500016 0.509543 760.200000 0.193993 -0.506574
0.499952 0.509485 760.300000 0.150208 -0.362269
0.499887 0.509424 760.400000 0.116941 -0.300212
0.499822 0.509359 760.500000 0.109719 0.180675
0.499757 0.509292 760.600000 0.117817 -0.027634
0.499692 0.509227 760.700000 0.108564 -0.163546
0.499627 0.509181 760.800000 0.072875 -0.571466
0.499561 0.509116 760.900000 0.049817 0.145780
0.499496 0.509067 761.000000 0.032819 -0.519498
0.499430 0.509051 761.100000 -0.036384 -0.886269
0.499366 0.509027 761.200000 -0.120769 -0.802032
0.499303 0.509035 761.300000 -0.213311 -1.068241
0.499244 0.509008 761.400000 -0.305900 -0.775905
0.499187 0.508952 761.500000 -0.366084 -0.415987
0.499132 0.508895 761.600000 -0.405999 -0.386613
0.499079 0.508831 761.700000 -0.435125 -0.191742
0.499023 0.508885 761.800000 -0.380601 1.358442
0.498962 0.508934 761.900000 -0.246428 1.326704
0.498898 0.508871 762.000000 -0.165071 0.248195
0.498834 0.508809 762.100000 -0.138747 0.279577
0.498769 0.508746 762.200000 -0.112425 0.245141
0.498704 0.508680 762.300000 -0.096061 0.073259
0.498639 0.508635 762.400000 -0.065117 0.571263
0.498574 0.508578 762.500000 -0.016565 0.392737
0.498509 0.508568 762.600000 0.047793 0.924292
0.498444 0.508501 762.700000 0.095562 -0.012888
0.498380 0.508461 762.800000 0.125327 0.643637
0.498316 0.508409 762.900000 0.180708 0.458884
0.498254 0.508345 763.000000 0.193584 -0.233575
0.498190 0.508308 763.100000 0.149818 -0.663683
0.498125 0.508273 763.200000 0.082129 -0.693679
0.498060 0.508278 763.300000 -0.004049 -1.051535
0.497995 0.508218 763.400000 -0.073275 -0.298955
0.497930 0.508152 763.500000 -0.093366 -0.094411
0.497866 0.508085 763.600000 -0.096999 0.026703
0.497801 0.508022 763.700000 -0.085031 0.222108
0.497736 0.507987 763.800000 -0.040559 0.692411
0.497671 0.508001 763.900000 0.048215 1.108179
0.497607 0.508014 764.000000 0.158435 1.102240
0.497547 0.508086 764.100000 0.285046 1.455980
0.497495 0.508235 764.200000 0.447082 1.814106
0.497455 0.508327 764.300000 0.615583 1.556363
0.497426 0.508309 764.400000 0.737669 0.863222
0.497405 0.508300 764.500000 0.826790 0.934887
0.497391 0.508235 764.600000 0.882540 0.152110
0.497377 0.508172 764.700000 0.878715 -0.239608
0.497358 0.508121 764.800000 0.842680 -0.486557
0.497334 0.508071 764.900000 0.792864 -0.504876
0.497310 0.508023 765.000000 0.790674 0.520323
0.497289 0.507957 765.100000 0.821812 0.090439
0.497265 0.507922 765.200000 0.793291 -0.693407
0.497233 0.507936 765.300000 0.704076 -1.108465
0.497190 0.507997 765.400000 0.579438 -1.398343
0.497137 0.508086 765.500000 0.432976 -1.539919
0.497076 0.508267 765.600000 0.259873 -1.947351
0.497012 0.508366 765.700000 0.082347 -1.592133
0.496947 0.508458 765.800000 -0.074933 -1.559277
0.496887 0.508642 765.900000 -0.249336 -1.958785
0.496835 0.508844 766.000000 -0.447703 -2.024821
0.496797 0.508987 766.100000 -0.638407 -1.792147
0.496774 0.509082 766.200000 -0.806447 -1.572931
0.496764 0.509043 766.300000 -0.918964 -0.644911
0.496762 0.508993 766.400000 -0.976277 -0.506667
0.496763 0.508926 766.500000 -1.003714 -0.029372
0.496767 0.508874 766.600000 -1.026835 -0.466224
0.496776 0.508815 766.700000 -1.066594 -0.334766
0.496787 0.508751 766.800000 -1.075465 0.171575
0.496798 0.508693 766.900000 -1.083543 -0.371576
0.496815 0.508631 767.000000 -1.114480 -0.253755
0.496835 0.508571 767.100000 -1.141250 -0.296375
0.496855 0.508509 767.200000 -1.143857 0.260585
0.496877 0.508458 767.300000 -1.152518 -0.483008
0.496904 0.508394 767.400000 -1.187184 -0.210017
0.496937 0.508347 767.500000 -1.223060 -0.537720
0.496972 0.508285 767.600000 -1.238212 0.261675
0.497004 0.508220 767.700000 -1.217099 0.143371
0.497031 0.508165 767.800000 -1.189605 0.409072
0.497049 0.508146 767.900000 -1.127367 0.849104
0.497054 0.508145 768.000000 -1.034895 1.001552
0.497047 0.508133 768.100000 -0.938735 0.911846
0.497029 0.508114 768.200000 -0.850056 0.854116
0.497001 0.508140 768.300000 -0.748718 1.186100
0.496960 0.508264 768.400000 -0.605279 1.708954
0.496909 0.508315 768.500000 -0.451980 1.340591
0.496852 0.508306 768.600000 -0.337082 0.938749
0.496792 0.508248 768.700000 -0.270622 0.361652
0.496731 0.508184 768.800000 -0.259587 -0.169737
0.496673 0.508153 768.900000 -0.303138 -0.734479
0.496617 0.508109 769.000000 -0.368954 -0.580649
0.496563 0.508046 769.100000 -0.409308 -0.213870
0.496514 0.508065 769.200000 -0.474535 -1.144883
0.496470 0.508025 769.300000 -0.564136 -0.630862
0.496428 0.507959 769.400000 -0.599331 -0.051504
0.496388 0.507894 769.500000 -0.607921 -0.130733
0.496350 0.507842 769.600000 -0.636891 -0.473476
0.496313 0.507783 769.700000 -0.646718 0.309270
0.496274 0.507717 769.800000 -0.630481 -0.005963
0.496238 0.507691 769.900000 -0.667562 -0.782872
0.496210 0.507655 770.000000 -0.740658 -0.684686
0.496186 0.507602 770.100000 -0.796805 -0.436168
0.496167 0.507538 770.200000 -0.828961 -0.205069
0.496147 0.507477 770.300000 -0.827096 0.257344
0.496118 0.507557 770.400000 -0.742212 1.498760
0.496076 0.507665 770.500000 -0.585784 1.637570
0.496024 0.507718 770.600000 -0.435610 1.353737
0.495965 0.507808 770.700000 -0.291129 1.548929
0.495901 0.507991 770.800000 -0.116961 1.961377
0.495838 0.508215 770.900000 0.085840 2.111714
0.495779 0.508416 771.000000 0.292645 2.032160
0.495730 0.508615 771.100000 0.494510 2.018021
0.495700 0.508956 771.200000 0.718765 2.508456
0.495695 0.509222 771.300000 0.956878 2.261168
0.495717 0.509351 771.400000 1.156905 1.733065
0.495763 0.509384 771.500000 1.305664 1.236659
0.495831 0.509410 771.600000 1.426332 1.194037
0.495916 0.509368 771.700000 1.516779 0.604416
0.496011 0.509316 771.800000 1.570187 0.475286
0.496115 0.509256 771.900000 1.608330 0.296366
0.496221 0.509190 772.000000 1.624003 0.020196
0.496327 0.509125 772.100000 1.619604 -0.098038
0.496423 0.509097 772.200000 1.577147 -0.770828
0.496503 0.509085 772.300000 1.492825 -0.911307
0.496565 0.509084 772.400000 1.397082 -0.997979
0.496613 0.509039 772.500000 1.317329 -0.565599
0.496652 0.508995 772.600000 1.259287 -0.586139
0.496680 0.508963 772.700000 1.193541 -0.726650
0.496695 0.508957 772.800000 1.109345 -0.961535
0.496698 0.508943 772.900000 1.016174 -0.892208
0.496688 0.508952 773.000000 0.917965 -1.076173
0.496666 0.508956 773.100000 0.812034 -1.036860
0.496636 0.508919 773.200000 0.725381 -0.674474
0.496603 0.508853 773.300000 0.691214 0.032032
0.496570 0.508788 773.400000 0.697613 0.106967
0.496540 0.508746 773.500000 0.731335 0.601019
0.496516 0.508692 773.600000 0.783041 0.434819
0.496496 0.508641 773.700000 0.827984 0.476342
0.496478 0.508577 773.800000 0.844825 -0.162346
0.496460 0.508513 773.900000 0.841781 0.124130
0.496441 0.508449 774.000000 0.839245 -0.181872
0.496420 0.508389 774.100000 0.814847 -0.305152
0.496392 0.508382 774.200000 0.753343 -0.952450
0.496355 0.508395 774.300000 0.651016 -1.099303
0.496311 0.508369 774.400000 0.555667 -0.790708
0.496262 0.508349 774.500000 0.474148 -0.840913
0.496209 0.508286 774.600000 0.421192 -0.183283
0.496157 0.508223 774.700000 0.421118 0.205504
0.496104 0.508158 774.800000 0.427712 -0.083528
0.496051 0.508094 774.900000 0.415241 -0.166431
0.495996 0.508089 775.000000 0.360496 -0.967345
0.495936 0.508093 775.100000 0.260583 -1.036013
0.495874 0.508127 775.200000 0.147241 -1.244649
0.495810 0.508116 775.300000 0.038313 -0.922005
0.495746 0.508135 775.400000 -0.064078 -1.141859
0.495684 0.508127 775.500000 -0.168567 -0.944175
0.495624 0.508076 775.600000 -0.240404 -0.474497
0.495565 0.508031 775.700000 -0.292166 -0.570704
0.495510 0.508007 775.800000 -0.359918 -0.802457
0.495457 0.507950 775.900000 -0.418909 -0.362014
0.495407 0.507896 776.000000 -0.457413 -0.417047
0.495359 0.507845 776.100000 -0.500971 -0.463320
0.495314 0.507779 776.200000 -0.528629 -0.076943
0.495270 0.507746 776.300000 -0.565936 -0.708125
0.495231 0.507684 776.400000 -0.612279 -0.201442
0.495192 0.507618 776.500000 -0.624693 -0.045830
0.495154 0.507553 776.600000 -0.629464 -0.056648
0.495116 0.507488 776.700000 -0.635853 -0.078895
0.495077 0.507432 776.800000 -0.622245 0.367797
0.495034 0.507399 776.900000 -0.568695 0.717302
0.494987 0.507361 777.000000 -0.500394 0.642899
0.494935 0.507346 777.100000 -0.424603 0.883979
0.494880 0.507285 777.200000 -0.364903 0.278570
0.494823 0.507226 777.300000 -0.336485 0.288111
0.494765 0.507188 777.400000 -0.289949 0.660335
0.494705 0.507140 777.500000 -0.231225 0.506640
0.494644 0.507075 777.600000 -0.200157 0.093315
0.494583 0.507010 777.700000 -0.191602 0.075339
0.494522 0.506949 777.800000 -0.199900 -0.260506
0.494461 0.506885 777.900000 -0.207265 0.130409
0.494400 0.506822 778.000000 -0.191358 0.189464
0.494338 0.506761 778.100000 -0.169525 0.249428
0.494276 0.506701 778.200000 -0.169814 -0.283651
0.494215 0.506636 778.300000 -0.182766 0.038375
0.494153 0.506572 778.400000 -0.176127 0.095812
0.494092 0.506509 778.500000 -0.163335 0.162263
0.494029 0.506482 778.600000 -0.118112 0.773598
0.493966 0.506458 778.700000 -0.039824 0.796229
0.493902 0.506402 778.800000 0.019862 0.379356
0.493839 0.506338 778.900000 0.033948 -0.121831
0.493776 0.506273 779.000000 0.026496 -0.022261
0.493712 0.506208 779.100000 0.028825 0.074056
0.493649 0.506178 779.200000 0.067791 0.741036
0.493587 0.506142 779.300000 0.138032 0.664333
0.493527 0.506149 779.400000 0.223142 1.063770
0.493472 0.506264 779.500000 0.358013 1.673574
0.493424 0.506271 779.600000 0.495580 1.057735
0.493384 0.506258 779.700000 0.593270 0.898199
0.493347 0.506193 779.800000 0.639707 -0.006419
0.493312 0.506156 779.900000 0.670174 0.657056
0.493283 0.506101 780.000000 0.723268 0.401521
0.493255 0.506037 780.100000 0.748448 0.095306
0.493231 0.505987 780.200000 0.775649 0.476788
0.493213 0.505967 780.300000 0.840122 0.842172
0.493207 0.506030 780.400000 0.950744 1.413153
0.493219 0.506061 780.500000 1.082088 1.220522
0.493247 0.506057 780.600000 1.191765 0.977473
0.493287 0.506015 780.700000 1.270446 0.592984
0.493334 0.505952 780.800000 1.309108 0.174031
0.493381 0.505888 780.900000 1.311179 -0.134871
0.493420 0.505865 781.000000 1.265264 -0.806372
0.493447 0.505833 781.100000 1.188674 -0.712046
0.493471 0.505773 781.200000 1.163051 0.258832
0.493498 0.505715 781.300000 1.191963 0.336489
0.493538 0.505750 781.400000 1.268024 1.246305
0.493594 0.505712 781.500000 1.363187 0.644513
0.493656 0.505647 781.600000 1.398622 0.049910
0.493719 0.505584 781.700000 1.407247 0.141684
0.493791 0.505562 781.800000 1.452625 0.816183
0.493876 0.505515 781.900000 1.519848 0.532150
0.493965 0.505451 782.000000 1.542749 -0.088798
0.494049 0.505395 782.100000 1.520299 -0.359493
0.494128 0.505334 782.200000 1.489092 -0.245333
0.494202 0.505273 782.300000 1.464707 -0.227846
0.494269 0.505224 782.400000 1.428181 -0.503742
0.494326 0.505182 782.500000 1.373272 -0.587200
0.494365 0.505300 782.600000 1.261589 -1.694084
0.494378 0.505420 782.700000 1.091766 -1.698938
0.494366 0.505652 782.800000 0.900295 -2.152358
0.494332 0.505942 782.900000 0.675503 -2.356551
0.494282 0.506186 783.000000 0.447590 -2.199079
0.494222 0.506418 783.100000 0.230095 -2.155632
0.494159 0.506646 783.200000 0.015634 -2.141915
0.494098 0.506791 783.300000 -0.182370 -1.811908
0.494044 0.506984 783.400000 -0.372299 -2.008380
0.494002 0.507180 783.500000 -0.573198 -2.024738
0.493979 0.507495 783.600000 -0.794419 -2.437812
0.493987 0.507915 783.700000 -1.052342 -2.758291
0.494029 0.508087 783.800000 -1.287362 -1.923193
0.494105 0.508243 783.900000 -1.475604 -1.861390
0.494211 0.508258 784.000000 -1.625289 -1.117720
0.494343 0.508321 784.100000 -1.750220 -1.418895
0.494511 0.508444 784.200000 -1.905021 -1.717824
0.494721 0.508544 784.300000 -2.070039 -1.604688
0.494961 0.508499 784.400000 -2.179885 -0.566734
0.495209 0.508435 784.500000 -2.207873 0.012680
0.495454 0.508371 784.600000 -2.199569 0.137990
0.495683 0.508372 784.700000 -2.143135 1.015602
0.495881 0.508433 784.800000 -2.022448 1.402417
0.496054 0.508384 784.900000 -1.924271 0.500834
0.496211 0.508358 785.000000 -1.860080 0.781115
0.496348 0.508346 785.100000 -1.775205 0.908604
0.496461 0.508389 785.200000 -1.664967 1.304000
0.496538 0.508680 785.300000 -1.483975 2.361736
0.496573 0.509009 785.400000 -1.241621 2.489666
0.496578 0.509119 785.500000 -1.032144 1.656716
0.496564 0.509182 785.600000 -0.877680 1.418412
0.496538 0.509147 785.700000 -0.770829 0.678362
0.496504 0.509180 785.800000 -0.676067 1.242428
0.496463 0.509126 785.900000 -0.591774 0.398805
0.496419 0.509081 786.000000 -0.544116 0.558956
0.496369 0.509117 786.100000 -0.454859 1.260614
0.496314 0.509077 786.200000 -0.358857 0.628229
0.496256 0.509072 786.300000 -0.280214 0.961916
0.496195 0.509077 786.400000 -0.179844 1.052503
0.496132 0.509087 786.500000 -0.073396 1.081743
0.496069 0.509104 786.600000 0.037081 1.135586
0.496008 0.509123 786.700000 0.150934 1.148509
0.495948 0.509077 786.800000 0.236301 0.534054
0.495891 0.509055 786.900000 0.303075 0.821734
0.495836 0.508991 787.000000 0.351593 0.118991
0.495781 0.508929 787.100000 0.367508 0.208149
0.495727 0.508870 787.200000 0.363844 -0.303598
0.495671 0.508808 787.300000 0.338251 -0.200818
0.495615 0.508747 787.400000 0.317121 -0.220485
0.495556 0.508731 787.500000 0.264050 -0.873270
0.495494 0.508911 787.600000 0.125094 -1.965287
0.495432 0.509090 787.700000 -0.070705 -1.959485
0.495374 0.509325 787.800000 -0.276102 -2.170589
0.495326 0.509504 787.900000 -0.482532 -1.961176
0.495290 0.509578 788.000000 -0.654901 -1.475797
0.495265 0.509570 788.100000 -0.776679 -0.946211
0.495249 0.509530 788.200000 -0.855228 -0.620364
0.495238 0.509476 788.300000 -0.906861 -0.413202
0.495232 0.509416 788.400000 -0.941260 -0.278962
0.495229 0.509358 788.500000 -0.970489 -0.318586
0.495228 0.509294 788.600000 -0.991523 -0.102091
0.495227 0.509234 788.700000 -0.984173 0.257575
0.495223 0.509169 788.800000 -0.968154 0.043031
0.495221 0.509107 788.900000 -0.975337 -0.209444
0.495222 0.509049 789.000000 -1.001002 -0.320553
0.495229 0.509018 789.100000 -1.051318 -0.718397
0.495240 0.508954 789.200000 -1.083035 0.113545
0.495253 0.508897 789.300000 -1.093236 -0.352324
0.495268 0.508834 789.400000 -1.105272 0.123890
0.495283 0.508771 789.500000 -1.104649 -0.135484
0.495302 0.508726 789.600000 -1.137697 -0.559559
0.495324 0.508662 789.700000 -1.161320 0.107919
0.495344 0.508605 789.800000 -1.139421 0.330727
0.495364 0.508553 789.900000 -1.142208 -0.436501
0.495390 0.508500 790.000000 -1.184675 -0.425989
0.495419 0.508435 790.100000 -1.205623 0.016204
0.495443 0.508411 790.200000 -1.166393 0.797554
0.495457 0.508355 790.300000 -1.107313 0.353195
0.495471 0.508295 790.400000 -1.100280 -0.253692
0.495491 0.508249 790.500000 -1.138503 -0.538081
0.495516 0.508188 790.600000 -1.177134 -0.232679
0.495545 0.508136 790.700000 -1.209706 -0.442827
0.495583 0.508090 790.800000 -1.257723 -0.536878
0.495627 0.508034 790.900000 -1.302446 -0.363883
0.495676 0.507971 791.000000 -1.328607 -0.163740
0.495725 0.507909 791.100000 -1.328375 0.171892
0.495769 0.507854 791.200000 -1.300840 0.377231
0.495809 0.507792 791.300000 -1.271843 0.181388
0.495847 0.507728 791.400000 -1.261970 -0.005531
0.495882 0.507672 791.500000 -1.243813 0.376110
0.495909 0.507638 791.600000 -1.190853 0.689096
0.495927 0.507595 791.700000 -1.127037 0.572832
0.495938 0.507537 791.800000 -1.081646 0.313052
0.495945 0.507479 791.900000 -1.049681 0.317298
0.495948 0.507418 792.000000 -1.022138 0.219595
0.495948 0.507364 792.100000 -0.991496 0.393334
0.495942 0.507312 792.200000 -0.949489 0.441498
0.495933 0.507249 792.300000 -0.921254 0.097932
0.495920 0.507200 792.400000 -0.892341 0.492408
0.495900 0.507196 792.500000 -0.820151 0.970202
0.495874 0.507133 792.600000 -0.761845 0.149630
0.495847 0.507072 792.700000 -0.743901 0.205361
0.495818 0.507008 792.800000 -0.736887 -0.086813
0.495789 0.506948 792.900000 -0.728841 0.258048
0.495758 0.506891 793.000000 -0.699638 0.323530
0.495725 0.506827 793.100000 -0.685310 -0.062581
0.495694 0.506773 793.200000 -0.707004 -0.396045
0.495665 0.506710 793.300000 -0.729704 -0.048817
0.495637 0.506650 793.400000 -0.744274 -0.261321
0.495609 0.506595 793.500000 -0.740115 0.368829
0.495576 0.506570 793.600000 -0.683234 0.785253
0.495536 0.506586 793.700000 -0.588331 1.128159
0.495487 0.506640 793.800000 -0.464162 1.367887
0.495431 0.506744 793.900000 -0.315125 1.629167
0.495370 0.506786 794.000000 -0.168252 1.296202
0.495308 0.506762 794.100000 -0.062670 0.794157
0.495246 0.506715 794.200000 0.004087 0.530653
0.495184 0.506680 794.300000 0.063422 0.666004
0.495123 0.506682 794.400000 0.146832 1.025255
0.495064 0.506669 794.500000 0.243153 0.901504
0.495009 0.506686 794.600000 0.343830 1.131310
0.494962 0.506847 794.700000 0.492452 1.890478
0.494930 0.507097 794.800000 0.697001 2.233436
0.494919 0.507250 794.900000 0.901432 1.853930
0.494930 0.507361 795.000000 1.077053 1.667452
0.494967 0.507554 795.100000 1.259559 2.020808
0.495034 0.507618 795.200000 1.432517 1.430504
0.495130 0.507718 795.300000 1.583152 1.613691
0.495256 0.507777 795.400000 1.733091 1.398069
0.495402 0.507719 795.500000 1.819952 0.306393
0.495546 0.507670 795.600000 1.812342 -0.480192
0.495678 0.507632 795.700000 1.755877 -0.642014
0.495790 0.507648 795.800000 1.668133 -1.124060
0.495873 0.507798 795.900000 1.520916 -1.847609
0.495925 0.507894 796.000000 1.348042 -1.590859
0.495954 0.507933 796.100000 1.203388 -1.280805
0.495965 0.507946 796.200000 1.083425 -1.103853
0.495962 0.507971 796.300000 0.968706 -1.190035
0.495945 0.507990 796.400000 0.851517 -1.148115
0.495919 0.507960 796.500000 0.756100 -0.736052
0.495884 0.507988 796.600000 0.659723 -1.212908
0.495841 0.507975 796.700000 0.553604 -0.892387
0.495793 0.507937 796.800000 0.476243 -0.640745
0.495741 0.507916 796.900000 0.403124 -0.830226
0.495684 0.507975 797.000000 0.293330 -1.395748
0.495623 0.507985 797.100000 0.168546 -1.088165
0.495562 0.507990 797.200000 0.062025 -1.043964
0.495500 0.507986 797.300000 -0.038911 -0.976053
0.495438 0.507945 797.400000 -0.118728 -0.606357
0.495378 0.507896 797.500000 -0.173188 -0.480600
0.495320 0.507965 797.600000 -0.267260 -1.456463
0.495270 0.508108 797.700000 -0.429397 -1.815511
0.495228 0.508115 797.800000 -0.574338 -1.057248
0.495196 0.508139 797.900000 -0.685723 -1.188681
0.495172 0.508110 798.000000 -0.782479 -0.735710
0.495153 0.508047 798.100000 -0.826312 -0.120267
0.495133 0.507985 798.200000 -0.824649 0.159346
0.495113 0.507921 798.300000 -0.813585 0.048718
0.495089 0.507884 798.400000 -0.780183 0.642693
0.495059 0.507841 798.500000 -0.718624 0.580821
0.495027 0.507778 798.600000 -0.691550 -0.078159
0.494996 0.507717 798.700000 -0.704667 -0.197801
0.494967 0.507656 798.800000 -0.725280 -0.223926
0.494943 0.507634 798.900000 -0.774905 -0.807724
0.494924 0.507575 799.000000 -0.829268 -0.262867
0.494910 0.507534 799.100000 -0.871618 -0.612198
0.494900 0.507474 799.200000 -0.914423 -0.236040
0.494891 0.507413 799.300000 -0.917445 0.187514
0.494883 0.507368 799.400000 -0.932899 -0.543243
0.494878 0.507307 799.500000 -0.952714 0.172417
0.494869 0.507259 799.600000 -0.919732 0.495606
0.494850 0.507312 799.700000 -0.828447 1.369511
0.494819 0.507349 799.800000 -0.696442 1.263964
0.494777 0.507402 799.900000 -0.565165 1.366664
0.494729 0.507357 800.000000 -0.467359 0.547910
0.494678 0.507307 800.100000 -0.417019 0.452056
0.494625 0.507250 800.200000 -0.378288 0.313480
0.494571 0.507187 800.300000 -0.355333 0.134037
0.494515 0.507148 800.400000 -0.318477 0.626127
0.494457 0.507163 800.500000 -0.232477 1.119978
0.494397 0.507130 800.600000 -0.141034 0.689805
0.494335 0.507073 800.700000 -0.089920 0.314984
0.494274 0.507053 800.800000 -0.033558 0.840677
0.494212 0.507135 800.900000 0.082537 1.521123
0.494153 0.507090 801.000000 0.188317 0.552321
0.494094 0.507036 801.100000 0.199412 -0.374399
0.494033 0.507041 801.200000 0.130033 -1.048661
0.493972 0.507029 801.300000 0.032219 -0.904222
0.493910 0.507055 801.400000 -0.071748 -1.194852
0.493851 0.507080 801.500000 -0.190593 -1.188733
0.493795 0.507068 801.600000 -0.295760 -0.908003
0.493743 0.507120 801.700000 -0.407525 -1.358756
0.493700 0.507140 801.800000 -0.533239 -1.156078
0.493665 0.507173 801.900000 -0.652459 -1.244386
0.493636 0.507113 802.000000 -0.727842 -0.222582
0.493611 0.507063 802.100000 -0.760793 -0.457221
0.493583 0.507054 802.200000 -0.740028 0.935810
0.493545 0.507175 802.300000 -0.609308 1.717245
0.493495 0.507338 802.400000 -0.428658 1.908790
0.493437 0.507453 802.500000 -0.248454 1.689503
0.493377 0.507403 802.600000 -0.138320 0.454586
0.493316 0.507341 802.700000 -0.122372 -0.167339
0.493256 0.507280 802.800000 -0.122282 0.185609
0.493195 0.507218 802.900000 -0.117276 -0.100822
0.493135 0.507155 803.000000 -0.125853 -0.070832
0.493075 0.507113 803.100000 -0.157313 -0.587187
0.493017 0.507073 803.200000 -0.216549 -0.603031
0.492960 0.507040 803.300000 -0.281173 -0.699884
0.492905 0.506980 803.400000 -0.307625 0.212359
0.492850 0.506929 803.500000 -0.317215 -0.440475
0.492796 0.506868 803.600000 -0.350210 -0.212929
0.492742 0.506817 803.700000 -0.340503 0.436623
0.492687 0.506754 803.800000 -0.317758 -0.006130
0.492631 0.506709 803.900000 -0.292609 0.534353
0.492573 0.506671 804.000000 -0.234439 0.634191
0.492515 0.506627 804.100000 -0.227239 -0.551612
0.492458 0.506569 804.200000 -0.269819 -0.291466
0.492402 0.506507 804.300000 -0.289123 -0.088154
0.492347 0.506450 804.400000 -0.308597 -0.316706
0.492293 0.506391 804.500000 -0.336647 -0.245297
0.492241 0.506362 804.600000 -0.384663 -0.746033
0.492193 0.506363 804.700000 -0.471486 -1.012203
0.492153 0.506370 804.800000 -0.574563 -1.062011
0.492120 0.506375 804.900000 -0.679461 -1.046453
0.492098 0.506388 805.000000 -0.786039 -1.100249
0.492084 0.506350 805.100000 -0.873724 -0.643038
0.492075 0.506290 805.200000 -0.915821 -0.187011
0.492069 0.506237 805.300000 -0.944518 -0.408743
0.492067 0.506176 805.400000 -0.973289 -0.165486
0.492064 0.506118 805.500000 -0.968066 0.282949
0.492058 0.506059 805.600000 -0.941823 0.230996
0.492047 0.506020 805.700000 -0.900009 0.617403
0.492028 0.506022 805.800000 -0.818691 1.024649
0.492004 0.505963 805.900000 -0.776644 -0.253789
0.491980 0.505905 806.000000 -0.776028 0.285382
0.491955 0.505843 806.100000 -0.755636 0.106803
0.491932 0.505824 806.200000 -0.789429 -0.839465
0.491919 0.505807 806.300000 -0.873502 -0.855139
0.491912 0.505752 806.400000 -0.934958 -0.361219
0.491912 0.505742 806.500000 -0.996754 -0.915099
0.491920 0.505682 806.600000 -1.055048 -0.229480
0.491929 0.505620 806.700000 -1.062458 0.086131
0.491936 0.505563 806.800000 -1.043405 0.295794
0.491938 0.505508 806.900000 -1.010499 0.356651
0.491939 0.505447 807.000000 -0.998264 -0.146658
0.491937 0.505408 807.100000 -0.975882 0.624107
0.491925 0.505417 807.200000 -0.891791 1.074963
0.491900 0.505523 807.300000 -0.756822 1.651492
0.491861 0.505586 807.400000 -0.602665 1.420637
0.491812 0.505751 807.500000 -0.437005 1.920297
0.491756 0.505816 807.600000 -0.268386 1.432127
0.491696 0.505881 807.700000 -0.125122 1.438341
0.491635 0.505832 807.800000 -0.028049 0.457827
0.491574 0.505784 807.900000 0.019010 0.487028
0.491514 0.505733 808.000000 0.065154 0.435910
0.491453 0.505690 808.100000 0.060979 -0.569383
0.491392 0.505645 808.200000 0.005808 -0.534573
0.491332 0.505591 808.300000 -0.039545 -0.366405
0.491271 0.505531 808.400000 -0.049100 0.202956
0.491210 0.505482 808.500000 -0.016432 0.464752
0.491150 0.505455 808.600000 0.043784 0.757244
0.491090 0.505421 808.700000 0.115828 0.684218
0.491031 0.505365 808.800000 0.165869 0.301199
0.490973 0.505334 808.900000 0.215381 0.714016
0.490917 0.505278 809.000000 0.267988 0.323488
0.490862 0.505249 809.100000 0.320085 0.745020
0.490811 0.505198 809.200000 0.378625 0.415563
0.490761 0.505146 809.300000 0.420072 0.419567
0.490713 0.505085 809.400000 0.448858 0.148266
0.490663 0.505063 809.500000 0.418051 -0.809547
0.490609 0.505037 809.600000 0.338945 -0.770598
0.490553 0.505026 809.700000 0.255393 -0.908364
0.490494 0.505020 809.800000 0.162350 -0.957301
0.490434 0.505003 809.900000 0.071544 -0.856939
0.490373 0.505033 810.000000 -0.031160 -1.220055
0.490314 0.505082 810.100000 -0.158659 -1.343128
0.490259 0.505112 810.200000 -0.286930 -1.224715
0.490208 0.505108 810.300000 -0.397030 -0.973369
0.490161 0.505049 810.400000 -0.458114 -0.217639
0.490115 0.504993 810.500000 -0.484728 -0.326074
0.490069 0.504933 810.600000 -0.492978 0.181211
0.490022 0.504886 810.700000 -0.459251 0.506475
0.489972 0.504827 810.800000 -0.421610 0.229847
0.489924 0.504798 810.900000 -0.443908 -0.729292
0.489879 0.504745 811.000000 -0.500017 -0.382928
0.489837 0.504699 811.100000 -0.544151 -0.513653
0.489798 0.504654 811.200000 -0.596114 -0.534873
0.489764 0.504604 811.300000 -0.644672 -0.440059
0.489730 0.504546 811.400000 -0.655059 0.260413
0.489692 0.504511 811.500000 -0.609348 0.670188
0.489648 0.504535 811.600000 -0.517907 1.183071
0.489598 0.504530 811.700000 -0.410306 0.958162
0.489544 0.504535 811.800000 -0.310506 1.043245
0.489486 0.504591 811.900000 -0.190090 1.385482
0.489426 0.504675 812.000000 -0.044449 1.540899
0.489366 0.504758 812.100000 0.109127 1.538154
0.489309 0.504726 812.200000 0.222663 0.697505
0.489253 0.504665 812.300000 0.254604 -0.094473
0.489197 0.504604 812.400000 0.256273 0.142360
0.489140 0.504561 812.500000 0.236887 -0.563932
0.489083 0.504500 812.600000 0.213341 0.128878
0.489025 0.504454 812.700000 0.196002 -0.506273
0.488966 0.504427 812.800000 0.133507 -0.757568
0.488906 0.504381 812.900000 0.069905 -0.503755
0.488846 0.504364 813.000000 0.002546 -0.864361
0.488786 0.504434 813.100000 -0.112113 -1.464946
0.488731 0.504636 813.200000 -0.286778 -2.068975
0.488687 0.504935 813.300000 -0.509801 -2.423931
0.488662 0.505269 813.400000 -0.756781 -2.539606
0.488660 0.505386 813.500000 -0.970319 -1.708346
0.488680 0.505501 813.600000 -1.139608 -1.695456
0.488720 0.505502 813.700000 -1.275814 -1.013057
0.488777 0.505516 813.800000 -1.380896 -1.111880
0.488855 0.505551 813.900000 -1.498214 -1.262035
0.488951 0.505520 814.000000 -1.597152 -0.709257
0.489050 0.505478 814.100000 -1.606262 0.574936
0.489135 0.505456 814.200000 -1.537165 0.806146
0.489203 0.505458 814.300000 -1.445708 1.023279
0.489254 0.505455 814.400000 -1.345010 0.979304
0.489288 0.505479 814.500000 -1.237044 1.182399
0.489306 0.505470 814.600000 -1.130317 0.932875
0.489312 0.505467 814.700000 -1.034652 0.976319
0.489308 0.505419 814.800000 -0.959915 0.487477
0.489301 0.505358 814.900000 -0.928526 0.113584
0.489290 0.505320 815.000000 -0.892502 0.625142
0.489271 0.505320 815.100000 -0.811607 1.007239
0.489246 0.505259 815.200000 -0.755605 0.060122
0.489222 0.505203 815.300000 -0.767829 -0.332493
0.489201 0.505145 815.400000 -0.795994 -0.235110
0.489177 0.505124 815.500000 -0.769192 0.817335
0.489145 0.505117 815.600000 -0.681095 0.948106
0.489105 0.505145 815.700000 -0.573672 1.212441
0.489056 0.505361 815.800000 -0.408984 2.130274
0.488998 0.505724 815.900000 -0.172542 2.632098
0.488938 0.506115 816.000000 0.094158 2.718590
0.488886 0.506442 816.100000 0.355808 2.519152
0.488851 0.506950 816.200000 0.632152 3.052629
0.488844 0.507428 816.300000 0.932331 2.968927
0.488874 0.507797 816.400000 1.213045 2.653725
0.488949 0.508193 816.500000 1.481033 2.736480
0.489069 0.508354 816.600000 1.714032 1.909161
0.489222 0.508362 816.700000 1.863818 1.069575
0.489406 0.508467 816.800000 1.997145 1.651867
0.489621 0.508444 816.900000 2.120558 0.800242
0.489863 0.508474 817.000000 2.219633 1.229247
0.490133 0.508460 817.100000 2.324958 0.887956
0.490418 0.508398 817.200000 2.371957 0.035073
0.490698 0.508341 817.300000 2.358499 -0.297848
0.490970 0.508284 817.400000 2.328635 -0.276288
0.491224 0.508277 817.500000 2.267938 -0.951354
0.491456 0.508239 817.600000 2.186865 -0.635822
0.491674 0.508190 817.700000 2.130919 -0.455069
0.491885 0.508128 817.800000 2.104572 -0.030616
0.492093 0.508066 817.900000 2.097865 -0.085519
0.492297 0.508011 818.000000 2.076942 -0.325026
0.492498 0.507950 818.100000 2.067026 0.171919
0.492706 0.507900 818.200000 2.095494 0.432750
0.492919 0.507838 818.300000 2.113669 -0.072629
0.493118 0.507835 818.400000 2.062283 -0.982208
0.493294 0.507826 818.500000 1.965692 -0.931483
0.493450 0.507798 818.600000 1.880528 -0.747343
0.493587 0.507789 818.700000 1.796302 -0.932027
0.493709 0.507736 818.800000 1.728017 -0.392213
0.493830 0.507686 818.900000 1.727276 0.436219
0.493960 0.507628 819.000000 1.760989 0.247679
0.494090 0.507567 819.100000 1.765731 -0.155123
0.494208 0.507557 819.200000 1.713279 -0.917190
0.494309 0.507538 819.300000 1.624433 -0.843548
0.494390 0.507575 819.400000 1.519093 -1.274110
0.494440 0.507817 819.500000 1.345956 -2.230468
0.494455 0.508120 819.600000 1.112520 -2.447983
0.494441 0.508404 819.700000 0.871047 -2.379643
0.494405 0.508673 819.800000 0.635532 -2.331969
0.494357 0.508752 819.900000 0.441007 -1.521797
0.494302 0.508802 820.000000 0.297113 -1.350670
0.494244 0.508765 820.100000 0.195485 -0.649108
0.494185 0.508732 820.200000 0.129100 -0.681775
0.494125 0.508755 820.300000 0.037344 -1.181975
0.494064 0.508719 820.400000 -0.055742 -0.658007
0.494005 0.508657 820.500000 -0.090759 -0.012386
0.493945 0.508602 820.600000 -0.075509 0.334695
0.493885 0.508549 820.700000 -0.039975 0.379333
0.493825 0.508500 820.800000 -0.042048 -0.463558
0.493765 0.508480 820.900000 -0.105449 -0.826409
0.493707 0.508473 821.000000 -0.193709 -0.950758
0.493653 0.508486 821.100000 -0.295966 -1.109687
0.493603 0.508510 821.200000 -0.410427 -1.192691
0.493558 0.508472 821.300000 -0.502241 -0.624053
0.493518 0.508453 821.400000 -0.574334 -0.837331
0.493483 0.508406 821.500000 -0.641682 -0.502143
0.493453 0.508382 821.600000 -0.704854 -0.785260
0.493432 0.508389 821.700000 -0.795961 -1.062657
0.493420 0.508367 821.800000 -0.889649 -0.811436
0.493418 0.508372 821.900000 -0.981355 -1.048318
0.493426 0.508317 822.000000 -1.051307 -0.328145
0.493430 0.508290 822.100000 -1.031948 0.760369
0.493427 0.508250 822.200000 -0.963651 0.590308
0.493419 0.508190 822.300000 -0.922332 0.209504
0.493401 0.508286 822.400000 -0.834580 1.611186
0.493367 0.508451 822.500000 -0.658351 1.930325
0.493320 0.508674 822.600000 -0.454409 2.164414
0.493264 0.508816 822.700000 -0.254113 1.830783
0.493204 0.508978 822.800000 -0.067142 1.920470
0.493145 0.509118 822.900000 0.119686 1.820245
0.493090 0.509179 823.000000 0.282384 1.423615
0.493041 0.509232 823.100000 0.421938 1.375237
0.492999 0.509220 823.200000 0.536566 0.903984
0.492962 0.509183 823.300000 0.614239 0.646013
0.492927 0.509122 823.400000 0.645194 -0.054222
0.492894 0.509073 823.500000 0.664199 0.467971
0.492863 0.509011 823.600000 0.686649 -0.036409
0.492831 0.508951 823.700000 0.677922 -0.136743
0.492797 0.508892 823.800000 0.659699 -0.226371
0.492764 0.508837 823.900000 0.662894 0.324683
0.492737 0.508838 824.000000 0.727738 1.016973
0.492717 0.508813 824.100000 0.817711 0.782788
0.492706 0.508787 824.200000 0.894487 0.764030
0.492705 0.508783 824.300000 0.980344 0.977296
0.492718 0.508843 824.400000 1.098257 1.419169
0.492751 0.508902 824.500000 1.238742 1.408429
0.492799 0.508853 824.600000 1.333237 0.450864
0.492859 0.508846 824.700000 1.401386 0.954320
0.492934 0.508835 824.800000 1.493714 0.908896
0.493016 0.508776 824.900000 1.530490 -0.212685
0.493087 0.508782 825.000000 1.468444 -1.058581
0.493142 0.508758 825.100000 1.374895 -0.789088
0.493184 0.508733 825.200000 1.295795 -0.782997
0.493210 0.508789 825.300000 1.188267 -1.390707
0.493214 0.508940 825.400000 1.026037 -1.874824
0.493195 0.509150 825.500000 0.827104 -2.116131
0.493161 0.509229 825.600000 0.643599 -1.525771
0.493114 0.509478 825.700000 0.456118 -2.264305
0.493058 0.509652 825.800000 0.243761 -1.974970
0.492998 0.509743 825.900000 0.064945 -1.589001
0.492939 0.509788 826.000000 -0.081076 -1.325245
0.492882 0.509830 826.100000 -0.212567 -1.311645
0.492830 0.509900 826.200000 -0.350854 -1.471535
0.492787 0.510076 826.300000 -0.521642 -1.982374
0.492756 0.510122 826.400000 -0.688591 -1.338350
0.492737 0.510159 826.500000 -0.818721 -1.274843
0.492731 0.510184 826.600000 -0.941626 -1.193883
0.492738 0.510193 826.700000 -1.055186 -1.087421
0.492759 0.510182 826.800000 -1.154922 -0.914477
0.492800 0.510310 826.900000 -1.286024 -1.768892
0.492866 0.510357 827.000000 -1.441678 -1.344003
0.492954 0.510364 827.100000 -1.561652 -1.062114
0.493059 0.510339 827.200000 -1.653542 -0.782157
0.493178 0.510290 827.300000 -1.715345 -0.457474
0.493301 0.510228 827.400000 -1.739229 -0.016554
0.493421 0.510172 827.500000 -1.725237 0.295324
0.493536 0.510112 827.600000 -1.701834 0.149348
0.493641 0.510102 827.700000 -1.649112 0.929955
0.493724 0.510153 827.800000 -1.535026 1.362955
0.493785 0.510153 827.900000 -1.414935 1.012224
0.493830 0.510142 828.000000 -1.317933 0.913812
0.493861 0.510141 828.100000 -1.221767 1.006004
0.493877 0.510141 828.200000 -1.120812 1.006172
0.493880 0.510141 828.300000 -1.019588 1.012739
0.493870 0.510174 828.400000 -0.906664 1.253559
0.493850 0.510140 828.500000 -0.808579 0.675217
0.493823 0.510119 828.600000 -0.734304 0.813023
0.493789 0.510090 828.700000 -0.656361 0.738867
0.493746 0.510273 828.800000 -0.522085 2.010920
0.493692 0.510518 828.900000 -0.309708 2.254813
0.493633 0.510842 829.000000 -0.071712 2.528271
0.493575 0.511032 829.100000 0.157670 2.046624
0.493524 0.511331 829.200000 0.380607 2.445446
0.493486 0.511441 829.300000 0.588387 1.686912
0.493458 0.511461 829.400000 0.731611 1.164838
0.493441 0.511446 829.500000 0.833734 0.875864
0.493432 0.511414 829.600000 0.912497 0.703258
0.493426 0.511353 829.700000 0.947772 -0.023159
0.493418 0.511311 829.800000 0.918898 -0.573946
0.493403 0.511273 829.900000 0.858653 -0.627607
0.493382 0.511224 830.000000 0.803498 -0.461470
0.493360 0.511164 830.100000 0.785863 0.146361
0.493340 0.511111 830.200000 0.810589 0.368490
0.493326 0.511098 830.300000 0.872195 0.901734
0.493323 0.511100 830.400000 0.967851 1.031682
0.493329 0.511052 830.500000 1.043452 0.465655
0.493344 0.511042 830.600000 1.111345 0.929515
0.493369 0.510997 830.700000 1.183967 0.517235
0.493403 0.510963 830.800000 1.242274 0.671596
0.493444 0.510909 830.900000 1.293657 0.355370
0.493491 0.510857 831.000000 1.330252 0.393341
0.493545 0.510806 831.100000 1.370258 0.423744
0.493605 0.510752 831.200000 1.408953 0.362876
0.493672 0.510703 831.300000 1.448552 0.449676
0.493748 0.510666 831.400000 1.501202 0.629649
0.493830 0.510604 831.500000 1.535248 0.038497
0.493908 0.510562 831.600000 1.509820 -0.563187
0.493976 0.510518 831.700000 1.454432 -0.530715
0.494034 0.510477 831.800000 1.398154 -0.586009
0.494084 0.510422 831.900000 1.351386 -0.324701
0.494127 0.510386 832.000000 1.302580 -0.657103
0.494161 0.510336 832.100000 1.247013 -0.432885
0.494186 0.510310 832.200000 1.187556 -0.763456
0.494202 0.510272 832.300000 1.117424 -0.623973
0.494210 0.510225 832.400000 1.061053 -0.488427
0.494217 0.510174 832.500000 1.054851 0.420241
0.494227 0.510115 832.600000 1.067923 -0.177487
0.494231 0.510071 832.700000 1.032645 -0.537272
0.494231 0.510012 832.800000 0.995891 -0.171035
0.494227 0.509970 832.900000 0.959108 -0.576937
0.494221 0.509913 833.000000 0.941091 0.267606
0.494221 0.509884 833.100000 0.989103 0.727671
0.494225 0.509824 833.200000 1.033486 0.142931
0.494232 0.509766 833.300000 1.052000 0.243738
0.494241 0.509705 833.400000 1.061836 -0.050714
0.494244 0.509675 833.500000 1.024585 -0.719134
0.494239 0.509659 833.600000 0.945367 -0.866519
0.494222 0.509686 833.700000 0.842159 -1.210869
0.494195 0.509676 833.800000 0.734762 -0.919686
0.494162 0.509635 833.900000 0.658786 -0.579435
0.494127 0.509576 834.000000 0.636798 0.183371
0.494093 0.509515 834.100000 0.647084 0.021129
0.494055 0.509506 834.200000 0.603372 -0.939325
0.494011 0.509518 834.300000 0.501857 -1.098259
0.493961 0.509549 834.400000 0.385207 -1.243121
0.493906 0.509564 834.500000 0.266591 -1.125717
0.493849 0.509508 834.600000 0.194080 -0.283421
0.493791 0.509465 834.700000 0.152747 -0.557211
0.493733 0.509407 834.800000 0.113718 -0.206296
0.493674 0.509352 834.900000 0.087303 -0.328374
0.493615 0.509327 835.000000 0.033463 -0.772679
0.493556 0.509367 835.100000 -0.068586 -1.299767
0.493499 0.509342 835.200000 -0.173078 -0.769693
0.493444 0.509335 835.300000 -0.258405 -0.952249
0.493392 0.509291 835.400000 -0.333720 -0.539947
0.493343 0.509304 835.500000 -0.414296 -1.107614
0.493301 0.509367 835.600000 -0.540290 -1.439719
0.493267 0.509326 835.700000 -0.643108 -0.584628
0.493236 0.509267 835.800000 -0.680307 -0.145753
0.493205 0.509206 835.900000 -0.688405 -0.016997
0.493175 0.509147 836.000000 -0.698169 -0.194618
0.493146 0.509087 836.100000 -0.710432 -0.051092
0.493119 0.509029 836.200000 -0.723248 -0.221573
0.493095 0.508997 836.300000 -0.767531 -0.697542
0.493078 0.508966 836.400000 -0.837145 -0.706543
0.493067 0.508917 836.500000 -0.894836 -0.445644
0.493062 0.508885 836.600000 -0.950656 -0.695185
0.493064 0.508837 836.700000 -1.008609 -0.464915
0.493068 0.508778 836.800000 -1.025343 0.150062
0.493067 0.508741 836.900000 -0.986981 0.633144
0.493059 0.508701 837.000000 -0.925216 0.593545
0.493046 0.508655 837.100000 -0.869963 0.500477
0.493032 0.508610 837.200000 -0.867400 -0.508371
0.493022 0.508553 837.300000 -0.905812 -0.258061
0.493009 0.508528 837.400000 -0.882301 0.772091
0.492991 0.508480 837.500000 -0.819256 0.468042
0.492968 0.508423 837.600000 -0.782708 0.245474
0.492942 0.508394 837.700000 -0.735282 0.721586
0.492909 0.508372 837.800000 -0.658783 0.809446
0.492870 0.508335 837.900000 -0.586101 0.632556
0.492828 0.508302 838.000000 -0.520404 0.681436
0.492783 0.508243 838.100000 -0.477362 0.149800
0.492737 0.508184 838.200000 -0.476027 -0.142458
0.492692 0.508127 838.300000 -0.471202 0.254314
0.492645 0.508074 838.400000 -0.440608 0.359759
0.492595 0.508023 838.500000 -0.402733 0.397182
0.492543 0.508030 838.600000 -0.331225 1.066254
0.492487 0.508077 838.700000 -0.211679 1.341463
0.492429 0.508054 838.800000 -0.103401 0.800561
0.492371 0.508001 838.900000 -0.044922 0.348416
0.492312 0.507952 839.000000 -0.047693 -0.444177
0.492254 0.507924 839.100000 -0.105838 -0.736937
0.492197 0.507889 839.200000 -0.175396 -0.654835
0.492143 0.507951 839.300000 -0.277411 -1.431552
0.492094 0.507952 839.400000 -0.400395 -1.016604
0.492050 0.507932 839.500000 -0.492424 -0.823138
0.492010 0.507895 839.600000 -0.565557 -0.639089
0.491977 0.507922 839.700000 -0.656016 -1.209115
0.491955 0.507962 839.800000 -0.780600 -1.300299
0.491946 0.508012 839.900000 -0.912705 -1.359565
0.491951 0.508024 840.000000 -1.036011 -1.109683
0.491968 0.507986 840.100000 -1.122556 -0.611189
0.491992 0.507938 840.200000 -1.175092 -0.445222
0.492016 0.507882 840.300000 -1.183903 0.293790
0.492039 0.507822 840.400000 -1.168411 -0.010232
0.492061 0.507763 840.500000 -1.161393 0.147133
0.492076 0.507748 840.600000 -1.111797 0.872095
0.492080 0.507722 840.700000 -1.029487 0.761767
0.492078 0.507670 840.800000 -0.971116 0.379247
0.492071 0.507621 840.900000 -0.929836 0.441932
0.492057 0.507591 841.000000 -0.872574 0.710480
0.492038 0.507548 841.100000 -0.809159 0.544073
0.492010 0.507582 841.200000 -0.720704 1.257337
0.491973 0.507604 841.300000 -0.598501 1.182162
0.491927 0.507714 841.400000 -0.456080 1.693411
0.491872 0.508002 841.500000 -0.252499 2.420838
0.491814 0.508115 841.600000 -0.044838 1.704936
0.491756 0.508160 841.700000 0.107743 1.335778
0.491701 0.508180 841.800000 0.232749 1.163375
0.491649 0.508164 841.900000 0.334397 0.862189
0.491602 0.508160 842.000000 0.425399 0.971468
0.491560 0.508199 842.100000 0.537480 1.296634
0.491526 0.508168 842.200000 0.638164 0.697724
0.491495 0.508108 842.300000 0.670622 -0.079404
0.491465 0.508064 842.400000 0.691313 0.531672
0.491442 0.508092 842.500000 0.776498 1.217862
0.491429 0.508055 842.600000 0.869486 0.624866
0.491422 0.508025 842.700000 0.935538 0.712769
0.491421 0.507966 842.800000 0.980818 0.177797
0.491420 0.507906 842.900000 0.985909 -0.078736
0.491422 0.507857 843.000000 1.001825 0.433452
0.491428 0.507810 843.100000 1.046397 0.472326
0.491438 0.507750 843.200000 1.071406 0.016845
0.491446 0.507693 843.300000 1.060522 -0.237100
0.491451 0.507640 843.400000 1.030806 -0.354009
0.491453 0.507581 843.500000 1.007052 -0.099220
0.491451 0.507541 843.600000 0.973528 -0.587413
0.491439 0.507559 843.700000 0.888056 -1.144710
0.491413 0.507743 843.800000 0.731458 -2.031038
0.491372 0.507841 843.900000 0.547209 -1.636550
0.491322 0.508026 844.000000 0.364984 -2.031915
0.491265 0.508221 844.100000 0.160105 -2.074964
0.491207 0.508428 844.200000 -0.049331 -2.125755
0.491153 0.508622 844.300000 -0.258717 -2.070756
0.491104 0.508585 844.400000 -0.397034 -0.633410
0.491058 0.508534 844.500000 -0.448037 -0.380643
0.491013 0.508474 844.600000 -0.472013 -0.090083
0.490969 0.508414 844.700000 -0.481617 -0.108148
0.490924 0.508354 844.800000 -0.484358 0.056624
0.490880 0.508295 844.900000 -0.486001 -0.102409
0.490835 0.508267 845.000000 -0.456108 0.739168
0.490786 0.508216 845.100000 -0.398254 0.399363
0.490734 0.508243 845.200000 -0.319905 1.208303
0.490678 0.508263 845.300000 -0.201281 1.165067
0.490621 0.508226 845.400000 -0.110550 0.625271
0.490563 0.508189 845.500000 -0.047895 0.630268
0.490505 0.508130 845.600000 -0.021385 -0.137652
0.490447 0.508077 845.700000 -0.012498 0.339579
0.490389 0.508022 845.800000 0.018609 0.281144
0.490331 0.507962 845.900000 0.029751 -0.075410
0.490273 0.507902 846.000000 0.030515 0.099816
0.490215 0.507842 846.100000 0.034430 -0.027368
0.490157 0.507799 846.200000 0.007818 -0.531202
0.490100 0.507761 846.300000 -0.048685 -0.605473
0.490043 0.507751 846.400000 -0.123929 -0.919625
0.489988 0.507795 846.500000 -0.235002 -1.329482
0.489939 0.507874 846.600000 -0.377197 -1.534555
0.489895 0.507860 846.700000 -0.498986 -0.878550
0.489856 0.507808 846.800000 -0.562380 -0.372306
0.489817 0.507755 846.900000 -0.565795 0.333580
0.489777 0.507695 847.000000 -0.544023 0.084877
0.489738 0.507649 847.100000 -0.562355 -0.486593
0.489703 0.507617 847.200000 -0.620210 -0.689363
0.489671 0.507560 847.300000 -0.666618 -0.224139
0.489642 0.507507 847.400000 -0.693120 -0.318738
0.489618 0.507501 847.500000 -0.755023 -0.961776
0.489601 0.507462 847.600000 -0.833236 -0.595834
0.489589 0.507411 847.700000 -0.882234 -0.384461
0.489579 0.507352 847.800000 -0.898296 0.076634
0.489568 0.507292 847.900000 -0.894998 -0.024581
0.489556 0.507244 848.000000 -0.874550 0.449409
0.489540 0.507187 848.100000 -0.840122 0.220742
0.489519 0.507158 848.200000 -0.793721 0.726674
0.489493 0.507114 848.300000 -0.731082 0.510619
0.489463 0.507058 848.400000 -0.691851 0.255976
0.489430 0.507025 848.500000 -0.646148 0.674547
0.489391 0.507029 848.600000 -0.561244 1.039852
0.489347 0.506995 848.700000 -0.475483 0.654966
0.489298 0.506991 848.800000 -0.394733 0.975606
0.489246 0.507004 848.900000 -0.290620 1.115173
0.489190 0.507060 849.000000 -0.165786 1.399433
0.489132 0.507122 849.100000 -0.024200 1.440134
0.489075 0.507087 849.200000 0.081595 0.641050
0.489018 0.507040 849.300000 0.137022 0.462273
0.488962 0.506980 849.400000 0.164144 0.062950
0.488907 0.506921 849.500000 0.169949 0.054683
0.488851 0.506862 849.600000 0.177788 0.106849
0.488795 0.506803 849.700000 0.189667 0.134510
0.488741 0.506752 849.800000 0.214845 0.384840
0.488686 0.506699 849.900000 0.219412 -0.326780
0.488631 0.506641 850.000000 0.210848 0.182796
0.488577 0.506587 850.100000 0.235026 0.310547
0.488524 0.506534 850.200000 0.266161 0.316465
0.488471 0.506475 850.300000 0.277757 -0.102270
0.488417 0.506427 850.400000 0.251083 -0.447110
0.488362 0.506379 850.500000 0.206556 -0.443056
0.488306 0.506359 850.600000 0.144582 -0.816342
0.488249 0.506443 850.700000 0.027720 -1.563050
0.488192 0.506525 850.800000 -0.127822 -1.555326
0.488139 0.506576 850.900000 -0.273959 -1.366975
0.488091 0.506587 851.000000 -0.397497 -1.099645
0.488050 0.506637 851.100000 -0.519379 -1.361549
0.488016 0.506645 851.200000 -0.641491 -1.078116
0.487995 0.506758 851.300000 -0.778848 -1.714632
0.487990 0.506860 851.400000 -0.946749 -1.657173
0.488003 0.506901 851.500000 -1.095021 -1.308084
0.488037 0.507022 851.600000 -1.245959 -1.751862
0.488091 0.506999 851.700000 -1.374455 -0.789066
0.488158 0.506984 851.800000 -1.456294 -0.869854
0.488231 0.506926 851.900000 -1.492854 0.174467
0.488297 0.506898 852.000000 -1.448067 0.736855
0.488353 0.506846 852.100000 -1.392042 0.352846
0.488400 0.506838 852.200000 -1.328450 0.937703
0.488436 0.506785 852.300000 -1.263725 0.315711
0.488471 0.506727 852.400000 -1.255447 -0.187616
0.488504 0.506683 852.500000 -1.240659 0.506359
0.488532 0.506627 852.600000 -1.202112 0.240872
0.488557 0.506568 852.700000 -1.190874 -0.041737
0.488581 0.506519 852.800000 -1.172429 0.422968
0.488599 0.506465 852.900000 -1.135398 0.301765
0.488617 0.506408 853.000000 -1.130101 -0.233780
0.488641 0.506386 853.100000 -1.179446 -0.795190
0.488672 0.506329 853.200000 -1.229336 -0.186555
0.488708 0.506279 853.300000 -1.257167 -0.394269
0.488744 0.506222 853.400000 -1.266724 0.220851
0.488776 0.506173 853.500000 -1.234518 0.422374
0.488800 0.506154 853.600000 -1.172428 0.830787
0.488813 0.506113 853.700000 -1.102316 0.549289
0.488820 0.506070 853.800000 -1.047749 0.533069
0.488822 0.506019 853.900000 -1.001508 0.375808
0.488817 0.505991 854.000000 -0.946815 0.728576
0.488806 0.505943 854.100000 -0.887901 0.428274
0.488789 0.505918 854.200000 -0.828830 0.764182
0.488765 0.505889 854.300000 -0.754094 0.724181
0.488735 0.505868 854.400000 -0.677723 0.803694
0.488698 0.505867 854.500000 -0.587914 1.000291
0.488655 0.505869 854.600000 -0.486617 1.026391
0.488606 0.505906 854.700000 -0.372100 1.277714
0.488552 0.505932 854.800000 -0.247747 1.208722
0.488496 0.505958 854.900000 -0.127251 1.204876
0.488439 0.505939 855.000000 -0.024858 0.828230
0.488382 0.505939 855.100000 0.066218 1.006808
0.488327 0.506009 855.200000 0.189516 1.490579
0.488278 0.506227 855.300000 0.370539 2.175665
0.488242 0.506586 855.400000 0.610969 2.674346
0.488227 0.506733 855.500000 0.839797 1.880616
0.488232 0.506927 855.600000 1.036343 2.079053
0.488260 0.506965 855.700000 1.205861 1.291145
0.488301 0.506918 855.800000 1.294477 0.456082
0.488350 0.506878 855.900000 1.345003 0.576085
0.488404 0.506820 856.000000 1.381824 0.154648
0.488454 0.506790 856.100000 1.355780 -0.706202
0.488498 0.506731 856.200000 1.314242 -0.081872
0.488535 0.506715 856.300000 1.268861 -0.853647
0.488560 0.506693 856.400000 1.185632 -0.799903
0.488577 0.506646 856.500000 1.121562 -0.455743
0.488589 0.506589 856.600000 1.087700 -0.199184
0.488594 0.506571 856.700000 1.037098 -0.836560
0.488591 0.506547 856.800000 0.955858 -0.779268
0.488578 0.506544 856.900000 0.868161 -0.979773
0.488555 0.506558 857.000000 0.763199 -1.123490
0.488521 0.506655 857.100000 0.626588 -1.633886
0.488478 0.506629 857.200000 0.504771 -0.758725
0.488432 0.506612 857.300000 0.424554 -0.849336
0.488382 0.506595 857.400000 0.339679 -0.848317
0.488329 0.506572 857.500000 0.257796 -0.787195
0.488274 0.506524 857.600000 0.196394 -0.423266
0.488218 0.506573 857.700000 0.109715 -1.359878
0.488161 0.506635 857.800000 -0.029886 -1.442539
0.488106 0.506703 857.900000 -0.175458 -1.478704
0.488055 0.506728 858.000000 -0.309638 -1.199750
0.488010 0.506832 858.100000 -0.451454 -1.670774
0.487976 0.507027 858.200000 -0.637818 -2.091983
0.487961 0.507230 858.300000 -0.847428 -2.119022
0.487970 0.507437 858.400000 -1.059330 -2.139734
0.488005 0.507559 858.500000 -1.254304 -1.761710
0.488058 0.507528 858.600000 -1.378636 -0.690354
0.488117 0.507470 858.700000 -1.407716 0.134763
0.488170 0.507433 858.800000 -1.370553 0.620687
0.488215 0.507377 858.900000 -1.325963 0.240692
0.488256 0.507325 859.000000 -1.296219 0.347817
0.488286 0.507347 859.100000 -1.221544 1.178276
0.488298 0.507433 859.200000 -1.084386 1.579999
0.488292 0.507471 859.300000 -0.940169 1.286370
0.488272 0.507584 859.400000 -0.790661 1.724187
0.488238 0.507635 859.500000 -0.634977 1.372146
0.488195 0.507780 859.600000 -0.474062 1.873413
0.488143 0.507877 859.700000 -0.298048 1.639666
0.488088 0.507879 859.800000 -0.163754 1.019212
0.488031 0.507974 859.900000 -0.032982 1.632232
0.487975 0.507950 860.000000 0.088961 0.769471
0.487920 0.507925 860.100000 0.165504 0.766158
0.487867 0.507949 860.200000 0.262307 1.198332
0.487820 0.508025 860.300000 0.397033 1.522154
0.487779 0.508034 860.400000 0.527785 1.081693
0.487746 0.508036 860.500000 0.632644 1.023388
0.487724 0.508182 860.600000 0.775084 1.882339
0.487722 0.508396 860.700000 0.975842 2.165369
0.487746 0.508514 860.800000 1.171523 1.747408
0.487789 0.508529 860.900000 1.315847 1.127360
0.487848 0.508499 861.000000 1.407657 0.705744
0.487923 0.508539 861.100000 1.506025 1.311263
0.488017 0.508514 861.200000 1.610009 0.761440
0.488122 0.508468 861.300000 1.671622 0.475901
0.488238 0.508430 861.400000 1.724003 0.597327
0.488364 0.508382 861.500000 1.774849 0.431245
0.488503 0.508361 861.600000 1.835156 0.815107
0.488658 0.508329 861.700000 1.909386 0.685312
0.488833 0.508343 861.800000 1.997388 1.120317
0.489030 0.508320 861.900000 2.092347 0.787210
0.489246 0.508300 862.000000 2.171019 0.812626
0.489485 0.508294 862.100000 2.257960 0.959937
0.489747 0.508268 862.200000 2.342865 0.755019
0.490020 0.508210 862.300000 2.387119 0.124262
0.490290 0.508162 862.400000 2.372179 -0.427588
0.490556 0.508108 862.500000 2.361994 0.282747
0.490813 0.508111 862.600000 2.326503 -1.036916
0.491035 0.508205 862.700000 2.194023 -1.625880
0.491218 0.508289 862.800000 2.033582 -1.566430
0.491366 0.508352 862.900000 1.881677 -1.453628
0.491479 0.508514 863.000000 1.712049 -1.954117
0.491556 0.508672 863.100000 1.517253 -1.933905
0.491603 0.508742 863.200000 1.344717 -1.488373
0.491625 0.508932 863.300000 1.167864 -2.073874
0.491622 0.509095 863.400000 0.965896 -1.958667
0.491598 0.509351 863.500000 0.752418 -2.331143
0.491557 0.509568 863.600000 0.526450 -2.185289
0.491507 0.509622 863.700000 0.345712 -1.394059
0.491454 0.509613 863.800000 0.228141 -0.937196
0.491398 0.509555 863.900000 0.176224 -0.057506
0.491343 0.509519 864.000000 0.142983 -0.636322
0.491287 0.509462 864.100000 0.118251 0.182877
0.491231 0.509403 864.200000 0.129443 0.035358
0.491175 0.509351 864.300000 0.147654 0.346720
0.491120 0.509294 864.400000 0.174351 0.181846
0.491066 0.509239 864.500000 0.195052 0.237827
0.491012 0.509183 864.600000 0.219126 0.247358
0.490958 0.509124 864.700000 0.232761 0.016677
0.490905 0.509085 864.800000 0.260990 0.579978
0.490854 0.509043 864.900000 0.317026 0.544536
0.490804 0.508984 865.000000 0.346507 0.023698
0.490755 0.508930 865.100000 0.360393 0.270607
0.490707 0.508878 865.200000 0.391025 0.351310
0.490661 0.508821 865.300000 0.418353 0.192658
0.490614 0.508764 865.400000 0.420921 -0.154364
0.490567 0.508713 865.500000 0.395050 -0.371063
0.490518 0.508655 865.600000 0.373773 -0.034767
0.490468 0.508636 865.700000 0.332403 -0.830993
0.490416 0.508580 865.800000 0.277754 -0.231486
0.490362 0.508567 865.900000 0.223420 -0.888190
0.490306 0.508527 866.000000 0.150029 -0.565070
0.490250 0.508502 866.100000 0.083656 -0.774904
0.490194 0.508463 866.200000 0.015713 -0.576768
0.490137 0.508416 866.300000 -0.035386 -0.440944
0.490081 0.508357 866.400000 -0.061738 -0.069209
0.490025 0.508313 866.500000 -0.088872 -0.496964
0.489969 0.508259 866.600000 -0.101391 0.284200
0.489913 0.508200 866.700000 -0.089189 -0.057670
0.489857 0.508143 866.800000 -0.097933 -0.121784
0.489801 0.508085 866.900000 -0.110577 -0.133321
0.489746 0.508039 867.000000 -0.139497 -0.464310
0.489691 0.507989 867.100000 -0.182753 -0.401335
0.489637 0.507931 867.200000 -0.201511 0.045771
0.489582 0.507883 867.300000 -0.178366 0.435886
0.489527 0.507832 867.400000 -0.138944 0.348469
0.489471 0.507815 867.500000 -0.080413 0.848919
0.489415 0.507784 867.600000 -0.002797 0.699187
0.489358 0.507765 867.700000 0.072820 0.823346
0.489304 0.507762 867.800000 0.162581 0.985477
0.489251 0.507733 867.900000 0.247490 0.704719
0.489201 0.507721 868.000000 0.326905 0.900065
0.489154 0.507688 868.100000 0.405623 0.670185
0.489110 0.507641 868.200000 0.461384 0.440545
0.489066 0.507584 868.300000 0.475975 -0.174138
0.489022 0.507529 868.400000 0.455003 -0.245203
0.488976 0.507474 868.500000 0.429852 -0.255087
0.488931 0.507426 868.600000 0.435551 0.406862
0.488888 0.507379 868.700000 0.477667 0.443908
0.488845 0.507326 868.800000 0.486168 -0.306267
0.488800 0.507299 868.900000 0.434525 -0.746499
0.488751 0.507278 869.000000 0.357241 -0.801668
0.488699 0.507276 869.100000 0.268301 -0.987575
0.488644 0.507259 869.200000 0.176195 -0.849796
0.488589 0.507212 869.300000 0.153110 0.453998
0.488535 0.507156 869.400000 0.168464 -0.176172
0.488480 0.507099 869.500000 0.168119 0.189276
0.488426 0.507041 869.600000 0.175347 -0.054884
0.488371 0.507016 869.700000 0.136489 -0.757825
0.488315 0.506959 869.800000 0.090762 -0.126072
0.488259 0.506960 869.900000 0.036006 -1.015633
0.488203 0.506910 870.000000 -0.035088 -0.377662
0.488147 0.506851 870.100000 -0.053170 0.035441
0.488091 0.506811 870.200000 -0.024619 0.562999
0.488035 0.506759 870.300000 0.019760 0.314207
0.487979 0.506754 870.400000 0.081840 0.963406
0.487924 0.506696 870.500000 0.131559 -0.014607
0.487869 0.506638 870.600000 0.127148 -0.075589
0.487814 0.506588 870.700000 0.105649 -0.368954
0.487758 0.506553 870.800000 0.055588 -0.647826
0.487702 0.506496 870.900000 0.027744 0.128960
0.487646 0.506439 871.000000 0.039585 0.107695
0.487590 0.506382 871.100000 0.051155 0.125614
0.487535 0.506328 871.200000 0.071203 0.284912
0.487480 0.506324 871.300000 0.132021 0.969706
0.487427 0.506381 871.400000 0.249898 1.417841
0.487382 0.506607 871.500000 0.429329 2.223112
0.487348 0.506664 871.600000 0.612824 1.420554
0.487325 0.506748 871.700000 0.761408 1.572723
0.487313 0.506722 871.800000 0.878967 0.751125
0.487308 0.506676 871.900000 0.939556 0.457951
0.487305 0.506618 872.000000 0.960570 -0.052730
0.487303 0.506561 872.100000 0.964645 0.154461
0.487300 0.506505 872.200000 0.965573 -0.140994
0.487296 0.506447 872.300000 0.951812 -0.124434
0.487292 0.506390 872.400000 0.951559 0.142262
0.487289 0.506333 872.500000 0.955594 -0.062043
0.487282 0.506290 872.600000 0.927340 -0.517788
0.487271 0.506238 872.700000 0.884286 -0.326686
0.487258 0.506180 872.800000 0.864503 -0.047146
0.487246 0.506126 872.900000 0.873126 0.243283
0.487234 0.506070 873.000000 0.875225 -0.215435
0.487218 0.506033 873.100000 0.834729 -0.607505
0.487197 0.505986 873.200000 0.782272 -0.426980
0.487174 0.505932 873.300000 0.747235 -0.259366
0.487149 0.505875 873.400000 0.739444 0.130161
0.487121 0.505878 873.500000 0.696833 -1.035651
0.487085 0.505887 873.600000 0.591300 -1.075593
0.487042 0.505953 873.700000 0.464919 -1.472676
0.486992 0.506027 873.800000 0.315691 -1.517350
0.486938 0.506016 873.900000 0.193233 -0.904368
0.486883 0.506013 874.000000 0.099100 -0.985389
0.486828 0.505978 874.100000 0.017924 -0.623271
0.486773 0.506202 874.200000 -0.120032 -2.223152
0.486724 0.506520 874.300000 -0.357723 -2.561358
0.486691 0.506958 874.400000 -0.631189 -2.945224
0.486686 0.507469 874.500000 -0.934562 -3.155112
0.486715 0.507754 874.600000 -1.215388 -2.450260
0.486773 0.507814 874.700000 -1.411218 -1.438124
0.486852 0.507816 874.800000 -1.534160 -1.020393
0.486941 0.507758 874.900000 -1.590943 -0.086849
0.487029 0.507701 875.000000 -1.590370 0.091312
0.487113 0.507656 875.100000 -1.561655 0.488460
0.487184 0.507653 875.200000 -1.488961 0.978149
0.487238 0.507660 875.300000 -1.386290 1.070385
0.487277 0.507644 875.400000 -1.289098 0.853844
0.487310 0.507586 875.500000 -1.240083 0.077167
0.487345 0.507550 875.600000 -1.264640 -0.616814
0.487389 0.507505 875.700000 -1.318919 -0.477322
0.487436 0.507447 875.800000 -1.342216 0.021956
0.487482 0.507391 875.900000 -1.333149 0.152984
0.487525 0.507335 876.000000 -1.314201 0.216796
0.487562 0.507292 876.100000 -1.277859 0.513662
0.487593 0.507245 876.200000 -1.229679 0.435768
0.487613 0.507271 876.300000 -1.148807 1.212567
0.487617 0.507309 876.400000 -1.023464 1.293424
0.487605 0.507426 876.500000 -0.872276 1.751008
0.487576 0.507602 876.600000 -0.684145 2.026611
0.487536 0.507614 876.700000 -0.525478 1.101864
0.487490 0.507634 876.800000 -0.412023 1.171445
0.487440 0.507621 876.900000 -0.308541 0.885179
0.487387 0.507622 877.000000 -0.214019 1.013594
0.487332 0.507597 877.100000 -0.124737 0.761998
0.487277 0.507542 877.200000 -0.073707 0.233559
0.487221 0.507492 877.300000 -0.043687 0.374760
0.487166 0.507435 877.400000 -0.030276 -0.131660
0.487111 0.507398 877.500000 -0.009004 0.594314
0.487055 0.507341 877.600000 0.027333 0.109978
0.487000 0.507283 877.700000 0.027933 -0.108644
0.486944 0.507230 877.800000 0.009601 -0.266597
0.486889 0.507173 877.900000 0.001092 0.115205
0.486833 0.507136 878.000000 -0.022008 -0.615011
0.486778 0.507117 878.100000 -0.093092 -0.820962
0.486724 0.507074 878.200000 -0.159880 -0.503344
0.486671 0.507021 878.300000 -0.200269 -0.297868
0.486618 0.506968 878.400000 -0.202591 0.278173
0.486565 0.506913 878.500000 -0.176651 0.237952
0.486511 0.506858 878.600000 -0.174822 -0.226325
0.486457 0.506802 878.700000 -0.181318 0.111235
0.486404 0.506754 878.800000 -0.195652 -0.427495
0.486352 0.506699 878.900000 -0.226618 -0.183178
0.486299 0.506653 879.000000 -0.214064 0.465145
0.486246 0.506598 879.100000 -0.179643 0.210163
0.486191 0.506578 879.200000 -0.129973 0.814360
0.486136 0.506676 879.300000 -0.008817 1.656034
0.486082 0.506711 879.400000 0.138098 1.270621
0.486030 0.506707 879.500000 0.250566 0.971025
0.485982 0.506720 879.600000 0.354357 1.120278
0.485938 0.506684 879.700000 0.441594 0.606874
0.485897 0.506657 879.800000 0.507908 0.733686
0.485860 0.506605 879.900000 0.561790 0.331740
0.485827 0.506596 880.000000 0.622636 0.923694
0.485800 0.506573 880.100000 0.707549 0.777997
0.485780 0.506548 880.200000 0.783628 0.753449
0.485768 0.506549 880.300000 0.870656 1.012569
0.485767 0.506566 880.400000 0.977752 1.150638
0.485777 0.506541 880.500000 1.073328 0.755952
0.485799 0.506555 880.600000 1.165619 1.123945
0.485834 0.506536 880.700000 1.262637 0.817868
0.485880 0.506495 880.800000 1.330513 0.542069
0.485938 0.506508 880.900000 1.410964 1.113184
0.486011 0.506488 881.000000 1.507131 0.814387
0.486103 0.506517 881.100000 1.607394 1.232223
0.486217 0.506535 881.200000 1.725821 1.154811
0.486353 0.506549 881.300000 1.838755 1.125656
0.486505 0.506496 881.400000 1.910112 0.281366
0.486661 0.506439 881.500000 1.929234 0.112790
0.486808 0.506433 881.600000 1.889282 -0.947775
0.486932 0.506465 881.700000 1.779082 -1.258686
0.487038 0.506428 881.800000 1.684076 -0.595355
0.487130 0.506406 881.900000 1.614722 -0.788155
0.487208 0.506397 882.000000 1.528786 -0.925809
0.487267 0.506417 882.100000 1.424273 -1.166717
0.487309 0.506443 882.200000 1.305078 -1.211430
0.487333 0.506463 882.300000 1.185521 -1.170903
0.487343 0.506470 882.400000 1.072939 -1.069729
0.487342 0.506447 882.500000 0.979734 -0.773692
0.487335 0.506396 882.600000 0.922750 -0.337283
0.487325 0.506348 882.700000 0.885321 -0.407549
0.487312 0.506291 882.800000 0.867327 0.080047
0.487302 0.506248 882.900000 0.895300 0.511187
0.487298 0.506210 883.000000 0.948899 0.575835
0.487296 0.506153 883.100000 0.973875 -0.099311
0.487296 0.506099 883.200000 0.979076 0.229868
0.487294 0.506047 883.300000 0.976505 -0.298081
0.487290 0.505992 883.400000 0.950359 -0.212116
0.487282 0.505955 883.500000 0.910508 -0.596768
0.487266 0.505948 883.600000 0.834232 -0.940881
0.487242 0.505956 883.700000 0.733456 -1.078508
0.487209 0.505938 883.800000 0.637028 -0.835610
0.487171 0.505935 883.900000 0.546827 -0.973709
0.487128 0.505934 884.000000 0.448098 -1.002015
0.487080 0.505903 884.100000 0.363022 -0.683539
0.487030 0.505873 884.200000 0.294777 -0.681199
0.486978 0.505830 884.300000 0.235109 -0.503447
0.486924 0.505815 884.400000 0.167500 -0.868219
0.486870 0.505776 884.500000 0.095399 -0.560507
0.486815 0.505785 884.600000 0.014789 -1.081094
0.486760 0.505736 884.700000 -0.060067 -0.384917
0.486705 0.505679 884.800000 -0.082035 -0.038851
0.486651 0.505633 884.900000 -0.105358 -0.450301
0.486597 0.505576 885.000000 -0.124591 0.090700
0.486543 0.505530 885.100000 -0.140728 -0.442262
0.486490 0.505481 885.200000 -0.181569 -0.374731
0.486437 0.505424 885.300000 -0.204280 -0.067086
0.486385 0.505380 885.400000 -0.230635 -0.484384
0.486335 0.505353 885.500000 -0.290128 -0.722871
0.486287 0.505317 885.600000 -0.356940 -0.614377
0.486241 0.505261 885.700000 -0.393928 -0.105393
0.486196 0.505209 885.800000 -0.414250 -0.316656
0.486153 0.505165 885.900000 -0.453300 -0.478689
0.486111 0.505110 886.000000 -0.486015 -0.166203
0.486070 0.505053 886.100000 -0.491930 0.053728
0.486030 0.505001 886.200000 -0.503010 -0.298502
0.485993 0.504993 886.300000 -0.562334 -0.927679
0.485960 0.504946 886.400000 -0.630499 -0.419389
0.485933 0.504946 886.500000 -0.699769 -1.005349
0.485911 0.504890 886.600000 -0.759649 -0.160068
0.485889 0.504833 886.700000 -0.771094 -0.072665
0.485869 0.504778 886.800000 -0.781015 -0.137236
0.485850 0.504725 886.900000 -0.800261 -0.262831
0.485836 0.504699 887.000000 -0.848842 -0.743487
0.485828 0.504657 887.100000 -0.911917 -0.518559
0.485824 0.504601 887.200000 -0.944777 -0.130051
0.485818 0.504551 887.300000 -0.935139 0.337269
0.485809 0.504507 887.400000 -0.894484 0.475537
0.485795 0.504457 887.500000 -0.851784 0.366267
0.485778 0.504404 887.600000 -0.820773 0.240756
0.485759 0.504352 887.700000 -0.793032 0.310826
0.485738 0.504296 887.800000 -0.779064 -0.057141
0.485721 0.504261 887.900000 -0.811381 -0.627286
0.485709 0.504229 888.000000 -0.875189 -0.662137
0.485701 0.504173 888.100000 -0.913390 -0.083659
0.485694 0.504116 888.200000 -0.921859 -0.095951
0.485689 0.504064 888.300000 -0.939291 -0.271670
0.485687 0.504009 888.400000 -0.962772 -0.205274
0.485688 0.503965 888.500000 -0.995314 -0.470215
0.485697 0.503960 888.600000 -1.064911 -0.959934
0.485717 0.503940 888.700000 -1.152652 -0.802274
0.485747 0.503907 888.800000 -1.225060 -0.653838
0.485790 0.503942 888.900000 -1.319203 -1.277530
0.485849 0.503919 889.000000 -1.422171 -0.775319
0.485917 0.503866 889.100000 -1.473794 -0.247667
0.485990 0.503822 889.200000 -1.507961 -0.463060
0.486073 0.503790 889.300000 -1.562892 -0.663624
0.486171 0.503803 889.400000 -1.649614 -1.113629
0.486288 0.503785 889.500000 -1.746509 -0.831786
0.486415 0.503731 889.600000 -1.800015 -0.228434
0.486554 0.503718 889.700000 -1.852736 -0.879451
0.486708 0.503687 889.800000 -1.929552 -0.668941
0.486874 0.503638 889.900000 -1.980879 -0.364383
0.487047 0.503588 890.000000 -2.016186 -0.363426
0.487224 0.503533 890.100000 -2.028815 0.113883
0.487393 0.503495 890.200000 -1.994168 0.584124
0.487544 0.503493 890.300000 -1.916160 0.980007
0.487677 0.503471 890.400000 -1.826246 0.794502
0.487791 0.503474 890.500000 -1.735095 1.026656
0.487881 0.503552 890.600000 -1.607215 1.546356
0.487946 0.503599 890.700000 -1.461093 1.358232
0.487989 0.503668 890.800000 -1.318428 1.494798
0.488011 0.503721 890.900000 -1.173102 1.401495
0.488019 0.503720 891.000000 -1.051964 0.995546
0.488013 0.503765 891.100000 -0.935634 1.344125
0.487993 0.503872 891.200000 -0.784012 1.705025
0.487958 0.504029 891.300000 -0.601973 1.949771
0.487914 0.504111 891.400000 -0.425044 1.573234
0.487863 0.504154 891.500000 -0.279316 1.332689
0.487809 0.504291 891.600000 -0.121475 1.855901
0.487755 0.504494 891.700000 0.077809 2.154026
0.487705 0.504598 891.800000 0.270712 1.691808
0.487660 0.504652 891.900000 0.425549 1.401269
0.487622 0.504636 892.000000 0.539073 0.851919
0.487589 0.504638 892.100000 0.632090 1.027536
0.487564 0.504610 892.200000 0.719534 0.716709
0.487543 0.504560 892.300000 0.772819 0.340138
0.487525 0.504512 892.400000 0.807778 0.370140
0.487507 0.504458 892.500000 0.815348 -0.240867
0.487487 0.504407 892.600000 0.787782 -0.307042
0.487466 0.504351 892.700000 0.771559 0.005282
0.487446 0.504298 892.800000 0.783918 0.263210
0.487428 0.504244 892.900000 0.807377 0.212523
0.487410 0.504189 893.000000 0.810020 -0.170636
0.487388 0.504161 893.100000 0.767102 -0.708836
0.487360 0.504147 893.200000 0.688064 -0.876825
0.487327 0.504116 893.300000 0.610318 -0.664660
0.487287 0.504149 893.400000 0.515135 -1.268171
0.487242 0.504119 893.500000 0.416174 -0.681693
0.487193 0.504172 893.600000 0.314104 -1.396772
0.487140 0.504189 893.700000 0.186425 -1.147932
0.487087 0.504134 893.800000 0.118536 -0.162145
0.487033 0.504094 893.900000 0.084023 -0.548087
0.486978 0.504070 894.000000 0.019684 -0.751433
0.486924 0.504113 894.100000 -0.083037 -1.337598
0.486872 0.504091 894.200000 -0.190241 -0.785295
0.486821 0.504067 894.300000 -0.267226 -0.759051
0.486773 0.504043 894.400000 -0.342896 -0.761134
0.486730 0.504080 894.500000 -0.443799 -1.292310
0.486693 0.504079 894.600000 -0.558479 -0.996989
0.486665 0.504152 894.700000 -0.682402 -1.519819
0.486647 0.504159 894.800000 -0.812075 -1.064493
0.486638 0.504125 894.900000 -0.897214 -0.629101
0.486636 0.504103 895.000000 -0.966993 -0.787083
0.486643 0.504093 895.100000 -1.050778 -0.908819
0.486663 0.504118 895.200000 -1.154822 -1.202832
0.486693 0.504065 895.300000 -1.230023 -0.269981
0.486722 0.504024 895.400000 -1.218773 0.523000
0.486742 0.504001 895.500000 -1.154486 0.766107
0.486753 0.503969 895.600000 -1.082685 0.656646
0.486753 0.504010 895.700000 -0.985091 1.322914
0.486738 0.504090 895.800000 -0.841341 1.561780
0.486715 0.504036 895.900000 -0.748798 0.218175
0.486690 0.503983 896.000000 -0.726699 0.217423
0.486662 0.503945 896.100000 -0.687537 0.578712
0.486629 0.503936 896.200000 -0.613171 0.922892
0.486590 0.503930 896.300000 -0.519611 0.948372
0.486544 0.503983 896.400000 -0.403455 1.398219
0.486494 0.504057 896.500000 -0.257810 1.524649
0.486440 0.504109 896.600000 -0.111834 1.393413
0.486386 0.504081 896.700000 -0.005190 0.709711
0.486332 0.504055 896.800000 0.067250 0.744592
0.486279 0.504092 896.900000 0.167214 1.287880
0.486230 0.504103 897.000000 0.286932 1.105324
0.486185 0.504171 897.100000 0.415201 1.488930
0.486149 0.504240 897.200000 0.563908 1.497649
0.486122 0.504280 897.300000 0.704536 1.319038
0.486103 0.504231 897.400000 0.790082 0.355150
0.486087 0.504187 897.500000 0.830523 0.469449
0.486076 0.504153 897.600000 0.884371 0.626563
0.486070 0.504099 897.700000 0.926332 0.202458
0.486064 0.504044 897.800000 0.930828 -0.119122
0.486057 0.503990 897.900000 0.914841 -0.195985
0.486048 0.503934 898.000000 0.904007 -0.002384
0.486037 0.503889 898.100000 0.881553 -0.461864
0.486019 0.503900 898.200000 0.805248 -1.090960
0.485993 0.503888 898.300000 0.705409 -0.893080
0.485959 0.503909 898.400000 0.602525 -1.177208
0.485916 0.504049 898.500000 0.451676 -1.876767
0.485866 0.504176 898.600000 0.267227 -1.814272
0.485812 0.504503 898.700000 0.047679 -2.626303
0.485760 0.504740 898.800000 -0.198548 -2.294096
0.485717 0.505035 898.900000 -0.437614 -2.512801
0.485688 0.505277 899.000000 -0.678716 -2.316511
0.485677 0.505371 899.100000 -0.877507 -1.642828
0.485685 0.505536 899.200000 -1.057587 -1.994722
0.485715 0.505587 899.300000 -1.227190 -1.386389
0.485767 0.505688 899.400000 -1.378822 -1.681351
0.485846 0.505796 899.500000 -1.547616 -1.719148
0.485954 0.505858 899.600000 -1.706065 -1.460757
0.486093 0.505975 899.700000 -1.865369 -1.766157
0.486265 0.506001 899.800000 -2.014463 -1.214645
0.486462 0.506008 899.900000 -2.127492 -1.064563
0.486681 0.505980 900.000000 -2.216195 -0.718146
0.486913 0.505931 900.100000 -2.269466 -0.354052
0.487151 0.505876 900.200000 -2.294921 -0.169922
0.487393 0.505822 900.300000 -2.309990 -0.154489
0.487642 0.505773 900.400000 -2.334046 -0.361426
0.487896 0.505718 900.500000 -2.358396 -0.139112
0.488154 0.505662 900.600000 -2.370735 -0.131602
0.488409 0.505612 900.700000 -2.361081 0.324280
0.488650 0.505592 900.800000 -2.304532 0.810389
0.488869 0.505582 900.900000 -2.218149 0.903375
0.489065 0.505574 901.000000 -2.125242 0.939221
0.489232 0.505681 901.100000 -1.993890 1.712191
0.489364 0.505735 901.200000 -1.836528 1.408122
0.489471 0.505758 901.300000 -1.705382 1.192500
0.489559 0.505752 901.400000 -1.596987 0.951951
0.489628 0.505757 901.500000 -1.496464 1.052874
0.489679 0.505802 901.600000 -1.376778 1.346898
0.489712 0.505817 901.700000 -1.251932 1.132030
0.489729 0.505830 901.800000 -1.139015 1.119071
0.489736 0.505803 901.900000 -1.045483 0.725352
0.489734 0.505770 902.000000 -0.976776 0.637528
0.489726 0.505746 902.100000 -0.906685 0.764551
0.489712 0.505693 902.200000 -0.855175 0.232615
0.489696 0.505640 902.300000 -0.831973 0.223627
0.489680 0.505587 902.400000 -0.832188 -0.260554
0.489668 0.505557 902.500000 -0.877648 -0.680444
0.489662 0.505510 902.600000 -0.932181 -0.408237
0.489659 0.505457 902.700000 -0.963123 -0.211739
0.489658 0.505401 902.800000 -0.978770 -0.106394
0.489657 0.505345 902.900000 -0.981995 0.039205
0.489659 0.505303 903.000000 -1.003000 -0.497144
0.489667 0.505276 903.100000 -1.062453 -0.716082
0.489682 0.505225 903.200000 -1.113547 -0.298209
0.489698 0.505169 903.300000 -1.128239 0.007774
0.489712 0.505120 903.400000 -1.110400 0.356102
0.489716 0.505160 903.500000 -1.028866 1.315855
0.489706 0.505238 903.600000 -0.885642 1.558011
0.489682 0.505274 903.700000 -0.742561 1.288770
0.489650 0.505259 903.800000 -0.634217 0.854617
0.489613 0.505220 903.900000 -0.562600 0.560397
0.489574 0.505170 904.000000 -0.517928 0.317587
0.489533 0.505115 904.100000 -0.495044 0.126537
0.489492 0.505059 904.200000 -0.484238 0.083015
0.489450 0.505005 904.300000 -0.471079 0.180899
0.489407 0.504954 904.400000 -0.447122 0.300803
0.489363 0.504901 904.500000 -0.421243 0.209050
0.489318 0.504849 904.600000 -0.397723 0.260981
0.489273 0.504802 904.700000 -0.403016 -0.404475
0.489231 0.504802 904.800000 -0.471643 -1.005873
0.489192 0.504747 904.900000 -0.528429 -0.091743
0.489154 0.504695 905.000000 -0.545196 -0.258121
0.489120 0.504665 905.100000 -0.590831 -0.683801
0.489088 0.504610 905.200000 -0.630649 -0.090862
0.489055 0.504555 905.300000 -0.628711 0.134707
0.489021 0.504509 905.400000 -0.601836 0.411804
0.488986 0.504454 905.500000 -0.572569 0.156240
0.488950 0.504405 905.600000 -0.579959 -0.334788
0.488915 0.504350 905.700000 -0.591584 0.118583
0.488881 0.504296 905.800000 -0.592478 -0.156212
0.488845 0.504257 905.900000 -0.573751 0.561785
0.488805 0.504234 906.000000 -0.507713 0.766997
0.488760 0.504278 906.100000 -0.403737 1.341725
0.488711 0.504288 906.200000 -0.281420 1.094645
0.488658 0.504347 906.300000 -0.155748 1.439904
0.488604 0.504460 906.400000 0.002506 1.747397
0.488552 0.504485 906.500000 0.151494 1.213483
0.488502 0.504474 906.600000 0.257319 0.894101
0.488454 0.504432 906.700000 0.327570 0.497320
0.488406 0.504378 906.800000 0.343897 -0.201675
0.488358 0.504336 906.900000 0.309600 -0.497457
0.488308 0.504281 907.000000 0.287592 0.088627
0.488260 0.504232 907.100000 0.307879 0.333332
0.488213 0.504209 907.200000 0.361521 0.767160
0.488170 0.504201 907.300000 0.445690 0.932590
0.488131 0.504151 907.400000 0.509512 0.321020
0.488093 0.504097 907.500000 0.532671 0.139381
0.488054 0.504046 907.600000 0.525975 -0.289814
0.488014 0.503998 907.700000 0.492257 -0.385882
0.487972 0.503947 907.800000 0.459665 -0.256241
0.487928 0.503895 907.900000 0.433272 -0.269046
0.487884 0.503841 908.000000 0.411875 -0.149691
0.487839 0.503786 908.100000 0.409430 0.118213
0.487795 0.503731 908.200000 0.420232 0.101673
0.487751 0.503681 908.300000 0.410261 -0.318461
0.487705 0.503628 908.400000 0.384890 -0.179190
0.487659 0.503573 908.500000 0.370012 -0.111940
0.487613 0.503517 908.600000 0.364429 0.009812
0.487564 0.503542 908.700000 0.307805 -1.202409
0.487513 0.503561 908.800000 0.189488 -1.165225
0.487459 0.503601 908.900000 0.065978 -1.317211
0.487406 0.503589 909.000000 -0.045135 -0.888772
0.487353 0.503570 909.100000 -0.130091 -0.811395
0.487303 0.503669 909.200000 -0.251934 -1.676585
0.487260 0.503808 909.300000 -0.428680 -1.880399
0.487226 0.503906 909.400000 -0.606022 -1.669528
0.487207 0.504058 909.500000 -0.785273 -1.944826
0.487202 0.504081 909.600000 -0.943003 -1.188040
0.487211 0.504132 909.700000 -1.070905 -1.396657
0.487234 0.504101 909.800000 -1.175037 -0.665572
0.487265 0.504071 909.900000 -1.241359 -0.676711
0.487305 0.504035 910.000000 -1.304357 -0.594909
0.487351 0.503983 910.100000 -1.346708 -0.250137
0.487401 0.503932 910.200000 -1.371618 -0.263554
0.487458 0.503910 910.300000 -1.421750 -0.781442
0.487528 0.503884 910.400000 -1.496964 -0.738936
0.487609 0.503857 910.500000 -1.568844 -0.716345
0.487706 0.503856 910.600000 -1.652744 -0.995820
0.487825 0.503931 910.700000 -1.776837 -1.536238
0.487975 0.503992 910.800000 -1.925395 -1.456582
0.488156 0.504036 910.900000 -2.064567 -1.348083
0.488366 0.504062 911.000000 -2.191878 -1.219073
0.488605 0.504077 911.100000 -2.308184 -1.130730
0.488874 0.504114 911.200000 -2.427504 -1.293275
0.489178 0.504138 911.300000 -2.550926 -1.201400
0.489504 0.504090 911.400000 -2.630792 -0.384767
0.489837 0.504037 911.500000 -2.657878 -0.174216
0.490167 0.503992 911.600000 -2.644459 0.447837
0.490480 0.503964 911.700000 -2.586502 0.700518
0.490762 0.504048 911.800000 -2.472997 1.594461
0.491000 0.504147 911.900000 -2.308833 1.676814
0.491201 0.504199 912.000000 -2.153606 1.398822
0.491365 0.504317 912.100000 -1.995000 1.779145
0.491496 0.504369 912.200000 -1.834691 1.396296
0.491592 0.504571 912.300000 -1.657997 2.167165
0.491655 0.504707 912.400000 -1.455101 1.869937
0.491690 0.504815 912.500000 -1.274722 1.725322
0.491701 0.504963 912.600000 -1.092572 1.924498
0.491690 0.505212 912.700000 -0.879558 2.357795
0.491660 0.505378 912.800000 -0.660351 2.011743
0.491617 0.505619 912.900000 -0.444429 2.327282
0.491565 0.505918 913.000000 -0.201971 2.540936
0.491511 0.505913 913.100000 -0.022965 0.967734
0.491458 0.505888 913.200000 0.062993 0.744530
0.491405 0.505847 913.300000 0.125631 0.499905
0.491353 0.505842 913.400000 0.197378 0.963315
0.491304 0.505821 913.500000 0.285438 0.796144
0.491258 0.505837 913.600000 0.380710 1.134124
0.491217 0.505841 913.700000 0.489279 1.042186
0.491183 0.505848 913.800000 0.594262 1.069293
0.491154 0.505804 913.900000 0.671546 0.455658
0.491128 0.505760 914.000000 0.717052 0.464015
0.491105 0.505705 914.100000 0.744324 0.070306
0.491084 0.505663 914.200000 0.771080 0.494974
0.491066 0.505612 914.300000 0.809878 0.280005
0.491053 0.505604 914.400000 0.868100 0.928100
0.491047 0.505555 914.500000 0.932180 0.335901
0.491045 0.505518 914.600000 0.976726 0.578908
0.491051 0.505495 914.700000 1.042927 0.767863
0.491063 0.505442 914.800000 1.091348 0.184319
0.491073 0.505392 914.900000 1.085184 -0.322379
0.491081 0.505338 915.000000 1.061499 -0.132170
0.491087 0.505284 915.100000 1.046009 -0.169676
0.491091 0.505236 915.200000 1.020124 -0.347832
0.491087 0.505225 915.300000 0.958430 -0.907109
0.491075 0.505208 915.400000 0.871142 -0.829771
0.491059 0.505153 915.500000 0.831123 0.081698
0.491042 0.505100 915.600000 0.824944 -0.211993
0.491023 0.505056 915.700000 0.792419 -0.443560
0.490999 0.505033 915.800000 0.732309 -0.770249
0.490969 0.504999 915.900000 0.662159 -0.621661
0.490934 0.504990 916.000000 0.585801 -0.917728
0.490896 0.504937 916.100000 0.528325 -0.192594
0.490856 0.504887 916.200000 0.503727 -0.300786
0.490816 0.504832 916.300000 0.491479 0.079276
0.490776 0.504777 916.400000 0.497300 0.040436
0.490734 0.504741 916.500000 0.471139 -0.591741
0.490689 0.504743 916.600000 0.391563 -1.020762
0.490641 0.504692 916.700000 0.324082 -0.291968
0.490594 0.504643 916.800000 0.324346 0.331785
0.490546 0.504591 916.900000 0.331567 -0.210943
0.490496 0.504628 917.000000 0.258644 -1.302767
0.490444 0.504629 917.100000 0.142464 -1.009681
0.490391 0.504586 917.200000 0.066607 -0.483676
0.490337 0.504532 917.300000 0.035890 -0.113037
0.490284 0.504477 917.400000 0.029204 -0.015801
0.490231 0.504425 917.500000 0.038828 0.220967
0.490178 0.504420 917.600000 0.095931 0.961617
0.490126 0.504426 917.700000 0.196199 1.054665
0.490078 0.504435 917.800000 0.302634 1.083038
0.490034 0.504485 917.900000 0.424965 1.388375
0.489995 0.504431 918.000000 0.503521 0.127966
0.489955 0.504377 918.100000 0.502435 -0.159076
0.489914 0.504331 918.200000 0.475372 -0.390165
0.489871 0.504279 918.300000 0.442680 -0.253806
0.489829 0.504231 918.400000 0.445781 0.350739
0.489786 0.504187 918.500000 0.442510 -0.452108
0.489742 0.504139 918.600000 0.402132 -0.347922
0.489696 0.504094 918.700000 0.363855 -0.419165
0.489648 0.504041 918.800000 0.331262 -0.220840
0.489601 0.503990 918.900000 0.331602 0.254826
0.489553 0.503976 919.000000 0.303910 -0.862831
0.489502 0.503987 919.100000 0.206345 -1.102592
0.489449 0.503988 919.200000 0.100677 -1.009605
0.489396 0.503982 919.300000 0.002844 -0.948133
0.489343 0.503984 919.400000 -0.095417 -1.026142
0.489292 0.503993 919.500000 -0.200337 -1.081536
0.489244 0.504011 919.600000 -0.311902 -1.161678
0.489201 0.504012 919.700000 -0.420250 -1.006350
0.489164 0.504093 919.800000 -0.547761 -1.583749
0.489138 0.504181 919.900000 -0.707120 -1.619109
0.489127 0.504351 920.000000 -0.887903 -2.033973
0.489137 0.504448 920.100000 -1.073091 -1.670225
0.489164 0.504465 920.200000 -1.214612 -1.152470
0.489206 0.504478 920.300000 -1.327384 -1.119440
0.489264 0.504469 920.400000 -1.428664 -0.914537
0.489337 0.504470 920.500000 -1.524032 -1.017342
0.489424 0.504433 920.600000 -1.602979 -0.558013
0.489517 0.504380 920.700000 -1.641579 -0.214896
0.489619 0.504363 920.800000 -1.691405 -0.831645
0.489733 0.504320 920.900000 -1.756138 -0.464990
0.489851 0.504266 921.000000 -1.773846 0.121701
0.489959 0.504252 921.100000 -1.725394 0.869589
0.490049 0.504268 921.200000 -1.625103 1.137664
0.490119 0.504296 921.300000 -1.506208 1.235111
0.490167 0.504379 921.400000 -1.365169 1.596097
0.490194 0.504425 921.500000 -1.216612 1.357230
0.490207 0.504408 921.600000 -1.105320 0.836160
0.490209 0.504437 921.700000 -1.002134 1.242276
0.490197 0.504463 921.800000 -0.878884 1.217959
0.490176 0.504460 921.900000 -0.768250 0.979820
0.490146 0.504521 922.000000 -0.647387 1.460187
0.490106 0.504584 922.100000 -0.500861 1.472186
0.490059 0.504728 922.200000 -0.332759 1.915933
0.490007 0.504876 922.300000 -0.140681 1.933304
0.489954 0.504911 922.400000 0.021701 1.289211
0.489902 0.504935 922.500000 0.146393 1.207316
0.489852 0.504903 922.600000 0.239637 0.635285
0.489804 0.504855 922.700000 0.289379 0.350285
0.489757 0.504836 922.800000 0.346353 0.818578
0.489714 0.504837 922.900000 0.437159 1.015682
0.489679 0.504957 923.000000 0.575084 1.793488
0.489660 0.505242 923.100000 0.787309 2.503574
0.489668 0.505680 923.200000 1.060917 3.016636
0.489712 0.505976 923.300000 1.339038 2.547575
0.489789 0.506085 923.400000 1.554153 1.738966
0.489900 0.506234 923.500000 1.736255 1.938271
0.490045 0.506318 923.600000 1.912826 1.603068
0.490214 0.506289 923.700000 2.028140 0.682308
0.490396 0.506242 923.800000 2.081791 0.399714
0.490583 0.506189 923.900000 2.110098 0.177661
0.490778 0.506143 924.000000 2.137570 0.405834
0.490978 0.506089 924.100000 2.162402 0.098117
0.491181 0.506037 924.200000 2.177186 0.226461
0.491378 0.506012 924.300000 2.152797 -0.742263
0.491559 0.505985 924.400000 2.078830 -0.718193
0.491718 0.506012 924.500000 1.982010 -1.228029
0.491853 0.506019 924.600000 1.866296 -1.064271
0.491967 0.506032 924.700000 1.756701 -1.117373
0.492066 0.505987 924.800000 1.676867 -0.431515
0.492161 0.505933 924.900000 1.657397 0.083716
0.492252 0.505897 925.000000 1.632717 -0.596070
0.492328 0.505918 925.100000 1.544719 -1.181522
0.492382 0.505987 925.200000 1.410484 -1.511310
0.492415 0.506032 925.300000 1.266060 -1.363221
0.492431 0.506077 925.400000 1.129785 -1.356431
0.492428 0.506233 925.500000 0.964668 -1.974260
0.492409 0.506291 925.600000 0.792504 -1.441755
0.492379 0.506318 925.700000 0.658266 -1.231602
0.492341 0.506393 925.800000 0.519903 -1.552451
0.492295 0.506460 925.900000 0.367226 -1.501369
0.492244 0.506522 926.000000 0.218876 -1.468114
0.492191 0.506554 926.100000 0.081744 -1.269616
0.492138 0.506527 926.200000 -0.018687 -0.715715
0.492085 0.506482 926.300000 -0.076361 -0.426486
0.492033 0.506451 926.400000 -0.130017 -0.662032
0.491982 0.506418 926.500000 -0.194401 -0.628688
0.491933 0.506391 926.600000 -0.261283 -0.718962
0.491886 0.506362 926.700000 -0.331506 -0.690379
0.491842 0.506357 926.800000 -0.412780 -0.956045
0.491802 0.506343 926.900000 -0.503512 -0.862842
0.491768 0.506314 927.000000 -0.581442 -0.696589
0.491738 0.506314 927.100000 -0.665362 -1.007654
0.491716 0.506296 927.200000 -0.756635 -0.819887
0.491701 0.506275 927.300000 -0.836732 -0.792491
0.491693 0.506245 927.400000 -0.909782 -0.674861
0.491691 0.506223 927.500000 -0.981140 -0.769952
0.491698 0.506189 927.600000 -1.050689 -0.627389
0.491713 0.506172 927.700000 -1.122548 -0.834503
0.491738 0.506157 927.800000 -1.206365 -0.858727
0.491771 0.506108 927.900000 -1.264792 -0.296825
0.491807 0.506053 928.000000 -1.282992 -0.069402
0.491844 0.505999 928.100000 -1.288754 -0.058457
0.491877 0.505958 928.200000 -1.267479 0.500169
0.491903 0.505930 928.300000 -1.207317 0.703740
0.491919 0.505904 928.400000 -1.135368 0.728147
0.491926 0.505890 928.500000 -1.055730 0.864255
0.491925 0.505854 928.600000 -0.982380 0.581867
0.491918 0.505826 928.700000 -0.918100 0.703382
0.491901 0.505862 928.800000 -0.819377 1.296821
0.491872 0.505954 928.900000 -0.672974 1.648378
0.491836 0.505924 929.000000 -0.553904 0.684229
0.491795 0.505906 929.100000 -0.478869 0.821769
0.491751 0.505890 929.200000 -0.395788 0.840357
0.491703 0.505904 929.300000 -0.297922 1.132827
0.491652 0.505898 929.400000 -0.193606 0.946680
0.491599 0.505880 929.500000 -0.105031 0.821259
0.491547 0.505955 929.600000 0.011394 1.548817
0.491495 0.506011 929.700000 0.160491 1.435423
0.491446 0.506000 929.800000 0.278180 0.899283
0.491403 0.506115 929.900000 0.409119 1.773009
0.491366 0.506123 930.000000 0.552998 1.081602
0.491336 0.506116 930.100000 0.653821 0.938557
0.491310 0.506062 930.200000 0.699874 -0.058515
0.491280 0.506063 930.300000 0.648561 -1.011182
0.491244 0.506033 930.400000 0.562891 -0.683837
0.491204 0.506001 930.500000 0.496718 -0.635020
0.491162 0.505965 930.600000 0.435088 -0.593772
0.491116 0.505957 930.700000 0.359604 -0.932509
0.491066 0.506084 930.800000 0.223613 -1.836191
0.491013 0.506134 930.900000 0.061389 -1.392353
0.490961 0.506150 931.000000 -0.065714 -1.143331
0.490910 0.506157 931.100000 -0.176458 -1.074607
0.490861 0.506173 931.200000 -0.286673 -1.140586
0.490817 0.506159 931.300000 -0.387553 -0.871720
0.490775 0.506112 931.400000 -0.450057 -0.359888
0.490734 0.506059 931.500000 -0.462343 0.133763
0.490691 0.506022 931.600000 -0.428140 0.569290
0.490645 0.506004 931.700000 -0.358973 0.826297
0.490597 0.505967 931.800000 -0.288287 0.574958
0.490547 0.505920 931.900000 -0.241059 0.358344
0.490497 0.505890 932.000000 -0.190088 0.677326
0.490445 0.505844 932.100000 -0.136550 0.379428
0.490393 0.505796 932.200000 -0.100623 0.337538
0.490341 0.505762 932.300000 -0.053721 0.615924
0.490288 0.505717 932.400000 -0.002066 0.408989
0.490235 0.505662 932.500000 0.019289 -0.001348
0.490183 0.505660 932.600000 -0.027203 -0.979817
0.490131 0.505672 932.700000 -0.131272 -1.114060
0.490082 0.505665 932.800000 -0.234185 -0.942330
0.490035 0.505647 932.900000 -0.322147 -0.817652
0.489990 0.505594 933.000000 -0.370496 -0.120129
0.489946 0.505550 933.100000 -0.397932 -0.450313
0.489904 0.505516 933.200000 -0.450213 -0.610069
0.489864 0.505464 933.300000 -0.491185 -0.195246
0.489826 0.505411 933.400000 -0.508720 -0.159508
0.489789 0.505377 933.500000 -0.545760 -0.610992
0.489756 0.505341 933.600000 -0.604814 -0.576976
0.489729 0.505337 933.700000 -0.680914 -0.975051
0.489707 0.505303 933.800000 -0.760273 -0.604575
0.489689 0.505250 933.900000 -0.799138 -0.160113
0.489673 0.505202 934.000000 -0.823007 -0.335318
0.489657 0.505150 934.100000 -0.830681 0.200014
0.489642 0.505097 934.200000 -0.826758 -0.147069
0.489627 0.505045 934.300000 -0.841666 -0.160866
0.489613 0.504991 934.400000 -0.845469 0.088677
0.489598 0.504938 934.500000 -0.834060 0.133884
0.489581 0.504886 934.600000 -0.817903 0.184284
0.489563 0.504832 934.700000 -0.804529 0.069956
0.489549 0.504810 934.800000 -0.837433 -0.780458
0.489539 0.504761 934.900000 -0.892147 -0.301075
0.489529 0.504710 935.000000 -0.897549 0.209386
0.489519 0.504656 935.100000 -0.886078 0.001201
0.489508 0.504603 935.200000 -0.878864 0.141616
0.489499 0.504563 935.300000 -0.895495 -0.516923
0.489492 0.504509 935.400000 -0.925080 -0.062543
0.489487 0.504458 935.500000 -0.938845 -0.231223
0.489484 0.504408 935.600000 -0.961793 -0.238742
0.489485 0.504365 935.700000 -0.995626 -0.460460
0.489485 0.504322 935.800000 -0.997906 0.450428
0.489484 0.504268 935.900000 -0.971616 0.046506
0.489480 0.504219 936.000000 -0.955133 0.286300
0.489470 0.504217 936.100000 -0.893027 0.984518
0.489451 0.504229 936.200000 -0.788127 1.116698
0.489423 0.504241 936.300000 -0.676673 1.110036
0.489389 0.504234 936.400000 -0.574047 0.932197
0.489347 0.504317 936.500000 -0.448989 1.603446
0.489300 0.504368 936.600000 -0.298345 1.402832
0.489248 0.504539 936.700000 -0.127584 2.050890
0.489196 0.504578 936.800000 0.042218 1.315987
0.489146 0.504615 936.900000 0.173016 1.306844
0.489098 0.504623 937.000000 0.292429 1.077979
0.489055 0.504651 937.100000 0.407295 1.236281
0.489018 0.504721 937.200000 0.544116 1.525962
0.488993 0.504848 937.300000 0.710866 1.838981
0.488983 0.504946 937.400000 0.886803 1.688641
0.488991 0.505062 937.500000 1.059459 1.787415
0.489020 0.505193 937.600000 1.240678 1.860837
0.489076 0.505295 937.700000 1.418362 1.706942
0.489159 0.505425 937.800000 1.595123 1.859477
0.489268 0.505424 937.900000 1.738879 0.995925
0.489395 0.505411 938.000000 1.831448 0.871557
0.489537 0.505382 938.100000 1.908817 0.689110
0.489686 0.505328 938.200000 1.941781 -0.045792
0.489833 0.505275 938.300000 1.935045 -0.071080
0.489977 0.505223 938.400000 1.921080 -0.195811
0.490115 0.505178 938.500000 1.890558 -0.407596
0.490249 0.505124 938.600000 1.869556 0.027195
0.490379 0.505083 938.700000 1.846777 -0.491224
0.490503 0.505030 938.800000 1.817624 -0.052881
0.490626 0.504976 938.900000 1.814602 0.013853
0.490740 0.504974 939.000000 1.767798 -0.984237
0.490837 0.504953 939.100000 1.677914 -0.790755
0.490916 0.505015 939.200000 1.565836 -1.474161
0.490968 0.505129 939.300000 1.403710 -1.776375
0.490999 0.505160 939.400000 1.250436 -1.257082
0.491014 0.505201 939.500000 1.120621 -1.337571
0.491012 0.505279 939.600000 0.975426 -1.574633
0.490996 0.505346 939.700000 0.821306 -1.502515
0.490968 0.505383 939.800000 0.680237 -1.308338
0.490932 0.505402 939.900000 0.555864 -1.172013
0.490890 0.505434 940.000000 0.434006 -1.270967
0.490844 0.505399 940.100000 0.339053 -0.594871
0.490796 0.505391 940.200000 0.264164 -0.919735
0.490745 0.505378 940.300000 0.174139 -0.880933
0.490693 0.505429 940.400000 0.061436 -1.403517
0.490641 0.505414 940.500000 -0.052340 -0.849621
0.490590 0.505371 940.600000 -0.118592 -0.459911
0.490539 0.505365 940.700000 -0.187175 -0.940661
0.490491 0.505355 940.800000 -0.279518 -0.911474
0.490445 0.505302 940.900000 -0.331263 -0.087658
0.490399 0.505248 941.000000 -0.336066 -0.007997
0.490353 0.505195 941.100000 -0.338600 -0.048190
0.490307 0.505142 941.200000 -0.348045 -0.149688
0.490263 0.505099 941.300000 -0.376389 -0.436574
0.490221 0.505101 941.400000 -0.447627 -1.025231
0.490186 0.505114 941.500000 -0.554197 -1.121074
0.490157 0.505117 941.600000 -0.661576 -1.033328
0.490134 0.505078 941.700000 -0.740300 -0.526529
0.490113 0.505024 941.800000 -0.765906 0.033719
0.490092 0.504971 941.900000 -0.766305 -0.053798
0.490070 0.504921 942.000000 -0.756708 0.253995
0.490044 0.504920 942.100000 -0.695608 1.001091
0.490011 0.504929 942.200000 -0.591675 1.080046
0.489971 0.504942 942.300000 -0.481633 1.122804
0.489927 0.504929 942.400000 -0.381350 0.870684
0.489880 0.504881 942.500000 -0.320335 0.321481
0.489833 0.504828 942.600000 -0.308161 -0.101794
0.489787 0.504776 942.700000 -0.322103 -0.185034
0.489740 0.504735 942.800000 -0.308500 0.488345
0.489692 0.504682 942.900000 -0.287686 -0.103747
0.489646 0.504650 943.000000 -0.323014 -0.634148
0.489602 0.504619 943.100000 -0.387017 -0.653516
0.489561 0.504588 943.200000 -0.452302 -0.659807
0.489523 0.504560 943.300000 -0.519119 -0.685911
0.489489 0.504526 943.400000 -0.583462 -0.605528
0.489461 0.504532 943.500000 -0.664990 -1.057859
0.489438 0.504491 943.600000 -0.743536 -0.495683
0.489421 0.504463 943.700000 -0.801841 -0.690728
0.489407 0.504413 943.800000 -0.848660 -0.233222
0.489394 0.504360 943.900000 -0.855806 0.098025
0.489378 0.504320 944.000000 -0.826207 0.507449
0.489361 0.504268 944.100000 -0.806162 -0.146566
0.489343 0.504216 944.200000 -0.804127 0.196488
0.489324 0.504165 944.300000 -0.783008 0.220139
0.489300 0.504149 944.400000 -0.731491 0.835948
0.489269 0.504196 944.500000 -0.622067 1.378137
0.489229 0.504303 944.600000 -0.467077 1.741841
0.489182 0.504332 944.700000 -0.316539 1.247400
0.489132 0.504366 944.800000 -0.190236 1.283994
0.489081 0.504382 944.900000 -0.068858 1.140885
0.489029 0.504340 945.000000 0.013104 0.468255
0.488978 0.504299 945.100000 0.060681 0.486862
0.488927 0.504281 945.200000 0.125013 0.820517
0.488877 0.504255 945.300000 0.201873 0.716800
0.488830 0.504236 945.400000 0.277556 0.807400
0.488785 0.504223 945.500000 0.360695 0.865477
0.488743 0.504184 945.600000 0.430452 0.519612
0.488702 0.504131 945.700000 0.451424 -0.127174
0.488661 0.504078 945.800000 0.444294 -0.005150
0.488620 0.504026 945.900000 0.451058 0.153175
0.488580 0.503978 946.000000 0.473641 0.312171
0.488543 0.503948 946.100000 0.521557 0.671437
0.488509 0.503912 946.200000 0.583652 0.574074
0.488477 0.503861 946.300000 0.604725 -0.183636
0.488441 0.503856 946.400000 0.549276 -0.961176
0.488400 0.503892 946.500000 0.437117 -1.299380
0.488353 0.503963 946.600000 0.296266 -1.532355
0.488302 0.504048 946.700000 0.139256 -1.617440
0.488251 0.504218 946.800000 -0.042799 -2.053732
0.488203 0.504587 946.900000 -0.284354 -2.829435
0.488169 0.504961 947.000000 -0.567094 -2.843867
0.488155 0.505325 947.100000 -0.848978 -2.812804
0.488169 0.505591 947.200000 -1.112286 -2.457983
0.488212 0.505767 947.300000 -1.339346 -2.087794
0.488282 0.505832 947.400000 -1.518844 -1.495357
0.488377 0.505881 947.500000 -1.662465 -1.394838
0.488491 0.505859 947.600000 -1.771275 -0.772574
0.488615 0.505811 947.700000 -1.825885 -0.317456
0.488742 0.505758 947.800000 -1.841669 -0.001516
0.488872 0.505707 947.900000 -1.850908 -0.212812
0.489004 0.505654 948.000000 -1.866410 -0.111533
0.489148 0.505668 948.100000 -1.924927 -1.131756
0.489316 0.505705 948.200000 -2.044896 -1.301772
0.489511 0.505705 948.300000 -2.159931 -1.010928
0.489724 0.505673 948.400000 -2.241552 -0.628259
0.489946 0.505620 948.500000 -2.278876 -0.117044
0.490167 0.505569 948.600000 -2.273666 0.215344
0.490385 0.505516 948.700000 -2.263377 -0.044866
0.490602 0.505464 948.800000 -2.256130 0.178700
0.490808 0.505436 948.900000 -2.213106 0.686905
0.490995 0.505442 949.000000 -2.125853 1.059240
0.491158 0.505446 949.100000 -2.020052 1.040078
0.491296 0.505492 949.200000 -1.899236 1.379391
0.491406 0.505573 949.300000 -1.750473 1.595493
0.491483 0.505764 949.400000 -1.564043 2.153365
0.491527 0.505940 949.500000 -1.351772 2.084099
0.491552 0.505920 949.600000 -1.204178 0.797534
0.491568 0.505880 949.700000 -1.137835 0.506127
0.491578 0.505847 949.800000 -1.081385 0.620164
0.491584 0.505794 949.900000 -1.050457 -0.044119
0.491589 0.505747 950.000000 -1.036368 0.335130
0.491589 0.505717 950.100000 -0.986550 0.670268
0.491581 0.505686 950.200000 -0.920445 0.644127
0.491567 0.505676 950.300000 -0.843028 0.912521
0.491546 0.505639 950.400000 -0.768983 0.545440
0.491520 0.505655 950.500000 -0.685678 1.147530
0.491486 0.505648 950.600000 -0.580538 0.943725
0.491447 0.505618 950.700000 -0.499727 0.656523
0.491406 0.505570 950.800000 -0.449792 0.323101
0.491364 0.505519 950.900000 -0.422583 0.212451
0.491322 0.505491 951.000000 -0.443846 -0.688216
0.491284 0.505460 951.100000 -0.510555 -0.652139
0.491249 0.505408 951.200000 -0.547675 -0.068057
0.491214 0.505358 951.300000 -0.563904 -0.273140
0.491179 0.505307 951.400000 -0.568279 0.203644
0.491142 0.505266 951.500000 -0.534951 0.472458
0.491104 0.505219 951.600000 -0.493594 0.345118
0.491064 0.505166 951.700000 -0.474508 0.016173
0.491022 0.505137 951.800000 -0.441238 0.679473
0.490979 0.505095 951.900000 -0.383873 0.455191
0.490932 0.505075 952.000000 -0.322437 0.789681
0.490884 0.505055 952.100000 -0.243387 0.792396
0.490834 0.505024 952.200000 -0.171254 0.644210
0.490783 0.504989 952.300000 -0.109195 0.596112
0.490732 0.504938 952.400000 -0.086749 -0.186332
0.490681 0.504886 952.500000 -0.088938 0.158873
0.490630 0.504835 952.600000 -0.071914 0.182821
0.490578 0.504792 952.700000 -0.041751 0.433887
0.490527 0.504751 952.800000 -0.041523 -0.475308
0.490476 0.504714 952.900000 -0.092870 -0.558942
0.490426 0.504680 953.000000 -0.150106 -0.591367
0.490376 0.504644 953.100000 -0.207936 -0.568653
0.490329 0.504607 953.200000 -0.264351 -0.564501
0.490282 0.504559 953.300000 -0.308029 -0.300792
0.490236 0.504511 953.400000 -0.309895 0.289908
0.490188 0.504471 953.500000 -0.271193 0.493254
0.490139 0.504437 953.600000 -0.216644 0.603415
0.490089 0.504461 953.700000 -0.127360 1.215477
0.490037 0.504561 953.800000 0.017241 1.707580
0.489987 0.504572 953.900000 0.158882 1.102544
0.489940 0.504587 954.000000 0.270514 1.139434
0.489896 0.504566 954.100000 0.366948 0.778973
0.489856 0.504638 954.200000 0.480654 1.543130
0.489824 0.504623 954.300000 0.601656 0.853554
0.489800 0.504711 954.400000 0.723671 1.638575
0.489791 0.504845 954.500000 0.898582 1.888670
0.489801 0.504957 954.600000 1.080959 1.771637
0.489829 0.504980 954.700000 1.230510 1.209955
0.489873 0.505008 954.800000 1.351978 1.239638
0.489931 0.504974 954.900000 1.445052 0.608684
0.489997 0.504929 955.000000 1.493567 0.366524
0.490062 0.504888 955.100000 1.489042 -0.484992
0.490123 0.504835 955.200000 1.464881 0.041856
0.490176 0.504847 955.300000 1.413579 -1.113859
0.490211 0.504919 955.400000 1.281532 -1.541303
0.490227 0.504945 955.500000 1.142012 -1.227915
0.490233 0.504923 955.600000 1.040989 -0.763123
0.490231 0.504885 955.700000 0.974720 -0.544335
0.490226 0.504836 955.800000 0.934175 -0.243880
0.490216 0.504803 955.900000 0.891609 -0.619128
0.490202 0.504752 956.000000 0.848656 -0.212887
0.490187 0.504704 956.100000 0.823694 -0.282657
0.490168 0.504657 956.200000 0.791780 -0.352567
0.490143 0.504700 956.300000 0.708832 -1.352980
0.490107 0.504840 956.400000 0.546848 -1.916392
0.490063 0.504955 956.500000 0.361369 -1.791215
0.490014 0.505015 956.600000 0.197644 -1.472301
0.489963 0.505023 956.700000 0.069231 -1.081159
0.489912 0.505040 956.800000 -0.042173 -1.155849
0.489862 0.505099 956.900000 -0.171855 -1.460322
0.489817 0.505198 957.000000 -0.328969 -1.704189
0.489778 0.505241 957.100000 -0.482268 -1.355716
0.489745 0.505242 957.200000 -0.600930 -1.011363
0.489720 0.505235 957.300000 -0.698010 -0.937683
0.489700 0.505208 957.400000 -0.779944 -0.700436
0.489683 0.505157 957.500000 -0.807887 0.176236
0.489664 0.505109 957.600000 -0.784094 0.298926
0.489643 0.505057 957.700000 -0.760815 0.152699
0.489620 0.505010 957.800000 -0.737367 0.318155
0.489594 0.504989 957.900000 -0.683104 0.786048
0.489565 0.504937 958.000000 -0.648032 -0.135822
0.489537 0.504887 958.100000 -0.665047 -0.215905
0.489510 0.504838 958.200000 -0.687916 -0.251110
0.489487 0.504808 958.300000 -0.732328 -0.667223
0.489465 0.504762 958.400000 -0.750451 0.347318
0.489441 0.504718 958.500000 -0.712848 0.401937
0.489413 0.504684 958.600000 -0.663251 0.595161
0.489381 0.504637 958.700000 -0.615016 0.353314
0.489347 0.504615 958.800000 -0.560202 0.760087
0.489306 0.504664 958.900000 -0.453980 1.396237
0.489261 0.504694 959.000000 -0.321068 1.257502
0.489212 0.504725 959.100000 -0.195111 1.265467
0.489161 0.504898 959.200000 -0.030147 2.081472
0.489111 0.504988 959.300000 0.157343 1.656611
0.489064 0.504985 959.400000 0.290149 0.973873
0.489021 0.504966 959.500000 0.379188 0.806103
0.488980 0.504917 959.600000 0.433702 0.263660
0.488939 0.504865 959.700000 0.442289 -0.105622
0.488898 0.504813 959.800000 0.432582 -0.083499
0.488856 0.504761 959.900000 0.421570 -0.135598
0.488813 0.504729 960.000000 0.385099 -0.615570
0.488768 0.504680 960.100000 0.339663 -0.274591
0.488721 0.504717 960.200000 0.262844 -1.314575
0.488671 0.504843 960.300000 0.106265 -1.849447
0.488620 0.504909 960.400000 -0.062318 -1.513183
0.488572 0.505057 960.500000 -0.234339 -1.959320
0.488530 0.505160 960.600000 -0.418839 -1.731340
0.488496 0.505200 960.700000 -0.572544 -1.335201
0.488470 0.505193 960.800000 -0.686344 -0.932339
0.488450 0.505167 960.900000 -0.768542 -0.711793
0.488435 0.505131 961.000000 -0.832445 -0.570255
0.488425 0.505090 961.100000 -0.883932 -0.465288
0.488419 0.505044 961.200000 -0.925032 -0.362596
0.488414 0.504992 961.300000 -0.943372 0.003946
0.488413 0.504968 961.400000 -0.977705 -0.739132
0.488423 0.505001 961.500000 -1.076844 -1.286104
0.488448 0.505049 961.600000 -1.209382 -1.387532
0.488491 0.505079 961.700000 -1.341295 -1.263604
0.488550 0.505086 961.800000 -1.457343 -1.067079
0.488626 0.505083 961.900000 -1.558744 -0.976351
0.488712 0.505036 962.000000 -1.625341 -0.342983
0.488796 0.505006 962.100000 -1.611518 0.653856
0.488869 0.504987 962.200000 -1.538724 0.796863
0.488927 0.504989 962.300000 -1.447630 1.025885
0.488968 0.505031 962.400000 -1.329323 1.348133
0.488992 0.505047 962.500000 -1.203614 1.149393
0.489001 0.505105 962.600000 -1.073859 1.455848
0.488994 0.505195 962.700000 -0.918440 1.660206
0.488973 0.505285 962.800000 -0.752543 1.657140
0.488941 0.505312 962.900000 -0.606818 1.236414
0.488904 0.505291 963.000000 -0.505217 0.771568
0.488863 0.505265 963.100000 -0.430699 0.714809
0.488818 0.505260 963.200000 -0.347860 0.954033
0.488771 0.505229 963.300000 -0.267289 0.642530
0.488722 0.505233 963.400000 -0.183732 1.050798
0.488672 0.505310 963.500000 -0.053906 1.577128
0.488621 0.505385 963.600000 0.102931 1.566823
0.488574 0.505438 963.700000 0.252605 1.428655
0.488532 0.505529 963.800000 0.405825 1.657872
0.488498 0.505602 963.900000 0.566199 1.557078
0.488473 0.505627 964.000000 0.705285 1.220807
0.488454 0.505578 964.100000 0.780953 0.255211
0.488435 0.505526 964.200000 0.786768 -0.151159
0.488417 0.505477 964.300000 0.788942 0.221327
0.488401 0.505429 964.400000 0.815165 0.317234
0.488388 0.505386 964.500000 0.851147 0.417492
0.488381 0.505392 964.600000 0.922973 1.063749
0.488382 0.505350 964.700000 0.999503 0.449344
0.488385 0.505300 964.800000 1.012754 -0.206475
0.488382 0.505288 964.900000 0.959713 -0.880803
0.488371 0.505266 965.000000 0.877178 -0.758490
0.488355 0.505224 965.100000 0.815515 -0.453960
0.488336 0.505174 965.200000 0.781874 -0.199722
0.488314 0.505142 965.300000 0.740751 -0.639099
0.488286 0.505128 965.400000 0.666285 -0.857674
0.488253 0.505115 965.500000 0.579883 -0.868805
0.488217 0.505068 965.600000 0.519527 -0.307546
0.488178 0.505034 965.700000 0.474678 -0.601320
0.488136 0.504994 965.800000 0.419574 -0.493492
0.488093 0.504946 965.900000 0.380426 -0.276455
0.488049 0.504917 966.000000 0.334308 -0.663940
0.488001 0.504928 966.100000 0.246778 -1.110304
0.487951 0.505016 966.200000 0.110590 -1.644978
0.487901 0.505095 966.300000 -0.051229 -1.596394
0.487853 0.505173 966.400000 -0.209908 -1.585531
0.487808 0.505181 966.500000 -0.343985 -1.079840
0.487770 0.505267 966.600000 -0.477818 -1.635168
0.487737 0.505233 966.700000 -0.591195 -0.590788
0.487709 0.505196 966.800000 -0.647542 -0.542651
0.487680 0.505155 966.900000 -0.653286 0.471836
0.487648 0.505143 967.000000 -0.586516 0.881062
0.487611 0.505107 967.100000 -0.513372 0.563886
0.487571 0.505089 967.200000 -0.445118 0.812097
0.487528 0.505056 967.300000 -0.373966 0.599583
0.487482 0.505021 967.400000 -0.314890 0.580337
0.487437 0.504980 967.500000 -0.306902 -0.476272
0.487392 0.504934 967.600000 -0.316004 0.331146
0.487345 0.504884 967.700000 -0.289455 0.191045
0.487298 0.504871 967.800000 -0.238092 0.870069
0.487249 0.504864 967.900000 -0.147965 0.938260
0.487199 0.504916 968.000000 -0.031589 1.417955
0.487149 0.504957 968.100000 0.106347 1.344031
0.487101 0.504929 968.200000 0.209604 0.695082
0.487054 0.504878 968.300000 0.252458 0.138451
0.487008 0.504843 968.400000 0.286836 0.575356
0.486963 0.504791 968.500000 0.314601 -0.046892
0.486917 0.504739 968.600000 0.309745 -0.047363
0.486872 0.504687 968.700000 0.309402 0.048383
0.486827 0.504635 968.800000 0.309156 -0.055402
0.486780 0.504618 968.900000 0.267288 -0.819370
0.486732 0.504601 969.000000 0.185291 -0.822371
0.486682 0.504585 969.100000 0.102647 -0.833582
0.486632 0.504543 969.200000 0.037446 -0.453800
0.486582 0.504508 969.300000 -0.013341 -0.570070
0.486532 0.504457 969.400000 -0.050760 -0.159865
0.486481 0.504409 969.500000 -0.046148 0.273574
0.486431 0.504366 969.600000 -0.012251 0.412667
0.486381 0.504320 969.700000 -0.006996 -0.345419
0.486331 0.504303 969.800000 -0.064400 -0.830065
0.486282 0.504281 969.900000 -0.143602 -0.755030
0.486234 0.504233 970.000000 -0.197263 -0.299635
0.486186 0.504184 970.100000 -0.223211 -0.218606
0.486140 0.504157 970.200000 -0.267374 -0.693007
0.486096 0.504143 970.300000 -0.344247 -0.859551
0.486055 0.504105 970.400000 -0.413763 -0.520903
0.486016 0.504064 970.500000 -0.463097 -0.469973
0.485980 0.504050 970.600000 -0.528054 -0.856617
0.485949 0.504015 970.700000 -0.599828 -0.573770
0.485921 0.503990 970.800000 -0.663689 -0.720172
0.485898 0.503946 970.900000 -0.719168 -0.382046
0.485872 0.503948 971.000000 -0.689990 1.030758
0.485837 0.504145 971.100000 -0.531704 2.194754
0.485793 0.504183 971.200000 -0.353629 1.327334
0.485746 0.504216 971.300000 -0.223045 1.285589
0.485696 0.504205 971.400000 -0.113621 0.886423
0.485646 0.504193 971.500000 -0.025365 0.881985
0.485597 0.504237 971.600000 0.085421 1.363480
0.485549 0.504290 971.700000 0.224450 1.428549
0.485506 0.504300 971.800000 0.351181 1.098454
0.485464 0.504249 971.900000 0.405657 -0.060636
0.485423 0.504197 972.000000 0.400609 -0.035247
0.485381 0.504145 972.100000 0.400269 0.036019
0.485340 0.504099 972.200000 0.417503 0.328226
0.485301 0.504058 972.300000 0.456637 0.467700
0.485263 0.504007 972.400000 0.486596 0.120219
0.485226 0.503957 972.500000 0.502553 0.209092
0.485190 0.503906 972.600000 0.513231 -0.000432
0.485151 0.503921 972.700000 0.458879 -1.141540
0.485109 0.503871 972.800000 0.388749 -0.213650
0.485067 0.503829 972.900000 0.398218 0.440223
0.485028 0.503805 973.000000 0.455683 0.730655
0.484991 0.503759 973.100000 0.509054 0.323760
0.484955 0.503713 973.200000 0.509360 -0.346103
0.484916 0.503673 973.300000 0.468637 -0.471694
0.484877 0.503622 973.400000 0.450829 0.150483
0.484838 0.503571 973.500000 0.453864 -0.097537
0.484800 0.503541 973.600000 0.479230 0.648120
0.484765 0.503517 973.700000 0.547838 0.736918
0.484734 0.503475 973.800000 0.606392 0.427231
0.484705 0.503423 973.900000 0.627103 -0.028700
0.484675 0.503372 974.000000 0.619511 -0.121941
0.484644 0.503321 974.100000 0.609414 -0.071794
0.484613 0.503270 974.200000 0.600074 -0.111372
0.484582 0.503225 974.300000 0.611163 0.363560
0.484552 0.503175 974.400000 0.621437 -0.178601
0.484523 0.503129 974.500000 0.627255 0.326848
0.484494 0.503080 974.600000 0.633071 -0.231947
0.484463 0.503029 974.700000 0.613246 -0.155422
0.484433 0.502980 974.800000 0.613625 0.186319
0.484403 0.502929 974.900000 0.616860 -0.131233
0.484371 0.502882 975.000000 0.595272 -0.304133
0.484338 0.502832 975.100000 0.570299 -0.184690
0.484305 0.502783 975.200000 0.569723 0.198034
0.484273 0.502731 975.300000 0.580696 0.018732
0.484240 0.502683 975.400000 0.568753 -0.266716
0.484205 0.502637 975.500000 0.539401 -0.318766
0.484169 0.502586 975.600000 0.520626 -0.038269
0.484134 0.502535 975.700000 0.524078 0.120690
0.484100 0.502492 975.800000 0.549613 0.411160
0.484067 0.502440 975.900000 0.570608 -0.005521
0.484034 0.502390 976.000000 0.575178 0.108609
0.484003 0.502352 976.100000 0.604979 0.515114
0.483973 0.502310 976.200000 0.610861 -0.438918
0.483939 0.502294 976.300000 0.548400 -0.826927
0.483900 0.502280 976.400000 0.463998 -0.861815
0.483857 0.502283 976.500000 0.369899 -1.028851
0.483812 0.502267 976.600000 0.276247 -0.835738
0.483764 0.502327 976.700000 0.162602 -1.472302
0.483714 0.502311 976.800000 0.046153 -0.828950
0.483665 0.502297 976.900000 -0.037896 -0.857414
0.483616 0.502246 977.000000 -0.087554 -0.100826
0.483566 0.502204 977.100000 -0.072578 0.426697
0.483517 0.502159 977.200000 -0.033816 0.345816
0.483468 0.502114 977.300000 0.002086 0.375243
0.483418 0.502067 977.400000 0.034363 0.266574
0.483369 0.502052 977.500000 0.088367 0.845754
0.483321 0.502047 977.600000 0.177554 0.948726
0.483276 0.502037 977.700000 0.269813 0.900699
0.483233 0.502035 977.800000 0.363290 0.980488
0.483194 0.502019 977.900000 0.453962 0.834023
0.483158 0.501968 978.000000 0.502292 0.103035
0.483122 0.501925 978.100000 0.526393 0.400187
0.483088 0.501874 978.200000 0.550193 0.065569
0.483055 0.501825 978.300000 0.563351 0.211099
0.483026 0.501835 978.400000 0.626175 1.098852
0.483006 0.501894 978.500000 0.752843 1.465869
0.482996 0.501895 978.600000 0.877301 1.014797
0.482993 0.501859 978.700000 0.955608 0.540505
0.482991 0.501815 978.800000 0.964902 -0.391271
0.482983 0.501803 978.900000 0.902423 -0.876242
0.482969 0.501767 979.000000 0.830582 -0.538395
0.482950 0.501740 979.100000 0.769228 -0.691240
0.482926 0.501708 979.200000 0.703309 -0.619317
0.482900 0.501657 979.300000 0.669096 -0.030147
0.482872 0.501616 979.400000 0.645851 -0.450332
0.482842 0.501565 979.500000 0.621033 -0.019255
0.482813 0.501520 979.600000 0.636340 0.350992
0.482787 0.501472 979.700000 0.665991 0.244637
0.482762 0.501428 979.800000 0.696256 0.375501
0.482741 0.501391 979.900000 0.740659 0.529597
0.482723 0.501342 980.000000 0.778135 0.213483
0.482705 0.501292 980.100000 0.784576 -0.091834
0.482687 0.501241 980.200000 0.784352 0.105089
0.482671 0.501200 980.300000 0.810327 0.440465
0.482660 0.501168 980.400000 0.861790 0.608031
0.482653 0.501122 980.500000 0.908547 0.323972
0.482646 0.501072 980.600000 0.919065 -0.126528
0.482639 0.501021 980.700000 0.906246 -0.121043
0.482632 0.500974 980.800000 0.912848 0.282768
0.482628 0.500925 980.900000 0.937261 0.212393
0.482628 0.500906 981.000000 0.984986 0.782617
0.482636 0.500876 981.100000 1.056223 0.649063
0.482651 0.500849 981.200000 1.122356 0.689703
0.482672 0.500805 981.300000 1.175071 0.362222
0.482696 0.500754 981.400000 1.195339 0.039830
0.482724 0.500739 981.500000 1.236612 0.839909
0.482761 0.500693 981.600000 1.295481 0.327273
0.482803 0.500657 981.700000 1.337573 0.540471
0.482846 0.500611 981.800000 1.351291 -0.293798
0.482891 0.500569 981.900000 1.356105 0.440689
0.482941 0.500527 982.000000 1.397389 0.398668
0.482996 0.500478 982.100000 1.427931 0.218783
0.483054 0.500433 982.200000 1.455129 0.347364
0.483114 0.500383 982.300000 1.465583 -0.147970
0.483176 0.500339 982.400000 1.474673 0.370955
0.483238 0.500292 982.500000 1.480622 -0.268956
0.483295 0.500255 982.600000 1.441162 -0.520065
0.483340 0.500273 982.700000 1.357954 -1.166445
0.483371 0.500253 982.800000 1.259606 -0.772338
0.483393 0.500227 982.900000 1.185421 -0.698949
0.483404 0.500277 983.000000 1.081343 -1.411983
0.483401 0.500277 983.100000 0.959688 -0.995812
0.483391 0.500245 983.200000 0.878246 -0.608281
0.483375 0.500226 983.300000 0.808429 -0.792167
0.483351 0.500268 983.400000 0.702391 -1.354255
0.483320 0.500270 983.500000 0.583112 -1.013496
0.483284 0.500227 983.600000 0.510664 -0.402835
0.483244 0.500229 983.700000 0.440921 -1.021596
0.483200 0.500282 983.800000 0.319488 -1.429493
0.483153 0.500282 983.900000 0.197284 -0.996105
0.483105 0.500283 984.000000 0.097238 -1.008757
0.483056 0.500233 984.100000 0.037151 -0.152249
0.483007 0.500183 984.200000 0.021578 -0.160046
0.482958 0.500154 984.300000 -0.017388 -0.645443
0.482909 0.500106 984.400000 -0.061935 -0.227044
0.482860 0.500056 984.500000 -0.065952 0.165554
0.482811 0.500021 984.600000 -0.030985 0.554467
0.482762 0.500043 984.700000 0.054635 1.194200
0.482715 0.500082 984.800000 0.180181 1.330752
0.482671 0.500123 984.900000 0.313389 1.342851
0.482632 0.500160 985.000000 0.445917 1.316507
0.482600 0.500231 985.100000 0.587937 1.547442
0.482578 0.500236 985.200000 0.718626 1.054419
0.482560 0.500189 985.300000 0.785325 0.249958
0.482542 0.500141 985.400000 0.785524 -0.263867
0.482522 0.500097 985.500000 0.754447 -0.356054
0.482498 0.500088 985.600000 0.692367 -0.908965
0.482466 0.500112 985.700000 0.587164 -1.208736
0.482427 0.500224 985.800000 0.438712 -1.791471
0.482382 0.500303 985.900000 0.268747 -1.602952
0.482333 0.500421 986.000000 0.098373 -1.821781
0.482285 0.500534 986.100000 -0.082361 -1.800382
0.482238 0.500500 986.200000 -0.203596 -0.569847
0.482193 0.500488 986.300000 -0.274469 -0.868373
0.482150 0.500451 986.400000 -0.344502 -0.521332
0.482110 0.500439 986.500000 -0.413329 -0.880287
0.482072 0.500392 986.600000 -0.472092 -0.271702
0.482036 0.500352 986.700000 -0.507281 -0.447494
0.482003 0.500306 986.800000 -0.545910 -0.326131
0.481969 0.500258 986.900000 -0.551392 0.239069
0.481935 0.500208 987.000000 -0.539965 -0.028890
0.481900 0.500171 987.100000 -0.516602 0.519464
0.481863 0.500121 987.200000 -0.482453 0.141183
0.481824 0.500080 987.300000 -0.454757 0.423505
0.481782 0.500132 987.400000 -0.364720 1.427786
0.481736 0.500191 987.500000 -0.220080 1.471162
0.481687 0.500255 987.600000 -0.071770 1.502214
0.481639 0.500284 987.700000 0.066468 1.256818
0.481592 0.500271 987.800000 0.173243 0.865345
0.481547 0.500312 987.900000 0.281939 1.339851
0.481508 0.500408 988.000000 0.432679 1.703984
0.481477 0.500469 988.100000 0.592004 1.484234
0.481455 0.500492 988.200000 0.726904 1.213236
0.481441 0.500474 988.300000 0.827978 0.800162
0.481432 0.500435 988.400000 0.891798 0.471430
0.481427 0.500389 988.500000 0.930117 0.297181
0.481423 0.500339 988.600000 0.938602 -0.139605
0.481415 0.500318 988.700000 0.894498 -0.766832
0.481399 0.500324 988.800000 0.804072 -1.051792
0.481375 0.500342 988.900000 0.693090 -1.171646
0.481342 0.500418 989.000000 0.556581 -1.579216
0.481301 0.500485 989.100000 0.401317 -1.525999
0.481256 0.500536 989.200000 0.254140 -1.415757
0.481208 0.500557 989.300000 0.123312 -1.194046
0.481159 0.500514 989.400000 0.042713 -0.380146
0.481111 0.500486 989.500000 -0.009315 -0.677650
0.481062 0.500446 989.600000 -0.065768 -0.442705
0.481014 0.500405 989.700000 -0.109318 -0.430647
0.480967 0.500392 989.800000 -0.172665 -0.862392
0.480922 0.500409 989.900000 -0.272512 -1.156264
0.480881 0.500385 990.000000 -0.367226 -0.724083
0.480841 0.500353 990.100000 -0.434036 -0.613801
0.480807 0.500369 990.200000 -0.520283 -1.146750
0.480779 0.500414 990.300000 -0.645276 -1.376445
0.480760 0.500422 990.400000 -0.767974 -1.075372
0.480751 0.500442 990.500000 -0.879908 -1.182274
0.480753 0.500476 990.600000 -1.002790 -1.296394
0.480771 0.500573 990.700000 -1.151000 -1.706228
0.480810 0.500634 990.800000 -1.310466 -1.492321
0.480867 0.500668 990.900000 -1.449270 -1.294304
0.480943 0.500680 991.000000 -1.568824 -1.108282
0.481032 0.500649 991.100000 -1.655863 -0.628786
0.481130 0.500603 991.200000 -1.701364 -0.282903
0.481236 0.500577 991.300000 -1.748730 -0.705125
0.481355 0.500568 991.400000 -1.827403 -0.899789
0.481489 0.500534 991.500000 -1.900730 -0.572535
0.481632 0.500494 991.600000 -1.951063 -0.449676
0.481788 0.500475 991.700000 -2.011521 -0.799790
0.481956 0.500435 991.800000 -2.073285 -0.440938
0.482125 0.500391 991.900000 -2.078412 0.357373
0.482285 0.500356 992.000000 -2.032065 0.561399
0.482428 0.500356 992.100000 -1.954095 1.003931
0.482547 0.500439 992.200000 -1.823590 1.624563
0.482637 0.500546 992.300000 -1.653757 1.770081
0.482698 0.500647 992.400000 -1.478366 1.728311
0.482739 0.500668 992.500000 -1.330481 1.195665
0.482764 0.500681 992.600000 -1.214225 1.118378
0.482778 0.500669 992.700000 -1.113291 0.881584
0.482782 0.500658 992.800000 -1.024853 0.880637
0.482778 0.500637 992.900000 -0.942200 0.760488
0.482767 0.500634 993.000000 -0.856003 0.969014
0.482747 0.500621 993.100000 -0.763729 0.867655
0.482720 0.500663 993.200000 -0.653793 1.353585
0.482687 0.500647 993.300000 -0.543213 0.831089
0.482651 0.500597 993.400000 -0.498243 0.024832
0.482616 0.500564 993.500000 -0.524998 -0.597539
0.482584 0.500524 993.600000 -0.576826 -0.439087
0.482554 0.500478 993.700000 -0.614097 -0.307487
0.482525 0.500428 993.800000 -0.624611 0.111496
0.482495 0.500382 993.900000 -0.604656 0.291430
0.482462 0.500371 994.000000 -0.547611 0.875695
0.482423 0.500386 994.100000 -0.447295 1.143879
0.482380 0.500437 994.200000 -0.319833 1.421519
0.482334 0.500405 994.300000 -0.216854 0.599057
0.482287 0.500378 994.400000 -0.152989 0.683676
0.482239 0.500333 994.500000 -0.102916 0.299648
0.482191 0.500285 994.600000 -0.098939 -0.248404
0.482143 0.500237 994.700000 -0.121696 -0.206856
0.482096 0.500193 994.800000 -0.149254 -0.354370
0.482049 0.500147 994.900000 -0.180702 -0.273691
0.482002 0.500101 995.000000 -0.180193 0.311405
0.481955 0.500051 995.100000 -0.167202 -0.071920
0.481908 0.500010 995.200000 -0.190788 -0.420169
0.481862 0.499960 995.300000 -0.211238 0.030767
0.481816 0.499910 995.400000 -0.213853 -0.091435
0.481770 0.499865 995.500000 -0.234273 -0.332267
0.481725 0.499816 995.600000 -0.258712 -0.151075
0.481681 0.499791 995.700000 -0.299772 -0.702516
0.481640 0.499763 995.800000 -0.367944 -0.665685
0.481604 0.499891 995.900000 -0.492004 -1.886984
0.481580 0.500089 996.000000 -0.695858 -2.222606
0.481571 0.500188 996.100000 -0.893584 -1.724345
0.481578 0.500233 996.200000 -1.048742 -1.378624
0.481603 0.500342 996.300000 -1.204645 -1.778216
0.481646 0.500360 996.400000 -1.352328 -1.164563
0.481707 0.500397 996.500000 -1.475038 -1.317323
0.481782 0.500361 996.600000 -1.569097 -0.544894
0.481864 0.500314 996.700000 -1.608750 -0.251252
0.481947 0.500264 996.800000 -1.618721 0.050282
0.482026 0.500224 996.900000 -1.594500 0.438661
0.482093 0.500243 997.000000 -1.514872 1.179243
0.482143 0.500243 997.100000 -1.404884 1.002251
0.482183 0.500207 997.200000 -1.327145 0.518275
0.482217 0.500165 997.300000 -1.279468 0.419535
0.482244 0.500137 997.400000 -1.225926 0.653000
0.482267 0.500087 997.500000 -1.197319 -0.130948
0.482289 0.500048 997.600000 -1.182040 0.454702
0.482309 0.499999 997.700000 -1.164738 -0.149922
0.482330 0.499949 997.800000 -1.176522 -0.095310
0.482354 0.499907 997.900000 -1.200035 -0.403438
0.482385 0.499887 998.000000 -1.257410 -0.777901
0.482422 0.499842 998.100000 -1.311736 -0.300137
0.482467 0.499818 998.200000 -1.361482 -0.732211
0.482520 0.499781 998.300000 -1.422664 -0.496502
0.482574 0.499737 998.400000 -1.431391 0.349656
0.482621 0.499708 998.500000 -1.381669 0.648020
0.482660 0.499679 998.600000 -1.316510 0.644559
0.482689 0.499655 998.700000 -1.247477 0.730877
0.482709 0.499657 998.800000 -1.160587 1.013146
0.482717 0.499650 998.900000 -1.063080 0.926156
0.482713 0.499699 999.000000 -0.947263 1.409884
0.482701 0.499671 999.100000 -0.841290 0.668508
0.482682 0.499650 999.200000 -0.770073 0.755511
0.482658 0.499624 999.300000 -0.697370 0.691454
0.482627 0.499685 999.400000 -0.590375 1.486985
0.482589 0.499702 999.500000 -0.457330 1.158550
0.482548 0.499676 999.600000 -0.363443 0.696390
0.482503 0.499666 999.700000 -0.284262 0.897853
0.482457 0.499683 999.800000 -0.182398 1.154833
0.482409 0.499648 999.900000 -0.096328 0.538389
