0.188142 1.232775 0.000000 0.613419 1.570207
0.223221 0.686912 0.100000 0.718750 0.531129
0.228022 0.665877 0.200000 0.689384 -1.116967
0.218754 0.511234 0.300000 0.617978 -0.307588
0.215674 0.458236 0.400000 0.637737 0.701773
0.207049 0.715741 0.500000 0.572581 -2.001632
0.187936 0.841097 0.600000 0.382771 -1.785070
0.170106 0.737431 0.700000 0.300983 0.153388
0.155375 0.682102 0.800000 0.273982 -0.692056
0.141358 0.697784 0.900000 0.174364 -1.295316
0.130070 0.738822 1.000000 0.185428 1.516050
0.124622 0.837422 1.100000 0.359698 1.960627
0.123194 0.773107 1.200000 0.460557 0.051504
0.121911 0.718159 1.300000 0.458754 -0.087464
0.120521 0.670585 1.400000 0.449587 -0.095428
0.119704 0.633059 1.500000 0.463581 0.374624
0.118351 0.617041 1.600000 0.439782 -0.849418
0.115094 0.612202 1.700000 0.345600 -1.029508
0.110413 0.624649 1.800000 0.228691 -1.302838
0.105645 0.594434 1.900000 0.173497 0.201712
0.100836 0.637962 2.000000 0.096542 -1.736961
0.096275 0.624266 2.100000 -0.031655 -0.820559
0.092207 0.597129 2.200000 -0.073567 -0.015597
0.088365 0.616640 2.300000 -0.001180 1.459718
0.084877 0.596494 2.400000 0.048160 -0.475378
0.081624 0.573555 2.500000 0.024970 0.012732
0.078650 0.557221 2.600000 0.051414 0.514827
0.076443 0.617690 2.700000 0.183560 2.121483
0.074929 0.604702 2.800000 0.255096 -0.694340
0.073230 0.584558 2.900000 0.218932 -0.027132
0.072161 0.593350 3.000000 0.283200 1.309284
0.072273 0.584946 3.100000 0.389205 0.805510
0.072638 0.569386 3.200000 0.410631 -0.378062
0.072265 0.564678 3.300000 0.346328 -0.904780
0.072086 0.570635 3.400000 0.363308 1.243536
0.073024 0.561335 3.500000 0.460066 0.686796
0.074604 0.547979 3.600000 0.512861 0.366462
0.077117 0.547715 3.700000 0.583222 1.037240
0.080332 0.533678 3.800000 0.636407 0.023799
0.084524 0.542478 3.900000 0.704313 1.330927
0.090745 0.542918 4.000000 0.824097 1.058767
0.098288 0.533111 4.100000 0.902830 0.511946
0.106014 0.520715 4.200000 0.927931 -0.011184
0.113421 0.508899 4.300000 0.929396 0.040416
0.121290 0.503188 4.400000 0.967002 0.709813
0.130205 0.495722 4.500000 1.030913 0.565211
0.140780 0.500810 4.600000 1.120014 1.212355
0.150315 0.521566 4.700000 1.094048 -1.730365
0.155853 0.543069 4.800000 0.918344 -1.774942
0.159512 0.532361 4.900000 0.823177 -0.123635
0.162303 0.528164 5.000000 0.776985 -0.797889
0.164549 0.518395 5.100000 0.747064 0.200952
0.166608 0.509734 5.200000 0.739861 -0.344645
0.168192 0.500863 5.300000 0.710169 -0.247697
0.169966 0.495289 5.400000 0.729000 0.623368
0.172186 0.486617 5.500000 0.767223 0.139172
0.174407 0.478085 5.600000 0.773017 -0.023580
0.176506 0.469860 5.700000 0.769570 -0.045178
0.177836 0.471428 5.800000 0.714144 -1.060563
0.178442 0.463710 5.900000 0.654513 -0.129092
0.179737 0.471865 6.000000 0.717539 1.386470
0.182441 0.471191 6.100000 0.833524 0.927437
0.184838 0.476380 6.200000 0.816682 -1.263433
0.185821 0.476539 6.300000 0.703908 -0.986422
0.186290 0.469240 6.400000 0.657727 0.065111
0.186908 0.462629 6.500000 0.673856 0.256660
0.187670 0.455754 6.600000 0.689893 0.063284
0.189006 0.457362 6.700000 0.746352 1.063077
0.191015 0.451015 6.800000 0.809531 0.197336
0.193303 0.445560 6.900000 0.838064 0.371895
0.195936 0.439943 7.000000 0.872034 0.305820
0.199020 0.435844 7.100000 0.914336 0.538098
0.202506 0.430203 7.200000 0.952311 0.219498
0.206489 0.427494 7.300000 0.997287 0.677784
0.211030 0.422370 7.400000 1.046003 0.294094
0.215737 0.416902 7.500000 1.066563 0.116077
0.221334 0.422363 7.600000 1.137251 1.294150
0.228294 0.419925 7.700000 1.236282 0.681510
0.236146 0.417243 7.800000 1.302776 0.645044
0.244453 0.412152 7.900000 1.342178 0.141034
0.252078 0.410278 8.000000 1.313078 -0.721574
0.258113 0.412520 8.100000 1.222267 -1.090110
0.262963 0.408340 8.200000 1.149472 -0.362150
0.268885 0.428067 8.300000 1.233196 2.032442
0.275907 0.423895 8.400000 1.315867 -0.383162
0.282743 0.419691 8.500000 1.314370 0.353303
0.290145 0.416838 8.600000 1.361432 0.585576
0.296982 0.419005 8.700000 1.335529 -1.102329
0.301668 0.430565 8.800000 1.194979 -1.701650
0.305107 0.425817 8.900000 1.105623 -0.080996
0.309066 0.427062 9.000000 1.153612 1.038374
0.312998 0.427274 9.100000 1.158293 -0.944983
0.315677 0.428162 9.200000 1.060307 -1.009846
0.317186 0.429581 9.300000 0.956565 -1.059797
0.317764 0.428536 9.400000 0.862706 -0.812689
0.318110 0.424591 9.500000 0.837801 0.315827
0.318929 0.423179 9.600000 0.891648 0.758427
0.320279 0.419696 9.700000 0.949944 0.404561
0.322084 0.417122 9.800000 0.999003 0.574177
0.325325 0.436630 9.900000 1.136868 2.176225
0.330062 0.433252 10.000000 1.267847 0.436812
0.336051 0.442148 10.100000 1.371823 1.637506
0.343336 0.438637 10.200000 1.474017 0.401270
0.350815 0.434441 10.300000 1.497475 0.066716
0.358564 0.431509 10.400000 1.526043 0.503214
0.366321 0.427832 10.500000 1.536788 -0.288846
0.372831 0.431528 10.600000 1.457987 -1.283244
0.376980 0.450764 10.700000 1.281379 -2.240089
0.380085 0.447964 10.800000 1.196140 0.539581
0.383725 0.445137 10.900000 1.249419 0.523324
0.387953 0.442795 11.000000 1.306155 0.608571
0.392607 0.439088 11.100000 1.348450 0.235216
0.397489 0.435548 11.200000 1.374255 0.279587
0.403042 0.435651 11.300000 1.435677 0.945782
0.409165 0.431906 11.400000 1.488071 0.099483
0.414479 0.434544 11.500000 1.432164 -1.214827
0.419762 0.438198 11.600000 1.437091 1.313118
0.426439 0.438906 11.700000 1.554115 1.021506
0.433618 0.435257 11.800000 1.600475 -0.096622
0.441660 0.441438 11.900000 1.672536 1.534231
0.451246 0.440459 12.000000 1.789729 0.803776
0.461069 0.437152 12.100000 1.816386 -0.271966
0.469585 0.440598 12.200000 1.736977 -1.312238
0.475942 0.448683 12.300000 1.586044 -1.698890
0.480564 0.448945 12.400000 1.451697 -0.981318
0.484275 0.446402 12.500000 1.377097 -0.506952
0.488091 0.445444 12.600000 1.392082 0.805897
0.492205 0.442062 12.700000 1.424527 -0.158623
0.494719 0.468302 12.800000 1.277900 -2.766578
0.495205 0.475225 12.900000 1.056305 -1.654250
0.494880 0.472326 13.000000 0.951475 -0.437102
0.494498 0.469013 13.100000 0.942814 0.264314
0.494527 0.468157 13.200000 0.998313 0.842894
0.495148 0.466424 13.300000 1.074990 0.686807
0.496626 0.470034 13.400000 1.178646 1.381134
0.499433 0.475392 13.500000 1.325490 1.548399
0.503092 0.472115 13.600000 1.414632 0.229978
0.506347 0.471750 13.700000 1.380126 -0.918367
0.509197 0.468481 13.800000 1.343444 0.186560
0.512138 0.465162 13.900000 1.357197 0.087804
0.515815 0.469606 14.000000 1.435666 1.477651
0.520457 0.467058 14.100000 1.533007 0.464304
0.524944 0.465193 14.200000 1.524543 -0.633154
0.529212 0.462354 14.300000 1.509618 0.335392
0.533485 0.459320 14.400000 1.515804 -0.211981
0.536550 0.471056 14.500000 1.400686 -2.084619
0.538544 0.467940 14.600000 1.288136 -0.160750
0.540578 0.465111 14.700000 1.295821 0.314060
0.542951 0.462875 14.800000 1.337314 0.513737
0.545292 0.460678 14.900000 1.337184 -0.516329
0.547100 0.458974 15.000000 1.279331 -0.637847
0.548257 0.458598 15.100000 1.202426 -0.896399
0.548854 0.456509 15.200000 1.131060 -0.527359
0.549169 0.453720 15.300000 1.093000 -0.231946
0.549733 0.453619 15.400000 1.128295 0.936085
0.550989 0.453418 15.500000 1.221276 0.918895
0.552404 0.451253 15.600000 1.243441 -0.476712
0.553760 0.448843 15.700000 1.238360 0.375356
0.555775 0.451304 15.800000 1.322152 1.296286
0.558180 0.448786 15.900000 1.371528 -0.311243
0.560584 0.446448 16.000000 1.374993 0.380376
0.563541 0.446507 16.100000 1.441927 0.954966
0.567114 0.444478 16.200000 1.513920 0.481287
0.571336 0.444691 16.300000 1.587122 0.979091
0.575359 0.447007 16.400000 1.571740 -1.285947
0.577299 0.477969 16.500000 1.339729 -3.342690
0.577444 0.481889 16.600000 1.096732 -1.505085
0.576884 0.480730 16.700000 0.983308 -0.757724
0.575538 0.491991 16.800000 0.835879 -2.183488
0.573566 0.490390 16.900000 0.693188 -0.663200
0.571445 0.487646 17.000000 0.649636 -0.205659
0.569776 0.500035 17.100000 0.754036 2.288434
0.568571 0.497545 17.200000 0.850083 -0.372304
0.567195 0.495147 17.300000 0.811323 -0.400956
0.565756 0.492328 17.400000 0.794250 0.060361
0.564412 0.489756 17.500000 0.811373 0.281246
0.563168 0.487010 17.600000 0.829861 0.087576
0.561877 0.484625 17.700000 0.816555 -0.353031
0.560293 0.485022 17.800000 0.746010 -1.054329
0.558382 0.483706 17.900000 0.657846 -0.704548
0.556304 0.481422 18.000000 0.603747 -0.374732
0.553984 0.483710 18.100000 0.517795 -1.340014
0.551503 0.481082 18.200000 0.446914 -0.074066
0.549085 0.478835 18.300000 0.461639 0.367847
0.546756 0.476290 18.400000 0.486459 0.127297
0.544411 0.474268 18.500000 0.470403 -0.447608
0.541940 0.473648 18.600000 0.405531 -0.846594
0.539308 0.474420 18.700000 0.307333 -1.112440
0.536702 0.475022 18.800000 0.305937 1.084581
0.534292 0.473899 18.900000 0.396560 0.723344
0.532045 0.472121 19.000000 0.458805 0.518440
0.529908 0.469735 19.100000 0.493159 0.166936
0.527704 0.469288 19.200000 0.457634 -0.875668
0.525424 0.466869 19.300000 0.412811 -0.018543
0.523211 0.464948 19.400000 0.433404 0.429368
0.521087 0.462636 19.500000 0.462641 0.153911
0.518801 0.469252 19.600000 0.376155 -1.879314
0.516355 0.467278 19.700000 0.262107 -0.395934
0.513813 0.474173 19.800000 0.146118 -1.918046
0.511244 0.474236 19.900000 0.000522 -0.986588
0.508708 0.471912 20.000000 -0.054962 -0.120335
0.506210 0.470377 20.100000 -0.089504 -0.568760
0.503729 0.470144 20.200000 -0.071897 0.920008
0.501266 0.468481 20.300000 -0.051413 -0.511354
0.498835 0.466196 20.400000 -0.075980 0.021249
0.496426 0.463954 20.500000 -0.070277 0.092514
0.494028 0.466991 20.600000 0.008460 1.478305
0.491689 0.466346 20.700000 0.123457 0.815873
0.489401 0.464115 20.800000 0.164353 -0.000000
0.487123 0.462142 20.900000 0.148541 -0.315451
0.484862 0.460034 21.000000 0.142043 0.185823
0.482632 0.457876 21.100000 0.154964 0.071943
0.480410 0.456185 21.200000 0.136413 -0.442035
0.478237 0.457567 21.300000 0.175726 1.226334
0.476137 0.455473 21.400000 0.231113 -0.121367
0.474059 0.453433 21.500000 0.233694 0.172872
0.472032 0.451690 21.600000 0.261780 0.387434
0.470030 0.449810 21.700000 0.266704 -0.289208
0.468002 0.448293 21.800000 0.227899 -0.484937
0.466005 0.447408 21.900000 0.239293 0.712250
0.463971 0.453181 22.000000 0.181940 -1.856456
0.461882 0.461637 22.100000 -0.019333 -2.158926
0.459820 0.463308 22.200000 -0.062799 1.291776
0.457778 0.465207 22.300000 0.068779 1.333199
0.455782 0.463152 22.400000 0.131881 -0.074316
0.453800 0.461109 22.500000 0.125580 -0.051384
0.451821 0.459683 22.600000 0.096730 -0.524169
0.449853 0.457722 22.700000 0.078434 0.159155
0.447891 0.467560 22.800000 -0.030298 -2.328344
0.446016 0.466590 22.900000 -0.182062 -0.699365
0.444250 0.467588 23.000000 -0.276303 -1.180737
0.442658 0.467834 23.100000 -0.386833 -1.024340
0.441201 0.466051 23.200000 -0.454408 -0.323786
0.439835 0.464483 23.300000 -0.492952 -0.445155
0.438542 0.462543 23.400000 -0.521835 -0.131068
0.437169 0.462710 23.500000 -0.478182 1.001953
0.435707 0.460761 23.600000 -0.426016 0.038750
0.434081 0.469259 23.700000 -0.312365 2.228591
0.432339 0.467426 23.800000 -0.188107 0.250349
0.430591 0.465694 23.900000 -0.159455 0.321261
0.428819 0.466444 24.000000 -0.086351 1.137175
0.427049 0.464517 24.100000 -0.030049 -0.013956
0.425294 0.465864 24.200000 0.032326 1.258337
0.423578 0.464239 24.300000 0.114095 0.372962
0.421884 0.462347 24.400000 0.131114 -0.033435
0.420201 0.460477 24.500000 0.125989 -0.068816
0.418537 0.458727 24.600000 0.134440 0.237407
0.416874 0.457792 24.700000 0.112574 -0.673624
0.415206 0.456464 24.800000 0.053540 -0.504102
0.413550 0.455027 24.900000 0.050393 0.441308
0.411924 0.453967 25.000000 0.103311 0.614416
0.410342 0.452793 25.100000 0.162307 0.562559
0.408776 0.451375 25.200000 0.168763 -0.433761
0.407173 0.455868 25.300000 0.057565 -1.784644
0.405602 0.459393 25.400000 -0.114402 -1.646092
0.404078 0.457939 25.500000 -0.175968 0.417844
0.402612 0.460935 25.600000 -0.233572 -1.567045
0.401259 0.459332 25.700000 -0.327559 -0.308003
0.399822 0.465566 25.800000 -0.240915 2.036560
0.398311 0.464102 25.900000 -0.118168 0.412229
0.396803 0.462327 26.000000 -0.095316 0.043678
0.395298 0.460873 26.100000 -0.072928 0.402956
0.393797 0.459553 26.200000 -0.028807 0.477263
0.392305 0.457818 26.300000 -0.007651 -0.055195
0.390836 0.461967 26.400000 0.078039 1.764709
0.389455 0.462087 26.500000 0.216319 0.993978
0.388068 0.464075 26.600000 0.195511 -1.409098
0.386624 0.466955 26.700000 0.046073 -1.572191
0.385187 0.465955 26.800000 -0.001194 0.629214
0.383765 0.468961 26.900000 -0.049784 -1.598592
0.382452 0.475708 27.000000 -0.237357 -2.143485
0.381314 0.474967 27.100000 -0.381914 -0.740427
0.380382 0.478436 27.200000 -0.503561 -1.686428
0.379601 0.476782 27.300000 -0.576792 0.225466
0.378812 0.475067 27.400000 -0.570482 -0.099584
0.378215 0.477812 27.500000 -0.654181 -1.570213
0.377967 0.478178 27.600000 -0.786839 -1.076308
0.378218 0.484422 27.700000 -0.946270 -2.104336
0.379105 0.485889 27.800000 -1.118756 -1.336764
0.380558 0.487431 27.900000 -1.253674 -1.354848
0.382661 0.489403 28.000000 -1.393926 -1.443191
0.385050 0.487783 28.100000 -1.453462 0.255461
0.387715 0.489397 28.200000 -1.509558 -1.374592
0.390453 0.489559 28.300000 -1.526592 1.034765
0.392623 0.489898 28.400000 -1.420455 1.082672
0.394384 0.488708 28.500000 -1.338773 0.546888
0.395889 0.487462 28.600000 -1.285685 0.512224
0.397191 0.486001 28.700000 -1.241703 0.365201
0.398144 0.487114 28.800000 -1.159689 1.270992
0.398687 0.486629 28.900000 -1.054270 0.832114
0.398799 0.489776 29.000000 -0.928607 1.674867
0.398439 0.492265 29.100000 -0.766472 1.559728
0.397797 0.491649 29.200000 -0.648705 0.789714
0.397196 0.492068 29.300000 -0.664712 -1.109055
0.396763 0.490529 29.400000 -0.734103 -0.275292
0.396212 0.491621 29.500000 -0.683947 1.275912
0.395576 0.490346 29.600000 -0.643801 -0.475009
0.394872 0.490936 29.700000 -0.609748 1.154368
0.393928 0.493279 29.800000 -0.474511 1.543605
0.392782 0.495922 29.900000 -0.316744 1.603858
0.391521 0.497860 30.000000 -0.162706 1.469198
0.390226 0.498941 30.100000 -0.024698 1.284069
0.388939 0.499785 30.200000 -0.021915 -1.228552
0.387694 0.500644 30.300000 -0.145334 -1.233661
0.386520 0.499832 30.400000 -0.242829 -0.711359
0.385337 0.500264 30.500000 -0.222140 1.124099
0.384161 0.500539 30.600000 -0.220000 -1.081411
0.383067 0.499624 30.700000 -0.307369 -0.661596
0.381903 0.507983 30.800000 -0.216077 2.482881
0.380674 0.507891 30.900000 -0.042535 0.979265
0.379450 0.506324 31.000000 0.016712 0.202725
0.378234 0.505759 31.100000 -0.013850 -0.812447
0.377033 0.504257 31.200000 -0.067967 -0.267186
0.375843 0.502651 31.300000 -0.082237 -0.017485
0.374650 0.504425 31.400000 -0.010079 1.457021
0.373473 0.502880 31.500000 0.071938 0.179236
0.372296 0.503601 31.600000 0.020294 -1.209542
0.371135 0.503020 31.700000 -0.080360 -0.798503
0.370017 0.502965 31.800000 -0.169778 -0.985398
0.368934 0.501395 31.900000 -0.217545 0.032453
0.367824 0.501953 32.000000 -0.157445 1.166539
0.366684 0.502189 32.100000 -0.045070 1.075337
0.365551 0.501049 32.200000 0.034755 0.517172
0.364423 0.500987 32.300000 0.011518 -0.980736
0.363308 0.499875 32.400000 -0.064129 -0.528436
0.362220 0.499337 32.500000 -0.130999 -0.805605
0.361182 0.498863 32.600000 -0.212978 -0.829883
0.360180 0.497342 32.700000 -0.255573 -0.019877
0.359143 0.498181 32.800000 -0.194240 1.243470
0.358068 0.497506 32.900000 -0.094691 0.742535
0.356993 0.496068 33.000000 -0.067857 -0.207215
0.355938 0.495412 33.100000 -0.115645 -0.746139
0.354874 0.499638 33.200000 -0.055270 1.950602
0.353816 0.498259 33.300000 0.056533 0.279873
0.352760 0.500061 33.400000 -0.003849 -1.484486
0.351717 0.498643 33.500000 -0.067383 0.216976
0.350676 0.497227 33.600000 -0.046103 0.207564
0.349641 0.495764 33.700000 -0.039484 -0.075514
0.348610 0.494618 33.800000 -0.020071 0.462808
0.347598 0.498234 33.900000 0.096211 1.857014
0.346627 0.496809 34.000000 0.181499 -0.155519
0.345636 0.496802 34.100000 0.123855 -0.994486
0.344629 0.496927 34.200000 0.021934 -1.038839
0.343641 0.497902 34.300000 -0.094812 -1.290228
0.342681 0.496459 34.400000 -0.158325 0.023137
0.341709 0.496086 34.500000 -0.114206 0.857035
0.340729 0.494797 34.600000 -0.055556 0.313037
0.339750 0.493924 34.700000 -0.008882 0.618112
0.338784 0.493990 34.800000 0.073056 1.016547
0.337829 0.493046 34.900000 0.095321 -0.572363
0.336874 0.491655 35.000000 0.071528 0.097699
0.335931 0.490531 35.100000 0.098370 0.437786
0.335033 0.492280 35.200000 0.194937 1.488735
0.334249 0.493633 35.300000 0.339419 1.393681
0.333507 0.492854 35.400000 0.376252 -0.658873
0.332732 0.491478 35.500000 0.339295 -0.078408
0.332011 0.491692 35.600000 0.388775 1.065529
0.331358 0.490319 35.700000 0.443036 0.016986
0.330803 0.491679 35.800000 0.514021 1.399161
0.330391 0.490525 35.900000 0.603729 0.390514
0.329864 0.494005 36.000000 0.529622 -1.868945
0.329086 0.501328 36.100000 0.310227 -2.507998
0.328188 0.505866 36.200000 0.080602 -2.073014
0.327298 0.507127 36.300000 -0.092943 -1.389216
0.326498 0.511560 36.400000 -0.265914 -2.061552
0.325807 0.510274 36.500000 -0.383618 -0.286637
0.325109 0.509220 36.600000 -0.373078 0.496908
0.324450 0.509657 36.700000 -0.406191 -1.157508
0.323837 0.508509 36.800000 -0.443435 0.414485
0.323114 0.511249 36.900000 -0.335189 1.745026
0.322312 0.510094 37.000000 -0.227318 0.407000
0.321567 0.513348 37.100000 -0.299896 -1.854924
0.320907 0.511982 37.200000 -0.388555 0.086160
0.320228 0.510799 37.300000 -0.365519 0.373422
0.319500 0.510228 37.400000 -0.308195 0.770196
0.318756 0.508952 37.500000 -0.281949 -0.246592
0.318052 0.508127 37.600000 -0.325851 -0.629251
0.317346 0.507499 37.700000 -0.320516 0.735673
0.316594 0.506632 37.800000 -0.253645 0.598410
0.315856 0.506424 37.900000 -0.270004 -0.924784
0.315188 0.505682 38.000000 -0.349882 -0.668776
0.314653 0.508297 38.100000 -0.470363 -1.734817
0.314224 0.507010 38.200000 -0.548582 0.174350
0.313818 0.505956 38.300000 -0.562510 -0.452209
0.313358 0.506618 38.400000 -0.523344 1.233556
0.312828 0.505316 38.500000 -0.465995 -0.089430
0.312252 0.505100 38.600000 -0.424435 0.918546
0.311649 0.503951 38.700000 -0.395653 -0.344337
0.311117 0.503680 38.800000 -0.457663 -0.892768
0.310743 0.505046 38.900000 -0.574580 -1.439730
0.310483 0.503754 39.000000 -0.647077 -0.006581
0.310249 0.502562 39.100000 -0.660958 -0.270337
0.310246 0.507628 39.200000 -0.786442 -2.233075
0.310450 0.506445 39.300000 -0.883919 0.288415
0.310540 0.505869 39.400000 -0.832023 0.746894
0.310570 0.504624 39.500000 -0.802650 -0.160888
0.310514 0.504656 39.600000 -0.759741 1.016912
0.310188 0.509166 39.700000 -0.601267 2.144656
0.309740 0.508062 39.800000 -0.512324 -0.370249
0.309337 0.506898 39.900000 -0.545483 -0.291267
0.309036 0.507062 40.000000 -0.613743 -1.070518
0.308817 0.505804 40.100000 -0.665065 0.046644
0.308640 0.504889 40.200000 -0.688973 -0.523608
0.308542 0.503808 40.300000 -0.733747 -0.369649
0.308658 0.506615 40.400000 -0.843076 -1.811467
0.309060 0.506060 40.500000 -0.971457 -0.749734
0.309432 0.506009 40.600000 -0.959649 0.985303
0.309654 0.504889 40.700000 -0.894557 0.313298
0.309734 0.504925 40.800000 -0.827749 1.019521
0.309708 0.503699 40.900000 -0.773323 0.066279
0.309612 0.503059 41.000000 -0.735239 0.693496
0.309413 0.502170 41.100000 -0.674246 0.523312
0.309167 0.500959 41.200000 -0.644755 0.065036
0.308847 0.500814 41.300000 -0.594427 0.939000
0.308461 0.499608 41.400000 -0.545841 0.030292
0.307991 0.500722 41.500000 -0.474763 1.387715
0.307436 0.499617 41.600000 -0.391017 0.283011
0.306796 0.502563 41.700000 -0.283572 1.860532
0.306105 0.501372 41.800000 -0.186121 0.083599
0.305409 0.500299 41.900000 -0.165968 0.318457
0.304693 0.500859 42.000000 -0.089172 1.213626
0.303980 0.505738 42.100000 0.085077 2.262645
0.303334 0.505731 42.200000 0.248757 1.002766
0.302696 0.505449 42.300000 0.254988 -0.878464
0.302087 0.507708 42.400000 0.296779 1.712192
0.301535 0.506654 42.500000 0.365474 -0.341712
0.300971 0.505467 42.600000 0.348363 0.000348
0.300500 0.508746 42.700000 0.446324 1.953958
0.300250 0.510351 42.800000 0.621834 1.547480
0.300216 0.510611 42.900000 0.755315 1.115460
0.300416 0.511565 43.000000 0.879288 1.357805
0.300738 0.510427 43.100000 0.937400 -0.198463
0.300985 0.509515 43.200000 0.903367 -0.480498
0.301038 0.510882 43.300000 0.804835 -1.485229
0.300918 0.509990 43.400000 0.705556 -0.495372
0.300741 0.508883 43.500000 0.668971 -0.234503
0.300570 0.507820 43.600000 0.672175 0.298429
0.300419 0.506663 43.700000 0.684903 -0.044505
0.300238 0.505653 43.800000 0.664866 -0.355235
0.300182 0.508599 43.900000 0.742218 1.898403
0.300329 0.507580 44.000000 0.854598 0.343577
0.300630 0.507995 44.100000 0.930762 1.175889
0.301211 0.508843 44.200000 1.056333 1.329256
0.302034 0.508151 44.300000 1.154798 0.635129
0.303003 0.507275 44.400000 1.211020 0.486498
0.304097 0.506356 44.500000 1.257498 0.440734
0.305330 0.505584 44.600000 1.308064 0.568067
0.306397 0.507661 44.700000 1.251584 -1.694847
0.307168 0.506787 44.800000 1.142577 -0.479844
0.307785 0.506275 44.900000 1.081246 -0.743705
0.308415 0.506011 45.000000 1.088073 0.879892
0.309218 0.505208 45.100000 1.158979 0.534681
0.309936 0.505644 45.200000 1.126358 -1.185463
0.310371 0.506078 45.300000 1.007507 -1.185619
0.310557 0.506513 45.400000 0.888604 -1.186495
0.310576 0.505795 45.500000 0.799128 -0.598544
0.310393 0.508641 45.600000 0.673842 -1.900914
0.310110 0.507747 45.700000 0.600861 0.444951
0.309863 0.506649 45.800000 0.627507 0.086632
0.309719 0.507445 45.900000 0.698069 1.321076
0.309600 0.507441 46.000000 0.713863 -1.005992
0.309236 0.513781 46.100000 0.532033 -2.621511
0.308678 0.515502 46.200000 0.319475 -1.619011
0.308092 0.514824 46.300000 0.270106 0.634091
0.307495 0.515002 46.400000 0.247095 -1.093169
0.306863 0.514333 46.500000 0.160314 -0.638110
0.306249 0.515556 46.600000 0.202175 1.473240
0.305741 0.518198 46.700000 0.369856 1.871998
0.305355 0.517636 46.800000 0.499461 0.713624
0.305022 0.516580 46.900000 0.545497 0.204785
0.304663 0.515986 47.000000 0.521256 -0.688386
0.304227 0.515633 47.100000 0.444861 -0.835691
0.303745 0.514608 47.200000 0.390500 -0.248815
0.303207 0.515338 47.300000 0.312260 -1.312066
0.302630 0.514264 47.400000 0.241310 -0.103390
0.302030 0.514305 47.500000 0.184348 -1.032997
0.301397 0.518530 47.600000 0.019825 -2.249239
0.300807 0.521834 47.700000 -0.195596 -2.048408
0.300313 0.522296 47.800000 -0.359384 -1.219170
0.299863 0.521248 47.900000 -0.410676 0.195892
0.299321 0.526300 48.000000 -0.279074 2.429569
0.298709 0.526984 48.100000 -0.091718 1.308180
0.298093 0.526061 48.200000 -0.046381 -0.403695
0.297497 0.527142 48.300000 -0.139224 -1.448526
0.296933 0.526086 48.400000 -0.220565 -0.174226
0.296367 0.525169 48.500000 -0.209204 0.400880
0.295781 0.524827 48.600000 -0.146670 0.846662
0.295187 0.523754 48.700000 -0.106903 -0.053306
0.294590 0.523010 48.800000 -0.081225 0.565580
0.293989 0.522328 48.900000 -0.022097 0.614030
0.293392 0.521587 49.000000 0.036900 0.562968
0.292806 0.521093 49.100000 0.102544 0.746624
0.292235 0.520079 49.200000 0.150269 0.205494
0.291653 0.520537 49.300000 0.099328 -1.221778
0.291069 0.524305 49.400000 -0.071411 -2.184467
0.290514 0.523257 49.500000 -0.176384 0.090269
0.289971 0.522583 49.600000 -0.202643 -0.614139
0.289447 0.521555 49.700000 -0.240758 -0.146254
0.288916 0.520794 49.800000 -0.221417 0.532106
0.288381 0.519829 49.900000 -0.208618 -0.276772
0.287860 0.518842 50.000000 -0.233844 -0.226487
0.287364 0.518261 50.100000 -0.278954 -0.673459
0.286888 0.517235 50.200000 -0.309083 0.072383
0.286405 0.516248 50.300000 -0.295486 0.198870
0.285924 0.515262 50.400000 -0.295004 -0.189245
0.285422 0.515373 50.500000 -0.250883 1.069461
0.284901 0.514403 50.600000 -0.208062 -0.215185
0.284372 0.514056 50.700000 -0.177604 0.822817
0.283838 0.513251 50.800000 -0.159240 -0.456458
0.283321 0.512377 50.900000 -0.200549 -0.367641
0.282828 0.511790 51.000000 -0.251656 -0.651947
0.282373 0.511162 51.100000 -0.315216 -0.616085
0.281920 0.510519 51.200000 -0.315899 0.602465
0.281468 0.509864 51.300000 -0.315261 -0.589738
0.281024 0.509011 51.400000 -0.325976 0.375965
0.280560 0.508165 51.500000 -0.288046 0.380739
0.280079 0.507301 51.600000 -0.251364 0.351070
0.279587 0.506355 51.700000 -0.224468 0.185506
0.279103 0.505600 51.800000 -0.239140 -0.478211
0.278608 0.505737 51.900000 -0.209271 1.074107
0.278119 0.506229 52.000000 -0.217312 -1.234523
0.277671 0.505377 52.100000 -0.296809 -0.351445
0.277328 0.510744 52.200000 -0.443430 -2.573650
0.277079 0.510115 52.300000 -0.542259 0.602014
0.276790 0.509196 52.400000 -0.500309 0.234892
0.276518 0.508548 52.500000 -0.517622 -0.580299
0.276306 0.507865 52.600000 -0.574059 -0.545616
0.276225 0.509422 52.700000 -0.683160 -1.630951
0.276206 0.508920 52.800000 -0.729921 0.698068
0.276125 0.508015 52.900000 -0.682724 0.243510
0.276000 0.507255 53.000000 -0.647606 0.457089
0.275851 0.506305 53.100000 -0.627470 -0.055366
0.275829 0.508833 53.200000 -0.726761 -1.925498
0.275970 0.507966 53.300000 -0.838437 -0.302434
0.276205 0.507685 53.400000 -0.895997 -0.845881
0.276489 0.506797 53.500000 -0.925811 0.251079
0.276611 0.508617 53.600000 -0.826864 1.722931
0.276552 0.508274 53.700000 -0.700132 0.805374
0.276383 0.508299 53.800000 -0.608571 1.021259
0.276092 0.509105 53.900000 -0.488517 1.373810
0.275765 0.508414 54.000000 -0.445733 -0.520259
0.275477 0.507585 54.100000 -0.489075 -0.344410
0.275232 0.506928 54.200000 -0.533852 -0.548901
0.274901 0.511695 54.300000 -0.436558 2.489922
0.274472 0.511008 54.400000 -0.285465 0.524390
0.274055 0.510903 54.500000 -0.306916 -0.952355
0.273651 0.510267 54.600000 -0.326031 0.571011
0.273265 0.510408 54.700000 -0.351743 -1.083967
0.272954 0.510273 54.800000 -0.452901 -0.934122
0.272714 0.509709 54.900000 -0.531471 -0.633364
0.272513 0.508793 55.000000 -0.568204 -0.099445
0.272339 0.508030 55.100000 -0.594169 -0.418553
0.272193 0.507117 55.200000 -0.619139 -0.079608
0.272017 0.506565 55.300000 -0.591334 0.634321
0.271746 0.507230 55.400000 -0.493211 1.323228
0.271435 0.506423 55.500000 -0.444028 -0.342032
0.271127 0.505576 55.600000 -0.447949 0.263822
0.270817 0.504692 55.700000 -0.442642 -0.157951
0.270582 0.505930 55.800000 -0.528103 -1.547000
0.270403 0.505198 55.900000 -0.583674 0.438355
0.270154 0.505210 56.000000 -0.510989 1.011715
0.269859 0.504315 56.100000 -0.456953 0.066299
0.269586 0.503718 56.200000 -0.482698 -0.579905
0.269400 0.504160 56.300000 -0.573286 -1.227323
0.269247 0.503571 56.400000 -0.605482 0.585000
0.269030 0.503126 56.500000 -0.540594 0.709529
0.268779 0.502240 56.600000 -0.503056 0.039345
0.268508 0.501521 56.700000 -0.479334 0.433919
0.268224 0.500649 56.800000 -0.462603 -0.100146
0.267878 0.502584 56.900000 -0.377854 1.790890
0.267486 0.501725 57.000000 -0.296015 -0.158202
0.267077 0.501557 57.100000 -0.258809 0.900471
0.266656 0.500748 57.200000 -0.227448 -0.274818
0.266257 0.500276 57.300000 -0.275231 -0.678467
0.265848 0.500662 57.400000 -0.249000 1.201789
0.265410 0.499990 57.500000 -0.164866 0.476685
0.265013 0.504764 57.600000 -0.268850 -2.551166
0.264720 0.504455 57.700000 -0.437247 -0.808363
0.264406 0.505318 57.800000 -0.406745 1.416876
0.264011 0.506126 57.900000 -0.265755 1.395876
0.263579 0.505653 58.000000 -0.161699 0.680048
0.263133 0.505304 58.100000 -0.088611 0.778051
0.262682 0.504611 58.200000 -0.027062 0.449845
0.262237 0.505445 58.300000 -0.075107 -1.408339
0.261818 0.505094 58.400000 -0.184539 -0.774817
0.261401 0.504648 58.500000 -0.188404 0.697702
0.260968 0.504136 58.600000 -0.121381 0.639413
0.260530 0.503311 58.700000 -0.079670 0.192725
0.260089 0.502727 58.800000 -0.041687 0.565034
0.259648 0.501897 58.900000 -0.005254 0.161799
0.259212 0.502553 59.000000 -0.063998 -1.333747
0.258804 0.502719 59.100000 -0.185800 -1.096192
0.258420 0.501902 59.200000 -0.250352 -0.191624
0.258052 0.501217 59.300000 -0.281808 -0.435925
0.257710 0.500621 59.400000 -0.330783 -0.541125
0.257413 0.500424 59.500000 -0.401789 -0.875458
0.257196 0.500773 59.600000 -0.505360 -1.190765
0.257042 0.499965 59.700000 -0.574380 -0.186186
0.257041 0.504964 59.800000 -0.716224 -2.643602
0.257350 0.506929 59.900000 -0.940724 -1.835174
0.257892 0.506823 60.000000 -1.079932 -0.942025
0.258551 0.506078 60.100000 -1.144226 -0.340650
0.259092 0.507329 60.200000 -1.081722 1.587613
0.259584 0.507399 60.300000 -1.054709 -1.048705
0.260119 0.506804 60.400000 -1.080085 0.542449
0.260539 0.506453 60.500000 -1.014448 0.767003
0.260927 0.505752 60.600000 -0.996174 -0.402423
0.261275 0.505569 60.700000 -0.971799 0.888703
0.261550 0.504739 60.800000 -0.926305 0.018906
0.261923 0.505225 60.900000 -0.988797 -1.265637
0.262398 0.504399 61.000000 -1.050809 0.028513
0.262869 0.503575 61.100000 -1.049404 -0.000498
0.263390 0.503040 61.200000 -1.079172 -0.593362
0.263927 0.502346 61.300000 -1.089288 0.391539
0.264383 0.501754 61.400000 -1.043302 0.525879
0.264739 0.501296 61.500000 -0.983694 0.663317
0.265025 0.500527 61.600000 -0.938938 0.229560
0.265307 0.499751 61.700000 -0.937706 -0.204988
0.265616 0.498962 61.800000 -0.955490 -0.149798
0.265879 0.498606 61.900000 -0.925578 0.746538
0.266016 0.498601 62.000000 -0.838279 0.995091
0.266135 0.498209 62.100000 -0.824202 -0.714257
0.266320 0.497472 62.200000 -0.874006 -0.279344
0.266602 0.497541 62.300000 -0.940126 -1.039739
0.266950 0.496765 62.400000 -0.984350 0.157460
0.267336 0.496294 62.500000 -1.008344 -0.636136
0.267830 0.495877 62.600000 -1.074548 -0.684632
0.268342 0.495265 62.700000 -1.085143 0.473251
0.268748 0.494935 62.800000 -1.023418 0.758164
0.269253 0.497192 62.900000 -1.083563 -1.958059
0.269939 0.496408 63.000000 -1.185302 -0.071627
0.270526 0.496646 63.100000 -1.131888 1.137229
0.271019 0.495869 63.200000 -1.079725 -0.096563
0.271492 0.495169 63.300000 -1.068401 0.322463
0.271972 0.494531 63.400000 -1.073529 -0.424769
0.272539 0.494041 63.500000 -1.125117 -0.604411
0.273152 0.493270 63.600000 -1.151443 0.079207
0.273558 0.496695 63.700000 -1.031456 2.314537
0.273724 0.496530 63.800000 -0.871119 0.884201
0.273782 0.496199 63.900000 -0.788955 0.754965
0.273771 0.495558 64.000000 -0.730439 0.412435
0.273659 0.496490 64.100000 -0.635620 1.479201
0.273499 0.495869 64.200000 -0.583563 -0.440671
0.273454 0.497830 64.300000 -0.699662 -1.875502
0.273558 0.497371 64.400000 -0.825542 -0.635797
0.273718 0.496633 64.500000 -0.867621 -0.203695
0.273858 0.496047 64.600000 -0.853583 0.483761
0.273941 0.495394 64.700000 -0.810151 0.382704
0.273920 0.496108 64.800000 -0.721571 1.384474
0.273793 0.495703 64.900000 -0.617967 0.682427
0.273635 0.494942 65.000000 -0.585062 -0.025980
0.273553 0.495997 65.100000 -0.663461 -1.538072
0.273485 0.496470 65.200000 -0.676958 1.268797
0.273307 0.496580 65.300000 -0.559914 1.066245
0.273041 0.496918 65.400000 -0.446387 1.198613
0.272731 0.496214 65.500000 -0.373107 0.263310
0.272446 0.496324 65.600000 -0.413374 -1.066621
0.272204 0.495595 65.700000 -0.475885 -0.180489
0.271950 0.495068 65.800000 -0.457599 0.545293
0.271670 0.494362 65.900000 -0.418172 0.241276
0.271418 0.494435 66.000000 -0.458293 -1.041688
0.271201 0.493696 66.100000 -0.505416 0.101581
0.271006 0.493267 66.200000 -0.532759 -0.647056
0.270851 0.492582 66.300000 -0.579040 -0.276267
0.270664 0.492615 66.400000 -0.542034 1.014537
0.270475 0.492532 66.500000 -0.538063 -0.935312
0.270373 0.492587 66.600000 -0.636518 -1.028865
0.270337 0.491901 66.700000 -0.701180 -0.261148
0.270225 0.493502 66.800000 -0.625644 1.768093
0.270051 0.492857 66.900000 -0.554609 -0.350939
0.269879 0.492204 67.000000 -0.555619 0.330797
0.269677 0.491596 67.100000 -0.518597 0.407788
0.269421 0.491856 67.200000 -0.440269 1.154847
0.269163 0.492052 67.300000 -0.438365 -1.116864
0.269000 0.492738 67.400000 -0.563646 -1.382494
0.268853 0.492778 67.500000 -0.581865 1.019030
0.268643 0.492259 67.600000 -0.504128 0.531828
0.268382 0.492249 67.700000 -0.428063 0.985671
0.268078 0.491739 67.800000 -0.351552 0.540723
0.267731 0.492473 67.900000 -0.253896 1.407511
0.267365 0.491783 68.000000 -0.194016 -0.212914
0.266981 0.493970 68.100000 -0.104858 1.991616
0.266593 0.494501 68.200000 0.060572 1.308723
0.266224 0.494266 68.300000 0.167145 0.817399
0.265878 0.493863 68.400000 0.241236 0.660712
0.265557 0.493380 68.500000 0.302922 0.569931
0.265332 0.498281 68.600000 0.470775 2.778742
0.265248 0.497899 68.700000 0.644426 0.685583
0.265173 0.497356 68.800000 0.653817 -0.498226
0.265096 0.496780 68.900000 0.651239 0.446807
0.265047 0.496074 69.000000 0.680202 0.130998
0.264953 0.496235 69.100000 0.631517 -1.102277
0.264846 0.496016 69.200000 0.617904 0.830699
0.264819 0.495823 69.300000 0.702187 0.850745
0.264913 0.496407 69.400000 0.812131 1.342645
0.265078 0.495712 69.500000 0.871395 -0.160322
0.265288 0.495555 69.600000 0.907408 0.878770
0.265665 0.496513 69.700000 1.027959 1.526230
0.266215 0.496167 69.800000 1.140239 0.713760
0.266969 0.497490 69.900000 1.260549 1.686423
0.267792 0.497383 70.000000 1.299015 -0.919021
0.268524 0.496676 70.100000 1.250401 -0.050841
0.269336 0.496614 70.200000 1.295553 0.951636
0.270294 0.496168 70.300000 1.373584 0.605072
0.271274 0.495546 70.400000 1.386874 -0.339933
0.272185 0.494930 70.500000 1.352424 -0.347350
0.272940 0.495452 70.600000 1.269134 -1.314283
0.273502 0.495306 70.700000 1.158865 -0.885586
0.273948 0.494842 70.800000 1.085547 -0.577111
0.274373 0.494219 70.900000 1.072897 0.324757
0.274942 0.495159 71.000000 1.165609 1.524846
0.275708 0.494883 71.100000 1.280770 0.772619
0.276585 0.494334 71.200000 1.342260 0.454094
0.277457 0.493796 71.300000 1.341456 -0.470125
0.278421 0.494568 71.400000 1.390388 1.446321
0.279636 0.494638 71.500000 1.515203 1.043720
0.281015 0.494125 71.600000 1.592740 0.503162
0.282622 0.495041 71.700000 1.694040 1.517765
0.284432 0.494380 71.800000 1.780062 0.198373
0.286253 0.493697 71.900000 1.786257 -0.074783
0.288035 0.493039 72.000000 1.772731 -0.195062
0.289873 0.492681 72.100000 1.797335 0.685921
0.291750 0.492078 72.200000 1.814916 -0.335189
0.293593 0.491405 72.300000 1.803029 0.098051
0.295576 0.491503 72.400000 1.861125 1.060957
0.297736 0.490897 72.500000 1.930351 0.320092
0.299834 0.490596 72.600000 1.909419 -0.737675
0.301656 0.491220 72.700000 1.803525 -1.374902
0.303239 0.490764 72.800000 1.706380 -0.563156
0.304644 0.490720 72.900000 1.630123 -0.958163
0.305690 0.493936 73.000000 1.462603 -2.383857
0.306375 0.494697 73.100000 1.270451 -1.449574
0.306795 0.496191 73.200000 1.108412 -1.783104
0.306924 0.499615 73.300000 0.896054 -2.453445
0.306774 0.504733 73.400000 0.626737 -2.919437
0.306513 0.504048 73.500000 0.479664 -0.014651
0.306242 0.503434 73.600000 0.462765 -0.322491
0.305941 0.503132 73.700000 0.409063 -0.748871
0.305606 0.502679 73.800000 0.342410 -0.580851
0.305242 0.502570 73.900000 0.267270 -0.918184
0.304855 0.502086 74.000000 0.194310 -0.537384
0.304489 0.503547 74.100000 0.256641 1.780894
0.304180 0.503352 74.200000 0.388373 0.847154
0.303914 0.502904 74.300000 0.460071 0.583223
0.303674 0.502264 74.400000 0.500751 0.228350
0.303479 0.502265 74.500000 0.562471 1.002965
0.303399 0.503538 74.600000 0.698195 1.704717
0.303439 0.503154 74.700000 0.816619 0.657853
0.303523 0.502493 74.800000 0.856071 0.129219
0.303626 0.501848 74.900000 0.872181 0.192171
0.303578 0.507168 75.000000 0.731483 -2.999092
0.303394 0.506504 75.100000 0.574905 -0.124645
0.303213 0.505860 75.200000 0.579050 0.207342
0.303063 0.505372 75.300000 0.615766 0.525133
0.302957 0.504888 75.400000 0.668598 0.528863
0.302831 0.504904 75.500000 0.644120 -1.017202
0.302608 0.505753 75.600000 0.517190 -1.515050
0.302301 0.506228 75.700000 0.375288 -1.315891
0.301949 0.506075 75.800000 0.265051 -0.883340
0.301579 0.505492 75.900000 0.203080 -0.352976
0.301217 0.505313 76.000000 0.228494 0.859981
0.300852 0.505554 76.100000 0.212758 -1.173905
0.300464 0.505690 76.200000 0.098577 -1.104004
0.300081 0.506953 76.300000 0.129187 1.714672
0.299731 0.506668 76.400000 0.253274 0.760852
0.299411 0.506398 76.500000 0.330228 0.774385
0.299096 0.505956 76.600000 0.340094 -0.577565
0.298755 0.505693 76.700000 0.272038 -0.780151
0.298388 0.505717 76.800000 0.181612 -1.023843
0.298017 0.505328 76.900000 0.162507 0.642693
0.297655 0.504673 77.000000 0.193647 -0.021447
0.297290 0.504060 77.100000 0.180000 -0.250808
0.296924 0.503408 77.200000 0.168318 0.017746
0.296563 0.502840 77.300000 0.187087 0.356703
0.296234 0.504014 77.400000 0.289205 1.680551
0.295944 0.503366 77.500000 0.376394 0.058878
0.295641 0.502966 77.600000 0.348225 -0.620861
0.295337 0.502487 77.700000 0.342643 0.509512
0.295057 0.502015 77.800000 0.394253 0.520108
0.294778 0.501568 77.900000 0.392582 -0.553455
0.294483 0.500934 78.000000 0.359159 -0.113331
0.294174 0.500479 78.100000 0.326458 -0.539049
0.293846 0.500043 78.200000 0.271155 -0.564250
0.293497 0.499815 78.300000 0.202708 -0.801271
0.293139 0.499184 78.400000 0.157782 -0.094995
0.292776 0.498736 78.500000 0.125834 -0.542370
0.292409 0.498168 78.600000 0.082596 -0.320224
0.292043 0.497727 78.700000 0.094061 0.548939
0.291680 0.497146 78.800000 0.107451 -0.281810
0.291313 0.496881 78.900000 0.055310 -0.758401
0.290945 0.496761 79.000000 -0.027674 -0.897131
0.290582 0.496152 79.100000 -0.080964 -0.166000
0.290228 0.496206 79.200000 -0.141343 -1.038559
0.289886 0.495581 79.300000 -0.194388 -0.019700
0.289541 0.495066 79.400000 -0.174648 0.413521
0.289189 0.494515 79.500000 -0.137063 0.336295
0.288841 0.494143 79.600000 -0.151786 -0.630015
0.288517 0.494554 79.700000 -0.247641 -1.282298
0.288229 0.494142 79.800000 -0.340749 -0.575202
0.287985 0.494471 79.900000 -0.431259 -1.230468
0.287759 0.494064 80.000000 -0.463842 0.580429
0.287494 0.494033 80.100000 -0.386180 0.968943
0.287166 0.496699 80.200000 -0.222552 2.295434
0.286811 0.496645 80.300000 -0.059738 0.952690
0.286456 0.496113 80.400000 -0.030474 -0.368865
0.286102 0.495521 80.500000 -0.058778 -0.195793
0.285758 0.495712 80.600000 -0.125713 -1.139559
0.285428 0.495147 80.700000 -0.196837 -0.279380
0.285116 0.495043 80.800000 -0.256294 -0.906775
0.284832 0.494648 80.900000 -0.331441 -0.592412
0.284573 0.494217 81.000000 -0.388139 -0.538715
0.284348 0.493917 81.100000 -0.450627 -0.707909
0.284183 0.494265 81.200000 -0.548582 -1.246310
0.284075 0.493710 81.300000 -0.625697 -0.292120
0.283930 0.494090 81.400000 -0.576814 1.267338
0.283772 0.493930 81.500000 -0.556049 -0.853086
0.283623 0.493534 81.600000 -0.569578 0.583179
0.283428 0.493340 81.700000 -0.499289 0.819088
0.283220 0.492803 81.800000 -0.474576 -0.326056
0.283054 0.492854 81.900000 -0.542751 -1.034031
0.282934 0.492297 82.000000 -0.607937 -0.266445
0.282792 0.492202 82.100000 -0.575647 0.910639
0.282575 0.492920 82.200000 -0.456233 1.471664
0.282312 0.492414 82.300000 -0.362954 0.389252
0.282024 0.492271 82.400000 -0.300052 0.865651
0.281720 0.491692 82.500000 -0.248418 0.164437
0.281413 0.491100 82.600000 -0.236355 0.076216
0.281108 0.490520 82.700000 -0.239862 -0.146172
0.280805 0.489929 82.800000 -0.245439 0.034911
0.280509 0.489454 82.900000 -0.265619 -0.437500
0.280215 0.488957 83.000000 -0.268018 0.389632
0.279930 0.488828 83.100000 -0.292294 -0.873935
0.279664 0.488251 83.200000 -0.342620 -0.130074
0.279371 0.489368 83.300000 -0.264683 1.684930
0.279047 0.489216 83.400000 -0.137563 0.851116
0.278714 0.489412 83.500000 -0.037610 1.142936
0.278382 0.488832 83.600000 0.024312 0.092418
0.278051 0.488390 83.700000 0.053308 0.486038
0.277723 0.487808 83.800000 0.076431 -0.024734
0.277400 0.487484 83.900000 0.108094 0.656409
0.277090 0.487344 84.000000 0.184125 0.860421
0.276794 0.486777 84.100000 0.234269 0.139953
0.276502 0.486209 84.200000 0.247679 0.127572
0.276237 0.486843 84.300000 0.325690 1.428746
0.275986 0.486615 84.400000 0.358852 -0.767172
0.275701 0.486827 84.500000 0.262529 -1.154468
0.275422 0.487645 84.600000 0.281645 1.535841
0.275155 0.487531 84.700000 0.314308 -0.884221
0.274870 0.486997 84.800000 0.256864 -0.261786
0.274605 0.487629 84.900000 0.315491 1.431400
0.274418 0.489098 85.000000 0.480685 1.864212
0.274337 0.489539 85.100000 0.640039 1.314906
0.274400 0.491500 85.200000 0.810188 2.079554
0.274658 0.492426 85.300000 0.994704 1.601553
0.275131 0.493764 85.400000 1.165670 1.809224
0.275771 0.493353 85.500000 1.283030 0.532092
0.276438 0.492793 85.600000 1.301310 -0.167401
0.277039 0.492488 85.700000 1.258892 -0.678827
0.277617 0.491995 85.800000 1.243597 0.373692
0.278175 0.491647 85.900000 1.231244 -0.620149
0.278719 0.491184 86.000000 1.221732 0.430381
0.279295 0.490614 86.100000 1.245093 0.035674
0.279853 0.490088 86.200000 1.233420 -0.268537
0.280399 0.489531 86.300000 1.226727 0.135001
0.280916 0.489143 86.400000 1.205664 -0.555214
0.281310 0.489473 86.500000 1.115437 -1.244810
0.281684 0.489433 86.600000 1.100820 0.953198
0.282111 0.488879 86.700000 1.141904 -0.133554
0.282393 0.491000 86.800000 1.026948 -2.159820
0.282513 0.490787 86.900000 0.879496 -0.781848
0.282615 0.490331 87.000000 0.861969 0.432172
0.282698 0.490141 87.100000 0.843241 -0.805792
0.282740 0.489584 87.200000 0.798504 -0.086714
0.282768 0.489045 87.300000 0.784589 -0.190895
0.282801 0.488527 87.400000 0.788454 0.268002
0.282901 0.488773 87.500000 0.861371 1.186709
0.283085 0.488317 87.600000 0.941989 0.421618
0.283360 0.488610 87.700000 1.024343 1.221332
0.283737 0.488184 87.800000 1.109506 0.477672
0.284144 0.487630 87.900000 1.132390 -0.021130
0.284518 0.487195 88.000000 1.108429 -0.456902
0.284845 0.486695 88.100000 1.070277 -0.304226
0.285185 0.486304 88.200000 1.081739 0.532889
0.285618 0.486250 88.300000 1.155384 0.936326
0.286123 0.485717 88.400000 1.210966 0.172550
0.286645 0.485172 88.500000 1.223018 0.067885
0.287118 0.484949 88.600000 1.188385 -0.758807
0.287434 0.485987 88.700000 1.066293 -1.676942
0.287607 0.485851 88.800000 0.939405 -0.854476
0.287649 0.487129 88.900000 0.806243 -1.802105
0.287597 0.486684 89.000000 0.694572 -0.425722
0.287496 0.486595 89.100000 0.628018 -0.902039
0.287366 0.486052 89.200000 0.585822 0.060239
0.287265 0.485840 89.300000 0.627466 0.770560
0.287239 0.486099 89.400000 0.726116 1.197493
0.287306 0.486060 89.500000 0.833797 0.950740
0.287470 0.486097 89.600000 0.932512 1.018631
0.287874 0.490967 89.700000 1.139839 3.117537
0.288462 0.490495 89.800000 1.277866 -0.363895
0.288995 0.490035 89.900000 1.239995 -0.391628
0.289492 0.489502 90.000000 1.213425 -0.138449
0.290032 0.489319 90.100000 1.246856 0.805394
0.290745 0.490161 90.200000 1.366497 1.581452
0.291561 0.489650 90.300000 1.434041 -0.233951
0.292231 0.490589 90.400000 1.340248 -1.637225
0.292588 0.494883 90.500000 1.109811 -2.959983
0.292721 0.494949 90.600000 0.908638 -1.053429
0.292783 0.494491 90.700000 0.835931 -0.397067
0.292835 0.493961 90.800000 0.824051 0.160067
0.292858 0.493762 90.900000 0.792438 -0.790742
0.292853 0.493230 91.000000 0.759574 0.135088
0.292829 0.492897 91.100000 0.735495 -0.615457
0.292812 0.492719 91.200000 0.745412 0.813306
0.292809 0.492310 91.300000 0.761782 -0.486735
0.292777 0.491804 91.400000 0.725163 -0.243800
0.292723 0.491315 91.500000 0.698126 -0.295587
0.292664 0.490793 91.600000 0.691208 0.157562
0.292631 0.490393 91.700000 0.724094 0.498513
0.292657 0.490316 91.800000 0.794995 0.915955
0.292719 0.489788 91.900000 0.836407 -0.089777
0.292745 0.489527 92.000000 0.796506 -0.706245
0.292677 0.490503 92.100000 0.677527 -1.667384
0.292505 0.491197 92.200000 0.518569 -1.503833
0.292286 0.490738 92.300000 0.424829 -0.366284
0.292052 0.490270 92.400000 0.389464 -0.339240
0.291808 0.489765 92.500000 0.361754 -0.213584
0.291558 0.489241 92.600000 0.346340 -0.093918
0.291294 0.488991 92.700000 0.305677 -0.717301
0.291022 0.488479 92.800000 0.277953 0.164202
0.290732 0.489299 92.900000 0.206895 -1.581816
0.290427 0.488818 93.000000 0.113267 -0.286061
0.290124 0.488459 93.100000 0.126781 0.555670
0.289817 0.488676 93.200000 0.095717 -1.175406
0.289508 0.488157 93.300000 0.032401 -0.087746
0.289201 0.488025 93.400000 0.070810 0.854008
0.288900 0.487533 93.500000 0.125449 0.236055
0.288602 0.487015 93.600000 0.140365 0.061507
0.288303 0.486550 93.700000 0.127449 -0.319170
0.288003 0.486034 93.800000 0.115007 0.070951
0.287706 0.485559 93.900000 0.132549 0.279004
0.287405 0.485825 94.000000 0.085712 -1.213392
0.287101 0.485460 94.100000 0.051635 0.533550
0.286801 0.484977 94.200000 0.090618 0.244157
0.286504 0.484504 94.300000 0.116749 0.277161
0.286206 0.484179 94.400000 0.100796 -0.595418
0.285905 0.483871 94.500000 0.039795 -0.621570
0.285603 0.483375 94.600000 0.000460 -0.163147
0.285304 0.483541 94.700000 -0.064485 -1.132505
0.285005 0.483897 94.800000 -0.057010 1.281617
0.284706 0.483899 94.900000 0.056625 0.985400
0.284415 0.483444 95.000000 0.122053 0.319890
0.284126 0.482936 95.100000 0.139101 0.020217
0.283852 0.483486 95.200000 0.211260 1.419369
0.283623 0.484341 95.300000 0.363210 1.612027
0.283428 0.483837 95.400000 0.440493 -0.070230
0.283225 0.483373 95.500000 0.422765 -0.283455
0.283013 0.482878 95.600000 0.401580 -0.139176
0.282789 0.482506 95.700000 0.369356 -0.503698
0.282544 0.482257 95.800000 0.309156 -0.697284
0.282280 0.481961 95.900000 0.242629 -0.629938
0.282007 0.481496 96.000000 0.197755 -0.265297
0.281745 0.481742 96.100000 0.244546 1.198774
0.281517 0.481757 96.200000 0.354534 0.995495
0.281348 0.482615 96.300000 0.485535 1.617968
0.281265 0.483075 96.400000 0.634895 1.361768
0.281279 0.483446 96.500000 0.768166 1.296980
0.281369 0.483074 96.600000 0.858150 0.498218
0.281552 0.483712 96.700000 0.957465 1.483115
0.281706 0.485420 96.800000 0.928129 -2.068378
0.281687 0.486902 96.900000 0.726139 -1.961316
0.281669 0.488403 97.000000 0.726663 1.971766
0.281766 0.488254 97.100000 0.867037 0.828696
0.281896 0.487757 97.200000 0.903551 -0.100244
0.282027 0.487265 97.300000 0.905126 0.131660
0.282252 0.488400 97.400000 1.001217 1.785357
0.282615 0.488192 97.500000 1.128583 0.755602
0.282949 0.488491 97.600000 1.103836 -1.249313
0.283130 0.489368 97.700000 0.958962 -1.640907
0.283204 0.489106 97.800000 0.842528 -0.681951
0.283193 0.489594 97.900000 0.738610 -1.391219
0.283136 0.489102 98.000000 0.674633 0.114867
0.283073 0.488657 98.100000 0.664266 -0.321675
0.282966 0.488701 98.200000 0.596420 -1.031861
0.282874 0.489360 98.300000 0.620280 1.507865
0.282869 0.489388 98.400000 0.746850 1.017215
0.282970 0.490050 98.500000 0.873590 1.511249
0.283183 0.489953 98.600000 0.993848 0.887898
0.283428 0.489492 98.700000 1.025084 -0.264748
0.283613 0.489432 98.800000 0.965320 -0.927547
0.283769 0.488999 98.900000 0.936238 0.347361
0.283980 0.488813 99.000000 0.992784 0.780747
0.284333 0.490098 99.100000 1.126058 1.878070
0.284864 0.490187 99.200000 1.274104 1.075448
0.285560 0.490656 99.300000 1.397333 1.382962
0.286377 0.490212 99.400000 1.482394 0.314010
0.287230 0.489737 99.500000 1.507305 0.182954
0.288191 0.490009 99.600000 1.578300 1.233405
0.289198 0.489723 99.700000 1.608048 -0.639935
0.290067 0.489826 99.800000 1.521392 -1.088846
0.290905 0.489581 99.900000 1.501913 0.700240
0.291736 0.489379 100.000000 1.499051 -0.757333
0.292452 0.489225 100.100000 1.420039 -0.818964
0.293064 0.488940 100.200000 1.347009 -0.637984
0.293706 0.489033 100.300000 1.369111 1.078914
0.294418 0.488547 100.400000 1.420979 -0.044133
0.295195 0.488512 100.500000 1.466496 0.952184
0.296066 0.488085 100.600000 1.531377 0.342204
0.297012 0.487807 100.700000 1.580838 0.644542
0.297908 0.488104 100.800000 1.550261 -1.254566
0.298699 0.487629 100.900000 1.480906 -0.129054
0.299470 0.487153 101.000000 1.468717 -0.114123
0.300169 0.487057 101.100000 1.418708 -0.883566
0.300814 0.486585 101.200000 1.381199 0.135270
0.301512 0.486311 101.300000 1.420369 0.646164
0.302325 0.486291 101.400000 1.501152 0.965460
0.303243 0.485907 101.500000 1.571539 0.438769
0.304128 0.485781 101.600000 1.551151 -0.845504
0.304863 0.485962 101.700000 1.450767 -1.157165
0.305477 0.485648 101.800000 1.363846 -0.576920
0.306045 0.485176 101.900000 1.330381 -0.090696
0.306729 0.486337 102.000000 1.417447 1.827657
0.307679 0.487422 102.100000 1.598614 1.786635
0.308867 0.487585 102.200000 1.745482 1.143376
0.310375 0.489998 102.300000 1.924718 2.432380
0.312342 0.491890 102.400000 2.157133 2.204297
0.314569 0.491437 102.500000 2.279314 0.233229
0.316662 0.491936 102.600000 2.219986 -1.416837
0.318503 0.491880 102.700000 2.102216 -0.932665
0.320428 0.492926 102.800000 2.144240 1.771031
0.322724 0.493825 102.900000 2.317443 1.684366
0.325326 0.493821 103.000000 2.451469 0.989467
0.328088 0.493413 103.100000 2.520201 0.381738
0.330775 0.493372 103.200000 2.491721 -0.949919
0.333393 0.492977 103.300000 2.464802 0.412884
0.335965 0.492776 103.400000 2.447703 -0.754011
0.338412 0.492336 103.500000 2.396114 -0.275191
0.340841 0.491875 103.600000 2.390559 0.164373
0.343167 0.491906 103.700000 2.347468 -1.024046
0.345267 0.491888 103.800000 2.247385 -0.972598
0.347350 0.491759 103.900000 2.241035 0.845910
0.349673 0.492182 104.000000 2.351883 1.365515
0.352206 0.491825 104.100000 2.444919 0.490539
0.354877 0.491601 104.200000 2.505528 0.718617
0.357651 0.491143 104.300000 2.549819 0.164997
0.360215 0.492340 104.400000 2.464550 -1.866115
0.362390 0.492955 104.500000 2.295467 -1.507102
0.364242 0.493538 104.600000 2.145455 -1.485627
0.365844 0.493528 104.700000 2.021719 -0.982918
0.367397 0.493177 104.800000 1.997617 0.502084
0.369049 0.492852 104.900000 2.050390 0.550739
0.370813 0.492555 105.000000 2.108117 0.600921
0.372593 0.492162 105.100000 2.118275 -0.398279
0.374221 0.492272 105.200000 2.043043 -1.102595
0.375740 0.491805 105.300000 1.987679 -0.001919
0.377246 0.491344 105.400000 1.982262 -0.106153
0.378879 0.491887 105.500000 2.050086 1.459244
0.380595 0.491582 105.600000 2.094071 -0.581749
0.382382 0.491953 105.700000 2.131583 1.330114
0.384407 0.491948 105.800000 2.247705 0.986524
0.386564 0.491524 105.900000 2.311626 0.288706
0.388788 0.491117 106.000000 2.343412 0.345434
0.390866 0.491921 106.100000 2.278496 -1.640522
0.392776 0.491462 106.200000 2.200432 0.083143
0.394581 0.491537 106.300000 2.151015 -1.069002
0.396262 0.491085 106.400000 2.090287 -0.142534
0.397696 0.493350 106.500000 1.962297 -2.410851
0.398843 0.493201 106.600000 1.800476 -0.817491
0.399892 0.492787 106.700000 1.743511 -0.318948
0.400870 0.492467 106.800000 1.700007 -0.548961
0.401665 0.493527 106.900000 1.582064 -1.804005
0.402335 0.493071 107.000000 1.496321 0.093430
0.403024 0.492627 107.100000 1.510432 0.188089
0.403749 0.492223 107.200000 1.537121 0.344351
0.404455 0.491933 107.300000 1.524296 -0.600194
0.405018 0.492473 107.400000 1.420782 -1.464920
0.405370 0.493705 107.500000 1.251778 -1.906703
0.405567 0.493603 107.600000 1.112266 -0.876567
0.405717 0.493148 107.700000 1.064582 -0.074730
0.405820 0.493055 107.800000 1.016400 -0.886498
0.405921 0.492952 107.900000 1.015734 0.873213
0.406014 0.493027 108.000000 1.005752 -1.072356
0.405991 0.493703 108.100000 0.873568 -1.564724
0.405902 0.493262 108.200000 0.786043 -0.181392
0.405786 0.492947 108.300000 0.749356 -0.550509
0.405623 0.492881 108.400000 0.675783 -0.917273
0.405434 0.492429 108.500000 0.633386 0.071448
0.405229 0.492160 108.600000 0.605242 -0.632931
0.404992 0.491883 108.700000 0.542607 -0.616624
0.404768 0.492007 108.800000 0.567823 1.119684
0.404539 0.492407 108.900000 0.555652 -1.362500
0.404254 0.492479 109.000000 0.433793 -1.068585
0.403952 0.492032 109.100000 0.384693 0.089028
0.403658 0.491644 109.200000 0.407692 0.369819
0.403383 0.491316 109.300000 0.452100 0.516110
0.403084 0.492222 109.400000 0.391656 -1.721969
0.402739 0.493010 109.500000 0.222774 -1.647227
0.402372 0.496343 109.600000 -0.004189 -2.880681
0.402012 0.496065 109.700000 -0.117617 0.617792
0.401650 0.495623 109.800000 -0.093942 -0.145470
0.401286 0.495594 109.900000 -0.052952 0.963216
0.400922 0.495157 110.000000 -0.013197 -0.170108
0.400560 0.495014 110.100000 -0.062901 -0.821481
0.400200 0.494646 110.200000 -0.082956 0.421376
0.399838 0.494248 110.300000 -0.045219 0.331482
0.399480 0.494387 110.400000 -0.085698 -1.139028
0.399127 0.493941 110.500000 -0.141389 0.027986
0.398774 0.493522 110.600000 -0.127529 0.248528
0.398414 0.495041 110.700000 -0.010512 2.085953
0.398059 0.494594 110.800000 0.093061 -0.019670
0.397719 0.496355 110.900000 0.203017 2.213286
0.397410 0.495948 111.000000 0.328744 0.294963
0.397109 0.495530 111.100000 0.356068 0.250169
0.396844 0.496311 111.200000 0.451437 1.652439
0.396664 0.497361 111.300000 0.625764 1.825378
0.396655 0.501621 111.400000 0.879633 3.239312
0.396889 0.503160 111.500000 1.147601 2.106653
0.397289 0.503071 111.600000 1.298279 0.899365
0.397769 0.502718 111.700000 1.366653 0.464707
0.398294 0.502303 111.800000 1.403888 0.278131
0.398882 0.502084 111.900000 1.453752 0.716659
0.399594 0.502225 112.000000 1.547255 1.148722
0.400348 0.501902 112.100000 1.578329 -0.528800
0.400994 0.501916 112.200000 1.500803 -1.017837
0.401509 0.501914 112.300000 1.399657 -1.000027
0.401936 0.501549 112.400000 1.328109 -0.427371
0.402254 0.502051 112.500000 1.233492 -1.460234
0.402504 0.501618 112.600000 1.168965 0.172928
0.402791 0.501308 112.700000 1.205219 0.550337
0.403316 0.506488 112.800000 1.411432 3.563609
0.404101 0.506088 112.900000 1.606573 0.329465
0.404967 0.505924 113.000000 1.663231 0.800845
0.405937 0.505642 113.100000 1.734002 0.611044
0.406922 0.505267 113.200000 1.744443 -0.402745
0.407964 0.505417 113.300000 1.782479 1.161556
0.409022 0.505361 113.400000 1.793567 -0.940347
0.409958 0.505077 113.500000 1.716088 -0.605352
0.410779 0.505008 113.600000 1.639431 -0.923957
0.411428 0.505600 113.700000 1.516165 -1.535199
0.411909 0.505665 113.800000 1.385257 -1.076411
0.412357 0.505348 113.900000 1.358255 0.537722
0.412802 0.505054 114.000000 1.355984 -0.583026
0.413203 0.504620 114.100000 1.320045 -0.133975
0.413524 0.504892 114.200000 1.249316 -1.277051
0.413674 0.506321 114.300000 1.081596 -2.068975
0.413674 0.506686 114.400000 0.909761 -1.359124
0.413553 0.507997 114.500000 0.741145 -2.004766
0.413336 0.508329 114.600000 0.573836 -1.333044
0.413058 0.508797 114.700000 0.434521 -1.446292
0.412730 0.509864 114.800000 0.268660 -1.862638
0.412378 0.509812 114.900000 0.127728 -0.948960
0.412020 0.510186 115.000000 0.011454 -1.370709
0.411667 0.510196 115.100000 -0.108478 -1.021922
0.411318 0.509907 115.200000 -0.129920 0.594149
0.410967 0.509498 115.300000 -0.114118 -0.278908
0.410612 0.509953 115.400000 -0.055976 1.438837
0.410257 0.509512 115.500000 0.016590 0.008856
0.409903 0.509081 115.600000 0.024245 0.143861
0.409549 0.508645 115.700000 0.026698 -0.094914
0.409200 0.509027 115.800000 0.091070 1.379128
0.408850 0.509593 115.900000 0.083669 -1.526784
0.408499 0.509970 116.000000 -0.061875 -1.376820
0.408158 0.509622 116.100000 -0.153944 -0.459945
0.407823 0.509233 116.200000 -0.193822 -0.335621
0.407520 0.511232 116.300000 -0.330023 -2.381598
0.407287 0.511731 116.400000 -0.523515 -1.478559
0.407124 0.511909 116.500000 -0.657759 -1.199607
0.407016 0.511648 116.600000 -0.750181 -0.644221
0.406937 0.511229 116.700000 -0.792916 -0.208329
0.406865 0.510792 116.800000 -0.804259 -0.017974
0.406853 0.511481 116.900000 -0.886515 -1.623038
0.406934 0.511241 117.000000 -1.001936 -0.679597
0.407059 0.510844 117.100000 -1.051193 -0.303089
0.407227 0.510596 117.200000 -1.099589 -0.662409
0.407429 0.510162 117.300000 -1.135586 -0.055733
0.407569 0.510547 117.400000 -1.068826 1.387593
0.407580 0.511258 117.500000 -0.917020 1.640937
0.407466 0.512365 117.600000 -0.739295 1.904689
0.407276 0.512168 117.700000 -0.606252 0.749503
0.407066 0.511736 117.800000 -0.565373 0.066052
0.406854 0.511303 117.900000 -0.560007 0.040992
0.406660 0.511117 118.000000 -0.596255 -0.764146
0.406515 0.511137 118.100000 -0.686382 -1.033878
0.406333 0.513145 118.200000 -0.617765 2.402778
0.406074 0.513121 118.300000 -0.447971 0.984610
0.405802 0.512708 118.400000 -0.409660 -0.220297
0.405556 0.512779 118.500000 -0.475476 -1.092731
0.405322 0.512437 118.600000 -0.507126 0.461307
0.405056 0.512624 118.700000 -0.423272 1.211583
0.404752 0.513024 118.800000 -0.292054 1.406208
0.404426 0.512787 118.900000 -0.187504 0.679567
0.404091 0.512913 119.000000 -0.095728 1.151377
0.403752 0.513086 119.100000 0.022127 1.199831
0.403425 0.513927 119.200000 0.169556 1.741367
0.403107 0.513796 119.300000 0.214480 -0.845135
0.402775 0.513925 119.400000 0.114195 -1.155542
0.402440 0.513511 119.500000 0.065946 0.192977
0.402112 0.513824 119.600000 0.142449 1.333258
0.401793 0.513405 119.700000 0.201654 -0.152132
0.401478 0.513072 119.800000 0.217944 0.477118
0.401170 0.512657 119.900000 0.250765 0.177673
0.400850 0.513224 120.000000 0.182235 -1.544861
0.400516 0.514856 120.100000 -0.006725 -2.224875
0.400201 0.515724 120.200000 -0.206746 -1.765541
0.399902 0.515319 120.300000 -0.283356 0.237154
0.399602 0.514896 120.400000 -0.277171 -0.113749
0.399326 0.515565 120.500000 -0.364358 -1.625632
0.399071 0.515191 120.600000 -0.427941 0.357145
0.398831 0.515307 120.700000 -0.467445 -1.145256
0.398638 0.515324 120.800000 -0.576709 -1.034547
0.398507 0.515565 120.900000 -0.692246 -1.270422
0.398475 0.516530 121.000000 -0.847932 -1.835508
0.398506 0.516110 121.100000 -0.933768 0.123069
0.398476 0.516631 121.200000 -0.851625 1.515688
0.398360 0.516769 121.300000 -0.717018 1.169716
0.398192 0.516547 121.400000 -0.623200 0.701953
0.397993 0.516245 121.500000 -0.560639 0.546152
0.397780 0.515828 121.600000 -0.526362 0.137678
0.397605 0.516667 121.700000 -0.607351 -1.753421
0.397498 0.516449 121.800000 -0.730748 -0.708353
0.397455 0.516697 121.900000 -0.830394 -1.279577
0.397513 0.517155 122.000000 -0.968090 -1.467467
0.397625 0.516742 122.100000 -1.033692 0.158723
0.397727 0.516322 122.200000 -1.022122 0.072085
0.397878 0.516499 122.300000 -1.079223 -1.211237
0.398037 0.516499 122.400000 -1.089034 1.015508
0.398161 0.516097 122.500000 -1.049244 -0.221713
0.398338 0.516069 122.600000 -1.109506 -0.980507
0.398581 0.515724 122.700000 -1.180299 -0.431817
0.398829 0.515347 122.800000 -1.185721 0.323645
0.399030 0.515103 122.900000 -1.136642 0.655490
0.399196 0.514689 123.000000 -1.098791 0.099645
0.399419 0.514992 123.100000 -1.160608 -1.332897
0.399743 0.514798 123.200000 -1.264674 -0.743223
0.400080 0.514479 123.300000 -1.277222 0.492890
0.400341 0.514475 123.400000 -1.201920 1.009379
0.400520 0.514280 123.500000 -1.114249 0.739663
0.400685 0.513952 123.600000 -1.100504 -0.465445
0.400811 0.514319 123.700000 -1.054068 1.391834
0.400882 0.513909 123.800000 -0.989676 -0.107217
0.400937 0.513611 123.900000 -0.968102 0.537619
0.400876 0.516098 124.000000 -0.806652 2.683317
0.400692 0.516830 124.100000 -0.587539 1.687975
0.400466 0.516442 124.200000 -0.489689 0.264147
0.400265 0.516841 124.300000 -0.547776 -1.422982
0.400162 0.518675 124.400000 -0.737726 -2.366527
0.400157 0.518408 124.500000 -0.886995 -0.611391
0.400190 0.518071 124.600000 -0.939861 -0.443290
0.400267 0.517840 124.700000 -0.996012 -0.676922
0.400417 0.517891 124.800000 -1.083986 -1.078163
0.400633 0.517546 124.900000 -1.158875 -0.415871
0.400841 0.517277 125.000000 -1.149549 0.601939
0.400970 0.517413 125.100000 -1.060603 1.172533
0.401019 0.517258 125.200000 -0.961514 0.804276
0.401030 0.516866 125.300000 -0.909672 0.229979
0.401021 0.516489 125.400000 -0.883470 0.292758
0.400998 0.516083 125.500000 -0.862794 0.119715
0.401002 0.515982 125.600000 -0.900989 -0.881702
0.401053 0.515632 125.700000 -0.964742 -0.390158
0.401123 0.515226 125.800000 -0.988991 -0.093618
0.401191 0.514826 125.900000 -0.986333 0.146635
0.401284 0.514674 126.000000 -1.019323 -0.804770
0.401396 0.514324 126.100000 -1.040587 0.380554
0.401432 0.514823 126.200000 -0.945672 1.513002
0.401480 0.515740 126.300000 -0.961567 -1.830111
0.401667 0.516246 126.400000 -1.129478 -1.519725
0.401969 0.516183 126.500000 -1.252490 -0.934369
0.402310 0.515785 126.600000 -1.291368 0.158771
0.402608 0.515559 126.700000 -1.249486 0.676757
0.402950 0.516090 126.800000 -1.292886 -1.542576
0.403372 0.515684 126.900000 -1.370853 -0.012868
0.403839 0.515537 127.000000 -1.412138 -0.810760
0.404482 0.517018 127.100000 -1.562596 -2.190880
0.405440 0.519265 127.200000 -1.802681 -2.598827
0.406625 0.518946 127.300000 -1.956771 -0.475266
0.407901 0.518742 127.400000 -2.016692 -0.720146
0.409397 0.519887 127.500000 -2.152532 -1.989875
0.411253 0.521219 127.600000 -2.357905 -2.107319
0.413320 0.520820 127.700000 -2.471064 -0.150196
0.415513 0.520943 127.800000 -2.536955 -1.164327
0.417806 0.520543 127.900000 -2.588449 0.137018
0.420208 0.520744 128.000000 -2.644103 -1.247318
0.422735 0.520338 128.100000 -2.705270 0.027042
0.425243 0.519937 128.200000 -2.698648 0.105063
0.427542 0.520922 128.300000 -2.598662 1.889666
0.429571 0.520768 128.400000 -2.463714 0.802543
0.431609 0.520697 128.500000 -2.469999 -0.927928
0.433850 0.520824 128.600000 -2.575143 -1.169699
0.436270 0.520568 128.700000 -2.664762 -0.618191
0.438712 0.520215 128.800000 -2.677673 0.360614
0.441179 0.519961 128.900000 -2.690714 -0.620789
0.443824 0.520031 129.000000 -2.777179 -1.104188
0.446535 0.519710 129.100000 -2.809403 0.461329
0.449115 0.519504 129.200000 -2.750625 0.711291
0.451612 0.519103 129.300000 -2.712776 0.043793
0.454067 0.518740 129.400000 -2.695062 0.309612
0.456491 0.518340 129.500000 -2.681192 -0.032908
0.458773 0.518667 129.600000 -2.614023 1.372913
0.460924 0.518271 129.700000 -2.550071 -0.097059
0.463192 0.518341 129.800000 -2.610255 -1.103613
0.465820 0.520142 129.900000 -2.785456 -2.391656
0.468791 0.519963 130.000000 -2.943339 -0.758105
0.471711 0.520094 130.100000 -2.922450 1.174849
0.474547 0.519776 130.200000 -2.886640 -0.460453
0.477269 0.520185 130.300000 -2.836947 1.451840
0.479795 0.519830 130.400000 -2.747333 0.335960
0.482298 0.519441 130.500000 -2.738350 -0.156765
0.484743 0.519223 130.600000 -2.711908 0.684298
0.487238 0.519380 130.700000 -2.737920 -1.203248
0.489757 0.519317 130.800000 -2.751377 0.934785
0.492311 0.519564 130.900000 -2.769627 -1.298878
0.494973 0.519193 131.000000 -2.821963 0.254774
0.497568 0.518836 131.100000 -2.793063 0.321790
0.500055 0.518613 131.200000 -2.743286 0.671249
0.502281 0.519506 131.300000 -2.617430 1.839593
0.504171 0.520110 131.400000 -2.443966 1.621007
0.505852 0.519864 131.500000 -2.331307 0.626552
0.507394 0.519811 131.600000 -2.252357 0.948483
0.508883 0.519462 131.700000 -2.222183 -0.346508
0.510296 0.519628 131.800000 -2.178600 1.215983
0.511564 0.519348 131.900000 -2.090175 0.548098
0.512801 0.518966 132.000000 -2.071031 -0.166168
0.514020 0.518622 132.100000 -2.061277 0.360754
0.515260 0.518394 132.200000 -2.076132 -0.657105
0.516553 0.518002 132.300000 -2.110301 -0.024577
0.517740 0.518289 132.400000 -2.044349 1.340325
0.518752 0.518249 132.500000 -1.928813 0.964620
0.519642 0.518061 132.600000 -1.843758 0.732236
0.520462 0.517698 132.700000 -1.793557 0.269263
0.521317 0.517552 132.800000 -1.820363 -0.804046
0.522215 0.517174 132.900000 -1.851872 0.175456
0.523000 0.517573 133.000000 -1.770523 1.447458
0.523661 0.517260 133.100000 -1.675392 0.450404
0.524270 0.516923 133.200000 -1.634426 0.366869
0.524789 0.517000 133.300000 -1.560212 1.113701
0.525139 0.517998 133.400000 -1.407990 1.923109
0.525403 0.517637 133.500000 -1.325033 -0.268106
0.525656 0.517337 133.600000 -1.314281 0.482609
0.525857 0.517075 133.700000 -1.261097 0.578415
0.525987 0.517053 133.800000 -1.182595 0.987688
0.526043 0.516864 133.900000 -1.096706 0.725806
0.526118 0.516989 134.000000 -1.118938 -1.169333
0.526285 0.516944 134.100000 -1.225459 -0.955757
0.526527 0.516701 134.200000 -1.304383 -0.618780
0.526771 0.516427 134.300000 -1.308128 0.544063
0.526990 0.516043 134.400000 -1.281044 -0.003731
0.527183 0.515768 134.500000 -1.254102 0.541214
0.527319 0.515566 134.600000 -1.192028 0.697156
0.527375 0.515681 134.700000 -1.099015 1.158458
0.527395 0.515316 134.800000 -1.051805 -0.216616
0.527432 0.514957 134.900000 -1.074830 -0.242727
0.527453 0.514724 135.000000 -1.055222 0.633896
0.527395 0.515189 135.100000 -0.947632 1.512532
0.527314 0.515060 135.200000 -0.913132 -0.824255
0.527273 0.514726 135.300000 -0.972278 -0.355708
0.527278 0.514622 135.400000 -1.033469 -0.865051
0.527348 0.514454 135.500000 -1.114792 -0.757341
0.527426 0.514184 135.600000 -1.125512 0.543475
0.527506 0.513933 135.700000 -1.127745 -0.588036
0.527607 0.513557 135.800000 -1.153395 0.076329
0.527637 0.514203 135.900000 -1.065915 1.668888
0.527625 0.513944 136.000000 -1.010725 -0.567838
0.527575 0.514506 136.100000 -0.958971 1.600328
0.527464 0.514144 136.200000 -0.868584 0.202894
0.527331 0.513872 136.300000 -0.831662 0.533692
0.527186 0.513503 136.400000 -0.812067 -0.142759
0.527058 0.513183 136.500000 -0.838859 -0.391757
0.526962 0.512954 136.600000 -0.890192 -0.632330
0.526826 0.513936 136.700000 -0.825309 1.926745
0.526598 0.514342 136.800000 -0.655398 1.462991
0.526327 0.514066 136.900000 -0.555909 0.521809
0.526041 0.513710 137.000000 -0.518327 0.227942
0.525798 0.515252 137.100000 -0.621868 -2.293585
0.525661 0.515930 137.200000 -0.822066 -1.700352
0.525583 0.515560 137.300000 -0.913645 -0.126663
0.525477 0.515526 137.400000 -0.871486 0.967740
0.525318 0.515378 137.500000 -0.783368 0.790209
0.525142 0.515018 137.600000 -0.753453 -0.193391
0.524978 0.514660 137.700000 -0.773779 -0.212130
0.524822 0.514287 137.800000 -0.786404 -0.039728
0.524618 0.515107 137.900000 -0.697466 1.814042
0.524348 0.515188 138.000000 -0.550411 1.119699
0.524059 0.514820 138.100000 -0.500053 -0.115045
0.523763 0.514545 138.200000 -0.479815 0.518778
0.523430 0.515592 138.300000 -0.354475 1.981765
0.523066 0.515768 138.400000 -0.193400 1.231670
0.522699 0.515618 138.500000 -0.170997 -0.784718
0.522337 0.515250 138.600000 -0.204760 0.111152
0.521996 0.516705 138.700000 -0.312039 -2.251384
0.521692 0.516408 138.800000 -0.447740 -0.455848
0.521419 0.516593 138.900000 -0.532928 -1.243645
0.521177 0.516247 139.000000 -0.608746 -0.268931
0.520951 0.515928 139.100000 -0.641225 -0.379020
0.520721 0.515661 139.200000 -0.633347 0.536178
0.520476 0.515295 139.300000 -0.600788 0.113388
0.520204 0.515556 139.400000 -0.528661 1.325538
0.519905 0.515195 139.500000 -0.454737 0.149252
0.519600 0.514858 139.600000 -0.432319 0.297974
0.519295 0.514520 139.700000 -0.431980 -0.291200
0.518994 0.514152 139.800000 -0.444913 0.033187
0.518711 0.514154 139.900000 -0.494211 -1.016686
0.518430 0.514075 140.000000 -0.500169 0.897818
0.518137 0.513723 140.100000 -0.465334 -0.202862
0.517859 0.513473 140.200000 -0.504166 -0.571829
0.517566 0.513802 140.300000 -0.462805 1.396973
0.517236 0.514059 140.400000 -0.326524 1.321846
0.516891 0.513694 140.500000 -0.257352 0.058127
0.516545 0.513356 140.600000 -0.240753 0.273026
0.516197 0.512992 140.700000 -0.230321 -0.064902
0.515854 0.512719 140.800000 -0.258962 -0.506492
0.515516 0.512357 140.900000 -0.281481 0.057238
0.515189 0.512337 141.000000 -0.327913 -0.983551
0.514899 0.512947 141.100000 -0.460327 -1.658104
0.514669 0.513324 141.200000 -0.615923 -1.446052
0.514528 0.514528 141.300000 -0.793921 -2.105002
0.514454 0.514170 141.400000 -0.905604 -0.123061
0.514402 0.513905 141.500000 -0.938200 -0.527244
0.514425 0.514486 141.600000 -1.046623 -1.635782
0.514468 0.514571 141.700000 -1.072146 1.126584
0.514410 0.515235 141.800000 -0.930124 1.706759
0.514281 0.515000 141.900000 -0.814389 0.602153
0.514108 0.515025 142.000000 -0.731603 1.049427
0.513897 0.514742 142.100000 -0.655188 0.475055
0.513670 0.514405 142.200000 -0.618010 0.266644
0.513442 0.514062 142.300000 -0.615911 -0.224760
0.513235 0.513845 142.400000 -0.659288 -0.640622
0.512999 0.514755 142.500000 -0.595979 1.903640
0.512703 0.515167 142.600000 -0.426148 1.484501
0.512373 0.515415 142.700000 -0.285632 1.318793
0.512024 0.515460 142.800000 -0.165543 1.076976
0.511670 0.515100 142.900000 -0.113727 -0.043243
0.511325 0.515422 143.000000 -0.185931 -1.397222
0.510992 0.515067 143.100000 -0.261770 -0.115776
0.510650 0.515227 143.200000 -0.206428 1.219856
0.510295 0.516418 143.300000 -0.039586 2.108645
0.509940 0.516060 143.400000 0.062839 -0.065285
0.509587 0.515724 143.500000 0.072710 0.262222
0.509233 0.515590 143.600000 0.045549 -0.804089
0.508879 0.515259 143.700000 0.019295 0.280325
0.508526 0.514903 143.800000 0.037016 0.073218
0.508174 0.514555 143.900000 0.049077 0.167385
0.507822 0.514241 144.000000 0.039710 -0.354244
0.507470 0.513900 144.100000 0.032496 0.210310
0.507119 0.513572 144.200000 0.057191 0.282362
0.506769 0.513321 144.300000 0.043685 -0.551812
0.506418 0.513035 144.400000 -0.006329 -0.445953
0.506068 0.512769 144.500000 -0.003232 0.507729
0.505719 0.512503 144.600000 0.047594 0.506259
0.505371 0.512180 144.700000 0.058057 -0.297535
0.505023 0.511871 144.800000 0.061101 0.358265
0.504675 0.512700 144.900000 -0.013746 -1.851466
0.504330 0.512385 145.000000 -0.089869 0.332810
0.503989 0.512548 145.100000 -0.134563 -1.224444
0.503652 0.512268 145.200000 -0.172859 0.460426
0.503308 0.512709 145.300000 -0.073655 1.518702
0.502964 0.513062 145.400000 0.074278 1.432569
0.502634 0.513272 145.500000 0.210251 1.280077
0.502314 0.512920 145.600000 0.273756 -0.013137
0.501990 0.512673 145.700000 0.245427 -0.552026
0.501671 0.512670 145.800000 0.268290 1.008139
0.501374 0.512644 145.900000 0.367688 0.974850
0.501094 0.512324 146.000000 0.431614 0.300477
0.500829 0.512090 146.100000 0.475885 0.582722
0.500578 0.511763 146.200000 0.518184 0.261148
0.500349 0.511674 146.300000 0.575089 0.874097
0.500143 0.511336 146.400000 0.627958 0.180637
0.499958 0.511206 146.500000 0.677155 0.800844
0.499812 0.511057 146.600000 0.755640 0.764937
0.499717 0.511135 146.700000 0.850031 1.118166
0.499710 0.511709 146.800000 0.988578 1.645841
0.499765 0.511366 146.900000 1.077368 0.125533
0.499814 0.511044 147.000000 1.069929 -0.273942
0.499864 0.510725 147.100000 1.070608 0.287475
0.499951 0.510561 147.200000 1.121763 0.733066
0.499994 0.511513 147.300000 1.060432 -1.956619
0.499959 0.511197 147.400000 0.947312 -0.300117
0.499916 0.510851 147.500000 0.934461 0.043729
0.499862 0.510561 147.600000 0.916274 -0.406551
0.499772 0.510414 147.700000 0.857521 -0.765569
0.499696 0.510567 147.800000 0.880010 1.214216
0.499655 0.510225 147.900000 0.936283 -0.091564
0.499588 0.510054 148.000000 0.895727 -0.717526
0.499568 0.511295 148.100000 0.968398 2.167305
0.499627 0.510958 148.200000 1.084834 0.155603
0.499653 0.511024 148.300000 1.037354 -1.102838
0.499638 0.510684 148.400000 0.976599 -0.109217
0.499648 0.510590 148.500000 1.014351 0.862364
0.499658 0.510495 148.600000 1.014529 -0.858805
0.499617 0.510313 148.700000 0.936773 -0.692433
0.499544 0.510014 148.800000 0.883984 -0.360704
0.499482 0.509844 148.900000 0.901850 0.717126
0.499405 0.509995 149.000000 0.877065 -1.211577
0.499316 0.509877 149.100000 0.857374 0.818725
0.499237 0.509626 149.200000 0.872408 -0.518793
0.499104 0.509947 149.300000 0.775914 -1.406249
0.498941 0.509617 149.400000 0.714636 0.183752
0.498764 0.509477 149.500000 0.685006 -0.774870
0.498571 0.509137 149.600000 0.647263 0.021883
0.498389 0.508875 149.700000 0.672605 0.483687
0.498216 0.508540 149.800000 0.691241 -0.111892
0.498071 0.508726 149.900000 0.748551 1.255234
0.497949 0.508425 150.000000 0.794440 -0.339758
0.497823 0.508095 150.100000 0.785256 0.156532
0.497674 0.508124 150.200000 0.740462 -1.050167
0.497486 0.507924 150.300000 0.655517 -0.644487
0.497286 0.507589 150.400000 0.627464 0.084833
0.497069 0.507559 150.500000 0.583481 -0.962290
0.496839 0.507244 150.600000 0.547919 0.252820
0.496607 0.506947 150.700000 0.543247 -0.346029
0.496350 0.507071 150.800000 0.466865 -1.177786
0.496086 0.506887 150.900000 0.441822 0.678187
0.495821 0.506740 151.000000 0.437966 -0.755118
0.495550 0.506423 151.100000 0.411681 0.230719
0.495249 0.508580 151.200000 0.285596 -2.746102
0.494923 0.509671 151.300000 0.043760 -2.078530
0.494602 0.510125 151.400000 -0.137986 -1.547304
0.494297 0.509945 151.500000 -0.250112 -0.689618
0.493988 0.510000 151.600000 -0.230114 1.088578
0.493670 0.509762 151.700000 -0.148101 0.547591
0.493351 0.509452 151.800000 -0.134542 -0.277084
0.493045 0.510100 151.900000 -0.235068 -1.728413
0.492751 0.509806 152.000000 -0.303852 0.356163
0.492462 0.509711 152.100000 -0.328865 -0.855166
0.492197 0.509701 152.200000 -0.421563 -0.994166
0.491943 0.509391 152.300000 -0.457649 0.274249
0.491687 0.509062 152.400000 -0.449585 -0.113371
0.491432 0.508728 152.500000 -0.453283 0.039600
0.491170 0.508470 152.600000 -0.427430 0.476161
0.490876 0.509872 152.700000 -0.288134 2.302811
0.490568 0.509644 152.800000 -0.201136 -0.567218
0.490262 0.509338 152.900000 -0.215000 0.290633
0.489953 0.509054 153.000000 -0.181093 0.385824
0.489639 0.508784 153.100000 -0.139874 0.436494
0.489320 0.510020 153.200000 -0.008095 2.192501
0.489008 0.509910 153.300000 0.143185 0.825528
0.488702 0.509595 153.400000 0.196322 0.234549
0.488402 0.509381 153.500000 0.238115 0.599229
0.488115 0.509257 153.600000 0.308250 0.799960
0.487830 0.509082 153.700000 0.313618 -0.692871
0.487547 0.509009 153.800000 0.323500 0.890026
0.487277 0.508701 153.900000 0.381281 0.262704
0.487021 0.508532 154.000000 0.429839 0.706017
0.486770 0.508241 154.100000 0.447904 -0.345608
0.486511 0.507943 154.200000 0.415132 -0.308194
0.486246 0.507618 154.300000 0.393604 -0.121286
0.485973 0.507381 154.400000 0.360902 -0.531120
0.485689 0.507174 154.500000 0.303655 -0.610971
0.485409 0.507215 154.600000 0.326572 1.068181
0.485132 0.507165 154.700000 0.333585 -0.928277
0.484848 0.506868 154.800000 0.302401 0.306157
0.484576 0.506731 154.900000 0.356226 0.767649
0.484310 0.506439 155.000000 0.378323 -0.326809
0.484033 0.506223 155.100000 0.332583 -0.585708
0.483760 0.506103 155.200000 0.343291 0.799335
0.483483 0.506160 155.300000 0.328670 -1.091027
0.483189 0.506063 155.400000 0.231723 -0.843069
0.482891 0.505739 155.500000 0.192060 0.051805
0.482590 0.505477 155.600000 0.172567 -0.440704
0.482292 0.505338 155.700000 0.188586 0.760282
0.482002 0.505065 155.800000 0.246875 0.402593
0.481712 0.504798 155.900000 0.245953 -0.420983
0.481417 0.504541 156.000000 0.202035 -0.455180
0.481119 0.504218 156.100000 0.179787 0.011330
0.480821 0.503909 156.200000 0.170070 -0.205188
0.480519 0.503649 156.300000 0.137653 -0.441522
0.480215 0.503357 156.400000 0.100249 -0.304697
0.479919 0.504147 156.500000 0.178494 1.865677
0.479627 0.504276 156.600000 0.212475 -1.187740
0.479327 0.504000 156.700000 0.133978 -0.378280
0.479026 0.503679 156.800000 0.117664 0.052821
0.478730 0.503736 156.900000 0.174880 1.088638
0.478451 0.503735 157.000000 0.279654 1.001603
0.478183 0.503428 157.100000 0.340402 0.210306
0.477915 0.503135 157.200000 0.336300 -0.292127
0.477651 0.502959 157.300000 0.355288 0.670936
0.477391 0.502710 157.400000 0.365302 -0.471170
0.477123 0.502401 157.500000 0.332497 -0.183285
0.476853 0.502083 157.600000 0.321303 -0.040034
0.476578 0.501837 157.700000 0.295478 -0.475183
0.476297 0.501570 157.800000 0.251605 -0.400078
0.476004 0.501825 157.900000 0.164107 -1.345510
0.475705 0.501515 158.000000 0.088808 -0.156691
0.475413 0.502082 158.100000 0.164762 1.671967
0.475142 0.502186 158.200000 0.306436 1.154424
0.474871 0.502361 158.300000 0.301673 -1.249446
0.474588 0.502064 158.400000 0.226643 -0.247391
0.474310 0.502055 158.500000 0.263775 0.988162
0.474056 0.502234 158.600000 0.376126 1.253240
0.473841 0.502658 158.700000 0.515810 1.533468
0.473684 0.503096 158.800000 0.670287 1.548334
0.473568 0.502794 158.900000 0.758851 0.218526
0.473459 0.502481 159.000000 0.774692 0.097496
0.473350 0.502168 159.100000 0.775064 -0.090069
0.473204 0.502592 159.200000 0.693638 -1.534388
0.473015 0.502381 159.300000 0.587842 -0.576228
0.472832 0.502278 159.400000 0.600211 0.822989
0.472698 0.502722 159.500000 0.719487 1.556570
0.472622 0.502623 159.600000 0.839037 0.828449
0.472624 0.503445 159.700000 0.976121 1.906377
0.472735 0.503713 159.800000 1.140094 1.364879
0.472978 0.504747 159.900000 1.312647 2.077550
0.473306 0.504434 160.000000 1.412776 -0.079969
0.473690 0.504677 160.100000 1.475834 1.337963
0.474189 0.504707 160.200000 1.595604 1.051460
0.474713 0.504480 160.300000 1.621784 -0.529166
0.475192 0.504208 160.400000 1.576852 -0.367232
0.475680 0.503992 160.500000 1.586618 0.562066
0.476233 0.503853 160.600000 1.652355 0.749379
0.476781 0.503765 160.700000 1.647289 -0.850446
0.477326 0.503653 160.800000 1.645047 0.805730
0.477944 0.503457 160.900000 1.716177 0.613317
0.478554 0.503317 161.000000 1.709626 -0.744023
0.479173 0.503263 161.100000 1.718093 0.912937
0.479814 0.503022 161.200000 1.739902 -0.477832
0.480428 0.502710 161.300000 1.714948 -0.020008
0.481115 0.502990 161.400000 1.783217 1.381969
0.481907 0.502748 161.500000 1.876232 0.473684
0.482672 0.502692 161.600000 1.854518 -0.906868
0.483333 0.502651 161.700000 1.762207 -0.934747
0.484014 0.502857 161.800000 1.780186 1.293440
0.484684 0.503199 161.900000 1.772178 -1.453216
0.485224 0.503194 162.000000 1.649449 -0.995228
0.485693 0.502940 162.100000 1.578043 -0.429319
0.486167 0.502729 162.200000 1.584905 0.566210
0.486701 0.502544 162.300000 1.645142 0.635533
0.487308 0.502426 162.400000 1.716517 0.788398
0.487944 0.502134 162.500000 1.744300 -0.234138
0.488583 0.501854 162.600000 1.747804 0.304050
0.489227 0.501557 162.700000 1.753180 -0.196808
0.489858 0.501250 162.800000 1.741762 -0.030976
0.490528 0.501127 162.900000 1.779107 0.776012
0.491246 0.500823 163.000000 1.822887 0.097393
0.492014 0.500707 163.100000 1.867346 0.789564
0.492816 0.500409 163.200000 1.898641 -0.165233
0.493548 0.500436 163.300000 1.838021 -1.044127
0.494107 0.501564 163.400000 1.677146 -2.165341
0.494529 0.501356 163.500000 1.540111 -0.568494
0.494943 0.501093 163.600000 1.530498 0.376710
0.495344 0.500908 163.700000 1.517848 -0.629072
0.495689 0.500713 163.800000 1.456112 -0.602563
0.496007 0.500408 163.900000 1.427279 0.027332
0.496292 0.500299 164.000000 1.388435 -0.802270
0.496548 0.499998 164.100000 1.353792 0.111154
0.496780 0.499835 164.200000 1.325198 -0.681612
0.496956 0.499699 164.300000 1.253807 -0.742629
0.497181 0.500603 164.400000 1.316504 1.993434
0.497421 0.501082 164.500000 1.335920 -1.606090
0.497572 0.500920 164.600000 1.221199 -0.682589
0.497673 0.500756 164.700000 1.152946 -0.679057
0.497707 0.501006 164.800000 1.051165 -1.351477
0.497624 0.502819 164.900000 0.850929 -2.643231
0.497487 0.502549 165.000000 0.735332 0.337069
0.497339 0.502440 165.100000 0.712006 -0.802418
0.497152 0.502528 165.200000 0.614685 -1.139152
0.496940 0.502259 165.300000 0.540598 -0.338866
0.496712 0.502114 165.400000 0.487332 -0.723792
0.496454 0.502530 165.500000 0.373666 -1.543853
0.496167 0.503138 165.600000 0.209192 -1.737408
0.495871 0.502923 165.700000 0.094951 -0.541697
0.495573 0.502685 165.800000 0.044488 -0.465035
0.495276 0.502732 165.900000 0.075173 1.077189
0.494983 0.502435 166.000000 0.136028 0.136868
0.494697 0.502430 166.100000 0.192747 0.994687
0.494423 0.502324 166.200000 0.283097 0.807790
0.494169 0.502388 166.300000 0.378883 1.103142
0.493933 0.502121 166.400000 0.451208 0.339743
0.493677 0.503128 166.500000 0.363555 -2.088423
0.493398 0.502874 166.600000 0.238893 -0.398591
0.493125 0.502953 166.700000 0.275376 1.126424
0.492856 0.502791 166.800000 0.297705 -0.680944
0.492592 0.502920 166.900000 0.323652 1.198578
0.492347 0.502700 167.000000 0.409802 0.520121
0.492144 0.504005 167.100000 0.552022 2.317154
0.491996 0.503817 167.200000 0.699018 0.615419
0.491877 0.503660 167.300000 0.764728 0.695500
0.491800 0.503685 167.400000 0.851917 1.043921
0.491749 0.503384 167.500000 0.902702 -0.030763
0.491682 0.503196 167.600000 0.870519 -0.611276
0.491602 0.502898 167.700000 0.844640 0.094974
0.491549 0.502872 167.800000 0.897433 0.958247
0.491519 0.502577 167.900000 0.939636 -0.116282
0.491514 0.502560 168.000000 0.982607 0.973541
0.491572 0.502623 168.100000 1.086738 1.103878
0.491703 0.502624 168.200000 1.192384 1.003763
0.491945 0.503468 168.300000 1.341032 1.961754
0.492252 0.503209 168.400000 1.420980 -0.366783
0.492477 0.503707 168.500000 1.320461 -1.638568
0.492593 0.503903 168.600000 1.173605 -1.291221
0.492664 0.503605 168.700000 1.106644 -0.044645
0.492684 0.504041 168.800000 1.025481 -1.574562
0.492643 0.503822 168.900000 0.920523 -0.519353
0.492592 0.503530 169.000000 0.901399 0.137830
0.492507 0.503871 169.100000 0.834609 -1.470284
0.492382 0.503588 169.200000 0.749671 -0.224232
0.492252 0.503291 169.300000 0.738059 -0.007437
0.492129 0.503024 169.400000 0.753677 0.319016
0.491967 0.504160 169.500000 0.659190 -2.204023
0.491740 0.504759 169.600000 0.461279 -1.744301
0.491490 0.504465 169.700000 0.368486 -0.106920
0.491255 0.504662 169.800000 0.428083 1.295879
0.491039 0.504368 169.900000 0.497750 0.093988
0.490817 0.504143 170.000000 0.477794 -0.492123
0.490581 0.503977 170.100000 0.419732 -0.666208
0.490322 0.504271 170.200000 0.315273 -1.417757
0.490051 0.503978 170.300000 0.239455 -0.094806
0.489779 0.503684 170.400000 0.230802 -0.077826
0.489502 0.503545 170.500000 0.190307 -0.730052
0.489222 0.503258 170.600000 0.145527 -0.163291
0.488938 0.503250 170.700000 0.087711 -0.990144
0.488652 0.502981 170.800000 0.023495 -0.290975
0.488367 0.502899 170.900000 0.051601 0.851695
0.488094 0.504041 171.000000 0.205439 2.217376
0.487844 0.503849 171.100000 0.346192 0.590640
0.487612 0.503838 171.200000 0.425174 0.985059
0.487394 0.503545 171.300000 0.477330 0.055444
0.487171 0.503303 171.400000 0.459051 -0.420097
0.486933 0.503188 171.500000 0.398755 -0.782811
0.486685 0.502907 171.600000 0.349287 -0.204084
0.486427 0.502863 171.700000 0.292732 -0.924192
0.486163 0.502583 171.800000 0.256673 0.204815
0.485905 0.502367 171.900000 0.292655 0.513041
0.485646 0.502217 172.000000 0.283366 -0.698359
0.485380 0.501963 172.100000 0.230176 -0.362780
0.485116 0.501815 172.200000 0.247133 0.701061
0.484862 0.501596 172.300000 0.307287 0.499023
0.484621 0.501500 172.400000 0.373444 0.820810
0.484398 0.501335 172.500000 0.447573 0.658054
0.484161 0.502076 172.600000 0.385951 -1.887418
0.483905 0.501786 172.700000 0.291066 -0.005527
0.483651 0.501500 172.800000 0.297201 0.127919
0.483386 0.501874 172.900000 0.227653 -1.515394
0.483111 0.501750 173.000000 0.113654 -0.758892
0.482832 0.501777 173.100000 0.023176 -1.046150
0.482554 0.502349 173.200000 0.057348 1.727879
0.482286 0.502276 173.300000 0.187440 0.867454
0.482014 0.502809 173.400000 0.146250 -1.689182
0.481737 0.502872 173.500000 0.006119 -1.106426
0.481460 0.502595 173.600000 -0.038683 0.212618
0.481183 0.502309 173.700000 -0.023085 0.098570
0.480906 0.502020 173.800000 -0.017494 0.012963
0.480633 0.502637 173.900000 -0.105832 -1.775317
0.480364 0.502486 174.000000 -0.160144 0.691800
0.480095 0.502252 174.100000 -0.147334 -0.436237
0.479832 0.502133 174.200000 -0.207698 -0.768022
0.479574 0.501845 174.300000 -0.244956 0.024719
0.479322 0.501726 174.400000 -0.282176 -0.767260
0.479061 0.502609 174.500000 -0.219294 2.021770
0.478787 0.502992 174.600000 -0.041262 1.529964
0.478515 0.502873 174.700000 0.073992 0.769350
0.478245 0.502586 174.800000 0.112641 0.001706
0.477975 0.502299 174.900000 0.111568 -0.023125
0.477704 0.502081 175.000000 0.085656 -0.493807
0.477432 0.502200 175.100000 0.001189 -1.191319
0.477161 0.501939 175.200000 -0.073461 -0.297941
0.476894 0.501832 175.300000 -0.128157 -0.793245
0.476626 0.501855 175.400000 -0.115758 1.040588
0.476359 0.502127 175.500000 -0.133798 -1.400481
0.476110 0.502438 175.600000 -0.276566 -1.447729
0.475893 0.502997 175.700000 -0.435513 -1.723266
0.475697 0.502724 175.800000 -0.511031 0.216670
0.475492 0.502489 175.900000 -0.478990 0.422555
0.475274 0.502297 176.000000 -0.429073 0.573289
0.475051 0.502017 176.100000 -0.407099 -0.134908
0.474842 0.501998 176.200000 -0.462327 -0.966881
0.474689 0.503597 176.300000 -0.640020 -2.578098
0.474572 0.503478 176.400000 -0.730801 0.767016
0.474436 0.503200 176.500000 -0.684856 0.149585
0.474267 0.503688 176.600000 -0.594491 1.653189
0.474074 0.503404 176.700000 -0.514543 -0.058219
0.473893 0.503274 176.800000 -0.554470 -0.738333
0.473701 0.503578 176.900000 -0.519141 1.443163
0.473489 0.503296 177.000000 -0.441654 0.102693
0.473276 0.503013 177.100000 -0.439486 -0.059445
0.473059 0.502786 177.200000 -0.420135 0.445508
0.472833 0.502542 177.300000 -0.378954 0.376044
0.472618 0.502763 177.400000 -0.427143 -1.337411
0.472418 0.502491 177.500000 -0.484183 0.199462
0.472202 0.502487 177.600000 -0.424260 0.995996
0.471972 0.502248 177.700000 -0.354716 0.391405
0.471758 0.502912 177.800000 -0.427092 -1.835304
0.471593 0.503292 177.900000 -0.596051 -1.535414
0.471456 0.503010 178.000000 -0.675822 -0.056025
0.471268 0.505501 178.100000 -0.521053 3.143671
0.471029 0.505694 178.200000 -0.298101 1.304219
0.470772 0.505886 178.300000 -0.167476 1.301750
0.470510 0.505716 178.400000 -0.070322 0.636477
0.470248 0.505505 178.500000 -0.063835 -0.507061
0.469986 0.505247 178.600000 -0.074102 0.302227
0.469724 0.504966 178.700000 -0.055909 0.060716
0.469464 0.504855 178.800000 -0.092097 -0.782665
0.469210 0.504792 178.900000 -0.175717 -0.885543
0.468973 0.505138 179.000000 -0.295316 -1.500454
0.468747 0.504878 179.100000 -0.356675 0.276329
0.468522 0.504653 179.200000 -0.365485 -0.452075
0.468296 0.504499 179.300000 -0.354347 0.674276
0.468058 0.504342 179.400000 -0.287008 0.669128
0.467814 0.504069 179.500000 -0.245403 0.160883
0.467567 0.503838 179.600000 -0.216074 0.424244
0.467315 0.503656 179.700000 -0.164986 0.594953
0.467057 0.503547 179.800000 -0.095909 0.783128
0.466801 0.503621 179.900000 -0.113270 -1.129476
0.466555 0.503520 180.000000 -0.209999 -0.800266
0.466321 0.503541 180.100000 -0.302309 -1.041310
0.466106 0.503450 180.200000 -0.395805 -0.823952
0.465902 0.503177 180.300000 -0.444278 -0.143073
0.465706 0.502948 180.400000 -0.472802 -0.425977
0.465496 0.503314 180.500000 -0.417667 1.525919
0.465258 0.503678 180.600000 -0.264812 1.523535
0.465008 0.503464 180.700000 -0.164234 0.482999
0.464757 0.503194 180.800000 -0.148732 -0.173735
0.464506 0.502940 180.900000 -0.142800 0.292075
0.464253 0.502686 181.000000 -0.113371 0.295025
0.463997 0.503572 181.100000 0.004329 2.053098
0.463753 0.504415 181.200000 0.208315 2.016420
0.463525 0.504146 181.300000 0.318592 0.183618
0.463315 0.504502 181.400000 0.403774 1.515746
0.463117 0.504295 181.500000 0.454197 -0.509792
0.462909 0.504043 181.600000 0.413431 -0.303490
0.462684 0.504249 181.700000 0.331763 -1.325805
0.462440 0.504584 181.800000 0.190529 -1.491795
0.462190 0.504318 181.900000 0.126077 0.205974
0.461940 0.504081 182.000000 0.117417 -0.378744
0.461688 0.503845 182.100000 0.079066 -0.386352
0.461436 0.503600 182.200000 0.042741 -0.338343
0.461184 0.503440 182.300000 0.058371 0.650165
0.460935 0.503283 182.400000 0.123999 0.659110
0.460691 0.503043 182.500000 0.175116 0.360677
0.460451 0.502804 182.600000 0.211478 0.364753
0.460220 0.502729 182.700000 0.272621 0.855042
0.459998 0.502483 182.800000 0.331808 0.325748
0.459772 0.502415 182.900000 0.304572 -0.869112
0.459542 0.502164 183.000000 0.275855 0.296202
0.459309 0.502023 183.100000 0.255775 -0.696792
0.459069 0.501807 183.200000 0.197662 -0.462575
0.458822 0.501998 183.300000 0.109036 -1.305506
0.458572 0.502066 183.400000 -0.012525 -1.119643
0.458323 0.501798 183.500000 -0.061763 0.137361
0.458075 0.501595 183.600000 -0.080261 -0.506407
0.457829 0.501324 183.700000 -0.109966 -0.086198
0.457584 0.501053 183.800000 -0.109719 0.091117
0.457341 0.500946 183.900000 -0.144199 -0.778991
0.457102 0.500677 184.000000 -0.188370 -0.102212
0.456864 0.500407 184.100000 -0.189621 0.077242
0.456623 0.500181 184.200000 -0.165076 0.412445
0.456382 0.499928 184.300000 -0.157471 -0.260733
0.456138 0.500021 184.400000 -0.112446 1.158982
0.455895 0.500170 184.500000 -0.116729 -1.244429
0.455658 0.499919 184.600000 -0.192702 -0.271225
0.455422 0.499660 184.700000 -0.196118 0.203074
0.455182 0.499521 184.800000 -0.150925 0.698521
0.454936 0.500081 184.900000 -0.028110 1.751635
0.454690 0.499902 185.000000 0.030449 -0.583382
0.454445 0.499708 185.100000 -0.025243 -0.527672
0.454202 0.499610 185.200000 -0.091704 -0.798222
0.453962 0.499341 185.300000 -0.132166 -0.009007
0.453721 0.499091 185.400000 -0.119207 0.267546
0.453478 0.498926 185.500000 -0.074669 0.620991
0.453234 0.498657 185.600000 -0.042776 0.015263
0.452990 0.498546 185.700000 -0.003665 0.765008
0.452747 0.498279 185.800000 0.037232 0.050892
0.452506 0.498397 185.900000 0.099876 1.198843
0.452265 0.498927 186.000000 0.073593 -1.723179
0.452022 0.498666 186.100000 -0.020660 -0.157169
0.451779 0.498449 186.200000 -0.006775 0.434168
0.451537 0.498211 186.300000 0.031781 0.335027
0.451296 0.497995 186.400000 0.070391 0.435250
0.451061 0.498127 186.500000 0.153356 1.219894
0.450831 0.497860 186.600000 0.215080 0.011505
0.450598 0.497765 186.700000 0.175592 -0.799301
0.450364 0.497554 186.800000 0.158342 0.455176
0.450149 0.499027 186.900000 0.308994 2.550320
0.449967 0.498864 187.000000 0.468030 0.622448
0.449789 0.498615 187.100000 0.486315 -0.257656
0.449628 0.498867 187.200000 0.543223 1.392967
0.449518 0.499380 187.300000 0.698732 1.709448
0.449463 0.499349 187.400000 0.831460 0.938468
0.449451 0.499303 187.500000 0.924126 0.910228
0.449451 0.499086 187.600000 0.948308 -0.427806
0.449426 0.498909 187.700000 0.897911 -0.577602
0.449393 0.498653 187.800000 0.878470 0.189744
0.449362 0.498389 187.900000 0.884643 -0.066593
0.449340 0.498178 188.000000 0.903904 0.450855
0.449284 0.498913 188.100000 0.829254 -1.940129
0.449165 0.499024 188.200000 0.672399 -1.189120
0.449009 0.499117 188.300000 0.554582 -1.161331
0.448815 0.499619 188.400000 0.411130 -1.700548
0.448608 0.499381 188.500000 0.341651 0.314452
0.448390 0.499911 188.600000 0.270577 -1.732376
0.448163 0.499667 188.700000 0.197753 0.279533
0.447946 0.499902 188.800000 0.280600 1.373273
0.447744 0.499655 188.900000 0.362366 0.257941
0.447535 0.499702 189.000000 0.320879 -1.085601
0.447318 0.499449 189.100000 0.276733 0.204888
0.447107 0.499222 189.200000 0.305650 0.371998
0.446904 0.499070 189.300000 0.356919 0.650820
0.446709 0.498809 189.400000 0.393967 0.088288
0.446515 0.498546 189.500000 0.396511 -0.037521
0.446310 0.498608 189.600000 0.339004 -1.109748
0.446098 0.498366 189.700000 0.297343 0.278607
0.445885 0.498172 189.800000 0.285722 -0.510454
0.445660 0.498314 189.900000 0.198021 -1.239167
0.445430 0.498067 190.000000 0.123799 -0.241564
0.445199 0.497811 190.100000 0.103976 -0.153900
0.444975 0.498556 190.200000 0.194349 1.956843
0.444778 0.499024 190.300000 0.376017 1.667425
0.444622 0.499500 190.400000 0.543653 1.676913
0.444509 0.499479 190.500000 0.675728 0.957982
0.444439 0.499665 190.600000 0.789287 1.307526
0.444409 0.499474 190.700000 0.880871 0.519578
0.444404 0.499278 190.800000 0.931918 0.498794
0.444418 0.499036 190.900000 0.970862 0.278138
0.444455 0.498864 191.000000 1.014062 0.583703
0.444496 0.498649 191.100000 1.022507 -0.415213
0.444522 0.498392 191.200000 0.995730 -0.118998
0.444556 0.498167 191.300000 1.008393 0.371636
0.444589 0.497947 191.400000 1.007435 -0.390761
0.444579 0.498118 191.500000 0.923458 -1.284578
0.444531 0.497901 191.600000 0.838749 -0.405359
0.444484 0.497703 191.700000 0.842768 0.485528
0.444467 0.497622 191.800000 0.908598 0.827777
0.444492 0.497534 191.900000 0.990697 0.810109
0.444500 0.497791 192.000000 0.960692 -1.408704
0.444447 0.497946 192.100000 0.826838 -1.261684
0.444353 0.497829 192.200000 0.726597 -0.738135
0.444255 0.497633 192.300000 0.714221 0.491229
0.444156 0.497447 192.400000 0.712401 -0.527534
0.444047 0.497188 192.500000 0.685703 -0.005082
0.443920 0.497241 192.600000 0.630565 -1.094920
0.443761 0.497275 192.700000 0.522560 -1.059784
0.443587 0.497019 192.800000 0.465464 -0.079283
0.443391 0.497731 192.900000 0.364526 -1.934434
0.443177 0.497531 193.000000 0.243879 -0.472478
0.442954 0.497664 193.100000 0.158559 -1.229647
0.442726 0.497592 193.200000 0.054552 -0.845299
0.442497 0.497688 193.300000 -0.046424 -1.169175
0.442278 0.498181 193.400000 -0.190445 -1.704040
0.442074 0.498008 193.500000 -0.304421 -0.569775
0.441898 0.499142 193.600000 -0.449382 -2.322205
0.441749 0.498895 193.700000 -0.556086 0.193466
0.441597 0.498641 193.800000 -0.540213 0.123194
0.441452 0.498490 193.900000 -0.566222 -0.642077
0.441314 0.498238 194.000000 -0.591748 0.132850
0.441182 0.498025 194.100000 -0.605687 -0.410944
0.441070 0.497954 194.200000 -0.668841 -0.848968
0.440969 0.497712 194.300000 -0.699666 0.234006
0.440850 0.497612 194.400000 -0.648916 0.778455
0.440737 0.497670 194.500000 -0.665268 -1.104678
0.440630 0.497576 194.600000 -0.680808 0.794660
0.440509 0.497321 194.700000 -0.639348 0.032453
0.440393 0.497103 194.800000 -0.656783 -0.380283
0.440302 0.497088 194.900000 -0.724335 -0.967375
0.440236 0.496859 195.000000 -0.788740 -0.317509
0.440159 0.496799 195.100000 -0.760994 0.871048
0.440038 0.497164 195.200000 -0.639345 1.555853
0.439901 0.496970 195.300000 -0.585568 -0.483013
0.439800 0.497500 195.400000 -0.697562 -1.751249
0.439708 0.497657 195.500000 -0.721775 1.268185
0.439571 0.497967 195.600000 -0.583693 1.486552
0.439407 0.497757 195.700000 -0.488305 0.416448
0.439216 0.498660 195.800000 -0.360692 2.129418
0.439002 0.498703 195.900000 -0.199879 1.078801
0.438782 0.498516 196.000000 -0.119923 0.516340
0.438558 0.498667 196.100000 -0.030865 1.260364
0.438338 0.499006 196.200000 0.108823 1.526396
0.438127 0.498849 196.300000 0.216166 0.615104
0.437920 0.498599 196.400000 0.253590 0.131497
0.437711 0.498416 196.500000 0.233763 -0.527040
0.437496 0.498308 196.600000 0.169509 -0.754819
0.437282 0.498310 196.700000 0.181959 1.003183
0.437078 0.498161 196.800000 0.264282 0.639175
0.436883 0.497995 196.900000 0.325688 0.585867
0.436686 0.497945 197.000000 0.310233 -0.894194
0.436489 0.497919 197.100000 0.312803 0.945474
0.436313 0.498055 197.200000 0.422194 1.236876
0.436157 0.497847 197.300000 0.505226 0.419610
0.436010 0.497615 197.400000 0.540493 0.283967
0.435842 0.498290 197.500000 0.458803 -1.913691
0.435641 0.498770 197.600000 0.277594 -1.701428
0.435424 0.499144 197.700000 0.113461 -1.573014
0.435205 0.499444 197.800000 -0.039525 -1.479062
0.434989 0.499212 197.900000 -0.127806 -0.282135
0.434774 0.498981 198.000000 -0.127433 0.289570
0.434556 0.498788 198.100000 -0.088784 0.481479
0.434337 0.498790 198.200000 -0.014334 1.003793
0.434120 0.498714 198.300000 0.077792 0.834135
0.433902 0.498844 198.400000 0.057965 -1.229686
0.433683 0.498606 198.500000 0.007689 0.226670
0.433466 0.498396 198.600000 0.039278 0.403528
0.433250 0.498293 198.700000 0.098019 0.768360
0.433047 0.499206 198.800000 0.244341 2.150768
0.432879 0.499833 198.900000 0.445832 1.868978
0.432742 0.499639 199.000000 0.563407 0.476641
0.432608 0.499399 199.100000 0.576537 -0.214705
0.432471 0.499149 199.200000 0.566633 0.017129
0.432330 0.498929 199.300000 0.549900 -0.350960
0.432168 0.499129 199.400000 0.465143 -1.339929
0.431989 0.498893 199.500000 0.386214 -0.234708
0.431821 0.499055 199.600000 0.438729 1.282371
0.431683 0.499122 199.700000 0.559376 1.124545
0.431569 0.498926 199.800000 0.638935 0.462651
0.431487 0.499145 199.900000 0.730804 1.370144
0.431431 0.498896 200.000000 0.799997 0.010253
0.431370 0.498667 200.100000 0.786141 -0.286690
0.431309 0.498441 200.200000 0.786816 0.300160
0.431247 0.498229 200.300000 0.782528 -0.385692
0.431167 0.498041 200.400000 0.738481 -0.493049
0.431073 0.497830 200.500000 0.694477 -0.384836
0.430932 0.499258 200.600000 0.545157 -2.594090
0.430768 0.499125 200.700000 0.449274 0.681217
0.430625 0.499156 200.800000 0.536473 1.058402
0.430497 0.498907 200.900000 0.588472 -0.021029
0.430381 0.498825 201.000000 0.628296 0.815524
0.430259 0.498928 201.100000 0.609544 -1.189634
0.430104 0.499115 201.200000 0.483613 -1.322674
0.429925 0.499035 201.300000 0.376063 -0.822948
0.429738 0.498799 201.400000 0.324192 -0.211880
0.429557 0.498768 201.500000 0.360351 0.933236
0.429392 0.498635 201.600000 0.441195 0.679602
0.429212 0.499676 201.700000 0.360974 -2.279998
0.429019 0.499549 201.800000 0.281661 0.697692
0.428829 0.499327 201.900000 0.300441 -0.323028
0.428647 0.499524 202.000000 0.351415 1.339953
0.428487 0.499439 202.100000 0.459156 0.809499
0.428351 0.499481 202.200000 0.553927 1.081182
0.428249 0.499566 202.300000 0.666147 1.157609
0.428194 0.499829 202.400000 0.796198 1.436904
0.428223 0.500939 202.500000 0.985754 2.344727
0.428338 0.500912 202.600000 1.150600 0.943946
0.428494 0.500713 202.700000 1.220136 0.443304
0.428708 0.500975 202.800000 1.314357 1.436401
0.429034 0.501526 202.900000 1.476601 1.800371
0.429441 0.501310 203.000000 1.584577 0.353750
0.429821 0.501325 203.100000 1.550660 -1.030393
0.430155 0.501089 203.200000 1.488274 -0.214206
0.430505 0.500954 203.300000 1.511175 0.671087
0.430866 0.500739 203.400000 1.526954 -0.356301
0.431209 0.500497 203.500000 1.502404 -0.133480
0.431528 0.500315 203.600000 1.470199 -0.508999
0.431795 0.500293 203.700000 1.396872 -0.953882
0.431951 0.501527 203.800000 1.225938 -2.456253
0.432005 0.501667 203.900000 1.039897 -1.255270
0.432009 0.501557 204.000000 0.939631 -0.745027
0.431985 0.501385 204.100000 0.874822 -0.547926
0.431921 0.501635 204.200000 0.776023 -1.423096
0.431832 0.501390 204.300000 0.706560 0.037291
0.431762 0.501418 204.400000 0.761330 1.055378
0.431699 0.501309 204.500000 0.776728 -0.748196
0.431617 0.501081 204.600000 0.726063 -0.262561
0.431533 0.500844 204.700000 0.721867 0.178859
0.431476 0.500989 204.800000 0.794088 1.261937
0.431427 0.500946 204.900000 0.811706 -0.910458
0.431342 0.500915 205.000000 0.719220 -0.934627
0.431211 0.501712 205.100000 0.568762 -2.067007
0.431047 0.501553 205.200000 0.435435 -0.592872
0.430874 0.501337 205.300000 0.388583 -0.341816
0.430708 0.501361 205.400000 0.424045 1.049265
0.430546 0.501255 205.500000 0.438962 -0.751657
0.430386 0.501259 205.600000 0.451865 1.009056
0.430228 0.501186 205.700000 0.460395 -0.838872
0.430049 0.501414 205.800000 0.348527 -1.392893
0.429862 0.501229 205.900000 0.303416 0.492930
0.429694 0.501556 206.000000 0.404919 1.532051
0.429552 0.501506 206.100000 0.526508 0.893658
0.429428 0.501294 206.200000 0.589250 0.358034
0.429315 0.501079 206.300000 0.624037 0.335968
0.429209 0.500844 206.400000 0.650306 0.188108
0.429115 0.500665 206.500000 0.685362 0.511252
0.429033 0.500434 206.600000 0.721802 0.215721
0.428947 0.500250 206.700000 0.708196 -0.487155
0.428862 0.500085 206.800000 0.712167 0.566369
0.428761 0.500436 206.900000 0.662071 -1.565780
0.428611 0.501133 207.000000 0.484732 -1.972138
0.428435 0.500976 207.100000 0.356179 -0.592494
0.428271 0.501595 207.200000 0.421162 1.888910
0.428136 0.501443 207.300000 0.546420 0.609989
0.428009 0.501205 207.400000 0.571276 -0.114110
0.427888 0.501044 207.500000 0.594565 0.578728
0.427757 0.501202 207.600000 0.558988 -1.288506
0.427596 0.501310 207.700000 0.434010 -1.204805
0.427404 0.502778 207.800000 0.240009 -2.665499
0.427199 0.503583 207.900000 0.001806 -2.086657
0.426998 0.503422 208.000000 -0.131883 -0.580432
0.426807 0.503791 208.100000 -0.240916 -1.594790
0.426631 0.503630 208.200000 -0.350075 -0.582923
0.426486 0.504704 208.300000 -0.496654 -2.341333
0.426395 0.504989 208.400000 -0.688301 -1.482016
0.426339 0.504811 208.500000 -0.788608 -0.519114
0.426281 0.504676 208.600000 -0.781224 0.666419
0.426204 0.504477 208.700000 -0.726533 0.424678
0.426102 0.504480 208.800000 -0.654577 1.010846
0.425983 0.504245 208.900000 -0.596209 0.153597
0.425874 0.504167 209.000000 -0.629970 -0.827146
0.425756 0.504443 209.100000 -0.597681 1.471315
0.425601 0.504764 209.200000 -0.447076 1.533260
0.425438 0.504690 209.300000 -0.412105 -0.835584
0.425287 0.504468 209.400000 -0.468387 -0.287248
0.425142 0.504238 209.500000 -0.493343 -0.210620
0.425008 0.504099 209.600000 -0.536606 -0.652486
0.424898 0.504112 209.700000 -0.620989 -1.030947
0.424771 0.504952 209.800000 -0.565943 2.129109
0.424606 0.505090 209.900000 -0.396037 1.260527
0.424431 0.504850 210.000000 -0.336081 -0.064418
0.424253 0.504651 210.100000 -0.318511 0.414941
0.424065 0.504727 210.200000 -0.239910 1.153164
0.423870 0.504530 210.300000 -0.160964 0.421810
0.423672 0.504348 210.400000 -0.115074 0.493691
0.423471 0.504764 210.500000 -0.007037 1.661636
0.423271 0.504539 210.600000 0.063964 -0.245169
0.423071 0.504309 210.700000 0.061658 0.199182
0.422872 0.504085 210.800000 0.084294 0.252394
0.422672 0.503942 210.900000 0.065046 -0.636383
0.422472 0.503785 211.000000 0.003605 -0.589379
0.422273 0.503572 211.100000 -0.042252 -0.325468
0.422073 0.503335 211.200000 -0.054720 0.076745
0.421876 0.503392 211.300000 -0.106839 -1.116533
0.421691 0.503806 211.400000 -0.246090 -1.661508
0.421520 0.503594 211.500000 -0.345758 -0.326880
0.421349 0.503389 211.600000 -0.343219 0.377530
0.421168 0.503376 211.700000 -0.275438 0.974714
0.420978 0.503219 211.800000 -0.197362 0.582889
0.420782 0.503418 211.900000 -0.099972 1.360046
0.420584 0.503196 212.000000 -0.018693 0.261463
0.420386 0.503160 212.100000 -0.051851 -0.922958
0.420190 0.502949 212.200000 -0.081550 0.330456
0.419995 0.502911 212.300000 -0.111061 -0.919193
0.419806 0.502794 212.400000 -0.192950 -0.714486
0.419622 0.502564 212.500000 -0.236918 -0.162688
0.419434 0.502501 212.600000 -0.201967 0.859972
0.419243 0.502265 212.700000 -0.160103 -0.024798
0.419065 0.503394 212.800000 -0.282152 -2.410076
0.418912 0.503255 212.900000 -0.435266 -0.644553
0.418759 0.503153 213.000000 -0.429617 0.757266
0.418592 0.503041 213.100000 -0.355213 0.727090
0.418407 0.503771 213.200000 -0.217007 2.030119
0.418212 0.503679 213.300000 -0.076036 0.782254
0.418017 0.503533 213.400000 -0.005751 0.619924
0.417821 0.503473 213.500000 -0.018077 -0.865815
0.417626 0.503366 213.600000 -0.024293 0.741808
0.417430 0.503147 213.700000 0.026221 0.265945
0.417236 0.502914 213.800000 0.044149 0.091721
0.417042 0.502711 213.900000 0.067460 0.373323
0.416848 0.502481 214.000000 0.078911 -0.144882
0.416654 0.502379 214.100000 0.033898 -0.753110
0.416460 0.502147 214.200000 0.001501 0.106775
0.416266 0.501915 214.300000 0.011352 0.089760
0.416073 0.501957 214.400000 0.070422 1.088678
0.415882 0.501724 214.500000 0.123092 -0.037903
0.415691 0.501510 214.600000 0.106603 -0.291055
0.415500 0.501278 214.700000 0.096528 0.090063
0.415312 0.501356 214.800000 0.158972 1.155686
0.415134 0.501258 214.900000 0.255226 0.764594
0.414965 0.501089 215.000000 0.319775 0.523151
0.414801 0.500861 215.100000 0.353054 0.140766
0.414638 0.500632 215.200000 0.353891 -0.124062
0.414464 0.500754 215.300000 0.285703 -1.236306
0.414302 0.502232 215.400000 0.359837 2.715280
0.414184 0.502450 215.500000 0.565800 1.393682
0.414081 0.502240 215.600000 0.619830 -0.315772
0.413953 0.502595 215.700000 0.524137 -1.593305
0.413804 0.502376 215.800000 0.432391 -0.237024
0.413626 0.505223 215.900000 0.237659 -3.647881
0.413435 0.506125 216.000000 -0.056228 -2.215171
0.413249 0.505946 216.100000 -0.142873 0.486610
0.413060 0.505717 216.200000 -0.111041 0.148429
0.412872 0.505483 216.300000 -0.102729 0.017403
0.412686 0.505449 216.400000 -0.148372 -0.927973
0.412513 0.505741 216.500000 -0.270538 -1.509240
0.412358 0.505694 216.600000 -0.391221 -0.898394
0.412191 0.506736 216.700000 -0.318388 2.351416
0.412007 0.506623 216.800000 -0.164236 0.723903
0.411818 0.506766 216.900000 -0.063868 1.278446
0.411628 0.506549 217.000000 -0.012946 -0.262540
0.411439 0.506806 217.100000 0.047087 1.460195
0.411253 0.506579 217.200000 0.111903 -0.167121
0.411065 0.506497 217.300000 0.063008 -0.808337
0.410876 0.506430 217.400000 -0.020164 -0.850945
0.410690 0.506421 217.500000 -0.112295 -0.987067
0.410517 0.507060 217.600000 -0.259416 -1.948007
0.410361 0.506863 217.700000 -0.376849 -0.394779
0.410201 0.506825 217.800000 -0.350446 0.921529
0.410036 0.506612 217.900000 -0.318528 -0.284768
0.409880 0.506522 218.000000 -0.372383 -0.789630
0.409742 0.506567 218.100000 -0.467065 -1.099277
0.409652 0.507933 218.200000 -0.654555 -2.641164
0.409608 0.507702 218.300000 -0.790909 -0.079093
0.409541 0.507911 218.400000 -0.725190 1.390192
0.409464 0.507831 218.500000 -0.696396 -0.815758
0.409401 0.507600 218.600000 -0.735062 0.044375
0.409333 0.507374 218.700000 -0.724123 0.173850
0.409292 0.507755 218.800000 -0.797452 -1.636745
0.409342 0.509308 218.900000 -1.019643 -2.795979
0.409451 0.509119 219.000000 -1.137720 0.440343
0.409506 0.509557 219.100000 -1.029754 1.713576
0.409497 0.509655 219.200000 -0.883483 1.204546
0.409422 0.510792 219.300000 -0.700250 2.450954
0.409305 0.510616 219.400000 -0.552425 0.498153
0.409179 0.510400 219.500000 -0.514075 0.266913
0.409066 0.510596 219.600000 -0.569491 -1.372459
0.408958 0.510611 219.700000 -0.586049 1.042127
0.408853 0.510711 219.800000 -0.594405 -1.208815
0.408772 0.510539 219.900000 -0.680932 -0.517401
0.408698 0.510311 220.000000 -0.701025 0.116544
0.408602 0.510485 220.100000 -0.628106 1.338191
0.408459 0.511748 220.200000 -0.432428 2.565584
0.408281 0.512865 220.300000 -0.181573 2.438960
0.408096 0.512685 220.400000 -0.035239 0.480413
0.407912 0.512575 220.500000 -0.048029 -0.735579
0.407729 0.512345 220.600000 -0.090444 -0.110586
0.407545 0.512168 220.700000 -0.071263 0.493234
0.407361 0.512055 220.800000 -0.010333 0.722331
0.407177 0.511989 220.900000 -0.017105 -0.857437
0.406995 0.511863 221.000000 -0.094331 -0.683224
0.406811 0.512131 221.100000 -0.054067 1.486499
0.406628 0.511922 221.200000 0.035908 0.308488
0.406445 0.511691 221.300000 0.053354 0.039559
0.406262 0.511484 221.400000 0.038885 -0.328216
0.406078 0.511410 221.500000 -0.019319 -0.832953
0.405895 0.511417 221.600000 -0.009624 1.026371
0.405713 0.511288 221.700000 0.075550 0.672855
0.405531 0.512451 221.800000 -0.015347 -2.486244
0.405358 0.512686 221.900000 -0.212070 -1.438389
0.405204 0.512937 222.000000 -0.357493 -1.462793
0.405071 0.512817 222.100000 -0.466016 -0.702249
0.404954 0.512721 222.200000 -0.540009 -0.773907
0.404833 0.512796 222.300000 -0.520330 1.166509
0.404705 0.512632 222.400000 -0.489133 -0.544135
0.404598 0.512748 222.500000 -0.578671 -1.242139
0.404528 0.512890 222.600000 -0.705458 -1.287268
0.404472 0.512701 222.700000 -0.748493 0.428718
0.404422 0.512604 222.800000 -0.765500 -0.767999
0.404388 0.512375 222.900000 -0.808255 -0.084974
0.404329 0.512618 223.000000 -0.739705 1.452547
0.404274 0.513018 223.100000 -0.750882 -1.675532
0.404266 0.512963 223.200000 -0.879124 -0.882893
0.404280 0.512740 223.300000 -0.932475 -0.181455
0.404289 0.512547 223.400000 -0.921557 0.399258
0.404273 0.512471 223.500000 -0.859999 0.828835
0.404260 0.512441 223.600000 -0.865758 -0.943723
0.404283 0.512369 223.700000 -0.955090 -0.838454
0.404317 0.512166 223.800000 -0.979908 0.343333
0.404316 0.512332 223.900000 -0.896056 1.329504
0.404276 0.512216 224.000000 -0.793919 0.708143
0.404240 0.512169 224.100000 -0.803672 -0.902714
0.404243 0.512248 224.200000 -0.907774 -1.174118
0.404306 0.512553 224.300000 -1.044201 -1.547602
0.404401 0.512335 224.400000 -1.111166 0.211634
0.404480 0.512153 224.500000 -1.077784 0.454342
0.404568 0.512098 224.600000 -1.099208 -0.881754
0.404755 0.513590 224.700000 -1.282800 -2.780898
0.405072 0.513839 224.800000 -1.495604 -1.464537
0.405444 0.513616 224.900000 -1.576779 -0.154903
0.405836 0.513424 225.000000 -1.604831 -0.404737
0.406278 0.513402 225.100000 -1.673384 -0.962894
0.406753 0.513175 225.200000 -1.718517 0.062481
0.407208 0.512990 225.300000 -1.693217 0.442263
0.407625 0.512843 225.400000 -1.640935 0.600759
0.408093 0.513497 225.500000 -1.710804 -1.994638
0.408733 0.514411 225.600000 -1.924530 -2.269206
0.409505 0.514302 225.700000 -2.075015 -0.732957
0.410281 0.514166 225.800000 -2.079519 0.643093
0.411018 0.513946 225.900000 -2.037598 0.193236
0.411740 0.513722 226.000000 -2.021613 0.125657
0.412405 0.513785 226.100000 -1.957928 1.144861
0.413057 0.513719 226.200000 -1.943376 -0.854557
0.413742 0.513495 226.300000 -1.981351 0.096964
0.414425 0.513270 226.400000 -1.980827 -0.086501
0.415134 0.513099 226.500000 -2.010308 -0.501659
0.415920 0.513198 226.600000 -2.096409 -1.216045
0.416853 0.513722 226.700000 -2.249827 -1.844650
0.417922 0.513652 226.800000 -2.384486 -0.841799
0.419062 0.513480 226.900000 -2.451652 -0.498158
0.420166 0.513542 227.000000 -2.419344 1.142692
0.421253 0.513466 227.100000 -2.403502 -0.826637
0.422370 0.513251 227.200000 -2.433668 0.224831
0.423525 0.513218 227.300000 -2.469326 -0.936218
0.424739 0.512999 227.400000 -2.524405 -0.162597
0.426008 0.512923 227.500000 -2.573978 -0.826394
0.427310 0.512709 227.600000 -2.603964 0.228188
0.428615 0.512503 227.700000 -2.607177 -0.292301
0.429926 0.512283 227.800000 -2.614481 0.146594
0.431158 0.512394 227.900000 -2.545118 1.237189
0.432356 0.512258 228.000000 -2.514989 -0.636117
0.433588 0.512033 228.100000 -2.547336 -0.009194
0.434855 0.511895 228.200000 -2.579213 -0.626760
0.436130 0.511718 228.300000 -2.587438 0.462679
0.437330 0.511659 228.400000 -2.520739 0.867966
0.438419 0.511719 228.500000 -2.420169 1.138408
0.439475 0.511550 228.600000 -2.388206 -0.500760
0.440582 0.511380 228.700000 -2.438149 -0.495587
0.441677 0.511263 228.800000 -2.427974 0.698570
0.442793 0.511304 228.900000 -2.448110 -1.100291
0.443966 0.511081 229.000000 -2.502258 0.020055
0.445071 0.511184 229.100000 -2.439918 1.223616
0.446161 0.511165 229.200000 -2.426991 -0.965714
0.447233 0.511304 229.300000 -2.410773 1.289250
0.448173 0.511437 229.400000 -2.282122 1.277342
0.448990 0.511556 229.500000 -2.155277 1.253210
0.449740 0.511339 229.600000 -2.084305 0.162694
0.450450 0.511230 229.700000 -2.040078 0.719627
0.451056 0.511604 229.800000 -1.920969 1.656600
0.451616 0.511444 229.900000 -1.864750 -0.535031
0.452151 0.511507 230.000000 -1.834103 1.146436
0.452657 0.511327 230.100000 -1.798654 -0.439222
0.453216 0.511276 230.200000 -1.865202 -0.888405
0.453737 0.511765 230.300000 -1.819022 1.809698
0.454205 0.511587 230.400000 -1.750944 -0.451557
0.454664 0.511470 230.500000 -1.738781 0.694205
0.455073 0.511336 230.600000 -1.671982 0.638447
0.455500 0.511403 230.700000 -1.697735 -1.152232
0.455935 0.511363 230.800000 -1.709537 0.916800
0.456278 0.511757 230.900000 -1.579078 1.685856
0.456563 0.511536 231.000000 -1.492876 0.033866
0.456833 0.511349 231.100000 -1.471161 0.399338
0.457135 0.511540 231.200000 -1.520351 -1.380669
0.457497 0.511351 231.300000 -1.608927 -0.386413
0.457791 0.512373 231.400000 -1.508041 2.399085
0.457983 0.512315 231.500000 -1.344294 0.867668
0.458077 0.513719 231.600000 -1.163250 2.744152
0.458095 0.513564 231.700000 -0.997711 0.558355
0.458069 0.513851 231.800000 -0.892725 1.536104
0.457991 0.514078 231.900000 -0.743462 1.441702
0.457896 0.513888 232.000000 -0.690470 -0.384521
0.457789 0.513989 232.100000 -0.648469 1.222451
0.457666 0.513768 232.200000 -0.584900 0.045751
0.457544 0.513555 232.300000 -0.592179 -0.190977
0.457440 0.513569 232.400000 -0.654169 -1.045707
0.457351 0.513348 232.500000 -0.707742 -0.023089
0.457241 0.513562 232.600000 -0.637633 1.421776
0.457105 0.513455 232.700000 -0.529916 0.727166
0.456965 0.513260 232.800000 -0.510887 -0.347529
0.456849 0.513618 232.900000 -0.610544 -1.640633
0.456771 0.513597 233.000000 -0.741181 -0.965574
0.456731 0.513733 233.100000 -0.854174 -1.288636
0.456686 0.514081 233.200000 -0.837143 1.628408
0.456603 0.513942 233.300000 -0.724724 0.614348
0.456519 0.513796 233.400000 -0.723385 -0.587638
0.456442 0.513585 233.500000 -0.742522 0.205863
0.456362 0.513366 233.600000 -0.735192 -0.059642
0.456278 0.513168 233.700000 -0.722238 0.318079
0.456200 0.513036 233.800000 -0.738353 -0.639576
0.456140 0.512873 233.900000 -0.796028 -0.511032
0.456120 0.513220 234.000000 -0.903282 -1.628692
0.456139 0.513026 234.100000 -1.001987 -0.340481
0.456190 0.513049 234.200000 -1.072470 -1.065654
0.456285 0.512957 234.300000 -1.164530 -0.770931
0.456410 0.512780 234.400000 -1.225394 -0.443309
0.456560 0.512606 234.500000 -1.270379 -0.454137
0.456691 0.512658 234.600000 -1.236652 1.126988
0.456771 0.512611 234.700000 -1.135203 0.896921
0.456835 0.512406 234.800000 -1.102723 -0.248944
0.456871 0.512673 234.900000 -1.039474 1.510759
0.456857 0.512603 235.000000 -0.922007 0.832704
0.456791 0.513328 235.100000 -0.774684 2.106395
0.456682 0.513204 235.200000 -0.635736 0.665614
0.456549 0.513395 235.300000 -0.532816 1.387641
0.456396 0.513227 235.400000 -0.438817 0.487632
0.456249 0.513295 235.500000 -0.472483 -1.159258
0.456121 0.513130 235.600000 -0.555755 -0.502020
0.456009 0.513025 235.700000 -0.617426 -0.728322
0.455926 0.513221 235.800000 -0.723921 -1.396264
0.455890 0.513376 235.900000 -0.860365 -1.325780
0.455917 0.513885 236.000000 -1.019663 -1.852221
0.456028 0.514295 236.100000 -1.198824 -1.722037
0.456223 0.514479 236.200000 -1.354153 -1.376781
0.456482 0.514382 236.300000 -1.461016 -0.755132
0.456768 0.514168 236.400000 -1.505985 -0.142009
0.457053 0.513960 236.500000 -1.502961 0.202336
0.457345 0.513785 236.600000 -1.515363 -0.449755
0.457703 0.514078 236.700000 -1.615805 -1.554060
0.458157 0.514145 236.800000 -1.751815 -1.159337
0.458616 0.514159 236.900000 -1.757443 1.047054
0.459044 0.513954 237.000000 -1.716807 -0.236360
0.459473 0.513747 237.100000 -1.718301 0.206562
0.459853 0.513811 237.200000 -1.650099 1.154070
0.460193 0.513594 237.300000 -1.593024 -0.015424
0.460566 0.513561 237.400000 -1.640534 -0.932405
0.460988 0.513389 237.500000 -1.710263 -0.458697
0.461441 0.513210 237.600000 -1.754343 -0.420684
0.461985 0.513798 237.700000 -1.873381 -1.954124
0.462606 0.513582 237.800000 -1.969340 0.039729
0.463256 0.513479 237.900000 -2.004079 -0.732766
0.464007 0.513822 238.000000 -2.122607 -1.631869
0.464889 0.513907 238.100000 -2.264328 -1.195466
0.465792 0.513799 238.200000 -2.288327 0.716681
0.466716 0.513860 238.300000 -2.309925 -1.147545
0.467724 0.513712 238.400000 -2.396009 -0.569841
0.468792 0.513582 238.500000 -2.456495 -0.636855
0.469972 0.513826 238.600000 -2.562667 -1.481272
0.471170 0.513864 238.700000 -2.581870 1.098165
0.472322 0.513660 238.800000 -2.538585 -0.234620
0.473474 0.513454 238.900000 -2.539991 0.206561
0.474587 0.513296 239.000000 -2.503578 0.519877
0.475699 0.513139 239.100000 -2.503959 -0.527480
0.476838 0.512925 239.200000 -2.529991 0.008148
0.477845 0.514022 239.300000 -2.403967 2.506029
0.478709 0.513848 239.400000 -2.256296 0.439999
0.479580 0.513715 239.500000 -2.265569 -0.624989
0.480584 0.514420 239.600000 -2.402134 -2.099471
0.481719 0.514254 239.700000 -2.531350 -0.478398
0.482886 0.514042 239.800000 -2.561114 -0.115389
0.484164 0.514627 239.900000 -2.665077 -1.958678
0.485506 0.514552 240.000000 -2.722271 0.817658
0.486856 0.514544 240.100000 -2.731130 -0.994399
0.488254 0.514335 240.200000 -2.773104 0.157029
0.489602 0.514215 240.300000 -2.731496 0.673055
0.490930 0.514022 240.400000 -2.713869 -0.321412
0.492363 0.514291 240.500000 -2.806343 -1.523447
0.493881 0.514078 240.600000 -2.879918 0.055627
0.495372 0.513894 240.700000 -2.858230 0.377062
0.496810 0.513734 240.800000 -2.813941 0.506494
0.498205 0.513531 240.900000 -2.777681 0.216892
0.499607 0.513346 241.000000 -2.785439 -0.371658
0.500994 0.513214 241.100000 -2.772904 0.621738
0.502335 0.513006 241.200000 -2.733982 0.154754
0.503681 0.512807 241.300000 -2.739188 -0.258612
0.505084 0.512710 241.400000 -2.789567 -0.746452
0.506517 0.512506 241.500000 -2.816886 0.201441
0.507903 0.512365 241.600000 -2.777440 0.585496
0.509276 0.512184 241.700000 -2.767310 -0.383398
0.510685 0.511984 241.800000 -2.798561 -0.240064
0.512095 0.511779 241.900000 -2.801698 0.177477
0.513390 0.512275 242.000000 -2.700050 1.850400
0.514507 0.512463 242.100000 -2.537547 1.391535
0.515521 0.512326 242.200000 -2.437606 0.602297
0.516537 0.512208 242.300000 -2.441116 -0.672321
0.517615 0.512059 242.400000 -2.502308 -0.548464
0.518703 0.511871 242.500000 -2.512850 0.338156
0.519755 0.511686 242.600000 -2.478194 0.353233
0.520792 0.511477 242.700000 -2.464922 -0.088473
0.521776 0.511527 242.800000 -2.412941 1.125511
0.522720 0.511340 242.900000 -2.373375 -0.336181
0.523652 0.511200 243.000000 -2.361012 0.582820
0.524544 0.511000 243.100000 -2.320626 0.222891
0.525377 0.510997 243.200000 -2.259151 1.003532
0.526219 0.511084 243.300000 -2.269170 -1.203402
0.527191 0.511353 243.400000 -2.406022 -1.526803
0.528316 0.511586 243.500000 -2.556202 -1.469288
0.529540 0.511409 243.600000 -2.649784 -0.397678
0.530821 0.511287 243.700000 -2.702549 -0.654979
0.532179 0.511192 243.800000 -2.772835 -0.747231
0.533478 0.511642 243.900000 -2.720332 1.794677
0.534611 0.511737 244.000000 -2.569225 1.219900
0.535645 0.511623 244.100000 -2.473817 0.683492
0.536695 0.511622 244.200000 -2.490030 -1.006944
0.537825 0.511477 244.300000 -2.568626 -0.561051
0.539014 0.511330 244.400000 -2.624395 -0.551535
0.540191 0.511234 244.500000 -2.614626 0.746416
0.541261 0.511350 244.600000 -2.514022 1.260635
0.542167 0.511990 244.700000 -2.348665 2.038244
0.542926 0.512027 244.800000 -2.191449 1.098211
0.543576 0.512213 244.900000 -2.066705 1.390437
0.544172 0.512006 245.000000 -2.002451 -0.108575
0.544806 0.511927 245.100000 -2.047950 -0.799129
0.545510 0.511872 245.200000 -2.131520 -0.868093
0.546286 0.511784 245.300000 -2.213498 -0.767361
0.547170 0.512081 245.400000 -2.330936 -1.575525
0.548212 0.512424 245.500000 -2.492388 -1.645453
0.549392 0.512431 245.600000 -2.626526 -1.030599
0.550749 0.513189 245.700000 -2.787455 -2.179939
0.552341 0.513662 245.800000 -2.988455 -1.830004
0.554060 0.513465 245.900000 -3.092275 -0.241211
0.555748 0.513362 246.000000 -3.068182 0.721878
0.557398 0.513157 246.100000 -3.039152 -0.142748
0.559068 0.512957 246.200000 -3.056286 -0.199064
0.560726 0.512775 246.300000 -3.048185 0.360675
0.562350 0.512575 246.400000 -3.020602 0.189617
0.563976 0.512381 246.500000 -3.024410 -0.265589
0.565532 0.512578 246.600000 -2.966941 1.412092
0.567035 0.512432 246.700000 -2.923980 -0.555024
0.568617 0.512349 246.800000 -2.991091 -0.783840
0.570219 0.512180 246.900000 -3.008457 0.437389
0.571807 0.511984 247.000000 -2.998259 -0.233950
0.573428 0.511799 247.100000 -3.026601 -0.331469
0.575007 0.511803 247.200000 -2.992032 1.021129
0.576492 0.511649 247.300000 -2.915315 0.509371
0.577938 0.511446 247.400000 -2.883060 0.134109
0.579373 0.511240 247.500000 -2.874045 0.045744
0.580794 0.511039 247.600000 -2.863332 0.167977
0.582236 0.510894 247.700000 -2.882467 -0.549703
0.583681 0.510734 247.800000 -2.885835 0.482503
0.585107 0.510535 247.900000 -2.870827 -0.183089
0.586573 0.510385 248.000000 -2.906327 -0.525134
0.587992 0.510530 248.100000 -2.866546 1.318755
0.589312 0.510358 248.200000 -2.779876 0.410318
0.590679 0.510482 248.300000 -2.823475 -1.280128
0.592100 0.510299 248.400000 -2.871236 0.327312
0.593525 0.510127 248.500000 -2.875216 -0.406723
0.595014 0.510027 248.600000 -2.931915 -0.724413
0.596625 0.510170 248.700000 -3.034164 -1.315466
0.598354 0.510039 248.800000 -3.130569 -0.607816
0.600065 0.509991 248.900000 -3.116669 0.885130
0.601592 0.510649 249.000000 -2.968422 2.072387
0.602918 0.510832 249.100000 -2.794798 1.391419
0.604077 0.511172 249.200000 -2.642432 1.648274
0.605065 0.511502 249.300000 -2.477951 1.633131
0.605937 0.511412 249.400000 -2.358092 0.758063
0.606757 0.511230 249.500000 -2.303262 0.335780
0.607524 0.511158 249.600000 -2.245539 0.815795
0.608287 0.511066 249.700000 -2.242098 -0.747150
0.609140 0.511163 249.800000 -2.341140 -1.228721
0.610066 0.510977 249.900000 -2.418068 -0.306000
0.611023 0.510799 250.000000 -2.451337 -0.357723
0.612059 0.510895 250.100000 -2.530778 -1.227126
0.613230 0.511080 250.200000 -2.662170 -1.394132
0.614444 0.510943 250.300000 -2.702970 0.580159
0.615575 0.510926 250.400000 -2.625360 0.968176
0.616724 0.511082 250.500000 -2.644137 -1.342789
0.617946 0.510878 250.600000 -2.713160 -0.034213
0.619163 0.510677 250.700000 -2.709511 0.107011
0.620355 0.510498 250.800000 -2.686360 0.354851
0.621496 0.510357 250.900000 -2.640494 0.560167
0.622540 0.510502 251.000000 -2.546113 1.322738
0.623588 0.510710 251.100000 -2.551814 -1.436480
0.624644 0.510824 251.200000 -2.560540 1.262398
0.625630 0.510624 251.300000 -2.491035 0.124226
0.626574 0.510521 251.400000 -2.449255 0.709287
0.627411 0.510769 251.500000 -2.338188 1.506517
0.628133 0.510781 251.600000 -2.210555 1.039744
0.628831 0.510634 251.700000 -2.184993 -0.529772
0.629591 0.510582 251.800000 -2.255266 -0.872169
0.630400 0.510388 251.900000 -2.309834 -0.216469
0.631175 0.510363 252.000000 -2.273319 0.944937
0.631871 0.510297 252.100000 -2.184371 0.829583
0.632548 0.510130 252.200000 -2.163974 -0.422670
0.633210 0.510047 252.300000 -2.146374 0.773791
0.633821 0.509883 252.400000 -2.085538 0.439885
0.634447 0.509820 252.500000 -2.105502 -0.838170
0.635124 0.509644 252.600000 -2.165466 -0.358103
0.635826 0.509452 252.700000 -2.194707 -0.225255
0.636573 0.509385 252.800000 -2.247256 -0.823094
0.637271 0.509910 252.900000 -2.192393 1.917605
0.637850 0.509870 253.000000 -2.051005 0.903083
0.638363 0.509781 253.100000 -1.967888 0.755104
0.638840 0.509586 253.200000 -1.921323 0.173873
0.639287 0.509455 253.300000 -1.882691 0.596835
0.639687 0.509345 253.400000 -1.818718 0.679421
0.640076 0.509172 253.500000 -1.803446 -0.374736
0.640457 0.509041 253.600000 -1.792509 0.592921
0.640788 0.508979 253.700000 -1.720727 0.839126
0.641069 0.508864 253.800000 -1.645602 0.659622
0.641304 0.508780 253.900000 -1.574016 0.768513
0.641446 0.509721 254.000000 -1.414795 2.407947
0.641517 0.509532 254.100000 -1.281771 0.245892
0.641583 0.509332 254.200000 -1.272422 -0.059374
0.641639 0.509172 254.300000 -1.252791 0.450995
0.641674 0.509007 254.400000 -1.209098 0.420696
0.641658 0.509465 254.500000 -1.096253 1.830555
0.641582 0.509534 254.600000 -0.945836 1.170261
0.641474 0.509411 254.700000 -0.855821 0.625549
0.641347 0.509267 254.800000 -0.797574 0.536463
0.641198 0.509230 254.900000 -0.724984 0.911714
0.641027 0.509169 255.000000 -0.637179 0.840003
0.640830 0.509316 255.100000 -0.528385 1.330428
0.640611 0.509373 255.200000 -0.404356 1.143943
0.640382 0.509189 255.300000 -0.332911 0.281385
0.640154 0.509017 255.400000 -0.337310 -0.369134
0.639931 0.508844 255.500000 -0.374365 -0.370122
0.639706 0.508708 255.600000 -0.364579 0.565363
0.639480 0.508518 255.700000 -0.347013 -0.214926
0.639257 0.508331 255.800000 -0.370084 -0.245338
0.639040 0.508199 255.900000 -0.411653 -0.583971
0.638826 0.508010 256.000000 -0.429838 0.221190
0.638611 0.507812 256.100000 -0.416090 0.053083
0.638381 0.508351 256.200000 -0.316011 1.943492
0.638148 0.508458 256.300000 -0.281337 -1.251756
0.637922 0.508261 256.400000 -0.347344 -0.065082
0.637696 0.508079 256.500000 -0.336291 0.285598
0.637478 0.508279 256.600000 -0.393643 -1.429763
0.637282 0.508323 256.700000 -0.521186 -1.114721
0.637105 0.508172 256.800000 -0.601607 -0.489678
0.636953 0.508418 256.900000 -0.701887 -1.510919
0.636844 0.508591 257.000000 -0.846835 -1.380792
0.636778 0.508593 257.100000 -0.966881 -1.014132
0.636757 0.508675 257.200000 -1.077791 -1.198507
0.636791 0.508814 257.300000 -1.203824 -1.315857
0.636883 0.508828 257.400000 -1.322181 -1.045358
0.637004 0.508631 257.500000 -1.376508 -0.038472
0.637129 0.508438 257.600000 -1.386119 -0.153261
0.637240 0.508340 257.700000 -1.357993 0.714366
0.637369 0.508531 257.800000 -1.393133 -1.415404
0.637529 0.508350 257.900000 -1.449710 0.286695
0.637678 0.508156 258.000000 -1.429095 0.124573
0.637833 0.507987 258.100000 -1.441670 -0.375448
0.638009 0.507813 258.200000 -1.477702 -0.343392
0.638168 0.507785 258.300000 -1.448096 0.934033
0.638251 0.508290 258.400000 -1.305857 1.903637
0.638261 0.508346 258.500000 -1.153127 1.143329
0.638228 0.508305 258.600000 -1.050835 0.897387
0.638172 0.508119 258.700000 -0.994037 0.235738
0.638139 0.508278 258.800000 -1.050179 -1.355768
0.638126 0.508108 258.900000 -1.099464 0.372527
0.638091 0.508001 259.000000 -1.046821 0.677696
0.638015 0.508203 259.100000 -0.940843 1.436567
0.637893 0.508372 259.200000 -0.799860 1.376038
0.637753 0.508184 259.300000 -0.741033 -0.202429
0.637623 0.508038 259.400000 -0.776723 -0.509585
0.637488 0.507993 259.500000 -0.758049 0.882133
0.637320 0.508297 259.600000 -0.633062 1.611348
0.637120 0.508430 259.700000 -0.486741 1.307767
0.636910 0.508236 259.800000 -0.424918 -0.074397
0.636696 0.508089 259.900000 -0.403509 0.501490
0.636474 0.507979 260.000000 -0.344993 0.665905
0.636248 0.507786 260.100000 -0.306109 0.109832
0.636015 0.507759 260.200000 -0.253712 0.935506
0.635776 0.507781 260.300000 -0.153516 1.063398
0.635535 0.507621 260.400000 -0.121747 -0.429616
0.635302 0.508236 260.500000 -0.246267 -2.054548
0.635087 0.508128 260.600000 -0.382966 -0.672590
0.634892 0.508557 260.700000 -0.507072 -1.803338
0.634733 0.508668 260.800000 -0.660771 -1.262950
0.634601 0.508584 260.900000 -0.762222 -0.761005
0.634474 0.508420 261.000000 -0.780097 0.404393
0.634339 0.508235 261.100000 -0.748619 0.223601
0.634185 0.508275 261.200000 -0.681979 1.105875
0.634012 0.508123 261.300000 -0.602849 0.472756
0.633831 0.507940 261.400000 -0.567008 0.242284
0.633656 0.507852 261.500000 -0.592247 -0.745812
0.633490 0.507658 261.600000 -0.630762 -0.022559
0.633318 0.507505 261.700000 -0.608618 0.464338
0.633134 0.507416 261.800000 -0.548310 0.738805
0.632952 0.507410 261.900000 -0.561052 -0.993019
0.632778 0.507241 262.000000 -0.593005 0.355571
0.632614 0.507354 262.100000 -0.638727 -1.267737
0.632468 0.507161 262.200000 -0.704304 -0.040511
0.632300 0.507519 262.300000 -0.621062 1.701177
0.632107 0.507435 262.400000 -0.497848 0.756944
0.631897 0.507468 262.500000 -0.405233 1.090733
0.631672 0.507625 262.600000 -0.282525 1.357279
0.631436 0.507714 262.700000 -0.153519 1.216409
0.631204 0.508514 262.800000 -0.207127 -2.285906
0.630986 0.508342 262.900000 -0.338490 -0.334781
0.630765 0.508245 263.000000 -0.319740 0.708856
0.630543 0.508075 263.100000 -0.301829 -0.351545
0.630315 0.508333 263.200000 -0.242203 1.541094
0.630081 0.508140 263.300000 -0.166982 -0.040435
0.629850 0.508126 263.400000 -0.217553 -0.968472
0.629624 0.507947 263.500000 -0.252598 0.269324
0.629393 0.507806 263.600000 -0.212934 0.521989
0.629158 0.507918 263.700000 -0.123144 1.269307
0.628920 0.507747 263.800000 -0.042792 0.333725
0.628682 0.507621 263.900000 -0.055723 -0.591689
0.628445 0.507442 264.000000 -0.072259 0.261778
0.628207 0.507489 264.100000 -0.002818 1.123572
0.627970 0.507347 264.200000 0.027566 -0.517399
0.627733 0.507360 264.300000 -0.050470 -1.039430
0.627501 0.507525 264.400000 -0.171496 -1.375030
0.627280 0.507531 264.500000 -0.291604 -1.021126
0.627056 0.507737 264.600000 -0.270011 1.451901
0.626825 0.507631 264.700000 -0.163491 0.673178
0.626593 0.507545 264.800000 -0.167220 -0.747566
0.626368 0.507444 264.900000 -0.239482 -0.694070
0.626152 0.507467 265.000000 -0.327679 -1.065449
0.625951 0.507480 265.100000 -0.433254 -1.040780
0.625766 0.507380 265.200000 -0.520461 -0.698997
0.625604 0.507569 265.300000 -0.626665 -1.419783
0.625455 0.507410 265.400000 -0.677010 0.415407
0.625302 0.507222 265.500000 -0.661855 -0.113055
0.625154 0.507045 265.600000 -0.681150 -0.271881
0.624987 0.507503 265.700000 -0.601699 1.856923
0.624790 0.507576 265.800000 -0.449161 1.186210
0.624580 0.507425 265.900000 -0.366635 0.460183
0.624361 0.507451 266.000000 -0.289820 1.072279
0.624134 0.507349 266.100000 -0.201632 0.687069
0.623907 0.507205 266.200000 -0.192200 -0.498908
0.623679 0.507123 266.300000 -0.179135 0.759554
0.623446 0.507149 266.400000 -0.087163 1.075298
0.623213 0.507892 266.500000 0.078507 2.229815
0.622989 0.507755 266.600000 0.217010 0.533314
0.622771 0.507751 266.700000 0.293761 0.997870
0.622553 0.507817 266.800000 0.285150 -1.169653
0.622330 0.507627 266.900000 0.229053 0.050523
0.622103 0.507671 267.000000 0.175568 -1.117560
0.621871 0.507531 267.100000 0.093683 -0.516041
0.621640 0.507364 267.200000 0.085507 0.352936
0.621410 0.507175 267.300000 0.102019 -0.023521
0.621178 0.507023 267.400000 0.078273 -0.450228
0.620947 0.506835 267.500000 0.050817 -0.097515
0.620715 0.506653 267.600000 0.055491 0.190760
0.620490 0.507550 267.700000 0.185955 2.412009
0.620277 0.507372 267.800000 0.319586 0.253913
0.620076 0.507532 267.900000 0.400922 1.368754
0.619899 0.507706 268.000000 0.539446 1.394786
0.619740 0.507527 268.100000 0.621399 0.240182
0.619585 0.507342 268.200000 0.640866 0.148185
0.619441 0.507238 268.300000 0.682049 0.673420
0.619302 0.507062 268.400000 0.702382 -0.267771
0.619157 0.506885 268.500000 0.676301 -0.252547
0.619028 0.507109 268.600000 0.738210 1.487624
0.618937 0.507133 268.700000 0.866473 1.071229
0.618865 0.506945 268.800000 0.922803 0.052547
0.618804 0.506810 268.900000 0.952223 0.534385
0.618777 0.506941 269.000000 1.044770 1.311917
0.618791 0.506849 269.100000 1.146517 0.717943
0.618833 0.506712 269.200000 1.208787 0.524354
0.618917 0.506846 269.300000 1.301104 1.317357
0.619059 0.506834 269.400000 1.416040 0.975619
0.619289 0.507527 269.500000 1.574173 2.179136
0.619662 0.508370 269.600000 1.801625 2.358542
0.620225 0.509807 269.700000 2.068317 2.961955
0.621016 0.510875 269.800000 2.347309 2.603933
0.621969 0.510869 269.900000 2.527802 0.996912
0.623086 0.511745 270.000000 2.697973 2.397987
0.624379 0.511752 270.100000 2.869802 1.029998
0.625827 0.512173 270.200000 3.012539 1.817624
0.627369 0.511987 270.300000 3.097025 -0.132140
0.628847 0.511976 270.400000 3.041220 -0.981175
0.630243 0.511826 270.500000 2.968804 -0.463517
0.631536 0.512019 270.600000 2.873547 -1.436851
0.632650 0.512566 270.700000 2.701449 -1.996509
0.633698 0.512463 270.800000 2.635636 0.683533
0.634785 0.512276 270.900000 2.675208 0.105922
0.635898 0.512123 271.000000 2.702860 0.445735
0.636990 0.512069 271.100000 2.682427 -0.853358
0.637983 0.512138 271.200000 2.580385 -1.182396
0.638929 0.511957 271.300000 2.531787 0.212870
0.639947 0.512096 271.400000 2.609294 1.333390
0.641077 0.512071 271.500000 2.723400 0.943028
0.642252 0.511883 271.600000 2.769398 -0.025365
0.643414 0.511705 271.700000 2.756426 -0.233415
0.644516 0.511675 271.800000 2.698165 -0.928896
0.645521 0.511686 271.900000 2.599496 -1.039557
0.646497 0.511533 272.000000 2.569339 0.437938
0.647600 0.512232 272.100000 2.701418 2.197038
0.648891 0.512446 272.200000 2.885796 1.481300
0.650293 0.512319 272.300000 2.988878 0.575187
0.651731 0.512133 272.400000 3.023417 0.113849
0.653143 0.512006 272.500000 3.000365 -0.573723
0.654479 0.511938 272.600000 2.931010 -0.809904
0.655669 0.512440 272.700000 2.793180 -1.939809
0.656661 0.513024 272.800000 2.593102 -2.051758
0.657499 0.513132 272.900000 2.426477 -1.272409
0.658222 0.513285 273.000000 2.294382 -1.362889
0.658862 0.513171 273.100000 2.194037 -0.638989
0.659532 0.513344 273.200000 2.232351 1.403356
0.660365 0.514208 273.300000 2.422902 2.398132
0.661292 0.514035 273.400000 2.528626 -0.288928
0.662138 0.514248 273.500000 2.439973 -1.479705
0.662898 0.514105 273.600000 2.340791 -0.498971
0.663673 0.514065 273.700000 2.360876 0.899668
0.664482 0.513881 273.800000 2.399072 -0.137658
0.665257 0.513761 273.900000 2.361766 -0.606595
0.665975 0.513668 274.000000 2.295235 -0.720706
0.666651 0.513495 274.100000 2.244922 -0.283045
0.667212 0.514556 274.200000 2.099564 -2.616839
0.667697 0.514439 274.300000 1.999534 0.621243
0.668173 0.514393 274.400000 1.986446 -0.882345
0.668573 0.514489 274.500000 1.879724 -1.246771
0.668922 0.514314 274.600000 1.804231 -0.259308
0.669278 0.514166 274.700000 1.814501 0.464194
0.669599 0.514399 274.800000 1.761602 -1.519528
0.669879 0.514222 274.900000 1.697297 0.236645
0.670203 0.514279 275.000000 1.767250 1.158925
0.670581 0.514135 275.100000 1.849586 0.483661
0.671040 0.514571 275.200000 1.966679 1.852354
0.671556 0.514398 275.300000 2.046094 -0.268036
0.672086 0.514283 275.400000 2.064223 0.629711
0.672677 0.514273 275.500000 2.145239 0.986563
0.673283 0.514150 275.600000 2.165009 -0.592159
0.673855 0.513976 275.700000 2.122020 -0.265459
0.674408 0.513799 275.800000 2.097614 -0.221439
0.674955 0.513613 275.900000 2.089543 0.060420
0.675500 0.513428 276.000000 2.088573 -0.079774
0.676047 0.513245 276.100000 2.090316 0.114542
0.676615 0.513098 276.200000 2.119272 0.463124
0.677171 0.513019 276.300000 2.103968 -0.768438
0.677722 0.512907 276.400000 2.097398 0.637367
0.678218 0.513507 276.500000 2.024857 -2.084544
0.678613 0.513420 276.600000 1.883298 -0.739572
0.679011 0.513354 276.700000 1.886988 0.813203
0.679502 0.513755 276.800000 2.018023 1.800943
0.680075 0.513604 276.900000 2.130162 0.436227
0.680648 0.513454 277.000000 2.129629 -0.446870
0.681172 0.513394 277.100000 2.065508 -0.832346
0.681622 0.513468 277.200000 1.963658 -1.199556
0.682011 0.513332 277.300000 1.877374 -0.521806
0.682357 0.513257 277.400000 1.812102 -0.780370
0.682680 0.513073 277.500000 1.777058 0.081247
0.682971 0.513103 277.600000 1.726480 -1.090283
0.683197 0.513115 277.700000 1.619361 -1.046747
0.683399 0.512939 277.800000 1.577883 0.219264
0.683581 0.512912 277.900000 1.541900 -0.937117
0.683741 0.512732 278.000000 1.502526 0.151608
0.683926 0.512647 278.100000 1.547317 0.741959
0.684129 0.512464 278.200000 1.580294 -0.084054
0.684345 0.512337 278.300000 1.604441 0.565787
0.684595 0.512210 278.400000 1.660972 0.561991
0.684855 0.512034 278.500000 1.678520 -0.211890
0.685179 0.512780 278.600000 1.781995 2.276205
0.685563 0.512628 278.700000 1.874879 -0.423166
0.685935 0.512445 278.800000 1.855319 0.032952
0.686281 0.512374 278.900000 1.817223 -0.792974
0.686632 0.512358 279.000000 1.825936 0.966787
0.686966 0.512570 279.100000 1.799831 -1.487565
0.687263 0.512405 279.200000 1.741223 0.318327
0.687587 0.512277 279.300000 1.785065 0.556326
0.687924 0.512098 279.400000 1.805146 -0.155726
0.688207 0.512338 279.500000 1.720224 -1.538455
0.688422 0.512258 279.600000 1.605063 -0.759020
0.688613 0.512076 279.700000 1.563772 -0.064735
0.688809 0.511903 279.800000 1.572594 0.240738
0.689030 0.511801 279.900000 1.618446 0.674009
0.689278 0.511627 280.000000 1.663247 0.219781
0.689498 0.511695 280.100000 1.614857 -1.185175
0.689670 0.511554 280.200000 1.531287 -0.482028
0.689828 0.511372 280.300000 1.505163 -0.039157
0.689963 0.511307 280.400000 1.462487 -0.812227
0.690065 0.511168 280.500000 1.397025 -0.493744
0.690122 0.511323 280.600000 1.303379 -1.374494
0.690108 0.511764 280.700000 1.140736 -1.870221
0.690037 0.511808 280.800000 0.990433 -1.128332
0.689960 0.511738 280.900000 0.973617 0.792850
0.689885 0.511634 281.000000 0.980157 -0.662373
0.689800 0.511452 281.100000 0.947721 0.015271
0.689728 0.511389 281.200000 0.989498 0.818187
0.689658 0.511322 281.300000 0.990210 -0.803986
0.689538 0.511972 281.400000 0.841423 -2.164318
0.689398 0.511883 281.500000 0.769044 0.720360
0.689267 0.511704 281.600000 0.798658 -0.129556
0.689129 0.511541 281.700000 0.776164 -0.319210
0.688971 0.511623 281.800000 0.699024 -1.219722
0.688789 0.511605 281.900000 0.589805 -0.959206
0.688592 0.511462 282.000000 0.518163 -0.470057
0.688376 0.511995 282.100000 0.393971 -2.007563
0.688148 0.511815 282.200000 0.297665 0.086261
0.687918 0.511667 282.300000 0.280400 -0.430695
0.687681 0.511749 282.400000 0.197635 -1.220482
0.687441 0.511569 282.500000 0.138180 0.034367
0.687201 0.511397 282.600000 0.128191 -0.233653
0.686958 0.511618 282.700000 0.040907 -1.507667
0.686715 0.511580 282.800000 0.010297 0.897001
0.686476 0.511764 282.900000 0.127279 1.436793
0.686247 0.512059 283.000000 0.281567 1.641251
0.686033 0.511955 283.100000 0.396889 0.659428
0.685822 0.511779 283.200000 0.421096 -0.176503
0.685613 0.511623 283.300000 0.430940 0.372882
0.685424 0.512181 283.400000 0.552168 2.045634
0.685252 0.512052 283.500000 0.627441 -0.543938
0.685078 0.511894 283.600000 0.618102 0.357617
0.684901 0.511784 283.700000 0.604353 -0.631912
0.684726 0.511720 283.800000 0.613410 0.812606
0.684567 0.511598 283.900000 0.682758 0.570884
0.684415 0.511418 284.000000 0.710918 -0.009087
0.684272 0.511333 284.100000 0.747343 0.735756
0.684132 0.511217 284.200000 0.754053 -0.601893
0.683997 0.511231 284.300000 0.776492 1.049556
0.683884 0.511086 284.400000 0.851475 0.446343
0.683785 0.510937 284.500000 0.894822 0.418447
0.683683 0.510814 284.600000 0.887379 -0.566940
0.683580 0.510677 284.700000 0.883424 0.488026
0.683479 0.510520 284.800000 0.889703 -0.362755
0.683386 0.510479 284.900000 0.915847 0.884331
0.683295 0.510399 285.000000 0.922382 -0.753950
0.683203 0.510285 285.100000 0.915089 0.608451
0.683123 0.510114 285.200000 0.956338 0.214462
0.683041 0.509969 285.300000 0.945099 -0.438668
0.682938 0.509897 285.400000 0.884026 -0.779741
0.682830 0.509748 285.500000 0.865440 0.408952
0.682720 0.509622 285.600000 0.858454 -0.548336
0.682599 0.509453 285.700000 0.819591 -0.226985
0.682479 0.509294 285.800000 0.824716 0.329234
0.682381 0.509330 285.900000 0.896792 1.108687
0.682285 0.509324 286.000000 0.902639 -0.992035
0.682170 0.509154 286.100000 0.842459 -0.208555
0.682053 0.508976 286.200000 0.830398 -0.032074
0.681946 0.508910 286.300000 0.868883 0.799866
0.681842 0.508806 286.400000 0.876571 -0.646497
0.681709 0.508960 286.500000 0.775072 -1.378403
0.681564 0.508820 286.600000 0.729238 0.464016
0.681442 0.508904 286.700000 0.813920 1.225383
0.681318 0.509067 286.800000 0.805304 -1.397279
0.681156 0.509265 286.900000 0.661701 -1.467599
0.680981 0.509093 287.000000 0.597134 0.179487
0.680831 0.509610 287.100000 0.706216 1.996711
0.680726 0.509710 287.200000 0.869587 1.262531
0.680667 0.509962 287.300000 1.011636 1.571355
0.680694 0.511190 287.400000 1.232870 2.842260
0.680791 0.511017 287.500000 1.383687 0.166529
0.680887 0.510844 287.600000 1.383773 -0.164801
0.680972 0.510680 287.700000 1.361346 -0.282623
0.681053 0.510504 287.800000 1.351651 0.089199
0.681134 0.510328 287.900000 1.352302 -0.076196
0.681174 0.510653 288.000000 1.263239 -1.700614
0.681174 0.510484 288.100000 1.166778 -0.223784
0.681168 0.510308 288.200000 1.151276 -0.085479
0.681165 0.510141 288.300000 1.158933 0.238233
0.681179 0.510031 288.400000 1.201963 0.620219
0.681216 0.509892 288.500000 1.256511 0.468015
0.681293 0.509988 288.600000 1.342788 1.253198
0.681405 0.509824 288.700000 1.419171 0.270658
0.681568 0.510137 288.800000 1.517083 1.682668
0.681765 0.509988 288.900000 1.581393 -0.399682
0.681967 0.509877 289.000000 1.592108 0.613464
0.682137 0.510269 289.100000 1.531967 -1.813284
0.682248 0.510138 289.200000 1.415420 -0.511831
0.682367 0.510094 289.300000 1.433643 0.875386
0.682518 0.509942 289.400000 1.496268 0.373977
0.682679 0.509766 289.500000 1.516099 0.021645
0.682830 0.509619 289.600000 1.496881 -0.405031
0.682993 0.509574 289.700000 1.520335 0.872931
0.683151 0.509602 289.800000 1.509700 -1.085098
0.683292 0.509464 289.900000 1.478883 0.470288
0.683413 0.509579 290.000000 1.437302 -1.299816
0.683493 0.509427 290.100000 1.353658 -0.368881
0.683571 0.509265 290.200000 1.348766 0.271274
0.683691 0.509458 290.300000 1.435681 1.462694
0.683877 0.509504 290.400000 1.565968 1.136523
0.684100 0.509334 290.500000 1.631316 0.167173
0.684352 0.509291 290.600000 1.683677 0.877419
0.684626 0.509119 290.700000 1.720584 -0.141121
0.684861 0.509176 290.800000 1.655352 -1.160246
0.685068 0.509004 290.900000 1.603705 0.129876
0.685254 0.508956 291.000000 1.567086 -0.860422
0.685457 0.509152 291.100000 1.597649 1.470156
0.685699 0.508979 291.200000 1.666753 -0.091533
0.685935 0.508806 291.300000 1.657630 -0.090465
0.686179 0.508653 291.400000 1.671018 0.357548
0.686475 0.508826 291.500000 1.760241 1.422457
0.686837 0.508741 291.600000 1.867722 0.721787
0.687258 0.508755 291.700000 1.956536 1.050042
0.687718 0.508583 291.800000 2.014596 0.108263
0.688207 0.508504 291.900000 2.057347 0.744628
0.688718 0.508332 292.000000 2.088213 -0.128853
0.689226 0.508159 292.100000 2.085270 0.070132
0.689753 0.508023 292.200000 2.112286 0.468847
0.690236 0.508361 292.300000 2.049074 -1.729926
0.690629 0.508315 292.400000 1.919009 -0.864889
0.691033 0.508377 292.500000 1.934552 1.174977
0.691458 0.508249 292.600000 1.967495 -0.517755
0.691805 0.508662 292.700000 1.848680 -1.852605
0.692010 0.509988 292.800000 1.607252 -2.963881
0.692072 0.511068 292.900000 1.322812 -2.710706
0.692072 0.510903 293.000000 1.174781 -0.242505
0.692099 0.511167 293.100000 1.242950 1.602468
0.692190 0.511244 293.200000 1.384103 1.213529
0.692320 0.511099 293.300000 1.465865 0.417633
0.692417 0.511449 293.400000 1.398869 -1.754200
0.692463 0.511316 293.500000 1.286415 -0.489260
0.692476 0.511339 293.600000 1.207921 -1.076701
0.692446 0.511367 293.700000 1.099380 -1.088696
0.692373 0.511506 293.800000 0.976796 -1.356855
0.692277 0.511332 293.900000 0.906997 -0.035619
0.692171 0.511234 294.000000 0.871829 -0.666001
0.692041 0.511244 294.100000 0.786338 -1.039536
0.691910 0.511240 294.200000 0.784402 1.000918
0.691804 0.511158 294.300000 0.871301 0.732722
0.691724 0.511128 294.400000 0.954228 0.921663
0.691658 0.510955 294.500000 0.999124 -0.025990
0.691607 0.510892 294.600000 1.038180 0.805155
0.691547 0.510992 294.700000 1.014882 -1.269935
0.691464 0.510820 294.800000 0.946893 -0.086446
0.691381 0.510647 294.900000 0.943908 0.026892
0.691307 0.510530 295.000000 0.974133 0.576092
0.691230 0.510473 295.100000 0.961508 -0.827965
0.691120 0.510570 295.200000 0.856749 -1.261970
0.690997 0.510418 295.300000 0.811064 0.350554
0.690875 0.510266 295.400000 0.811058 -0.350682
0.690756 0.510162 295.500000 0.825324 0.635287
0.690637 0.510065 295.600000 0.823600 -0.669674
0.690507 0.509898 295.700000 0.780886 -0.182484
0.690369 0.509759 295.800000 0.749411 -0.445430
0.690226 0.509588 295.900000 0.730870 0.075537
0.690083 0.509416 296.000000 0.732871 -0.035611
0.689944 0.509259 296.100000 0.745871 0.294948
0.689807 0.509092 296.200000 0.751708 -0.178486
0.689671 0.508935 296.300000 0.757452 0.293063
0.689547 0.508836 296.400000 0.805045 0.656432
0.689435 0.508667 296.500000 0.844566 0.132004
0.689338 0.508641 296.600000 0.897680 0.927611
0.689294 0.509298 296.700000 1.055345 2.217815
0.689289 0.509128 296.800000 1.162599 -0.078097
0.689288 0.508966 296.900000 1.170535 0.236419
0.689301 0.508834 297.000000 1.206713 0.485322
0.689336 0.508718 297.100000 1.259694 0.571657
0.689402 0.508670 297.200000 1.331215 0.855183
0.689470 0.508599 297.300000 1.335313 -0.773423
0.689538 0.508525 297.400000 1.334633 0.759852
0.689633 0.508386 297.500000 1.394299 0.430480
0.689748 0.508244 297.600000 1.436912 0.419656
0.689888 0.508138 297.700000 1.488855 0.616598
0.690023 0.508092 297.800000 1.476503 -0.863012
0.690099 0.508325 297.900000 1.355556 -1.549889
0.690164 0.508325 298.000000 1.328479 1.009708
0.690246 0.508165 298.100000 1.366689 -0.247419
0.690310 0.508040 298.200000 1.328085 -0.522724
0.690366 0.507875 298.300000 1.310217 0.166265
0.690433 0.507719 298.400000 1.333221 0.292655
0.690508 0.507551 298.500000 1.353608 0.114073
0.690566 0.507517 298.600000 1.314092 -0.902416
0.690596 0.507371 298.700000 1.249927 -0.377679
0.690595 0.507429 298.800000 1.172590 -1.165192
0.690570 0.507261 298.900000 1.108639 -0.110636
0.690554 0.507154 299.000000 1.133688 0.610361
0.690549 0.506984 299.100000 1.162649 -0.032590
0.690541 0.506817 299.200000 1.155556 -0.108912
0.690561 0.507016 299.300000 1.224519 1.484726
0.690607 0.506858 299.400000 1.285801 -0.262158
0.690610 0.507217 299.500000 1.183458 -1.779575
0.690575 0.507058 299.600000 1.082250 -0.239521
0.690529 0.506914 299.700000 1.050568 -0.392540
0.690469 0.506773 299.800000 1.010637 -0.404093
0.690428 0.506980 299.900000 1.065736 1.503324
0.690444 0.507178 300.000000 1.215490 1.484265
0.690492 0.507010 300.100000 1.292727 0.056618
0.690563 0.506997 300.200000 1.344037 0.967024
0.690702 0.507453 300.300000 1.489614 1.937235
0.690894 0.507285 300.400000 1.590941 0.084243
0.691142 0.507771 300.500000 1.694639 1.984520
0.691451 0.507606 300.600000 1.800909 0.135574
0.691770 0.507443 300.700000 1.817399 0.193393
0.692058 0.507524 300.800000 1.765676 -1.225254
0.692353 0.507702 300.900000 1.776644 1.444055
0.692662 0.507680 301.000000 1.801793 -0.942331
0.692954 0.507537 301.100000 1.774200 0.391853
0.693296 0.507623 301.200000 1.855869 1.237447
0.693711 0.507649 301.300000 1.972207 1.083490
0.694199 0.507669 301.400000 2.079911 1.065215
0.694720 0.507502 301.500000 2.129356 -0.078795
0.695180 0.507800 301.600000 2.041358 -1.676756
0.695567 0.507682 301.700000 1.929477 -0.555285
0.695834 0.509402 301.800000 1.732411 -3.376167
0.695993 0.509287 301.900000 1.534582 -0.570524
0.696125 0.509167 302.000000 1.478843 -0.541486
0.696264 0.509119 302.100000 1.494493 0.853711
0.696405 0.509047 302.200000 1.499052 -0.762765
0.696562 0.509200 302.300000 1.530714 1.394425
0.696793 0.509347 302.400000 1.669773 1.379801
0.697065 0.509180 302.500000 1.744288 0.106781
0.697354 0.509045 302.600000 1.772146 0.448973
0.697656 0.508877 302.700000 1.796043 0.027788
0.697978 0.508773 302.800000 1.828561 0.620944
0.698328 0.508623 302.900000 1.876197 0.329388
0.698729 0.508721 303.000000 1.956301 1.268693
0.699174 0.508554 303.100000 2.023777 0.077456
0.699635 0.508411 303.200000 2.047213 0.390082
0.700108 0.508244 303.300000 2.066827 0.001216
0.700618 0.508268 303.400000 2.120918 1.077896
0.701194 0.508195 303.500000 2.212961 0.758367
0.701848 0.508326 303.600000 2.318470 1.346533
0.702521 0.508274 303.700000 2.344003 -0.837135
0.703164 0.508107 303.800000 2.304166 0.042383
0.703775 0.508061 303.900000 2.263260 -0.858453
0.704329 0.507972 304.000000 2.185744 -0.688007
0.704863 0.507808 304.100000 2.157771 0.129951
0.705357 0.507891 304.200000 2.102409 -1.234425
0.705816 0.507731 304.300000 2.050364 0.196129
0.706326 0.507837 304.400000 2.124864 1.290158
0.706934 0.508009 304.500000 2.261547 1.436661
0.707598 0.507844 304.600000 2.337850 0.085578
0.708363 0.508665 304.700000 2.465137 2.453808
0.709278 0.508711 304.800000 2.645175 1.137950
0.710226 0.508566 304.900000 2.683626 -0.370853
0.711173 0.508421 305.000000 2.683297 0.364290
0.712150 0.508272 305.100000 2.717667 0.321388
0.713132 0.508112 305.200000 2.723659 -0.201843
0.714080 0.507996 305.300000 2.685789 -0.553669
0.714990 0.507843 305.400000 2.643676 -0.286478
0.715849 0.507805 305.500000 2.584908 -0.885955
0.716730 0.507960 305.600000 2.610711 1.400730
0.717688 0.507820 305.700000 2.701138 0.403295
0.718656 0.507659 305.800000 2.712683 -0.172980
0.719661 0.507661 305.900000 2.754784 1.012895
0.720646 0.507841 306.000000 2.732642 -1.454632
0.721536 0.507751 306.100000 2.625617 -0.680518
0.722351 0.507781 306.200000 2.536572 -1.095927
0.723090 0.507708 306.300000 2.443737 -0.756124
0.723757 0.507728 306.400000 2.352359 -1.066879
0.724342 0.507757 306.500000 2.244220 -1.090477
0.724874 0.507613 306.600000 2.171161 -0.367054
0.725417 0.507518 306.700000 2.185553 0.654178
0.725995 0.507373 306.800000 2.236411 0.360430
0.726546 0.507411 306.900000 2.198526 -1.116236
0.727067 0.507259 307.000000 2.157047 0.288742
0.727643 0.507354 307.100000 2.234800 1.262416
0.728309 0.507404 307.200000 2.355794 1.151423
0.729069 0.507489 307.300000 2.475601 1.238723
0.729857 0.507372 307.400000 2.510302 -0.546427
0.730596 0.507272 307.500000 2.451282 -0.631031
0.731276 0.507230 307.600000 2.376102 -0.868814
0.731893 0.507164 307.700000 2.293478 -0.779538
0.732516 0.507146 307.800000 2.302151 0.952562
0.733153 0.507035 307.900000 2.321251 -0.571508
0.733757 0.506884 308.000000 2.278150 -0.288351
0.734322 0.506814 308.100000 2.225370 -0.764610
0.734894 0.506797 308.200000 2.234792 0.952578
0.735490 0.506645 308.300000 2.268688 -0.276363
0.736087 0.506494 308.400000 2.269287 0.288318
0.736693 0.506330 308.500000 2.283691 -0.000947
0.737356 0.506534 308.600000 2.359243 1.508207
0.738078 0.506370 308.700000 2.435536 0.013833
0.738760 0.506369 308.800000 2.386046 -1.001152
0.739408 0.506207 308.900000 2.341391 0.110267
0.740047 0.506062 309.000000 2.329798 -0.341530
0.740637 0.506050 309.100000 2.264097 -0.969212
0.741112 0.506699 309.200000 2.103158 -2.241526
0.741469 0.506843 309.300000 1.921567 -1.381211
0.741769 0.506720 309.400000 1.827354 -0.498342
0.742102 0.506964 309.500000 1.882020 1.588933
0.742428 0.507314 309.600000 1.872212 -1.784605
0.742663 0.507448 309.700000 1.714720 -1.357349
0.742849 0.507317 309.800000 1.623969 -0.453141
0.743007 0.507214 309.900000 1.570528 -0.612998
0.743144 0.507058 310.000000 1.529059 -0.214309
0.743241 0.507241 310.100000 1.444828 -1.466100
0.743314 0.507103 310.200000 1.391365 0.399501
0.743396 0.506940 310.300000 1.413673 0.045538
0.743521 0.507283 310.400000 1.504832 1.773085
0.743706 0.507172 310.500000 1.622361 0.571620
0.743879 0.507163 310.600000 1.602079 -0.976249
0.744020 0.507015 310.700000 1.537416 -0.313770
0.744146 0.506867 310.800000 1.506591 -0.301194
0.744320 0.507510 310.900000 1.603757 2.239653
0.744583 0.507514 311.000000 1.767032 1.017687
0.744940 0.508106 311.100000 1.926729 2.168271
0.745382 0.507979 311.200000 2.059337 0.477266
0.745789 0.508198 311.300000 2.005962 -1.542099
0.746171 0.508136 311.400000 1.968442 0.793566
0.746598 0.508029 311.500000 2.037988 0.593888
0.747068 0.507949 311.600000 2.103789 0.718834
0.747599 0.507954 311.700000 2.191141 1.023842
0.748121 0.508041 311.800000 2.179876 -1.248575
0.748625 0.507967 311.900000 2.154617 0.744656
0.749151 0.507806 312.000000 2.186995 -0.098716
0.749639 0.507812 312.100000 2.130657 -1.025233
0.750034 0.508131 312.200000 1.992309 -1.734803
0.750381 0.507975 312.300000 1.915415 0.200756
0.750740 0.507818 312.400000 1.934652 0.183019
0.751135 0.507813 312.500000 1.993656 0.994125
0.751572 0.507664 312.600000 2.057891 0.287354
0.751994 0.507594 312.700000 2.034326 -0.757465
0.752367 0.507515 312.800000 1.960018 -0.724983
0.752669 0.507773 312.900000 1.842465 -1.620203
0.752903 0.507703 313.000000 1.723192 -0.759294
0.753101 0.507590 313.100000 1.657129 -0.558665
0.753290 0.507435 313.200000 1.639822 0.213398
0.753472 0.507304 313.300000 1.628671 -0.435867
0.753656 0.507178 313.400000 1.630467 0.471694
0.753846 0.507024 313.500000 1.642716 -0.227330
0.754016 0.506907 313.600000 1.604755 -0.529976
0.754158 0.506799 313.700000 1.549320 -0.575967
0.754264 0.506771 313.800000 1.474452 -0.917643
0.754331 0.506711 313.900000 1.388507 -0.796954
0.754386 0.506560 314.000000 1.361539 0.258929
0.754448 0.506399 314.100000 1.376628 0.042103
0.754517 0.506254 314.200000 1.394427 0.312997
0.754595 0.506094 314.300000 1.414845 0.094327
0.754667 0.505958 314.400000 1.399892 -0.392636
0.754731 0.505798 314.500000 1.383160 0.058841
0.754778 0.505746 314.600000 1.344481 -0.830492
0.754790 0.505708 314.700000 1.258963 -0.875592
0.754811 0.505816 314.800000 1.280294 1.301142
0.754847 0.505702 314.900000 1.318360 -0.541734
0.754863 0.505577 315.000000 1.267416 -0.474595
0.754865 0.505421 315.100000 1.235697 -0.158202
0.754849 0.505363 315.200000 1.187379 -0.805729
0.754828 0.505244 315.300000 1.172528 0.509446
0.754829 0.505150 315.400000 1.230365 0.644400
0.754847 0.504998 315.500000 1.274189 0.229895
0.754866 0.504842 315.600000 1.277600 -0.161838
0.754861 0.504860 315.700000 1.216418 -1.058756
0.754820 0.504842 315.800000 1.115959 -0.945399
0.754760 0.504683 315.900000 1.064399 -0.083215
0.754677 0.504825 316.000000 0.990954 -1.382016
0.754583 0.504755 316.100000 0.959343 0.751380
0.754520 0.504784 316.200000 1.051765 1.092437
0.754503 0.505017 316.300000 1.185564 1.576856
0.754514 0.504862 316.400000 1.256073 -0.170206
0.754509 0.504767 316.500000 1.215703 -0.635171
0.754457 0.505218 316.600000 1.085260 -1.967182
0.754358 0.505198 316.700000 0.939603 -0.938670
0.754253 0.505081 316.800000 0.918543 0.518533
0.754166 0.504982 316.900000 0.975628 0.620308
0.754109 0.505103 317.000000 1.073500 1.332244
0.754077 0.504944 317.100000 1.140839 0.011168
0.754074 0.505190 317.200000 1.221844 1.604877
0.754106 0.505033 317.300000 1.308210 0.118135
0.754156 0.504961 317.400000 1.351302 0.741546
0.754201 0.504961 317.500000 1.338008 -1.006776
0.754237 0.504858 317.600000 1.317247 0.592604
0.754279 0.504710 317.700000 1.333657 -0.265222
0.754293 0.504745 317.800000 1.264774 -1.108997
0.754238 0.505686 317.900000 1.076631 -2.644447
0.754113 0.506167 318.000000 0.842897 -2.018557
0.753953 0.506118 318.100000 0.699737 -0.837475
0.753794 0.506099 318.200000 0.705027 0.943011
0.753642 0.505966 318.300000 0.731880 -0.407300
0.753479 0.505841 318.400000 0.688047 -0.467168
0.753311 0.505684 318.500000 0.659477 -0.102814
0.753144 0.505535 318.600000 0.666403 0.240997
0.752981 0.505377 318.700000 0.683006 0.090230
0.752809 0.505377 318.800000 0.637236 -1.003331
0.752619 0.505329 318.900000 0.544774 -0.841289
0.752433 0.505395 319.000000 0.562586 1.196639
0.752262 0.505262 319.100000 0.642471 0.397067
0.752081 0.505423 319.200000 0.590801 -1.427895
0.751878 0.505523 319.300000 0.454757 -1.286182
0.751663 0.505417 319.400000 0.361552 -0.573262
0.751447 0.505269 319.500000 0.345588 0.254796
0.751238 0.505270 319.600000 0.408935 1.008972
0.751045 0.505349 319.700000 0.521283 1.232364
0.750865 0.505194 319.800000 0.590248 0.143486
0.750683 0.505058 319.900000 0.578867 -0.370540
0.750500 0.504921 320.000000 0.578672 0.366668
0.750340 0.505290 320.100000 0.689117 1.836694
0.750200 0.505133 320.200000 0.777579 -0.071865
0.750058 0.504979 320.300000 0.766631 -0.146546
0.749908 0.504865 320.400000 0.732681 -0.530771
0.749738 0.504944 320.500000 0.644354 -1.231353
0.749553 0.504831 320.600000 0.556061 -0.530088
0.749372 0.504850 320.700000 0.582862 1.064778
0.749213 0.504869 320.800000 0.689509 1.062830
0.749076 0.504846 320.900000 0.789395 0.929878
0.748935 0.504984 321.000000 0.767063 -1.375399
0.748770 0.504907 321.100000 0.662137 -0.717865
0.748596 0.504753 321.200000 0.618528 -0.152145
0.748428 0.504667 321.300000 0.644649 0.673260
0.748269 0.504514 321.400000 0.687305 0.177735
0.748104 0.504433 321.500000 0.661247 -0.697592
0.747943 0.504459 321.600000 0.680659 1.084854
0.747779 0.504645 321.700000 0.660679 -1.483458
0.747598 0.504496 321.800000 0.574426 -0.237281
0.747428 0.504637 321.900000 0.631928 1.384452
0.747264 0.504563 322.000000 0.664818 -0.728305
0.747099 0.504459 322.100000 0.657549 0.583287
0.746935 0.504342 322.200000 0.661684 -0.500781
0.746757 0.504331 322.300000 0.588054 -0.968147
0.746572 0.504176 322.400000 0.544387 0.097000
0.746385 0.504028 322.500000 0.537413 -0.236136
0.746203 0.503959 322.600000 0.563225 0.751076
0.746034 0.503868 322.700000 0.633242 0.645776
0.745879 0.503789 322.800000 0.700924 0.704479
0.745731 0.503634 322.900000 0.731803 -0.088457
0.745587 0.503503 323.000000 0.747661 0.404841
0.745458 0.503476 323.100000 0.813590 0.910430
0.745338 0.503332 323.200000 0.845394 -0.275932
0.745198 0.503468 323.300000 0.762653 -1.374755
0.745034 0.503399 323.400000 0.656209 -0.748797
0.744865 0.503253 323.500000 0.630891 0.243704
0.744687 0.503338 323.600000 0.580522 -1.248570
0.744494 0.503241 323.700000 0.487083 -0.615539
0.744291 0.503185 323.800000 0.416023 -0.802117
0.744075 0.503381 323.900000 0.300270 -1.507151
0.743850 0.503350 324.000000 0.179650 -0.899223
0.743624 0.503195 324.100000 0.132752 -0.036398
0.743397 0.503044 324.200000 0.122473 -0.168649
0.743169 0.502894 324.300000 0.104895 -0.182050
0.742941 0.502780 324.400000 0.070031 -0.513489
0.742713 0.502675 324.500000 0.072885 0.570435
0.742484 0.502701 324.600000 0.047227 -1.082319
0.742256 0.502595 324.700000 -0.035241 -0.562911
0.742028 0.502484 324.800000 -0.036740 0.533006
0.741800 0.502332 324.900000 -0.016390 -0.127019
0.741574 0.502823 325.000000 -0.125511 -2.049953
0.741353 0.502674 325.100000 -0.219363 0.177615
0.741129 0.502659 325.200000 -0.162626 0.954281
0.740902 0.502638 325.300000 -0.068098 0.931555
0.740675 0.502624 325.400000 0.026529 0.956249
0.740448 0.502507 325.500000 0.049793 -0.492129
0.740220 0.502356 325.600000 0.032429 0.145715
0.739993 0.502236 325.700000 0.015850 -0.476459
0.739766 0.502083 325.800000 -0.005905 0.042434
0.739539 0.501963 325.900000 -0.027607 -0.475379
0.739313 0.501820 326.000000 -0.037866 0.270710
0.739087 0.501722 326.100000 -0.054323 -0.599019
0.738868 0.502744 326.200000 -0.223198 -2.770042
0.738653 0.503071 326.300000 -0.273220 1.772110
0.738428 0.503635 326.400000 -0.075852 2.165377
0.738202 0.503530 326.500000 0.061339 0.571584
0.737978 0.503381 326.600000 0.098464 0.169055
0.737755 0.503372 326.700000 0.155710 0.973001
0.737539 0.503331 326.800000 0.247688 0.861958
0.737327 0.503180 326.900000 0.297785 0.137487
0.737116 0.503026 327.000000 0.304703 0.000531
0.736901 0.502999 327.100000 0.259146 -0.909401
0.736682 0.502855 327.200000 0.200984 -0.250928
0.736462 0.502711 327.300000 0.175650 -0.254498
0.736239 0.502727 327.400000 0.110109 -1.053036
0.736014 0.502864 327.500000 -0.011851 -1.380058
0.735791 0.502725 327.600000 -0.096073 -0.300178
0.735568 0.502574 327.700000 -0.117721 -0.131697
0.735356 0.503817 327.800000 -0.276002 -3.026008
0.735176 0.504409 327.900000 -0.538531 -2.211457
0.735032 0.504634 328.000000 -0.728428 -1.576983
0.734923 0.504697 328.100000 -0.867241 -1.192340
0.734835 0.504562 328.200000 -0.944612 -0.351212
0.734774 0.504713 328.300000 -1.033188 -1.415864
0.734744 0.504598 328.400000 -1.129370 -0.502970
0.734718 0.504458 328.500000 -1.139746 0.295962
0.734696 0.504342 328.600000 -1.149759 -0.495725
0.734698 0.504304 328.700000 -1.218279 -0.871238
0.734703 0.504233 328.800000 -1.224970 0.737752
0.734680 0.504171 328.900000 -1.149227 0.773311
0.734635 0.504066 329.000000 -1.082127 0.565340
0.734568 0.504006 329.100000 -1.014531 0.783197
0.734475 0.504012 329.200000 -0.924078 1.021347
0.734347 0.504262 329.300000 -0.791227 1.629030
0.734193 0.504184 329.400000 -0.674293 0.703804
0.734016 0.504530 329.500000 -0.548053 1.814689
0.733809 0.505464 329.600000 -0.322915 2.676797
0.733587 0.506011 329.700000 -0.080971 2.149999
0.733365 0.505890 329.800000 0.049749 0.457858
0.733146 0.505936 329.900000 0.130255 1.148236
0.732936 0.506314 330.000000 0.281641 1.871925
0.732741 0.506299 330.100000 0.423466 0.957472
0.732535 0.507454 330.200000 0.324118 -2.939473
0.732314 0.507881 330.300000 0.078631 -1.957983
0.732093 0.507751 330.400000 -0.039603 -0.400793
0.731873 0.507680 330.500000 -0.096610 -0.736490
0.731656 0.507602 330.600000 -0.168925 -0.706182
0.731447 0.507873 330.700000 -0.288330 -1.675949
0.731250 0.507768 330.800000 -0.400825 -0.568340
0.731053 0.507685 330.900000 -0.395162 0.681318
0.730859 0.507728 331.000000 -0.418226 -1.141432
0.730669 0.507600 331.100000 -0.454813 0.411522
0.730478 0.507448 331.200000 -0.437108 -0.058319
0.730277 0.507644 331.300000 -0.363713 1.522554
0.730076 0.507775 331.400000 -0.356115 -1.370971
0.729884 0.507625 331.500000 -0.432067 -0.144269
0.729698 0.507551 331.600000 -0.475790 -0.728017
0.729515 0.507417 331.700000 -0.494762 0.349541
0.729328 0.507275 331.800000 -0.463886 0.266434
0.729148 0.507377 331.900000 -0.515799 -1.302102
0.728986 0.507318 332.000000 -0.620573 -0.788153
0.728827 0.507217 332.100000 -0.630785 0.584424
0.728651 0.507327 332.200000 -0.535269 1.321130
0.728457 0.507381 332.300000 -0.410304 1.171923
0.728252 0.507338 332.400000 -0.308787 0.853338
0.728043 0.507186 332.500000 -0.262590 0.068301
0.727845 0.507724 332.600000 -0.366638 -2.144067
0.727673 0.508016 332.700000 -0.560314 -1.719771
0.727531 0.508118 332.800000 -0.711770 -1.301780
0.727422 0.508322 332.900000 -0.854302 -1.541719
0.727348 0.508323 333.000000 -0.982219 -1.010234
0.727288 0.508172 333.100000 -1.027636 0.104160
0.727203 0.508429 333.200000 -0.939573 1.652694
0.727094 0.508277 333.300000 -0.853509 0.064286
0.726986 0.508127 333.400000 -0.856930 -0.132528
0.726869 0.508075 333.500000 -0.822759 0.814241
0.726740 0.507931 333.600000 -0.770142 0.235472
0.726604 0.507805 333.700000 -0.737140 0.422914
0.726466 0.507663 333.800000 -0.729067 -0.261850
0.726328 0.507526 333.900000 -0.726733 0.308397
0.726187 0.507374 334.000000 -0.714138 -0.057111
0.726051 0.507246 334.100000 -0.736796 -0.394933
0.725934 0.507323 334.200000 -0.818651 -1.238062
0.725848 0.507354 334.300000 -0.936064 -1.104340
0.725771 0.507234 334.400000 -0.968320 0.460837
0.725671 0.507296 334.500000 -0.885343 1.194551
0.725530 0.507923 334.600000 -0.710974 2.284127
0.725341 0.509353 334.700000 -0.433352 3.254416
0.725126 0.510659 334.800000 -0.113599 3.124662
0.724911 0.510570 334.900000 0.075730 0.652450
0.724696 0.510419 335.000000 0.103760 -0.093252
0.724480 0.510319 335.100000 0.069326 -0.593709
0.724265 0.510525 335.200000 -0.038047 -1.548377
0.724050 0.510429 335.300000 -0.084823 0.615207
0.723834 0.510278 335.400000 -0.057908 -0.078266
0.723620 0.510148 335.500000 -0.081439 -0.391171
0.723409 0.510336 335.600000 -0.176721 -1.509715
0.723208 0.510378 335.700000 -0.309686 -1.142926
0.723018 0.510378 335.800000 -0.417521 -1.008379
0.722841 0.510295 335.900000 -0.502291 -0.682797
0.722672 0.510171 336.000000 -0.558126 -0.431105
0.722514 0.510116 336.100000 -0.620110 -0.805474
0.722373 0.510071 336.200000 -0.702927 -0.846733
0.722243 0.509927 336.300000 -0.756497 -0.221987
0.722106 0.509907 336.400000 -0.720309 0.943937
0.721940 0.510354 336.500000 -0.572378 2.007291
0.721756 0.510217 336.600000 -0.456007 0.314323
0.721570 0.510067 336.700000 -0.436776 0.069330
0.721390 0.510033 336.800000 -0.477967 -0.891100
0.721229 0.510217 336.900000 -0.598024 -1.504025
0.721092 0.510201 337.000000 -0.721209 -0.953524
0.720976 0.510165 337.100000 -0.813235 -0.882401
0.720886 0.510183 337.200000 -0.911040 -1.068797
0.720809 0.510033 337.300000 -0.961487 0.062382
0.720728 0.509890 337.400000 -0.946389 0.238821
0.720643 0.509740 337.500000 -0.930222 0.083709
0.720553 0.509598 337.600000 -0.913954 0.240835
0.720472 0.509558 337.700000 -0.945380 -0.867774
0.720434 0.509991 337.800000 -1.088455 -1.986586
0.720437 0.509864 337.900000 -1.207988 -0.398096
0.720442 0.509722 338.000000 -1.215801 0.242226
0.720463 0.509745 338.100000 -1.258080 -1.085692
0.720534 0.509913 338.200000 -1.386040 -1.467103
0.720618 0.509874 338.300000 -1.415893 0.871529
0.720704 0.509881 338.400000 -1.423914 -1.031546
0.720777 0.510163 338.500000 -1.389797 1.712193
0.720779 0.510552 338.600000 -1.208149 1.911682
0.720729 0.510642 338.700000 -1.048370 1.275903
0.720655 0.510505 338.800000 -0.968906 0.309407
0.720580 0.510367 338.900000 -0.968263 -0.296586
0.720519 0.510265 339.000000 -1.011761 -0.571197
0.720471 0.510128 339.100000 -1.055741 -0.306212
0.720438 0.510046 339.200000 -1.105203 -0.680540
0.720407 0.509956 339.300000 -1.107359 0.637522
0.720361 0.509815 339.400000 -1.062541 0.256599
0.720311 0.509665 339.500000 -1.051401 -0.034359
0.720274 0.509587 339.600000 -1.088020 -0.696188
0.720263 0.509567 339.700000 -1.170002 -0.939360
0.720301 0.509849 339.800000 -1.303010 -1.714134
0.720362 0.509743 339.900000 -1.361505 0.547158
0.720417 0.509604 340.000000 -1.347685 -0.271447
0.720471 0.509469 340.100000 -1.345587 0.313288
0.720469 0.510371 340.200000 -1.195722 2.676532
0.720409 0.510350 340.300000 -1.014720 0.934445
0.720310 0.510717 340.400000 -0.873805 1.876816
0.720176 0.510711 340.500000 -0.730156 0.988976
0.720026 0.510639 340.600000 -0.644022 0.729403
0.719862 0.510586 340.700000 -0.566644 0.814295
0.719679 0.510847 340.800000 -0.441966 1.673018
0.719488 0.510703 340.900000 -0.367587 -0.189153
0.719298 0.510553 341.000000 -0.379870 -0.055886
0.719105 0.510463 341.100000 -0.350844 0.634943
0.718904 0.510618 341.200000 -0.246731 1.442110
0.718695 0.510691 341.300000 -0.112585 1.234112
0.718484 0.510792 341.400000 0.014771 1.306648
0.718275 0.510653 341.500000 0.093988 0.273728
0.718069 0.510668 341.600000 0.160815 1.059455
0.717869 0.510631 341.700000 0.257810 0.875612
0.717669 0.510538 341.800000 0.270543 -0.621605
0.717471 0.510504 341.900000 0.283832 0.886733
0.717273 0.510491 342.000000 0.279742 -0.968333
0.717073 0.510381 342.100000 0.257001 0.514644
0.716872 0.510360 342.200000 0.235927 -0.935053
0.716666 0.510239 342.300000 0.167048 -0.439098
0.716459 0.510144 342.400000 0.114446 -0.610309
0.716250 0.510106 342.500000 0.040091 -0.873081
0.716043 0.510735 342.600000 -0.119353 -2.307820
0.715852 0.511376 342.700000 -0.351717 -2.327837
0.715680 0.511286 342.800000 -0.500227 -0.634948
0.715519 0.511214 342.900000 -0.568504 -0.727173
0.715359 0.511101 343.000000 -0.579811 0.501611
0.715190 0.511023 343.100000 -0.519763 0.696339
0.715010 0.510968 343.200000 -0.444595 0.803253
0.714825 0.510827 343.300000 -0.393239 0.221312
0.714630 0.511063 343.400000 -0.300619 1.626452
0.714431 0.510968 343.500000 -0.249598 -0.608575
0.714235 0.510826 343.600000 -0.290560 -0.208631
0.714034 0.511138 343.700000 -0.211827 1.779360
0.713829 0.511009 343.800000 -0.141421 -0.374750
0.713628 0.510970 343.900000 -0.203595 -0.865622
0.713430 0.510831 344.000000 -0.259905 -0.257775
0.713237 0.510761 344.100000 -0.309760 -0.736826
0.713048 0.510619 344.200000 -0.356603 -0.197691
0.712859 0.510484 344.300000 -0.351365 0.302181
0.712669 0.510336 344.400000 -0.334548 0.033319
0.712480 0.510214 344.500000 -0.354215 -0.425676
0.712284 0.510671 344.600000 -0.273155 2.042831
0.712080 0.510620 344.700000 -0.129682 0.819441
0.711876 0.510531 344.800000 -0.120483 -0.635904
0.711672 0.510396 344.900000 -0.137282 0.300746
0.711469 0.510290 345.000000 -0.149181 -0.538114
0.711267 0.510151 345.100000 -0.163961 0.243242
0.711062 0.510150 345.200000 -0.101261 1.007631
0.710857 0.510005 345.300000 -0.057573 -0.136069
0.710651 0.510099 345.400000 0.000306 1.290770
0.710446 0.509959 345.500000 0.053152 -0.236499
0.710241 0.509814 345.600000 0.034877 -0.128087
0.710035 0.509667 345.700000 0.029120 0.013232
0.709830 0.509523 345.800000 0.021593 -0.163390
0.709625 0.509474 345.900000 -0.027883 -0.823654
0.709421 0.509362 346.000000 -0.094027 -0.495921
0.709219 0.509217 346.100000 -0.124177 -0.105571
0.709022 0.509722 346.200000 -0.236043 -2.126154
0.708844 0.510051 346.300000 -0.433579 -1.814697
0.708682 0.509918 346.400000 -0.540336 -0.315095
0.708523 0.509773 346.500000 -0.562019 -0.117482
0.708376 0.509844 346.600000 -0.629604 -1.230848
0.708245 0.509727 346.700000 -0.714002 -0.452884
0.708106 0.509805 346.800000 -0.674060 1.249727
0.707945 0.509905 346.900000 -0.545794 1.309164
0.707784 0.509995 347.000000 -0.544452 -1.282381
0.707655 0.510556 347.100000 -0.719899 -2.217781
0.707551 0.510410 347.200000 -0.833770 -0.053946
0.707457 0.510341 347.300000 -0.873347 -0.735616
0.707362 0.510289 347.400000 -0.869324 0.815864
0.707270 0.510295 347.500000 -0.880064 -1.030124
0.707196 0.510167 347.600000 -0.949642 -0.357944
0.707136 0.510069 347.700000 -0.996694 -0.580752
0.707077 0.509955 347.800000 -1.001693 0.481021
0.707015 0.509818 347.900000 -0.990463 -0.256988
0.706967 0.509751 348.000000 -1.040637 -0.743970
0.706951 0.509823 348.100000 -1.139683 -1.231996
0.706977 0.509906 348.200000 -1.264871 -1.265506
0.707005 0.509969 348.300000 -1.267894 1.205198
0.707004 0.509852 348.400000 -1.184731 0.453892
0.707007 0.509785 348.500000 -1.199347 -0.745473
0.707023 0.509639 348.600000 -1.236299 0.008277
0.707054 0.509588 348.700000 -1.276691 -0.814098
0.707115 0.509520 348.800000 -1.354449 -0.737168
0.707171 0.509506 348.900000 -1.343308 0.959431
0.707201 0.509382 349.000000 -1.275356 0.396206
0.707227 0.509241 349.100000 -1.264120 -0.172054
0.707264 0.509119 349.200000 -1.293541 -0.414886
0.707285 0.509208 349.300000 -1.250138 1.280774
0.707261 0.509343 349.400000 -1.115765 1.399964
0.707210 0.509215 349.500000 -1.028126 0.348445
0.707148 0.509098 349.600000 -0.988340 0.445281
0.707079 0.508952 349.700000 -0.965706 0.006263
0.707008 0.508810 349.800000 -0.957658 0.154306
0.706945 0.508749 349.900000 -0.988521 -0.770026
0.706872 0.508944 350.000000 -0.949825 1.542011
0.706777 0.508803 350.100000 -0.863153 0.187097
0.706673 0.508696 350.200000 -0.827779 0.518606
0.706559 0.508569 350.300000 -0.784075 0.353289
0.706451 0.508541 350.400000 -0.811844 -0.907284
0.706371 0.508626 350.500000 -0.921005 -1.270481
0.706323 0.508640 350.600000 -1.037496 -1.053510
0.706275 0.508642 350.700000 -1.039421 1.015111
0.706209 0.508508 350.800000 -0.974577 0.278535
0.706118 0.508756 350.900000 -0.877364 1.660847
0.705997 0.508729 351.000000 -0.748482 0.910361
0.705854 0.508809 351.100000 -0.639870 1.256436
0.705695 0.508734 351.200000 -0.541716 0.701740
0.705532 0.508600 351.300000 -0.520415 -0.276782
0.705385 0.508801 351.400000 -0.612375 -1.557823
0.705254 0.508662 351.500000 -0.700431 -0.198887
0.705125 0.508517 351.600000 -0.710201 0.003976
0.704985 0.508560 351.700000 -0.652394 1.149275
0.704823 0.508737 351.800000 -0.519414 1.503676
0.704652 0.508593 351.900000 -0.448511 -0.089176
0.704469 0.509029 352.000000 -0.351687 2.020821
0.704277 0.508904 352.100000 -0.231523 0.376445
0.704082 0.508770 352.200000 -0.199082 0.270762
0.703890 0.508708 352.300000 -0.223582 -0.759542
0.703707 0.508980 352.400000 -0.347530 -1.713215
0.703538 0.508882 352.500000 -0.461992 -0.570309
0.703376 0.508763 352.600000 -0.511981 -0.426973
0.703215 0.508624 352.700000 -0.524291 0.181407
0.703044 0.508739 352.800000 -0.447400 1.352568
0.702860 0.508752 352.900000 -0.326725 1.054892
0.702671 0.508610 353.000000 -0.268557 0.105563
0.702483 0.508468 353.100000 -0.269067 -0.115743
0.702302 0.508722 353.200000 -0.359002 -1.678466
0.702139 0.508755 353.300000 -0.499179 -1.118051
0.701987 0.508632 353.400000 -0.574537 -0.385355
0.701841 0.508501 353.500000 -0.608764 -0.297470
0.701704 0.508443 353.600000 -0.662674 -0.778039
0.701559 0.508714 353.700000 -0.615778 1.713610
0.701400 0.508573 353.800000 -0.523060 0.136123
0.701243 0.508471 353.900000 -0.543371 -0.541333
0.701090 0.508332 354.000000 -0.561256 0.184532
0.700924 0.508523 354.100000 -0.474803 1.540201
0.700751 0.508409 354.200000 -0.420355 -0.453954
0.700574 0.508456 354.300000 -0.384866 1.161949
0.700393 0.508329 354.400000 -0.343864 -0.343954
0.700208 0.508382 354.500000 -0.302036 1.178419
0.700019 0.508238 354.600000 -0.242653 0.006289
0.699840 0.508815 354.700000 -0.355650 -2.260592
0.699684 0.508978 354.800000 -0.542880 -1.474645
0.699541 0.508835 354.900000 -0.618169 -0.027360
0.699380 0.509438 355.000000 -0.504167 2.301691
0.699203 0.509296 355.100000 -0.382822 0.119144
0.699029 0.509183 355.200000 -0.400113 -0.464109
0.698857 0.509044 355.300000 -0.414985 0.167422
0.698689 0.509033 355.400000 -0.455209 -0.969896
0.698524 0.508944 355.500000 -0.472670 0.621549
0.698360 0.508874 355.600000 -0.477585 -0.719591
0.698215 0.509187 355.700000 -0.603932 -1.801047
0.698083 0.509061 355.800000 -0.676485 0.353613
0.697939 0.509056 355.900000 -0.609100 0.990735
0.697789 0.508924 356.000000 -0.573261 -0.275763
0.697641 0.508781 356.100000 -0.585658 0.028454
0.697497 0.508670 356.200000 -0.607992 -0.474023
0.697358 0.508527 356.300000 -0.631221 0.010609
0.697218 0.508384 356.400000 -0.630847 -0.003150
0.697092 0.508559 356.500000 -0.706419 -1.504505
0.696997 0.508646 356.600000 -0.846007 -1.280273
0.696917 0.508504 356.700000 -0.907377 0.055938
0.696850 0.508511 356.800000 -0.956290 -1.031755
0.696801 0.508381 356.900000 -1.022822 -0.295556
0.696764 0.508267 357.000000 -1.060237 -0.450872
0.696771 0.508914 357.100000 -1.201860 -2.374509
0.696843 0.508982 357.200000 -1.382374 -1.226744
0.696926 0.508909 357.300000 -1.408496 0.705615
0.696968 0.509049 357.400000 -1.301871 1.421543
0.696952 0.509447 357.500000 -1.132138 1.964627
0.696890 0.509504 357.600000 -0.973828 1.193660
0.696808 0.509373 357.700000 -0.899436 0.290453
0.696717 0.509261 357.800000 -0.861409 0.468185
0.696622 0.509121 357.900000 -0.843260 -0.106105
0.696538 0.509080 358.000000 -0.891285 -0.851985
0.696452 0.509093 358.100000 -0.881065 1.055865
0.696362 0.509026 358.200000 -0.864846 -0.732294
0.696273 0.508950 358.300000 -0.867138 0.686572
0.696172 0.508820 358.400000 -0.817826 0.297198
0.696046 0.509245 358.500000 -0.701871 2.016103
0.695896 0.509202 358.600000 -0.558635 0.841464
0.695736 0.509082 358.700000 -0.496633 0.395472
0.695577 0.508961 358.800000 -0.496380 -0.390431
0.695429 0.509018 358.900000 -0.575887 -1.195733
0.695288 0.508903 359.000000 -0.613813 0.439122
0.695132 0.509049 359.100000 -0.519772 1.436987
0.694964 0.508923 359.200000 -0.430840 0.337204
0.694811 0.509653 359.300000 -0.539398 -2.502918
0.694688 0.509623 359.400000 -0.709746 -0.895530
0.694569 0.509511 359.500000 -0.731544 0.460653
0.694438 0.509466 359.600000 -0.666634 0.834299
0.694286 0.509703 359.700000 -0.542016 1.651827
0.694115 0.509760 359.800000 -0.399375 1.193876
0.693941 0.509662 359.900000 -0.367762 -0.563202
0.693774 0.509572 360.000000 -0.426487 -0.608363
0.693606 0.509489 360.100000 -0.424375 0.650501
0.693441 0.509490 360.200000 -0.442393 -1.009966
0.693286 0.509390 360.300000 -0.520416 -0.546594
0.693144 0.509425 360.400000 -0.604439 -1.129672
0.693015 0.509291 360.500000 -0.672420 -0.226549
0.692892 0.509179 360.600000 -0.706709 -0.457509
0.692769 0.509062 360.700000 -0.708542 0.420942
0.692644 0.508922 360.800000 -0.690621 -0.063421
0.692523 0.508812 360.900000 -0.717657 -0.475937
0.692413 0.508713 361.000000 -0.768991 -0.548189
0.692301 0.508654 361.100000 -0.757875 0.769966
0.692163 0.509005 361.200000 -0.624830 1.884271
0.691996 0.509576 361.300000 -0.416690 2.268129
0.691814 0.509496 361.400000 -0.269593 0.666458
0.691635 0.509518 361.500000 -0.290507 -1.083702
0.691467 0.509630 361.600000 -0.412690 -1.353837
0.691314 0.509591 361.700000 -0.523514 -0.857114
0.691170 0.509463 361.800000 -0.581786 -0.305402
0.691027 0.509323 361.900000 -0.592374 0.094156
0.690889 0.509238 362.000000 -0.619387 -0.633059
0.690769 0.509316 362.100000 -0.714132 -1.257108
0.690662 0.509175 362.200000 -0.778261 -0.022264
0.690559 0.509053 362.300000 -0.797427 -0.360094
0.690467 0.508955 362.400000 -0.843480 -0.558662
0.690373 0.508883 362.500000 -0.836147 0.704951
0.690256 0.508997 362.600000 -0.732839 1.356054
0.690117 0.509023 362.700000 -0.609793 1.098701
0.689964 0.508974 362.800000 -0.513802 0.816328
0.689815 0.509168 362.900000 -0.550919 -1.556806
0.689685 0.509075 363.000000 -0.658333 -0.586111
0.689561 0.508935 363.100000 -0.689325 -0.032181
0.689447 0.508964 363.200000 -0.746586 -1.110172
0.689334 0.508994 363.300000 -0.746554 1.110816
0.689204 0.508918 363.400000 -0.656785 0.680066
0.689081 0.509067 363.500000 -0.695410 -1.450625
0.688983 0.509050 363.600000 -0.815589 -0.946953
0.688903 0.508951 363.700000 -0.890324 -0.544004
0.688818 0.508923 363.800000 -0.872301 0.903561
0.688715 0.508849 363.900000 -0.792521 0.688045
0.688597 0.508784 364.000000 -0.720850 0.741787
0.688466 0.508710 364.100000 -0.649076 0.690107
0.688325 0.508605 364.200000 -0.589416 0.500115
0.688186 0.508556 364.300000 -0.605190 -0.814804
0.688045 0.508592 364.400000 -0.589338 1.131052
0.687891 0.508497 364.500000 -0.504288 0.565681
0.687739 0.508439 364.600000 -0.514585 -0.771087
0.687586 0.508382 364.700000 -0.514364 0.775477
0.687424 0.508311 364.800000 -0.440161 0.704878
0.687260 0.508181 364.900000 -0.418017 -0.263107
0.687094 0.508085 365.000000 -0.402998 0.562737
0.686920 0.508098 365.100000 -0.322012 1.052940
0.686742 0.507960 365.200000 -0.265049 0.083463
0.686563 0.507821 365.300000 -0.264366 -0.069829
0.686380 0.508130 365.400000 -0.177148 1.809829
0.686192 0.508089 365.500000 -0.043975 0.846967
0.686005 0.507971 365.600000 -0.021011 -0.388825
0.685818 0.507843 365.700000 -0.054821 -0.285695
0.685631 0.507705 365.800000 -0.070674 -0.030570
0.685446 0.507703 365.900000 -0.122418 -1.001712
0.685260 0.507701 366.000000 -0.122605 0.997970
0.685074 0.507589 366.100000 -0.094758 -0.442418
0.684892 0.507708 366.200000 -0.185901 -1.375882
0.684711 0.507741 366.300000 -0.198672 1.121098
0.684526 0.507628 366.400000 -0.120746 0.433517
0.684342 0.507620 366.500000 -0.148023 -0.977693
0.684161 0.507482 366.600000 -0.196676 0.007070
0.683976 0.507609 366.700000 -0.126378 1.395384
0.683790 0.507478 366.800000 -0.044657 0.234943
0.683605 0.507921 366.900000 0.070634 2.065104
0.683427 0.508069 367.000000 0.246801 1.449433
0.683252 0.507959 367.100000 0.296592 -0.456094
0.683076 0.507821 367.200000 0.269362 -0.087158
0.682897 0.507769 367.300000 0.225277 -0.792340
0.682714 0.507829 367.400000 0.125011 -1.207957
0.682529 0.507699 367.500000 0.076778 0.245706
0.682344 0.507562 367.600000 0.092872 0.075366
0.682159 0.507455 367.700000 0.072425 -0.483286
0.681974 0.507441 367.800000 0.000505 -0.951515
0.681789 0.507303 367.900000 -0.049192 -0.039939
0.681604 0.507174 368.000000 -0.064274 -0.260935
0.681422 0.507276 368.100000 -0.143843 -1.326471
0.681245 0.507220 368.200000 -0.249272 -0.776837
0.681077 0.507266 368.300000 -0.346573 -1.164316
0.680916 0.507135 368.400000 -0.415861 -0.217983
0.680759 0.507055 368.500000 -0.459526 -0.653131
0.680608 0.506919 368.600000 -0.498135 -0.117130
0.680459 0.506785 368.700000 -0.511966 -0.158791
0.680302 0.506917 368.800000 -0.449325 1.408482
0.680133 0.506915 368.900000 -0.328571 1.000559
0.679960 0.506786 369.000000 -0.290413 -0.239316
0.679787 0.506652 369.100000 -0.294178 0.164211
0.679609 0.506785 369.200000 -0.215179 1.411831
0.679427 0.506680 369.300000 -0.119974 0.487507
0.679245 0.506546 369.400000 -0.103733 -0.163518
0.679064 0.506491 369.500000 -0.150822 -0.775890
0.678884 0.506385 369.600000 -0.165413 0.484786
0.678701 0.506563 369.700000 -0.064621 1.526013
0.678518 0.506513 369.800000 -0.028385 -0.803088
0.678336 0.506399 369.900000 -0.089239 -0.410969
0.678156 0.506473 370.000000 -0.172421 -1.248494
0.677985 0.506568 370.100000 -0.300629 -1.309254
0.677828 0.506719 370.200000 -0.439513 -1.461489
0.677683 0.506599 370.300000 -0.530452 -0.352756
0.677532 0.506712 370.400000 -0.479969 1.359895
0.677368 0.506653 370.500000 -0.373859 0.757013
0.677193 0.506906 370.600000 -0.250691 1.700186
0.677012 0.506987 370.700000 -0.101841 1.269362
0.676830 0.506976 370.800000 0.010279 0.967443
0.676649 0.506953 370.900000 0.104803 0.918299
0.676469 0.506817 371.000000 0.147912 -0.058270
0.676293 0.506954 371.100000 0.216474 1.426086
0.676129 0.507128 371.200000 0.363973 1.516519
0.675982 0.507263 371.300000 0.511172 1.420099
0.675840 0.507214 371.400000 0.541895 -0.807170
0.675678 0.507830 371.500000 0.382868 -2.365425
0.675510 0.507867 371.600000 0.321290 1.136938
0.675363 0.508694 371.700000 0.512468 2.677071
0.675246 0.508669 371.800000 0.692336 0.911291
0.675119 0.509072 371.900000 0.637555 -2.004165
0.674974 0.508958 372.000000 0.516745 -0.406010
0.674821 0.508886 372.100000 0.461594 -0.694255
0.674661 0.508803 372.200000 0.395061 -0.633065
0.674496 0.508685 372.300000 0.344751 -0.370633
0.674334 0.508704 372.400000 0.380141 1.076668
0.674183 0.508637 372.500000 0.470256 0.721128
0.674039 0.508525 372.600000 0.527633 0.423553
0.673893 0.508464 372.700000 0.511088 -0.753629
0.673751 0.508547 372.800000 0.537393 1.278400
0.673630 0.508624 372.900000 0.664609 1.259576
0.673527 0.508556 373.000000 0.763754 0.718351
0.673413 0.508903 373.100000 0.704645 -1.897573
0.673272 0.509043 373.200000 0.537497 -1.437026
0.673121 0.508907 373.300000 0.468456 0.059660
0.672968 0.508799 373.400000 0.448239 -0.462996
0.672808 0.508712 373.500000 0.394617 -0.606752
0.672645 0.508586 373.600000 0.350927 -0.264875
0.672476 0.508557 373.700000 0.292789 -0.894976
0.672303 0.508443 373.800000 0.227718 -0.403183
0.672131 0.508331 373.900000 0.228976 0.428287
0.671960 0.508204 374.000000 0.263061 0.251704
0.671794 0.508139 374.100000 0.312155 0.727712
0.671626 0.508122 374.200000 0.301307 -0.944129
0.671456 0.507987 374.300000 0.258303 0.086212
0.671283 0.507960 374.400000 0.217422 -0.901787
0.671107 0.507836 374.500000 0.157861 -0.286456
0.670930 0.507723 374.600000 0.122895 -0.411118
0.670753 0.507646 374.700000 0.135496 0.662504
0.670580 0.507560 374.800000 0.199272 0.609836
0.670410 0.507468 374.900000 0.258407 0.569905
0.670236 0.507700 375.000000 0.203721 -1.660894
0.670060 0.507578 375.100000 0.136111 0.312071
0.669884 0.507454 375.200000 0.137277 -0.288800
0.669707 0.507444 375.300000 0.074118 -0.971221
0.669528 0.507419 375.400000 -0.020010 -0.906651
0.669351 0.507317 375.500000 -0.090580 -0.501216
0.669179 0.507605 375.600000 -0.205113 -1.783705
0.669014 0.507513 375.700000 -0.323112 -0.570380
0.668849 0.507500 375.800000 -0.303741 0.956828
0.668680 0.507371 375.900000 -0.266508 -0.214032
0.668516 0.507338 376.000000 -0.321076 -0.874596
0.668359 0.507247 376.100000 -0.393735 -0.574953
0.668203 0.507126 376.200000 -0.406601 0.318275
0.668048 0.507007 376.300000 -0.407761 -0.341420
0.667895 0.506873 376.400000 -0.428988 -0.082049
0.667740 0.506756 376.500000 -0.414684 0.367420
0.667581 0.506679 376.600000 -0.363244 0.658799
0.667416 0.506564 376.700000 -0.310931 0.384845
0.667246 0.506609 376.800000 -0.233416 1.161584
0.667072 0.506576 376.900000 -0.131319 0.875251
0.666895 0.506700 377.000000 -0.017472 1.395986
0.666720 0.506774 377.100000 0.115300 1.252815
0.666546 0.506706 377.200000 0.142672 -0.706746
0.666371 0.506588 377.300000 0.124903 0.352267
0.666201 0.506742 377.400000 0.216506 1.475217
0.666048 0.507486 377.500000 0.419539 2.575285
0.665929 0.508018 377.600000 0.661046 2.242779
0.665856 0.508496 377.700000 0.881286 2.151009
0.665841 0.509062 377.800000 1.104453 2.301169
0.665892 0.509359 377.900000 1.310443 1.808328
0.665963 0.509290 378.000000 1.365983 -0.700298
0.666006 0.509252 378.100000 1.287880 -0.857857
0.666020 0.509229 378.200000 1.198960 -0.916095
0.666014 0.509109 378.300000 1.136151 -0.336959
0.666012 0.509010 378.400000 1.145133 0.516153
0.666022 0.508890 378.500000 1.187839 0.335831
0.666048 0.508805 378.600000 1.235272 0.610461
0.666105 0.508883 378.700000 1.329477 1.268934
0.666191 0.508762 378.800000 1.409005 0.317649
0.666310 0.508870 378.900000 1.492821 1.354471
0.666511 0.509622 379.000000 1.690649 2.592205
0.666774 0.509488 379.100000 1.824374 0.075610
0.667030 0.509370 379.200000 1.810675 -0.348908
0.667261 0.509307 379.300000 1.756361 -0.734647
0.667482 0.509184 379.400000 1.734328 0.295088
0.667689 0.509150 379.500000 1.705474 -0.870733
0.667875 0.509017 379.600000 1.658100 -0.074384
0.668056 0.508886 379.700000 1.645994 -0.167132
0.668226 0.508767 379.800000 1.620889 -0.333699
0.668415 0.508835 379.900000 1.666310 1.239840
0.668617 0.508765 380.000000 1.693554 -0.696331
0.668838 0.508967 380.100000 1.738711 1.597229
0.669105 0.508848 380.200000 1.835549 0.334685
0.669400 0.508796 380.300000 1.891998 0.791467
0.669694 0.508749 380.400000 1.891061 -0.810153
0.669955 0.508651 380.500000 1.824233 -0.523069
0.670150 0.509247 380.600000 1.679858 -2.357215
0.670285 0.509139 380.700000 1.539635 -0.440221
0.670386 0.509233 380.800000 1.451625 -1.315586
0.670475 0.509169 380.900000 1.422301 0.730572
0.670551 0.509326 381.000000 1.384299 -1.488707
0.670586 0.509280 381.100000 1.268688 -0.817728
0.670606 0.509148 381.200000 1.223403 -0.085726
0.670625 0.509014 381.300000 1.217902 -0.024014
0.670622 0.509117 381.400000 1.149473 -1.341132
0.670573 0.509517 381.500000 0.981029 -2.019337
0.670501 0.509389 381.600000 0.889587 0.195063
0.670428 0.509263 381.700000 0.887172 -0.243240
0.670367 0.509305 381.800000 0.932886 1.155247
0.670328 0.509229 381.900000 1.023979 0.662042
0.670297 0.509098 382.000000 1.049638 -0.150132
0.670257 0.508997 382.100000 1.017229 -0.496441
0.670205 0.508887 382.200000 0.971630 -0.413242
0.670139 0.508828 382.300000 0.913101 -0.754421
0.670067 0.508707 382.400000 0.890292 0.299381
0.669995 0.508590 382.500000 0.887542 -0.354248
0.669920 0.508458 382.600000 0.874551 0.095089
0.669862 0.508568 382.700000 0.947554 1.361322
0.669840 0.508643 382.800000 1.079107 1.263155
0.669829 0.508530 382.900000 1.122716 -0.393161
0.669842 0.508862 383.000000 1.197533 1.885765
0.669905 0.508910 383.100000 1.351009 1.176084
0.669972 0.508894 383.200000 1.362347 -0.949889
0.670009 0.508850 383.300000 1.273600 -0.820630
0.670029 0.508724 383.400000 1.220861 -0.231514
0.670041 0.508597 383.500000 1.198406 -0.216458
0.670061 0.508520 383.600000 1.220233 0.651911
0.670117 0.508713 383.700000 1.332159 1.581006
0.670194 0.508608 383.800000 1.388300 -0.460996
0.670258 0.508481 383.900000 1.355734 -0.188678
0.670296 0.508598 384.000000 1.276844 -1.385192
0.670298 0.508563 384.100000 1.164054 -0.864968
0.670296 0.508481 384.200000 1.151893 0.622369
0.670291 0.508444 384.300000 1.140289 -0.853872
0.670272 0.508313 384.400000 1.091756 -0.114373
0.670256 0.508198 384.500000 1.103997 0.358585
0.670236 0.508115 384.600000 1.090974 -0.618386
0.670230 0.508288 384.700000 1.136717 1.530949
0.670235 0.508237 384.800000 1.173724 -0.792652
0.670217 0.508180 384.900000 1.095913 -0.759680
0.670206 0.508267 385.000000 1.122864 1.297346
0.670227 0.508200 385.100000 1.223417 0.708699
0.670290 0.508513 385.200000 1.351754 1.851627
0.670376 0.508427 385.300000 1.414688 -0.596101
0.670459 0.508321 385.400000 1.407208 0.446874
0.670559 0.508224 385.500000 1.455522 0.516983
0.670670 0.508092 385.600000 1.481164 -0.005415
0.670766 0.508034 385.700000 1.443143 -0.753108
0.670841 0.507923 385.800000 1.385283 -0.401193
0.670896 0.507853 385.900000 1.330602 -0.689693
0.670948 0.507752 386.000000 1.320331 0.484779
0.671008 0.507621 386.100000 1.343404 -0.024472
0.671054 0.507574 386.200000 1.301690 -0.807712
0.671087 0.507443 386.300000 1.262767 0.031196
0.671134 0.507408 386.400000 1.307759 0.866397
0.671220 0.507503 386.500000 1.417390 1.320742
0.671371 0.507887 386.600000 1.583688 1.996888
0.671545 0.507853 386.700000 1.640238 -0.868717
0.671681 0.507851 386.800000 1.546728 -0.996798
0.671775 0.507895 386.900000 1.438311 -1.166118
0.671824 0.507998 387.000000 1.312352 -1.346762
0.671835 0.507991 387.100000 1.195717 -0.980119
0.671808 0.508203 387.200000 1.064881 -1.630060
0.671739 0.508404 387.300000 0.902762 -1.604216
0.671655 0.508277 387.400000 0.831801 0.188552
0.671585 0.508276 387.500000 0.891621 1.004859
0.671523 0.508152 387.600000 0.930603 -0.227175
0.671466 0.508067 387.700000 0.949285 0.599882
0.671412 0.507953 387.800000 0.961434 -0.357509
0.671350 0.507836 387.900000 0.926857 -0.332292
0.671271 0.507851 388.000000 0.856882 -1.063712
0.671186 0.507740 388.100000 0.823334 0.394415
0.671102 0.507618 388.200000 0.830117 -0.259079
0.671014 0.507489 388.300000 0.811163 -0.119057
0.670943 0.507736 388.400000 0.891091 1.713623
0.670901 0.507657 388.500000 1.008492 0.628525
0.670888 0.507800 388.600000 1.113146 1.459308
0.670910 0.507766 388.700000 1.229798 0.867897
0.670969 0.507876 388.800000 1.341798 1.366517
0.671047 0.507754 388.900000 1.396936 -0.266519
0.671113 0.507648 389.000000 1.362052 -0.429418
0.671173 0.507518 389.100000 1.345146 0.092136
0.671210 0.507660 389.200000 1.276762 -1.456397
0.671244 0.507745 389.300000 1.268677 1.295117
0.671315 0.507708 389.400000 1.376324 0.852441
0.671400 0.507579 389.500000 1.414809 -0.084666
0.671513 0.507779 389.600000 1.490986 1.604396
0.671687 0.507922 389.700000 1.644586 1.459913
0.671910 0.507863 389.800000 1.755081 0.744460
0.672167 0.507802 389.900000 1.829388 0.737969
0.672421 0.507766 390.000000 1.823410 -0.857228
0.672671 0.507697 390.100000 1.814955 0.688546
0.672922 0.507612 390.200000 1.819638 -0.595118
0.673147 0.507524 390.300000 1.761297 -0.568774
0.673325 0.507715 390.400000 1.653431 -1.583156
0.673455 0.507655 390.500000 1.536900 -0.741635
0.673573 0.507527 390.600000 1.505936 0.123908
0.673699 0.507408 390.700000 1.526593 0.288197
0.673803 0.507527 390.800000 1.471083 -1.395635
0.673888 0.507412 390.900000 1.418186 0.340356
0.674008 0.507577 391.000000 1.511364 1.518535
0.674174 0.507532 391.100000 1.628342 0.815180
0.674329 0.507647 391.200000 1.599933 -1.381945
0.674481 0.507715 391.300000 1.593039 1.244404
0.674637 0.507723 391.400000 1.603363 -1.038430
0.674769 0.507596 391.500000 1.544010 -0.145669
0.674886 0.507522 391.600000 1.503768 -0.657157
0.674984 0.507404 391.700000 1.455656 -0.302681
0.675064 0.507331 391.800000 1.407177 -0.664474
0.675142 0.507234 391.900000 1.399201 0.505367
0.675201 0.507409 392.000000 1.347110 -1.544586
0.675211 0.507547 392.100000 1.197052 -1.449070
0.675196 0.507429 392.200000 1.109653 -0.294541
0.675169 0.507338 392.300000 1.067098 -0.554445
0.675113 0.507569 392.400000 0.955099 -1.679920
0.675041 0.507448 392.500000 0.884295 0.267372
0.674959 0.507478 392.600000 0.841685 -1.117432
0.674864 0.507353 392.700000 0.777320 -0.166668
0.674752 0.507623 392.800000 0.680130 -1.772258
0.674616 0.507659 392.900000 0.534249 -1.138065
0.674477 0.507573 393.000000 0.506516 0.584781
0.674340 0.507452 393.100000 0.523604 -0.243877
0.674191 0.507832 393.200000 0.411033 -2.001917
0.674029 0.507740 393.300000 0.283666 -0.539043
0.673862 0.507867 393.400000 0.185452 -1.420327
0.673691 0.508255 393.500000 0.013152 -2.017061
0.673521 0.508172 393.600000 -0.057655 0.604458
0.673350 0.508058 393.700000 -0.044287 -0.337768
0.673180 0.507942 393.800000 -0.077142 -0.317693
0.673009 0.508054 393.900000 -0.023894 1.379995
0.672838 0.508018 394.000000 0.002434 -0.854746
0.672667 0.507914 394.100000 -0.018249 0.442118
0.672497 0.507958 394.200000 -0.054626 -1.167843
0.672328 0.507830 394.300000 -0.116630 -0.069139
0.672161 0.507730 394.400000 -0.144093 -0.478740
0.671992 0.507767 394.500000 -0.110889 1.141168
0.671822 0.507666 394.600000 -0.030281 0.466952
0.671652 0.507559 394.700000 0.014195 0.420343
0.671482 0.507476 394.800000 0.065172 0.596644
0.671314 0.507417 394.900000 0.132313 0.742821
0.671150 0.507379 395.000000 0.211847 0.843887
0.670987 0.507297 395.100000 0.223855 -0.604335
0.670822 0.507172 395.200000 0.202191 0.172140
0.670660 0.507104 395.300000 0.245411 0.690109
0.670506 0.507219 395.400000 0.349522 1.386897
0.670362 0.507148 395.500000 0.452643 0.670371
0.670230 0.507200 395.600000 0.546178 1.195655
0.670107 0.507073 395.700000 0.602619 -0.069660
0.669977 0.507037 395.800000 0.556279 -0.854816
0.669839 0.506923 395.900000 0.496698 -0.333833
0.669692 0.506997 396.000000 0.416523 -1.265653
0.669533 0.507120 396.100000 0.282395 -1.410193
0.669371 0.507048 396.200000 0.245050 0.665149
0.669209 0.507025 396.300000 0.232763 -0.910267
0.669044 0.506899 396.400000 0.179732 -0.147702
0.668878 0.506890 396.500000 0.123733 -0.969492
0.668709 0.506785 396.600000 0.054138 -0.418919
0.668541 0.506673 396.700000 0.051299 0.362287
0.668373 0.506776 396.800000 0.001735 -1.351091
0.668205 0.506655 396.900000 -0.077617 -0.231984
0.668037 0.506599 397.000000 -0.051277 0.757471
0.667869 0.506484 397.100000 0.002244 0.310274
0.667701 0.506384 397.200000 0.041197 0.466825
0.667534 0.506257 397.300000 0.064948 0.007006
0.667368 0.506306 397.400000 0.124666 1.184371
0.667202 0.506415 397.500000 0.115199 -1.373243
0.667034 0.506290 397.600000 0.039698 -0.133002
0.666866 0.506196 397.700000 0.007332 -0.512686
0.666699 0.506450 397.800000 0.068920 1.741356
0.666534 0.506353 397.900000 0.131656 -0.489771
0.666367 0.506378 398.000000 0.051954 -1.100277
0.666200 0.506318 398.100000 0.033468 0.731486
0.666033 0.506191 398.200000 0.072211 0.041425
0.665870 0.506655 398.300000 0.183085 2.170517
0.665722 0.507004 398.400000 0.389484 1.947140
0.665591 0.506991 398.500000 0.534968 0.955270
0.665462 0.506918 398.600000 0.549820 -0.658984
0.665333 0.506846 398.700000 0.549972 0.662018
0.665200 0.506917 398.800000 0.520085 -1.258250
0.665059 0.506792 398.900000 0.450431 -0.131356
0.664919 0.506686 399.000000 0.464135 0.404760
0.664789 0.506688 399.100000 0.535337 1.015720
0.664671 0.506628 399.200000 0.622896 0.731068
0.664547 0.506777 399.300000 0.585145 -1.484188
0.664408 0.506736 399.400000 0.469249 -0.827940
0.664265 0.506609 399.500000 0.426563 -0.023657
0.664118 0.506533 399.600000 0.393546 -0.635028
0.663961 0.506807 399.700000 0.272013 -1.789544
0.663798 0.506719 399.800000 0.154334 -0.558160
0.663635 0.506608 399.900000 0.144002 0.352041
0.663475 0.506635 400.000000 0.217152 1.107289
0.663319 0.506509 400.100000 0.277046 0.087611
0.663164 0.506395 400.200000 0.297382 0.318089
0.663015 0.506391 400.300000 0.363046 0.991905
0.662874 0.506319 400.400000 0.445692 0.656875
0.662735 0.506205 400.500000 0.462994 -0.311700
0.662593 0.506098 400.600000 0.427341 -0.399580
0.662444 0.506055 400.700000 0.366287 -0.818435
0.662287 0.506119 400.800000 0.263411 -1.233944
0.662130 0.506101 400.900000 0.248299 0.932467
0.661979 0.506052 401.000000 0.334415 0.785542
0.661831 0.505926 401.100000 0.374280 0.009765
0.661679 0.505984 401.200000 0.313762 -1.217104
0.661517 0.506345 401.300000 0.153680 -1.976524
0.661352 0.506314 401.400000 0.010809 -0.873750
0.661187 0.506250 401.500000 0.002431 0.706596
0.661023 0.506125 401.600000 0.032934 -0.098049
0.660858 0.505999 401.700000 0.027966 -0.001061
0.660694 0.505874 401.800000 0.024732 -0.063465
0.660530 0.505814 401.900000 0.058012 0.727396
0.660366 0.505737 402.000000 0.062917 -0.629527
0.660202 0.505771 402.100000 -0.025476 -1.133919
0.660039 0.505652 402.200000 -0.071098 0.223757
0.659875 0.505539 402.300000 -0.075710 -0.315772
0.659714 0.505490 402.400000 -0.130945 -0.786158
0.659560 0.506062 402.500000 -0.289132 -2.369670
0.659423 0.506104 402.600000 -0.466180 -1.162440
0.659302 0.506152 402.700000 -0.583773 -1.183550
0.659193 0.506042 402.800000 -0.660843 -0.353995
0.659097 0.506103 402.900000 -0.740064 -1.226467
0.659028 0.506224 403.000000 -0.872261 -1.410858
0.658973 0.506100 403.100000 -0.937901 0.101350
0.658925 0.506021 403.200000 -0.963371 -0.609480
0.658893 0.505956 403.300000 -1.029015 -0.700118
0.658872 0.505833 403.400000 -1.070811 -0.133722
0.658834 0.505947 403.500000 -1.007870 1.389406
0.658794 0.505993 403.600000 -0.997193 -1.176408
0.658772 0.505874 403.700000 -1.067571 -0.227627
0.658762 0.505804 403.800000 -1.112426 -0.667225
0.658755 0.505705 403.900000 -1.122684 0.462566
0.658752 0.505651 404.000000 -1.137644 -0.761020
0.658749 0.505610 404.100000 -1.134564 0.822481
0.658726 0.505529 404.200000 -1.063453 0.596173
0.658698 0.505413 404.300000 -1.047263 -0.273182
0.658701 0.505756 404.400000 -1.158450 -1.945000
0.658746 0.505708 404.500000 -1.295676 -0.792660
0.658816 0.505646 404.600000 -1.371085 -0.711747
0.658920 0.505732 404.700000 -1.472179 -1.305082
0.659031 0.505733 404.800000 -1.486902 1.011359
0.659129 0.505623 404.900000 -1.453508 -0.345134
0.659225 0.505522 405.000000 -1.448790 0.439245
0.659297 0.505509 405.100000 -1.378920 0.954660
0.659333 0.505570 405.200000 -1.269636 1.225567
0.659318 0.506089 405.300000 -1.093728 2.283791
0.659271 0.505969 405.400000 -0.969079 0.202952
0.659222 0.505844 405.500000 -0.956553 0.046950
0.659165 0.505756 405.600000 -0.927097 0.540695
0.659112 0.505724 405.700000 -0.943592 -0.869764
0.659079 0.505662 405.800000 -1.022756 -0.709566
0.659081 0.505988 405.900000 -1.154268 -1.914095
0.659120 0.505903 406.000000 -1.278335 -0.561033
0.659159 0.505809 406.100000 -1.281174 0.504379
0.659214 0.505934 406.200000 -1.327241 -1.423405
0.659327 0.506273 406.300000 -1.495861 -1.940574
0.659508 0.506447 406.400000 -1.671231 -1.558052
0.659708 0.506379 406.500000 -1.715253 0.679819
0.659856 0.506669 406.600000 -1.589177 1.835390
0.659947 0.506729 406.700000 -1.435781 1.224852
0.659990 0.506947 406.800000 -1.290649 1.670538
0.659999 0.506852 406.900000 -1.182392 0.489197
0.660000 0.506729 407.000000 -1.152678 0.103595
0.660014 0.506718 407.100000 -1.195751 -0.962907
0.660057 0.506702 407.200000 -1.291066 -0.938631
0.660152 0.507166 407.300000 -1.447893 -2.190055
0.660292 0.507049 407.400000 -1.569723 -0.240463
0.660436 0.506925 407.500000 -1.578090 0.073552
0.660599 0.506944 407.600000 -1.628515 -1.079531
0.660772 0.506861 407.700000 -1.653352 0.584035
0.660914 0.506861 407.800000 -1.573711 1.004793
0.661053 0.506838 407.900000 -1.568964 -0.910096
0.661217 0.506724 408.000000 -1.629222 -0.292049
0.661390 0.506606 408.100000 -1.655018 -0.222568
0.661562 0.506493 408.200000 -1.651550 0.291755
0.661723 0.506377 408.300000 -1.623822 0.261419
0.661885 0.506266 408.400000 -1.627082 -0.326460
0.662053 0.506142 408.500000 -1.642593 0.017019
0.662213 0.506038 408.600000 -1.621675 0.400298
0.662360 0.505922 408.700000 -1.588829 0.254977
0.662521 0.505924 408.800000 -1.626783 -1.012158
0.662681 0.505947 408.900000 -1.622492 1.097759
0.662831 0.505864 409.000000 -1.596340 -0.576038
0.662964 0.505976 409.100000 -1.555685 1.387111
0.663081 0.505883 409.200000 -1.511561 -0.506831
0.663201 0.505775 409.300000 -1.519455 0.349349
0.663305 0.505690 409.400000 -1.473785 0.561762
0.663428 0.505908 409.500000 -1.529530 -1.673874
0.663585 0.505785 409.600000 -1.616465 -0.060484
0.663751 0.505679 409.700000 -1.638515 -0.379412
0.663951 0.505767 409.800000 -1.723440 -1.314833
0.664161 0.505733 409.900000 -1.746401 0.856748
0.664346 0.505626 410.000000 -1.685339 0.361442
0.664509 0.505559 410.100000 -1.633164 0.679448
0.664665 0.505448 410.200000 -1.615436 -0.325760
0.664841 0.505380 410.300000 -1.665229 -0.667620
0.664998 0.505573 410.400000 -1.617833 1.613181
0.665118 0.505461 410.500000 -1.522186 0.294965
0.665226 0.505352 410.600000 -1.490413 0.338902
0.665320 0.505260 410.700000 -1.448131 0.504632
0.665435 0.505492 410.800000 -1.508530 -1.709585
0.665583 0.505370 410.900000 -1.598307 -0.081478
0.665719 0.505318 411.000000 -1.564105 0.763807
0.665845 0.505202 411.100000 -1.537892 -0.240851
0.665980 0.505087 411.200000 -1.562681 -0.253698
0.666129 0.504992 411.300000 -1.599085 -0.472558
0.666297 0.504899 411.400000 -1.647641 -0.496142
0.666463 0.504817 411.500000 -1.643617 0.576437
0.666617 0.504694 411.600000 -1.613193 0.030506
0.666745 0.504783 411.700000 -1.545564 1.318709
0.666868 0.504795 411.800000 -1.532226 -1.052623
0.667000 0.504720 411.900000 -1.553693 0.624358
0.667132 0.504657 412.000000 -1.557553 -0.701365
0.667253 0.504740 412.100000 -1.527439 1.302142
0.667334 0.504732 412.200000 -1.413476 0.971415
0.667383 0.504700 412.300000 -1.321396 0.865575
0.667434 0.504678 412.400000 -1.323520 -0.907947
0.667489 0.504603 412.500000 -1.337776 0.623542
0.667552 0.504629 412.600000 -1.361943 -1.105668
0.667669 0.504993 412.700000 -1.517843 -2.004531
0.667849 0.505049 412.800000 -1.679179 -1.214130
0.668054 0.504927 412.900000 -1.739409 0.012541
0.668245 0.504854 413.000000 -1.706889 0.636243
0.668394 0.504981 413.100000 -1.602997 1.436391
0.668509 0.504877 413.200000 -1.511481 0.389366
0.668614 0.504757 413.300000 -1.486858 0.101863
0.668715 0.504639 413.400000 -1.472446 0.185643
0.668787 0.504770 413.500000 -1.390531 1.448566
0.668815 0.504850 413.600000 -1.253091 1.293369
0.668794 0.505286 413.700000 -1.080560 2.148619
0.668743 0.505181 413.800000 -0.954230 0.371655
0.668681 0.505093 413.900000 -0.909090 0.528885
0.668608 0.505010 414.000000 -0.853820 0.573770
0.668531 0.504898 414.100000 -0.839239 -0.282882
0.668452 0.504820 414.200000 -0.823398 0.598900
0.668368 0.504700 414.300000 -0.799773 -0.127570
0.668270 0.504869 414.400000 -0.728309 1.553268
0.668154 0.504833 414.500000 -0.608178 0.843341
0.668021 0.505009 414.600000 -0.487127 1.571626
0.667881 0.504888 414.700000 -0.412764 -0.088079
0.667740 0.504768 414.800000 -0.411680 0.109701
0.667598 0.504654 414.900000 -0.393944 0.244138
0.667454 0.504532 415.000000 -0.378538 0.063203
0.667322 0.504962 415.100000 -0.482608 -2.139394
0.667205 0.504853 415.200000 -0.606083 -0.323935
0.667103 0.505011 415.300000 -0.698673 -1.523226
0.667020 0.504919 415.400000 -0.800032 -0.498894
0.666934 0.504867 415.500000 -0.786987 0.759146
0.666847 0.504801 415.600000 -0.782806 -0.675736
0.666754 0.504908 415.700000 -0.747555 1.378995
0.666641 0.504901 415.800000 -0.629583 0.974548
0.666522 0.504780 415.900000 -0.585641 -0.097907
0.666407 0.504676 416.000000 -0.609197 -0.372044
0.666285 0.504747 416.100000 -0.564464 1.264471
0.666148 0.504790 416.200000 -0.442356 1.171597
0.666011 0.504786 416.300000 -0.433201 -0.988967
0.665876 0.504705 416.400000 -0.454027 0.573485
0.665737 0.504585 416.500000 -0.420650 0.092390
0.665593 0.504634 416.600000 -0.356353 1.190334
0.665442 0.504525 416.700000 -0.280462 0.323691
0.665291 0.504404 416.800000 -0.264465 -0.004558
0.665140 0.504284 416.900000 -0.269747 -0.100816
0.664995 0.504422 417.000000 -0.348423 -1.468762
0.664860 0.504345 417.100000 -0.452375 -0.605088
0.664735 0.504337 417.200000 -0.531256 -0.968593
0.664610 0.504294 417.300000 -0.539195 0.810215
0.664484 0.504199 417.400000 -0.521551 -0.458222
0.664358 0.504096 417.500000 -0.525273 0.383971
0.664233 0.504011 417.600000 -0.533644 -0.550974
0.664109 0.503913 417.700000 -0.539556 0.433037
0.663978 0.503833 417.800000 -0.488553 0.584475
0.663850 0.503822 417.900000 -0.507184 -0.956167
0.663732 0.503741 418.000000 -0.583743 -0.571185
0.663625 0.503717 418.100000 -0.657481 -0.899878
0.663527 0.503600 418.200000 -0.710750 -0.162850
0.663417 0.503768 418.300000 -0.640989 1.554592
0.663297 0.503648 418.400000 -0.566249 -0.063531
0.663176 0.503534 418.500000 -0.558239 0.223320
0.663047 0.503556 418.600000 -0.492258 1.093010
0.662906 0.503539 418.700000 -0.390987 0.927348
0.662760 0.503462 418.800000 -0.314234 0.603880
0.662614 0.503392 418.900000 -0.316312 -0.645338
0.662470 0.503272 419.000000 -0.345085 0.071314
0.662322 0.503252 419.100000 -0.295642 0.915073
0.662170 0.503211 419.200000 -0.209083 0.811778
0.662014 0.503108 419.300000 -0.149214 0.382605
0.661860 0.503067 419.400000 -0.170699 -0.811222
0.661706 0.502997 419.500000 -0.178780 0.650007
0.661553 0.503035 419.600000 -0.203880 -1.150760
0.661404 0.502916 419.700000 -0.264571 -0.060029
0.661255 0.502797 419.800000 -0.272279 -0.093746
0.661108 0.502692 419.900000 -0.294937 -0.358267
0.660968 0.502748 420.000000 -0.373763 -1.214325
0.660844 0.503065 420.100000 -0.530594 -1.914446
0.660730 0.502974 420.200000 -0.601670 0.496471
0.660610 0.502868 420.300000 -0.560051 0.333832
0.660493 0.502823 420.400000 -0.583145 -0.794545
0.660382 0.502704 420.500000 -0.620189 0.055500
0.660267 0.502601 420.600000 -0.599008 0.367065
0.660145 0.502575 420.700000 -0.536007 0.889817
0.660014 0.502474 420.800000 -0.472044 0.386235
0.659881 0.502356 420.900000 -0.446161 0.130125
0.659745 0.502263 421.000000 -0.416035 0.470896
0.659609 0.502172 421.100000 -0.416916 -0.488474
0.659477 0.502062 421.200000 -0.454808 -0.267473
0.659345 0.501955 421.300000 -0.451962 0.324249
0.659207 0.501910 421.400000 -0.396080 0.790598
0.659066 0.501792 421.500000 -0.360158 -0.073940
0.658926 0.501679 421.600000 -0.374992 -0.222003
0.658788 0.501561 421.700000 -0.392309 -0.123480
0.658656 0.501558 421.800000 -0.447954 -0.986628
0.658537 0.501612 421.900000 -0.557904 -1.206887
0.658419 0.501629 422.000000 -0.564699 1.071334
0.658290 0.501555 422.100000 -0.480161 0.615195
0.658155 0.501462 422.200000 -0.425763 0.470045
0.658021 0.501374 422.300000 -0.427786 -0.510397
0.657895 0.501357 422.400000 -0.499841 -0.927103
0.657762 0.501812 422.500000 -0.435927 2.202184
0.657611 0.502554 422.600000 -0.190364 2.696808
0.657455 0.502585 422.700000 0.001234 1.125565
0.657300 0.502497 422.800000 0.083184 0.509343
0.657146 0.502392 422.900000 0.091213 -0.349164
0.656991 0.502529 423.000000 0.000043 -1.469678
0.656836 0.502410 423.100000 -0.072981 0.012840
0.656682 0.502325 423.200000 -0.098997 -0.531851
0.656532 0.502502 423.300000 -0.204946 -1.581830
0.656392 0.502605 423.400000 -0.352960 -1.371065
0.656254 0.502558 423.500000 -0.382769 0.776393
0.656113 0.502439 423.600000 -0.343508 0.006851
0.655974 0.502348 423.700000 -0.367551 -0.486494
0.655851 0.503005 423.800000 -0.520443 -2.563702
0.655758 0.503126 423.900000 -0.720430 -1.426049
0.655665 0.503223 424.000000 -0.724193 1.350978
0.655554 0.503223 424.100000 -0.606163 1.003712
0.655430 0.503193 424.200000 -0.512463 0.865617
0.655296 0.503197 424.300000 -0.417929 1.020337
0.655158 0.503079 424.400000 -0.371645 -0.096975
0.655027 0.503136 424.500000 -0.437688 -1.220592
0.654895 0.503170 424.600000 -0.441838 1.137798
0.654764 0.503181 424.700000 -0.437319 -1.047630
0.654630 0.503298 424.800000 -0.418944 1.414214
0.654498 0.503492 424.900000 -0.429726 -1.629319
0.654388 0.503868 425.000000 -0.614232 -2.051575
0.654294 0.503750 425.100000 -0.714459 0.052033
0.654205 0.503663 425.200000 -0.737689 -0.515468
0.654130 0.503695 425.300000 -0.820318 -1.132969
0.654091 0.504158 425.400000 -0.988560 -2.223469
0.654083 0.504047 425.500000 -1.112522 -0.249566
0.654072 0.503952 425.600000 -1.102821 0.443099
0.654068 0.503950 425.700000 -1.130590 -0.997090
0.654077 0.503833 425.800000 -1.174765 0.115792
0.654094 0.503774 425.900000 -1.204509 -0.709176
0.654116 0.503665 426.000000 -1.225696 0.286502
0.654130 0.503564 426.100000 -1.192562 0.374505
0.654122 0.503603 426.200000 -1.115738 1.158143
0.654104 0.503499 426.300000 -1.074948 -0.344390
0.654092 0.503381 426.400000 -1.095940 -0.074398
0.654089 0.503319 426.500000 -1.134198 -0.688849
0.654099 0.503208 426.600000 -1.181200 -0.248847
0.654125 0.503172 426.700000 -1.235580 -0.836030
0.654179 0.503186 426.800000 -1.330630 -1.060206
0.654231 0.503242 426.900000 -1.322747 1.217462
0.654272 0.503160 427.000000 -1.289697 -0.558109
0.654316 0.503064 427.100000 -1.295973 0.432895
0.654335 0.503110 427.200000 -1.214990 1.182724
0.654316 0.503334 427.300000 -1.070049 1.708854
0.654273 0.503227 427.400000 -0.969629 0.294524
0.654213 0.503289 427.500000 -0.892727 1.239664
0.654136 0.503201 427.600000 -0.805257 0.505366
0.654043 0.503301 427.700000 -0.711492 1.365244
0.653940 0.503188 427.800000 -0.653211 -0.202534
0.653852 0.503417 427.900000 -0.749730 -1.723023
0.653788 0.503357 428.000000 -0.871107 -0.698441
0.653742 0.503352 428.100000 -0.955346 -0.982127
0.653722 0.503408 428.200000 -1.065680 -1.219036
0.653729 0.503376 428.300000 -1.169640 -0.854964
0.653749 0.503259 428.400000 -1.215801 -0.065946
0.653757 0.503248 428.500000 -1.171220 0.955336
0.653779 0.503623 428.600000 -1.226301 -2.054210
0.653853 0.503694 428.700000 -1.393125 -1.273933
0.653933 0.503678 428.800000 -1.410385 0.929598
0.653972 0.503859 428.900000 -1.283533 1.601105
0.653976 0.503835 429.000000 -1.158309 0.897116
0.653970 0.503719 429.100000 -1.118914 -0.111187
0.653964 0.503602 429.200000 -1.123030 0.029064
0.653969 0.503551 429.300000 -1.159349 -0.753621
0.654002 0.503645 429.400000 -1.264603 -1.346194
0.654045 0.503594 429.500000 -1.294238 0.754975
0.654094 0.503629 429.600000 -1.313823 -1.145705
0.654178 0.503646 429.700000 -1.424980 -1.071868
0.654294 0.503608 429.800000 -1.520129 -0.826369
0.654437 0.503532 429.900000 -1.591362 -0.594717
0.654572 0.503527 430.000000 -1.571973 0.981531
0.654657 0.503809 430.100000 -1.429867 1.853478
0.654707 0.503710 430.200000 -1.317290 0.392438
0.654743 0.503624 430.300000 -1.271913 0.512838
0.654772 0.503507 430.400000 -1.250003 -0.075735
0.654808 0.503406 430.500000 -1.272047 -0.364047
0.654848 0.503290 430.600000 -1.285357 0.098498
0.654891 0.503184 430.700000 -1.295906 -0.308933
0.654937 0.503068 430.800000 -1.309135 0.045005
0.654971 0.503035 430.900000 -1.264206 0.851324
0.654989 0.502925 431.000000 -1.209870 0.232693
0.654993 0.502874 431.100000 -1.160462 0.752981
0.654989 0.502760 431.200000 -1.129858 -0.142431
0.654988 0.502643 431.300000 -1.138961 -0.039172
0.655006 0.502748 431.400000 -1.210153 -1.381100
0.655060 0.502769 431.500000 -1.334111 -1.091866
0.655120 0.502711 431.600000 -1.353319 0.708672
0.655156 0.502686 431.700000 -1.273269 0.888322
0.655185 0.502588 431.800000 -1.248817 -0.400500
0.655234 0.502580 431.900000 -1.317360 -0.966941
0.655306 0.502488 432.000000 -1.388909 -0.460453
0.655399 0.502454 432.100000 -1.454275 -0.843606
0.655504 0.502340 432.200000 -1.490198 0.126949
0.655636 0.502536 432.300000 -1.566206 -1.643319
0.655810 0.502461 432.400000 -1.678439 -0.595726
0.655996 0.502345 432.500000 -1.708275 0.000505
0.656180 0.502230 432.600000 -1.702976 0.105192
0.656346 0.502184 432.700000 -1.658708 0.777967
0.656489 0.502089 432.800000 -1.598068 0.431806
0.656593 0.502340 432.900000 -1.487096 1.782079
0.656664 0.502229 433.000000 -1.387526 0.204331
0.656734 0.502118 433.100000 -1.387623 -0.206259
0.656754 0.503454 433.200000 -1.220167 3.547014
0.656703 0.503904 433.300000 -0.931354 2.214801
0.656632 0.503800 433.400000 -0.837129 -0.335007
0.656555 0.503803 433.500000 -0.803059 1.014705
0.656452 0.504190 433.600000 -0.647498 2.088736
0.656339 0.504119 433.700000 -0.574472 -0.631872
0.656226 0.504054 433.800000 -0.572946 0.662305
0.656123 0.504501 433.900000 -0.650600 -2.211500
0.656029 0.504525 434.000000 -0.706162 1.103042
0.655934 0.504498 434.100000 -0.695061 -0.881579
0.655822 0.505507 434.200000 -0.582598 3.125216
0.655685 0.505641 434.300000 -0.352026 1.474688
0.655540 0.505672 434.400000 -0.221252 1.134264
0.655391 0.505655 434.500000 -0.117937 0.926864
0.655240 0.505546 434.600000 -0.058269 0.263515
0.655090 0.505468 434.700000 -0.073847 -0.574287
0.654940 0.505404 434.800000 -0.068800 0.674958
0.654790 0.505339 434.900000 -0.068275 -0.664482
0.654641 0.505234 435.000000 -0.085557 0.319721
0.654491 0.505137 435.100000 -0.089977 -0.407914
0.654343 0.505038 435.200000 -0.129534 -0.381239
0.654194 0.504946 435.300000 -0.125830 0.455124
0.654044 0.504961 435.400000 -0.049487 1.067931
0.653894 0.504963 435.500000 -0.046860 -1.015536
0.653745 0.504879 435.600000 -0.071644 0.521107
0.653595 0.504775 435.700000 -0.029171 0.326220
0.653445 0.504676 435.800000 -0.032289 -0.388421
0.653296 0.504562 435.900000 -0.056968 -0.103921
0.653146 0.504542 436.000000 -0.016258 0.916083
0.652996 0.504449 436.100000 0.007390 -0.444300
0.652846 0.504343 436.200000 -0.000844 0.280032
0.652697 0.504228 436.300000 0.017550 0.086928
0.652548 0.504177 436.400000 0.059640 0.752759
0.652399 0.504065 436.500000 0.089906 -0.148951
0.652251 0.503950 436.600000 0.079136 -0.065917
0.652101 0.504015 436.700000 0.012884 -1.255794
0.651953 0.504086 436.800000 -0.114119 -1.277926
0.651808 0.503971 436.900000 -0.177685 0.009782
0.651663 0.503874 437.000000 -0.197502 -0.405123
0.651523 0.503964 437.100000 -0.284923 -1.338926
0.651400 0.504491 437.200000 -0.470803 -2.369388
0.651292 0.504378 437.300000 -0.596442 -0.137101
0.651191 0.504364 437.400000 -0.650581 -0.942975
0.651101 0.504263 437.500000 -0.715486 -0.351887
0.651010 0.504162 437.600000 -0.715245 0.356697
0.650920 0.504065 437.700000 -0.717326 -0.398211
0.650835 0.503951 437.800000 -0.741656 -0.087167
0.650760 0.503982 437.900000 -0.802750 -1.131671
0.650696 0.503868 438.000000 -0.863612 -0.082516
0.650649 0.504011 438.100000 -0.943189 -1.505051
0.650625 0.503926 438.200000 -1.044342 -0.512941
0.650611 0.503820 438.300000 -1.083453 -0.267334
0.650589 0.503787 438.400000 -1.054157 0.851789
0.650543 0.503865 438.500000 -0.946366 1.298635
0.650469 0.503976 438.600000 -0.810660 1.408708
0.650372 0.504079 438.700000 -0.670690 1.383688
0.650270 0.504012 438.800000 -0.633765 -0.647022
0.650173 0.503898 438.900000 -0.670306 -0.081966
0.650086 0.503935 439.000000 -0.732184 -1.152517
0.650003 0.503876 439.100000 -0.754742 0.702485
0.649908 0.503819 439.200000 -0.683818 0.712459
0.649815 0.503803 439.300000 -0.694682 -0.929191
0.649723 0.503768 439.400000 -0.699133 0.840389
0.649624 0.503654 439.500000 -0.655924 0.021620
0.649533 0.503654 439.600000 -0.705089 -1.002450
0.649449 0.503540 439.700000 -0.752082 0.064933
0.649380 0.503712 439.800000 -0.828462 -1.588708
0.649330 0.503617 439.900000 -0.928937 -0.415773
0.649274 0.503639 440.000000 -0.894907 1.094672
0.649186 0.504126 440.100000 -0.724686 2.301248
0.649085 0.504056 440.200000 -0.640703 -0.625790
0.648980 0.504097 440.300000 -0.613333 1.171807
0.648864 0.504022 440.400000 -0.525245 0.585552
0.648743 0.503918 440.500000 -0.481026 0.296611
0.648616 0.503926 440.600000 -0.414024 1.040082
0.648489 0.503981 440.700000 -0.423118 -1.221500
0.648367 0.503874 440.800000 -0.471865 0.249000
0.648238 0.503915 440.900000 -0.400665 1.171434
0.648104 0.503806 441.000000 -0.331232 0.213749
0.647967 0.503700 441.100000 -0.306990 0.269886
0.647827 0.503710 441.200000 -0.240897 1.048662
0.647683 0.503693 441.300000 -0.142034 0.923660
0.647536 0.503692 441.400000 -0.045556 1.001075
0.647389 0.503594 441.500000 -0.013884 -0.369218
0.647247 0.504437 441.600000 -0.178133 -2.907553
0.647125 0.505279 441.700000 -0.469601 -2.907226
0.647023 0.505170 441.800000 -0.626168 -0.216289
0.646922 0.505056 441.900000 -0.632857 0.082844
0.646817 0.504966 442.000000 -0.605888 0.455177
0.646710 0.504854 442.100000 -0.590486 -0.147898
0.646603 0.504742 442.200000 -0.590177 0.154065
0.646499 0.504658 442.300000 -0.608127 -0.512168
0.646405 0.504634 442.400000 -0.678503 -0.891843
0.646311 0.504598 442.500000 -0.681466 0.832747
0.646217 0.504554 442.600000 -0.679026 -0.784071
0.646133 0.504460 442.700000 -0.739409 -0.420575
0.646043 0.504493 442.800000 -0.703270 1.141549
0.645941 0.504408 442.900000 -0.620722 0.505277
0.645836 0.504298 443.000000 -0.604366 -0.178961
0.645732 0.504186 443.100000 -0.606786 0.130673
0.645617 0.504356 443.200000 -0.520745 1.585848
0.645494 0.504248 443.300000 -0.453088 -0.236097
0.645370 0.504182 443.400000 -0.432195 0.652910
0.645247 0.504188 443.500000 -0.450905 -1.026162
0.645130 0.504074 443.600000 -0.501026 0.026247
0.645010 0.504000 443.700000 -0.470093 0.590861
0.644886 0.503886 443.800000 -0.441602 -0.022458
0.644765 0.503781 443.900000 -0.455934 -0.263462
0.644647 0.503702 444.000000 -0.497001 -0.555826
0.644531 0.503607 444.100000 -0.504492 0.406369
0.644415 0.503529 444.200000 -0.512364 -0.563405
0.644303 0.503416 444.300000 -0.540808 -0.004061
0.644190 0.503307 444.400000 -0.531151 0.196718
0.644063 0.503842 444.500000 -0.401017 2.399470
0.643924 0.503864 444.600000 -0.225588 1.100338
0.643785 0.503872 444.700000 -0.222426 -1.037272
0.643646 0.503850 444.800000 -0.229309 0.899967
0.643504 0.503804 444.900000 -0.145428 0.773464
0.643360 0.503742 445.000000 -0.072682 0.677803
0.643215 0.503703 445.100000 0.002087 0.813852
0.643072 0.503783 445.200000 0.108568 1.310445
0.642931 0.503680 445.300000 0.159235 -0.299645
0.642789 0.503587 445.400000 0.165090 0.416441
0.642653 0.503800 445.500000 0.271428 1.705012
0.642532 0.504074 445.600000 0.450078 1.859061
0.642428 0.504103 445.700000 0.599616 1.124224
0.642334 0.503997 445.800000 0.668634 0.252670
0.642245 0.503905 445.900000 0.702640 0.425753
0.642156 0.503825 446.000000 0.696673 -0.544797
0.642067 0.503760 446.100000 0.702089 0.652848
0.641989 0.503695 446.200000 0.767706 0.656220
0.641915 0.503592 446.300000 0.785859 -0.294076
0.641824 0.503810 446.400000 0.684936 -1.719325
0.641723 0.503726 446.500000 0.624315 0.509921
0.641628 0.503614 446.600000 0.652991 0.062173
0.641530 0.503509 446.700000 0.643312 -0.255259
0.641434 0.503410 446.800000 0.648367 0.356098
0.641348 0.503432 446.900000 0.721205 1.097015
0.641270 0.503332 447.000000 0.759776 -0.327526
0.641186 0.503224 447.100000 0.732812 -0.210408
0.641097 0.503142 447.200000 0.696054 -0.522906
0.641005 0.503034 447.300000 0.679816 0.198956
0.640920 0.502957 447.400000 0.718178 0.566371
0.640848 0.502973 447.500000 0.800116 1.068295
0.640788 0.502862 447.600000 0.860296 0.132285
0.640723 0.502781 447.700000 0.840566 -0.525889
0.640647 0.502749 447.800000 0.771548 -0.851026
0.640554 0.502786 447.900000 0.671024 -1.154430
0.640449 0.502715 448.000000 0.582613 -0.609353
0.640338 0.502617 448.100000 0.534568 -0.349148
0.640226 0.502506 448.200000 0.522598 0.110343
0.640127 0.502883 448.300000 0.633147 2.095112
0.640054 0.502890 448.400000 0.790051 1.035108
0.639998 0.502844 448.500000 0.880299 0.765342
0.639951 0.502734 448.600000 0.925395 0.134324
0.639900 0.502648 448.700000 0.907777 -0.485800
0.639837 0.502603 448.800000 0.844571 -0.775161
0.639760 0.502563 448.900000 0.765324 -0.805808
0.639674 0.502455 449.000000 0.715653 -0.185133
0.639582 0.502389 449.100000 0.674278 -0.640292
0.639484 0.502290 449.200000 0.625029 -0.342239
0.639385 0.502190 449.300000 0.624234 0.326385
0.639292 0.502117 449.400000 0.670193 0.590502
0.639196 0.502137 449.500000 0.645228 -1.088555
0.639093 0.502026 449.600000 0.593154 0.049681
0.639005 0.502329 449.700000 0.692497 1.932217
0.638942 0.502356 449.800000 0.845272 1.115632
0.638885 0.502274 449.900000 0.875234 -0.517880
0.638817 0.502212 450.000000 0.815908 -0.665678
0.638731 0.502336 450.100000 0.709559 -1.455980
0.638627 0.502351 450.200000 0.583057 -1.067742
0.638507 0.502576 450.300000 0.442285 -1.740654
0.638378 0.502473 450.400000 0.341097 -0.278056
0.638246 0.502417 450.500000 0.291615 -0.709108
0.638114 0.502380 450.600000 0.297188 0.820284
0.637986 0.502270 450.700000 0.343791 0.109459
0.637864 0.502392 450.800000 0.421975 1.450314
0.637763 0.502822 450.900000 0.605427 2.209539
0.637693 0.503017 451.000000 0.799540 1.663028
0.637632 0.502947 451.100000 0.852290 -0.610680
0.637561 0.502859 451.200000 0.798639 -0.459652
0.637488 0.502752 451.300000 0.786549 0.218467
0.637412 0.502684 451.400000 0.766361 -0.621225
0.637326 0.502616 451.500000 0.703751 -0.627851
0.637225 0.502701 451.600000 0.605554 -1.331181
0.637116 0.502592 451.700000 0.531288 -0.150409
0.637013 0.502667 451.800000 0.588715 1.296078
0.636941 0.503392 451.900000 0.791497 2.749420
0.636906 0.503372 452.000000 0.974800 0.907467
0.636885 0.503281 452.100000 1.042034 0.433853
0.636872 0.503176 452.200000 1.075536 0.234513
0.636867 0.503083 452.300000 1.107521 0.403588
0.636870 0.502980 452.400000 1.141229 0.268896
0.636878 0.502870 452.500000 1.160942 0.124370
0.636878 0.502820 452.600000 1.129991 -0.741843
0.636862 0.502751 452.700000 1.061914 -0.616286
0.636819 0.503017 452.800000 0.938389 -1.848045
0.636751 0.502962 452.900000 0.809817 -0.716961
0.636677 0.502854 453.000000 0.781283 0.147710
0.636594 0.502961 453.100000 0.718168 -1.406870
0.636494 0.502926 453.200000 0.606220 -0.826483
0.636386 0.502844 453.300000 0.539163 -0.511304
0.636270 0.502818 453.400000 0.469531 -0.877857
0.636151 0.502724 453.500000 0.445411 0.396661
0.636035 0.502614 453.600000 0.468285 0.059680
0.635917 0.502526 453.700000 0.448474 -0.454907
0.635791 0.502599 453.800000 0.360906 -1.292069
0.635659 0.502553 453.900000 0.257566 -0.769568
0.635525 0.502455 454.000000 0.235889 0.337111
0.635392 0.502346 454.100000 0.246474 -0.125953
0.635259 0.502255 454.200000 0.260955 0.414852
0.635127 0.502150 454.300000 0.269859 -0.237215
0.634998 0.502165 454.400000 0.311380 1.065553
0.634880 0.502304 454.500000 0.440293 1.506278
0.634772 0.502218 454.600000 0.539234 0.467587
0.634672 0.502160 454.700000 0.597410 0.693028
0.634580 0.502072 454.800000 0.654930 0.454480
0.634494 0.501985 454.900000 0.700792 0.460478
0.634423 0.502047 455.000000 0.786594 1.251262
0.634382 0.502357 455.100000 0.947392 1.956659
0.634359 0.502257 455.200000 1.029826 -0.312103
0.634331 0.502149 455.300000 1.008033 -0.122664
0.634284 0.502375 455.400000 0.914186 -1.749573
0.634214 0.502305 455.500000 0.796068 -0.606880
0.634149 0.502330 455.600000 0.821354 1.111320
0.634094 0.502220 455.700000 0.873550 -0.069999
0.634048 0.502245 455.800000 0.925686 1.110121
0.634014 0.502136 455.900000 0.976428 -0.097836
0.633974 0.502045 456.000000 0.950733 -0.414774
0.633938 0.502005 456.100000 0.969952 0.798194
0.633896 0.502114 456.200000 0.939078 -1.414132
0.633828 0.502172 456.300000 0.806146 -1.237860
0.633748 0.502069 456.400000 0.731572 -0.249887
0.633666 0.501959 456.500000 0.720659 0.032167
0.633586 0.501851 456.600000 0.729521 0.144633
0.633494 0.502013 456.700000 0.657750 -1.576453
0.633388 0.501948 456.800000 0.546882 -0.635372
0.633274 0.501931 456.900000 0.468709 -0.924174
0.633147 0.502215 457.000000 0.327297 -1.896999
0.633011 0.502364 457.100000 0.155155 -1.537240
0.632873 0.502256 457.200000 0.070766 -0.146319
0.632735 0.502204 457.300000 0.026877 -0.729264
0.632597 0.502110 457.400000 -0.028187 -0.369275
0.632458 0.502040 457.500000 -0.016244 0.607555
0.632322 0.502485 457.600000 0.127110 2.252342
0.632194 0.502576 457.700000 0.308097 1.358350
0.632074 0.502496 457.800000 0.401947 0.513966
0.631951 0.502498 457.900000 0.376971 -1.012233
0.631825 0.502390 458.000000 0.319991 -0.124527
0.631696 0.502290 458.100000 0.298263 -0.308940
0.631568 0.502184 458.200000 0.290829 0.160618
0.631445 0.502293 458.300000 0.369852 1.415892
0.631332 0.502248 458.400000 0.479346 0.768515
0.631230 0.502268 458.500000 0.572665 1.093207
0.631135 0.502160 458.600000 0.623478 -0.079485
0.631042 0.502065 458.700000 0.638080 0.370796
0.630954 0.501966 458.800000 0.671906 0.304017
0.630873 0.501906 458.900000 0.721031 0.676042
0.630799 0.501801 459.000000 0.764521 0.191567
0.630724 0.501709 459.100000 0.754145 -0.398558
0.630642 0.501613 459.200000 0.716369 -0.355087
0.630554 0.501531 459.300000 0.673890 -0.492367
0.630453 0.501653 459.400000 0.576084 -1.458846
0.630338 0.501687 459.500000 0.445502 -1.146277
0.630217 0.501579 459.600000 0.393890 0.116614
0.630101 0.501529 459.700000 0.436739 0.738222
0.629999 0.501783 459.800000 0.565310 1.826770
0.629920 0.501918 459.900000 0.731976 1.498226
0.629852 0.501814 460.000000 0.796545 -0.210068
0.629775 0.501792 460.100000 0.741207 -0.893926
0.629692 0.501688 460.200000 0.707229 0.216060
0.629621 0.501709 460.300000 0.773016 1.096391
0.629569 0.501756 460.400000 0.887940 1.196347
0.629515 0.501897 460.500000 0.871845 -1.517450
0.629443 0.501820 460.600000 0.768380 -0.546676
0.629353 0.501993 460.700000 0.660187 -1.611779
0.629251 0.501896 460.800000 0.562614 -0.334798
0.629143 0.501846 460.900000 0.509099 -0.732832
0.629023 0.501997 461.000000 0.394676 -1.549904
0.628902 0.502031 461.100000 0.374527 1.147940
0.628782 0.502023 461.200000 0.383762 -0.963706
0.628662 0.502033 461.300000 0.387812 1.044510
0.628542 0.502013 461.400000 0.394645 -0.908196
0.628418 0.501923 461.500000 0.328615 -0.409100
0.628293 0.501820 461.600000 0.320467 0.246541
0.628172 0.501808 461.700000 0.380065 0.942437
0.628059 0.501747 461.800000 0.460693 0.666100
0.627945 0.501728 461.900000 0.448578 -0.907803
0.627828 0.501621 462.000000 0.409720 0.132592
0.627716 0.501657 462.100000 0.474342 1.156613
0.627611 0.501549 462.200000 0.529382 -0.058571
0.627499 0.501556 462.300000 0.474685 -1.032623
0.627384 0.501450 462.400000 0.429755 0.136258
0.627269 0.501342 462.500000 0.441649 0.101040
0.627155 0.501234 462.600000 0.447635 0.018380
0.627039 0.501143 462.700000 0.428323 -0.403669
0.626925 0.501070 462.800000 0.436751 0.571816
0.626820 0.501165 462.900000 0.534058 1.369446
0.626728 0.501090 463.000000 0.630774 0.560045
0.626647 0.501106 463.100000 0.712503 1.070449
0.626594 0.501502 463.200000 0.874481 2.161015
0.626555 0.501465 463.300000 0.941955 -0.814905
0.626513 0.501393 463.400000 0.930137 0.579129
0.626487 0.501383 463.500000 1.006818 0.950668
0.626476 0.501288 463.600000 1.071962 0.348949
0.626471 0.501183 463.700000 1.097982 0.170150
0.626478 0.501149 463.800000 1.148289 0.833478
0.626501 0.501059 463.900000 1.210465 0.406918
0.626529 0.500951 464.000000 1.231056 0.003889
0.626534 0.501208 464.100000 1.138972 -1.840964
0.626515 0.501103 464.200000 1.038734 -0.158800
0.626486 0.501063 464.300000 0.990989 -0.793703
0.626448 0.500956 464.400000 0.948390 -0.056157
0.626400 0.500932 464.500000 0.901236 -0.884558
0.626356 0.500984 464.600000 0.918075 1.220489
0.626338 0.501035 464.700000 1.040077 1.213461
0.626328 0.500951 464.800000 1.077276 -0.471342
0.626306 0.500877 464.900000 1.025785 -0.555907
0.626273 0.500801 465.000000 0.970510 -0.546819
0.626236 0.500698 465.100000 0.953627 0.209986
0.626212 0.500688 465.200000 1.011783 0.950239
0.626204 0.500617 465.300000 1.088676 0.583780
0.626197 0.500546 465.400000 1.088684 -0.583633
0.626173 0.500531 465.500000 1.012911 -0.928026
0.626132 0.500465 465.600000 0.935144 -0.623442
0.626086 0.500358 465.700000 0.906284 0.047703
0.626040 0.500251 465.800000 0.906048 -0.052422
0.625978 0.500425 465.900000 0.822198 -1.620385
0.625899 0.500338 466.000000 0.718925 -0.439902
0.625821 0.500265 466.100000 0.724994 0.560976
0.625752 0.500180 466.200000 0.776251 0.461594
0.625688 0.500081 466.300000 0.813396 0.279445
0.625628 0.499975 466.400000 0.830507 0.061934
0.625580 0.500020 466.500000 0.893419 1.193161
0.625561 0.500205 466.600000 1.036051 1.652343
0.625568 0.500142 466.700000 1.150733 0.635564
0.625580 0.500049 466.800000 1.164154 -0.367822
0.625555 0.500695 466.900000 1.012731 -2.653062
0.625514 0.500686 467.000000 0.927658 0.955844
0.625479 0.500585 467.100000 0.963676 -0.237277
0.625443 0.500478 467.200000 0.955732 0.078795
0.625407 0.500371 467.300000 0.958371 -0.026150
0.625372 0.500264 467.400000 0.957478 0.008347
0.625329 0.500206 467.500000 0.924234 -0.671572
0.625290 0.500196 467.600000 0.938274 0.951660
0.625254 0.500126 467.700000 0.956418 -0.589673
0.625206 0.500065 467.800000 0.894085 -0.653879
0.625137 0.500259 467.900000 0.777151 -1.678945
0.625046 0.500281 468.000000 0.637962 -1.097871
0.624946 0.500205 468.100000 0.556052 -0.536250
0.624837 0.500197 468.200000 0.480817 -0.964676
0.624719 0.500211 468.300000 0.379137 -1.063839
0.624595 0.500153 468.400000 0.291981 -0.674929
0.624467 0.500084 468.500000 0.228391 -0.593690
0.624336 0.500155 468.600000 0.133921 -1.290996
0.624203 0.500145 468.700000 0.021447 -0.952845
0.624070 0.500111 468.800000 -0.067601 -0.823661
0.623939 0.500055 468.900000 -0.143385 -0.688228
0.623808 0.500052 469.000000 -0.128452 0.986132
0.623675 0.500095 469.100000 -0.019536 1.186734
0.623543 0.500028 469.200000 0.070224 0.603989
0.623411 0.499937 469.300000 0.081332 -0.382393
0.623278 0.499850 469.400000 0.040774 -0.426734
0.623145 0.499777 469.500000 -0.008766 -0.561588
0.623014 0.499959 469.600000 -0.119456 -1.646669
0.622886 0.499859 469.700000 -0.214680 -0.253061
0.622760 0.499758 469.800000 -0.238313 -0.218406
0.622630 0.500058 469.900000 -0.151358 1.953140
0.622497 0.500089 470.000000 0.003634 1.138951
0.622366 0.500047 470.100000 0.099669 0.776949
0.622236 0.499942 470.200000 0.144787 0.123155
0.622106 0.499837 470.300000 0.155848 0.097528
0.621977 0.499733 470.400000 0.154036 -0.133693
0.621845 0.500020 470.500000 0.050843 -1.925003
0.621713 0.499915 470.600000 -0.050498 -0.096757
0.621582 0.499852 470.700000 -0.087497 -0.641372
0.621453 0.499917 470.800000 -0.183206 -1.268018
0.621328 0.499813 470.900000 -0.253920 -0.142718
0.621207 0.499844 471.000000 -0.317999 -1.135656
0.621091 0.499749 471.100000 -0.391495 -0.330596
0.620983 0.499797 471.200000 -0.468455 -1.204754
0.620885 0.499762 471.300000 -0.569741 -0.815900
0.620793 0.499657 471.400000 -0.604856 0.115361
0.620702 0.499578 471.500000 -0.624142 -0.500117
0.620613 0.499484 471.600000 -0.632037 0.342607
0.620505 0.500251 471.700000 -0.471033 2.869421
0.620380 0.500372 471.800000 -0.253904 1.462291
0.620251 0.500344 471.900000 -0.137486 0.860254
0.620123 0.500582 472.000000 -0.184714 -1.802458
0.620002 0.500538 472.100000 -0.313372 -0.764266
0.619885 0.500436 472.200000 -0.361173 -0.189359
0.619762 0.500646 472.300000 -0.284098 1.727009
0.619634 0.500557 472.400000 -0.176918 0.411233
0.619505 0.500464 472.500000 -0.139269 0.339863
0.619374 0.500675 472.600000 -0.035478 1.730775
0.619245 0.500741 472.700000 0.115296 1.277157
0.619116 0.500675 472.800000 0.148682 -0.611108
0.618986 0.500636 472.900000 0.078158 -0.795837
0.618855 0.500553 473.000000 0.015196 -0.460267
0.618724 0.500526 473.100000 -0.051178 -0.863887
0.618594 0.500591 473.200000 -0.030648 1.273450
0.618463 0.500498 473.300000 0.016062 -0.341572
0.618333 0.500438 473.400000 -0.034065 -0.658468
0.618202 0.500351 473.500000 -0.045734 0.425671
0.618072 0.500270 473.600000 -0.048533 -0.481499
0.617942 0.500245 473.700000 -0.029022 0.870743
0.617812 0.500182 473.800000 0.046575 0.637408
0.617684 0.500454 473.900000 0.173346 1.891683
0.617565 0.500473 474.000000 0.322552 1.084973
0.617468 0.501739 474.100000 0.557724 3.606698
0.617413 0.502113 474.200000 0.845536 2.135149
0.617386 0.502070 474.300000 0.991160 0.770058
0.617369 0.501966 474.400000 1.035952 0.123543
0.617344 0.501948 474.500000 0.996352 -0.913562
0.617307 0.501846 474.600000 0.940643 -0.197841
0.617279 0.501859 474.700000 0.983844 1.059707
0.617267 0.501772 474.800000 1.058338 0.426444
0.617243 0.501899 474.900000 1.005315 -1.484244
0.617190 0.502053 475.000000 0.852065 -1.573094
0.617106 0.502452 475.100000 0.663450 -2.189781
0.617004 0.502402 475.200000 0.517388 -0.724146
0.616897 0.502316 475.300000 0.459115 -0.438406
0.616784 0.502258 475.400000 0.403388 -0.673355
0.616666 0.502194 475.500000 0.338275 -0.625651
0.616541 0.502585 475.600000 0.197900 -2.174830
0.616412 0.502586 475.700000 0.038553 -1.004133
0.616282 0.502556 475.800000 -0.054222 -0.846739
0.616155 0.502513 475.900000 -0.135450 -0.773755
0.616031 0.502594 476.000000 -0.240983 -1.331631
0.615910 0.502514 476.100000 -0.282590 0.501568
0.615785 0.502559 476.200000 -0.197604 1.193906
0.615657 0.502549 476.300000 -0.089937 0.954050
0.615528 0.502444 476.400000 -0.037092 0.100210
0.615399 0.502483 476.500000 0.026696 1.172368
0.615272 0.502501 476.600000 0.139862 1.085294
0.615147 0.502405 476.700000 0.209560 0.305185
0.615026 0.502379 476.800000 0.268450 0.869654
0.614901 0.502715 476.900000 0.209212 -2.051436
0.614773 0.502729 477.000000 0.052968 -1.065633
0.614644 0.502734 477.100000 -0.051980 -1.028084
0.614520 0.502975 477.200000 -0.194677 -1.818717
0.614401 0.502916 477.300000 -0.318964 -0.660813
0.614285 0.502812 477.400000 -0.345354 0.134320
0.614169 0.502708 477.500000 -0.342634 -0.080040
0.614053 0.502603 477.600000 -0.348650 -0.039985
0.613936 0.502506 477.700000 -0.336762 0.277141
0.613816 0.502520 477.800000 -0.269262 1.069487
0.613692 0.502419 477.900000 -0.225454 -0.195516
0.613572 0.502397 478.000000 -0.279986 -0.892390
0.613451 0.502501 478.100000 -0.253826 1.414278
0.613327 0.502416 478.200000 -0.204922 -0.438641
0.613203 0.502350 478.300000 -0.196224 0.612168
0.613077 0.502254 478.400000 -0.151577 0.278542
0.612951 0.502152 478.500000 -0.128021 0.191388
0.612824 0.502055 478.600000 -0.132301 -0.276760
0.612701 0.502095 478.700000 -0.205098 -1.175550
0.612578 0.502034 478.800000 -0.231672 0.645410
0.612456 0.501963 478.900000 -0.227898 -0.570132
0.612337 0.501900 479.000000 -0.288216 -0.633200
0.612228 0.502314 479.100000 -0.431736 -2.230031
0.612136 0.502278 479.200000 -0.584376 -0.815133
0.612063 0.502538 479.300000 -0.718951 -1.869644
0.612023 0.502882 479.400000 -0.916626 -2.073965
0.611987 0.503033 479.500000 -0.942055 1.566641
0.611943 0.502966 479.600000 -0.893567 -0.599290
0.611905 0.502861 479.700000 -0.924469 -0.017216
0.611846 0.503291 479.800000 -0.811796 2.265035
0.611756 0.503548 479.900000 -0.604823 1.864093
0.611648 0.503755 480.000000 -0.424531 1.732730
0.611532 0.503651 480.100000 -0.336999 0.013522
0.611413 0.503691 480.200000 -0.277009 1.183292
0.611288 0.503831 480.300000 -0.140952 1.531039
0.611163 0.504095 480.400000 -0.158604 -1.883194
0.611046 0.504133 480.500000 -0.311778 -1.172624
0.610932 0.504035 480.600000 -0.357440 0.261656
0.610817 0.503931 480.700000 -0.341391 0.058532
0.610702 0.503826 480.800000 -0.341389 -0.058495
0.610586 0.503751 480.900000 -0.317778 0.529539
0.610467 0.503661 481.000000 -0.272017 0.383388
0.610346 0.503567 481.100000 -0.237105 0.313101
0.610226 0.503518 481.200000 -0.258255 -0.735040
0.610108 0.503414 481.300000 -0.293014 0.041611
0.609991 0.503315 481.400000 -0.302344 -0.227761
0.609872 0.503253 481.500000 -0.281695 0.639706
0.609750 0.503226 481.600000 -0.206151 0.867414
0.609627 0.503129 481.700000 -0.175775 -0.261429
0.609504 0.503031 481.800000 -0.201517 -0.252118
0.609382 0.502935 481.900000 -0.199955 0.283274
0.609259 0.502850 482.000000 -0.164362 0.426826
0.609134 0.502755 482.100000 -0.127340 0.311759
0.609010 0.502730 482.200000 -0.155393 -0.871414
0.608889 0.502655 482.300000 -0.225847 -0.534144
0.608768 0.502579 482.400000 -0.226463 0.521846
0.608645 0.502510 482.500000 -0.171392 0.576831
0.608522 0.502451 482.600000 -0.175600 -0.660781
0.608399 0.502388 482.700000 -0.176972 0.633392
0.608278 0.502472 482.800000 -0.212739 -1.346927
0.608158 0.502474 482.900000 -0.229430 1.013934
0.608035 0.502372 483.000000 -0.183905 -0.105721
0.607911 0.502383 483.100000 -0.136296 1.055536
0.607786 0.502283 483.200000 -0.092827 -0.188332
0.607663 0.502316 483.300000 -0.160042 -1.152608
0.607543 0.502213 483.400000 -0.222498 -0.093399
0.607426 0.502253 483.500000 -0.286361 -1.180664
0.607322 0.502656 483.600000 -0.456439 -2.212389
0.607229 0.502554 483.700000 -0.560609 0.134193
0.607147 0.502859 483.800000 -0.653662 -1.990607
0.607097 0.503155 483.900000 -0.852102 -1.968258
0.607067 0.503059 484.000000 -0.964310 -0.270303
0.607036 0.502978 484.100000 -0.954432 0.467372
0.606987 0.503093 484.200000 -0.857888 1.458691
0.606928 0.503006 484.300000 -0.804490 -0.393419
0.606866 0.502972 484.400000 -0.782939 0.823376
0.606798 0.502868 484.500000 -0.740707 0.019144
0.606719 0.502958 484.600000 -0.671081 1.369892
0.606632 0.502858 484.700000 -0.612696 -0.205106
0.606542 0.502828 484.800000 -0.580792 0.841593
0.606442 0.502832 484.900000 -0.487265 1.024261
0.606329 0.503015 485.000000 -0.352393 1.666445
0.606217 0.503147 485.100000 -0.344638 -1.511740
0.606111 0.503055 485.200000 -0.437596 -0.342765
0.606004 0.503039 485.300000 -0.408543 0.922368
0.605889 0.503060 485.400000 -0.307259 1.098251
0.605768 0.503028 485.500000 -0.210390 0.834287
0.605645 0.503078 485.600000 -0.107242 1.223523
0.605520 0.502975 485.700000 -0.046258 -0.006893
0.605396 0.502880 485.800000 -0.061109 -0.289390
0.605272 0.502784 485.900000 -0.089414 -0.275296
0.605149 0.502682 486.000000 -0.097080 0.122350
0.605024 0.502793 486.100000 -0.018644 1.442449
0.604904 0.503495 486.200000 0.193953 2.798877
0.604794 0.503461 486.300000 0.375514 0.823255
0.604689 0.503366 486.400000 0.431315 0.289984
0.604583 0.503291 486.500000 0.419518 -0.525336
0.604473 0.503205 486.600000 0.372765 -0.407396
0.604361 0.503103 486.700000 0.346156 -0.123449
0.604258 0.503513 486.800000 0.452006 2.235152
0.604170 0.503449 486.900000 0.595173 0.621027
0.604084 0.503354 487.000000 0.612193 -0.281479
0.603991 0.503351 487.100000 0.548427 -0.990648
0.603891 0.503264 487.200000 0.478839 -0.397632
0.603787 0.503170 487.300000 0.443857 -0.300267
0.603686 0.503124 487.400000 0.466373 0.749472
0.603585 0.503068 487.500000 0.469935 -0.678408
0.603476 0.503064 487.600000 0.386850 -0.979148
0.603358 0.503384 487.700000 0.235828 -2.033728
0.603235 0.503335 487.800000 0.097414 -0.727640
0.603114 0.503443 487.900000 0.132812 1.433829
0.602995 0.503341 488.000000 0.211068 0.127392
0.602874 0.503323 488.100000 0.171844 -0.909913
0.602751 0.503282 488.200000 0.087168 -0.779381
0.602630 0.503481 488.300000 0.134202 1.717715
0.602515 0.503541 488.400000 0.283592 1.262608
0.602405 0.503447 488.500000 0.361570 0.293054
0.602299 0.503409 488.600000 0.416155 0.795925
0.602194 0.503347 488.700000 0.424361 -0.632212
0.602089 0.503262 488.800000 0.414029 0.426080
0.601988 0.503191 488.900000 0.463207 0.555027
0.601889 0.503089 489.000000 0.486914 -0.082079
0.601785 0.503078 489.100000 0.435326 -0.947097
0.601677 0.502979 489.200000 0.378078 -0.195001
0.601573 0.503043 489.300000 0.432491 1.280530
0.601476 0.502942 489.400000 0.501354 0.093303
0.601390 0.503215 489.500000 0.602220 1.918957
0.601321 0.503143 489.600000 0.725959 0.549637
0.601275 0.503566 489.700000 0.867311 2.270340
0.601255 0.503481 489.800000 1.001483 0.406399
0.601234 0.503395 489.900000 1.001515 -0.405765
0.601199 0.503411 490.000000 0.926926 -1.082287
0.601158 0.503332 490.100000 0.896522 0.475733
0.601132 0.503336 490.200000 0.971646 1.022985
0.601110 0.503270 490.300000 0.992800 -0.600970
0.601093 0.503286 490.400000 1.016709 1.077957
0.601085 0.503188 490.500000 1.060320 -0.207921
0.601075 0.503085 490.600000 1.050109 0.004213
0.601069 0.503002 490.700000 1.072421 0.440919
0.601070 0.502901 490.800000 1.099302 0.095353
0.601076 0.502811 490.900000 1.121485 0.347197
0.601083 0.502714 491.000000 1.126615 -0.244844
0.601090 0.502622 491.100000 1.129787 0.308122
0.601088 0.502662 491.200000 1.086018 -1.181306
0.601062 0.502679 491.300000 0.972351 -1.086366
0.601018 0.502637 491.400000 0.879393 -0.768134
0.600961 0.502608 491.500000 0.798482 -0.846050
0.600888 0.502632 491.600000 0.700143 -1.115803
0.600810 0.502538 491.700000 0.658081 0.276650
0.600736 0.502448 491.800000 0.689295 0.346069
0.600671 0.502407 491.900000 0.745603 0.777277
0.600615 0.502328 492.000000 0.808553 0.478581
0.600556 0.502314 492.100000 0.785897 -0.930559
0.600487 0.502222 492.200000 0.723095 -0.322349
0.600417 0.502125 492.300000 0.717453 0.209799
0.600348 0.502024 492.400000 0.722646 -0.106216
0.600279 0.501922 492.500000 0.719734 0.048123
0.600215 0.501866 492.600000 0.755837 0.672135
0.600156 0.501765 492.700000 0.785572 -0.078917
0.600089 0.501758 492.800000 0.733173 -0.966444
0.600013 0.501665 492.900000 0.669869 -0.296463
0.599932 0.501576 493.000000 0.637213 -0.355021
0.599856 0.501565 493.100000 0.666750 0.944280
0.599786 0.501464 493.200000 0.716306 0.044354
0.599723 0.501430 493.300000 0.759553 0.818419
0.599663 0.501345 493.400000 0.780431 -0.401895
0.599605 0.501280 493.500000 0.790493 0.602641
0.599549 0.501185 493.600000 0.807961 -0.254157
0.599497 0.501116 493.700000 0.823763 0.569391
0.599440 0.501120 493.800000 0.801113 -1.021256
0.599370 0.501081 493.900000 0.710611 -0.784261
0.599294 0.500981 494.000000 0.664768 -0.130308
0.599225 0.501036 494.100000 0.720481 1.241784
0.599171 0.500975 494.200000 0.814217 0.628266
0.599120 0.500879 494.300000 0.833986 -0.233877
0.599075 0.500866 494.400000 0.869241 0.937198
0.599046 0.500823 494.500000 0.954038 0.754510
0.599025 0.500722 494.600000 0.996324 0.089102
0.598989 0.500893 494.700000 0.918618 -1.639343
0.598939 0.500791 494.800000 0.837362 0.018296
0.598883 0.500749 494.900000 0.799917 -0.765341
0.598816 0.500679 495.000000 0.734007 -0.549551
0.598745 0.500580 495.100000 0.698520 -0.158416
0.598661 0.500763 495.200000 0.606531 -1.676773
0.598568 0.500663 495.300000 0.527804 0.106183
0.598473 0.500593 495.400000 0.505140 -0.558338
0.598373 0.500526 495.500000 0.448296 -0.575706
0.598273 0.500481 495.600000 0.456708 0.743521
0.598185 0.500609 495.700000 0.569532 1.507327
0.598106 0.500508 495.800000 0.645092 0.000098
0.598032 0.500446 495.900000 0.676267 0.621841
0.597960 0.500348 496.000000 0.699000 -0.168315
0.597888 0.500247 496.100000 0.688941 -0.032358
0.597818 0.500167 496.200000 0.709810 0.448679
0.597757 0.500109 496.300000 0.765148 0.655327
0.597709 0.500107 496.400000 0.847564 0.988864
0.597684 0.500236 496.500000 0.972916 1.511913
0.597677 0.500143 496.600000 1.062266 0.270624
0.597661 0.500177 496.700000 1.017782 -1.158083
0.597627 0.500125 496.800000 0.924929 -0.694348
0.597590 0.500040 496.900000 0.909527 0.387092
0.597567 0.500063 497.000000 0.984673 1.112075
0.597561 0.499988 497.100000 1.065680 0.504008
0.597558 0.499894 497.200000 1.078014 -0.257937
0.597557 0.499820 497.300000 1.090587 0.508759
0.597572 0.499798 497.400000 1.160449 0.884996
0.597580 0.499928 497.500000 1.129000 -1.512408
0.597573 0.499829 497.600000 1.059796 0.131775
0.597596 0.500363 497.700000 1.192361 2.512901
0.597674 0.500556 497.800000 1.404107 1.711437
0.597796 0.500619 497.900000 1.553848 1.275898
0.597961 0.500701 498.000000 1.685284 1.346238
0.598137 0.500651 498.100000 1.717205 -0.709407
0.598305 0.500556 498.200000 1.693728 0.241041
0.598482 0.500465 498.300000 1.721098 0.304990
0.598694 0.500633 498.400000 1.818442 1.637020
0.598961 0.500698 498.500000 1.964704 1.280918
0.599275 0.500707 498.600000 2.081403 1.047221
0.599627 0.500661 498.700000 2.170694 0.734142
0.599990 0.500565 498.800000 2.196443 -0.220456
0.600344 0.500469 498.900000 2.175698 -0.193412
0.600675 0.500445 499.000000 2.122184 -0.874184
0.600994 0.500353 499.100000 2.092964 0.291229
0.601324 0.500262 499.200000 2.122391 0.295841
0.601636 0.500308 499.300000 2.076520 -1.210960
0.601937 0.500262 499.400000 2.052483 0.731419
0.602277 0.500287 499.500000 2.145160 1.117498
0.602647 0.500192 499.600000 2.213089 0.237680
0.603018 0.500095 499.700000 2.217163 -0.156404
0.603367 0.500069 499.800000 2.166173 -0.860843
0.603698 0.499969 499.900000 2.125863 0.056657
0.604015 0.499923 500.000000 2.092005 -0.732129
0.604289 0.500007 500.100000 1.987256 -1.357604
0.604535 0.499907 500.200000 1.917083 -0.042350
0.604771 0.499833 500.300000 1.889290 -0.512124
0.605006 0.499758 500.400000 1.888219 0.490756
0.605237 0.499709 500.500000 1.877099 -0.712600
0.605423 0.499934 500.600000 1.750914 -1.804783
0.605586 0.499863 500.700000 1.687526 0.540183
0.605749 0.499795 500.800000 1.686555 -0.559558
0.605910 0.499716 500.900000 1.681283 0.454388
0.606082 0.499620 501.000000 1.713694 0.192211
0.606262 0.499525 501.100000 1.734657 0.225996
0.606456 0.499467 501.200000 1.778360 0.645876
0.606648 0.499433 501.300000 1.769905 -0.814554
0.606801 0.499534 501.400000 1.658122 -1.415515
0.606948 0.499541 501.500000 1.638969 1.033414
0.607092 0.499574 501.600000 1.632906 -1.154376
0.607212 0.499493 501.700000 1.553304 -0.433674
0.607348 0.499615 501.800000 1.606318 1.491291
0.607490 0.499636 501.900000 1.626028 -1.098076
0.607593 0.499744 502.000000 1.498480 -1.446504
0.607682 0.499676 502.100000 1.454045 0.560029
0.607779 0.499577 502.200000 1.478574 -0.070683
0.607871 0.499484 502.300000 1.462519 -0.249612
0.607958 0.499385 502.400000 1.447708 -0.045863
0.608038 0.499312 502.500000 1.419576 -0.515377
0.608111 0.499213 502.600000 1.397233 0.069645
0.608166 0.499309 502.700000 1.330554 -1.399886
0.608187 0.499395 502.800000 1.191938 -1.365505
0.608173 0.499569 502.900000 1.040325 -1.659179
0.608123 0.499969 503.000000 0.844769 -2.242172
0.608049 0.499974 503.100000 0.681082 -1.023369
0.607959 0.500046 503.200000 0.563969 -1.313036
0.607864 0.499949 503.300000 0.505322 0.143021
0.607770 0.499850 503.400000 0.515044 0.050937
0.607678 0.499781 503.500000 0.545420 0.555066
0.607591 0.499683 503.600000 0.578314 0.101170
0.607494 0.499975 503.700000 0.483820 -1.986325
0.607384 0.499952 503.800000 0.340360 -0.875710
0.607276 0.499972 503.900000 0.351319 1.094342
0.607175 0.499932 504.000000 0.445056 0.775710
0.607075 0.499880 504.100000 0.449445 -0.688150
0.606967 0.499932 504.200000 0.353124 -1.233459
0.606853 0.499872 504.300000 0.259639 -0.631558
0.606739 0.499791 504.400000 0.249385 0.426985
0.606626 0.499693 504.500000 0.266393 -0.087681
0.606514 0.499623 504.600000 0.289048 0.539655
0.606399 0.499799 504.700000 0.232549 -1.666813
0.606282 0.499715 504.800000 0.168874 0.396500
0.606167 0.499679 504.900000 0.228612 0.795269
0.606056 0.499603 505.000000 0.292688 0.483058
0.605950 0.499653 505.100000 0.378289 1.224683
0.605850 0.499562 505.200000 0.453735 0.280452
0.605760 0.499711 505.300000 0.547240 1.584987
0.605676 0.499637 505.400000 0.601851 -0.495509
0.605589 0.499539 505.500000 0.571933 -0.101350
0.605499 0.499449 505.600000 0.551791 -0.300493
0.605415 0.499526 505.700000 0.603486 1.331826
0.605341 0.499431 505.800000 0.680829 0.211154
0.605268 0.499333 505.900000 0.687750 -0.073075
0.605198 0.499257 506.000000 0.708131 0.479681
0.605129 0.499175 506.100000 0.711873 -0.405039
0.605059 0.499085 506.200000 0.706405 0.295961
0.604992 0.498989 506.300000 0.729658 0.167930
0.604924 0.498900 506.400000 0.722303 -0.314653
0.604864 0.499014 506.500000 0.779949 1.464677
0.604812 0.498952 506.600000 0.822688 -0.612034
0.604761 0.498919 506.700000 0.832628 0.810334
0.604720 0.498836 506.800000 0.893624 0.406537
0.604695 0.498892 506.900000 0.976662 1.250082
0.604691 0.498856 507.000000 1.079295 0.797453
0.604696 0.498759 507.100000 1.124291 0.100212
0.604701 0.498663 507.200000 1.121902 -0.147867
0.604714 0.498641 507.300000 1.158508 0.878146
0.604734 0.498550 507.400000 1.188978 -0.270261
0.604748 0.498457 507.500000 1.162942 -0.249164
0.604756 0.498370 507.600000 1.133985 -0.328526
0.604758 0.498273 507.700000 1.111632 -0.117410
0.604756 0.498187 507.800000 1.088067 -0.352730
0.604747 0.498095 507.900000 1.058652 -0.234098
0.604748 0.498128 508.000000 1.104775 1.154270
0.604752 0.498113 508.100000 1.116413 -0.922099
0.604731 0.498217 508.200000 0.998433 -1.431595
0.604683 0.498355 508.300000 0.848944 -1.550714
0.604618 0.498297 508.400000 0.739530 -0.632100
0.604546 0.498208 508.500000 0.692626 -0.303624
0.604475 0.498126 508.600000 0.697607 0.402993
0.604402 0.498084 508.700000 0.679865 -0.756957
0.604330 0.498080 508.800000 0.690927 0.977657
0.604270 0.498026 508.900000 0.773501 0.669684
0.604211 0.497963 509.000000 0.777619 -0.587538
0.604143 0.497893 509.100000 0.721228 -0.537452
0.604067 0.497839 509.200000 0.660962 -0.664856
0.603972 0.498460 509.300000 0.491956 -2.706815
0.603864 0.498407 509.400000 0.322401 -0.675811
0.603754 0.498310 509.500000 0.291317 0.055689
0.603640 0.498462 509.600000 0.214142 -1.595332
0.603523 0.498386 509.700000 0.110253 -0.477250
0.603406 0.498421 509.800000 0.144633 1.163129
0.603295 0.498466 509.900000 0.263380 1.205864
0.603190 0.498445 510.000000 0.368324 0.887771
0.603084 0.498508 510.100000 0.348702 -1.279217
0.602975 0.498429 510.200000 0.306231 0.431912
0.602872 0.498502 510.300000 0.394025 1.319583
0.602768 0.498664 510.400000 0.378484 -1.629638
0.602660 0.498607 510.500000 0.329158 0.645599
0.602561 0.498711 510.600000 0.433473 1.435473
0.602469 0.498620 510.700000 0.517944 0.249727
0.602385 0.498667 510.800000 0.591387 1.215466
0.602310 0.498572 510.900000 0.660160 0.156556
0.602239 0.498494 511.000000 0.690417 0.447062
0.602173 0.498407 511.100000 0.729654 0.335712
0.602110 0.498310 511.200000 0.750172 0.073634
0.602053 0.498258 511.300000 0.787996 0.680962
0.602002 0.498161 511.400000 0.822835 0.014077
0.601941 0.498212 511.500000 0.761714 -1.233448
0.601869 0.498125 511.600000 0.683150 -0.333908
0.601803 0.498166 511.700000 0.725997 1.188701
0.601745 0.498069 511.800000 0.784958 -0.012413
0.601676 0.498211 511.900000 0.705841 -1.565974
0.601593 0.498163 512.000000 0.591689 -0.711373
0.601515 0.498290 512.100000 0.631925 1.514100
0.601453 0.498291 512.200000 0.758115 1.003377
0.601387 0.498471 512.300000 0.723875 -1.686461
0.601311 0.498377 512.400000 0.648102 0.174795
0.601229 0.498374 512.500000 0.607521 -0.984384
0.601134 0.498522 512.600000 0.478640 -1.586790
0.601030 0.498466 512.700000 0.366587 -0.648673
0.600927 0.498439 512.800000 0.376478 0.846004
0.600832 0.498473 512.900000 0.477117 1.161737
0.600751 0.498577 513.000000 0.607398 1.437367
0.600679 0.498480 513.100000 0.679479 0.000647
0.600621 0.498760 513.200000 0.778145 1.967738
0.600593 0.498917 513.300000 0.957653 1.613446
0.600591 0.498904 513.400000 1.085310 0.933316
0.600599 0.498807 513.500000 1.132657 0.011258
0.600628 0.499030 513.600000 1.224127 1.813572
0.600691 0.499021 513.700000 1.362677 0.950495
0.600778 0.498973 513.800000 1.446081 0.713407
0.600870 0.498887 513.900000 1.464927 -0.337412
0.600946 0.498847 514.000000 1.409750 -0.763384
0.601009 0.498755 514.100000 1.359814 -0.232823
0.601052 0.498822 514.200000 1.283124 -1.297151
0.601075 0.498739 514.300000 1.198776 -0.385596
0.601102 0.498693 514.400000 1.215589 0.721024
0.601129 0.498649 514.500000 1.214796 -0.736843
0.601147 0.498552 514.600000 1.178531 0.013355
0.601180 0.498609 514.700000 1.242251 1.257865
0.601228 0.498512 514.800000 1.305037 -0.005293
0.601287 0.498472 514.900000 1.343175 0.766154
0.601358 0.498380 515.000000 1.392037 0.208630
0.601442 0.498329 515.100000 1.437234 0.693057
0.601530 0.498246 515.200000 1.453436 -0.369829
0.601597 0.498292 515.300000 1.374101 -1.212906
0.601634 0.498298 515.400000 1.261854 -1.026418
0.601663 0.498210 515.500000 1.225371 0.298570
0.601707 0.498199 515.600000 1.287613 0.943173
0.601747 0.498268 515.700000 1.269363 -1.307259
0.601764 0.498203 515.800000 1.175432 -0.566680
0.601784 0.498163 515.900000 1.185208 0.761710
0.601816 0.498074 516.000000 1.238064 0.292780
0.601852 0.497978 516.100000 1.256356 0.072137
0.601889 0.497882 516.200000 1.257715 -0.045028
0.601924 0.497786 516.300000 1.254004 -0.029007
0.601953 0.497716 516.400000 1.226173 -0.526205
0.601979 0.497628 516.500000 1.214438 0.292074
0.601999 0.497603 516.600000 1.186102 -0.857375
0.602009 0.497507 516.700000 1.143419 0.005859
0.602006 0.497549 516.800000 1.083709 -1.197083
0.601985 0.497490 516.900000 0.992472 -0.623091
0.601952 0.497434 517.000000 0.928833 -0.646517
0.601902 0.497519 517.100000 0.827875 -1.367589
0.601827 0.497877 517.200000 0.650699 -2.167075
0.601735 0.497841 517.300000 0.502604 -0.787412
0.601630 0.498307 517.400000 0.342159 -2.413473
0.601514 0.498760 517.500000 0.101687 -2.383934
0.601398 0.498685 517.600000 -0.041613 -0.474903
0.601282 0.498653 517.700000 -0.024571 0.814893
0.601166 0.498577 517.800000 0.039091 0.455167
0.601050 0.498585 517.900000 0.009787 -1.039779
0.600934 0.498588 518.000000 0.008608 1.016241
0.600820 0.498641 518.100000 0.121802 1.241987
0.600708 0.498549 518.200000 0.195031 0.218940
0.600596 0.498453 518.300000 0.205855 -0.003013
0.600481 0.498633 518.400000 0.120886 -1.692119
0.600366 0.498625 518.500000 -0.011877 -0.956508
0.600250 0.498534 518.600000 -0.048356 0.228758
0.600134 0.498655 518.700000 0.038289 1.499804
0.600020 0.498559 518.800000 0.109422 -0.080698
0.599905 0.498631 518.900000 0.039351 -1.317225
0.599789 0.498570 519.000000 -0.057187 -0.608689
0.599674 0.498478 519.100000 -0.078284 0.187791
0.599560 0.498401 519.200000 -0.091491 -0.451266
0.599444 0.498491 519.300000 -0.044474 1.389253
0.599329 0.498430 519.400000 0.055290 0.601034
0.599219 0.499090 519.500000 0.225965 2.803939
0.599119 0.499033 519.600000 0.398306 0.634260
0.599015 0.499177 519.700000 0.350888 -1.580236
0.598905 0.499135 519.800000 0.234062 -0.750459
0.598792 0.499287 519.900000 0.115946 -1.605944
0.598676 0.499219 520.000000 0.008532 -0.536972
0.598562 0.499276 520.100000 -0.081519 -1.259534
0.598452 0.499476 520.200000 -0.232623 -1.755009
0.598348 0.499393 520.300000 -0.339297 -0.373130
0.598249 0.499365 520.400000 -0.400011 -0.838106
0.598159 0.499439 520.500000 -0.508722 -1.330689
0.598088 0.499737 520.600000 -0.676961 -2.025671
0.598029 0.499647 520.700000 -0.765602 0.257283
0.597965 0.499578 520.800000 -0.726529 0.522212
0.597886 0.499766 520.900000 -0.614135 1.720046
0.597799 0.499674 521.000000 -0.538094 -0.203020
0.597710 0.499641 521.100000 -0.507513 0.813103
0.597623 0.499767 521.200000 -0.542967 -1.520394
0.597557 0.499974 521.300000 -0.708292 -1.777838
0.597503 0.499878 521.400000 -0.796915 0.009805
0.597457 0.499869 521.500000 -0.843936 -0.947887
0.597422 0.499788 521.600000 -0.911343 -0.396869
0.597392 0.499696 521.700000 -0.941390 -0.202584
0.597359 0.499640 521.800000 -0.919427 0.640745
0.597316 0.499559 521.900000 -0.867428 0.396654
0.597263 0.499548 522.000000 -0.800321 0.942127
0.597203 0.499453 522.100000 -0.749529 0.071170
0.597135 0.499453 522.200000 -0.695853 0.999666
0.597067 0.499476 522.300000 -0.701464 -1.111610
0.597007 0.499382 522.400000 -0.750526 0.132836
0.596940 0.499348 522.500000 -0.703575 0.803817
0.596869 0.499253 522.600000 -0.667092 -0.075970
0.596800 0.499167 522.700000 -0.686779 -0.316779
0.596734 0.499077 522.800000 -0.714041 -0.227104
0.596670 0.498982 522.900000 -0.722918 0.050004
0.596604 0.498889 523.000000 -0.711717 0.173465
0.596528 0.499017 523.100000 -0.626384 1.528917
0.596437 0.499044 523.200000 -0.492982 1.132455
0.596338 0.499022 523.300000 -0.392468 0.872799
0.596237 0.498938 523.400000 -0.366180 -0.348351
0.596137 0.498843 523.500000 -0.382946 0.013873
0.596036 0.498763 523.600000 -0.362241 0.399178
0.595929 0.498849 523.700000 -0.273148 1.378233
0.595817 0.498922 523.800000 -0.137567 1.326610
0.595703 0.498866 523.900000 -0.038825 0.643295
0.595590 0.498795 524.000000 -0.031978 -0.506700
0.595478 0.498888 524.100000 -0.127794 -1.404822
0.595368 0.498795 524.200000 -0.205817 -0.151748
0.595261 0.498754 524.300000 -0.251153 -0.752703
0.595154 0.498688 524.400000 -0.261080 0.554665
0.595046 0.498602 524.500000 -0.247943 -0.292591
0.594941 0.498548 524.600000 -0.295816 -0.662461
0.594840 0.498497 524.700000 -0.362864 -0.675162
0.594742 0.498402 524.800000 -0.392992 0.074112
0.594642 0.498309 524.900000 -0.382150 0.142191
0.594543 0.498221 525.000000 -0.388299 -0.264872
0.594447 0.498139 525.100000 -0.419913 -0.365824
0.594353 0.498049 525.200000 -0.449016 -0.214771
0.594265 0.498086 525.300000 -0.518976 -1.180934
0.594182 0.498003 525.400000 -0.560657 0.349386
0.594087 0.498419 525.500000 -0.427069 2.315701
0.593980 0.498411 525.600000 -0.262926 0.958951
0.593873 0.498336 525.700000 -0.237247 -0.446660
0.593765 0.498267 525.800000 -0.233150 0.528407
0.593655 0.498193 525.900000 -0.183638 0.459358
0.593543 0.498523 526.000000 -0.054600 2.114938
0.593432 0.498905 526.100000 0.163625 2.238660
0.593327 0.498810 526.200000 0.273558 -0.045508
0.593217 0.498993 526.300000 0.185527 -1.710700
0.593105 0.498925 526.400000 0.073097 -0.532281
0.592993 0.498855 526.500000 0.071950 0.509409
0.592881 0.498761 526.600000 0.102101 0.092099
0.592770 0.498680 526.700000 0.125714 0.378982
0.592662 0.498725 526.800000 0.205436 1.211471
0.592554 0.498688 526.900000 0.226976 -0.781758
0.592444 0.498686 527.000000 0.138369 -0.985942
0.592332 0.498591 527.100000 0.089939 0.019749
0.592220 0.498651 527.200000 0.026960 -1.276175
0.592108 0.498625 527.300000 -0.079541 -0.848511
0.591998 0.498564 527.400000 -0.151972 -0.596486
0.591892 0.498714 527.500000 -0.262392 -1.606391
0.591801 0.499239 527.600000 -0.471072 -2.556785
0.591727 0.499193 527.700000 -0.635016 -0.713892
0.591650 0.499264 527.800000 -0.604540 1.321881
0.591565 0.499169 527.900000 -0.539218 -0.018707
0.591482 0.499082 528.000000 -0.553955 -0.275293
0.591394 0.499147 528.100000 -0.502726 1.297307
0.591297 0.499137 528.200000 -0.390241 0.946769
0.591196 0.499045 528.300000 -0.351426 -0.172398
0.591095 0.498971 528.400000 -0.337175 0.456710
0.590992 0.498881 528.500000 -0.303554 0.214015
0.590886 0.498905 528.600000 -0.236577 1.122185
0.590776 0.498844 528.700000 -0.150733 0.590393
0.590666 0.498750 528.800000 -0.117225 0.078105
0.590554 0.498845 528.900000 -0.042369 1.415269
0.590443 0.498759 529.000000 0.014052 -0.289679
0.590331 0.498674 529.100000 -0.016403 -0.317891
0.590220 0.498700 529.200000 0.024253 1.128972
0.590109 0.498622 529.300000 0.060146 -0.412910
0.589997 0.498528 529.400000 0.041424 0.039410
0.589886 0.498573 529.500000 -0.017501 -1.214958
0.589775 0.498482 529.600000 -0.086578 -0.163121
0.589665 0.498389 529.700000 -0.100620 -0.117025
0.589554 0.498369 529.800000 -0.062076 0.885976
0.589443 0.498279 529.900000 -0.007511 0.202596
0.589331 0.498188 530.000000 -0.006896 -0.190331
0.589220 0.498180 530.100000 0.031397 0.954277
0.589111 0.498169 530.200000 0.126250 0.938036
0.589005 0.498215 530.300000 0.234315 1.217865
0.588906 0.498244 530.400000 0.352594 1.141810
0.588808 0.498202 530.500000 0.372815 -0.738410
0.588707 0.498110 530.600000 0.328094 -0.153766
0.588611 0.498285 530.700000 0.405101 1.690048
0.588518 0.498349 530.800000 0.424904 -1.294973
0.588421 0.498279 530.900000 0.385289 0.504651
0.588322 0.498299 531.000000 0.355584 -1.097273
0.588220 0.498205 531.100000 0.299716 -0.017284
0.588120 0.498181 531.200000 0.342020 0.861241
0.588023 0.498088 531.300000 0.387990 0.055861
0.587928 0.497999 531.400000 0.402788 0.239368
0.587836 0.497949 531.500000 0.448992 0.682406
0.587753 0.497961 531.600000 0.536341 1.060198
0.587671 0.497924 531.700000 0.550626 -0.775209
0.587584 0.497833 531.800000 0.503261 -0.169726
0.587495 0.497754 531.900000 0.475358 -0.386934
0.587402 0.497684 532.000000 0.430927 -0.499472
0.587304 0.497665 532.100000 0.361256 -0.890467
0.587198 0.497891 532.200000 0.224094 -1.845909
0.587089 0.497805 532.300000 0.117958 -0.271512
0.586980 0.497719 532.400000 0.089551 -0.295192
0.586870 0.498419 532.500000 -0.070908 -2.905981
0.586767 0.498439 532.600000 -0.271723 -1.100271
0.586667 0.498348 532.700000 -0.335534 -0.172754
0.586570 0.498292 532.800000 -0.375638 -0.627318
0.586475 0.498200 532.900000 -0.400180 0.137704
0.586378 0.498141 533.000000 -0.362686 0.610304
0.586276 0.498084 533.100000 -0.301014 0.620046
0.586170 0.498168 533.200000 -0.200963 1.375978
0.586061 0.498186 533.300000 -0.077294 1.091215
0.585951 0.498166 533.400000 0.021741 0.884526
0.585841 0.498151 533.500000 0.020435 -0.910577
0.585733 0.498456 533.600000 -0.128690 -2.064471
0.585632 0.498586 533.700000 -0.309459 -1.541865
0.585540 0.498572 533.800000 -0.433041 -0.923603
0.585450 0.498505 533.900000 -0.453049 0.524442
0.585353 0.498534 534.000000 -0.369464 1.143084
0.585251 0.498449 534.100000 -0.297340 0.295788
0.585150 0.498358 534.200000 -0.291280 -0.174895
0.585053 0.498403 534.300000 -0.360948 -1.214963
0.584965 0.498461 534.400000 -0.485596 -1.271784
0.584884 0.498368 534.500000 -0.552391 -0.060772
0.584799 0.498342 534.600000 -0.513052 0.845587
0.584706 0.498373 534.700000 -0.412837 1.153704
0.584606 0.498324 534.800000 -0.320508 0.688254
0.584509 0.498414 534.900000 -0.356216 -1.400623
0.584420 0.498366 535.000000 -0.461273 -0.695254
0.584343 0.498622 535.100000 -0.592967 -1.932054
0.584281 0.498540 535.200000 -0.707136 -0.345606
0.584216 0.498500 535.300000 -0.686754 0.752213
0.584145 0.498410 535.400000 -0.639136 0.197780
0.584068 0.498373 535.500000 -0.590428 0.773935
0.583976 0.498926 535.600000 -0.419767 2.630760
0.583872 0.498928 535.700000 -0.237346 1.008540
0.583770 0.499135 535.800000 -0.276681 -1.793277
0.583669 0.499268 535.900000 -0.288431 1.558851
0.583566 0.499220 536.000000 -0.245134 -0.695078
0.583468 0.499309 536.100000 -0.349978 -1.396552
0.583380 0.499308 536.200000 -0.469853 -0.994949
0.583292 0.499323 536.300000 -0.465787 1.076055
0.583197 0.499240 536.400000 -0.395264 0.330894
0.583102 0.499147 536.500000 -0.381179 -0.049912
0.583007 0.499055 536.600000 -0.385775 -0.041768
0.582908 0.499188 536.700000 -0.309713 1.559193
0.582804 0.499096 536.800000 -0.227746 0.076050
0.582701 0.499015 536.900000 -0.242167 -0.363740
0.582597 0.498953 537.000000 -0.231645 0.573660
0.582493 0.498866 537.100000 -0.215770 -0.256959
0.582389 0.498798 537.200000 -0.202648 0.518745
0.582285 0.498786 537.300000 -0.223400 -0.932754
0.582183 0.498694 537.400000 -0.268351 0.035976
0.582084 0.498644 537.500000 -0.300790 -0.683136
0.581986 0.498552 537.600000 -0.332217 0.056170
0.581888 0.498460 537.700000 -0.333733 -0.086416
0.581785 0.498658 537.800000 -0.249428 1.768317
0.581679 0.498611 537.900000 -0.125705 0.699945
0.581572 0.498556 538.000000 -0.122696 -0.639918
0.581467 0.498487 538.100000 -0.180252 -0.508318
0.581365 0.498467 538.200000 -0.249954 -0.882236
0.581265 0.498375 538.300000 -0.292702 0.029403
0.581163 0.498298 538.400000 -0.270254 0.418441
0.581060 0.498231 538.500000 -0.223277 0.518743
0.580957 0.498174 538.600000 -0.228455 -0.622043
0.580853 0.498226 538.700000 -0.197074 1.248100
0.580745 0.498664 538.800000 -0.014692 2.390428
0.580639 0.498572 538.900000 0.107802 0.053329
0.580533 0.498556 539.000000 0.155997 0.908149
0.580429 0.498466 539.100000 0.192471 -0.180486
0.580327 0.498500 539.200000 0.241937 1.167334
0.580224 0.498554 539.300000 0.237449 -1.256867
0.580119 0.498471 539.400000 0.158677 -0.314637
0.580014 0.498379 539.500000 0.145577 0.053286
0.579907 0.498484 539.600000 0.075102 -1.459256
0.579799 0.498461 539.700000 -0.041595 -0.868844
0.579692 0.498676 539.800000 0.006091 1.820165
0.579588 0.498965 539.900000 0.199041 2.029197
0.579490 0.498875 540.000000 0.308533 0.155165
0.579392 0.498788 540.100000 0.328755 0.248264
0.579297 0.498704 540.200000 0.356320 0.301662
0.579202 0.498618 540.300000 0.358903 -0.250134
0.579108 0.498557 540.400000 0.375722 0.585665
0.579020 0.498552 540.500000 0.453829 0.972581
0.578944 0.498701 540.600000 0.583461 1.613579
0.578882 0.498660 540.700000 0.701725 0.745785
0.578836 0.498759 540.800000 0.811175 1.437748
0.578794 0.498746 540.900000 0.836977 -0.923011
0.578732 0.498968 541.000000 0.698267 -1.844245
0.578650 0.499149 541.100000 0.519609 -1.719978
0.578551 0.499750 541.200000 0.296082 -2.739388
0.578444 0.500439 541.300000 0.012947 -2.909149
0.578339 0.500354 541.400000 -0.118299 0.290784
0.578233 0.500264 541.500000 -0.110264 -0.130483
0.578128 0.500173 541.600000 -0.109381 0.148094
0.578021 0.500144 541.700000 -0.060412 0.828839
0.577915 0.500166 541.800000 0.036721 1.108959
0.577810 0.500117 541.900000 0.126791 0.687938
0.577707 0.500131 542.000000 0.215120 1.074235
0.577605 0.500106 542.100000 0.226255 -0.852096
0.577500 0.500174 542.200000 0.117460 -1.318372
0.577394 0.500102 542.300000 0.074814 0.467589
0.577289 0.500068 542.400000 0.138070 0.794371
0.577186 0.499976 542.500000 0.182230 0.086617
0.577082 0.499900 542.600000 0.165605 -0.418275
0.576977 0.499902 542.700000 0.094092 -1.008410
0.576871 0.499810 542.800000 0.046201 0.052976
0.576766 0.500067 542.900000 0.146502 1.948028
0.576664 0.500093 543.000000 0.187419 -1.131737
0.576559 0.500012 543.100000 0.147927 0.343879
0.576457 0.499971 543.200000 0.202398 0.742823
0.576362 0.500312 543.300000 0.348416 2.170237
0.576281 0.500390 543.400000 0.525285 1.358295
0.576219 0.500634 543.500000 0.689245 1.912713
0.576180 0.500715 543.600000 0.853714 1.368443
0.576160 0.500694 543.700000 0.966521 0.882056
0.576141 0.500659 543.800000 0.971134 -0.790034
0.576111 0.500584 543.900000 0.909851 -0.432559
0.576064 0.500764 544.000000 0.802081 -1.717461
0.576006 0.500672 544.100000 0.717005 0.020190
0.575947 0.500580 544.200000 0.716427 -0.031702
0.575893 0.500542 544.300000 0.753479 0.770887
0.575855 0.500599 544.400000 0.855806 1.270533
0.575825 0.500512 544.500000 0.907281 -0.243601
0.575782 0.500593 544.600000 0.826364 -1.370701
0.575714 0.500964 544.700000 0.645077 -2.245982
0.575634 0.500874 544.800000 0.524579 -0.157941
0.575551 0.500793 544.900000 0.499407 -0.344255
0.575467 0.500702 545.000000 0.485273 0.062296
0.575383 0.500610 545.100000 0.489916 0.030335
0.575302 0.500536 545.200000 0.513842 0.446985
0.575224 0.500448 545.300000 0.546409 0.202728
0.575148 0.500359 545.400000 0.565390 0.175946
0.575070 0.500291 545.500000 0.549038 -0.502184
0.574989 0.500206 545.600000 0.510272 -0.271196
0.574903 0.500143 545.700000 0.468484 -0.562465
0.574817 0.500059 545.800000 0.454289 0.279269
0.574732 0.499967 545.900000 0.468404 0.002326
0.574646 0.499881 546.000000 0.456500 -0.239810
0.574556 0.499835 546.100000 0.409171 -0.704397
0.574465 0.499759 546.200000 0.394667 0.415028
0.574373 0.499694 546.300000 0.388611 -0.535847
0.574282 0.499624 546.400000 0.386004 0.483853
0.574190 0.499578 546.500000 0.374961 -0.704176
0.574095 0.499487 546.600000 0.337559 -0.041985
0.574004 0.499484 546.700000 0.384707 0.982590
0.573913 0.499433 546.800000 0.400382 -0.669866
0.573818 0.499393 546.900000 0.329321 -0.747815
0.573723 0.499352 547.000000 0.329066 0.742739
0.573632 0.499267 547.100000 0.378792 0.249279
0.573540 0.499179 547.200000 0.381807 -0.189119
0.573448 0.499089 547.300000 0.365329 -0.139612
0.573354 0.499009 547.400000 0.340949 -0.346783
0.573253 0.499333 547.500000 0.216654 -2.132896
0.573149 0.499311 547.600000 0.066349 -0.865695
0.573044 0.499310 547.700000 -0.027028 -0.997171
0.572940 0.499219 547.800000 -0.079378 -0.047208
0.572837 0.499145 547.900000 -0.103038 -0.424817
0.572735 0.499100 548.000000 -0.160266 -0.716880
0.572633 0.499012 548.100000 -0.187413 0.175300
0.572540 0.499931 548.200000 -0.345450 -3.328139
0.572470 0.500257 548.300000 -0.619439 -2.137932
0.572414 0.500166 548.400000 -0.727855 -0.024975
0.572357 0.500077 548.500000 -0.721532 0.151126
0.572287 0.500386 548.600000 -0.608923 2.095411
0.572199 0.500482 548.700000 -0.431920 1.435805
0.572112 0.500536 548.800000 -0.423194 -1.261716
0.572036 0.500655 548.900000 -0.562603 -1.519490
0.571961 0.500753 549.000000 -0.566501 1.441727
0.571882 0.500687 549.100000 -0.520683 -0.527662
0.571808 0.500624 549.200000 -0.574885 -0.553670
0.571740 0.500569 549.300000 -0.634331 -0.632286
0.571678 0.500484 549.400000 -0.678220 -0.243298
0.571611 0.500485 549.500000 -0.640006 1.005681
0.571542 0.500416 549.600000 -0.614685 -0.500536
0.571474 0.500328 549.700000 -0.630980 0.175442
0.571403 0.500247 549.800000 -0.605966 0.323590
0.571335 0.500194 549.900000 -0.622213 -0.647716
0.571263 0.500218 550.000000 -0.598235 1.126069
0.571183 0.500172 550.100000 -0.506803 0.698017
0.571096 0.500125 550.200000 -0.436928 0.695979
0.571007 0.500035 550.300000 -0.396078 0.118972
0.570913 0.500085 550.400000 -0.327690 1.245379
0.570817 0.500005 550.500000 -0.282698 -0.347795
0.570722 0.499919 550.600000 -0.311664 -0.230081
0.570627 0.499835 550.700000 -0.309334 0.276575
0.570530 0.499769 550.800000 -0.269535 0.517409
0.570431 0.499682 550.900000 -0.233296 0.205564
0.570332 0.499592 551.000000 -0.224675 -0.033571
0.570233 0.499501 551.100000 -0.226827 -0.009365
0.570136 0.499438 551.200000 -0.254969 -0.552079
0.570041 0.499369 551.300000 -0.307158 -0.489091
0.569950 0.499310 551.400000 -0.361344 -0.591918
0.569868 0.499548 551.500000 -0.486386 -1.902670
0.569796 0.499462 551.600000 -0.592967 -0.223623
0.569723 0.499404 551.700000 -0.574083 0.600371
0.569646 0.499314 551.800000 -0.539500 0.089551
0.569564 0.499322 551.900000 -0.482914 1.039340
0.569476 0.499252 552.000000 -0.406671 0.481716
0.569385 0.499166 552.100000 -0.371324 0.223451
0.569297 0.499168 552.200000 -0.410603 -1.007070
0.569216 0.499099 552.300000 -0.485412 -0.485367
0.569145 0.499315 552.400000 -0.601928 -1.839133
0.569093 0.499333 552.500000 -0.749139 -1.097713
0.569060 0.499448 552.600000 -0.879642 -1.505835
0.569043 0.499374 552.700000 -0.976500 -0.426466
0.569027 0.499302 552.800000 -0.975523 0.445945
0.568993 0.499415 552.900000 -0.877934 1.500951
0.568932 0.499862 553.000000 -0.680575 2.436373
0.568851 0.499978 553.100000 -0.482574 1.513749
0.568757 0.500140 553.200000 -0.322968 1.670383
0.568657 0.500158 553.300000 -0.184399 1.094081
0.568555 0.500244 553.400000 -0.059550 1.396641
0.568452 0.500170 553.500000 0.032101 0.431803
0.568350 0.500155 553.600000 0.008154 -0.909533
0.568247 0.500086 553.700000 -0.012743 0.492622
0.568145 0.499996 553.800000 0.010539 -0.028140
0.568042 0.500090 553.900000 -0.062588 -1.430738
0.567940 0.500341 554.000000 -0.036899 1.943223
0.567839 0.500336 554.100000 0.109172 0.970898
0.567738 0.500262 554.200000 0.136420 -0.427307
0.567635 0.500613 554.300000 0.004106 -2.212348
0.567534 0.500537 554.400000 -0.087162 0.391546
0.567432 0.500447 554.500000 -0.065069 0.049208
0.567330 0.500416 554.600000 -0.021700 0.816007
0.567227 0.500335 554.700000 0.034573 0.306630
0.567125 0.500247 554.800000 0.042346 -0.151548
0.567023 0.500183 554.900000 0.007722 -0.539209
0.566921 0.500254 555.000000 0.047910 1.340964
0.566821 0.500206 555.100000 0.149175 0.679266
0.566720 0.500340 555.200000 0.104158 -1.577339
0.566618 0.500250 555.300000 0.028720 0.072352
0.566516 0.500163 555.400000 0.040607 0.164794
0.566414 0.500073 555.500000 0.049370 0.010011
0.566315 0.500342 555.600000 0.150101 1.999574
0.566217 0.500315 555.700000 0.208616 -0.832189
0.566117 0.500225 555.800000 0.170755 0.076857
0.566018 0.500136 555.900000 0.169527 -0.101356
0.565919 0.500049 556.000000 0.173598 0.182571
0.565819 0.500107 556.100000 0.118569 -1.280389
0.565717 0.500022 556.200000 0.042334 -0.240507
0.565616 0.500228 556.300000 -0.060601 -1.813047
0.565517 0.500203 556.400000 -0.194183 -0.851908
0.565421 0.500120 556.500000 -0.250459 -0.270813
0.565324 0.500095 556.600000 -0.221207 0.854391
0.565226 0.500028 556.700000 -0.203324 -0.497622
0.565128 0.499967 556.800000 -0.199662 0.570679
0.565029 0.499880 556.900000 -0.163154 0.157665
0.564930 0.499804 557.000000 -0.135291 0.398190
0.564829 0.499753 557.100000 -0.082361 0.657779
0.564728 0.499670 557.200000 -0.035878 0.269542
0.564626 0.499687 557.300000 0.032224 1.089106
0.564526 0.499610 557.400000 0.105830 0.379321
0.564426 0.499522 557.500000 0.118173 -0.133071
0.564326 0.499465 557.600000 0.081305 -0.602444
0.564224 0.499382 557.700000 0.038072 -0.260063
0.564124 0.499344 557.800000 0.063116 0.759690
0.564023 0.499271 557.900000 0.079816 -0.426527
0.563923 0.499215 558.000000 0.089375 0.617246
0.563824 0.499138 558.100000 0.138645 0.365678
0.563725 0.499050 558.200000 0.151304 -0.113120
0.563625 0.498972 558.300000 0.127665 -0.358480
0.563526 0.498913 558.400000 0.138797 0.580555
0.563429 0.498861 558.500000 0.200474 0.649904
0.563332 0.498778 558.600000 0.219341 -0.273506
0.563237 0.498764 558.700000 0.251593 0.916942
0.563141 0.498872 558.800000 0.223198 -1.483434
0.563040 0.499075 558.900000 0.058214 -1.808003
0.562940 0.499023 559.000000 -0.064808 -0.646271
0.562839 0.499269 559.100000 -0.000222 1.934759
0.562741 0.499278 559.200000 0.149364 1.049479
0.562648 0.499538 559.300000 0.301049 1.976631
0.562562 0.499449 559.400000 0.404396 0.085154
0.562478 0.499379 559.500000 0.431735 0.460259
0.562391 0.499440 559.600000 0.389860 -1.295676
0.562296 0.499609 559.700000 0.239626 -1.701485
0.562199 0.499564 559.800000 0.189777 0.706998
0.562111 0.500234 559.900000 0.371330 2.914993
0.562038 0.500196 560.000000 0.555616 0.761513
0.561975 0.500223 560.100000 0.650960 1.140586
0.561924 0.500177 560.200000 0.742759 0.690819
0.561879 0.500091 560.300000 0.788286 0.217443
0.561833 0.500025 560.400000 0.774117 -0.500121
0.561782 0.499936 560.500000 0.745628 -0.068231
0.561736 0.499889 560.600000 0.776628 0.686680
0.561696 0.499804 560.700000 0.822622 0.230900
0.561655 0.499728 560.800000 0.815183 -0.379307
0.561609 0.499650 560.900000 0.778353 -0.355465
0.561560 0.499561 561.000000 0.758907 -0.032473
0.561520 0.499627 561.100000 0.823416 1.319424
0.561490 0.499539 561.200000 0.884729 -0.096219
0.561460 0.499452 561.300000 0.886284 0.127224
0.561433 0.499368 561.400000 0.904805 0.242272
0.561410 0.499285 561.500000 0.929945 0.259285
0.561399 0.499311 561.600000 0.999951 1.137328
0.561405 0.499267 561.700000 1.092432 0.707675
0.561430 0.499294 561.800000 1.185079 1.140629
0.561458 0.499276 561.900000 1.197471 -0.893413
0.561478 0.499191 562.000000 1.162990 0.205517
0.561514 0.499225 562.100000 1.232328 1.177785
0.561562 0.499137 562.200000 1.292568 0.024001
0.561592 0.499316 562.300000 1.206756 -1.735966
0.561594 0.499313 562.400000 1.070572 -0.980888
0.561588 0.499226 562.500000 1.029151 0.154525
0.561586 0.499142 562.600000 1.048253 0.226569
0.561579 0.499099 562.700000 1.023539 -0.719620
0.561575 0.499103 562.800000 1.038494 1.017981
0.561584 0.499024 562.900000 1.106492 0.338580
0.561600 0.498944 563.000000 1.139256 0.315059
0.561627 0.498916 563.100000 1.196307 0.823111
0.561657 0.498858 563.200000 1.207911 -0.591624
0.561673 0.498816 563.300000 1.142193 -0.719451
0.561679 0.498735 563.400000 1.091396 -0.293937
0.561689 0.498691 563.500000 1.112021 0.705409
0.561698 0.498672 563.600000 1.102968 -0.886013
0.561682 0.498823 563.700000 0.976080 -1.645407
0.561646 0.498810 563.800000 0.847634 -0.917097
0.561593 0.498928 563.900000 0.725045 -1.528557
0.561536 0.498899 564.000000 0.689252 0.814496
0.561473 0.499060 564.100000 0.645968 -1.678016
0.561406 0.499019 564.200000 0.598676 0.734546
0.561351 0.499115 564.300000 0.707763 1.441733
0.561305 0.499026 564.400000 0.779091 -0.018742
0.561258 0.498942 564.500000 0.767454 -0.213420
0.561218 0.499001 564.600000 0.821367 1.288991
0.561194 0.498963 564.700000 0.923737 0.753296
0.561189 0.499050 564.800000 1.032134 1.409218
0.561214 0.499196 564.900000 1.184242 1.625333
0.561280 0.499465 565.000000 1.366489 2.010494
0.561382 0.499435 565.100000 1.507872 0.810100
0.561489 0.499360 565.200000 1.528623 -0.396104
0.561582 0.499315 565.300000 1.473691 -0.699793
0.561646 0.499436 565.400000 1.361493 -1.538554
0.561680 0.499468 565.500000 1.225868 -1.167184
0.561697 0.499392 565.600000 1.148733 -0.371653
0.561697 0.499480 565.700000 1.059412 -1.410308
0.561689 0.499412 565.800000 1.013097 0.486328
0.561695 0.499441 565.900000 1.095191 1.151450
0.561723 0.499429 566.000000 1.199334 0.926197
0.561776 0.499503 566.100000 1.313862 1.358648
0.561864 0.499599 566.200000 1.454247 1.442024
0.561961 0.499556 566.300000 1.490507 -0.718629
0.562070 0.499714 566.400000 1.538117 1.668438
0.562208 0.499636 566.500000 1.639120 0.346587
0.562349 0.499550 566.600000 1.648995 -0.149585
0.562495 0.499482 566.700000 1.665629 0.481427
0.562659 0.499450 566.800000 1.729747 0.797724
0.562842 0.499373 566.900000 1.787373 0.351922
0.563043 0.499348 567.000000 1.847233 0.842289
0.563257 0.499261 567.100000 1.882625 -0.136220
0.563469 0.499174 567.200000 1.880165 0.087142
0.563669 0.499146 567.300000 1.843238 -0.823836
0.563868 0.499107 567.400000 1.839330 0.745870
0.564088 0.499050 567.500000 1.906391 0.592006
0.564333 0.499021 567.600000 1.977319 0.823000
0.564605 0.498976 567.700000 2.053238 0.691581
0.564891 0.498888 567.800000 2.090574 0.053283
0.565151 0.498978 567.900000 2.022072 -1.419908
0.565410 0.499044 568.000000 2.017291 1.324525
0.565716 0.499093 568.100000 2.146209 1.247386
0.566017 0.499199 568.200000 2.134477 -1.481423
0.566273 0.499199 568.300000 2.010165 -0.998609
0.566517 0.499121 568.400000 1.977382 0.344587
0.566751 0.499110 568.500000 1.947859 -0.933569
0.566961 0.499043 568.600000 1.876474 -0.490571
0.567140 0.499134 568.700000 1.780469 -1.424721
0.567308 0.499092 568.800000 1.745208 0.721271
0.567499 0.499051 568.900000 1.817820 0.727334
0.567710 0.498989 569.000000 1.881633 0.545724
0.567917 0.498958 569.100000 1.868859 -0.800549
0.568113 0.498872 569.200000 1.836028 0.145560
0.568296 0.498867 569.300000 1.794822 -0.967618
0.568420 0.499581 569.400000 1.594882 -3.021180
0.568498 0.499505 569.500000 1.424704 -0.373878
0.568587 0.499532 569.600000 1.463276 1.143386
0.568674 0.499570 569.700000 1.460558 -1.197612
0.568732 0.499612 569.800000 1.339679 -1.213919
0.568759 0.499721 569.900000 1.203837 -1.496134
0.568760 0.499756 570.000000 1.069545 -1.182982
0.568737 0.499850 570.100000 0.938155 -1.438256
0.568710 0.499841 570.200000 0.913805 0.952479
0.568710 0.500125 570.300000 1.064674 2.057361
0.568737 0.500073 570.400000 1.199632 0.635041
0.568758 0.500086 570.500000 1.177590 -1.074773
0.568740 0.500885 570.600000 0.964235 -3.181650
0.568686 0.501025 570.700000 0.723908 -1.612872
0.568620 0.500957 570.800000 0.619287 -0.474332
0.568545 0.501057 570.900000 0.522274 -1.461074
0.568461 0.500994 571.000000 0.421956 -0.540275
0.568375 0.500907 571.100000 0.391284 -0.071629
0.568291 0.500857 571.200000 0.420639 0.657268
0.568209 0.500770 571.300000 0.450892 -0.053721
0.568126 0.500692 571.400000 0.431248 -0.338180
0.568038 0.500675 571.500000 0.369393 -0.895832
0.567948 0.500588 571.600000 0.321253 -0.064554
0.567859 0.500519 571.700000 0.341470 0.467876
0.567770 0.500437 571.800000 0.352289 -0.252018
0.567679 0.500422 571.900000 0.294271 -0.905441
0.567583 0.500394 572.000000 0.207195 -0.831734
0.567490 0.500644 572.100000 0.263993 1.964854
0.567403 0.500558 572.200000 0.366872 0.087585
0.567315 0.500476 572.300000 0.358435 -0.255912
0.567228 0.500415 572.400000 0.373442 0.555299
0.567146 0.500378 572.500000 0.439118 0.754942
0.567071 0.500370 572.600000 0.524826 0.954935
0.567003 0.500298 572.700000 0.593587 0.416842
0.566925 0.500686 572.800000 0.497514 -2.333490
0.566832 0.501096 572.900000 0.260864 -2.387676
0.566734 0.501227 573.000000 0.061899 -1.581685
0.566635 0.501160 573.100000 -0.042024 -0.491576
0.566536 0.501112 573.200000 -0.033068 0.670248
0.566437 0.501031 573.300000 -0.012533 -0.260570
0.566339 0.500948 573.400000 -0.037082 -0.229181
0.566241 0.501014 573.500000 -0.115034 -1.325963
0.566150 0.501313 573.600000 -0.287144 -2.107638
0.566066 0.501244 573.700000 -0.415391 -0.450894
0.565987 0.501201 573.800000 -0.473925 -0.716841
0.565920 0.501443 573.900000 -0.607240 -1.942794
0.565872 0.501456 574.000000 -0.758485 -1.074559
0.565832 0.501371 574.100000 -0.821097 -0.174552
0.565794 0.501284 574.200000 -0.829906 -0.001175
0.565752 0.501214 574.300000 -0.807618 0.445819
0.565703 0.501159 574.400000 -0.754847 0.606954
0.565654 0.501110 574.500000 -0.757522 -0.660312
0.565609 0.501026 574.600000 -0.780816 0.195595
0.565573 0.501152 574.700000 -0.849500 -1.565847
0.565561 0.501219 574.800000 -0.994776 -1.332396
0.565559 0.501135 574.900000 -1.052497 0.180846
0.565550 0.501076 575.000000 -1.014612 0.574962
0.565527 0.501094 575.100000 -0.930657 1.099943
0.565503 0.501091 575.200000 -0.924773 -0.982554
0.565486 0.501005 575.300000 -0.968317 0.113839
0.565457 0.501090 575.400000 -0.892126 1.406170
0.565415 0.501019 575.500000 -0.800392 0.423934
0.565368 0.500936 575.600000 -0.767916 0.223958
0.565313 0.500944 575.700000 -0.704259 1.045996
0.565239 0.501358 575.800000 -0.531433 2.401890
0.565150 0.501484 575.900000 -0.332406 1.568706
0.565055 0.501676 576.000000 -0.163952 1.791942
0.564957 0.501594 576.100000 -0.086821 -0.253172
0.564863 0.501879 576.200000 -0.203233 -2.069260
0.564775 0.501850 576.300000 -0.347919 -0.817215
0.564692 0.501772 576.400000 -0.405024 -0.322023
0.564604 0.501861 576.500000 -0.349744 1.424851
0.564512 0.501800 576.600000 -0.250615 0.552771
0.564418 0.501715 576.700000 -0.216316 0.131488
0.564323 0.501635 576.800000 -0.194898 0.295803
0.564229 0.501559 576.900000 -0.197991 -0.357502
0.564132 0.501806 577.000000 -0.117527 1.962751
0.564035 0.501719 577.100000 -0.019078 0.001304
0.563937 0.501703 577.200000 -0.064394 -0.905354
0.563843 0.501828 577.300000 -0.188183 -1.564241
0.563749 0.501829 577.400000 -0.216122 1.006870
0.563653 0.501854 577.500000 -0.108832 1.133567
0.563555 0.501770 577.600000 -0.061118 -0.181686
0.563458 0.501797 577.700000 -0.012647 1.148688
0.563362 0.502127 577.800000 0.154946 2.194802
0.563272 0.502066 577.900000 0.292371 0.546813
0.563183 0.501987 578.000000 0.304349 -0.307846
0.563095 0.501946 578.100000 0.325212 0.724071
0.563012 0.501970 578.200000 0.418352 1.134061
0.562939 0.501978 578.300000 0.527751 1.048451
0.562874 0.501933 578.400000 0.614774 0.687650
0.562814 0.501847 578.500000 0.654926 0.113388
0.562762 0.501896 578.600000 0.723405 1.252767
0.562728 0.501965 578.700000 0.853516 1.342945
0.562704 0.501878 578.800000 0.921909 0.021504
0.562678 0.501804 578.900000 0.904091 -0.376974
0.562641 0.501797 579.000000 0.836846 -0.964571
0.562598 0.501711 579.100000 0.790487 0.039722
0.562551 0.501648 579.200000 0.766397 -0.520332
0.562511 0.501724 579.300000 0.809118 1.372631
0.562482 0.501645 579.400000 0.893051 0.301819
0.562455 0.501560 579.500000 0.901899 -0.125293
0.562438 0.501611 579.600000 0.959036 1.265168
0.562432 0.501526 579.700000 1.026918 0.089072
0.562434 0.501491 579.800000 1.070397 0.778345
0.562429 0.501586 579.900000 1.036725 -1.450100
0.562401 0.501689 580.000000 0.889794 -1.481172
0.562355 0.501663 580.100000 0.773428 -0.840336
0.562293 0.501895 580.200000 0.634985 -1.921610
0.562217 0.501899 580.300000 0.487329 -1.024119
0.562132 0.501899 580.400000 0.385600 -1.005375
0.562045 0.501813 580.500000 0.336403 0.023902
0.561956 0.501803 580.600000 0.290350 -0.942659
0.561862 0.501921 580.700000 0.165806 -1.541992
0.561765 0.501843 580.800000 0.072877 -0.311949
0.561670 0.501940 580.900000 0.130415 1.459831
0.561575 0.502119 581.000000 0.115686 -1.753681
0.561478 0.502314 581.100000 -0.062982 -1.810748
0.561387 0.502480 581.200000 -0.239580 -1.712380
0.561299 0.502394 581.300000 -0.322592 0.056293
0.561212 0.502315 581.400000 -0.334731 -0.298470
0.561124 0.502291 581.500000 -0.306963 0.852448
0.561030 0.502390 581.600000 -0.190700 1.466997
0.560937 0.502477 581.700000 -0.188314 -1.419388
0.560854 0.502973 581.800000 -0.389990 -2.604048
0.560796 0.503657 581.900000 -0.670632 -2.994757
0.560750 0.503662 582.000000 -0.768997 1.032372
0.560693 0.503636 582.100000 -0.675160 0.839677
0.560621 0.503910 582.200000 -0.530398 2.048325
0.560542 0.503833 582.300000 -0.444434 -0.333356
0.560461 0.503777 582.400000 -0.431032 0.600728
0.560373 0.503986 582.500000 -0.307956 1.854646
0.560278 0.504276 582.600000 -0.110036 2.093857
0.560183 0.504667 582.700000 0.113142 2.358534
0.560094 0.504662 582.800000 0.280458 0.979427
0.560006 0.504604 582.900000 0.300694 -0.575711
0.559914 0.504573 583.000000 0.231479 -0.805133
0.559821 0.504498 583.100000 0.173135 -0.358822
0.559726 0.504501 583.200000 0.103772 -1.024986
0.559630 0.504421 583.300000 0.038738 -0.272432
0.559534 0.504377 583.400000 0.060487 0.706317
0.559441 0.504436 583.500000 0.161074 1.300404
0.559350 0.504361 583.600000 0.244419 0.362316
0.559261 0.504294 583.700000 0.286769 0.482564
0.559179 0.504457 583.800000 0.396505 1.706686
0.559109 0.504550 583.900000 0.554474 1.444781
0.559045 0.504477 584.000000 0.606564 -0.405576
0.558978 0.504396 584.100000 0.574014 -0.243803
0.558917 0.504513 584.200000 0.639069 1.541654
0.558878 0.504740 584.300000 0.812224 1.912784
0.558865 0.504854 584.400000 0.984804 1.530197
0.558857 0.504857 584.500000 1.010210 -1.023353
0.558825 0.505076 584.600000 0.864192 -1.889700
0.558775 0.505037 584.700000 0.732025 -0.747029
0.558712 0.505168 584.800000 0.614798 -1.591650
0.558639 0.505094 584.900000 0.515485 -0.389653
0.558561 0.505103 585.000000 0.442955 -1.057326
0.558473 0.505224 585.100000 0.311879 -1.557625
0.558381 0.505215 585.200000 0.186138 -0.950920
0.558287 0.505132 585.300000 0.128817 -0.192634
0.558192 0.505611 585.400000 -0.009746 -2.571696
0.558098 0.505537 585.500000 -0.158010 -0.386170
0.558005 0.505486 585.600000 -0.145280 0.640132
0.557911 0.505402 585.700000 -0.104261 0.178198
0.557816 0.505323 585.800000 -0.110146 -0.295606
0.557724 0.505321 585.900000 -0.174799 -0.994219
0.557633 0.505240 586.000000 -0.213327 0.225588
0.557541 0.505153 586.100000 -0.203382 -0.027179
0.557450 0.505069 586.200000 -0.211217 -0.129146
0.557357 0.505094 586.300000 -0.160486 1.141237
0.557262 0.505251 586.400000 -0.018606 1.689268
0.557171 0.505855 586.500000 0.208764 2.846760
0.557088 0.505802 586.600000 0.382660 0.622469
0.557007 0.505722 586.700000 0.400091 -0.274711
0.556923 0.505646 586.800000 0.369245 -0.340669
0.556839 0.505564 586.900000 0.341495 -0.212955
0.556752 0.505488 587.000000 0.313918 -0.337207
0.556667 0.505456 587.100000 0.337178 0.801252
0.556588 0.505487 587.200000 0.436220 1.174634
0.556513 0.505408 587.300000 0.480994 -0.281400
0.556440 0.505373 587.400000 0.505539 0.771074
0.556375 0.505361 587.500000 0.590967 0.933230
0.556313 0.505290 587.600000 0.616415 -0.425555
0.556252 0.505240 587.700000 0.627742 0.651535
0.556200 0.505239 587.800000 0.710506 0.999610
0.556156 0.505158 587.900000 0.772139 0.229966
0.556114 0.505073 588.000000 0.787347 0.073428
0.556071 0.504998 588.100000 0.772970 -0.360240
0.556020 0.504964 588.200000 0.715694 -0.782432
0.555961 0.504908 588.300000 0.646863 -0.590742
0.555895 0.504873 588.400000 0.578317 -0.776739
0.555826 0.504796 588.500000 0.555266 0.316870
0.555751 0.505037 588.600000 0.472864 -1.960789
0.555664 0.505136 588.700000 0.300592 -1.476051
0.555575 0.505069 588.800000 0.249922 0.465197
0.555491 0.505139 588.900000 0.341296 1.357702
0.555409 0.505089 589.000000 0.376868 -0.648035
0.555327 0.505048 589.100000 0.380799 0.726466
0.555247 0.504963 589.200000 0.416471 -0.014813
0.555172 0.504973 589.300000 0.469127 1.065291
0.555098 0.504920 589.400000 0.491617 -0.616599
0.555024 0.504865 589.500000 0.490964 0.603554
0.554953 0.504780 589.600000 0.516480 -0.094509
0.554880 0.504699 589.700000 0.501004 -0.214224
0.554812 0.504737 589.800000 0.550850 1.208653
0.554747 0.504664 589.900000 0.591886 -0.389984
0.554681 0.504579 590.000000 0.574071 0.034572
0.554619 0.504533 590.100000 0.610086 0.683922
0.554556 0.504488 590.200000 0.609460 -0.696413
0.554488 0.504417 590.300000 0.553863 -0.412736
0.554418 0.504335 590.400000 0.523812 -0.186796
0.554342 0.504312 590.500000 0.471278 -0.861244
0.554261 0.504304 590.600000 0.380221 -0.955339
0.554171 0.504588 590.700000 0.227648 -2.088505
0.554078 0.504589 590.800000 0.072305 -1.010594
0.553984 0.504611 590.900000 -0.034757 -1.125288
0.553891 0.504535 591.000000 -0.074034 0.341710
0.553798 0.504511 591.100000 -0.099599 -0.851732
0.553708 0.504557 591.200000 -0.204696 -1.244943
0.553623 0.504561 591.300000 -0.318572 -1.026885
0.553541 0.504476 591.400000 -0.370733 -0.013726
0.553460 0.504394 591.500000 -0.381217 -0.195423
0.553380 0.504312 591.600000 -0.401559 -0.210420
0.553300 0.504235 591.700000 -0.396508 0.311193
0.553216 0.504225 591.800000 -0.333736 0.941121
0.553126 0.504312 591.900000 -0.214894 1.429764
0.553034 0.504272 592.000000 -0.106686 0.728993
0.552941 0.504194 592.100000 -0.055740 0.287372
0.552847 0.504160 592.200000 -0.002246 0.779843
0.552754 0.504134 592.300000 -0.005178 -0.838346
0.552661 0.504118 592.400000 -0.092534 -0.904395
0.552571 0.504139 592.500000 -0.194045 -1.120746
0.552484 0.504056 592.600000 -0.257962 -0.154406
0.552399 0.504075 592.700000 -0.321404 -1.111257
0.552317 0.504000 592.800000 -0.359520 0.350841
0.552232 0.503947 592.900000 -0.311222 0.612711
0.552148 0.503958 593.000000 -0.333923 -1.065610
0.552064 0.503996 593.100000 -0.326847 1.206790
0.551977 0.503916 593.200000 -0.254265 0.241223
0.551890 0.503856 593.300000 -0.269577 -0.546702
0.551805 0.503796 593.400000 -0.324381 -0.546634
0.551724 0.503719 593.500000 -0.367182 -0.307244
0.551640 0.503731 593.600000 -0.328937 1.070216
0.551551 0.503755 593.700000 -0.218302 1.136958
0.551460 0.503694 593.800000 -0.134518 0.534539
0.551367 0.503705 593.900000 -0.054400 1.063817
0.551274 0.503626 594.000000 -0.014676 -0.271320
0.551183 0.503711 594.100000 -0.099441 -1.419745
0.551092 0.503627 594.200000 -0.165504 0.101784
0.551003 0.503649 594.300000 -0.216808 -1.125305
0.550917 0.503565 594.400000 -0.277535 -0.086187
0.550833 0.503548 594.500000 -0.326859 -0.897843
0.550753 0.503464 594.600000 -0.377760 -0.117624
0.550677 0.503513 594.700000 -0.446874 -1.261196
0.550615 0.503747 594.800000 -0.607622 -1.945727
0.550561 0.503706 594.900000 -0.668996 0.721309
0.550505 0.503658 595.000000 -0.666181 -0.665144
0.550462 0.503728 595.100000 -0.767451 -1.355206
0.550434 0.503701 595.200000 -0.877059 -0.831455
0.550424 0.503769 595.300000 -0.986178 -1.345475
0.550431 0.503733 595.400000 -1.091817 -0.762019
0.550442 0.503662 595.500000 -1.109989 0.399482
0.550452 0.503583 595.600000 -1.102597 -0.252010
0.550458 0.503534 595.700000 -1.082469 0.653563
0.550472 0.503651 595.800000 -1.127413 -1.550206
0.550520 0.503810 595.900000 -1.290419 -1.701751
0.550590 0.503735 596.000000 -1.392828 -0.341312
0.550667 0.503654 596.100000 -1.419666 -0.194114
0.550730 0.503708 596.200000 -1.364846 1.287777
0.550770 0.503693 596.300000 -1.254647 0.910691
0.550808 0.503654 596.400000 -1.245840 -0.734986
0.550869 0.503736 596.500000 -1.353298 -1.408813
0.550944 0.503655 596.600000 -1.414384 0.190166
0.551010 0.503604 596.700000 -1.372977 0.635897
0.551066 0.503522 596.800000 -1.332475 0.172118
0.551115 0.503458 596.900000 -1.299509 0.485545
0.551150 0.503432 597.000000 -1.233003 0.841265
0.551154 0.503856 597.100000 -1.067374 2.463027
0.551130 0.503817 597.200000 -0.907108 0.734285
0.551103 0.503735 597.300000 -0.879466 -0.182831
0.551083 0.503711 597.400000 -0.931212 -0.849503
0.551060 0.503776 597.500000 -0.906910 1.334320
0.551018 0.503818 597.600000 -0.778443 1.228607
0.550968 0.503734 597.700000 -0.713633 0.064348
0.550916 0.503662 597.800000 -0.691308 0.381035
0.550859 0.503608 597.900000 -0.642253 0.597610
0.550796 0.503534 598.000000 -0.594669 0.351699
0.550736 0.503519 598.100000 -0.622621 -0.909350
0.550674 0.503606 598.200000 -0.596450 1.431464
0.550602 0.503578 598.300000 -0.483382 0.824254
0.550522 0.503585 598.400000 -0.389757 1.043551
0.550439 0.503506 598.500000 -0.325111 0.246141
0.550358 0.503482 598.600000 -0.355271 -0.847831
0.550278 0.503414 598.700000 -0.376109 0.432104
0.550201 0.503506 598.800000 -0.427407 -1.455503
0.550128 0.503447 598.900000 -0.472994 0.546052
0.550052 0.503367 599.000000 -0.435038 0.211163
0.549979 0.503374 599.100000 -0.476829 -1.044878
0.549910 0.503295 599.200000 -0.516877 0.245913
0.549835 0.503309 599.300000 -0.450343 1.081443
0.549754 0.503252 599.400000 -0.367740 0.566491
0.549670 0.503210 599.500000 -0.303630 0.712501
0.549584 0.503131 599.600000 -0.255458 0.248528
0.549494 0.503436 599.700000 -0.134792 2.158750
0.549402 0.503387 599.800000 0.005799 0.646036
0.549312 0.503433 599.900000 0.100939 1.252023
0.549222 0.503351 600.000000 0.156622 -0.141147
0.549133 0.503306 600.100000 0.183740 0.682134
0.549047 0.503245 600.200000 0.244198 0.524015
0.548961 0.503166 600.300000 0.258420 -0.240287
0.548873 0.503150 600.400000 0.201260 -0.900048
0.548783 0.503124 600.500000 0.114310 -0.834611
0.548691 0.503243 600.600000 -0.005722 -1.560034
0.548602 0.503315 600.700000 -0.152574 -1.369660
0.548516 0.503254 600.800000 -0.247238 -0.518886
0.548434 0.503319 600.900000 -0.340379 -1.339277
0.548356 0.503240 601.000000 -0.395956 0.230514
0.548286 0.503614 601.100000 -0.502023 -2.346545
0.548221 0.503622 601.200000 -0.567159 1.047071
0.548154 0.503547 601.300000 -0.531711 -0.339874
0.548084 0.503519 601.400000 -0.507964 0.813628
0.548005 0.503682 601.500000 -0.380712 1.725037
0.547920 0.503603 601.600000 -0.283033 0.223665
0.547836 0.503519 601.700000 -0.274071 -0.044876
0.547750 0.503467 601.800000 -0.245549 0.613889
0.547662 0.503397 601.900000 -0.194178 0.410976
0.547576 0.503499 602.000000 -0.248404 -1.492790
0.547495 0.503427 602.100000 -0.341936 -0.373185
0.547414 0.503344 602.200000 -0.356061 0.091399
0.547337 0.503331 602.300000 -0.397872 -0.925529
0.547260 0.503272 602.400000 -0.417360 0.536736
0.547181 0.503197 602.500000 -0.374396 0.320404
0.547102 0.503128 602.600000 -0.379446 -0.421142
0.547022 0.503102 602.700000 -0.358718 0.834651
0.546937 0.503113 602.800000 -0.263489 1.065184
0.546850 0.503030 602.900000 -0.207336 0.055069
0.546764 0.502991 603.000000 -0.241434 -0.735332
0.546682 0.502987 603.100000 -0.327321 -0.978110
0.546601 0.502962 603.200000 -0.334486 0.835173
0.546518 0.502879 603.300000 -0.296398 -0.075335
0.546434 0.502796 603.400000 -0.296301 0.077278
0.546350 0.502725 603.500000 -0.273079 0.386006
0.546263 0.502698 603.600000 -0.212487 0.822794
0.546174 0.502659 603.700000 -0.134376 0.735523
0.546084 0.503033 603.800000 0.020315 2.350558
0.545995 0.502957 603.900000 0.124259 -0.276865
0.545905 0.502873 604.000000 0.112843 0.049104
0.545816 0.502855 604.100000 0.071020 -0.883453
0.545725 0.502780 604.200000 0.010837 -0.317206
0.545635 0.502770 604.300000 -0.052165 -0.939687
0.545548 0.503060 604.400000 -0.205818 -2.125681
0.545467 0.502982 604.500000 -0.324082 -0.233685
0.545384 0.502937 604.600000 -0.301725 0.679708
0.545301 0.502878 604.700000 -0.295138 -0.548308
0.545220 0.502796 604.800000 -0.325536 -0.058132
0.545140 0.502729 604.900000 -0.350876 -0.447404
0.545062 0.502647 605.000000 -0.380099 -0.135595
0.544983 0.502584 605.100000 -0.362343 0.489838
0.544900 0.502567 605.200000 -0.292895 0.895645
0.544814 0.502493 605.300000 -0.231574 0.327715
0.544726 0.502479 605.400000 -0.169558 0.909493
0.544637 0.502411 605.500000 -0.102196 0.434377
0.544547 0.502489 605.600000 -0.010406 1.396841
0.544458 0.502447 605.700000 0.094624 0.698493
0.544370 0.502381 605.800000 0.152889 0.463898
0.544285 0.502368 605.900000 0.222026 0.915397
0.544204 0.502402 606.000000 0.327586 1.190522
0.544129 0.502373 606.100000 0.428013 0.812998
0.544058 0.502291 606.200000 0.472063 0.065785
0.543987 0.502209 606.300000 0.481897 0.130418
0.543911 0.502338 606.400000 0.408097 -1.602733
0.543831 0.502265 606.500000 0.344756 0.339081
0.543752 0.502188 606.600000 0.348653 -0.261348
0.543670 0.502130 606.700000 0.308160 -0.546472
0.543587 0.502048 606.800000 0.286834 0.121007
0.543505 0.501972 606.900000 0.306777 0.276855
0.543429 0.502125 607.000000 0.405430 1.691269
0.543353 0.502259 607.100000 0.408890 -1.622232
0.543272 0.502183 607.200000 0.312671 -0.297347
0.543187 0.502298 607.300000 0.220169 -1.548058
0.543097 0.502424 607.400000 0.062690 -1.593654
0.543008 0.502380 607.500000 -0.051598 -0.686387
0.542920 0.502329 607.600000 -0.116740 -0.613197
0.542834 0.502318 607.700000 -0.194406 -0.936245
0.542750 0.502245 607.800000 -0.258670 -0.345816
0.542664 0.502349 607.900000 -0.200464 1.507038
0.542577 0.502306 608.000000 -0.159563 -0.691077
0.542492 0.502267 608.100000 -0.230465 -0.723421
0.542407 0.502259 608.200000 -0.218752 0.957098
0.542320 0.502177 608.300000 -0.173688 -0.058067
0.542232 0.502309 608.400000 -0.095535 1.617208
0.542143 0.502233 608.500000 -0.028553 -0.280900
0.542054 0.502151 608.600000 -0.044627 -0.039777
0.541966 0.502277 608.700000 -0.126580 -1.595191
0.541884 0.502389 608.800000 -0.283544 -1.536247
0.541813 0.502728 608.900000 -0.474198 -2.267303
0.541759 0.502774 609.000000 -0.650401 -1.247950
0.541710 0.502697 609.100000 -0.699618 0.266085
0.541659 0.502620 609.200000 -0.673523 0.254506
0.541604 0.502542 609.300000 -0.649133 0.232073
0.541547 0.502470 609.400000 -0.619401 0.361084
0.541492 0.502436 609.500000 -0.639710 -0.766252
0.541449 0.502532 609.600000 -0.752136 -1.476646
0.541420 0.502477 609.700000 -0.854946 -0.574411
0.541387 0.502531 609.800000 -0.819103 1.289474
0.541346 0.502455 609.900000 -0.768403 -0.278013
0.541309 0.502376 610.000000 -0.792850 -0.209703
0.541278 0.502340 610.100000 -0.841020 -0.751277
0.541249 0.502278 610.200000 -0.853774 0.496830
0.541208 0.502362 610.300000 -0.757345 1.426934
0.541144 0.502812 610.400000 -0.558018 2.549632
0.541067 0.502843 610.500000 -0.371192 1.177552
0.540985 0.502796 610.600000 -0.279673 0.648258
0.540900 0.502747 610.700000 -0.214777 0.646403
0.540813 0.502840 610.800000 -0.109197 1.459916
0.540724 0.503006 610.900000 0.051443 1.744860
0.540637 0.502927 611.000000 0.129524 -0.187151
0.540552 0.502991 611.100000 0.187109 1.335987
0.540470 0.502956 611.200000 0.292455 0.765648
0.540387 0.503048 611.300000 0.257837 -1.456265
0.540301 0.502992 611.400000 0.156030 -0.574785
0.540213 0.502933 611.500000 0.100806 -0.526933
0.540125 0.502850 611.600000 0.074109 -0.005670
0.540038 0.502786 611.700000 0.097431 0.470928
0.539951 0.502724 611.800000 0.145716 0.492365
0.539865 0.502655 611.900000 0.150168 -0.403543
0.539780 0.502664 612.000000 0.182890 1.056350
0.539695 0.502590 612.100000 0.220198 -0.312062
0.539611 0.502508 612.200000 0.206105 0.030906
0.539526 0.502433 612.300000 0.192566 -0.301010
0.539440 0.502358 612.400000 0.163404 -0.280761
0.539353 0.502298 612.500000 0.123169 -0.521927
0.539267 0.502349 612.600000 0.160901 1.274677
0.539185 0.502322 612.700000 0.265960 0.821251
0.539106 0.502285 612.800000 0.344524 0.746087
0.539033 0.502241 612.900000 0.416158 0.683014
0.538955 0.502408 613.000000 0.362808 -1.747342
0.538871 0.502419 613.100000 0.221780 -1.066169
0.538785 0.502359 613.200000 0.142419 -0.517080
0.538698 0.502294 613.300000 0.093572 -0.457414
0.538611 0.502280 613.400000 0.116243 0.909704
0.538526 0.502200 613.500000 0.154676 -0.142979
0.538439 0.502216 613.600000 0.092473 -1.097955
0.538351 0.502150 613.700000 0.059754 0.445205
0.538264 0.502086 613.800000 0.058916 -0.461929
0.538176 0.502047 613.900000 -0.000726 -0.727925
0.538089 0.501968 614.000000 -0.045417 -0.163652
0.538002 0.502025 614.100000 -0.119053 -1.305393
0.537916 0.502024 614.200000 -0.134561 0.996009
0.537829 0.501943 614.300000 -0.079791 0.096643
0.537742 0.501876 614.400000 -0.096488 -0.429744
0.537655 0.501829 614.500000 -0.085349 0.651963
0.537568 0.501764 614.600000 -0.029788 0.456489
0.537481 0.501819 614.700000 0.057934 1.293555
0.537395 0.501771 614.800000 0.155030 0.643510
0.537311 0.501698 614.900000 0.203625 0.325963
0.537234 0.502240 615.000000 0.358847 2.770722
0.537173 0.502301 615.100000 0.564085 1.323774
0.537121 0.502239 615.200000 0.655082 0.491606
0.537076 0.502238 615.300000 0.729465 0.992337
0.537036 0.502165 615.400000 0.762310 -0.337082
0.536993 0.502086 615.500000 0.736067 -0.186460
0.536952 0.502021 615.600000 0.749033 0.445139
0.536911 0.501947 615.700000 0.756516 -0.295865
0.536869 0.501867 615.800000 0.750207 0.170008
0.536830 0.501787 615.900000 0.764415 0.113448
0.536793 0.501714 616.000000 0.786021 0.317581
0.536753 0.501671 616.100000 0.767266 -0.691739
0.536710 0.501590 616.200000 0.731788 -0.016058
0.536671 0.501564 616.300000 0.772650 0.831272
0.536633 0.501525 616.400000 0.778371 -0.717140
0.536586 0.501502 616.500000 0.699967 -0.847018
0.536534 0.501421 616.600000 0.663293 0.115370
0.536478 0.501443 616.700000 0.612475 -1.129204
0.536420 0.501426 616.800000 0.600527 0.890852
0.536374 0.501494 616.900000 0.713153 1.356032
0.536339 0.501419 617.000000 0.794602 0.268869
0.536303 0.501341 617.100000 0.797062 -0.219780
0.536257 0.501472 617.200000 0.705085 -1.615177
0.536194 0.501591 617.300000 0.545258 -1.573358
0.536128 0.501559 617.400000 0.505459 0.779368
0.536064 0.501478 617.500000 0.540400 -0.082296
0.536002 0.501399 617.600000 0.545152 0.177098
0.535938 0.501330 617.700000 0.535056 -0.378507
0.535878 0.501338 617.800000 0.568749 1.050679
0.535828 0.501358 617.900000 0.677413 1.117164
0.535787 0.501290 618.000000 0.753994 0.410619
0.535745 0.501244 618.100000 0.741740 -0.655074
0.535701 0.501168 618.200000 0.721483 0.250940
0.535655 0.501101 618.300000 0.712941 -0.421353
0.535609 0.501029 618.400000 0.708022 0.323225
0.535566 0.500954 618.500000 0.738326 0.281337
0.535526 0.500874 618.600000 0.756614 0.083504
0.535486 0.500793 618.700000 0.759963 -0.016688
0.535443 0.500732 618.800000 0.734276 -0.495764
0.535396 0.500658 618.900000 0.695040 -0.287007
0.535346 0.500578 619.000000 0.674174 -0.129265
0.535301 0.500575 619.100000 0.716970 0.983048
0.535261 0.500498 619.200000 0.756148 -0.201453
0.535232 0.500714 619.300000 0.842127 1.916750
0.535209 0.500708 619.400000 0.889925 -0.963194
0.535170 0.500825 619.500000 0.763050 -1.567961
0.535127 0.500813 619.600000 0.730537 0.919336
0.535084 0.500782 619.700000 0.737237 -0.785670
0.535036 0.500704 619.800000 0.687531 -0.205970
0.534985 0.500628 619.900000 0.665420 -0.235136
0.534936 0.500560 620.000000 0.673871 0.403718
0.534883 0.500562 620.100000 0.643322 -1.013170
0.534818 0.500660 620.200000 0.518063 -1.485733
0.534743 0.500719 620.300000 0.377463 -1.319243
0.534663 0.500699 620.400000 0.267976 -0.865036
0.534581 0.500619 620.500000 0.218934 -0.113337
0.534498 0.500540 620.600000 0.206039 -0.143921
0.534416 0.500507 620.700000 0.237210 0.765784
0.534335 0.500491 620.800000 0.230523 -0.899188
0.534250 0.500471 620.900000 0.142145 -0.863962
0.534164 0.500441 621.000000 0.059111 -0.792569
0.534079 0.500636 621.100000 -0.073476 -1.852540
0.533995 0.500569 621.200000 -0.146126 0.403175
0.533912 0.500621 621.300000 -0.190398 -1.286394
0.533834 0.500711 621.400000 -0.327718 -1.453154
0.533761 0.500632 621.500000 -0.392262 0.165510
0.533685 0.500581 621.600000 -0.353687 0.604054
0.533608 0.500501 621.700000 -0.321387 0.040348
0.533531 0.500426 621.800000 -0.333055 -0.273133
0.533451 0.500476 621.900000 -0.283070 1.270322
0.533369 0.500395 622.000000 -0.217261 0.042583
0.533288 0.500317 622.100000 -0.223215 -0.161372
0.533206 0.500237 622.200000 -0.229346 0.039063
0.533124 0.500170 622.300000 -0.206508 0.416552
0.533040 0.500128 622.400000 -0.150956 0.691716
0.532955 0.500073 622.500000 -0.088276 0.558742
0.532870 0.500000 622.600000 -0.045211 0.300402
0.532784 0.499934 622.700000 -0.009410 0.413835
0.532699 0.499909 622.800000 0.053201 0.835249
0.532614 0.499855 622.900000 0.066650 -0.566943
0.532529 0.499789 623.000000 0.059258 0.419474
0.532444 0.499709 623.100000 0.077385 -0.057846
0.532359 0.499630 623.200000 0.068633 -0.116741
0.532273 0.499604 623.300000 0.021689 -0.819794
0.532188 0.499548 623.400000 -0.047225 -0.555049
0.532104 0.499510 623.500000 -0.111327 -0.723775
0.532020 0.499439 623.600000 -0.164693 -0.340888
0.531940 0.499486 623.700000 -0.244775 -1.256743
0.531862 0.499413 623.800000 -0.292837 0.297906
0.531787 0.499525 623.900000 -0.355550 -1.549035
0.531721 0.499592 624.000000 -0.501181 -1.356307
0.531660 0.499533 624.100000 -0.543888 0.504310
0.531593 0.499502 624.200000 -0.479389 0.782434
0.531523 0.499425 624.300000 -0.430782 0.187279
0.531454 0.499384 624.400000 -0.456659 -0.703524
0.531386 0.499348 624.500000 -0.454905 0.738522
0.531309 0.499544 624.600000 -0.324716 1.858742
0.531229 0.499465 624.700000 -0.230304 0.024783
0.531149 0.499405 624.800000 -0.254445 -0.506397
0.531069 0.499346 624.900000 -0.254054 0.514205
0.530986 0.499344 625.000000 -0.178854 0.986024
0.530902 0.499331 625.100000 -0.083649 0.913312
0.530817 0.499271 625.200000 -0.013120 0.493743
0.530732 0.499221 625.300000 -0.018842 -0.607898
0.530648 0.499150 625.400000 -0.032484 0.335745
0.530563 0.499431 625.500000 0.090893 2.125631
0.530483 0.499419 625.600000 0.243703 0.922921
0.530404 0.499377 625.700000 0.255715 -0.683288
0.530324 0.499332 625.800000 0.254873 0.666491
0.530246 0.499253 625.900000 0.286456 -0.036409
0.530171 0.499323 626.000000 0.353376 1.371462
0.530106 0.499408 626.100000 0.493999 1.433968
0.530046 0.499337 626.200000 0.548657 -0.343527
0.529996 0.499838 626.300000 0.666601 2.696492
0.529969 0.499820 626.400000 0.845935 0.881238
0.529954 0.499799 626.500000 0.933014 0.855979
0.529944 0.499721 626.600000 0.968173 -0.154551
0.529930 0.499654 626.700000 0.940891 -0.389722
0.529916 0.499581 626.800000 0.935990 0.291946
0.529899 0.499526 626.900000 0.922472 -0.561629
0.529881 0.499461 627.000000 0.915561 0.423746
0.529866 0.499381 627.100000 0.934224 -0.051427
0.529854 0.499313 627.200000 0.950084 0.367834
0.529843 0.499235 627.300000 0.960237 -0.165283
0.529838 0.499233 627.400000 1.001451 0.987520
0.529839 0.499161 627.500000 1.035273 -0.312777
0.529836 0.499086 627.600000 1.008553 -0.220286
0.529820 0.499156 627.700000 0.928719 -1.372406
0.529791 0.499103 627.800000 0.831240 -0.572291
0.529755 0.499036 627.900000 0.782760 -0.394893
0.529708 0.499179 628.000000 0.679205 -1.671032
0.529652 0.499101 628.100000 0.603225 0.155225
0.529595 0.499043 628.200000 0.585018 -0.518437
0.529541 0.499054 628.300000 0.612289 1.062475
0.529497 0.499052 628.400000 0.715030 0.987207
0.529459 0.498972 628.500000 0.764965 0.009009
0.529416 0.498980 628.600000 0.713073 -1.044263
0.529365 0.498903 628.700000 0.652174 -0.170656
0.529312 0.498843 628.800000 0.618467 -0.501799
0.529253 0.498778 628.900000 0.572606 -0.413133
0.529189 0.498801 629.000000 0.495030 -1.134506
0.529119 0.498727 629.100000 0.424833 -0.265922
0.529047 0.498656 629.200000 0.395707 -0.315143
0.528969 0.498919 629.300000 0.275810 -2.076808
0.528887 0.498918 629.400000 0.121904 -0.993614
0.528803 0.498840 629.500000 0.065434 -0.132968
0.528719 0.498763 629.600000 0.051457 -0.145879
0.528637 0.498980 629.700000 0.141062 1.933509
0.528559 0.498932 629.800000 0.268997 0.618781
0.528478 0.499139 629.900000 0.204691 -1.901686
0.528395 0.499071 630.000000 0.090526 -0.375903
0.528311 0.499016 630.100000 0.044385 -0.544599
0.528227 0.498949 630.200000 -0.003085 -0.402428
0.528144 0.498870 630.300000 -0.023853 -0.011905
0.528060 0.498792 630.400000 -0.019988 0.089007
0.527976 0.498731 630.500000 -0.039635 -0.480950
0.527893 0.498657 630.600000 -0.077027 -0.265032
0.527810 0.498612 630.700000 -0.057785 0.648907
0.527726 0.498540 630.800000 -0.010155 0.301321
0.527642 0.498502 630.900000 -0.031119 -0.719545
0.527559 0.498516 631.000000 -0.013015 1.080715
0.527475 0.498438 631.100000 0.034698 -0.128846
0.527392 0.498364 631.200000 0.015493 -0.254290
0.527308 0.498317 631.300000 0.034718 0.637835
0.527225 0.498238 631.400000 0.066908 0.004354
0.527142 0.498211 631.500000 0.026798 -0.804558
0.527058 0.498176 631.600000 -0.050854 -0.744603
0.526976 0.498123 631.700000 -0.117110 -0.577205
0.526894 0.498050 631.800000 -0.132767 0.264854
0.526813 0.498046 631.900000 -0.168216 -0.972055
0.526734 0.497987 632.000000 -0.241963 -0.499206
0.526659 0.498022 632.100000 -0.327135 -1.199967
0.526594 0.498172 632.200000 -0.472509 -1.700256
0.526541 0.498205 632.300000 -0.617356 -1.189442
0.526490 0.498158 632.400000 -0.645282 0.632318
0.526434 0.498098 632.500000 -0.588951 0.491492
0.526373 0.498077 632.600000 -0.521560 0.852960
0.526307 0.498000 632.700000 -0.471336 0.149002
0.526238 0.497963 632.800000 -0.427471 0.726119
0.526162 0.498199 632.900000 -0.290959 1.997290
0.526082 0.498132 633.000000 -0.209856 -0.379284
0.526004 0.498055 633.100000 -0.237154 -0.165307
0.525923 0.498144 633.200000 -0.172557 1.454003
0.525840 0.498123 633.300000 -0.056869 0.853977
0.525757 0.498061 633.400000 -0.037268 -0.462940
0.525674 0.498200 633.500000 0.022769 1.660679
0.525593 0.498197 633.600000 0.155005 0.977442
0.525513 0.498165 633.700000 0.165438 -0.769310
0.525430 0.498169 633.800000 0.075601 -1.022949
0.525348 0.498403 633.900000 -0.075556 -1.992633
0.525269 0.498463 634.000000 -0.241805 -1.324017
0.525196 0.498412 634.100000 -0.338077 -0.596613
0.525122 0.498357 634.200000 -0.340637 0.545541
0.525042 0.498792 634.300000 -0.185389 2.551656
0.524959 0.498721 634.400000 -0.041502 0.318895
0.524877 0.498770 634.500000 0.038318 1.273502
0.524795 0.498726 634.600000 0.135267 0.660631
0.524718 0.498867 634.700000 0.251995 1.668105
0.524645 0.498794 634.800000 0.348817 0.263489
0.524571 0.498749 634.900000 0.329131 -0.656228
0.524492 0.498857 635.000000 0.219214 -1.536606
0.524411 0.498783 635.100000 0.130124 -0.240753
0.524329 0.498711 635.200000 0.102928 -0.301807
0.524246 0.498832 635.300000 0.007932 -1.593356
0.524164 0.498754 635.400000 -0.072734 -0.015927
0.524083 0.498692 635.500000 -0.096782 -0.463846
0.524002 0.498628 635.600000 -0.140869 -0.415673
0.523920 0.498622 635.700000 -0.113362 0.964428
0.523839 0.498585 635.800000 -0.101245 -0.722684
0.523757 0.498579 635.900000 -0.089470 0.957578
0.523675 0.498523 636.000000 -0.014745 0.533190
0.523592 0.498445 636.100000 0.017118 0.102481
0.523510 0.498414 636.200000 0.061145 0.775851
0.523429 0.498340 636.300000 0.088068 -0.238739
0.523346 0.498346 636.400000 0.024182 -1.035784
0.523267 0.498952 636.500000 -0.175640 -2.950660
0.523193 0.498874 636.600000 -0.327846 -0.085844
0.523118 0.498819 636.700000 -0.304563 0.550330
0.523042 0.498742 636.800000 -0.281707 -0.094351
0.522964 0.498815 636.900000 -0.216859 1.388070
0.522885 0.498892 637.000000 -0.217959 -1.410006
0.522810 0.498814 637.100000 -0.285422 0.064102
0.522735 0.498756 637.200000 -0.307540 -0.505337
0.522664 0.498721 637.300000 -0.370122 -0.743186
0.522597 0.498667 637.400000 -0.434898 -0.549098
0.522536 0.498697 637.500000 -0.521253 -1.173678
0.522480 0.498620 637.600000 -0.572281 0.155674
0.522420 0.498567 637.700000 -0.536342 0.561307
0.522358 0.498490 637.800000 -0.501056 0.142644
0.522295 0.498415 637.900000 -0.484671 0.184232
0.522230 0.498337 638.000000 -0.473527 0.038094
0.522162 0.498390 638.100000 -0.406751 1.294088
0.522087 0.498351 638.200000 -0.306524 0.705432
0.522012 0.498299 638.300000 -0.300471 -0.584666
0.521938 0.498251 638.400000 -0.299066 0.612686
0.521863 0.498227 638.500000 -0.309985 -0.830511
0.521790 0.498167 638.600000 -0.327745 0.476207
0.521719 0.498205 638.700000 -0.364944 -1.218335
0.521660 0.498526 638.800000 -0.539172 -2.257504
0.521611 0.498451 638.900000 -0.641361 0.218817
0.521562 0.498381 639.000000 -0.645988 -0.311110
0.521510 0.498351 639.100000 -0.622476 0.780164
0.521453 0.498295 639.200000 -0.556807 0.529935
0.521394 0.498220 639.300000 -0.540638 -0.207362
0.521334 0.498166 639.400000 -0.523216 0.554935
0.521270 0.498100 639.500000 -0.476274 0.381560
0.521205 0.498022 639.600000 -0.454386 0.055100
0.521135 0.498085 639.700000 -0.384231 1.344494
0.521060 0.498060 639.800000 -0.275738 0.819930
0.520980 0.498122 639.900000 -0.167511 1.339201
0.520899 0.498112 640.000000 -0.053970 0.925943
0.520818 0.498034 640.100000 -0.007176 0.007600
0.520737 0.497957 640.200000 -0.000605 0.123500
0.520656 0.498114 640.300000 0.092475 1.733447
0.520578 0.498094 640.400000 0.222305 0.856660
0.520504 0.498063 640.500000 0.304249 0.778122
0.520434 0.498011 640.600000 0.371899 0.571487
0.520367 0.497960 640.700000 0.430214 0.591903
0.520305 0.497922 640.800000 0.495430 0.709150
0.520249 0.497895 640.900000 0.571443 0.807318
0.520197 0.497820 641.000000 0.602925 -0.179259
0.520149 0.497844 641.100000 0.651036 1.139080
0.520108 0.497769 641.200000 0.718322 0.203260
0.520067 0.497692 641.300000 0.723743 -0.095111
0.520029 0.497631 641.400000 0.741987 0.459088
0.519994 0.497554 641.500000 0.765914 0.018246
0.519948 0.497744 641.600000 0.673802 -1.855870
0.519895 0.497672 641.700000 0.593801 0.259838
0.519842 0.497595 641.800000 0.603760 -0.061144
0.519785 0.497572 641.900000 0.558586 -0.840088
0.519721 0.497591 642.000000 0.460889 -1.108962
0.519652 0.497516 642.100000 0.396298 -0.179623
0.519580 0.497504 642.200000 0.341148 -0.920614
0.519505 0.497458 642.300000 0.263179 -0.634867
0.519433 0.497779 642.400000 0.344821 2.263618
0.519371 0.497719 642.500000 0.481737 0.467861
0.519307 0.497681 642.600000 0.469244 -0.717102
0.519242 0.497609 642.700000 0.445810 0.249590
0.519175 0.497552 642.800000 0.432784 -0.509463
0.519108 0.497481 642.900000 0.421586 0.286073
0.519041 0.497422 643.000000 0.411248 -0.492319
0.518970 0.497377 643.100000 0.354570 -0.638399
0.518897 0.497301 643.200000 0.314657 -0.157880
0.518820 0.497499 643.300000 0.212460 -1.880950
0.518740 0.497424 643.400000 0.109528 -0.172541
0.518660 0.497382 643.500000 0.067145 -0.672999
0.518579 0.497350 643.600000 -0.004814 -0.762586
0.518499 0.497445 643.700000 0.031652 1.490090
0.518420 0.497426 643.800000 0.149857 0.868099
0.518346 0.497570 643.900000 0.277990 1.688162
0.518281 0.497722 644.000000 0.448828 1.720055
0.518220 0.497687 644.100000 0.498421 -0.730691
0.518155 0.497611 644.200000 0.455357 -0.128427
0.518088 0.497563 644.300000 0.417858 -0.619668
0.518017 0.497582 644.400000 0.330984 -1.113473
0.517941 0.497514 644.500000 0.258032 -0.341919
0.517864 0.497487 644.600000 0.200780 -0.800264
0.517786 0.497423 644.700000 0.181731 0.420240
0.517712 0.497513 644.800000 0.276454 1.469475
0.517642 0.497446 644.900000 0.368182 0.360509
0.517572 0.497384 645.000000 0.364557 -0.432839
0.517502 0.497321 645.100000 0.364588 0.433457
0.517433 0.497249 645.200000 0.374076 -0.244158
0.517365 0.497202 645.300000 0.392992 0.621530
0.517298 0.497133 645.400000 0.407792 -0.326267
0.517229 0.497056 645.500000 0.387895 -0.070677
0.517159 0.496989 645.600000 0.366199 -0.362158
0.517086 0.497028 645.700000 0.286749 -1.222887
0.517009 0.496964 645.800000 0.205519 -0.397643
0.516929 0.497146 645.900000 0.093762 -1.831898
0.516850 0.497466 646.000000 -0.111543 -2.263943
0.516776 0.497434 646.100000 -0.263002 -0.757673
0.516706 0.497443 646.200000 -0.353969 -1.057115
0.516645 0.497613 646.300000 -0.496555 -1.787472
0.516599 0.497736 646.400000 -0.666709 -1.607110
0.516558 0.497714 646.500000 -0.705104 0.841129
0.516513 0.497640 646.600000 -0.673713 -0.214862
0.516474 0.497617 646.700000 -0.726248 -0.833210
0.516438 0.497546 646.800000 -0.753762 0.284302
0.516398 0.497480 646.900000 -0.720894 0.371418
0.516359 0.497417 647.000000 -0.723254 -0.418511
0.516329 0.497462 647.100000 -0.807257 -1.257354
0.516312 0.497413 647.200000 -0.900399 -0.600827
0.516299 0.497336 647.300000 -0.928924 0.031763
0.516289 0.497277 647.400000 -0.950826 -0.468723
0.516293 0.497320 647.500000 -1.036816 -1.246777
0.516321 0.497475 647.600000 -1.186135 -1.732131
0.516370 0.497404 647.700000 -1.287336 -0.286825
0.516428 0.497367 647.800000 -1.337764 -0.719210
0.516505 0.497377 647.900000 -1.427002 -1.061095
0.516599 0.497309 648.000000 -1.497120 -0.337768
0.516690 0.497251 648.100000 -1.489647 0.486862
0.516778 0.497176 648.200000 -1.473481 -0.164357
0.516866 0.497101 648.300000 -1.475972 0.114665
0.516942 0.497099 648.400000 -1.420868 0.984670
0.517006 0.497023 648.500000 -1.365360 0.122713
0.517065 0.496957 648.600000 -1.340878 0.365701
0.517122 0.496882 648.700000 -1.329110 -0.130939
0.517185 0.496831 648.800000 -1.364920 -0.583463
0.517261 0.496777 648.900000 -1.421063 -0.536586
0.517333 0.496763 649.000000 -1.402704 0.902841
0.517392 0.496693 649.100000 -1.342698 0.294286
0.517447 0.496620 649.200000 -1.318771 0.183059
0.517495 0.496557 649.300000 -1.288228 0.426266
0.517543 0.496499 649.400000 -1.291045 -0.482472
0.517604 0.496461 649.500000 -1.350934 -0.712312
0.517669 0.496391 649.600000 -1.372733 0.277420
0.517720 0.496415 649.700000 -1.301484 1.144014
0.517768 0.496391 649.800000 -1.285512 -0.825371
0.517806 0.496545 649.900000 -1.240171 1.729921
0.517828 0.496470 650.000000 -1.145686 0.155043
0.517862 0.496598 650.100000 -1.219596 -1.629534
0.517910 0.496528 650.200000 -1.286659 0.291623
0.517943 0.496569 650.300000 -1.210275 1.232239
0.517962 0.496500 650.400000 -1.132314 0.323089
0.517984 0.496457 650.500000 -1.148773 -0.651460
0.517996 0.496601 650.600000 -1.096432 1.695673
0.517996 0.496526 650.700000 -1.015785 -0.086774
0.518005 0.496539 650.800000 -1.074248 -1.079567
0.518018 0.496494 650.900000 -1.096534 0.634965
0.518046 0.496853 651.000000 -1.184148 -2.382860
0.518100 0.496785 651.100000 -1.319923 -0.325856
0.518162 0.496723 651.200000 -1.357716 -0.428108
0.518221 0.496692 651.300000 -1.340604 0.769483
0.518269 0.496621 651.400000 -1.289703 0.245994
0.518315 0.496545 651.500000 -1.280815 -0.068679
0.518370 0.496520 651.600000 -1.325214 -0.817077
0.518438 0.496457 651.700000 -1.386889 -0.413343
0.518503 0.496421 651.800000 -1.371236 0.725633
0.518562 0.496347 651.900000 -1.344068 -0.183633
0.518609 0.496414 652.000000 -1.284926 1.363503
0.518629 0.496535 652.100000 -1.136141 1.604771
0.518631 0.496476 652.200000 -1.032314 0.466568
0.518625 0.496422 652.300000 -0.981760 0.541979
0.518616 0.496346 652.400000 -0.958279 -0.073522
0.518608 0.496270 652.500000 -0.963721 -0.035058
0.518612 0.496383 652.600000 -1.044212 -1.570730
0.518639 0.496418 652.700000 -1.183061 -1.199301
0.518686 0.496392 652.800000 -1.283747 -0.809384
0.518735 0.496342 652.900000 -1.294699 0.590888
0.518791 0.496396 653.000000 -1.330325 -1.301622
0.518876 0.496459 653.100000 -1.463161 -1.348476
0.518974 0.496385 653.200000 -1.522647 0.161744
0.519073 0.496317 653.300000 -1.530249 -0.313404
0.519176 0.496241 653.400000 -1.541976 0.079451
0.519279 0.496167 653.500000 -1.545469 -0.149142
0.519369 0.496226 653.600000 -1.486469 1.326199
0.519426 0.496370 653.700000 -1.334867 1.698263
0.519469 0.496305 653.800000 -1.268167 -0.367599
0.519521 0.496246 653.900000 -1.309923 -0.465449
0.519577 0.496170 654.000000 -1.330354 0.057864
0.519637 0.496111 654.100000 -1.350993 -0.469610
0.519714 0.496127 654.200000 -1.429490 -1.096414
0.519822 0.496256 654.300000 -1.566529 -1.637512
0.519952 0.496182 654.400000 -1.656030 -0.148034
0.520088 0.496113 654.500000 -1.678572 -0.301674
0.520228 0.496037 654.600000 -1.695103 -0.028120
0.520392 0.496206 654.700000 -1.786101 -1.787289
0.520562 0.496268 654.800000 -1.808267 1.345076
0.520698 0.496298 654.900000 -1.681735 1.179230
0.520810 0.496266 655.000000 -1.584715 0.756324
0.520896 0.496363 655.100000 -1.471366 1.504997
0.520986 0.496550 655.200000 -1.488978 -1.856355
0.521090 0.496505 655.300000 -1.550538 0.628218
0.521187 0.496429 655.400000 -1.520067 -0.020325
0.521276 0.496383 655.500000 -1.489679 0.626564
0.521355 0.496316 655.600000 -1.441434 0.335941
0.521427 0.496250 655.700000 -1.406794 0.355126
0.521491 0.496183 655.800000 -1.371970 0.339608
0.521551 0.496108 655.900000 -1.355801 -0.017049
0.521637 0.496446 656.000000 -1.473477 -2.330572
0.521736 0.496482 656.100000 -1.529631 1.210289
0.521813 0.496444 656.200000 -1.433731 0.702920
0.521891 0.496417 656.300000 -1.438558 -0.799220
0.521994 0.496481 656.400000 -1.546533 -1.354879
0.522100 0.496495 656.500000 -1.560178 1.082667
0.522179 0.496528 656.600000 -1.445986 1.195450
0.522244 0.496456 656.700000 -1.375825 0.204267
0.522318 0.496467 656.800000 -1.419114 -1.067889
0.522418 0.496515 656.900000 -1.536635 -1.276643
0.522551 0.496595 657.000000 -1.672166 -1.427194
0.522709 0.496532 657.100000 -1.764650 -0.417877
0.522871 0.496457 657.200000 -1.783158 0.048657
0.523016 0.496508 657.300000 -1.716122 1.288694
0.523146 0.496435 657.400000 -1.660149 -0.172024
0.523280 0.496361 657.500000 -1.676772 -0.159608
0.523430 0.496371 657.600000 -1.737957 -1.061037
0.523608 0.496374 657.700000 -1.841918 -1.012970
0.523829 0.496569 657.800000 -1.987324 -1.887891
0.524048 0.496782 657.900000 -1.984399 1.946259
0.524240 0.496706 658.000000 -1.888925 -0.041568
0.524427 0.496638 658.100000 -1.875042 0.318535
0.524603 0.496581 658.200000 -1.834535 0.489594
0.524763 0.496538 658.300000 -1.777083 0.656561
0.524898 0.496589 658.400000 -1.679686 1.286506
0.525012 0.496523 658.500000 -1.597668 0.349765
0.525138 0.496580 658.600000 -1.646543 -1.324833
0.525280 0.496505 658.700000 -1.710088 0.057120
0.525414 0.496456 658.800000 -1.678033 0.582372
0.525536 0.496390 658.900000 -1.630758 0.360765
0.525651 0.496319 659.000000 -1.600614 0.240605
0.525758 0.496257 659.100000 -1.567931 0.411426
0.525852 0.496213 659.200000 -1.514885 0.646841
0.525945 0.496162 659.300000 -1.510495 -0.559261
0.526048 0.496093 659.400000 -1.553373 -0.296166
0.526170 0.496131 659.500000 -1.629511 -1.222785
0.526312 0.496070 659.600000 -1.712365 -0.430151
0.526444 0.496119 659.700000 -1.669842 1.278484
0.526545 0.496162 659.800000 -1.543090 1.250230
0.526629 0.496089 659.900000 -1.472760 0.152844
0.526718 0.496035 660.000000 -1.491710 -0.530894
0.526809 0.495967 660.100000 -1.502880 0.308065
0.526893 0.495903 660.200000 -1.468461 0.378582
0.526974 0.495831 660.300000 -1.459281 -0.195435
0.527053 0.495768 660.400000 -1.448500 0.410506
0.527117 0.495766 660.500000 -1.378587 0.984273
0.527168 0.495697 660.600000 -1.316038 0.263573
0.527241 0.496038 660.700000 -1.420411 -2.345816
0.527349 0.496004 660.800000 -1.575086 -0.739944
0.527470 0.495939 660.900000 -1.629621 -0.348038
0.527619 0.496119 661.000000 -1.739244 -1.838937
0.527822 0.496351 661.100000 -1.932394 -2.014402
0.528070 0.496350 661.200000 -2.082988 -0.989953
0.528317 0.496363 661.300000 -2.078642 1.076664
0.528537 0.496321 661.400000 -1.991214 0.667519
0.528735 0.496294 661.500000 -1.918068 0.791742
0.528917 0.496226 661.600000 -1.863356 0.299764
0.529077 0.496296 661.700000 -1.778828 1.386570
0.529200 0.496357 661.800000 -1.642054 1.342077
0.529314 0.496305 661.900000 -1.602302 -0.549032
0.529435 0.496230 662.000000 -1.631298 -0.029437
0.529554 0.496158 662.100000 -1.622262 0.209694
0.529669 0.496084 662.200000 -1.606907 0.096640
0.529777 0.496024 662.300000 -1.579398 0.452164
0.529883 0.495953 662.400000 -1.567746 -0.219704
0.530005 0.495983 662.500000 -1.637889 -1.179634
0.530157 0.495996 662.600000 -1.751031 -1.077563
0.530324 0.495923 662.700000 -1.811506 -0.128915
0.530473 0.496021 662.800000 -1.742101 1.513556
0.530600 0.495948 662.900000 -1.656741 0.189369
0.530717 0.495907 663.000000 -1.613713 0.669046
0.530813 0.495912 663.100000 -1.528759 1.025789
0.530883 0.495959 663.200000 -1.413651 1.270615
0.530923 0.496136 663.300000 -1.258263 1.829372
0.530928 0.496366 663.400000 -1.065811 2.010037
0.530909 0.496431 663.500000 -0.896922 1.359311
0.530879 0.496363 663.600000 -0.812974 0.315439
0.530846 0.496288 663.700000 -0.795929 0.024605
0.530812 0.496224 663.800000 -0.776139 0.370216
0.530774 0.496154 663.900000 -0.745004 0.250917
0.530729 0.496143 664.000000 -0.686325 0.919736
0.530676 0.496117 664.100000 -0.599813 0.806175
0.530617 0.496078 664.200000 -0.525232 0.681721
0.530559 0.496051 664.300000 -0.531060 -0.797984
0.530510 0.496129 664.400000 -0.642465 -1.424556
0.530467 0.496062 664.500000 -0.697894 0.318752
0.530420 0.495998 664.600000 -0.663022 0.376946
0.530363 0.496164 664.700000 -0.554370 1.790666
0.530296 0.496194 664.800000 -0.405721 1.174882
0.530226 0.496122 664.900000 -0.356705 -0.197024
0.530153 0.496166 665.000000 -0.303628 1.255922
0.530076 0.496202 665.100000 -0.179829 1.213856
0.529996 0.496210 665.200000 -0.066622 1.044635
0.529917 0.496160 665.300000 -0.043413 -0.581629
0.529837 0.496091 665.400000 -0.059363 0.263425
0.529758 0.496017 665.500000 -0.045588 0.011401
0.529679 0.496059 665.600000 -0.107449 -1.245535
0.529604 0.496174 665.700000 -0.249509 -1.588560
0.529533 0.496100 665.800000 -0.323430 0.113824
0.529460 0.496046 665.900000 -0.291780 0.517598
0.529386 0.495979 666.000000 -0.281999 -0.322454
0.529312 0.495932 666.100000 -0.267608 0.609541
0.529236 0.495869 666.200000 -0.217438 0.391361
0.529160 0.495800 666.300000 -0.210538 -0.253708
0.529087 0.495912 666.400000 -0.302231 -1.575575
0.529023 0.495967 666.500000 -0.447017 -1.312911
0.528972 0.496182 666.600000 -0.611333 -1.965184
0.528942 0.496421 666.700000 -0.812366 -2.045429
0.528922 0.496360 666.800000 -0.893978 0.417279
0.528900 0.496285 666.900000 -0.871556 0.030028
0.528880 0.496221 667.000000 -0.887934 -0.356763
0.528866 0.496170 667.100000 -0.934243 -0.567100
0.528862 0.496150 667.200000 -1.005078 -0.846068
0.528872 0.496119 667.300000 -1.085933 -0.766972
0.528895 0.496103 667.400000 -1.168511 -0.880478
0.528928 0.496033 667.500000 -1.225201 -0.250478
0.528974 0.496049 667.600000 -1.292730 -1.096723
0.529052 0.496291 667.700000 -1.450652 -2.053831
0.529192 0.496951 667.800000 -1.710600 -3.132134
0.529378 0.496883 667.900000 -1.882472 -0.296708
0.529551 0.496928 668.000000 -1.834170 1.260344
0.529694 0.496917 668.100000 -1.724841 0.920768
0.529838 0.496917 668.200000 -1.728793 -0.999616
0.530001 0.496855 668.300000 -1.799539 -0.411758
0.530164 0.496796 668.400000 -1.798104 0.440387
0.530322 0.496722 668.500000 -1.781515 -0.109450
0.530473 0.496678 668.600000 -1.754955 0.639316
0.530601 0.496700 668.700000 -1.666266 1.130031
0.530723 0.496655 668.800000 -1.641254 -0.631032
0.530853 0.496581 668.900000 -1.673879 -0.019841
0.530988 0.496516 669.000000 -1.692160 -0.344867
0.531136 0.496481 669.100000 -1.745845 -0.726141
0.531307 0.496471 669.200000 -1.828703 -0.926879
0.531480 0.496432 669.300000 -1.840701 0.687512
0.531648 0.496363 669.400000 -1.819850 -0.271532
0.531832 0.496343 669.500000 -1.876110 -0.850859
0.532033 0.496280 669.600000 -1.937501 -0.373880
0.532245 0.496221 669.700000 -1.978888 -0.451797
0.532466 0.496147 669.800000 -2.003474 -0.038685
0.532675 0.496118 669.900000 -1.966435 0.777607
0.532879 0.496059 670.000000 -1.949962 -0.448964
0.533095 0.495996 670.100000 -1.992130 -0.392303
0.533292 0.496154 670.200000 -1.923367 1.764127
0.533459 0.496089 670.300000 -1.818388 0.330210
0.533609 0.496084 670.400000 -1.753595 0.962419
0.533747 0.496010 670.500000 -1.708444 -0.061660
0.533875 0.495985 670.600000 -1.670728 0.814094
0.534006 0.495988 670.700000 -1.680580 -1.010648
0.534154 0.495920 670.800000 -1.745586 -0.286221
0.534282 0.496083 670.900000 -1.670533 1.783526
0.534400 0.496075 671.000000 -1.628374 -0.942445
0.534542 0.496077 671.100000 -1.726072 -1.006632
0.534729 0.496383 671.200000 -1.889741 -2.258560
0.534927 0.496454 671.300000 -1.932890 1.397724
0.535108 0.496382 671.400000 -1.869335 -0.129802
0.535286 0.496314 671.500000 -1.860864 0.298801
0.535449 0.496291 671.600000 -1.804749 0.820689
0.535571 0.496618 671.700000 -1.647210 2.322231
0.535659 0.496567 671.800000 -1.502855 0.557653
0.535729 0.496591 671.900000 -1.417561 1.143950
0.535773 0.496663 672.000000 -1.290094 1.399020
0.535801 0.496599 672.100000 -1.201073 0.376945
0.535809 0.496807 672.200000 -1.084591 1.946880
0.535808 0.496789 672.300000 -1.030312 -0.864009
0.535805 0.496817 672.400000 -1.014991 1.169646
0.535790 0.496755 672.500000 -0.935801 0.410204
0.535770 0.496696 672.600000 -0.892925 0.445172
0.535741 0.496672 672.700000 -0.829819 0.813786
0.535707 0.496599 672.800000 -0.782883 0.122594
0.535663 0.496749 672.900000 -0.689685 1.736711
0.535603 0.496879 673.000000 -0.519699 1.654500
0.535537 0.496810 673.100000 -0.424086 0.252989
0.535473 0.496793 673.200000 -0.455367 -0.877048
0.535417 0.496815 673.300000 -0.556126 -1.133088
0.535363 0.496752 673.400000 -0.593156 0.394337
0.535308 0.496679 673.500000 -0.576007 -0.052216
0.535256 0.496619 673.600000 -0.600051 -0.427458
0.535210 0.496616 673.700000 -0.670424 -0.976488
0.535174 0.496626 673.800000 -0.772677 -1.063461
0.535143 0.496568 673.900000 -0.802995 0.458603
0.535103 0.496556 674.000000 -0.734412 0.909631
0.535066 0.496603 674.100000 -0.752778 -1.276023
0.535037 0.496531 674.200000 -0.824661 -0.158046
0.535002 0.496567 674.300000 -0.771535 1.217915
0.534957 0.496517 674.400000 -0.682622 0.555899
0.534906 0.496492 674.500000 -0.613797 0.817154
0.534858 0.496623 674.600000 -0.656111 -1.661312
0.534814 0.496631 674.700000 -0.686929 1.046476
0.534763 0.496575 674.800000 -0.610269 0.482893
0.534713 0.496562 674.900000 -0.631440 -0.905247
0.534665 0.496501 675.000000 -0.655865 0.417965
0.534619 0.496448 675.100000 -0.661001 -0.520433
0.534582 0.496516 675.200000 -0.756380 -1.382366
0.534558 0.496478 675.300000 -0.860770 -0.700229
0.534541 0.496424 675.400000 -0.921224 -0.505821
0.534528 0.496350 675.500000 -0.945478 0.021949
0.534506 0.496412 675.600000 -0.876731 1.349551
0.534461 0.496840 675.700000 -0.678502 2.605134
0.534401 0.496815 675.800000 -0.507400 0.808340
0.534335 0.496824 675.900000 -0.413972 1.055546
0.534262 0.496915 676.000000 -0.286323 1.491055
0.534185 0.496874 676.100000 -0.178524 0.659545
0.534106 0.496939 676.200000 -0.076851 1.368834
0.534028 0.496928 676.300000 0.037815 0.918740
0.533950 0.496888 676.400000 0.117915 0.679248
0.533874 0.496958 676.500000 0.221702 1.391314
0.533800 0.496927 676.600000 0.253334 -0.760267
0.533723 0.497044 676.700000 0.134763 -1.605224
0.533644 0.497062 676.800000 -0.001279 -1.108806
0.533566 0.497169 676.900000 -0.135324 -1.565387
0.533491 0.497097 677.000000 -0.220607 -0.136018
0.533417 0.497035 677.100000 -0.247132 -0.393160
0.533344 0.496964 677.200000 -0.276017 -0.183096
0.533272 0.496907 677.300000 -0.308359 -0.462128
0.533199 0.496943 677.400000 -0.270427 1.218871
0.533126 0.497078 677.500000 -0.293516 -1.679481
0.533057 0.497012 677.600000 -0.362034 0.312533
0.532989 0.496947 677.700000 -0.363586 -0.343492
0.532916 0.497148 677.800000 -0.284037 1.930491
0.532839 0.497152 677.900000 -0.136266 1.017544
0.532761 0.497084 678.000000 -0.098945 -0.272983
0.532684 0.497030 678.100000 -0.138370 -0.513547
0.532607 0.496958 678.200000 -0.171922 -0.155817
0.532530 0.496939 678.300000 -0.136793 0.856634
0.532453 0.496933 678.400000 -0.141678 -0.954085
0.532377 0.496887 678.500000 -0.159291 0.602710
0.532299 0.496824 678.600000 -0.110136 0.377939
0.532222 0.496856 678.700000 -0.151085 -1.194871
0.532148 0.496787 678.800000 -0.223825 -0.256302
0.532073 0.496725 678.900000 -0.217923 0.374051
0.531996 0.496683 679.000000 -0.166541 0.651007
0.531920 0.496621 679.100000 -0.153698 -0.394782
0.531846 0.496759 679.200000 -0.258288 -1.691793
0.531776 0.496686 679.300000 -0.337981 0.101920
0.531710 0.496748 679.400000 -0.400813 -1.355421
0.531653 0.496811 679.500000 -0.536885 -1.359214
0.531603 0.496742 679.600000 -0.616482 -0.228751
0.531549 0.496758 679.700000 -0.572738 1.101459
0.531492 0.496694 679.800000 -0.535240 -0.353385
0.531438 0.496643 679.900000 -0.580572 -0.550979
0.531382 0.496698 680.000000 -0.542245 1.315594
0.531320 0.496625 680.100000 -0.477208 -0.018108
0.531261 0.496578 680.200000 -0.508292 -0.602010
0.531207 0.496535 680.300000 -0.570557 -0.640178
0.531156 0.496464 680.400000 -0.609512 -0.136968
0.531109 0.496428 680.500000 -0.651952 -0.709709
0.531070 0.496398 680.600000 -0.725684 -0.761251
0.531046 0.496559 680.700000 -0.853431 -1.787306
0.531030 0.496502 680.800000 -0.919823 0.462790
0.531006 0.496475 680.900000 -0.857077 0.788988
0.530983 0.496486 681.000000 -0.871027 -1.067287
0.530968 0.496413 681.100000 -0.926183 -0.033077
0.530945 0.496456 681.200000 -0.864894 1.255795
0.530913 0.496387 681.300000 -0.789543 0.247461
0.530881 0.496317 681.400000 -0.786452 -0.185802
0.530847 0.496255 681.500000 -0.776312 0.388105
0.530810 0.496185 681.600000 -0.747671 0.183268
0.530768 0.496150 681.700000 -0.702552 0.716864
0.530719 0.496147 681.800000 -0.617803 0.973874
0.530669 0.496166 681.900000 -0.625335 -1.124125
0.530631 0.496161 682.000000 -0.729826 -0.960481
0.530596 0.496094 682.100000 -0.763834 0.282016
0.530573 0.496405 682.200000 -0.864377 -2.287846
0.530580 0.496604 682.300000 -1.075591 -1.925863
0.530609 0.496569 682.400000 -1.208101 -0.717714
0.530654 0.496572 682.500000 -1.294776 -1.011455
0.530712 0.496505 682.600000 -1.359690 -0.283584
0.530777 0.496446 682.700000 -1.396084 -0.442467
0.530848 0.496376 682.800000 -1.427490 -0.184086
0.530915 0.496333 682.900000 -1.404772 0.637305
0.530975 0.496261 683.000000 -1.373812 -0.019644
0.531035 0.496189 683.100000 -1.368346 0.128681
0.531100 0.496158 683.200000 -1.399454 -0.749280
0.531189 0.496233 683.300000 -1.508266 -1.421519
0.531309 0.496286 683.400000 -1.645157 -1.309457
0.531439 0.496235 683.500000 -1.683503 0.544451
0.531579 0.496307 683.600000 -1.726755 -1.407331
0.531757 0.496386 683.700000 -1.869536 -1.441148
0.531969 0.496384 683.800000 -1.990788 -0.977825
0.532204 0.496335 683.900000 -2.068760 -0.577714
0.532447 0.496263 684.000000 -2.096252 0.029246
0.532703 0.496237 684.100000 -2.134865 -0.799573
0.532952 0.496268 684.200000 -2.115216 1.191578
0.533198 0.496274 684.300000 -2.107430 -1.036253
0.533471 0.496232 684.400000 -2.191549 -0.641926
0.533768 0.496207 684.500000 -2.264268 -0.808805
0.534087 0.496157 684.600000 -2.332506 -0.552550
0.534409 0.496096 684.700000 -2.340438 0.394312
0.534679 0.496569 684.800000 -2.183664 2.733316
0.534884 0.496676 684.900000 -1.968120 1.566801
0.535056 0.496647 685.000000 -1.850468 0.780353
0.535205 0.496635 685.100000 -1.765875 0.907266
0.535339 0.496571 685.200000 -1.703189 0.343337
0.535463 0.496512 685.300000 -1.664665 0.425212
0.535572 0.496483 685.400000 -1.604442 0.776234
0.535663 0.496464 685.500000 -1.522904 0.850442
0.535730 0.496547 685.600000 -1.406951 1.462823
0.535768 0.496604 685.700000 -1.266988 1.329434
0.535782 0.496724 685.800000 -1.118915 1.624629
0.535780 0.496659 685.900000 -1.021805 0.312707
0.535773 0.496595 686.000000 -0.988896 0.343845
0.535755 0.496632 686.100000 -0.910075 1.228633
0.535728 0.496562 686.200000 -0.840254 0.164289
0.535703 0.496501 686.300000 -0.851697 -0.392579
0.535674 0.496507 686.400000 -0.819408 1.036745
0.535643 0.496464 686.500000 -0.799278 -0.635149
0.535611 0.496417 686.600000 -0.801662 0.587585
0.535583 0.496415 686.700000 -0.821485 -0.983053
0.535564 0.496369 686.800000 -0.900753 -0.598344
0.535546 0.496305 686.900000 -0.914004 0.333979
0.535524 0.496252 687.000000 -0.871002 0.523913
0.535490 0.496298 687.100000 -0.781013 1.271376
0.535443 0.496338 687.200000 -0.654982 1.242939
0.535387 0.496331 687.300000 -0.545144 0.948326
0.535328 0.496260 687.400000 -0.503402 -0.115567
0.535272 0.496228 687.500000 -0.546336 -0.740964
0.535218 0.496157 687.600000 -0.575675 0.155641
0.535158 0.496249 687.700000 -0.492638 1.500960
0.535091 0.496198 687.800000 -0.390310 0.540479
0.535022 0.496136 687.900000 -0.344669 0.370050
0.534949 0.496226 688.000000 -0.251125 1.496156
0.534873 0.496162 688.100000 -0.160080 0.320199
0.534798 0.496181 688.200000 -0.200304 -1.122683
0.534725 0.496117 688.300000 -0.240148 0.327810
0.534648 0.496201 688.400000 -0.150106 1.468532
0.534571 0.496130 688.500000 -0.080210 -0.074109
0.534494 0.496065 688.600000 -0.100050 -0.321714
0.534419 0.496071 688.700000 -0.168168 -1.037240
0.534346 0.496013 688.800000 -0.241775 -0.431208
0.534274 0.495956 688.900000 -0.285995 -0.450975
0.534201 0.495977 689.000000 -0.251682 1.135519
0.534125 0.495928 689.100000 -0.166375 0.566357
0.534051 0.495933 689.200000 -0.189302 -1.023766
0.533980 0.496036 689.300000 -0.318669 -1.557106
0.533923 0.496475 689.400000 -0.529682 -2.652590
0.533889 0.496715 689.500000 -0.766596 -2.073846
0.533870 0.496666 689.600000 -0.898984 -0.567304
0.533851 0.496615 689.700000 -0.900340 0.540251
0.533829 0.496543 689.800000 -0.869407 0.076873
0.533820 0.496799 689.900000 -0.972144 -2.126474
0.533831 0.496747 690.000000 -1.105119 -0.526379
0.533845 0.496678 690.100000 -1.121432 0.200931
0.533852 0.496634 690.200000 -1.080610 0.613472
0.533844 0.496701 690.300000 -0.980228 1.389142
0.533820 0.496714 690.400000 -0.856516 1.078910
0.533785 0.496679 690.500000 -0.766664 0.713641
0.533747 0.496607 690.600000 -0.733857 -0.059141
0.533712 0.496554 690.700000 -0.762655 -0.515376
0.533684 0.496526 690.800000 -0.827339 -0.775063
0.533660 0.496456 690.900000 -0.858210 0.159179
0.533630 0.496441 691.000000 -0.805850 0.885407
0.533591 0.496393 691.100000 -0.732715 0.573630
0.533543 0.496477 691.200000 -0.630388 1.467798
0.533486 0.496439 691.300000 -0.522647 0.681636
0.533426 0.496369 691.400000 -0.497415 -0.178268
0.533370 0.496325 691.500000 -0.537082 -0.613087
0.533323 0.496436 691.600000 -0.647725 -1.594230
0.533293 0.496540 691.700000 -0.805669 -1.556747
0.533268 0.496498 691.800000 -0.851299 0.646412
0.533238 0.496431 691.900000 -0.805824 0.260823
0.533200 0.496455 692.000000 -0.735132 1.149490
0.533165 0.496581 692.100000 -0.760364 -1.652877
0.533141 0.496512 692.200000 -0.853707 -0.209313
0.533115 0.496453 692.300000 -0.843405 0.414842
0.533078 0.496555 692.400000 -0.744913 1.550056
0.533024 0.496764 692.500000 -0.568297 1.973451
0.532960 0.496769 692.600000 -0.417864 1.027687
0.532891 0.496740 692.700000 -0.327717 0.770744
0.532819 0.496704 692.800000 -0.253814 0.703620
0.532748 0.496766 692.900000 -0.286871 -1.363112
0.532681 0.496705 693.000000 -0.374269 -0.380472
0.532615 0.496636 693.100000 -0.384473 0.176899
0.532548 0.496565 693.200000 -0.370527 0.101327
0.532482 0.496510 693.300000 -0.389369 -0.477235
0.532422 0.496568 693.400000 -0.480630 -1.343412
0.532366 0.496499 693.500000 -0.538349 0.191920
0.532311 0.496451 693.600000 -0.557215 -0.568291
0.532263 0.496433 693.700000 -0.628967 -0.863172
0.532223 0.496400 693.800000 -0.709054 -0.734569
0.532195 0.496515 693.900000 -0.826506 -1.608595
0.532190 0.496668 694.000000 -0.995645 -1.765722
0.532196 0.496601 694.100000 -1.072791 0.226655
0.532204 0.496544 694.200000 -1.084241 -0.455081
0.532217 0.496474 694.300000 -1.115580 -0.170129
0.532226 0.496435 694.400000 -1.090587 0.668739
0.532227 0.496376 694.500000 -1.036686 0.406592
0.532238 0.496515 694.600000 -1.102031 -1.710233
0.532257 0.496478 694.700000 -1.152753 0.698331
0.532273 0.496416 694.800000 -1.135402 -0.352183
0.532288 0.496359 694.900000 -1.130742 0.445152
0.532297 0.496299 695.000000 -1.088355 0.400462
0.532306 0.496238 695.100000 -1.087657 -0.386518
0.532322 0.496191 695.200000 -1.136290 -0.583715
0.532355 0.496252 695.300000 -1.233388 -1.353387
0.532407 0.496227 695.400000 -1.341529 -0.804040
0.532474 0.496182 695.500000 -1.412552 -0.612858
0.532541 0.496141 695.600000 -1.410827 0.647278
0.532605 0.496081 695.700000 -1.398472 -0.400806
0.532675 0.496013 695.800000 -1.427786 -0.184016
0.532756 0.495994 695.900000 -1.479883 -0.855303
0.532860 0.496034 696.000000 -1.585136 -1.244499
0.532988 0.496016 696.100000 -1.690772 -0.862951
0.533125 0.495948 696.200000 -1.723263 0.214767
0.533278 0.496033 696.300000 -1.786337 -1.473094
0.533440 0.495995 696.400000 -1.826116 0.679500
0.533585 0.495960 696.500000 -1.756065 0.718016
0.533711 0.495932 696.600000 -1.681315 0.773245
0.533828 0.495861 696.700000 -1.639322 0.064521
0.533934 0.495830 696.800000 -1.598596 0.747957
0.534043 0.495814 696.900000 -1.604857 -0.872871
0.534150 0.495808 697.000000 -1.600737 0.955066
0.534240 0.495761 697.100000 -1.524144 0.572963
0.534306 0.495894 697.200000 -1.410847 1.687320
0.534355 0.495822 697.300000 -1.326537 -0.005332
0.534404 0.495753 697.400000 -1.319659 0.142539
0.534443 0.495732 697.500000 -1.270596 0.836278
0.534487 0.495807 697.600000 -1.300164 -1.426167
0.534566 0.496031 697.700000 -1.473417 -2.030219
0.534684 0.496109 697.800000 -1.647461 -1.441969
0.534827 0.496064 697.900000 -1.749867 -0.601022
0.535001 0.496235 698.000000 -1.872206 -1.839636
0.535216 0.496244 698.100000 -2.017460 -1.058199
0.535458 0.496214 698.200000 -2.108467 -0.757380
0.535693 0.496242 698.300000 -2.087548 1.174719
0.535902 0.496199 698.400000 -1.997117 0.629368
0.536085 0.496229 698.500000 -1.906082 1.186788
0.536233 0.496324 698.600000 -1.770175 1.524547
0.536363 0.496255 698.700000 -1.700918 -0.142859
0.536500 0.496195 698.800000 -1.728215 -0.401720
0.536631 0.496175 698.900000 -1.706264 0.839653
0.536746 0.496131 699.000000 -1.633381 0.614363
0.536837 0.496187 699.100000 -1.535655 1.335271
0.536916 0.496117 699.200000 -1.472612 -0.077570
0.536993 0.496049 699.300000 -1.465734 0.214786
0.537086 0.496211 699.400000 -1.545540 -1.806917
0.537216 0.496247 699.500000 -1.697385 -1.222383
0.537357 0.496181 699.600000 -1.746420 0.244128
0.537474 0.496327 699.700000 -1.646739 1.744507
0.537563 0.496295 699.800000 -1.522585 0.732367
0.537645 0.496225 699.900000 -1.493425 -0.150633
0.537721 0.496201 700.000000 -1.460467 0.808148
0.537783 0.496149 700.100000 -1.393957 0.518735
0.537845 0.496100 700.200000 -1.395595 -0.551415
0.537916 0.496039 700.300000 -1.441622 -0.366835
0.537990 0.495970 700.400000 -1.453386 0.132151
0.538072 0.495951 700.500000 -1.489737 -0.857361
0.538185 0.496156 700.600000 -1.631211 -1.965029
0.538335 0.496165 700.700000 -1.782656 -1.056302
0.538503 0.496102 700.800000 -1.852909 -0.345247
0.538667 0.496061 700.900000 -1.837925 0.644166
0.538823 0.495991 701.000000 -1.805118 0.010332
0.538962 0.496038 701.100000 -1.739945 1.289882
0.539085 0.495968 701.200000 -1.673315 0.039384
0.539212 0.495911 701.300000 -1.693741 -0.446892
0.539332 0.495922 701.400000 -1.662496 1.070234
0.539446 0.495869 701.500000 -1.633947 -0.500670
0.539554 0.495858 701.600000 -1.613515 0.908273
0.539651 0.495788 701.700000 -1.562532 0.108840
0.539736 0.495789 701.800000 -1.506763 1.003746
0.539797 0.495840 701.900000 -1.391055 1.304627
0.539821 0.496287 702.000000 -1.190400 2.698451
0.539823 0.496217 702.100000 -1.051916 0.064304
0.539826 0.496147 702.200000 -1.054668 -0.119207
0.539823 0.496125 702.300000 -1.019502 0.820776
0.539808 0.496105 702.400000 -0.936183 0.841422
0.539798 0.496176 702.500000 -0.964886 -1.414044
0.539815 0.496490 702.600000 -1.152270 -2.324265
0.539864 0.496526 702.700000 -1.330122 -1.223885
0.539918 0.496495 702.800000 -1.354212 0.743295
0.539953 0.496530 702.900000 -1.255733 1.221354
0.539982 0.496476 703.000000 -1.218779 -0.484114
0.540020 0.496428 703.100000 -1.271392 -0.565504
0.540060 0.496368 703.200000 -1.280515 0.383497
0.540100 0.496310 703.300000 -1.281915 -0.411426
0.540143 0.496240 703.400000 -1.297247 0.105541
0.540191 0.496201 703.500000 -1.325525 -0.669680
0.540243 0.496136 703.600000 -1.345640 0.268376
0.540282 0.496158 703.700000 -1.274932 1.142253
0.540303 0.496143 703.800000 -1.173264 0.886025
0.540313 0.496083 703.900000 -1.109660 0.382879
0.540326 0.496038 704.000000 -1.120127 -0.591709
0.540349 0.496001 704.100000 -1.184364 -0.689810
0.540380 0.495939 704.200000 -1.235812 -0.336590
0.540416 0.495869 704.300000 -1.258694 -0.119889
0.540464 0.495897 704.400000 -1.323821 -1.179405
0.540519 0.495840 704.500000 -1.361825 0.421228
0.540575 0.495789 704.600000 -1.367395 -0.532339
0.540610 0.496264 704.700000 -1.255121 2.772199
0.540615 0.496246 704.800000 -1.073153 0.858053
0.540613 0.496176 704.900000 -1.025666 0.089325
0.540608 0.496113 705.000000 -1.005730 0.308391
0.540588 0.496299 705.100000 -0.894832 1.904021
0.540547 0.496461 705.200000 -0.708720 1.808911
0.540496 0.496396 705.300000 -0.604699 0.266324
0.540437 0.496557 705.400000 -0.500674 1.808974
0.540374 0.496497 705.500000 -0.429296 -0.384983
0.540318 0.496666 705.600000 -0.540593 -1.835405
0.540270 0.496596 705.700000 -0.637617 -0.100226
0.540224 0.496529 705.800000 -0.653631 -0.219240
0.540172 0.496603 705.900000 -0.593167 1.425482
0.540111 0.496637 706.000000 -0.460615 1.218942
0.540041 0.496746 706.100000 -0.319939 1.587546
0.539965 0.497417 706.200000 -0.078109 3.236947
0.539891 0.497523 706.300000 0.163378 1.580726
0.539819 0.497463 706.400000 0.261432 0.375451
0.539749 0.497396 706.500000 0.290702 0.208491
0.539679 0.497329 706.600000 0.312579 0.227954
0.539610 0.497259 706.700000 0.324535 0.010568
0.539545 0.497300 706.800000 0.388111 1.257770
0.539484 0.497244 706.900000 0.473475 0.445242
0.539430 0.497277 707.000000 0.556497 1.211057
0.539384 0.497258 707.100000 0.659650 0.846837
0.539338 0.497255 707.200000 0.653121 -0.977087
0.539294 0.497297 707.300000 0.667505 1.264037
0.539255 0.497228 707.400000 0.734436 0.071246
0.539221 0.497184 707.500000 0.768592 0.610161
0.539190 0.497114 707.600000 0.795895 -0.065455
0.539160 0.497057 707.700000 0.814917 0.444924
0.539147 0.497318 707.800000 0.945713 2.164461
0.539158 0.497333 707.900000 1.109367 1.100441
0.539182 0.497284 708.000000 1.191696 0.542022
0.539212 0.497215 708.100000 1.224900 0.120391
0.539243 0.497144 708.200000 1.230540 -0.007862
0.539283 0.497160 708.300000 1.285412 1.102557
0.539334 0.497090 708.400000 1.341596 0.018319
0.539393 0.497063 708.500000 1.381679 0.781333
0.539468 0.497045 708.600000 1.464035 0.861657
0.539555 0.496981 708.700000 1.522382 0.302369
0.539653 0.496943 708.800000 1.571296 0.673473
0.539774 0.496993 708.900000 1.670462 1.304888
0.539913 0.496926 709.000000 1.746178 0.205643
0.540059 0.496866 709.100000 1.775724 0.383793
0.540224 0.496876 709.200000 1.848268 1.063477
0.540408 0.496817 709.300000 1.921671 0.400900
0.540596 0.496748 709.400000 1.938088 -0.073384
0.540779 0.496688 709.500000 1.915458 -0.378079
0.540959 0.496621 709.600000 1.907574 0.220784
0.541137 0.496561 709.700000 1.899638 -0.379107
0.541303 0.496510 709.800000 1.855270 -0.506034
0.541463 0.496440 709.900000 1.832226 0.046322
0.541619 0.496381 710.000000 1.814664 -0.396683
0.541777 0.496334 710.100000 1.823096 0.564899
0.541949 0.496288 710.200000 1.880852 0.587318
0.542142 0.496272 710.300000 1.954258 0.877137
0.542336 0.496240 710.400000 1.961750 -0.727662
0.542502 0.496313 710.500000 1.853704 -1.427864
0.542637 0.496312 710.600000 1.732514 -0.989884
0.542763 0.496249 710.700000 1.698591 0.313132
0.542916 0.496403 710.800000 1.803587 1.781543
0.543091 0.496333 710.900000 1.891009 -0.037482
0.543279 0.496336 711.000000 1.939921 1.013277
0.543476 0.496277 711.100000 1.970560 -0.402029
0.543669 0.496210 711.200000 1.959367 0.178728
0.543869 0.496145 711.300000 1.981486 0.262538
0.544075 0.496078 711.400000 2.005807 0.222675
0.544261 0.496215 711.500000 1.931095 -1.713183
0.544430 0.496163 711.600000 1.870575 0.505823
0.544616 0.496132 711.700000 1.932968 0.738912
0.544811 0.496062 711.800000 1.967578 -0.048439
0.545023 0.496093 711.900000 2.024987 1.193730
0.545255 0.496027 712.000000 2.097345 0.249813
0.545479 0.496005 712.100000 2.068959 -0.816097
0.545671 0.496074 712.200000 1.957588 -1.405770
0.545851 0.496020 712.300000 1.910713 0.470616
0.546016 0.496118 712.400000 1.856655 -1.549069
0.546145 0.496177 712.500000 1.711322 -1.350323
0.546261 0.496113 712.600000 1.658086 0.288260
0.546390 0.496079 712.700000 1.708485 0.717197
0.546528 0.496011 712.800000 1.749782 0.106684
0.546662 0.495953 712.900000 1.733960 -0.422324
0.546763 0.496282 713.000000 1.593285 -2.384144
0.546841 0.496216 713.100000 1.484983 0.223522
0.546907 0.496289 713.200000 1.424868 -1.422815
0.546959 0.496219 713.300000 1.355936 0.047604
0.547008 0.496158 713.400000 1.341393 -0.337730
0.547066 0.496183 713.500000 1.382664 1.161092
0.547132 0.496116 713.600000 1.430057 -0.215606
0.547210 0.496158 713.700000 1.482437 1.260585
0.547315 0.496215 713.800000 1.612865 1.341448
0.547434 0.496148 713.900000 1.670312 -0.195381
0.547554 0.496087 714.000000 1.678163 0.352007
0.547679 0.496018 714.100000 1.697567 0.035106
0.547817 0.496014 714.200000 1.747903 0.969096
0.547974 0.495971 714.300000 1.827528 0.619430
0.548137 0.495903 714.400000 1.852943 -0.112401
0.548305 0.495846 714.500000 1.868863 0.430001
0.548473 0.495789 714.600000 1.869618 -0.414929
0.548637 0.495721 714.700000 1.856516 0.153535
0.548811 0.495675 714.800000 1.892931 0.572945
0.548964 0.495943 714.900000 1.811634 -2.194818
0.549097 0.495898 715.000000 1.731715 0.600436
0.549244 0.495850 715.100000 1.788874 0.539891
0.549415 0.495910 715.200000 1.884255 1.362945
0.549618 0.495907 715.300000 2.001383 0.973756
0.549849 0.495898 715.400000 2.096671 0.927240
0.550089 0.495834 715.500000 2.129455 -0.273189
0.550313 0.495806 715.600000 2.077290 -0.767505
0.550537 0.495774 715.700000 2.075656 0.734909
0.550762 0.495740 715.800000 2.077107 -0.705961
0.550973 0.495673 715.900000 2.032596 -0.182043
0.551181 0.495604 716.000000 2.019281 -0.083593
0.551394 0.495549 716.100000 2.037475 0.446574
0.551610 0.495482 716.200000 2.049863 -0.199427
0.551827 0.495418 716.300000 2.052578 0.253582
0.552038 0.495384 716.400000 2.029319 -0.717603
0.552218 0.495467 716.500000 1.919340 -1.476479
0.552359 0.495550 716.600000 1.771461 -1.473702
0.552491 0.495508 716.700000 1.729297 0.632531
0.552628 0.495441 716.800000 1.752730 -0.165041
0.552782 0.495532 716.900000 1.820392 1.514897
0.552950 0.495476 717.000000 1.874493 -0.435586
0.553096 0.495519 717.100000 1.789251 -1.264987
0.553201 0.495783 717.200000 1.616213 -2.187126
0.553274 0.495756 717.300000 1.467856 -0.772594
0.553329 0.495771 717.400000 1.374046 -1.098921
0.553366 0.495740 717.500000 1.281872 -0.739948
0.553407 0.495763 717.600000 1.302441 1.150297
0.553478 0.495949 717.700000 1.456075 1.914716
0.553557 0.495959 717.800000 1.498766 -1.063038
0.553619 0.495918 717.900000 1.413412 -0.639780
0.553680 0.495870 718.000000 1.408972 0.551202
0.553758 0.495889 718.100000 1.492915 1.123458
0.553851 0.495825 718.200000 1.562271 0.260199
0.553962 0.495883 718.300000 1.642977 1.349895
0.554087 0.495815 718.400000 1.703769 -0.137107
0.554199 0.495804 718.500000 1.651118 -0.913280
0.554294 0.495771 718.600000 1.569373 -0.717532
0.554351 0.496247 718.700000 1.393067 -2.799776
0.554389 0.496200 718.800000 1.281187 0.567783
0.554442 0.496237 718.900000 1.371529 1.234537
0.554503 0.496186 719.000000 1.407935 -0.508245
0.554563 0.496128 719.100000 1.402200 0.393845
0.554626 0.496059 719.200000 1.421894 -0.000962
0.554691 0.495991 719.300000 1.428287 0.128508
0.554762 0.495940 719.400000 1.459632 0.496834
0.554842 0.495881 719.500000 1.503524 0.378807
0.554929 0.495821 719.600000 1.540331 0.355481
0.555012 0.495796 719.700000 1.518005 -0.800874
0.555095 0.495765 719.800000 1.514822 0.737376
0.555189 0.495705 719.900000 1.569164 0.346748
0.555277 0.495681 720.000000 1.546145 -0.805989
0.555354 0.495623 720.100000 1.485768 -0.398521
0.555421 0.495568 720.200000 1.443927 -0.436214
0.555495 0.495578 720.300000 1.475747 1.071020
0.555570 0.495578 720.400000 1.479764 -0.990872
0.555633 0.495513 720.500000 1.418160 -0.238130
0.555691 0.495445 720.600000 1.399693 -0.130278
0.555749 0.495377 720.700000 1.392821 -0.006830
0.555812 0.495333 720.800000 1.422718 0.603271
0.555888 0.495289 720.900000 1.482767 0.594708
0.555977 0.495255 721.000000 1.548110 0.708887
0.556092 0.495368 721.100000 1.664801 1.619113
0.556209 0.495441 721.200000 1.674406 -1.427498
0.556313 0.495379 721.300000 1.618513 0.312435
0.556431 0.495355 721.400000 1.674384 0.802192
0.556551 0.495303 721.500000 1.690093 -0.488798
0.556669 0.495236 721.600000 1.674659 0.180887
0.556801 0.495248 721.700000 1.737806 1.078897
0.556930 0.495298 721.800000 1.726374 -1.306977
0.557020 0.495550 721.900000 1.553059 -2.150644
0.557081 0.495505 722.000000 1.415758 -0.588515
0.557134 0.495445 722.100000 1.368450 -0.355276
0.557180 0.495386 722.200000 1.331958 -0.372750
0.557226 0.495332 722.300000 1.336446 0.462296
0.557300 0.495636 722.400000 1.475855 2.318912
0.557381 0.495733 722.500000 1.514658 -1.544795
0.557438 0.495725 722.600000 1.390262 -0.936904
0.557482 0.495665 722.700000 1.325442 -0.356262
0.557521 0.495601 722.800000 1.293925 -0.272492
0.557568 0.495624 722.900000 1.337645 1.144697
0.557628 0.495563 723.000000 1.411714 0.332986
0.557686 0.495521 723.100000 1.396962 -0.627294
0.557729 0.495524 723.200000 1.314485 -1.018121
0.557752 0.495548 723.300000 1.205577 -1.154588
0.557769 0.495494 723.400000 1.170308 0.450958
0.557798 0.495474 723.500000 1.234896 0.837569
0.557836 0.495410 723.600000 1.289704 0.255856
0.557884 0.495402 723.700000 1.349578 0.938641
0.557951 0.495393 723.800000 1.442953 0.924176
0.558018 0.495386 723.900000 1.441879 -0.945598
0.558069 0.495348 724.000000 1.361117 -0.665591
0.558122 0.495336 724.100000 1.372793 0.898521
0.558190 0.495295 724.200000 1.449771 0.637187
0.558256 0.495269 724.300000 1.442509 -0.782058
0.558317 0.495204 724.400000 1.413912 0.211544
0.558376 0.495150 724.500000 1.401752 -0.454146
0.558443 0.495215 724.600000 1.448668 1.390122
0.558535 0.495206 724.700000 1.565073 0.932169
0.558655 0.495307 724.800000 1.690341 1.566923
0.558801 0.495259 724.900000 1.796012 0.541206
0.558958 0.495203 725.000000 1.843811 0.412394
0.559103 0.495277 725.100000 1.792502 -1.436009
0.559212 0.495365 725.200000 1.644893 -1.508795
0.559280 0.495675 725.300000 1.451919 -2.341042
0.559332 0.495636 725.400000 1.367352 0.653939
0.559380 0.495637 725.500000 1.349704 -1.006014
0.559421 0.495570 725.600000 1.305537 0.124878
0.559462 0.495502 725.700000 1.312524 0.014506
0.559499 0.495458 725.800000 1.283056 -0.602391
0.559526 0.495405 725.900000 1.229681 -0.462438
0.559544 0.495362 726.000000 1.176029 -0.607912
0.559558 0.495294 726.100000 1.149048 0.069642
0.559584 0.495366 726.200000 1.223992 1.425488
0.559624 0.495301 726.300000 1.306760 0.225737
0.559655 0.495358 726.400000 1.250637 -1.345390
0.559677 0.495295 726.500000 1.197840 0.292073
0.559700 0.495228 726.600000 1.206476 -0.119783
0.559715 0.495207 726.700000 1.159057 -0.826223
0.559712 0.495315 726.800000 1.037441 -1.600008
0.559687 0.495450 726.900000 0.871034 -1.719811
0.559644 0.495589 727.000000 0.697888 -1.734454
0.559593 0.495521 727.100000 0.613624 0.053392
0.559549 0.495620 727.200000 0.694451 1.559091
0.559524 0.495804 727.300000 0.868625 1.915692
0.559520 0.495851 727.400000 1.029607 1.295889
0.559531 0.495815 727.500000 1.128710 0.681226
0.559543 0.495758 727.600000 1.142545 -0.405229
0.559542 0.495856 727.700000 1.044460 -1.551558
0.559522 0.495870 727.800000 0.911695 -1.097095
0.559486 0.495970 727.900000 0.778354 -1.563062
0.559447 0.495948 728.000000 0.741104 0.819928
0.559420 0.495991 728.100000 0.846030 1.273339
0.559393 0.495997 728.200000 0.857900 -1.036537
0.559353 0.496077 728.300000 0.732297 -1.469241
0.559308 0.496020 728.400000 0.679297 0.411901
0.559275 0.496210 728.500000 0.797023 1.936732
0.559251 0.496149 728.600000 0.877194 -0.337321
0.559219 0.496154 728.700000 0.808881 -1.025524
0.559173 0.496315 728.800000 0.665783 -1.829296
0.559111 0.496545 728.900000 0.469504 -2.086453
0.559046 0.496521 729.000000 0.404937 0.798330
0.558982 0.496456 729.100000 0.435154 -0.195497
0.558917 0.496394 729.200000 0.410084 -0.304647
0.558855 0.496429 729.300000 0.456258 1.225814
0.558793 0.496419 729.400000 0.471334 -0.925050
0.558726 0.496432 729.500000 0.370643 -1.083739
0.558653 0.496570 729.600000 0.229416 -1.733728
0.558578 0.496510 729.700000 0.125640 -0.336604
0.558502 0.496443 729.800000 0.116836 0.160956
0.558426 0.496494 729.900000 0.058839 -1.317993
0.558350 0.496494 730.000000 -0.056921 -0.991420
0.558275 0.496488 730.100000 -0.154595 -0.957183
0.558200 0.496580 730.200000 -0.126114 1.525396
0.558123 0.496523 730.300000 -0.029393 0.404179
0.558047 0.496467 730.400000 -0.030418 -0.424626
0.557972 0.496725 730.500000 -0.161052 -2.181526
0.557902 0.496691 730.600000 -0.305506 -0.700324
0.557833 0.496624 730.700000 -0.332348 0.164813
0.557766 0.496578 730.800000 -0.352143 -0.559722
0.557696 0.496629 730.900000 -0.313947 1.321748
0.557624 0.496563 731.000000 -0.241552 0.122521
0.557549 0.496693 731.100000 -0.150051 1.702933
0.557473 0.496626 731.200000 -0.070109 -0.108102
0.557398 0.496614 731.300000 -0.120823 -0.903635
0.557324 0.496571 731.400000 -0.196734 -0.610785
0.557250 0.496620 731.500000 -0.161997 1.303790
0.557175 0.496559 731.600000 -0.112396 -0.314259
0.557102 0.496748 731.700000 -0.225467 -1.941505
0.557028 0.497263 731.800000 -0.176362 2.921143
0.556952 0.497199 731.900000 -0.018292 0.232353
0.556876 0.497138 732.000000 -0.022280 -0.311914
0.556800 0.497070 732.100000 -0.034395 0.070222
0.556724 0.497018 732.200000 -0.054987 -0.481030
0.556648 0.497116 732.300000 -0.001063 1.556818
0.556573 0.497064 732.400000 0.101655 0.492412
0.556498 0.496998 732.500000 0.119438 -0.137644
0.556422 0.496988 732.600000 0.066426 -0.919958
0.556346 0.496920 732.700000 0.022172 0.037103
0.556271 0.496930 732.800000 0.077639 1.069465
0.556196 0.496874 732.900000 0.110719 -0.409531
0.556120 0.496819 733.000000 0.068722 -0.428302
0.556044 0.496792 733.100000 0.008257 -0.777986
0.555969 0.496939 733.200000 -0.119665 -1.774046
0.555895 0.497011 733.300000 -0.136750 1.433206
0.555820 0.497049 733.400000 -0.127192 -1.242526
0.555746 0.497027 733.500000 -0.148369 0.820046
0.555671 0.496966 733.600000 -0.091731 0.309877
0.555595 0.497081 733.700000 0.006014 1.640132
0.555520 0.497014 733.800000 0.088938 0.014193
0.555445 0.497000 733.900000 0.134145 0.887698
0.555372 0.496933 734.000000 0.185118 0.129216
0.555299 0.496865 734.100000 0.191253 -0.006835
0.555226 0.496803 734.200000 0.177153 -0.274451
0.555151 0.496740 734.300000 0.150086 -0.265543
0.555076 0.496942 734.400000 0.036970 -1.991116
0.555002 0.497108 734.500000 -0.155767 -1.853994
0.554930 0.497044 734.600000 -0.237121 0.230984
0.554857 0.497009 734.700000 -0.191161 0.685928
0.554783 0.496941 734.800000 -0.155109 0.033312
0.554709 0.496919 734.900000 -0.112720 0.812344
0.554634 0.496867 735.000000 -0.096171 -0.482188
0.554559 0.496846 735.100000 -0.078686 0.831006
0.554484 0.496825 735.200000 -0.078361 -0.824521
0.554409 0.496803 735.300000 -0.078736 0.817050
0.554334 0.496882 735.400000 0.035801 1.467947
0.554261 0.496952 735.500000 0.180776 1.424318
0.554193 0.497109 735.600000 0.343269 1.817421
0.554135 0.497177 735.700000 0.505282 1.414726
0.554090 0.497325 735.800000 0.665382 1.779279
0.554051 0.497267 735.900000 0.735237 -0.385674
0.554019 0.497370 736.000000 0.795175 1.581426
0.553989 0.497400 736.100000 0.814295 -1.199974
0.553944 0.497525 736.200000 0.669663 -1.685440
0.553893 0.497462 736.300000 0.597290 0.241593
0.553846 0.497420 736.400000 0.640178 0.614031
0.553805 0.497406 736.500000 0.715461 0.887862
0.553766 0.497364 736.600000 0.729225 -0.613277
0.553721 0.497328 736.700000 0.664264 -0.682676
0.553672 0.497265 736.800000 0.616907 -0.262112
0.553621 0.497199 736.900000 0.595255 -0.169847
0.553569 0.497133 737.000000 0.592209 0.109090
0.553518 0.497066 737.100000 0.595153 -0.050358
0.553464 0.497039 737.200000 0.553561 -0.779409
0.553411 0.497044 737.300000 0.566279 1.033145
0.553359 0.497007 737.400000 0.584933 -0.661000
0.553303 0.496945 737.500000 0.537012 -0.295020
0.553246 0.496885 737.600000 0.505719 -0.329282
0.553190 0.496864 737.700000 0.530430 0.822261
0.553131 0.496979 737.800000 0.489368 -1.641446
0.553068 0.496919 737.900000 0.423737 0.332114
0.553008 0.496861 738.000000 0.458980 0.370987
0.552947 0.496808 738.100000 0.454815 -0.454086
0.552882 0.496776 738.200000 0.395576 -0.727735
0.552817 0.496717 738.300000 0.376452 0.346209
0.552756 0.496718 738.400000 0.444003 1.001445
0.552699 0.496667 738.500000 0.518702 0.488803
0.552645 0.496601 738.600000 0.550857 0.152673
0.552589 0.496563 738.700000 0.525329 -0.661960
0.552531 0.496498 738.800000 0.499413 0.144951
0.552475 0.496450 738.900000 0.533768 0.540429
0.552424 0.496405 739.000000 0.589268 0.566795
0.552371 0.496407 739.100000 0.567035 -1.010338
0.552313 0.496345 739.200000 0.502377 -0.279601
0.552256 0.496286 739.300000 0.506492 0.361696
0.552196 0.496286 739.400000 0.474945 -0.991051
0.552130 0.496376 739.500000 0.348737 -1.526812
0.552057 0.496639 739.600000 0.161489 -2.208768
0.551983 0.496623 739.700000 0.007083 -0.871636
0.551908 0.496572 739.800000 -0.061216 -0.490942
0.551835 0.496531 739.900000 -0.116802 -0.617982
0.551762 0.496469 740.000000 -0.161852 -0.280782
0.551692 0.496580 740.100000 -0.257296 -1.623325
0.551627 0.496588 740.200000 -0.391310 -1.050251
0.551567 0.496525 740.300000 -0.457434 -0.268930
0.551506 0.496472 740.400000 -0.448352 0.450116
0.551446 0.496428 740.500000 -0.454900 -0.580739
0.551391 0.496469 740.600000 -0.547552 -1.267662
0.551340 0.496433 740.700000 -0.577342 0.673341
0.551285 0.496366 740.800000 -0.544011 -0.008382
0.551231 0.496299 740.900000 -0.545115 -0.013646
0.551173 0.496279 741.000000 -0.503681 0.840260
0.551112 0.496225 741.100000 -0.440256 0.425072
0.551051 0.496171 741.200000 -0.440789 -0.435720
0.550993 0.496126 741.300000 -0.491396 -0.573876
0.550935 0.496075 741.400000 -0.495618 0.489646
0.550873 0.496063 741.500000 -0.426036 0.898510
0.550807 0.496045 741.600000 -0.337942 0.858963
0.550738 0.495979 741.700000 -0.292240 0.052789
0.550669 0.495912 741.800000 -0.285469 0.082289
0.550599 0.495909 741.900000 -0.232553 0.973386
0.550527 0.495844 742.000000 -0.175546 0.163901
0.550453 0.496021 742.100000 -0.072093 1.900001
0.550379 0.496011 742.200000 -0.022956 -0.919722
0.550305 0.495948 742.300000 -0.057619 0.228191
0.550231 0.495882 742.400000 -0.039436 0.134567
0.550157 0.495847 742.500000 0.001900 0.690088
0.550083 0.495785 742.600000 0.048754 0.244647
0.550009 0.495748 742.700000 0.094320 0.664398
0.549937 0.495696 742.800000 0.151296 0.472276
0.549863 0.495860 742.900000 0.082198 -1.850786
0.549791 0.496256 743.000000 -0.142038 -2.622723
0.549724 0.496298 743.100000 -0.337415 -1.275051
0.549658 0.496312 743.200000 -0.346530 1.093214
0.549586 0.496826 743.300000 -0.144456 2.938156
0.549512 0.496775 743.400000 0.027005 0.482491
0.549439 0.496776 743.500000 0.101562 1.004926
0.549367 0.496721 743.600000 0.173112 0.422486
0.549297 0.496714 743.700000 0.241646 0.944778
0.549232 0.496766 743.800000 0.355711 1.330803
0.549171 0.496717 743.900000 0.447912 0.508616
0.549121 0.497039 744.000000 0.593975 2.405335
0.549088 0.497072 744.100000 0.775482 1.215735
0.549074 0.497295 744.200000 0.940636 2.079090
0.549088 0.497494 744.300000 1.144452 1.987042
0.549126 0.497487 744.400000 1.291342 0.943404
0.549176 0.497428 744.500000 1.355701 0.340562
0.549226 0.497366 744.600000 1.359223 -0.270292
0.549274 0.497299 744.700000 1.344920 -0.015055
0.549319 0.497235 744.800000 1.334405 -0.194730
0.549360 0.497177 744.900000 1.305928 -0.373378
0.549395 0.497116 745.000000 1.272948 -0.284575
0.549428 0.497049 745.100000 1.260994 0.046091
0.549476 0.497162 745.200000 1.345314 1.636097
0.549538 0.497096 745.300000 1.424865 -0.049061
0.549608 0.497071 745.400000 1.462221 0.794324
0.549682 0.497011 745.500000 1.486365 -0.312660
0.549749 0.496962 745.600000 1.445127 -0.510032
0.549796 0.497054 745.700000 1.342375 -1.539876
0.549833 0.497000 745.800000 1.286683 0.428821
0.549876 0.496936 745.900000 1.317108 0.178161
0.549922 0.496874 746.000000 1.339763 0.273815
0.549972 0.496808 746.100000 1.358269 0.095374
0.550019 0.496755 746.200000 1.340220 -0.455454
0.550056 0.496711 746.300000 1.288488 -0.576608
0.550099 0.496743 746.400000 1.320196 1.209182
0.550146 0.496724 746.500000 1.338250 -0.848997
0.550196 0.496763 746.600000 1.358679 1.256549
0.550262 0.496717 746.700000 1.448905 0.543465
0.550333 0.496653 746.800000 1.466092 -0.200576
0.550395 0.496615 746.900000 1.423369 -0.651753
0.550433 0.496790 747.000000 1.295417 -1.900888
0.550454 0.496727 747.100000 1.189795 -0.206275
0.550477 0.496670 747.200000 1.198439 0.378724
0.550521 0.496928 747.300000 1.327790 2.201831
0.550583 0.496868 747.400000 1.421996 -0.322424
0.550634 0.496843 747.500000 1.366162 -0.791464
0.550672 0.496811 747.600000 1.290797 -0.712076
0.550704 0.496745 747.700000 1.257718 0.052153
0.550746 0.496771 747.800000 1.319231 1.175030
0.550802 0.496709 747.900000 1.391255 0.261852
0.550856 0.496660 748.000000 1.378654 -0.513243
0.550908 0.496605 748.100000 1.373281 0.406060
0.550971 0.496576 748.200000 1.431216 0.749745
0.551031 0.496598 748.300000 1.411000 -1.153066
0.551082 0.496538 748.400000 1.368690 0.308989
0.551141 0.496488 748.500000 1.408923 0.493656
0.551209 0.496435 748.600000 1.455609 0.437729
0.551270 0.496465 748.700000 1.417381 -1.200375
0.551309 0.496483 748.800000 1.300815 -1.125122
0.551358 0.496740 748.900000 1.354752 2.201174
0.551428 0.496674 749.000000 1.465427 0.006791
0.551490 0.496649 749.100000 1.425998 -0.793390
0.551533 0.496693 749.200000 1.322001 -1.281368
0.551577 0.496764 749.300000 1.329868 1.438321
0.551655 0.496991 749.400000 1.506908 2.093629
0.551754 0.496925 749.500000 1.606712 -0.102535
0.551856 0.496875 749.600000 1.626539 0.498077
0.551954 0.496877 749.700000 1.600726 -1.013050
0.552048 0.496845 749.800000 1.585896 0.717205
0.552160 0.496834 749.900000 1.667452 0.909832
0.552290 0.496808 750.000000 1.751585 0.768629
0.552432 0.496743 750.100000 1.798820 0.173711
0.552586 0.496713 750.200000 1.844448 0.736564
0.552738 0.496692 750.300000 1.840358 -0.818166
0.552871 0.496664 750.400000 1.761293 -0.759175
0.552982 0.496688 750.500000 1.664836 -1.165147
0.553070 0.496681 750.600000 1.559209 -0.942121
0.553142 0.496644 750.700000 1.478654 -0.664939
0.553207 0.496578 750.800000 1.446439 0.022250
0.553289 0.496676 750.900000 1.526140 1.567773
0.553420 0.497204 751.000000 1.754546 2.988936
0.553627 0.497731 751.100000 2.053979 2.984755
0.553901 0.497843 751.200000 2.285625 1.636583
0.554195 0.497784 751.300000 2.351319 -0.326000
0.554464 0.497839 751.400000 2.267431 -1.347564
0.554709 0.497775 751.500000 2.189880 -0.199569
0.554933 0.497823 751.600000 2.114299 -1.308266
0.555124 0.497831 751.700000 1.995671 -1.058377
0.555309 0.497789 751.800000 1.972977 0.605647
0.555486 0.497815 751.900000 1.944431 -1.175151
0.555652 0.497753 752.000000 1.898711 0.263047
0.555830 0.497721 752.100000 1.947852 0.717307
0.556008 0.497693 752.200000 1.946005 -0.754145
0.556172 0.497635 752.300000 1.890019 -0.362782
0.556322 0.497600 752.400000 1.837572 -0.683538
0.556431 0.498079 752.500000 1.659773 -2.863544
0.556511 0.498014 752.600000 1.522996 0.134841
0.556587 0.497968 752.700000 1.502199 -0.549740
0.556648 0.497970 752.800000 1.423726 -1.015792
0.556692 0.497946 752.900000 1.333154 -0.791139
0.556729 0.497880 753.000000 1.291211 -0.045619
0.556770 0.497837 753.100000 1.318808 0.596182
0.556809 0.497828 753.200000 1.302253 -0.926444
0.556830 0.497866 753.300000 1.193104 -1.251086
0.556841 0.497800 753.400000 1.134757 0.087061
0.556857 0.497747 753.500000 1.160772 0.431931
0.556885 0.497766 753.600000 1.239417 1.137052
0.556933 0.497804 753.700000 1.358925 1.247133
0.556984 0.497807 753.800000 1.370240 -1.021415
0.557032 0.497776 753.900000 1.355467 0.726709
0.557093 0.497739 754.000000 1.425486 0.670167
0.557169 0.497734 754.100000 1.507015 0.956340
0.557264 0.497708 754.200000 1.593825 0.775508
0.557361 0.497660 754.300000 1.606837 -0.515908
0.557458 0.497607 754.400000 1.603319 0.445724
0.557552 0.497567 754.500000 1.594110 -0.629445
0.557622 0.497710 754.600000 1.473628 -1.774182
0.557662 0.497780 754.700000 1.312700 -1.436314
0.557690 0.497715 754.800000 1.237911 -0.055726
0.557722 0.497671 754.900000 1.264389 0.583954
0.557760 0.497607 755.000000 1.300916 0.144750
0.557796 0.497553 755.100000 1.287011 -0.422149
0.557832 0.497497 755.200000 1.285454 0.391086
0.557868 0.497435 755.300000 1.292659 -0.247353
0.557898 0.497396 755.400000 1.248456 -0.634483
0.557936 0.497511 755.500000 1.299458 1.651959
0.558017 0.498021 755.600000 1.530139 2.950143
0.558134 0.497966 755.700000 1.698111 0.400890
0.558240 0.498015 755.800000 1.652037 -1.320054
0.558323 0.498006 755.900000 1.539255 -0.929963
0.558405 0.497991 756.000000 1.536691 0.878815
0.558495 0.497929 756.100000 1.569641 -0.221461
0.558582 0.497863 756.200000 1.561131 0.051685
0.558668 0.497799 756.300000 1.556709 -0.139908
0.558762 0.497777 756.400000 1.590464 0.813332
0.558858 0.497726 756.500000 1.607283 -0.477794
0.558936 0.497785 756.600000 1.514425 -1.374726
0.558993 0.497757 756.700000 1.407598 -0.756475
0.559038 0.497715 756.800000 1.339510 -0.601886
0.559079 0.497653 756.900000 1.320841 0.229446
0.559115 0.497637 757.000000 1.288656 -0.871535
0.559138 0.497601 757.100000 1.211423 -0.669253
0.559151 0.497557 757.200000 1.149579 -0.564553
0.559168 0.497560 757.300000 1.172665 1.025118
0.559187 0.497545 757.400000 1.180175 -0.875289
0.559193 0.497515 757.500000 1.099548 -0.733213
0.559188 0.497494 757.600000 1.021683 -0.820200
0.559190 0.497671 757.700000 1.076858 1.920946
0.559212 0.497624 757.800000 1.199598 0.527707
0.559222 0.497784 757.900000 1.133301 -1.850328
0.559219 0.497721 758.000000 1.031503 -0.180539
0.559230 0.497971 758.100000 1.132142 2.188295
0.559256 0.497908 758.200000 1.232072 -0.194707
0.559283 0.497845 758.300000 1.233369 0.220582
0.559306 0.497802 758.400000 1.215575 -0.575563
0.559319 0.497777 758.500000 1.146989 -0.792737
0.559330 0.497728 758.600000 1.132295 0.499599
0.559348 0.497674 758.700000 1.178285 0.417894
0.559358 0.497735 758.800000 1.129747 -1.386224
0.559356 0.497680 758.900000 1.040809 -0.388081
0.559349 0.497618 759.000000 1.008987 -0.246769
0.559341 0.497552 759.100000 0.998217 0.031912
0.559331 0.497494 759.200000 0.983950 -0.316539
0.559316 0.497443 759.300000 0.944298 -0.474519
0.559300 0.497381 759.400000 0.932775 0.244635
0.559279 0.497373 759.500000 0.898449 -0.929442
0.559243 0.497562 759.600000 0.753268 -1.966920
0.559194 0.497546 759.700000 0.610968 -0.871977
0.559136 0.497643 759.800000 0.488675 -1.567757
0.559074 0.497581 759.900000 0.421681 0.231223
0.559013 0.497516 760.000000 0.437044 0.075265
0.558952 0.497450 760.100000 0.437325 -0.069665
0.558891 0.497389 760.200000 0.421877 -0.238512
0.558828 0.497324 760.300000 0.412949 0.060402
0.558772 0.497488 760.400000 0.509599 1.867764
0.558729 0.497590 760.500000 0.683288 1.597328
0.558696 0.497531 760.600000 0.779382 0.319743
0.558675 0.497739 760.700000 0.897528 2.037281
0.558664 0.497687 760.800000 0.976896 -0.453890
0.558648 0.497638 760.900000 0.929090 -0.499846
0.558625 0.497587 761.000000 0.880163 -0.476253
0.558590 0.497756 761.100000 0.761640 -1.888280
0.558546 0.497691 761.200000 0.667490 0.009996
0.558505 0.497655 761.300000 0.701491 0.668332
0.558462 0.497654 761.400000 0.685356 -0.990237
0.558410 0.497695 761.500000 0.571886 -1.273490
0.558358 0.497720 761.600000 0.566979 1.175598
0.558308 0.497673 761.700000 0.599527 -0.526259
0.558256 0.497610 761.800000 0.563644 -0.189613
0.558201 0.497575 761.900000 0.520264 -0.675818
0.558144 0.497513 762.000000 0.497463 0.220934
0.558085 0.497480 762.100000 0.473166 -0.705648
0.558023 0.497422 762.200000 0.421363 -0.327818
0.557960 0.497359 762.300000 0.395276 -0.192618
0.557892 0.497690 762.400000 0.262339 -2.459488
0.557819 0.498018 762.500000 0.016418 -2.446633
0.557746 0.497954 762.600000 -0.114485 -0.164879
0.557675 0.497950 762.700000 -0.171069 -0.963963
0.557606 0.497904 762.800000 -0.246497 -0.540828
0.557539 0.497864 762.900000 -0.304920 -0.624714
0.557476 0.497886 763.000000 -0.393957 -1.151568
0.557416 0.497823 763.100000 -0.441442 0.204241
0.557356 0.497769 763.200000 -0.451765 -0.410188
0.557298 0.497704 763.300000 -0.475236 -0.058056
0.557249 0.498067 763.400000 -0.606337 -2.557420
0.557210 0.498006 763.500000 -0.721659 0.256752
0.557166 0.498011 763.600000 -0.657001 1.033177
0.557117 0.497947 763.700000 -0.611193 -0.119310
0.557070 0.497884 763.800000 -0.626654 -0.189135
0.557022 0.497827 763.900000 -0.617986 0.362055
0.556966 0.497981 764.000000 -0.508220 1.827786
0.556903 0.497930 764.100000 -0.392865 0.473540
0.556837 0.497957 764.200000 -0.309821 1.183194
0.556768 0.497892 764.300000 -0.244921 0.111547
0.556700 0.497854 764.400000 -0.271504 -0.641881
0.556634 0.497815 764.500000 -0.335168 -0.628203
0.556576 0.498088 764.600000 -0.480618 -2.273541
0.556535 0.498276 764.700000 -0.693315 -1.969754
0.556501 0.498230 764.800000 -0.765216 0.535337
0.556462 0.498176 764.900000 -0.717783 0.410940
0.556427 0.498213 765.000000 -0.759803 -1.249241
0.556400 0.498153 765.100000 -0.836682 -0.284485
0.556372 0.498096 765.200000 -0.832975 0.358434
0.556346 0.498050 765.300000 -0.842386 -0.546172
0.556318 0.498027 765.400000 -0.829830 0.796663
0.556292 0.498040 765.500000 -0.844637 -1.092074
0.556267 0.498021 765.600000 -0.857308 0.839286
0.556232 0.498039 765.700000 -0.758622 1.129504
0.556188 0.498022 765.800000 -0.658868 0.860582
0.556141 0.497959 765.900000 -0.623697 -0.158924
0.556085 0.498275 766.000000 -0.510524 2.416736
0.556022 0.498218 766.100000 -0.371705 0.352695
0.555963 0.498427 766.200000 -0.456816 -2.050658
0.555917 0.498511 766.300000 -0.635160 -1.507301
0.555881 0.498496 766.400000 -0.754842 -0.880366
0.555852 0.498436 766.500000 -0.812767 -0.275232
0.555816 0.498506 766.600000 -0.754559 1.436483
0.555779 0.498504 766.700000 -0.731811 -0.982655
0.555747 0.498441 766.800000 -0.790686 -0.191909
0.555719 0.498387 766.900000 -0.820856 -0.409973
0.555701 0.498487 767.000000 -0.921133 -1.590549
0.555696 0.498426 767.100000 -1.013137 -0.244930
0.555689 0.498374 767.200000 -1.002736 0.452429
0.555679 0.498309 767.300000 -0.978872 0.023656
0.555664 0.498280 767.400000 -0.940746 0.736955
0.555650 0.498251 767.500000 -0.941198 -0.745978
0.555642 0.498194 767.600000 -0.996234 -0.351983
0.555654 0.498530 767.700000 -1.138162 -2.479480
0.555717 0.499300 767.800000 -1.441939 -3.580879
0.555820 0.499247 767.900000 -1.643360 -0.437477
0.555938 0.499228 768.000000 -1.707438 -0.840880
0.556092 0.499514 768.100000 -1.865876 -2.319953
0.556290 0.499536 768.200000 -2.040185 -1.157507
0.556509 0.499477 768.300000 -2.113347 -0.302086
0.556714 0.499515 768.400000 -2.065380 1.259032
0.556907 0.499458 768.500000 -2.019783 -0.349367
0.557089 0.499476 768.600000 -1.980475 1.133562
0.557262 0.499418 768.700000 -1.939318 -0.312477
0.557447 0.499386 768.800000 -1.990992 -0.718423
0.557655 0.499389 768.900000 -2.077989 -1.017166
0.557854 0.499510 769.000000 -2.044202 1.691209
0.558033 0.499445 769.100000 -1.964390 -0.098958
0.558213 0.499381 769.200000 -1.973333 -0.079454
0.558391 0.499320 769.300000 -1.964211 0.261444
0.558578 0.499309 769.400000 -1.996668 -0.908958
0.558798 0.499405 769.500000 -2.121050 -1.572467
0.559047 0.499357 769.600000 -2.225436 -0.510024
0.559297 0.499302 769.700000 -2.231005 0.398924
0.559538 0.499244 769.800000 -2.195527 0.308854
0.559777 0.499182 769.900000 -2.191001 -0.218568
0.560045 0.499329 770.000000 -2.292516 -1.806652
0.560361 0.499369 770.100000 -2.446695 -1.269221
0.560686 0.499337 770.200000 -2.474792 0.708698
0.561007 0.499288 770.300000 -2.464633 -0.506044
0.561332 0.499230 770.400000 -2.474490 0.309408
0.561651 0.499165 770.500000 -2.456294 0.053591
0.561982 0.499147 770.600000 -2.496078 -0.847275
0.562327 0.499082 770.700000 -2.537317 0.024567
0.562670 0.499018 770.800000 -2.533844 0.044709
0.563018 0.498959 770.900000 -2.546167 -0.290549
0.563347 0.499021 771.000000 -2.490609 1.398928
0.563656 0.498958 771.100000 -2.428225 -0.154369
0.563964 0.498897 771.200000 -2.423177 0.255079
0.564250 0.498912 771.300000 -2.354858 1.107882
0.564494 0.499047 771.400000 -2.211247 1.757163
0.564706 0.499000 771.500000 -2.097638 0.509339
0.564906 0.498943 771.600000 -2.054247 0.356304
0.565090 0.498928 771.700000 -1.992508 0.875393
0.565268 0.498875 771.800000 -1.970106 -0.428463
0.565478 0.499069 771.900000 -2.091603 -1.995409
0.565716 0.499004 772.000000 -2.191023 0.011969
0.565943 0.498973 772.100000 -2.154152 0.723621
0.566154 0.498922 772.200000 -2.095445 0.447568
0.566383 0.499062 772.300000 -2.162243 -1.780176
0.566649 0.499030 772.400000 -2.287200 -0.712710
0.566930 0.498973 772.500000 -2.339969 -0.340044
0.567218 0.498910 772.600000 -2.364631 -0.151951
0.567506 0.498848 772.700000 -2.363153 0.181424
0.567799 0.498802 772.800000 -2.381135 -0.540157
0.568089 0.498779 772.900000 -2.368029 0.801614
0.568360 0.498725 773.000000 -2.308111 0.393756
0.568650 0.498845 773.100000 -2.373064 -1.689578
0.568999 0.499027 773.200000 -2.555664 -1.953281
0.569389 0.498977 773.300000 -2.677606 -0.479474
0.569776 0.498942 773.400000 -2.667877 0.673570
0.570130 0.498972 773.500000 -2.573684 1.205581
0.570459 0.498915 773.600000 -2.495178 0.360628
0.570794 0.498887 773.700000 -2.514420 -0.744511
0.571160 0.498915 773.800000 -2.611709 -1.196406
0.571568 0.498941 773.900000 -2.731029 -1.184022
0.571981 0.498933 774.000000 -2.743665 0.931925
0.572348 0.499048 774.100000 -2.613208 1.670692
0.572675 0.499023 774.200000 -2.490481 0.777704
0.572993 0.498964 774.300000 -2.465746 -0.284233
0.573307 0.498921 774.400000 -2.451267 0.573089
0.573619 0.498868 774.500000 -2.443772 -0.423557
0.573963 0.498977 774.600000 -2.547245 -1.640743
0.574353 0.498983 774.700000 -2.681635 -1.040337
0.574736 0.499057 774.800000 -2.660229 1.467387
0.575069 0.499133 774.900000 -2.512709 1.475637
0.575373 0.499078 775.000000 -2.420109 0.371748
0.575662 0.499033 775.100000 -2.373759 0.552932
0.575920 0.499118 775.200000 -2.269703 1.522973
0.576130 0.499275 775.300000 -2.100637 1.849889
0.576303 0.499273 775.400000 -1.958413 0.987489
0.576474 0.499250 775.500000 -1.948922 -0.798143
0.576678 0.499387 775.600000 -2.077495 -1.766887
0.576882 0.499521 775.700000 -2.077975 1.757312
0.577056 0.499470 775.800000 -1.966936 0.457906
0.577219 0.499423 775.900000 -1.918344 0.511515
0.577363 0.499431 776.000000 -1.839696 1.057510
0.577484 0.499414 776.100000 -1.743525 0.861093
0.577607 0.499409 776.200000 -1.748615 -0.962632
0.577761 0.499539 776.300000 -1.883875 -1.735809
0.577930 0.499491 776.400000 -1.945747 0.501478
0.578082 0.499486 776.500000 -1.872378 0.962230
0.578223 0.499423 776.600000 -1.829632 -0.109443
0.578374 0.499397 776.700000 -1.874175 -0.779191
0.578541 0.499344 776.800000 -1.933888 -0.412094
0.578737 0.499522 776.900000 -2.051835 -1.940942
0.578953 0.499474 777.000000 -2.123982 0.501610
0.579161 0.499410 777.100000 -2.097110 0.034486
0.579355 0.499415 777.200000 -2.043551 1.034009
0.579553 0.499458 777.300000 -2.056600 -1.294330
0.579764 0.499400 777.400000 -2.105401 0.320749
0.579973 0.499341 777.500000 -2.103059 -0.274022
0.580182 0.499284 777.600000 -2.099805 0.338927
0.580377 0.499254 777.700000 -2.046613 0.722254
0.580553 0.499221 777.800000 -1.974970 0.707029
0.580723 0.499161 777.900000 -1.952118 -0.251134
0.580887 0.499138 778.000000 -1.924968 0.792776
0.581043 0.499077 778.100000 -1.896808 -0.230984
0.581196 0.499033 778.200000 -1.880216 0.561992
0.581334 0.498995 778.300000 -1.819891 0.641489
0.581447 0.499090 778.400000 -1.708863 1.573535
0.581542 0.499026 778.500000 -1.627429 0.051069
0.581651 0.499080 778.600000 -1.692868 -1.356587
0.581780 0.499023 778.700000 -1.777051 -0.322848
0.581922 0.499017 778.800000 -1.840969 -0.952328
0.582091 0.499036 778.900000 -1.945639 -1.135845
0.582280 0.498991 779.000000 -2.030023 -0.547612
0.582467 0.498970 779.100000 -2.016708 0.813257
0.582630 0.498969 779.200000 -1.925943 0.997491
0.582779 0.498907 779.300000 -1.869083 0.136882
0.582930 0.498846 779.400000 -1.874679 -0.248538
0.583082 0.498783 779.500000 -1.881453 0.113413
0.583234 0.498720 779.600000 -1.879353 -0.071520
0.583376 0.498703 779.700000 -1.840037 0.855858
0.583511 0.498642 779.800000 -1.807955 -0.215822
0.583638 0.498628 779.900000 -1.774295 0.887340
0.583743 0.498644 780.000000 -1.673823 1.117074
0.583835 0.498581 780.100000 -1.614247 0.071481
0.583928 0.498519 780.200000 -1.619076 -0.167831
0.584016 0.498486 780.300000 -1.592474 0.698555
0.584096 0.498422 780.400000 -1.556171 0.025692
0.584156 0.498643 780.500000 -1.449235 2.107676
0.584193 0.498589 780.600000 -1.324250 0.385768
0.584226 0.498527 780.700000 -1.296323 0.171389
0.584259 0.498465 780.800000 -1.298025 -0.205349
0.584300 0.498430 780.900000 -1.341936 -0.670690
0.584336 0.498441 781.000000 -1.321406 1.080282
0.584355 0.498462 781.100000 -1.209839 1.145470
0.584368 0.498404 781.200000 -1.167593 -0.302653
0.584380 0.498345 781.300000 -1.168812 0.278326
0.584381 0.498397 781.400000 -1.087301 1.347828
0.584374 0.498336 781.500000 -1.029222 -0.189156
0.584371 0.498280 781.600000 -1.056886 -0.362748
0.584363 0.498286 781.700000 -1.022694 1.044879
0.584349 0.498223 781.800000 -0.975652 -0.106395
0.584329 0.498256 781.900000 -0.919398 1.228662
0.584290 0.498467 782.000000 -0.753920 2.072625
0.584236 0.498556 782.100000 -0.572555 1.545617
0.584177 0.498495 782.200000 -0.485734 0.186451
0.584118 0.498436 782.300000 -0.490103 -0.273615
0.584058 0.498379 782.400000 -0.486888 0.337761
0.583999 0.498335 782.500000 -0.497810 -0.555653
0.583950 0.498522 782.600000 -0.624837 -1.978538
0.583918 0.498702 782.700000 -0.821902 -1.952898
0.583902 0.498678 782.800000 -0.959244 -0.787083
0.583890 0.498620 782.900000 -0.983775 0.297690
0.583874 0.498558 783.000000 -0.960456 0.167524
0.583849 0.498618 783.100000 -0.882259 1.392514
0.583813 0.498597 783.200000 -0.771586 0.815403
0.583769 0.498571 783.300000 -0.692230 0.767742
0.583725 0.498552 783.400000 -0.695659 -0.836152
0.583687 0.498496 783.500000 -0.755488 -0.357434
0.583654 0.498454 783.600000 -0.802702 -0.584487
0.583626 0.498411 783.700000 -0.860002 -0.558633
0.583601 0.498351 783.800000 -0.875602 0.247408
0.583572 0.498296 783.900000 -0.845172 0.359669
0.583538 0.498257 784.000000 -0.795550 0.630298
0.583498 0.498206 784.100000 -0.742515 0.427745
0.583456 0.498149 784.200000 -0.704964 0.321407
0.583419 0.498229 784.300000 -0.764216 -1.503504
0.583402 0.498472 784.400000 -0.949388 -2.190670
0.583415 0.498718 784.500000 -1.169826 -2.207059
0.583447 0.498659 784.600000 -1.293257 -0.255398
0.583485 0.498609 784.700000 -1.328759 -0.452866
0.583539 0.498659 784.800000 -1.418616 -1.339773
0.583597 0.498643 784.900000 -1.442417 0.864934
0.583644 0.498591 785.000000 -1.378352 0.413163
0.583684 0.498533 785.100000 -1.342317 0.305733
0.583721 0.498471 785.200000 -1.319708 0.145329
0.583746 0.498498 785.300000 -1.252851 1.188465
0.583764 0.498437 785.400000 -1.204132 -0.216526
0.583783 0.498375 785.500000 -1.208340 0.132581
0.583792 0.498393 785.600000 -1.145023 1.130586
0.583786 0.498405 785.700000 -1.033718 1.089957
0.583773 0.498342 785.800000 -0.981513 -0.048464
0.583761 0.498280 785.900000 -0.992938 -0.179475
0.583759 0.498314 786.000000 -1.063848 -1.235176
0.583762 0.498266 786.100000 -1.100919 0.495618
0.583764 0.498214 786.200000 -1.097179 -0.421013
0.583771 0.498156 786.300000 -1.133162 -0.296845
0.583778 0.498102 786.400000 -1.129229 0.375306
0.583774 0.498134 786.500000 -1.048843 1.228397
0.583768 0.498135 786.600000 -1.037455 -1.001201
0.583765 0.498091 786.700000 -1.059966 0.552097
0.583760 0.498029 786.800000 -1.038377 -0.121388
0.583760 0.498011 786.900000 -1.086912 -0.846894
0.583770 0.497954 787.000000 -1.144957 -0.311097
0.583779 0.497894 787.100000 -1.149237 0.225712
0.583777 0.497984 787.200000 -1.060069 1.553188
0.583755 0.498054 787.300000 -0.909511 1.450447
0.583725 0.497992 787.400000 -0.830033 0.135137
0.583696 0.497940 787.500000 -0.844792 -0.429579
0.583663 0.497974 787.600000 -0.804571 1.231981
0.583620 0.497940 787.700000 -0.708419 0.686252
0.583576 0.497879 787.800000 -0.682679 -0.172740
0.583533 0.497817 787.900000 -0.698051 -0.133929
0.583489 0.497759 788.000000 -0.689713 0.300277
0.583444 0.497696 788.100000 -0.672290 0.047303
0.583397 0.497637 788.200000 -0.657594 0.245883
0.583350 0.497575 788.300000 -0.652842 -0.151076
0.583303 0.497516 788.400000 -0.648735 0.233002
0.583253 0.497461 788.500000 -0.619473 0.350784
0.583203 0.497401 788.600000 -0.614445 -0.250481
0.583152 0.497362 788.700000 -0.596271 0.613050
0.583103 0.497415 788.800000 -0.633342 -1.352598
0.583071 0.497669 788.900000 -0.813233 -2.236235
0.583055 0.497631 789.000000 -0.956719 -0.626308
0.583037 0.497629 789.100000 -0.938893 0.981927
0.583011 0.497576 789.200000 -0.869702 0.398433
0.582982 0.497515 789.300000 -0.839309 0.207903
0.582953 0.497454 789.400000 -0.835978 -0.141439
0.582915 0.497596 789.500000 -0.752866 1.799521
0.582866 0.497550 789.600000 -0.636291 0.526147
0.582817 0.497494 789.700000 -0.626316 -0.327139
0.582774 0.497497 789.800000 -0.693771 -1.018597
0.582741 0.497521 789.900000 -0.803547 -1.171425
0.582713 0.497463 790.000000 -0.847309 0.298379
0.582684 0.497401 790.100000 -0.837404 -0.100781
0.582651 0.497374 790.200000 -0.804482 0.757581
0.582610 0.497357 790.300000 -0.723949 0.849049
0.582561 0.497382 790.400000 -0.622482 1.175203
0.582508 0.497320 790.500000 -0.571308 -0.154265
0.582461 0.497393 790.600000 -0.652492 -1.465371
0.582422 0.497337 790.700000 -0.742161 -0.323507
0.582380 0.497357 790.800000 -0.700727 1.150110
0.582336 0.497347 790.900000 -0.688713 -0.910442
0.582298 0.497287 791.000000 -0.744911 -0.210712
0.582259 0.497231 791.100000 -0.738759 0.333461
0.582212 0.497284 791.200000 -0.654105 1.355376
0.582154 0.497407 791.300000 -0.500283 1.713378
0.582087 0.497609 791.400000 -0.311832 2.046214
0.582015 0.497593 791.500000 -0.165861 0.865904
0.581942 0.497561 791.600000 -0.087571 0.695988
0.581868 0.497602 791.700000 0.011768 1.285831
0.581795 0.497556 791.800000 0.050694 -0.509262
0.581722 0.497505 791.900000 0.003414 -0.433982
0.581648 0.497456 792.000000 -0.041561 -0.463272
0.581575 0.497400 792.100000 -0.048165 0.331525
0.581502 0.497459 792.200000 -0.101070 -1.386980
0.581430 0.497461 792.300000 -0.119786 1.013607
0.581357 0.497400 792.400000 -0.078105 -0.182080
0.581284 0.497340 792.500000 -0.098702 -0.228822
0.581211 0.497279 792.600000 -0.103195 0.139180
0.581138 0.497278 792.700000 -0.046516 0.991558
0.581066 0.497583 792.800000 0.124200 2.414242
0.581000 0.497769 792.900000 0.344846 1.987647
0.580938 0.497735 793.000000 0.410793 -0.672020
0.580871 0.497752 793.100000 0.320747 -1.124394
0.580801 0.497715 793.200000 0.232110 -0.643910
0.580732 0.497716 793.300000 0.249967 1.000167
0.580667 0.497796 793.400000 0.375733 1.508860
0.580606 0.497749 793.500000 0.426506 -0.495933
0.580544 0.497696 793.600000 0.420672 0.379539
0.580479 0.497813 793.700000 0.354859 -1.692518
0.580409 0.497802 793.800000 0.224895 -0.900267
0.580337 0.497757 793.900000 0.152729 -0.539427
0.580264 0.497744 794.000000 0.081334 -0.884914
0.580191 0.497687 794.100000 0.021622 -0.306342
0.580118 0.497633 794.200000 0.024587 0.365494
0.580045 0.497639 794.300000 -0.009549 -1.046494
0.579972 0.497578 794.400000 -0.055202 0.135706
0.579900 0.497520 794.500000 -0.062315 -0.277612
0.579827 0.497482 794.600000 -0.044581 0.631401
0.579754 0.497588 794.700000 0.068924 1.633029
0.579684 0.497585 794.800000 0.199761 0.977180
0.579615 0.497526 794.900000 0.260551 0.235579
0.579547 0.497470 795.000000 0.288330 0.318613
0.579480 0.497408 795.100000 0.300438 -0.077067
0.579413 0.497349 795.200000 0.308816 0.244218
0.579350 0.497373 795.300000 0.379891 1.173726
0.579291 0.497349 795.400000 0.478254 0.788603
0.579237 0.497306 795.500000 0.545714 0.557243
0.579188 0.497295 795.600000 0.618828 0.901374
0.579141 0.497247 795.700000 0.640137 -0.476264
0.579093 0.497184 795.800000 0.618170 0.038035
0.579040 0.497189 795.900000 0.568223 -1.034488
0.578986 0.497157 796.000000 0.551116 0.693208
0.578933 0.497127 796.100000 0.549663 -0.722202
0.578875 0.497075 796.200000 0.492798 -0.412245
0.578815 0.497021 796.300000 0.454434 -0.353116
0.578754 0.496963 796.400000 0.423773 -0.258581
0.578692 0.496901 796.500000 0.403977 -0.136347
0.578632 0.496922 796.600000 0.454700 1.148273
0.578581 0.496974 796.700000 0.579847 1.348401
0.578538 0.496950 796.800000 0.686877 0.786853
0.578501 0.496912 796.900000 0.757376 0.619600
0.578466 0.496853 797.000000 0.776552 -0.237030
0.578429 0.496797 797.100000 0.749247 -0.307707
0.578390 0.496735 797.200000 0.737537 0.074083
0.578355 0.496699 797.300000 0.773977 0.652891
0.578322 0.496646 797.400000 0.787936 -0.374397
0.578296 0.496796 797.500000 0.861572 1.843431
0.578283 0.496746 797.600000 0.975517 0.429772
0.578270 0.496699 797.700000 0.972115 -0.497641
0.578259 0.496683 797.800000 0.990419 0.862808
0.578250 0.496633 797.900000 1.012011 -0.432046
0.578234 0.496621 798.000000 0.945397 -0.896901
0.578208 0.496604 798.100000 0.857645 -0.853751
0.578179 0.496551 798.200000 0.833863 0.379293
0.578153 0.496490 798.300000 0.859711 0.136365
0.578132 0.496483 798.400000 0.913463 0.935987
0.578115 0.496435 798.500000 0.936547 -0.475443
0.578086 0.496529 798.600000 0.833583 -1.578699
0.578048 0.496469 798.700000 0.743532 -0.217823
0.578006 0.496441 798.800000 0.695737 -0.735679
0.577958 0.496410 798.900000 0.623824 -0.698987
0.577909 0.496354 799.000000 0.604582 0.315112
0.577857 0.496355 799.100000 0.569736 -1.010290
0.577802 0.496295 799.200000 0.526387 0.145477
0.577747 0.496233 799.300000 0.534446 0.015295
0.577691 0.496186 799.400000 0.510080 -0.501387
0.577631 0.496169 799.500000 0.442491 -0.847012
0.577568 0.496125 799.600000 0.373484 -0.529684
0.577503 0.496063 799.700000 0.348027 0.021814
0.577440 0.496032 799.800000 0.384864 0.713093
0.577378 0.495995 799.900000 0.389390 -0.622801
0.577311 0.496063 800.000000 0.285885 -1.442131
0.577240 0.496050 800.100000 0.169108 -0.887567
0.577168 0.496058 800.200000 0.071570 -1.058322
0.577096 0.496021 800.300000 -0.013607 -0.640953
0.577024 0.495963 800.400000 -0.034123 0.231655
0.576952 0.495907 800.500000 -0.038430 -0.317573
0.576880 0.495845 800.600000 -0.054171 0.003535
0.576808 0.495793 800.700000 -0.033840 0.402080
0.576736 0.495733 800.800000 -0.006721 0.138942
0.576665 0.495817 800.900000 0.076887 1.529034
0.576595 0.495784 801.000000 0.187666 0.681004
0.576526 0.495722 801.100000 0.223399 0.031866
0.576458 0.495690 801.200000 0.259393 0.686208
0.576392 0.495630 801.300000 0.302549 0.174771
0.576326 0.495578 801.400000 0.291349 -0.398215
0.576260 0.495579 801.500000 0.321979 1.009272
0.576199 0.495569 801.600000 0.418279 0.911921
0.576149 0.495894 801.700000 0.588735 2.488674
0.576107 0.495841 801.800000 0.693939 -0.389853
0.576065 0.495785 801.900000 0.689367 0.298633
0.576027 0.495751 802.000000 0.737548 0.662585
0.575998 0.495763 802.100000 0.825426 1.090589
0.575978 0.495725 802.200000 0.910764 0.611891
0.575964 0.495681 802.300000 0.968309 0.536139
0.575944 0.495783 802.400000 0.913938 -1.620850
0.575908 0.495884 802.500000 0.751629 -1.617196
0.575865 0.495823 802.600000 0.676116 0.110707
0.575825 0.495800 802.700000 0.721102 0.786754
0.575795 0.495807 802.800000 0.813542 1.057431
0.575779 0.495895 802.900000 0.944148 1.548163
0.575778 0.495887 803.000000 1.068336 0.929377
0.575781 0.495838 803.100000 1.092485 -0.447598
0.575774 0.495827 803.200000 1.024813 -0.902461
0.575766 0.495785 803.300000 1.007769 0.562425
0.575761 0.495723 803.400000 1.038306 0.046792
0.575757 0.495662 803.500000 1.037828 -0.056327
0.575742 0.495747 803.600000 0.957983 -1.536574
0.575711 0.495804 803.700000 0.811640 -1.382977
0.575664 0.496057 803.800000 0.629571 -2.249301
0.575609 0.495996 803.900000 0.513428 -0.067749
0.575554 0.495934 804.000000 0.505773 -0.084963
0.575496 0.495893 804.100000 0.472822 -0.572401
0.575433 0.495947 804.200000 0.375776 -1.363669
0.575370 0.495985 804.300000 0.370763 1.263663
0.575311 0.495927 804.400000 0.445894 0.235189
0.575246 0.496249 804.500000 0.333139 -2.484653
0.575177 0.496189 804.600000 0.199073 -0.189965
0.575108 0.496129 804.700000 0.180682 -0.176932
0.575040 0.496219 804.800000 0.250079 1.561410
0.574978 0.496237 804.900000 0.384981 1.129868
0.574923 0.496324 805.000000 0.519333 1.550460
0.574882 0.496500 805.100000 0.695058 1.955253
0.574853 0.496473 805.200000 0.830430 0.745419
0.574841 0.496705 805.300000 0.976768 2.174033
0.574853 0.496772 805.400000 1.158059 1.442727
0.574875 0.496711 805.500000 1.227013 -0.067108
0.574896 0.496650 805.600000 1.220148 -0.069846
0.574912 0.496609 805.700000 1.187579 -0.579911
0.574930 0.496583 805.800000 1.196313 0.754165
0.574963 0.496612 805.900000 1.294716 1.208968
0.575008 0.496556 806.000000 1.370604 0.305009
0.575057 0.496496 806.100000 1.393405 0.149867
0.575104 0.496441 806.200000 1.383659 -0.344310
0.575153 0.496397 806.300000 1.392598 0.522655
0.575212 0.496360 806.400000 1.450384 0.630159
0.575289 0.496392 806.500000 1.543605 1.229615
0.575369 0.496368 806.600000 1.566409 -0.774688
0.575439 0.496314 806.700000 1.509715 -0.356343
0.575510 0.496264 806.800000 1.513735 0.436536
0.575594 0.496259 806.900000 1.583367 0.952612
0.575693 0.496216 807.000000 1.658370 0.543700
0.575808 0.496208 807.100000 1.732091 0.927035
0.575928 0.496154 807.200000 1.760846 -0.353363
0.576057 0.496165 807.300000 1.797459 1.083785
0.576196 0.496105 807.400000 1.844583 -0.143667
0.576319 0.496150 807.500000 1.771671 -1.310917
0.576425 0.496096 807.600000 1.688092 -0.356485
0.576512 0.496147 807.700000 1.602946 -1.342177
0.576571 0.496271 807.800000 1.448707 -1.734896
0.576604 0.496297 807.900000 1.302352 -1.184891
0.576628 0.496236 808.000000 1.241208 -0.034923
0.576651 0.496175 808.100000 1.232017 -0.148442
0.576669 0.496125 808.200000 1.203198 -0.426496
0.576691 0.496113 808.300000 1.226290 0.887176
0.576719 0.496052 808.400000 1.266142 -0.092123
0.576742 0.496004 808.500000 1.238185 -0.465609
0.576756 0.495985 808.600000 1.173136 -0.832119
0.576748 0.496267 808.700000 1.013378 -2.355068
0.576726 0.496206 808.800000 0.894446 -0.017615
0.576700 0.496180 808.900000 0.855504 -0.759286
0.576674 0.496157 809.000000 0.856882 0.786776
0.576645 0.496225 809.100000 0.823848 -1.445798
0.576603 0.496245 809.200000 0.693707 -1.150518
0.576557 0.496184 809.300000 0.631047 -0.099539
0.576507 0.496154 809.400000 0.590663 -0.706129
0.576449 0.496281 809.500000 0.467754 -1.745915
0.576384 0.496363 809.600000 0.303891 -1.523144
0.576315 0.496325 809.700000 0.196627 -0.616774
0.576245 0.496268 809.800000 0.153094 -0.251711
0.576175 0.496221 809.900000 0.115719 -0.493924
0.576104 0.496187 810.000000 0.057874 -0.660070
0.576034 0.496540 810.100000 0.154572 2.589190
0.575971 0.496623 810.200000 0.361115 1.531338
0.575910 0.496629 810.300000 0.385670 -1.041459
0.575847 0.496587 810.400000 0.362031 0.569859
0.575783 0.496550 810.500000 0.359654 -0.617287
0.575721 0.496560 810.600000 0.382722 1.077498
0.575658 0.496693 810.700000 0.347726 -1.775666
0.575590 0.496671 810.800000 0.218613 -0.800132
0.575520 0.496644 810.900000 0.141401 -0.740256
0.575449 0.496639 811.000000 0.056563 -0.952255
0.575379 0.496712 811.100000 0.082968 1.479032
0.575310 0.496675 811.200000 0.188148 0.619303
0.575244 0.496708 811.300000 0.281176 1.236606
0.575184 0.496771 811.400000 0.414456 1.422340
0.575131 0.496786 811.500000 0.541368 1.109552
0.575079 0.496763 811.600000 0.557537 -0.786989
0.575021 0.496798 811.700000 0.455431 -1.250022
0.574959 0.496753 811.800000 0.366877 -0.516624
0.574896 0.496703 811.900000 0.362515 0.429598
0.574837 0.496703 812.000000 0.434024 0.997001
0.574785 0.496782 812.100000 0.559703 1.510296
0.574738 0.496726 812.200000 0.621807 -0.271324
0.574696 0.496808 812.300000 0.684759 1.527227
0.574665 0.496783 812.400000 0.799592 0.763691
0.574635 0.496736 812.500000 0.813486 -0.486508
0.574593 0.496938 812.600000 0.685498 -2.066848
0.574538 0.497039 812.700000 0.500438 -1.625110
0.574475 0.497068 812.800000 0.358385 -1.208840
0.574410 0.497011 812.900000 0.285121 -0.252781
0.574341 0.497106 813.000000 0.192689 -1.591241
0.574271 0.497309 813.100000 0.008882 -2.075708
0.574202 0.497353 813.200000 -0.160707 -1.307592
0.574134 0.497295 813.300000 -0.214663 0.231177
0.574066 0.497254 813.400000 -0.231594 -0.568957
0.574001 0.497199 813.500000 -0.276194 -0.320815
0.573935 0.497148 813.600000 -0.272305 0.398404
0.573866 0.497317 813.700000 -0.155260 1.936646
0.573795 0.497325 813.800000 -0.005106 1.058916
0.573725 0.497278 813.900000 0.023944 -0.479357
0.573654 0.497239 814.000000 0.029980 0.599766
0.573586 0.497594 814.100000 0.190519 2.602983
0.573523 0.497545 814.200000 0.343082 0.440651
0.573458 0.497608 814.300000 0.294017 -1.419493
0.573391 0.497566 814.400000 0.251400 0.569280
0.573326 0.497505 814.500000 0.282059 0.042379
0.573259 0.497458 814.600000 0.260650 -0.469489
0.573192 0.497405 814.700000 0.219227 -0.356906
0.573124 0.497357 814.800000 0.178392 -0.457750
0.573054 0.497466 814.900000 0.071956 -1.665653
0.572983 0.497481 815.000000 0.044218 1.112278
0.572914 0.497450 815.100000 0.135158 0.701972
0.572847 0.497479 815.200000 0.231263 1.215324
0.572782 0.497426 815.300000 0.273966 -0.363393
0.572713 0.497500 815.400000 0.181536 -1.480580
0.572643 0.497656 815.500000 0.012956 -1.882589
0.572574 0.497654 815.600000 -0.130589 -0.981132
0.572506 0.497606 815.700000 -0.203165 -0.466768
0.572439 0.497546 815.800000 -0.225124 0.028691
0.572372 0.497497 815.900000 -0.200989 0.452794
0.572302 0.497504 816.000000 -0.125568 1.051861
0.572232 0.497633 816.100000 0.015458 1.761599
0.572164 0.497660 816.200000 0.163820 1.198229
0.572097 0.497607 816.300000 0.241639 0.354260
0.572032 0.497546 816.400000 0.262414 0.060211
0.571964 0.497542 816.500000 0.216945 -0.967333
0.571895 0.497577 816.600000 0.105742 -1.251166
0.571825 0.497516 816.700000 0.042870 -0.003122
0.571756 0.497534 816.800000 0.099617 1.135231
0.571687 0.497477 816.900000 0.145365 -0.222574
0.571618 0.497442 817.000000 0.101359 -0.655340
0.571548 0.497588 817.100000 -0.023570 -1.836988
0.571478 0.497611 817.200000 -0.056954 1.170962
0.571408 0.497560 817.300000 0.022532 0.414789
0.571338 0.497500 817.400000 0.037005 -0.126048
0.571269 0.497531 817.500000 -0.030717 -1.224998
0.571200 0.497592 817.600000 -0.162779 -1.409646
0.571133 0.497537 817.700000 -0.217256 0.322822
0.571067 0.497490 817.800000 -0.224470 -0.466725
0.571000 0.497450 817.900000 -0.218578 0.584255
0.570932 0.497394 818.000000 -0.203308 -0.279609
0.570867 0.497408 818.100000 -0.272926 -1.109269
0.570804 0.497351 818.200000 -0.315877 0.252387
0.570738 0.497366 818.300000 -0.247673 1.108294
0.570671 0.497316 818.400000 -0.213823 -0.432984
0.570604 0.497265 818.500000 -0.216202 0.385512
0.570537 0.497243 818.600000 -0.237024 -0.800898
0.570476 0.497414 818.700000 -0.374863 -1.948996
0.570419 0.497380 818.800000 -0.439714 0.655208
0.570358 0.497335 818.900000 -0.381062 0.514911
0.570299 0.497387 819.000000 -0.423169 -1.354948
0.570243 0.497344 819.100000 -0.463908 0.542207
0.570186 0.497296 819.200000 -0.459644 -0.457144
0.570132 0.497245 819.300000 -0.502637 -0.400569
0.570079 0.497186 819.400000 -0.530147 -0.148245
0.570027 0.497126 819.500000 -0.531213 0.126971
0.569971 0.497136 819.600000 -0.470829 1.077698
0.569914 0.497107 819.700000 -0.452526 -0.712572
0.569864 0.497209 819.800000 -0.570233 -1.635673
0.569826 0.497245 819.900000 -0.715454 -1.261480
0.569794 0.497185 820.000000 -0.782835 -0.082782
0.569764 0.497132 820.100000 -0.804644 -0.352296
0.569732 0.497097 820.200000 -0.789798 0.648466
0.569700 0.497049 820.300000 -0.779444 -0.441909
0.569674 0.497032 820.400000 -0.844271 -0.851381
0.569654 0.496977 820.500000 -0.901617 -0.292673
0.569638 0.496925 820.600000 -0.935643 -0.386149
0.569625 0.496867 820.700000 -0.964748 -0.194494
0.569622 0.496924 820.800000 -1.044242 -1.391402
0.569627 0.496866 820.900000 -1.103903 0.201163
0.569636 0.496845 821.000000 -1.134136 -0.804317
0.569650 0.496786 821.100000 -1.166950 0.149683
0.569660 0.496729 821.200000 -1.147437 0.239602
0.569667 0.496678 821.300000 -1.115837 0.390819
0.569674 0.496633 821.400000 -1.121278 -0.499367
0.569688 0.496587 821.500000 -1.171145 -0.495484
0.569702 0.496544 821.600000 -1.169164 0.535000
0.569717 0.496513 821.700000 -1.176918 -0.689686
0.569736 0.496454 821.800000 -1.202043 0.188434
0.569757 0.496414 821.900000 -1.221325 -0.573112
0.569792 0.496443 822.000000 -1.310813 -1.212175
0.569840 0.496389 822.100000 -1.387944 -0.326585
0.569896 0.496352 822.200000 -1.435050 -0.613176
0.569962 0.496306 822.300000 -1.490884 -0.500721
0.570034 0.496250 822.400000 -1.528301 -0.245748
0.570099 0.496262 822.500000 -1.485914 1.091385
0.570160 0.496221 822.600000 -1.459396 -0.562353
0.570225 0.496161 822.700000 -1.489213 -0.032499
0.570279 0.496198 822.800000 -1.427268 1.268292
0.570312 0.496252 822.900000 -1.295054 1.369383
0.570329 0.496221 823.000000 -1.191286 0.700789
0.570343 0.496166 823.100000 -1.170441 -0.284925
0.570359 0.496106 823.200000 -1.185009 -0.005715
0.570373 0.496051 823.300000 -1.169908 0.306989
0.570389 0.496013 823.400000 -1.184886 -0.605810
0.570415 0.495995 823.500000 -1.256956 -0.831990
0.570439 0.496023 823.600000 -1.238123 1.207707
0.570454 0.495963 823.700000 -1.179864 -0.045430
0.570465 0.495939 823.800000 -1.143383 0.773217
0.570473 0.495901 823.900000 -1.134843 -0.602832
0.570480 0.495901 824.000000 -1.115266 0.993392
0.570472 0.495915 824.100000 -1.010117 1.104330
0.570460 0.495858 824.200000 -0.967234 -0.248807
0.570446 0.495815 824.300000 -0.953553 0.521743
0.570427 0.495760 824.400000 -0.911880 0.309631
0.570408 0.495706 824.500000 -0.912228 -0.316571
0.570390 0.495650 824.600000 -0.914984 0.261582
0.570371 0.495591 824.700000 -0.906691 -0.096141
0.570364 0.495800 824.800000 -1.017132 -2.107162
0.570387 0.496007 824.900000 -1.227983 -2.099311
0.570443 0.496230 825.000000 -1.441659 -2.163531
0.570536 0.496336 825.100000 -1.632928 -1.652276
0.570648 0.496281 825.200000 -1.730602 -0.296330
0.570765 0.496222 825.300000 -1.753641 -0.163293
0.570877 0.496188 825.400000 -1.728760 0.659662
0.570986 0.496136 825.500000 -1.713108 -0.347398
0.571101 0.496080 825.600000 -1.744519 -0.279258
0.571221 0.496023 825.700000 -1.769512 -0.219343
0.571346 0.495965 825.800000 -1.790195 -0.193282
0.571476 0.495910 825.900000 -1.813170 -0.265072
0.571602 0.495872 826.000000 -1.795940 0.608816
0.571708 0.495908 826.100000 -1.702166 1.261967
0.571801 0.495848 826.200000 -1.638179 0.014571
0.571887 0.495827 826.300000 -1.597389 0.799199
0.571952 0.495879 826.400000 -1.489129 1.360593
0.571998 0.495852 826.500000 -1.383879 0.739140
0.572039 0.495792 826.600000 -1.349322 -0.049722
0.572089 0.495796 826.700000 -1.403215 -1.025455
0.572166 0.495970 826.800000 -1.553257 -1.967889
0.572273 0.495984 826.900000 -1.707337 -1.106003
0.572384 0.495950 827.000000 -1.729999 0.653911
0.572493 0.495896 827.100000 -1.712928 -0.313354
0.572589 0.495960 827.200000 -1.656875 1.431604
0.572664 0.495941 827.300000 -1.543622 0.827804
0.572727 0.495898 827.400000 -1.476102 0.519222
0.572782 0.495844 827.500000 -1.433754 0.325617
0.572837 0.495795 827.600000 -1.438472 -0.419735
0.572899 0.495739 827.700000 -1.472101 -0.251173
0.572963 0.495679 827.800000 -1.487000 -0.046053
0.573025 0.495628 827.900000 -1.470630 0.372624
0.573069 0.495718 828.000000 -1.372847 1.578157
0.573100 0.495659 828.100000 -1.288641 0.101751
0.573133 0.495604 828.200000 -1.297451 -0.277515
0.573158 0.495632 828.300000 -1.250607 1.212051
0.573175 0.495573 828.400000 -1.193864 -0.080020
0.573193 0.495514 828.500000 -1.204056 -0.123306
0.573202 0.495595 828.600000 -1.133598 1.528936
0.573193 0.495602 828.700000 -1.004280 1.050967
0.573183 0.495568 828.800000 -0.984045 -0.647294
0.573178 0.495519 828.900000 -1.037862 -0.426355
0.573182 0.495500 829.000000 -1.100724 -0.827733
0.573205 0.495653 829.100000 -1.236209 -1.875187
0.573255 0.495720 829.200000 -1.403030 -1.452898
0.573318 0.495661 829.300000 -1.481427 -0.111114
0.573388 0.495629 829.400000 -1.520989 -0.678164
0.573469 0.495578 829.500000 -1.573712 -0.373644
0.573553 0.495518 829.600000 -1.595775 -0.066530
0.573648 0.495518 829.700000 -1.648757 -0.990460
0.573755 0.495462 829.800000 -1.711555 -0.262355
0.573868 0.495408 829.900000 -1.739176 -0.288687
0.573985 0.495349 830.000000 -1.759627 -0.119298
0.574078 0.495670 830.100000 -1.639480 2.516225
0.574138 0.495667 830.200000 -1.464671 0.971217
0.574191 0.495609 830.300000 -1.423733 -0.154513
0.574238 0.495589 830.400000 -1.390669 0.814143
0.574276 0.495540 830.500000 -1.328731 0.421520
0.574313 0.495493 830.600000 -1.330102 -0.448868
0.574366 0.495569 830.700000 -1.427734 -1.498903
0.574429 0.495520 830.800000 -1.481089 0.434478
0.574467 0.495843 830.900000 -1.332975 2.520402
0.574484 0.495788 831.000000 -1.192827 0.275551
0.574485 0.495948 831.100000 -1.083217 1.911169
0.574467 0.495983 831.200000 -0.924615 1.252931
0.574445 0.495932 831.300000 -0.881374 -0.390270
0.574432 0.495969 831.400000 -0.964413 -1.266367
0.574443 0.496290 831.500000 -1.154018 -2.516237
0.574490 0.496514 831.600000 -1.388973 -2.171114
0.574556 0.496454 831.700000 -1.499948 -0.042850
0.574622 0.496394 831.800000 -1.501219 0.017503
0.574701 0.496439 831.900000 -1.566480 -1.319461
0.574778 0.496498 832.000000 -1.562409 1.400671
0.574824 0.496729 832.100000 -1.381808 2.202323
0.574853 0.496670 832.200000 -1.275618 -0.083830
0.574864 0.496991 832.300000 -1.153688 2.516329
0.574850 0.497036 832.400000 -0.961312 1.321568
0.574827 0.496986 832.500000 -0.874984 0.400679
0.574811 0.497085 832.600000 -0.936352 -1.624967
0.574807 0.497045 832.700000 -1.046819 -0.578850
0.574811 0.496998 832.800000 -1.098543 -0.453047
0.574826 0.497031 832.900000 -1.183603 -1.243905
0.574856 0.497007 833.000000 -1.284740 -0.773770
0.574890 0.496951 833.100000 -1.312297 0.223999
0.574917 0.496923 833.200000 -1.264592 0.727727
0.574940 0.496864 833.300000 -1.234307 -0.123543
0.574955 0.496871 833.400000 -1.187747 1.052410
0.574961 0.496819 833.500000 -1.117593 0.347167
0.574962 0.496773 833.600000 -1.076205 0.478521
0.574958 0.496716 833.700000 -1.041546 0.212912
0.574943 0.496829 833.800000 -0.945752 1.698192
0.574909 0.496977 833.900000 -0.767301 1.861909
0.574866 0.496924 834.000000 -0.658536 0.307946
0.574826 0.496925 834.100000 -0.693876 -1.012974
0.574789 0.496874 834.200000 -0.726773 0.356664
0.574752 0.496826 834.300000 -0.731708 -0.455108
0.574726 0.496960 834.400000 -0.844468 -1.794460
0.574708 0.496902 834.500000 -0.924685 0.194129
0.574689 0.496843 834.600000 -0.915643 -0.013728
0.574674 0.496805 834.700000 -0.946185 -0.595581
0.574649 0.497089 834.800000 -0.855922 2.396316
0.574611 0.497044 834.900000 -0.711569 0.483530
0.574571 0.496985 835.000000 -0.693265 -0.118367
0.574533 0.496937 835.100000 -0.720983 -0.434614
0.574508 0.497157 835.200000 -0.851070 -2.160611
0.574513 0.497651 835.300000 -1.111875 -3.042453
0.574545 0.497619 835.400000 -1.298484 -0.680397
0.574578 0.497577 835.500000 -1.306016 0.530142
0.574613 0.497543 835.600000 -1.312588 -0.661254
0.574663 0.497590 835.700000 -1.412609 -1.334167
0.574731 0.497554 835.800000 -1.510524 -0.619241
0.574815 0.497568 835.900000 -1.597272 -1.111373
0.574913 0.497515 836.000000 -1.669362 -0.326838
0.575023 0.497500 836.100000 -1.728928 -0.861488
0.575144 0.497444 836.200000 -1.784804 -0.253245
0.575262 0.497408 836.300000 -1.766056 0.627258
0.575368 0.497363 836.400000 -1.709747 0.496107
0.575473 0.497314 836.500000 -1.705207 -0.405535
0.575590 0.497286 836.600000 -1.762220 -0.731865
0.575716 0.497228 836.700000 -1.806119 -0.143918
0.575859 0.497277 836.800000 -1.880785 -1.345677
0.576015 0.497219 836.900000 -1.940113 0.162088
0.576175 0.497177 837.000000 -1.958919 -0.537261
0.576346 0.497124 837.100000 -2.002369 -0.329572
0.576514 0.497080 837.200000 -1.993366 0.509174
0.576666 0.497070 837.300000 -1.922323 0.908148
0.576818 0.497062 837.400000 -1.923222 -0.926085
0.576973 0.497030 837.500000 -1.935296 0.685206
0.577124 0.496980 837.600000 -1.920667 -0.393361
0.577259 0.497126 837.700000 -1.847408 1.854875
0.577359 0.497185 837.800000 -1.684044 1.404233
0.577450 0.497141 837.900000 -1.639532 -0.516204
0.577540 0.497109 838.000000 -1.631867 0.669118
0.577626 0.497051 838.100000 -1.607737 -0.187736
0.577717 0.497001 838.200000 -1.636546 -0.386997
0.577811 0.496942 838.300000 -1.655191 0.015031
0.577894 0.496971 838.400000 -1.593424 1.217230
0.577960 0.496924 838.500000 -1.509359 0.459864
0.578015 0.496921 838.600000 -1.437637 0.970990
0.578050 0.496972 838.700000 -1.320771 1.360476
0.578071 0.496928 838.800000 -1.227776 0.494776
0.578083 0.496903 838.900000 -1.164590 0.765778
0.578086 0.496863 839.000000 -1.098312 0.556487
0.578087 0.496807 839.100000 -1.083374 -0.258480
0.578097 0.496825 839.200000 -1.153402 -1.138576
0.578117 0.496769 839.300000 -1.220710 -0.204216
0.578135 0.496723 839.400000 -1.206817 0.481374
0.578137 0.496865 839.500000 -1.090593 1.837298
0.578125 0.496815 839.600000 -0.979187 0.385244
0.578105 0.496824 839.700000 -0.906054 1.073771
0.578072 0.496922 839.800000 -0.771003 1.620490
0.578030 0.496871 839.900000 -0.671005 0.374469
0.577986 0.496812 840.000000 -0.650455 0.035504
0.577940 0.496777 840.100000 -0.616446 0.642985
0.577886 0.496887 840.200000 -0.499785 1.684401
0.577828 0.496832 840.300000 -0.429086 -0.273969
0.577773 0.496804 840.400000 -0.478897 -0.719745
0.577727 0.497011 840.500000 -0.621025 -2.115726
0.577689 0.496953 840.600000 -0.719026 0.160615
0.577646 0.496955 840.700000 -0.660444 1.008100
0.577602 0.496919 840.800000 -0.641173 -0.623650
0.577567 0.497004 840.900000 -0.750607 -1.559559
0.577537 0.496959 841.000000 -0.804303 0.488334
0.577501 0.496927 841.100000 -0.746531 0.664210
0.577457 0.497001 841.200000 -0.638034 1.500306
0.577402 0.497104 841.300000 -0.480179 1.648909
0.577344 0.497060 841.400000 -0.423269 -0.513570
0.577290 0.497063 841.500000 -0.500159 -1.020375
0.577238 0.497016 841.600000 -0.528754 0.449908
0.577188 0.497020 841.700000 -0.557777 -1.028931
0.577146 0.497030 841.800000 -0.663385 -1.077941
0.577113 0.497060 841.900000 -0.778755 -1.223684
0.577089 0.497018 842.000000 -0.867354 -0.543882
0.577068 0.496960 842.100000 -0.891415 0.063878
0.577052 0.496964 842.200000 -0.940093 -1.034999
0.577047 0.496957 842.300000 -1.038892 -0.936049
0.577059 0.497022 842.400000 -1.158151 -1.443159
0.577078 0.496967 842.500000 -1.217838 0.252399
0.577098 0.496914 842.600000 -1.222119 -0.337803
0.577125 0.496876 842.700000 -1.268744 -0.592378
0.577161 0.496838 842.800000 -1.328218 -0.594132
0.577207 0.496796 842.900000 -1.384937 -0.537398
0.577256 0.496738 843.000000 -1.410027 0.036854
0.577304 0.496681 843.100000 -1.398323 0.196625
0.577347 0.496628 843.200000 -1.373109 0.306400
0.577383 0.496595 843.300000 -1.324500 0.663358
0.577420 0.496580 843.400000 -1.334501 -0.862890
0.577467 0.496533 843.500000 -1.399994 -0.443685
0.577502 0.496725 843.600000 -1.319137 2.056779
0.577516 0.496697 843.700000 -1.179848 0.722037
0.577533 0.496717 843.800000 -1.201647 -1.156935
0.577571 0.496816 843.900000 -1.341485 -1.632831
0.577627 0.496771 844.000000 -1.447334 -0.478857
0.577678 0.496774 844.100000 -1.420131 1.021571
0.577719 0.496719 844.200000 -1.356702 0.243825
0.577761 0.496671 844.300000 -1.366130 -0.431914
0.577810 0.496623 844.400000 -1.409412 -0.431566
0.577869 0.496597 844.500000 -1.468277 -0.742778
0.577941 0.496561 844.600000 -1.536351 -0.615295
0.578008 0.496561 844.700000 -1.516977 1.001795
0.578062 0.496521 844.800000 -1.438986 0.554136
0.578109 0.496468 844.900000 -1.394962 0.324137
0.578144 0.496495 845.000000 -1.318297 1.205324
0.578164 0.496467 845.100000 -1.221936 0.717076
0.578171 0.496482 845.200000 -1.130134 1.114385
0.578164 0.496480 845.300000 -1.025001 0.983011
0.578154 0.496426 845.400000 -0.989739 -0.279531
0.578140 0.496411 845.500000 -0.960820 0.856473
0.578124 0.496364 845.600000 -0.940168 -0.444470
0.578113 0.496315 845.700000 -0.983090 -0.411820
0.578105 0.496259 845.800000 -1.014078 -0.206399
0.578103 0.496228 845.900000 -1.058992 -0.689629
0.578108 0.496178 846.000000 -1.112447 -0.376806
0.578115 0.496120 846.100000 -1.128940 0.047775
0.578124 0.496068 846.200000 -1.144002 -0.348264
0.578146 0.496149 846.300000 -1.238387 -1.534725
0.578201 0.496456 846.400000 -1.440013 -2.487712
0.578283 0.496420 846.500000 -1.595824 -0.620704
0.578372 0.496362 846.600000 -1.634570 -0.152295
0.578473 0.496368 846.700000 -1.694459 -1.042490
0.578593 0.496343 846.800000 -1.784612 -0.756058
0.578745 0.496568 846.900000 -1.932300 -2.190320
0.578924 0.496510 847.000000 -2.048021 -0.118305
0.579124 0.496585 847.100000 -2.129290 -1.503006
0.579330 0.496581 847.200000 -2.156395 0.962257
0.579524 0.496522 847.300000 -2.111106 -0.058740
0.579723 0.496469 847.400000 -2.128694 -0.292139
0.579933 0.496429 847.500000 -2.171527 -0.562391
0.580156 0.496384 847.600000 -2.224178 -0.487999
0.580398 0.496369 847.700000 -2.291700 -0.859055
0.580654 0.496314 847.800000 -2.347304 -0.250255
0.580877 0.496708 847.900000 -2.221088 2.768279
0.581060 0.496654 848.000000 -2.067963 0.286553
0.581218 0.496807 848.100000 -1.958609 1.895066
0.581347 0.496776 848.200000 -1.829236 0.685926
0.581453 0.496835 848.300000 -1.724290 1.407749
0.581555 0.496831 848.400000 -1.701966 -0.962392
0.581673 0.496789 848.500000 -1.776923 -0.532998
0.581793 0.496735 848.600000 -1.789263 0.286820
0.581913 0.496681 848.700000 -1.787834 -0.258310
0.582031 0.496632 848.800000 -1.779651 0.421561
0.582151 0.496597 848.900000 -1.789759 -0.623224
0.582262 0.496666 849.000000 -1.747149 1.473289
0.582362 0.496615 849.100000 -1.691180 -0.356700
0.582473 0.496593 849.200000 -1.748678 -0.790376
0.582607 0.496640 849.300000 -1.855356 -1.337854
0.582754 0.496585 849.400000 -1.910475 0.238222
0.582894 0.496530 849.500000 -1.885997 0.250122
0.583022 0.496521 849.600000 -1.827578 0.915340
0.583150 0.496508 849.700000 -1.825804 -0.879965
0.583288 0.496451 849.800000 -1.875340 -0.108262
0.583433 0.496407 849.900000 -1.906063 -0.504662
0.583580 0.496357 850.000000 -1.912856 0.369137
0.583720 0.496301 850.100000 -1.883402 0.218468
0.583857 0.496243 850.200000 -1.871475 0.019478
0.583988 0.496202 850.300000 -1.843042 0.547748
0.584094 0.496353 850.400000 -1.721092 1.885168
0.584172 0.496347 850.500000 -1.579392 0.941737
0.584229 0.496403 850.600000 -1.462218 1.395887
0.584265 0.496416 850.700000 -1.336926 1.103687
0.584286 0.496410 850.800000 -1.234250 0.944696
0.584314 0.496583 850.900000 -1.286243 -1.981948
0.584359 0.496524 851.000000 -1.387558 -0.039284
0.584401 0.496471 851.100000 -1.375701 0.275818
0.584457 0.496625 851.200000 -1.457240 -1.902518
0.584534 0.496578 851.300000 -1.574585 -0.438504
0.584615 0.496520 851.400000 -1.594287 0.045454
0.584696 0.496462 851.500000 -1.596071 -0.081061
0.584776 0.496406 851.600000 -1.590421 0.193780
0.584853 0.496348 851.700000 -1.577051 0.072949
0.584938 0.496334 851.800000 -1.616980 -0.869519
0.585027 0.496285 851.900000 -1.640423 0.401835
0.585117 0.496241 852.000000 -1.645171 -0.496558
0.585219 0.496207 852.100000 -1.702270 -0.642581
0.585317 0.496197 852.200000 -1.689028 0.906756
0.585414 0.496169 852.300000 -1.679260 -0.711883
0.585511 0.496135 852.400000 -1.682274 0.651758
0.585589 0.496184 852.500000 -1.581814 1.352429
0.585650 0.496150 852.600000 -1.482093 0.637001
0.585692 0.496223 852.700000 -1.375296 1.493597
0.585721 0.496166 852.800000 -1.292399 0.160199
0.585749 0.496108 852.900000 -1.285353 -0.019626
0.585772 0.496080 853.000000 -1.250414 0.716660
0.585787 0.496030 853.100000 -1.195207 0.384715
0.585794 0.496010 853.200000 -1.135419 0.808062
0.585790 0.496002 853.300000 -1.048623 0.923505
0.585781 0.495945 853.400000 -1.007661 -0.106312
0.585779 0.495956 853.500000 -1.067328 -1.084047
0.585789 0.495926 853.600000 -1.156402 -0.692963
0.585795 0.495948 853.700000 -1.132278 1.174231
0.585792 0.495898 853.800000 -1.055352 0.360432
0.585789 0.495851 853.900000 -1.059141 -0.436019
0.585786 0.495804 854.000000 -1.059277 0.433317
0.585776 0.495783 854.100000 -0.997539 0.798347
0.585756 0.495759 854.200000 -0.919415 0.760230
0.585725 0.495871 854.300000 -0.795781 1.706273
0.585687 0.495817 854.400000 -0.723812 -0.270501
0.585643 0.495950 854.500000 -0.646916 1.804583
0.585591 0.495908 854.600000 -0.530235 0.523192
0.585543 0.496019 854.700000 -0.589255 -1.700641
0.585512 0.496326 854.800000 -0.799763 -2.498979
0.585495 0.496276 854.900000 -0.943484 -0.368251
0.585488 0.496301 855.000000 -1.021727 -1.192707
0.585499 0.496404 855.100000 -1.164584 -1.657285
0.585531 0.496453 855.200000 -1.315652 -1.356535
0.585579 0.496408 855.300000 -1.406856 -0.462976
0.585625 0.496368 855.400000 -1.402541 0.549063
0.585668 0.496311 855.500000 -1.382876 -0.156755
0.585717 0.496266 855.600000 -1.414756 -0.479239
0.585761 0.496274 855.700000 -1.385612 1.060654
0.585780 0.496480 855.800000 -1.225870 2.126194
0.585780 0.496453 855.900000 -1.082988 0.724298
0.585770 0.496456 856.000000 -0.995371 1.023678
0.585749 0.496429 856.100000 -0.907560 0.728148
0.585731 0.496443 856.200000 -0.926719 -1.110378
0.585729 0.496549 856.300000 -1.066373 -1.675717
0.585745 0.496560 856.400000 -1.204858 -1.087062
0.585767 0.496508 856.500000 -1.243980 0.306587
0.585782 0.496478 856.600000 -1.193791 0.694674
0.585790 0.496426 856.700000 -1.142623 0.326134
0.585800 0.496393 856.800000 -1.158872 -0.650306
0.585826 0.496484 856.900000 -1.271553 -1.597682
0.585866 0.496429 857.000000 -1.363668 -0.240017
0.585899 0.496442 857.100000 -1.320536 1.100509
0.585920 0.496402 857.200000 -1.237428 0.557488
0.585932 0.496374 857.300000 -1.173904 0.709828
0.585928 0.496517 857.400000 -1.045119 1.859426
0.585907 0.496507 857.500000 -0.906776 0.900510
0.585877 0.496527 857.600000 -0.803599 1.157887
0.585840 0.496471 857.700000 -0.737383 0.163123
0.585797 0.496512 857.800000 -0.663713 1.306579
0.585750 0.496456 857.900000 -0.591547 0.133147
0.585707 0.496556 858.000000 -0.667543 -1.649270
0.585677 0.496589 858.100000 -0.812833 -1.249264
0.585652 0.496541 858.200000 -0.855080 0.406421
0.585621 0.496509 858.300000 -0.801237 0.667750
0.585598 0.496742 858.400000 -0.879679 -2.232668
0.585597 0.496833 858.500000 -1.071726 -1.598672
0.585603 0.496782 858.600000 -1.133833 0.359642
0.585608 0.496724 858.700000 -1.117728 -0.038338
0.585611 0.496671 858.800000 -1.105510 0.282081
0.585605 0.496683 858.900000 -1.036528 1.094110
0.585594 0.496629 859.000000 -0.994498 -0.255614
0.585584 0.496573 859.100000 -0.998518 0.175417
0.585575 0.496520 859.200000 -1.004400 -0.292755
0.585568 0.496465 859.300000 -1.029466 -0.207315
0.585562 0.496410 859.400000 -1.029418 0.208276
0.585556 0.496355 859.500000 -1.030783 -0.235513
0.585552 0.496302 859.600000 -1.056475 -0.277052
0.585559 0.496345 859.700000 -1.136437 -1.318190
0.585581 0.496320 859.800000 -1.239888 -0.745647
0.585614 0.496303 859.900000 -1.319430 -0.841213
0.585642 0.496378 860.000000 -1.286053 1.507071
0.585657 0.496323 860.100000 -1.198923 0.231179
0.585683 0.496411 860.200000 -1.266787 -1.585060
0.585731 0.496470 860.300000 -1.417031 -1.412318
0.585803 0.496499 860.400000 -1.549221 -1.224866
0.585888 0.496446 860.500000 -1.624146 -0.269896
0.585969 0.496414 860.600000 -1.604087 0.670081
0.586045 0.496357 860.700000 -1.574895 -0.087706
0.586117 0.496318 860.800000 -1.551106 0.562298
0.586174 0.496325 860.900000 -1.469683 1.062100
0.586219 0.496279 861.000000 -1.394726 0.433285
0.586250 0.496325 861.100000 -1.305863 1.339525
0.586270 0.496270 861.200000 -1.228843 0.197028
0.586288 0.496213 861.300000 -1.222960 -0.079659
0.586310 0.496162 861.400000 -1.244506 -0.350174
0.586333 0.496107 861.500000 -1.252417 0.192348
0.586353 0.496051 861.600000 -1.233021 0.194595
0.586378 0.496036 861.700000 -1.265957 -0.851673
0.586406 0.495991 861.800000 -1.285098 0.469808
0.586419 0.496087 861.900000 -1.180148 1.623941
0.586426 0.496073 862.000000 -1.142250 -0.867862
0.586431 0.496111 862.100000 -1.121206 1.287692
0.586437 0.496180 862.200000 -1.130569 -1.474494
0.586457 0.496140 862.300000 -1.231824 -0.545540
0.586480 0.496085 862.400000 -1.247560 0.231598
0.586502 0.496032 862.500000 -1.250410 -0.288454
0.586523 0.495996 862.600000 -1.234746 0.600948
0.586534 0.495966 862.700000 -1.170304 0.684673
0.586522 0.496483 862.800000 -0.978134 3.149130
0.586486 0.496553 862.900000 -0.745725 1.487417
0.586439 0.496596 863.000000 -0.605319 1.313683
0.586388 0.496539 863.100000 -0.532446 0.140145
0.586340 0.496586 863.200000 -0.592739 -1.342994
0.586300 0.496556 863.300000 -0.694070 -0.678571
0.586263 0.496498 863.400000 -0.727075 0.020133
0.586224 0.496443 863.500000 -0.715849 0.203831
0.586178 0.496601 863.600000 -0.608917 1.929458
0.586125 0.496546 863.700000 -0.502229 0.198961
0.586067 0.496588 863.800000 -0.426457 1.312697
0.586007 0.496531 863.900000 -0.363501 -0.056730
0.585945 0.496562 864.000000 -0.304118 1.241416
0.585878 0.496869 864.100000 -0.116155 2.508445
0.585811 0.496970 864.200000 0.092533 1.654888
0.585744 0.496954 864.300000 0.132888 -0.849805
0.585676 0.496915 864.400000 0.062423 -0.555982
0.585608 0.496911 864.500000 -0.013595 -0.960570
0.585541 0.496863 864.600000 -0.041363 0.406607
0.585473 0.496851 864.700000 0.023567 0.888739
0.585406 0.496845 864.800000 0.115370 0.942729
0.585340 0.496787 864.900000 0.162085 -0.010767
0.585273 0.496757 865.000000 0.127120 -0.686779
0.585206 0.496704 865.100000 0.078535 -0.282503
0.585139 0.496690 865.200000 0.107377 0.857904
0.585072 0.496724 865.300000 0.087324 -1.257957
0.585004 0.496667 865.400000 0.031399 0.142247
0.584937 0.496693 865.500000 0.098699 1.200400
0.584871 0.496636 865.600000 0.159543 0.013433
0.584804 0.496634 865.700000 0.111111 -0.979656
0.584737 0.496577 865.800000 0.055785 -0.124094
0.584670 0.496674 865.900000 -0.032373 -1.634652
0.584604 0.496704 866.000000 -0.175841 -1.227538
0.584539 0.496648 866.100000 -0.229139 0.164245
0.584473 0.496680 866.200000 -0.158608 1.242841
0.584406 0.496892 866.300000 0.012015 2.161089
0.584341 0.496959 866.400000 0.193895 1.467429
0.584279 0.496938 866.500000 0.307139 0.791780
0.584218 0.496887 866.600000 0.330202 -0.331664
0.584156 0.496831 866.700000 0.307424 -0.122760
0.584092 0.496800 866.800000 0.267358 -0.676573
0.584029 0.496760 866.900000 0.261195 0.553633
0.583965 0.496744 867.000000 0.246575 -0.845296
0.583898 0.496986 867.100000 0.090072 -2.276949
0.583832 0.497169 867.200000 -0.126570 -2.045052
0.583767 0.497117 867.300000 -0.214892 0.283031
0.583702 0.497061 867.400000 -0.208430 -0.154117
0.583640 0.497124 867.500000 -0.288537 -1.444027
0.583583 0.497141 867.600000 -0.417853 -1.135817
0.583526 0.497136 867.700000 -0.426782 0.957685
0.583465 0.497164 867.800000 -0.317798 1.216538
0.583400 0.497162 867.900000 -0.207695 0.980021
0.583334 0.497105 868.000000 -0.155607 0.059132
0.583268 0.497054 868.100000 -0.136924 0.313600
0.583201 0.497022 868.200000 -0.087567 0.671075
0.583134 0.496968 868.300000 -0.064701 -0.214903
0.583068 0.496914 868.400000 -0.087612 -0.242184
0.583001 0.496868 868.500000 -0.077834 0.437262
0.582934 0.496818 868.600000 -0.073465 -0.350107
0.582867 0.496761 868.700000 -0.097142 -0.122250
0.582802 0.496785 868.800000 -0.162784 -1.187307
0.582740 0.496822 868.900000 -0.286262 -1.276081
0.582678 0.496785 869.000000 -0.319994 0.603131
0.582616 0.496729 869.100000 -0.285224 0.090534
0.582556 0.496755 869.200000 -0.341035 -1.203962
0.582500 0.496742 869.300000 -0.445192 -0.873962
0.582446 0.496696 869.400000 -0.467173 0.435437
0.582390 0.496639 869.500000 -0.440902 0.088658
0.582335 0.496586 869.600000 -0.450796 -0.286027
0.582280 0.496531 869.700000 -0.456860 0.165042
0.582224 0.496474 869.800000 -0.452779 -0.083621
0.582171 0.496434 869.900000 -0.483868 -0.536610
0.582119 0.496377 870.000000 -0.511465 -0.013957
0.582064 0.496381 870.100000 -0.460581 1.029103
0.582007 0.496325 870.200000 -0.416851 -0.156685
0.581954 0.496331 870.300000 -0.477341 -1.050092
0.581903 0.496275 870.400000 -0.536867 -0.137458
0.581851 0.496253 870.500000 -0.504873 0.775733
0.581797 0.496197 870.600000 -0.472765 -0.135161
0.581748 0.496264 870.700000 -0.553374 -1.472990
0.581707 0.496253 870.800000 -0.672055 -0.894713
0.581670 0.496198 870.900000 -0.724686 -0.155263
0.581630 0.496219 871.000000 -0.674041 1.165625
0.581581 0.496249 871.100000 -0.553904 1.231115
0.581525 0.496275 871.200000 -0.431958 1.201698
0.581462 0.496537 871.300000 -0.253480 2.358945
0.581395 0.496622 871.400000 -0.056416 1.572475
0.581329 0.496819 871.500000 0.127763 2.101896
0.581267 0.496797 871.600000 0.272703 0.789654
0.581207 0.496758 871.700000 0.340148 0.555880
0.581148 0.496701 871.800000 0.366991 -0.020365
0.581090 0.496658 871.900000 0.390515 0.489677
0.581039 0.496839 872.000000 0.517175 2.037176
0.580994 0.496782 872.100000 0.621493 0.043975
0.580948 0.496745 872.200000 0.594182 -0.588826
0.580903 0.496755 872.300000 0.618924 1.082424
0.580867 0.496770 872.400000 0.729379 1.121152
0.580835 0.496714 872.500000 0.781392 -0.083490
0.580802 0.496663 872.600000 0.760721 -0.328890
0.580769 0.496620 872.700000 0.769271 0.499448
0.580734 0.496633 872.800000 0.738964 -1.104055
0.580693 0.496588 872.900000 0.660804 -0.455255
0.580646 0.496583 873.000000 0.590279 -0.951711
0.580596 0.496529 873.100000 0.532854 -0.193909
0.580542 0.496533 873.200000 0.471420 -1.031709
0.580484 0.496501 873.300000 0.386379 -0.664864
0.580425 0.496445 873.400000 0.348169 -0.097426
0.580367 0.496456 873.500000 0.397890 1.089366
0.580314 0.496410 873.600000 0.474002 0.429076
0.580263 0.496364 873.700000 0.517853 0.445750
0.580217 0.496385 873.800000 0.598648 1.166107
0.580183 0.496551 873.900000 0.756074 1.974540
0.580157 0.496504 874.000000 0.834575 -0.408445
0.580131 0.496475 874.100000 0.848651 0.689269
0.580109 0.496418 874.200000 0.879245 -0.078914
0.580083 0.496401 874.300000 0.833456 -0.834579
0.580057 0.496415 874.400000 0.847247 1.109699
0.580044 0.496441 874.500000 0.963127 1.202106
0.580042 0.496421 874.600000 1.063701 0.804350
0.580041 0.496403 874.700000 1.062456 -0.829192
0.580031 0.496360 874.800000 0.996468 -0.487257
0.580019 0.496304 874.900000 0.973297 0.024996
0.580016 0.496376 875.000000 1.049903 1.503278
0.580026 0.496340 875.100000 1.155169 0.596795
0.580040 0.496283 875.200000 1.189610 0.090297
0.580042 0.496471 875.300000 1.090520 -2.067146
0.580030 0.496417 875.400000 0.974712 -0.243228
0.580014 0.496370 875.500000 0.942684 -0.395731
0.579997 0.496313 875.600000 0.923045 0.003947
0.579970 0.496457 875.700000 0.829371 -1.872754
0.579928 0.496536 875.800000 0.658207 -1.541967
0.579881 0.496479 875.900000 0.576603 -0.086038
0.579829 0.496568 876.000000 0.492372 -1.594357
0.579768 0.496718 876.100000 0.316975 -1.904813
0.579705 0.496667 876.200000 0.236486 0.299058
0.579642 0.496638 876.300000 0.216534 -0.697098
0.579577 0.496626 876.400000 0.137191 -0.885801
0.579511 0.496681 876.500000 0.022472 -1.402845
0.579445 0.496625 876.600000 -0.047028 0.016318
0.579379 0.496568 876.700000 -0.041605 0.091875
0.579313 0.496590 876.800000 0.021770 1.172464
0.579247 0.496534 876.900000 0.078372 -0.043256
0.579181 0.496484 877.000000 0.093010 0.335267
0.579116 0.496432 877.100000 0.124788 0.298721
0.579052 0.496391 877.200000 0.166310 0.529635
0.578988 0.496340 877.300000 0.208358 0.309215
0.578925 0.496291 877.400000 0.206408 -0.348105
0.578863 0.496396 877.500000 0.273570 1.687983
0.578809 0.496530 877.600000 0.449652 1.824844
0.578766 0.496715 877.700000 0.644344 2.059276
0.578734 0.496664 877.800000 0.764211 0.332061
0.578711 0.496804 877.900000 0.873969 1.857614
0.578704 0.496805 878.000000 1.017445 1.004744
0.578701 0.496754 878.100000 1.052777 -0.299883
0.578701 0.496722 878.200000 1.071054 0.664513
0.578704 0.496666 878.300000 1.100308 -0.080904
0.578712 0.496655 878.400000 1.140989 0.892506
0.578715 0.496771 878.500000 1.098389 -1.742390
0.578702 0.496763 878.600000 0.964663 -0.925445
0.578689 0.496744 878.700000 0.958940 0.811270
0.578677 0.496704 878.800000 0.972692 -0.536919
0.578656 0.496700 878.900000 0.897465 -0.963858
0.578626 0.496720 879.000000 0.791347 -1.153194
0.578592 0.496667 879.100000 0.747315 0.274756
0.578562 0.496630 879.200000 0.790386 0.584511
0.578532 0.496584 879.300000 0.798968 -0.413305
0.578506 0.496589 879.400000 0.830371 1.039795
0.578494 0.496705 879.500000 0.970042 1.746656
0.578488 0.496671 879.600000 1.026238 -0.625546
0.578477 0.496617 879.700000 0.986086 -0.175495
0.578455 0.496786 879.800000 0.877465 -1.991490
0.578420 0.496769 879.900000 0.735787 -0.834980
0.578387 0.496793 880.000000 0.753755 1.193445
0.578366 0.496854 880.100000 0.885642 1.437696
0.578357 0.496839 880.200000 1.000359 0.850915
0.578355 0.496793 880.300000 1.064367 0.426031
0.578355 0.496742 880.400000 1.069882 -0.316009
0.578351 0.496690 880.500000 1.040285 -0.274447
0.578347 0.496640 880.600000 1.043550 0.339588
0.578342 0.496595 880.700000 1.038462 -0.441088
0.578333 0.496548 880.800000 0.995184 -0.422319
0.578329 0.496597 880.900000 1.042109 1.358478
0.578335 0.496543 881.000000 1.121651 0.228388
0.578353 0.496645 881.100000 1.216724 1.668302
0.578379 0.496609 881.200000 1.269892 -0.607586
0.578398 0.496561 881.300000 1.220206 -0.383657
0.578408 0.496543 881.400000 1.160074 -0.815969
0.578426 0.496679 881.500000 1.211421 1.840333
0.578456 0.496623 881.600000 1.298818 -0.096753
0.578491 0.496603 881.700000 1.334066 0.799942
0.578528 0.496569 881.800000 1.342316 -0.635354
0.578560 0.496514 881.900000 1.314859 0.087593
0.578605 0.496578 882.000000 1.392385 1.459039
0.578659 0.496523 882.100000 1.456727 -0.175401
0.578707 0.496496 882.200000 1.412299 -0.710945
0.578737 0.496581 882.300000 1.297357 -1.582151
0.578751 0.496541 882.400000 1.191633 -0.527045
0.578760 0.496498 882.500000 1.141138 -0.480326
0.578762 0.496452 882.600000 1.094975 -0.440631
0.578754 0.496482 882.700000 1.011063 -1.233413
0.578736 0.496448 882.800000 0.917747 -0.628239
0.578718 0.496407 882.900000 0.911880 0.511196
0.578697 0.496413 883.000000 0.884801 -1.051414
0.578672 0.496362 883.100000 0.846425 0.285799
0.578656 0.496422 883.200000 0.932538 1.432156
0.578646 0.496369 883.300000 0.992418 -0.237543
0.578637 0.496323 883.400000 1.001881 0.426327
0.578642 0.496472 883.500000 1.118686 1.903946
0.578658 0.496423 883.600000 1.195702 -0.367486
0.578663 0.496452 883.700000 1.115900 -1.224566
0.578665 0.496430 883.800000 1.093547 0.778628
0.578679 0.496445 883.900000 1.188759 1.120846
0.578716 0.496612 884.000000 1.344505 1.986284
0.578779 0.496648 884.100000 1.508063 1.276695
0.578846 0.496632 884.200000 1.529926 -0.840519
0.578913 0.496609 884.300000 1.526366 0.769488
0.578985 0.496553 884.400000 1.561996 -0.058655
0.579059 0.496499 884.500000 1.568537 0.189143
0.579131 0.496450 884.600000 1.559598 -0.367482
0.579210 0.496478 884.700000 1.602218 1.217746
0.579300 0.496423 884.800000 1.658041 -0.104069
0.579388 0.496368 884.900000 1.644872 -0.158652
0.579464 0.496368 885.000000 1.586931 -0.997277
0.579529 0.496322 885.100000 1.516314 -0.411526
0.579593 0.496272 885.200000 1.513316 0.351713
0.579659 0.496217 885.300000 1.525268 -0.113263
0.579728 0.496175 885.400000 1.544378 0.494510
0.579802 0.496119 885.500000 1.572240 0.061333
0.579894 0.496272 885.600000 1.671640 1.921690
0.580013 0.496249 885.700000 1.806627 0.771294
0.580138 0.496194 885.800000 1.839620 -0.113074
0.580260 0.496141 885.900000 1.822922 -0.220061
0.580375 0.496100 886.000000 1.785279 -0.530909
0.580474 0.496105 886.100000 1.706909 -1.032565
0.580560 0.496052 886.200000 1.642548 -0.251442
0.580655 0.496065 886.300000 1.685455 1.107436
0.580758 0.496014 886.400000 1.726472 -0.289148
0.580859 0.495959 886.500000 1.717437 0.108899
0.580930 0.496528 886.600000 1.556082 -3.327922
0.580960 0.496631 886.700000 1.304861 -1.683951
0.580974 0.496600 886.800000 1.187044 -0.666490
0.580986 0.496549 886.900000 1.168250 0.291545
0.581004 0.496522 887.000000 1.218369 0.708325
0.581034 0.496521 887.100000 1.303447 0.988977
0.581068 0.496478 887.200000 1.328385 -0.491452
0.581094 0.496437 887.300000 1.277940 -0.514923
0.581126 0.496459 887.400000 1.310980 1.174071
0.581156 0.496496 887.500000 1.305402 -1.285364
0.581176 0.496445 887.600000 1.226874 -0.281259
0.581183 0.496519 887.700000 1.136458 -1.522544
0.581171 0.496637 887.800000 0.972272 -1.752958
0.581150 0.496583 887.900000 0.893927 0.189963
0.581127 0.496559 888.000000 0.865228 -0.762505
0.581101 0.496506 888.100000 0.836425 0.187894
0.581078 0.496465 888.200000 0.872006 0.521942
0.581059 0.496410 888.300000 0.906156 0.159342
0.581039 0.496359 888.400000 0.900956 -0.263071
0.581018 0.496303 888.500000 0.885036 -0.054527
0.580997 0.496247 888.600000 0.884493 0.043684
0.580977 0.496197 888.700000 0.902492 0.315391
0.580960 0.496142 888.800000 0.923896 0.111634
0.580944 0.496087 888.900000 0.936401 0.137830
0.580928 0.496033 889.000000 0.934471 -0.176326
0.580908 0.495985 889.100000 0.907040 -0.370929
0.580889 0.495932 889.200000 0.899784 0.226179
0.580872 0.495881 889.300000 0.925999 0.296805
0.580855 0.495827 889.400000 0.931627 -0.184528
0.580835 0.495792 889.500000 0.892429 -0.597478
0.580814 0.495753 889.600000 0.890218 0.553377
0.580791 0.495749 889.700000 0.869725 -0.962219
0.580765 0.495699 889.800000 0.836344 0.296281
0.580738 0.495658 889.900000 0.825480 -0.513034
0.580709 0.495602 890.000000 0.800303 0.010753
0.580678 0.495550 890.100000 0.788190 -0.252395
0.580650 0.495512 890.200000 0.803662 0.561051
0.580625 0.495470 890.300000 0.856570 0.494478
0.580606 0.495427 890.400000 0.904802 0.467737
0.580600 0.495589 890.500000 1.027000 1.970118
0.580611 0.495559 890.600000 1.159870 0.680630
0.580631 0.495544 890.700000 1.236249 0.843141
0.580660 0.495494 890.800000 1.294694 0.322841
0.580706 0.495653 890.900000 1.408910 1.955764
0.580762 0.495636 891.000000 1.465172 -0.833337
0.580810 0.495581 891.100000 1.421235 -0.043213
0.580858 0.495525 891.200000 1.422789 0.074228
0.580908 0.495471 891.300000 1.433821 0.145847
0.580961 0.495416 891.400000 1.446680 0.110689
0.581014 0.495361 891.500000 1.452380 0.003025
0.581069 0.495309 891.600000 1.465561 0.259936
0.581108 0.495562 891.700000 1.360932 -2.347287
0.581125 0.495524 891.800000 1.215115 -0.561748
0.581139 0.495469 891.900000 1.182946 -0.080032
0.581160 0.495512 892.000000 1.245292 1.323840
0.581191 0.495458 892.100000 1.304180 -0.149019
0.581219 0.495403 892.200000 1.291966 -0.094660
0.581244 0.495354 892.300000 1.270086 -0.341836
0.581274 0.495350 892.400000 1.301286 0.964276
0.581317 0.495330 892.500000 1.389625 0.798082
0.581365 0.495276 892.600000 1.422682 -0.138598
0.581414 0.495223 892.700000 1.426294 0.210656
0.581466 0.495169 892.800000 1.444575 0.154056
0.581527 0.495175 892.900000 1.505091 1.053228
0.581593 0.495139 893.000000 1.528612 -0.583977
0.581641 0.495226 893.100000 1.419483 -1.593154
0.581667 0.495262 893.200000 1.275438 -1.280530
0.581672 0.495389 893.300000 1.120901 -1.802489
0.581655 0.495561 893.400000 0.929423 -2.017498
0.581625 0.495547 893.500000 0.785164 -0.860461
0.581589 0.495498 893.600000 0.725190 -0.336022
0.581552 0.495443 893.700000 0.702530 -0.116044
0.581512 0.495396 893.800000 0.677771 -0.377901
0.581467 0.495440 893.900000 0.591724 -1.338746
0.581415 0.495405 894.000000 0.494764 -0.595608
0.581362 0.495356 894.100000 0.447599 -0.345320
0.581306 0.495306 894.200000 0.414278 -0.319437
0.581249 0.495257 894.300000 0.381940 -0.325709
0.581189 0.495286 894.400000 0.304062 -1.227968
0.581129 0.495255 894.500000 0.275971 0.667555
0.581074 0.495500 894.600000 0.425468 2.314920
0.581029 0.495505 894.700000 0.594007 1.047437
0.580984 0.495497 894.800000 0.600707 -0.913780
0.580933 0.495531 894.900000 0.491322 -1.268456
0.580878 0.495478 895.000000 0.436537 0.175493
0.580823 0.495453 895.100000 0.408316 -0.738503
0.580763 0.495534 895.200000 0.292984 -1.562359
0.580701 0.495480 895.300000 0.223140 0.168963
0.580637 0.495562 895.400000 0.153044 -1.567376
0.580572 0.495507 895.500000 0.072653 -0.036421
0.580508 0.495456 895.600000 0.056473 -0.286375
0.580444 0.495464 895.700000 0.095764 1.070236
0.580381 0.495466 895.800000 0.199843 1.006146
0.580320 0.495424 895.900000 0.275199 0.497208
0.580260 0.495372 896.000000 0.288885 -0.224182
0.580201 0.495327 896.100000 0.299370 0.433358
0.580141 0.495274 896.200000 0.309679 -0.227687
0.580082 0.495221 896.300000 0.307043 0.175085
0.580021 0.495253 896.400000 0.253196 -1.249336
0.579958 0.495201 896.500000 0.202443 0.236826
0.579896 0.495149 896.600000 0.201033 -0.264959
0.579833 0.495099 896.700000 0.202122 0.286695
0.579771 0.495044 896.800000 0.222229 0.114435
0.579710 0.494989 896.900000 0.228675 0.014156
0.579648 0.494942 897.000000 0.209770 -0.391317
0.579585 0.494890 897.100000 0.179162 -0.219296
0.579521 0.494886 897.200000 0.120167 -0.957656
0.579457 0.494852 897.300000 0.103257 0.620297
0.579393 0.494799 897.400000 0.124860 -0.189314
0.579329 0.494744 897.500000 0.110331 -0.100546
0.579266 0.494767 897.600000 0.164296 1.177153
0.579204 0.494762 897.700000 0.175716 -0.949327
0.579140 0.494725 897.800000 0.099016 -0.580833
0.579075 0.494753 897.900000 0.008624 -1.222493
0.579011 0.494723 898.000000 -0.085962 -0.664496
0.578949 0.494790 898.100000 -0.193661 -1.484109
0.578890 0.494770 898.200000 -0.307762 -0.792192
0.578835 0.494854 898.300000 -0.426672 -1.580074
0.578784 0.494813 898.400000 -0.481238 0.491493
0.578731 0.494758 898.500000 -0.450715 0.117429
0.578677 0.494703 898.600000 -0.445449 -0.012376
0.578623 0.494653 898.700000 -0.430676 0.307114
0.578567 0.494617 898.800000 -0.385906 0.586031
0.578507 0.494668 898.900000 -0.287435 1.378465
0.578444 0.494774 899.000000 -0.133192 1.698691
0.578380 0.494968 899.100000 0.058094 2.117470
0.578317 0.494920 899.200000 0.182585 0.366123
0.578255 0.494865 899.300000 0.204169 0.064484
0.578195 0.494853 899.400000 0.251497 0.879706
0.578136 0.494807 899.500000 0.315075 0.388669
0.578079 0.494759 899.600000 0.352564 0.359236
0.578020 0.494746 899.700000 0.327146 -0.866316
0.577961 0.494691 899.800000 0.286565 0.056730
0.577900 0.494656 899.900000 0.259521 -0.596267
0.577839 0.494602 900.000000 0.222886 -0.134592
0.577777 0.494548 900.100000 0.221539 0.107715
0.577717 0.494534 900.200000 0.269977 0.858615
0.577659 0.494482 900.300000 0.325221 0.243509
0.577601 0.494428 900.400000 0.332430 -0.099697
0.577541 0.494403 900.500000 0.290152 -0.743738
0.577483 0.494497 900.600000 0.334962 1.637685
0.577429 0.494442 900.700000 0.418213 0.023172
0.577373 0.494421 900.800000 0.380420 -0.777126
0.577313 0.494488 900.900000 0.267159 -1.482434
0.577250 0.494508 901.000000 0.134501 -1.164106
0.577187 0.494513 901.100000 0.128150 1.037401
0.577124 0.494462 901.200000 0.167419 -0.253970
0.577063 0.494486 901.300000 0.214488 1.192986
0.577003 0.494431 901.400000 0.274418 0.002628
0.576942 0.494434 901.500000 0.223396 -1.020526
0.576879 0.494381 901.600000 0.163281 -0.178758
0.576816 0.494424 901.700000 0.087790 -1.327286
0.576752 0.494576 901.800000 -0.075587 -1.932087
0.576689 0.494525 901.900000 -0.159805 0.251928
0.576627 0.494471 902.000000 -0.142287 0.097562
0.576565 0.494474 902.100000 -0.188808 -1.025664
0.576504 0.494425 902.200000 -0.256326 -0.321313
0.576446 0.494417 902.300000 -0.318560 -0.920259
0.576392 0.494415 902.400000 -0.413758 -0.978944
0.576339 0.494370 902.500000 -0.441920 0.417109
0.576286 0.494343 902.600000 -0.456420 -0.706371
0.576233 0.494340 902.700000 -0.443529 0.963543
0.576177 0.494305 902.800000 -0.365496 0.593204
0.576117 0.494429 902.900000 -0.245693 1.796867
0.576053 0.494433 903.000000 -0.103951 1.030888
0.575990 0.494407 903.100000 -0.015758 0.728571
0.575926 0.494354 903.200000 0.029461 0.173548
0.575862 0.494300 903.300000 0.034974 -0.063570
0.575799 0.494284 903.400000 0.073691 0.835973
0.575736 0.494232 903.500000 0.127115 0.229840
0.575673 0.494205 903.600000 0.103008 -0.710781
0.575610 0.494258 903.700000 0.137323 1.395368
0.575551 0.494351 903.800000 0.289163 1.633845
0.575496 0.494300 903.900000 0.383933 0.256809
0.575437 0.494385 904.000000 0.317280 -1.586531
0.575375 0.494421 904.100000 0.173586 -1.280153
0.575312 0.494372 904.200000 0.093405 -0.319463
0.575249 0.494342 904.300000 0.043835 -0.669463
0.575185 0.494295 904.400000 -0.008689 -0.378384
0.575122 0.494242 904.500000 -0.035751 -0.161503
0.575059 0.494226 904.600000 -0.085721 -0.835409
0.574997 0.494225 904.700000 -0.177119 -0.987971
0.574939 0.494417 904.800000 -0.332428 -2.110447
0.574890 0.494452 904.900000 -0.502131 -1.275126
0.574842 0.494430 905.000000 -0.527507 0.768873
0.574792 0.494376 905.100000 -0.494446 -0.109305
0.574746 0.494408 905.200000 -0.562703 -1.252422
0.574698 0.494536 905.300000 -0.534255 1.819954
0.574640 0.494751 905.400000 -0.332200 2.211050
0.574580 0.494697 905.500000 -0.217679 0.073641
0.574517 0.494843 905.600000 -0.118433 1.906321
0.574454 0.494789 905.700000 -0.020981 0.037833
0.574390 0.494735 905.800000 -0.027317 -0.164229
0.574328 0.494826 905.900000 -0.116903 -1.623026
0.574267 0.494776 906.000000 -0.212020 -0.274552
0.574207 0.494762 906.100000 -0.268813 -0.858473
0.574148 0.494723 906.200000 -0.285238 0.530809
0.574089 0.494668 906.300000 -0.260933 -0.045937
0.574029 0.494615 906.400000 -0.256439 0.135594
0.573970 0.494598 906.500000 -0.291356 -0.832192
0.573916 0.494623 906.600000 -0.393082 -1.197239
0.573865 0.494591 906.700000 -0.485269 -0.641881
0.573820 0.494602 906.800000 -0.571955 -1.087503
0.573774 0.494635 906.900000 -0.563354 1.259082
0.573723 0.494596 907.000000 -0.473437 0.534769
0.573668 0.494629 907.100000 -0.383430 1.260871
0.573611 0.494575 907.200000 -0.324365 -0.082521
0.573554 0.494529 907.300000 -0.348952 -0.407999
0.573502 0.494627 907.400000 -0.452779 -1.663350
0.573460 0.494695 907.500000 -0.610659 -1.486348
0.573417 0.494798 907.600000 -0.600227 1.694455
0.573370 0.494764 907.700000 -0.545549 -0.603626
0.573327 0.494732 907.800000 -0.607709 -0.636464
0.573288 0.494692 907.900000 -0.665795 -0.522352
0.573250 0.494650 908.000000 -0.668487 0.468645
0.573205 0.494698 908.100000 -0.576637 1.363766
0.573155 0.494645 908.200000 -0.499447 0.176176
0.573103 0.494628 908.300000 -0.449017 0.829898
0.573048 0.494588 908.400000 -0.382313 0.500852
0.572990 0.494632 908.500000 -0.289936 1.342064
0.572930 0.494579 908.600000 -0.228816 -0.122706
0.572869 0.494562 908.700000 -0.193610 0.825064
0.572807 0.494511 908.800000 -0.165161 -0.257521
0.572745 0.494492 908.900000 -0.137855 0.802282
0.572682 0.494516 909.000000 -0.038011 1.189614
0.572620 0.494623 909.100000 0.107502 1.713374
0.572559 0.494584 909.200000 0.166279 -0.540783
0.572498 0.494606 909.300000 0.198284 1.179283
0.572438 0.494582 909.400000 0.220362 -0.738818
0.572376 0.494528 909.500000 0.178211 -0.102111
0.572314 0.494505 909.600000 0.135173 -0.756485
0.572252 0.494451 909.700000 0.101578 0.086253
0.572191 0.494554 909.800000 0.190649 1.690713
0.572136 0.494688 909.900000 0.368109 1.849619
0.572086 0.494653 910.000000 0.490554 0.593153
0.572037 0.494617 910.100000 0.491219 -0.579875
0.571984 0.494575 910.200000 0.438677 -0.468330
0.571932 0.494545 910.300000 0.448766 0.669588
0.571881 0.494502 910.400000 0.458946 -0.466489
0.571827 0.494500 910.500000 0.387068 -0.967482
0.571771 0.494465 910.600000 0.368295 0.592966
0.571716 0.494419 910.700000 0.377762 -0.404106
0.571661 0.494366 910.800000 0.362796 0.105539
0.571605 0.494314 910.900000 0.357606 -0.209069
0.571549 0.494259 911.000000 0.347376 0.004982
0.571491 0.494239 911.100000 0.308147 -0.787609
0.571432 0.494190 911.200000 0.253912 -0.294376
0.571372 0.494158 911.300000 0.207065 -0.640222
0.571311 0.494104 911.400000 0.179326 0.086826
0.571249 0.494169 911.500000 0.109970 -1.470478
0.571186 0.494260 911.600000 -0.045448 -1.630115
0.571125 0.494229 911.700000 -0.159577 -0.646745
0.571064 0.494197 911.800000 -0.159883 0.640634
0.571003 0.494167 911.900000 -0.161080 -0.664510
0.570944 0.494234 912.000000 -0.268708 -1.482680
0.570889 0.494185 912.100000 -0.359261 -0.323843
0.570833 0.494152 912.200000 -0.344486 0.618607
0.570777 0.494142 912.300000 -0.358734 -0.902860
0.570724 0.494089 912.400000 -0.410599 -0.131846
0.570670 0.494039 912.500000 -0.403468 0.274109
0.570615 0.493990 912.600000 -0.375372 0.286399
0.570559 0.493962 912.700000 -0.326196 0.694669
0.570499 0.493983 912.800000 -0.232599 1.172590
0.570438 0.493936 912.900000 -0.155949 0.356590
0.570376 0.493919 913.000000 -0.097039 0.818659
0.570314 0.493867 913.100000 -0.066437 -0.208153
0.570252 0.493893 913.200000 -0.137435 -1.208251
0.570197 0.494375 913.300000 -0.354957 -3.131329
0.570148 0.494325 913.400000 -0.499587 0.245961
0.570098 0.494275 913.500000 -0.473421 0.276069
0.570049 0.494259 913.600000 -0.501869 -0.843618
0.570000 0.494279 913.700000 -0.486016 1.159889
0.569951 0.494334 913.800000 -0.498563 -1.410212
0.569906 0.494285 913.900000 -0.554071 0.302831
0.569855 0.494338 914.000000 -0.468648 1.401368
0.569800 0.494324 914.100000 -0.355715 0.851639
0.569740 0.494480 914.200000 -0.214704 1.961537
0.569679 0.494427 914.300000 -0.124558 -0.163127
0.569619 0.494580 914.400000 -0.230111 -1.942657
0.569567 0.494765 914.500000 -0.432415 -2.093306
0.569527 0.494920 914.600000 -0.635363 -1.955507
0.569498 0.494921 914.700000 -0.783693 -1.003680
0.569468 0.494970 914.800000 -0.764989 1.376826
0.569427 0.495012 914.900000 -0.629560 1.324982
0.569378 0.495067 915.000000 -0.492465 1.410066
0.569324 0.495037 915.100000 -0.388442 0.665190
0.569274 0.495252 915.200000 -0.466388 -2.220211
0.569232 0.495215 915.300000 -0.605619 -0.557456
0.569196 0.495225 915.400000 -0.687754 -1.081138
0.569160 0.495207 915.500000 -0.700750 0.821880
0.569120 0.495177 915.600000 -0.626733 0.654753
0.569076 0.495128 915.700000 -0.578504 0.307401
0.569032 0.495088 915.800000 -0.588764 -0.512082
0.568990 0.495042 915.900000 -0.595730 0.373118
0.568948 0.495019 916.000000 -0.614749 -0.752556
0.568911 0.494980 916.100000 -0.678942 -0.528096
0.568884 0.495128 916.200000 -0.801829 -1.923501
0.568866 0.495074 916.300000 -0.893927 0.086152
0.568845 0.495025 916.400000 -0.874301 0.305391
0.568828 0.495024 916.500000 -0.908529 -0.988246
0.568813 0.494989 916.600000 -0.928481 0.590206
0.568794 0.494938 916.700000 -0.888275 0.211894
0.568776 0.494890 916.800000 -0.894061 -0.327313
0.568756 0.494853 916.900000 -0.882627 0.555423
0.568728 0.494908 917.000000 -0.783832 1.415529
0.568694 0.494854 917.100000 -0.716372 -0.069701
0.568664 0.494851 917.200000 -0.768316 -0.966577
0.568649 0.495054 917.300000 -0.925612 -2.171490
0.568652 0.495080 917.400000 -1.095201 -1.211803
0.568657 0.495077 917.500000 -1.107456 0.967322
0.568657 0.495024 917.600000 -1.062902 -0.078473
0.568660 0.494989 917.700000 -1.096943 -0.600637
0.568663 0.494958 917.800000 -1.094973 0.639920
0.568658 0.494950 917.900000 -1.016857 0.918495
0.568654 0.494973 918.000000 -1.030605 -1.192758
0.568652 0.494949 918.100000 -1.053383 0.738335
0.568646 0.494897 918.200000 -1.008133 0.164409
0.568640 0.494847 918.300000 -1.013903 -0.279525
0.568640 0.494832 918.400000 -1.070444 -0.848458
0.568641 0.494820 918.500000 -1.069313 0.871015
0.568630 0.494823 918.600000 -0.974137 1.027753
0.568607 0.494922 918.700000 -0.838606 1.676092
0.568576 0.494869 918.800000 -0.759173 -0.091415
0.568545 0.494816 918.900000 -0.756571 0.143335
0.568516 0.494769 919.000000 -0.766766 -0.346724
0.568486 0.494719 919.100000 -0.771799 0.246310
0.568452 0.494699 919.200000 -0.719675 0.793563
0.568417 0.494649 919.300000 -0.692588 -0.253184
0.568381 0.494599 919.400000 -0.691350 0.277890
0.568343 0.494554 919.500000 -0.657448 0.398439
0.568303 0.494501 919.600000 -0.642361 -0.097441
0.568270 0.494595 919.700000 -0.730042 -1.651800
0.568246 0.494546 919.800000 -0.827902 -0.300498
0.568233 0.494734 919.900000 -0.948609 -2.107610
0.568228 0.494708 920.000000 -1.018706 0.709178
0.568222 0.494677 920.100000 -1.015613 -0.647485
0.568216 0.494643 920.200000 -1.017376 0.612327
0.568200 0.494693 920.300000 -0.917380 1.382582
0.568180 0.494650 920.400000 -0.869837 -0.434106
0.568157 0.494632 920.500000 -0.851078 0.808346
0.568134 0.494602 920.600000 -0.843936 -0.665858
0.568109 0.494633 920.700000 -0.814490 1.253308
0.568078 0.494580 920.800000 -0.751148 0.010367
0.568047 0.494526 920.900000 -0.753688 -0.061042
0.568019 0.494500 921.000000 -0.792345 -0.710164
0.567995 0.494446 921.100000 -0.828438 -0.009892
0.567968 0.494407 921.200000 -0.803023 0.516915
0.567948 0.494578 921.300000 -0.879132 -2.035275
0.567946 0.494609 921.400000 -1.043607 -1.246017
0.567952 0.494557 921.500000 -1.115028 -0.178821
0.567952 0.494573 921.600000 -1.067217 1.132642
0.567940 0.494581 921.700000 -0.956707 1.072033
0.567913 0.494770 921.800000 -0.797160 2.110934
0.567872 0.494837 921.900000 -0.616529 1.492658
0.567824 0.494811 922.000000 -0.505666 0.719053
0.567770 0.494985 922.100000 -0.367020 2.046929
0.567710 0.495030 922.200000 -0.196707 1.350831
0.567650 0.494977 922.300000 -0.124156 0.096555
0.567588 0.495003 922.400000 -0.058400 1.215271
0.567527 0.495118 922.500000 0.090952 1.764308
0.567468 0.495081 922.600000 0.207377 0.558367
0.567408 0.495211 922.700000 0.143113 -1.840433
0.567346 0.495208 922.800000 0.002451 -0.965781
0.567285 0.495160 922.900000 -0.029550 0.327361
0.567223 0.495121 923.000000 -0.038896 -0.513817
0.567162 0.495067 923.100000 -0.065787 -0.022643
0.567102 0.495132 923.200000 -0.141135 -1.480557
0.567043 0.495090 923.300000 -0.237990 -0.451695
0.566986 0.495041 923.400000 -0.276286 -0.312313
0.566929 0.494988 923.500000 -0.289855 0.041604
0.566873 0.494945 923.600000 -0.309587 -0.435252
0.566820 0.494940 923.700000 -0.379220 -0.953922
0.566766 0.494937 923.800000 -0.378782 0.962653
0.566713 0.494955 923.900000 -0.388201 -1.150561
0.566665 0.494972 924.000000 -0.503209 -1.143848
0.566621 0.494919 924.100000 -0.559389 0.023061
0.566580 0.494946 924.200000 -0.619570 -1.223671
0.566544 0.494893 924.300000 -0.683603 -0.053780
0.566512 0.494884 924.400000 -0.732034 -0.912435
0.566490 0.494943 924.500000 -0.849859 -1.438157
0.566481 0.494978 924.600000 -0.986179 -1.281439
0.566477 0.494934 924.700000 -1.028977 0.427622
0.566468 0.494896 924.800000 -0.980705 0.535403
0.566445 0.495104 924.900000 -0.843593 2.199988
0.566417 0.495103 925.000000 -0.782542 -0.982035
0.566398 0.495111 925.100000 -0.885199 -1.065969
0.566385 0.495057 925.200000 -0.941431 -0.055847
0.566367 0.495059 925.300000 -0.893630 1.009474
0.566341 0.495026 925.400000 -0.811853 0.621972
0.566310 0.495005 925.500000 -0.741808 0.775420
0.566272 0.494986 925.600000 -0.663035 0.796100
0.566231 0.494935 925.700000 -0.611869 0.224673
0.566187 0.494923 925.800000 -0.557010 0.869770
0.566134 0.495141 925.900000 -0.400988 2.242863
0.566077 0.495091 926.000000 -0.275948 0.251683
0.566020 0.495039 926.100000 -0.255224 0.161767
0.565962 0.494986 926.200000 -0.249074 -0.039079
0.565904 0.494933 926.300000 -0.258570 -0.150363
0.565847 0.494880 926.400000 -0.268082 -0.039397
0.565792 0.494911 926.500000 -0.332901 -1.253761
0.565742 0.494910 926.600000 -0.445159 -0.985777
0.565692 0.494892 926.700000 -0.454117 0.807071
0.565639 0.494851 926.800000 -0.390291 0.466260
0.565583 0.494918 926.900000 -0.291819 1.498259
0.565526 0.494928 927.000000 -0.270992 -1.082767
0.565473 0.494957 927.100000 -0.387184 -1.235275
0.565426 0.494987 927.200000 -0.511453 -1.243888
0.565382 0.494935 927.300000 -0.566348 0.148747
0.565333 0.495030 927.400000 -0.475788 1.657909
0.565279 0.495014 927.500000 -0.350961 0.832394
0.565224 0.494963 927.600000 -0.320399 -0.222673
0.565167 0.494959 927.700000 -0.283641 0.955983
0.565109 0.494907 927.800000 -0.244852 -0.182126
0.565052 0.494856 927.900000 -0.243687 0.205361
0.564994 0.494809 928.000000 -0.249704 -0.325411
0.564937 0.494768 928.100000 -0.241804 0.483021
0.564878 0.494718 928.200000 -0.205869 0.233879
0.564819 0.494664 928.300000 -0.193846 0.005980
0.564759 0.494687 928.400000 -0.134100 1.185962
0.564699 0.494663 928.500000 -0.111807 -0.741223
0.564640 0.494630 928.600000 -0.179510 -0.609455
0.564583 0.494661 928.700000 -0.273003 -1.255722
0.564528 0.494610 928.800000 -0.326362 0.191205
0.564473 0.494558 928.900000 -0.309975 0.135709
0.564420 0.494662 929.000000 -0.388764 -1.707531
0.564378 0.494891 929.100000 -0.589150 -2.290187
0.564351 0.495021 929.200000 -0.796691 -1.850246
0.564334 0.494969 929.300000 -0.893865 -0.088386
0.564310 0.495019 929.400000 -0.828745 1.387534
0.564276 0.495035 929.500000 -0.702360 1.133857
0.564237 0.494982 929.600000 -0.642041 0.069497
0.564192 0.495123 929.700000 -0.543191 1.902558
0.564143 0.495071 929.800000 -0.455206 -0.147253
0.564092 0.495038 929.900000 -0.432153 0.607161
0.564040 0.494985 930.000000 -0.405096 -0.067372
0.563989 0.494936 930.100000 -0.422589 -0.281623
0.563938 0.494890 930.200000 -0.418298 0.367230
0.563883 0.494964 930.300000 -0.322639 1.541165
0.563825 0.494966 930.400000 -0.194925 1.006744
0.563765 0.494919 930.500000 -0.162364 -0.357151
0.563708 0.494943 930.600000 -0.240285 -1.197372
0.563651 0.494921 930.700000 -0.262198 0.760206
0.563593 0.494872 930.800000 -0.238189 -0.281235
0.563536 0.494833 930.900000 -0.226568 0.513085
0.563478 0.494784 931.000000 -0.213879 -0.259956
0.563419 0.494820 931.100000 -0.162225 1.290465
0.563358 0.494777 931.200000 -0.075676 0.436194
0.563298 0.494725 931.300000 -0.061980 -0.162970
0.563238 0.494681 931.400000 -0.090617 -0.408345
0.563179 0.494697 931.500000 -0.167902 -1.133480
0.563121 0.494663 931.600000 -0.195103 0.590819
0.563061 0.494668 931.700000 -0.113027 1.046591
0.563001 0.494623 931.800000 -0.079296 -0.373658
0.562942 0.494620 931.900000 -0.146481 -0.966680
0.562883 0.494578 932.000000 -0.171557 0.466422
0.562823 0.494625 932.100000 -0.079854 1.363049
0.562762 0.494593 932.200000 0.020299 0.634999
0.562702 0.494677 932.300000 -0.027923 -1.597015
0.562643 0.494727 932.400000 -0.177299 -1.383037
0.562586 0.494674 932.500000 -0.246006 0.012317
0.562530 0.494628 932.600000 -0.263977 -0.370829
0.562475 0.494634 932.700000 -0.335003 -1.046132
0.562420 0.494733 932.800000 -0.302976 1.685061
0.562361 0.494738 932.900000 -0.166159 1.044430
0.562301 0.494702 933.000000 -0.085777 0.559209
0.562242 0.494660 933.100000 -0.080749 -0.458920
0.562183 0.494739 933.200000 -0.182439 -1.569776
0.562125 0.494732 933.300000 -0.214585 0.928457
0.562066 0.494683 933.400000 -0.155476 0.250766
0.562007 0.494631 933.500000 -0.134640 0.164908
0.561948 0.494579 933.600000 -0.121584 0.095562
0.561888 0.494565 933.700000 -0.073990 0.853930
0.561828 0.494516 933.800000 -0.044903 -0.273636
0.561768 0.494466 933.900000 -0.045755 0.256646
0.561708 0.494419 934.000000 -0.049290 -0.327179
0.561648 0.494447 934.100000 -0.127081 -1.224741
0.561593 0.494612 934.200000 -0.289648 -2.018473
0.561541 0.494560 934.300000 -0.397460 -0.132388
0.561489 0.494518 934.400000 -0.381372 0.453345
0.561434 0.494538 934.500000 -0.300109 1.167864
0.561377 0.494487 934.600000 -0.251319 -0.194509
0.561321 0.494450 934.700000 -0.288755 -0.552332
0.561266 0.494402 934.800000 -0.302016 0.287760
0.561208 0.494494 934.900000 -0.205214 1.643453
0.561150 0.494470 935.000000 -0.159783 -0.737120
0.561091 0.494464 935.100000 -0.149883 0.934626
0.561032 0.494474 935.200000 -0.157615 -1.088882
0.560976 0.494465 935.300000 -0.257480 -0.903425
0.560922 0.494425 935.400000 -0.327992 -0.503278
0.560870 0.494426 935.500000 -0.403399 -1.001092
0.560820 0.494401 935.600000 -0.417729 0.715203
0.560768 0.494352 935.700000 -0.395789 -0.277503
0.560719 0.494346 935.800000 -0.456614 -0.935946
0.560671 0.494338 935.900000 -0.457357 0.921113
0.560617 0.494396 936.000000 -0.338994 1.440238
0.560558 0.494700 936.100000 -0.137356 2.582434
0.560498 0.494651 936.200000 -0.021072 -0.262561
0.560439 0.494613 936.300000 -0.061136 -0.536728
0.560379 0.494575 936.400000 -0.061474 0.529990
0.560320 0.494716 936.500000 -0.130386 -1.904788
0.560263 0.494671 936.600000 -0.244796 -0.377682
0.560207 0.494619 936.700000 -0.256299 0.148192
0.560148 0.494875 936.800000 -0.128378 2.403834
0.560089 0.494977 936.900000 0.077604 1.705517
0.560033 0.495155 937.000000 0.267211 2.077125
0.559984 0.495223 937.100000 0.446950 1.508671
0.559943 0.495292 937.200000 0.598310 1.510964
0.559903 0.495324 937.300000 0.611103 -1.255739
0.559856 0.495371 937.400000 0.479379 -1.372152
0.559803 0.495383 937.500000 0.355292 -1.103383
0.559750 0.495401 937.600000 0.357737 1.152163
0.559702 0.495422 937.700000 0.474264 1.172550
0.559662 0.495461 937.800000 0.598772 1.311378
0.559629 0.495451 937.900000 0.709521 0.898057
0.559603 0.495432 938.000000 0.794466 0.796601
0.559580 0.495379 938.100000 0.830126 -0.085179
0.559552 0.495402 938.200000 0.766260 -1.188946
0.559514 0.495426 938.300000 0.646390 -1.202473
0.559474 0.495380 938.400000 0.603661 0.350031
0.559438 0.495363 938.500000 0.662130 0.816423
0.559401 0.495351 938.600000 0.659170 -0.875459
0.559359 0.495337 938.700000 0.572519 -0.853245
0.559312 0.495322 938.800000 0.487561 -0.841659
0.559265 0.495309 938.900000 0.488617 0.862724
0.559224 0.495319 939.000000 0.586446 1.088964
0.559190 0.495329 939.100000 0.695302 1.082721
0.559158 0.495292 939.200000 0.721898 -0.552141
0.559121 0.495288 939.300000 0.646415 -0.953732
0.559077 0.495299 939.400000 0.543502 -1.099400
0.559030 0.495248 939.500000 0.479151 -0.184398
0.558982 0.495196 939.600000 0.465740 -0.083144
0.558935 0.495160 939.700000 0.489938 0.565887
0.558889 0.495131 939.800000 0.485104 -0.662328
0.558840 0.495080 939.900000 0.461677 0.194960
0.558796 0.495097 940.000000 0.528791 1.143968
0.558754 0.495052 940.100000 0.567329 -0.375143
0.558710 0.495000 940.200000 0.548931 0.008113
0.558664 0.494985 940.300000 0.506857 -0.847496
0.558613 0.495040 940.400000 0.392980 -1.424344
0.558560 0.494991 940.500000 0.333603 0.239767
0.558508 0.494949 940.600000 0.368625 0.458919
0.558455 0.494922 940.700000 0.356817 -0.694479
0.558402 0.494873 940.800000 0.335200 0.263222
0.558349 0.494830 940.900000 0.369652 0.424098
0.558298 0.494785 941.000000 0.372917 -0.358972
0.558244 0.494749 941.100000 0.326814 -0.560785
0.558191 0.494741 941.200000 0.344575 0.915120
0.558135 0.494998 941.300000 0.269362 -2.415618
0.558077 0.494975 941.400000 0.110945 -0.744802
0.558018 0.494926 941.500000 0.060804 -0.255501
0.557959 0.494903 941.600000 0.085648 0.751132
0.557902 0.495085 941.700000 0.228641 2.101567
0.557850 0.495059 941.800000 0.369222 0.703026
0.557802 0.495038 941.900000 0.443015 0.769156
0.557756 0.494997 942.000000 0.505068 0.468802
0.557710 0.494975 942.100000 0.490730 -0.754842
0.557660 0.494934 942.200000 0.428679 -0.483080
0.557610 0.494882 942.300000 0.408043 0.071385
0.557557 0.494893 942.400000 0.356840 -1.092882
0.557504 0.494868 942.500000 0.338213 0.721282
0.557448 0.495205 942.600000 0.238496 -2.710634
0.557390 0.495154 942.700000 0.095606 -0.140024
0.557330 0.495263 942.800000 0.001068 -1.746019
0.557272 0.495241 942.900000 -0.124772 -0.764478
0.557214 0.495231 943.000000 -0.118721 0.885191
0.557156 0.495246 943.100000 -0.131164 -1.133426
0.557100 0.495244 943.200000 -0.236911 -0.976241
0.557043 0.495243 943.300000 -0.236342 0.987604
0.556986 0.495192 943.400000 -0.195146 -0.165738
0.556929 0.495162 943.500000 -0.170779 0.651860
0.556870 0.495261 943.600000 -0.053468 1.688486
0.556811 0.495217 943.700000 0.051469 0.404997
0.556753 0.495168 943.800000 0.084556 0.255093
0.556695 0.495177 943.900000 0.151364 1.077732
0.556639 0.495168 944.000000 0.250570 0.901422
0.556586 0.495127 944.100000 0.319512 0.473983
0.556530 0.495223 944.200000 0.259336 -1.674509
0.556472 0.495262 944.300000 0.109650 -1.311723
0.556413 0.495211 944.400000 0.051583 0.153288
0.556355 0.495197 944.500000 0.102118 0.854882
0.556298 0.495194 944.600000 0.193232 0.962838
0.556244 0.495251 944.700000 0.313628 1.439062
0.556195 0.495226 944.800000 0.422035 0.723658
0.556153 0.495465 944.900000 0.575852 2.344992
0.556119 0.495415 945.000000 0.681603 -0.235252
0.556084 0.495364 945.100000 0.661406 -0.167681
0.556047 0.495313 945.200000 0.645294 -0.153749
0.556010 0.495264 945.300000 0.651038 0.268338
0.555975 0.495212 945.400000 0.664604 0.002304
0.555937 0.495194 945.500000 0.624648 -0.799416
0.555897 0.495153 945.600000 0.608244 0.472145
0.555864 0.495162 945.700000 0.686124 1.081564
0.555833 0.495111 945.800000 0.733384 -0.138717
0.555798 0.495145 945.900000 0.662353 -1.278358
0.555756 0.495121 946.000000 0.561887 -0.725938
0.555711 0.495069 946.100000 0.518145 -0.146722
0.555664 0.495042 946.200000 0.476428 -0.685535
0.555618 0.495012 946.300000 0.474636 0.649788
0.555574 0.494977 946.400000 0.535928 0.572980
0.555534 0.494939 946.500000 0.590819 0.522106
0.555500 0.494994 946.600000 0.688394 1.424520
0.555472 0.494942 946.700000 0.761957 0.043053
0.555450 0.494982 946.800000 0.830519 1.324766
0.555430 0.494967 946.900000 0.854896 -0.838451
0.555402 0.494966 947.000000 0.763410 -0.986700
0.555366 0.494991 947.100000 0.653285 -1.210288
0.555321 0.495101 947.200000 0.504843 -1.751128
0.555270 0.495065 947.300000 0.389468 -0.550595
0.555221 0.495118 947.400000 0.432853 1.416115
0.555179 0.495109 947.500000 0.549045 0.901917
0.555135 0.495119 947.600000 0.539854 -1.085281
0.555088 0.495076 947.700000 0.464180 -0.424401
0.555045 0.495223 947.800000 0.540409 1.945166
0.555008 0.495172 947.900000 0.632934 -0.099302
0.554970 0.495120 948.000000 0.633648 0.113540
0.554936 0.495100 948.100000 0.678454 0.780357
0.554901 0.495095 948.200000 0.670017 -0.948677
0.554862 0.495055 948.300000 0.598261 -0.482858
0.554817 0.495089 948.400000 0.510262 -1.272725
0.554768 0.495039 948.500000 0.435222 -0.224317
0.554719 0.494991 948.600000 0.410378 -0.271337
0.554672 0.495054 948.700000 0.470997 1.480694
0.554633 0.495084 948.800000 0.607921 1.250943
0.554605 0.495201 948.900000 0.760371 1.790439
0.554583 0.495154 949.000000 0.834978 -0.302029
0.554556 0.495157 949.100000 0.768387 -1.026469
0.554526 0.495116 949.200000 0.739770 0.455571
0.554502 0.495094 949.300000 0.800719 0.760355
0.554483 0.495059 949.400000 0.867631 0.574540
0.554463 0.495048 949.500000 0.852598 -0.874443
0.554434 0.495066 949.600000 0.750857 -1.155305
0.554396 0.495117 949.700000 0.622738 -1.400667
0.554357 0.495132 949.800000 0.609007 1.126745
0.554325 0.495122 949.900000 0.710531 0.898654
0.554299 0.495078 950.000000 0.775388 0.395252
0.554280 0.495129 950.100000 0.865399 1.400455
0.554264 0.495101 950.200000 0.901698 -0.676282
0.554243 0.495061 950.300000 0.844243 -0.469940
0.554216 0.495077 950.400000 0.763598 -1.138945
0.554177 0.495203 950.500000 0.614267 -1.840196
0.554129 0.495350 950.600000 0.424530 -1.945057
0.554076 0.495298 950.700000 0.332696 0.112968
0.554024 0.495246 950.800000 0.335572 -0.055600
0.553972 0.495211 950.900000 0.361319 0.569263
0.553926 0.495279 951.000000 0.465521 1.509566
0.553880 0.495282 951.100000 0.490017 -1.020870
0.553833 0.495244 951.200000 0.465406 0.529870
0.553791 0.495254 951.300000 0.546051 1.079000
0.553749 0.495222 951.400000 0.569030 -0.620564
0.553703 0.495238 951.500000 0.480716 -1.141305
0.553656 0.495207 951.600000 0.455314 0.634525
0.553613 0.495193 951.700000 0.529457 0.844639
0.553572 0.495142 951.800000 0.580535 0.174358
0.553534 0.495102 951.900000 0.612736 0.468051
0.553497 0.495051 952.000000 0.644630 0.168240
0.553466 0.495088 952.100000 0.718362 1.302711
0.553446 0.495126 952.200000 0.849053 1.304571
0.553439 0.495183 952.300000 0.986607 1.439642
0.553435 0.495180 952.400000 1.010011 -0.972727
0.553423 0.495138 952.500000 0.939646 -0.431065
0.553410 0.495087 952.600000 0.926131 0.161440
0.553409 0.495276 952.700000 1.041529 2.140748
0.553436 0.495552 952.800000 1.274218 2.501407
0.553485 0.495519 952.900000 1.429295 0.592383
0.553545 0.495508 953.000000 1.503264 0.883290
0.553611 0.495458 953.100000 1.538027 -0.189760
0.553678 0.495409 953.200000 1.541739 0.263818
0.553739 0.495403 953.300000 1.508094 -0.935052
0.553784 0.495418 953.400000 1.404649 -1.128665
0.553818 0.495381 953.500000 1.321329 -0.533563
0.553839 0.495420 953.600000 1.228630 -1.315784
0.553847 0.495406 953.700000 1.119829 -0.854809
0.553857 0.495443 953.800000 1.142366 1.304420
0.553878 0.495399 953.900000 1.226210 0.368271
0.553907 0.495395 954.000000 1.292893 0.962061
0.553942 0.495347 954.100000 1.327110 -0.279426
0.553971 0.495305 954.200000 1.292070 -0.419626
0.553994 0.495269 954.300000 1.242892 -0.561478
0.554012 0.495219 954.400000 1.205073 -0.193012
0.554036 0.495233 954.500000 1.251373 1.116691
0.554073 0.495210 954.600000 1.344980 0.750773
0.554114 0.495160 954.700000 1.375121 -0.149454
0.554143 0.495219 954.800000 1.294524 -1.458457
0.554150 0.495416 954.900000 1.112128 -2.180339
0.554139 0.495427 955.000000 0.947827 -1.097473
0.554116 0.495493 955.100000 0.817609 -1.500367
0.554083 0.495483 955.200000 0.697797 -0.889884
0.554046 0.495447 955.300000 0.625418 -0.554086
0.554003 0.495459 955.400000 0.542450 -1.101111
0.553958 0.495408 955.500000 0.494639 0.147271
0.553912 0.495372 955.600000 0.474751 -0.544035
0.553860 0.495565 955.700000 0.338874 -2.166702
0.553803 0.495779 955.800000 0.117424 -2.251224
0.553745 0.495909 955.900000 -0.089068 -1.868307
0.553689 0.495871 956.000000 -0.156891 0.515245
0.553633 0.495902 956.100000 -0.193882 -1.253225
0.553580 0.495928 956.200000 -0.317957 -1.222071
0.553530 0.495878 956.300000 -0.389866 -0.212496
0.553484 0.495914 956.400000 -0.465308 -1.292577
0.553445 0.496005 956.500000 -0.613043 -1.654743
0.553416 0.495979 956.600000 -0.731300 -0.704491
0.553389 0.495931 956.700000 -0.779560 -0.258287
0.553359 0.495977 956.800000 -0.723960 1.367505
0.553322 0.495938 956.900000 -0.630257 0.501874
0.553284 0.495892 957.000000 -0.622135 -0.339838
0.553252 0.495929 957.100000 -0.704356 -1.300480
0.553223 0.495894 957.200000 -0.741412 0.561222
0.553188 0.495912 957.300000 -0.655217 1.158372
0.553145 0.495929 957.400000 -0.539439 1.151389
0.553101 0.495885 957.500000 -0.500959 -0.383709
0.553058 0.495845 957.600000 -0.544261 -0.480159
0.553022 0.495878 957.700000 -0.631956 -1.269354
0.552994 0.495920 957.800000 -0.762831 -1.341609
0.552971 0.495872 957.900000 -0.817245 0.256041
0.552946 0.495825 958.000000 -0.788867 0.310111
0.552920 0.495774 958.100000 -0.778737 -0.108021
0.552892 0.495750 958.200000 -0.747752 0.726176
0.552856 0.495784 958.300000 -0.647019 1.283441
0.552816 0.495733 958.400000 -0.590898 -0.163819
0.552786 0.496016 958.500000 -0.725996 -2.531398
0.552771 0.496014 958.600000 -0.901823 -0.976345
0.552748 0.496352 958.700000 -0.813738 2.733645
0.552709 0.496392 958.800000 -0.610094 1.329054
0.552667 0.496343 958.900000 -0.531994 0.229034
0.552624 0.496302 959.000000 -0.543215 -0.452901
0.552581 0.496284 959.100000 -0.525724 0.801850
0.552541 0.496413 959.200000 -0.578854 -1.861792
0.552512 0.496462 959.300000 -0.742043 -1.393831
0.552497 0.496570 959.400000 -0.899565 -1.748720
0.552492 0.496529 959.500000 -1.010447 -0.463379
0.552482 0.496614 959.600000 -0.952445 1.620513
0.552462 0.496574 959.700000 -0.848146 0.460264
0.552437 0.496553 959.800000 -0.786705 0.765474
0.552410 0.496507 959.900000 -0.764897 -0.330398
0.552386 0.496476 960.000000 -0.813051 -0.630280
0.552371 0.496484 960.100000 -0.898759 -1.079589
0.552363 0.496443 960.200000 -0.975564 -0.452680
0.552362 0.496432 960.300000 -1.042308 -0.878854
0.552359 0.496466 960.400000 -1.022040 1.283189
0.552347 0.496423 960.500000 -0.937705 0.399297
0.552328 0.496445 960.600000 -0.857846 1.193902
0.552304 0.496394 960.700000 -0.802602 -0.091785
0.552284 0.496379 960.800000 -0.849149 -0.836834
0.552266 0.496336 960.900000 -0.870594 0.408997
0.552249 0.496302 961.000000 -0.879341 -0.583494
0.552235 0.496251 961.100000 -0.916332 -0.154482
0.552208 0.496703 961.200000 -0.768223 3.109264
0.552166 0.496784 961.300000 -0.532347 1.596468
0.552116 0.496813 961.400000 -0.389761 1.248117
0.552065 0.496769 961.500000 -0.346623 -0.387513
0.552015 0.496728 961.600000 -0.388807 -0.454057
0.551965 0.496725 961.700000 -0.363257 0.963768
0.551910 0.496911 961.800000 -0.207715 2.139297
0.551852 0.496918 961.900000 -0.047059 1.065799
0.551795 0.496883 962.000000 0.034424 0.559788
0.551738 0.496840 962.100000 0.042261 -0.403452
0.551681 0.496799 962.200000 0.044995 0.458000
0.551624 0.496747 962.300000 0.068924 0.019386
0.551567 0.496854 962.400000 0.157281 1.743327
0.551516 0.497012 962.500000 0.345347 2.008607
0.551474 0.497110 962.600000 0.531203 1.699213
0.551439 0.497090 962.700000 0.655574 0.781983
0.551406 0.497039 962.800000 0.692121 -0.052870
0.551376 0.497008 962.900000 0.721112 0.631246
0.551346 0.496980 963.000000 0.718521 -0.682932
0.551319 0.497061 963.100000 0.764240 1.595016
0.551304 0.497087 963.200000 0.905711 1.227339
0.551301 0.497106 963.300000 1.025721 1.166863
0.551307 0.497061 963.400000 1.101477 0.344458
0.551310 0.497043 963.500000 1.078579 -0.801269
0.551314 0.497027 963.600000 1.079934 0.828305
0.551314 0.497070 963.700000 1.053754 -1.350603
0.551301 0.497108 963.800000 0.920096 -1.315869
0.551276 0.497135 963.900000 0.792347 -1.232725
0.551244 0.497114 964.000000 0.692141 -0.766375
0.551206 0.497102 964.100000 0.609856 -0.875226
0.551162 0.497112 964.200000 0.511368 -1.089598
0.551112 0.497289 964.300000 0.351534 -2.099100
0.551058 0.497239 964.400000 0.252539 0.124151
0.551003 0.497262 964.500000 0.198591 -1.200413
0.550946 0.497493 964.600000 0.021361 -2.335324
0.550889 0.497464 964.700000 -0.129241 -0.669189
0.550834 0.497413 964.800000 -0.160908 0.037435
0.550778 0.497364 964.900000 -0.147638 0.227297
0.550721 0.497318 965.000000 -0.120744 0.309239
0.550665 0.497271 965.100000 -0.090045 0.303212
0.550608 0.497278 965.200000 -0.021322 1.067809
0.550551 0.497229 965.300000 0.021168 -0.220141
0.550494 0.497251 965.400000 0.069653 1.187424
0.550439 0.497275 965.500000 0.189818 1.209857
0.550385 0.497228 965.600000 0.265664 0.303270
0.550332 0.497187 965.700000 0.259065 -0.434909
0.550279 0.497151 965.800000 0.264710 0.547528
0.550226 0.497104 965.900000 0.276526 -0.311803
0.550172 0.497054 966.000000 0.268188 0.145457
0.550118 0.497103 966.100000 0.205555 -1.394976
0.550062 0.497052 966.200000 0.135371 -0.005196
0.550007 0.497110 966.300000 0.208020 1.454548
0.549956 0.497145 966.400000 0.345610 1.290363
0.549908 0.497093 966.500000 0.412161 0.037325
0.549861 0.497059 966.600000 0.442848 0.574882
0.549816 0.497008 966.700000 0.467929 -0.074509
0.549772 0.496977 966.800000 0.496243 0.639371
0.549733 0.497015 966.900000 0.594195 1.314769
0.549701 0.496993 967.000000 0.697601 0.748181
0.549676 0.496975 967.100000 0.775561 0.807121
0.549653 0.496925 967.200000 0.810286 -0.114348
0.549632 0.496891 967.300000 0.833838 0.584196
0.549612 0.496850 967.400000 0.840307 -0.455127
0.549588 0.496804 967.500000 0.802062 -0.307871
0.549565 0.496759 967.600000 0.804117 0.348872
0.549542 0.496709 967.700000 0.811421 -0.203154
0.549520 0.496671 967.800000 0.826703 0.508024
0.549497 0.496675 967.900000 0.800483 -1.031108
0.549477 0.496806 968.000000 0.842933 1.877984
0.549462 0.496777 968.100000 0.904213 -0.655446
0.549446 0.496732 968.200000 0.889360 0.359122
0.549434 0.496686 968.300000 0.923826 0.328479
0.549428 0.496700 968.400000 0.996433 1.120037
0.549427 0.496652 968.500000 1.040642 -0.238073
0.549426 0.496602 968.600000 1.038973 0.204785
0.549428 0.496559 968.700000 1.068227 0.378825
0.549431 0.496511 968.800000 1.074122 -0.261229
0.549429 0.496480 968.900000 1.029619 -0.626594
0.549425 0.496431 969.000000 1.009221 0.219650
0.549423 0.496381 969.100000 1.027403 0.143077
0.549417 0.496365 969.200000 0.993387 -0.821694
0.549406 0.496316 969.300000 0.941949 -0.204495
0.549389 0.496337 969.400000 0.872294 -1.185110
0.549360 0.496428 969.500000 0.729522 -1.663193
0.549326 0.496385 969.600000 0.665196 0.379876
0.549295 0.496343 969.700000 0.705750 0.429190
0.549260 0.496393 969.800000 0.656987 -1.402027
0.549221 0.496342 969.900000 0.582778 -0.078425
0.549183 0.496295 970.000000 0.592571 0.273796
0.549143 0.496279 970.100000 0.564695 -0.829926
0.549105 0.496388 970.200000 0.611302 1.759732
0.549071 0.496369 970.300000 0.659422 -0.799751
0.549035 0.496321 970.400000 0.630399 0.220748
0.549000 0.496270 970.500000 0.643532 0.041252
0.548965 0.496221 970.600000 0.656681 0.221073
0.548934 0.496196 970.700000 0.703056 0.704102
0.548903 0.496171 970.800000 0.702331 -0.718563
0.548878 0.496368 970.900000 0.776269 2.193640
0.548854 0.496464 971.000000 0.801349 -1.693292
0.548821 0.496449 971.100000 0.674520 -0.836950
0.548781 0.496494 971.200000 0.564029 -1.367343
0.548734 0.496512 971.300000 0.437542 -1.156083
0.548684 0.496484 971.400000 0.346169 -0.666801
0.548636 0.496619 971.500000 0.408055 1.901431
0.548594 0.496588 971.600000 0.534830 0.627727
0.548553 0.496544 971.700000 0.547360 -0.377767
0.548510 0.496508 971.800000 0.501589 -0.535349
0.548465 0.496457 971.900000 0.478798 0.080665
0.548420 0.496418 972.000000 0.458399 -0.487636
0.548371 0.496427 972.100000 0.379788 -1.080654
0.548318 0.496469 972.200000 0.258150 -1.346018
0.548263 0.496425 972.300000 0.172839 -0.355940
0.548208 0.496384 972.400000 0.176987 0.438687
0.548154 0.496362 972.500000 0.237009 0.758764
0.548100 0.496477 972.600000 0.185131 -1.793725
0.548044 0.496468 972.700000 0.049435 -0.913416
0.547987 0.496420 972.800000 0.015139 0.229203
0.547931 0.496378 972.900000 0.006260 -0.406329
0.547875 0.496338 973.000000 0.009775 0.476450
0.547819 0.496294 973.100000 0.052342 0.372754
0.547762 0.496287 973.200000 0.024993 -0.918355
0.547706 0.496236 973.300000 -0.027449 -0.127862
0.547650 0.496190 973.400000 -0.049262 -0.307317
0.547594 0.496143 973.500000 -0.078503 -0.276037
0.547538 0.496174 973.600000 -0.029042 1.262782
0.547482 0.496251 973.700000 0.113429 1.579522
0.547428 0.496201 973.800000 0.188174 -0.088357
0.547376 0.496432 973.900000 0.301273 2.344668
0.547332 0.496439 974.000000 0.471971 1.060767
0.547289 0.496394 974.100000 0.508118 -0.339637
0.547245 0.496343 974.200000 0.487238 -0.076912
0.547198 0.496355 974.300000 0.428036 -1.104171
0.547146 0.496448 974.400000 0.288757 -1.674455
0.547091 0.496482 974.500000 0.140342 -1.286409
0.547037 0.496701 974.600000 0.190827 2.293584
0.546989 0.496815 974.700000 0.395674 1.793108
0.546944 0.496767 974.800000 0.472115 -0.268118
0.546899 0.496717 974.900000 0.464034 0.106913
0.546855 0.496669 975.000000 0.482021 0.251930
0.546813 0.496636 975.100000 0.524381 0.593156
0.546771 0.496606 975.200000 0.522123 -0.638211
0.546731 0.496666 975.300000 0.563808 1.469817
0.546697 0.496626 975.400000 0.659893 0.447090
0.546669 0.496633 975.500000 0.735802 1.067287
0.546643 0.496591 975.600000 0.768082 -0.423290
0.546615 0.496544 975.700000 0.734267 -0.251326
0.546583 0.496505 975.800000 0.696750 -0.497145
0.546548 0.496482 975.900000 0.635143 -0.731900
0.546506 0.496552 976.000000 0.521430 -1.536674
0.546460 0.496501 976.100000 0.446387 0.039552
0.546417 0.496508 976.200000 0.501429 1.058548
0.546380 0.496496 976.300000 0.598093 0.869894
0.546345 0.496447 976.400000 0.651206 0.189715
0.546312 0.496397 976.500000 0.668061 0.146528
0.546279 0.496349 976.600000 0.664591 -0.215748
0.546245 0.496298 976.700000 0.659459 0.113358
0.546209 0.496292 976.800000 0.618269 -0.935100
0.546171 0.496247 976.900000 0.588007 0.331375
0.546136 0.496222 977.000000 0.640405 0.713975
0.546109 0.496309 977.100000 0.758332 1.638657
0.546084 0.496353 977.200000 0.772301 -1.359971
0.546053 0.496302 977.300000 0.700915 -0.064181
0.546023 0.496253 977.400000 0.707339 0.192353
0.545993 0.496203 977.500000 0.713188 -0.075671
0.545968 0.496242 977.600000 0.775990 1.328564
0.545940 0.496405 977.700000 0.740307 -2.040442
0.545899 0.496599 977.800000 0.528180 -2.191486
0.545854 0.496580 977.900000 0.457379 0.779005
0.545813 0.496575 978.000000 0.543870 0.946492
0.545776 0.496537 978.100000 0.616468 0.501841
0.545741 0.496492 978.200000 0.624699 -0.337625
0.545700 0.496511 978.300000 0.549168 -1.169232
0.545654 0.496537 978.400000 0.429230 -1.223517
0.545603 0.496550 978.500000 0.311868 -1.117862
0.545549 0.496559 978.600000 0.201387 -1.086244
0.545495 0.496512 978.700000 0.134641 -0.245331
0.545440 0.496462 978.800000 0.117023 -0.106141
0.545384 0.496508 978.900000 0.042453 -1.381536
0.545329 0.496554 979.000000 -0.095609 -1.372802
0.545275 0.496538 979.100000 -0.205654 -0.822599
0.545223 0.496491 979.200000 -0.261299 -0.287510
0.545171 0.496445 979.300000 -0.260228 0.308877
0.545117 0.496447 979.400000 -0.193815 1.016064
0.545062 0.496509 979.500000 -0.068626 1.481445
0.545006 0.496459 979.600000 0.012596 0.138943
0.544951 0.496671 979.700000 -0.094072 -2.266976
0.544899 0.496664 979.800000 -0.254184 -0.927255
0.544848 0.496615 979.900000 -0.309210 -0.170511
0.544798 0.496566 980.000000 -0.327707 -0.198499
0.544750 0.496562 980.100000 -0.385787 -0.960213
0.544702 0.496550 980.200000 -0.390347 0.869241
0.544648 0.497140 980.300000 -0.169174 3.543172
0.544592 0.497108 980.400000 0.039159 0.613077
0.544538 0.497181 980.500000 0.147900 1.556293
0.544486 0.497179 980.600000 0.274909 0.977533
0.544437 0.497150 980.700000 0.356704 0.654280
0.544388 0.497142 980.800000 0.343672 -0.914268
0.544336 0.497119 980.900000 0.260766 -0.739703
0.544284 0.497128 981.000000 0.277788 1.079290
0.544234 0.497078 981.100000 0.337505 0.112075
0.544188 0.497139 981.200000 0.417206 1.477952
0.544150 0.497250 981.300000 0.580747 1.784689
0.544118 0.497203 981.400000 0.683713 0.269490
0.544089 0.497161 981.500000 0.717724 0.409021
0.544066 0.497197 981.600000 0.803666 1.305531
0.544048 0.497149 981.700000 0.857578 -0.229982
0.544030 0.497101 981.800000 0.855166 0.181852
0.544018 0.497114 981.900000 0.920534 1.122238
0.544013 0.497073 982.000000 0.999024 0.443640
0.544009 0.497031 982.100000 1.000853 -0.407149
0.544006 0.497002 982.200000 1.012765 0.644789
0.544004 0.496956 982.300000 1.030217 -0.296625
0.544008 0.496975 982.400000 1.074183 1.173754
0.544016 0.496929 982.500000 1.118522 -0.289189
0.544023 0.496879 982.600000 1.108035 0.079978
0.544032 0.496831 982.700000 1.124257 0.243643
0.544045 0.496792 982.800000 1.160679 0.482975
0.544084 0.497350 982.900000 1.358162 3.456815
0.544147 0.497300 983.000000 1.526281 -0.102850
0.544191 0.497568 983.100000 1.395689 -2.502457
0.544218 0.497519 983.200000 1.279209 0.178683
0.544252 0.497496 983.300000 1.325220 0.739228
0.544295 0.497462 983.400000 1.390800 0.569095
0.544337 0.497445 983.500000 1.378379 -0.816880
0.544375 0.497403 983.600000 1.357601 0.402346
0.544414 0.497356 983.700000 1.363354 -0.287576
0.544450 0.497308 983.800000 1.337586 -0.226488
0.544468 0.497555 983.900000 1.205048 -2.417637
0.544472 0.497505 984.000000 1.077891 -0.119151
0.544476 0.497456 984.100000 1.081301 0.187170
0.544489 0.497504 984.200000 1.160548 1.393810
0.544514 0.497466 984.300000 1.254679 0.484116
0.544544 0.497424 984.400000 1.300364 0.427293
0.544583 0.497402 984.500000 1.358924 0.740981
0.544628 0.497355 984.600000 1.409372 0.265449
0.544670 0.497339 984.700000 1.381482 -0.821844
0.544710 0.497307 984.800000 1.371141 0.615528
0.544755 0.497257 984.900000 1.403588 0.031802
0.544788 0.497342 985.000000 1.323357 -1.632425
0.544815 0.497305 985.100000 1.267608 0.520232
0.544841 0.497271 985.200000 1.264970 -0.572845
0.544862 0.497221 985.300000 1.230292 -0.118986
0.544874 0.497284 985.400000 1.149459 -1.493625
0.544888 0.497418 985.500000 1.170147 1.906350
0.544917 0.497381 985.600000 1.291793 0.520484
0.544951 0.497331 985.700000 1.321197 0.066124
0.544989 0.497302 985.800000 1.356734 0.642832
0.545038 0.497298 985.900000 1.437202 0.962505
0.545090 0.497272 986.000000 1.450821 -0.690811
0.545127 0.497307 986.100000 1.351254 -1.295550
0.545175 0.497665 986.200000 1.428568 2.837974
0.545253 0.497660 986.300000 1.618508 0.951331
0.545341 0.497618 986.400000 1.686451 0.404120
0.545435 0.497568 986.500000 1.712538 0.116325
0.545527 0.497521 986.600000 1.706175 -0.243261
0.545615 0.497473 986.700000 1.681220 -0.254606
0.545705 0.497438 986.800000 1.695765 0.544791
0.545820 0.497625 986.900000 1.831560 2.164312
0.545944 0.497640 987.000000 1.882989 -1.138305
0.546053 0.497603 987.100000 1.800694 -0.503482
0.546151 0.497578 987.200000 1.739409 -0.719142
0.546244 0.497529 987.300000 1.709159 0.115652
0.546330 0.497513 987.400000 1.673204 -0.832950
0.546412 0.497468 987.500000 1.647674 0.323626
0.546504 0.497453 987.600000 1.705746 0.834906
0.546610 0.497431 987.700000 1.784718 0.740580
0.546731 0.497414 987.800000 1.862847 0.818088
0.546858 0.497365 987.900000 1.898286 -0.111066
0.546983 0.497314 988.000000 1.890483 -0.044606
0.547109 0.497264 988.100000 1.890613 0.047197
0.547232 0.497219 988.200000 1.877423 -0.310331
0.547357 0.497187 988.300000 1.892402 0.609158
0.547486 0.497142 988.400000 1.907044 -0.317061
0.547615 0.497099 988.500000 1.909847 0.372987
0.547742 0.497069 988.600000 1.896566 -0.637940
0.547843 0.497229 988.700000 1.762302 -2.040627
0.547922 0.497200 988.800000 1.627987 -0.638955
0.547988 0.497193 988.900000 1.549619 -0.924485
0.548050 0.497150 989.000000 1.523492 0.403237
0.548117 0.497103 989.100000 1.555398 0.233299
0.548186 0.497054 989.200000 1.573658 0.130986
0.548269 0.497113 989.300000 1.654103 1.473882
0.548366 0.497065 989.400000 1.737914 0.198161
0.548458 0.497049 989.500000 1.706688 -0.821123
0.548533 0.497067 989.600000 1.607324 -1.161198
0.548587 0.497148 989.700000 1.468228 -1.613752
0.548616 0.497257 989.800000 1.298463 -1.773066
0.548626 0.497330 989.900000 1.131262 -1.562590
0.548620 0.497358 990.000000 0.990416 -1.247286
0.548604 0.497346 990.100000 0.884528 -0.865184
0.548588 0.497333 990.200000 0.884719 0.868986
0.548581 0.497337 990.300000 0.979882 1.029518
0.548581 0.497289 990.400000 1.042894 0.227579
0.548589 0.497324 990.500000 1.119418 1.299066
0.548608 0.497296 990.600000 1.217877 0.665200
0.548626 0.497289 990.700000 1.205137 -0.919373
0.548640 0.497242 990.800000 1.171784 0.253991
0.548654 0.497195 990.900000 1.171172 -0.266202
0.548673 0.497209 991.000000 1.214146 1.123529
0.548700 0.497160 991.100000 1.277829 0.146943
0.548736 0.497186 991.200000 1.346781 1.228652
0.548785 0.497159 991.300000 1.442397 0.678888
0.548840 0.497109 991.400000 1.479673 0.064775
0.548897 0.497060 991.500000 1.491906 0.179264
0.548950 0.497040 991.600000 1.462274 -0.770418
0.549002 0.497015 991.700000 1.459270 0.710485
0.549071 0.497091 991.800000 1.574190 1.582158
0.549152 0.497045 991.900000 1.640743 -0.254416
0.549230 0.496995 992.000000 1.630111 0.042298
0.549321 0.497040 992.100000 1.701199 1.375908
0.549412 0.497081 992.200000 1.702577 -1.348415
0.549487 0.497042 992.300000 1.611853 -0.461525
0.549559 0.496992 992.400000 1.588400 -0.006359
0.549624 0.496972 992.500000 1.549188 -0.775918
0.549674 0.497009 992.600000 1.444652 -1.309576
0.549699 0.497220 992.700000 1.264743 -2.279610
0.549710 0.497170 992.800000 1.148904 -0.031381
0.549718 0.497132 992.900000 1.122627 -0.492830
0.549725 0.497086 993.000000 1.110959 0.260044
0.549746 0.497265 993.100000 1.230866 2.132108
0.549790 0.497295 993.200000 1.401000 1.262063
0.549858 0.497456 993.300000 1.566929 2.048211
0.549936 0.497442 993.400000 1.627128 -0.847229
0.549993 0.497541 993.500000 1.498386 -1.721176
0.550030 0.497571 993.600000 1.348730 -1.264462
0.550056 0.497522 993.700000 1.277657 -0.153444
0.550088 0.497507 993.800000 1.311568 0.829956
0.550112 0.497647 993.900000 1.255668 -1.945159
0.550114 0.497762 994.000000 1.067538 -1.808030
0.550104 0.497727 994.100000 0.949367 -0.549482
0.550086 0.497735 994.200000 0.867578 -1.082212
0.550057 0.497861 994.300000 0.719704 -1.867873
0.550018 0.497851 994.400000 0.581451 -0.890275
0.549976 0.497819 994.500000 0.506418 -0.606621
0.549929 0.497859 994.600000 0.408884 -1.339199
0.549878 0.497861 994.700000 0.290822 -1.016122
0.549825 0.497815 994.800000 0.225676 -0.283555
0.549771 0.497835 994.900000 0.152482 -1.176652
0.549716 0.497838 995.000000 0.041920 -1.029072
0.549661 0.497793 995.100000 -0.026160 -0.329115
0.549606 0.497744 995.200000 -0.047862 -0.103832
0.549552 0.497911 995.300000 -0.157398 -2.081415
0.549503 0.498057 995.400000 -0.360585 -1.972168
0.549457 0.498031 995.500000 -0.424759 0.691883
0.549406 0.498149 995.600000 -0.298162 1.833738
0.549354 0.498101 995.700000 -0.215845 -0.191518
0.549300 0.498066 995.800000 -0.198504 0.537474
0.549247 0.498024 995.900000 -0.192116 -0.410032
0.549193 0.498015 996.000000 -0.167496 0.901197
0.549139 0.497981 996.100000 -0.094080 0.563463
0.549084 0.497936 996.200000 -0.080917 -0.300871
0.549030 0.497918 996.300000 -0.136054 -0.799106
0.548976 0.497878 996.400000 -0.153008 0.460866
0.548921 0.497970 996.500000 -0.045670 1.680524
0.548866 0.497991 996.600000 0.098257 1.190815
0.548813 0.497944 996.700000 0.168767 0.215866
0.548758 0.498022 996.800000 0.099430 -1.599129
0.548703 0.497972 996.900000 0.015741 -0.070469
0.548648 0.497963 997.000000 -0.033039 -0.902706
0.548594 0.497997 997.100000 -0.143082 -1.292646
0.548541 0.497948 997.200000 -0.215912 -0.160314
0.548490 0.497970 997.300000 -0.283761 -1.193270
0.548442 0.497921 997.400000 -0.351654 -0.161197
0.548393 0.497874 997.500000 -0.348574 0.222648
0.548342 0.497847 997.600000 -0.303115 0.684254
0.548292 0.497808 997.700000 -0.291902 -0.460546
0.548242 0.497758 997.800000 -0.317608 -0.052295
0.548190 0.497816 997.900000 -0.246886 1.463189
0.548136 0.497806 998.000000 -0.128557 0.897480
0.548081 0.497784 998.100000 -0.046076 0.748018
0.548027 0.497959 998.200000 0.097636 2.119034
0.547973 0.497917 998.300000 0.184602 -0.384058
0.547919 0.497884 998.400000 0.136286 -0.579837
0.547865 0.497872 998.500000 0.063662 -0.869013
0.547810 0.497822 998.600000 0.022523 0.048278
0.547755 0.497777 998.700000 0.040180 0.303982
0.547701 0.497868 998.800000 0.139527 1.677990
0.547648 0.497832 998.900000 0.197252 -0.526381
0.547595 0.497791 999.000000 0.192327 0.428140
0.547545 0.497927 999.100000 0.310369 1.926799
0.547502 0.497953 999.200000 0.468505 1.228007
0.547464 0.497965 999.300000 0.585770 1.111431
0.547434 0.497990 999.400000 0.703013 1.227573
0.547413 0.498003 999.500000 0.820395 1.114193
0.547400 0.497986 999.600000 0.916810 0.809277
0.547389 0.497951 999.700000 0.929995 -0.546231
0.547369 0.497989 999.800000 0.836249 -1.324011
0.547338 0.498044 999.900000 0.697330 -1.447419
