0.033364 0.456086 0.000000 -0.258316 -0.955077
0.043149 0.264663 0.100000 -0.325374 -0.382728
0.046389 0.201352 0.200000 -0.325179 0.386604
0.041219 0.461899 0.300000 -0.226751 1.577048
0.033779 0.503618 0.400000 -0.089655 1.158010
0.028219 0.541279 0.500000 0.028940 1.207957
0.026206 0.639704 0.600000 0.168116 1.568603
0.027441 0.571657 0.700000 0.268629 0.436635
0.029573 0.513021 0.800000 0.305375 0.296441
0.033238 0.499757 0.900000 0.363954 0.872213
0.038176 0.456431 1.000000 0.418463 0.215255
0.041799 0.428899 1.100000 0.404085 -0.502109
0.042633 0.441257 1.200000 0.324487 -1.085859
0.041982 0.411505 1.300000 0.258910 -0.222403
0.040977 0.387361 1.400000 0.232016 -0.314140
0.039766 0.364047 1.500000 0.207783 -0.169314
0.038056 0.375505 1.600000 0.146303 -1.057212
0.035970 0.396051 1.700000 0.032111 -1.220924
0.034490 0.472186 1.800000 -0.125314 -1.919695
0.035144 0.523716 1.900000 -0.308440 -1.733662
0.038705 0.550042 2.000000 -0.468891 -1.467354
0.045206 0.558046 2.100000 -0.602849 -1.205100
0.055378 0.594797 2.200000 -0.747229 -1.675290
0.069230 0.590321 2.300000 -0.880693 -0.987299
0.084912 0.574026 2.400000 -0.960503 -0.604913
0.101329 0.555281 2.500000 -1.011690 -0.416276
0.116519 0.538017 2.600000 -1.011391 0.422251
0.129859 0.518802 2.700000 -0.989983 0.004839
0.142438 0.501077 2.800000 -0.994634 -0.097634
0.154114 0.484684 2.900000 -0.992699 0.136246
0.164464 0.469859 3.000000 -0.974632 0.224188
0.174115 0.455745 3.100000 -0.972958 -0.190805
0.184095 0.444576 3.200000 -1.003449 -0.417488
0.194472 0.432322 3.300000 -1.036229 -0.236462
0.204827 0.420272 3.400000 -1.055366 -0.145338
0.215614 0.412495 3.500000 -1.089206 -0.529763
0.226351 0.401749 3.600000 -1.107114 0.172507
0.236835 0.393137 3.700000 -1.117816 -0.386023
0.247102 0.383404 3.800000 -1.128923 0.164446
0.255575 0.381017 3.900000 -1.082642 0.758858
0.261366 0.384664 4.000000 -0.992970 1.030091
0.265267 0.377246 4.100000 -0.922168 0.382414
0.268454 0.368638 4.200000 -0.897025 0.119198
0.270990 0.361932 4.300000 -0.871822 0.383598
0.272452 0.358389 4.400000 -0.820697 0.636351
0.272567 0.358790 4.500000 -0.745283 0.868157
0.271646 0.353710 4.600000 -0.677208 0.489927
0.269798 0.355811 4.700000 -0.604856 0.953504
0.267019 0.355072 4.800000 -0.516986 0.799505
0.263537 0.356336 4.900000 -0.431066 0.914597
0.259310 0.371556 5.000000 -0.309781 1.505028
0.254683 0.370872 5.100000 -0.193251 0.819752
0.249951 0.379080 5.200000 -0.088522 1.269581
0.245331 0.382987 5.300000 0.029569 1.086342
0.241059 0.389193 5.400000 0.144352 1.203580
0.237333 0.391084 5.500000 0.254560 0.995061
0.234208 0.389719 5.600000 0.344114 0.791543
0.231537 0.383714 5.700000 0.398225 0.287973
0.229200 0.378573 5.800000 0.432753 0.400867
0.227526 0.382152 5.900000 0.507452 1.089371
0.226523 0.376591 6.000000 0.576741 0.292942
0.225817 0.371078 6.100000 0.604650 0.263845
0.225404 0.365831 6.200000 0.632140 0.284585
0.225579 0.365468 6.300000 0.687896 0.827744
0.226531 0.362390 6.400000 0.758218 0.575180
0.228298 0.362051 6.500000 0.828383 0.824606
0.230752 0.357466 6.600000 0.886321 0.331258
0.234051 0.359835 6.700000 0.953973 1.018414
0.238073 0.354742 6.800000 1.011532 0.129885
0.242458 0.351599 6.900000 1.044058 0.519003
0.247844 0.353054 7.000000 1.117885 0.953851
0.254917 0.359768 7.100000 1.230530 1.293417
0.264068 0.365750 7.200000 1.358627 1.262118
0.275371 0.371049 7.300000 1.483603 1.231158
0.289148 0.380029 7.400000 1.617765 1.445371
0.304829 0.377509 7.500000 1.720995 0.614061
0.320636 0.372736 7.600000 1.744709 -0.140973
0.335364 0.369345 7.700000 1.714318 -0.465323
0.348909 0.365195 7.800000 1.676549 -0.288171
0.361002 0.364519 7.900000 1.622567 -0.788776
0.371295 0.363430 8.000000 1.545767 -0.743374
0.380132 0.360902 8.100000 1.480497 -0.558754
0.388094 0.356775 8.200000 1.442879 -0.191736
0.395495 0.352878 8.300000 1.421097 -0.242811
0.401945 0.351606 8.400000 1.373858 -0.699606
0.407038 0.351726 8.500000 1.296144 -0.850782
0.410602 0.354830 8.600000 1.197600 -1.115173
0.412519 0.360457 8.700000 1.076348 -1.303819
0.412983 0.363994 8.800000 0.952740 -1.162152
0.412559 0.361775 8.900000 0.865761 -0.573070
0.411406 0.363860 9.000000 0.784389 -1.050318
0.409414 0.366739 9.100000 0.675535 -1.121313
0.406694 0.370504 9.200000 0.559308 -1.197423
0.403386 0.374605 9.300000 0.437650 -1.229645
0.399756 0.373064 9.400000 0.342152 -0.675547
0.396064 0.369288 9.500000 0.300990 -0.145625
0.392372 0.366153 9.600000 0.275596 -0.360995
0.388655 0.363258 9.700000 0.237146 -0.406079
0.384939 0.359922 9.800000 0.203910 -0.256968
0.381344 0.358664 9.900000 0.225327 0.684242
0.377880 0.355266 10.000000 0.250806 -0.175955
0.374515 0.352688 10.100000 0.263526 0.429719
0.371214 0.350242 10.200000 0.262571 -0.448756
0.367840 0.349670 10.300000 0.201854 -0.762550
0.364412 0.349161 10.400000 0.125049 -0.769720
0.360990 0.347239 10.500000 0.059427 -0.539423
0.357617 0.344799 10.600000 0.011590 -0.414940
0.354308 0.341933 10.700000 -0.022534 -0.265831
0.351062 0.338882 10.800000 -0.028981 0.137215
0.347871 0.335953 10.900000 -0.012962 0.182367
0.344739 0.334205 11.000000 0.022887 0.532827
0.341677 0.331367 11.100000 0.058668 0.180990
0.338670 0.328479 11.200000 0.062732 -0.099918
0.335707 0.326021 11.300000 0.042149 -0.310713
0.332790 0.327124 11.400000 -0.021126 -0.951623
0.329958 0.325246 11.500000 -0.092265 -0.467595
0.327230 0.324079 11.600000 -0.146497 -0.614330
0.324609 0.321590 11.700000 -0.189645 -0.246469
0.321995 0.321214 11.800000 -0.164702 0.744073
0.319372 0.318628 11.900000 -0.119979 0.148159
0.316767 0.316724 12.000000 -0.091498 0.420041
0.314176 0.316079 12.100000 -0.035859 0.689949
0.311629 0.316582 12.200000 0.042303 0.869390
0.309165 0.315019 12.300000 0.110728 0.495680
0.306768 0.312511 12.400000 0.138327 0.054928
0.304383 0.311387 12.500000 0.111778 -0.584585
0.301995 0.310837 12.600000 0.047637 -0.695028
0.299636 0.308741 12.700000 -0.001832 -0.291883
0.297329 0.309783 12.800000 -0.063651 -0.941400
0.295100 0.307645 12.900000 -0.123473 -0.252045
0.292907 0.305487 13.000000 -0.124901 0.223546
0.290762 0.304207 13.100000 -0.139886 -0.522489
0.288687 0.301972 13.200000 -0.172019 -0.118566
0.286650 0.299719 13.300000 -0.177340 0.012419
0.284617 0.298120 13.400000 -0.156189 0.409532
0.282542 0.302694 13.500000 -0.067662 1.356590
0.280483 0.302002 13.600000 0.032661 0.644841
0.278468 0.299840 13.700000 0.069254 0.085203
0.276484 0.297683 13.800000 0.073456 -0.001381
0.274532 0.295631 13.900000 0.080625 0.144406
0.272626 0.294028 14.000000 0.106557 0.372941
0.270777 0.292353 14.100000 0.142053 0.335201
0.268950 0.290873 14.200000 0.138719 -0.401721
0.267147 0.289249 14.300000 0.135524 0.337981
0.265420 0.288582 14.400000 0.183563 0.620409
0.263798 0.287396 14.500000 0.238754 0.480650
0.262259 0.285627 14.600000 0.274572 0.233921
0.260777 0.283752 14.700000 0.292640 0.126529
0.259325 0.281848 14.800000 0.298206 -0.015483
0.257886 0.279977 14.900000 0.294996 -0.048560
0.256440 0.278304 15.000000 0.280822 -0.234214
0.254956 0.277006 15.100000 0.248909 -0.402438
0.253392 0.278648 15.200000 0.177218 -1.027806
0.251771 0.278902 15.300000 0.085736 -0.797255
0.250149 0.283933 15.400000 -0.027164 -1.455116
0.248648 0.289964 15.500000 -0.178555 -1.565131
0.247402 0.294119 15.600000 -0.325820 -1.372792
0.246499 0.297242 15.700000 -0.457539 -1.255005
0.245966 0.298321 15.800000 -0.568983 -0.968310
0.245861 0.300838 15.900000 -0.676872 -1.184072
0.246306 0.303530 16.000000 -0.796969 -1.211862
0.247417 0.306944 16.100000 -0.923320 -1.308833
0.249312 0.310358 16.200000 -1.054797 -1.314143
0.252024 0.312481 16.300000 -1.178197 -1.147686
0.255590 0.315034 16.400000 -1.296441 -1.211284
0.260236 0.320039 16.500000 -1.433042 -1.513912
0.266230 0.325619 16.600000 -1.588243 -1.582339
0.273683 0.330358 16.700000 -1.742639 -1.497851
0.281928 0.328483 16.800000 -1.825944 -0.164091
0.290131 0.326562 16.900000 -1.831107 0.061095
0.298089 0.324791 17.000000 -1.817108 0.218180
0.305662 0.323235 17.100000 -1.789229 0.337994
0.312876 0.321472 17.200000 -1.762726 0.190755
0.319491 0.321645 17.300000 -1.711129 0.838604
0.325240 0.321713 17.400000 -1.628161 0.816605
0.330147 0.322193 17.500000 -1.542048 0.901356
0.334213 0.322952 17.600000 -1.448970 0.955539
0.337171 0.329994 17.700000 -1.312068 1.775663
0.338796 0.339790 17.800000 -1.120739 2.041342
0.339340 0.345670 17.900000 -0.934599 1.672149
0.339183 0.348017 18.000000 -0.788555 1.241434
0.338596 0.348281 18.100000 -0.681715 0.890027
0.337767 0.347090 18.200000 -0.611509 0.510579
0.336755 0.346578 18.300000 -0.550276 0.711012
0.335569 0.345661 18.400000 -0.484819 0.594856
0.334374 0.344264 18.500000 -0.475774 -0.414401
0.333297 0.342814 18.600000 -0.515717 -0.382457
0.332363 0.341743 18.700000 -0.561544 -0.531797
0.331553 0.340053 18.800000 -0.598791 -0.211278
0.330852 0.338702 18.900000 -0.629854 -0.408424
0.330395 0.339312 19.000000 -0.698152 -0.954117
0.330278 0.339097 19.100000 -0.784678 -0.772082
0.330419 0.337845 19.200000 -0.845506 -0.441432
0.330677 0.336125 19.300000 -0.872288 -0.092884
0.330963 0.334407 19.400000 -0.879189 -0.044790
0.331260 0.332701 19.500000 -0.882237 -0.016009
0.331586 0.331053 19.600000 -0.889412 -0.127128
0.331883 0.329528 19.700000 -0.883691 0.241264
0.332044 0.328214 19.800000 -0.853109 0.368836
0.331936 0.328737 19.900000 -0.787993 0.930236
0.331486 0.329230 20.000000 -0.694989 0.925194
0.330672 0.332536 20.100000 -0.577831 1.412092
0.329485 0.337700 20.200000 -0.423754 1.661748
0.328088 0.337809 20.300000 -0.297921 0.848621
0.326601 0.337687 20.400000 -0.215738 0.790944
0.325078 0.336279 20.500000 -0.160618 0.308693
0.323531 0.336821 20.600000 -0.097672 0.947079
0.321975 0.336898 20.700000 -0.008094 0.840002
0.320449 0.337031 20.800000 0.076818 0.853998
0.318978 0.336417 20.900000 0.151965 0.645174
0.317606 0.338060 21.000000 0.242893 1.168836
0.316369 0.337404 21.100000 0.333095 0.630694
0.315228 0.336128 21.200000 0.382889 0.362704
0.314164 0.334839 21.300000 0.418468 0.347090
0.313184 0.333610 21.400000 0.454685 0.375439
0.312349 0.333689 21.500000 0.515488 0.837580
0.311749 0.334106 21.600000 0.603639 0.921047
0.311438 0.334730 21.700000 0.698412 0.969662
0.311355 0.333521 21.800000 0.765759 0.373919
0.311383 0.332147 21.900000 0.797041 0.250163
0.311587 0.331729 22.000000 0.844294 0.692519
0.312091 0.331754 22.100000 0.920169 0.821196
0.312876 0.330858 22.200000 0.987090 0.513887
0.313958 0.330883 22.300000 1.053971 0.820376
0.315387 0.330330 22.400000 1.127299 0.642519
0.316933 0.328905 22.500000 1.153030 -0.129177
0.318415 0.327467 22.600000 1.143125 -0.068440
0.319832 0.326074 22.700000 1.132645 -0.140622
0.321181 0.324665 22.800000 1.121481 -0.082098
0.322631 0.323876 22.900000 1.144204 0.535414
0.324161 0.322533 23.000000 1.162746 -0.165510
0.325600 0.321187 23.100000 1.147336 -0.141917
0.326892 0.320179 23.200000 1.119375 -0.415906
0.327890 0.320164 23.300000 1.058644 -0.795669
0.328423 0.322553 23.400000 0.952200 -1.327881
0.328596 0.321773 23.500000 0.859255 -0.526370
0.328517 0.322156 23.600000 0.787338 -0.908375
0.328217 0.321324 23.700000 0.716835 -0.498173
0.327856 0.319993 23.800000 0.695902 0.080569
0.327531 0.318699 23.900000 0.706813 0.137108
0.327176 0.317645 24.000000 0.695679 -0.359240
0.326653 0.317943 24.100000 0.633407 -0.883091
0.325957 0.317280 24.200000 0.561079 -0.559855
0.325212 0.315992 24.300000 0.537002 0.079520
0.324508 0.314814 24.400000 0.552718 0.234015
0.323933 0.314880 24.500000 0.605235 0.813712
0.323619 0.316117 24.600000 0.701856 1.113860
0.323507 0.314950 24.700000 0.769275 0.231158
0.323432 0.313685 24.800000 0.780770 -0.001836
0.323369 0.312443 24.900000 0.784595 0.078157
0.323279 0.311335 25.000000 0.775364 -0.262330
0.323152 0.310101 25.100000 0.763488 0.025414
0.323000 0.308957 25.200000 0.754575 -0.203237
0.322842 0.307786 25.300000 0.752030 0.152465
0.322769 0.306906 25.400000 0.780124 0.408010
0.322702 0.305983 25.500000 0.781714 -0.376287
0.322469 0.305890 25.600000 0.725201 -0.751144
0.322004 0.306737 25.700000 0.636225 -1.023935
0.321255 0.310313 25.800000 0.506185 -1.570364
0.320266 0.312840 25.900000 0.357749 -1.390930
0.319138 0.314483 26.000000 0.226983 -1.217853
0.317936 0.317178 26.100000 0.094326 -1.428654
0.316733 0.320276 26.200000 -0.052707 -1.504648
0.315590 0.320589 26.300000 -0.173130 -0.897796
0.314530 0.320909 26.400000 -0.263265 -0.900403
0.313524 0.319706 26.500000 -0.306325 0.041373
0.312510 0.318609 26.600000 -0.292611 0.232204
0.311484 0.317458 26.700000 -0.273848 0.142135
0.310416 0.317867 26.800000 -0.220382 0.924500
0.309286 0.320462 26.900000 -0.102498 1.427291
0.308146 0.322089 27.000000 0.030897 1.233935
0.307061 0.324259 27.100000 0.160460 1.350857
0.306056 0.323631 27.200000 0.255871 0.552581
0.305111 0.322860 27.300000 0.307344 0.474314
0.304206 0.321700 27.400000 0.335550 0.088398
0.303304 0.320577 27.500000 0.332303 -0.153172
0.302423 0.319700 27.600000 0.344391 0.394315
0.301618 0.319291 27.700000 0.396322 0.641711
0.300919 0.318940 27.800000 0.461837 0.665322
0.300320 0.318115 27.900000 0.516213 0.419463
0.299843 0.318073 28.000000 0.576473 0.782725
0.299474 0.317020 28.100000 0.626024 0.205827
0.299126 0.315904 28.200000 0.633828 -0.050141
0.298815 0.315019 28.300000 0.649321 0.359227
0.298633 0.314780 28.400000 0.702540 0.702502
0.298646 0.314796 28.500000 0.777814 0.799204
0.298831 0.314000 28.600000 0.838721 0.415902
0.299100 0.312952 28.700000 0.867397 0.156169
0.299442 0.312067 28.800000 0.892157 0.337797
0.299841 0.310994 28.900000 0.911324 0.044593
0.300254 0.309932 29.000000 0.916643 0.061513
0.300643 0.308939 29.100000 0.909677 -0.200483
0.300969 0.307948 29.200000 0.889974 -0.192580
0.301257 0.306904 29.300000 0.878247 -0.041389
0.301452 0.306432 29.400000 0.847153 -0.578931
0.301521 0.305561 29.500000 0.802493 -0.312044
0.301629 0.305135 29.600000 0.816844 0.598356
0.301945 0.305342 29.700000 0.889768 0.856482
0.302549 0.305945 29.800000 0.982105 0.985629
0.303464 0.306143 29.900000 1.074365 0.854975
0.304667 0.306006 30.000000 1.153709 0.727927
0.306131 0.305667 30.100000 1.222177 0.638001
0.307907 0.306003 30.200000 1.299411 0.902833
0.309945 0.305194 30.300000 1.362037 0.346551
0.311960 0.304447 30.400000 1.359714 -0.392889
0.313603 0.306079 30.500000 1.276465 -1.267929
0.314837 0.305924 30.600000 1.176868 -0.719038
0.315913 0.304940 30.700000 1.136931 -0.077710
0.316828 0.304930 30.800000 1.094085 -0.777069
0.317410 0.306085 30.900000 0.997419 -1.151414
0.317661 0.306727 31.000000 0.889288 -1.005803
0.317655 0.306991 31.100000 0.794665 -0.881916
0.317241 0.317987 31.200000 0.613205 -2.738214
0.316405 0.330192 31.300000 0.331536 -2.881077
0.315404 0.342408 31.400000 0.042220 -2.890779
0.314488 0.351125 31.500000 -0.227431 -2.488760
0.313852 0.359520 31.600000 -0.475213 -2.454495
0.313718 0.370386 31.700000 -0.736701 -2.762190
0.314288 0.378286 31.800000 -0.995678 -2.404406
0.315647 0.384319 31.900000 -1.223909 -2.148796
0.317758 0.386870 32.000000 -1.409377 -1.551297
0.320471 0.387641 32.100000 -1.543634 -1.127124
0.323644 0.387435 32.200000 -1.640306 -0.801472
0.326990 0.386243 32.300000 -1.677930 0.050857
0.330280 0.385066 32.400000 -1.671095 0.085500
0.333355 0.384597 32.500000 -1.632665 0.681198
0.335953 0.385632 32.600000 -1.538244 1.202487
0.337918 0.388133 32.700000 -1.400116 1.553173
0.339118 0.394494 32.800000 -1.210609 2.227482
0.339673 0.396857 32.900000 -1.022140 1.532482
0.339636 0.406781 33.000000 -0.809307 2.713542
0.339045 0.416980 33.100000 -0.535231 2.754273
0.338110 0.431191 33.200000 -0.236313 3.209130
0.337103 0.440220 33.300000 0.056154 2.625598
0.336233 0.446668 33.400000 0.302073 2.280485
0.335607 0.449652 33.500000 0.501716 1.702397
0.335277 0.452411 33.600000 0.670312 1.661083
0.335407 0.459132 33.700000 0.870575 2.334165
0.336195 0.464937 33.800000 1.098012 2.203201
0.337687 0.468327 33.900000 1.298604 1.798622
0.339737 0.468489 34.000000 1.440044 1.023091
0.342238 0.468861 34.100000 1.546050 1.091728
0.345050 0.467639 34.200000 1.616565 0.315047
0.347903 0.466287 34.300000 1.628800 -0.070951
0.350659 0.465042 34.400000 1.611674 -0.270718
0.353192 0.464270 34.500000 1.566552 -0.629453
0.355323 0.464782 34.600000 1.478213 -1.132927
0.356997 0.464971 34.700000 1.369787 -1.030168
0.358211 0.466337 34.800000 1.249359 -1.372365
0.358992 0.466819 34.900000 1.124081 -1.126935
0.359346 0.469532 35.000000 0.983140 -1.684829
0.359358 0.469404 35.100000 0.852515 -0.921146
0.359148 0.469537 35.200000 0.755407 -1.016157
0.358788 0.468535 35.300000 0.680425 -0.479724
0.358327 0.467768 35.400000 0.624984 -0.626324
0.357752 0.467312 35.500000 0.554414 -0.781557
0.357084 0.466415 35.600000 0.488061 -0.542189
0.356365 0.465229 35.700000 0.446393 -0.289089
0.355610 0.464114 35.800000 0.413797 -0.361202
0.354775 0.465119 35.900000 0.331277 -1.285071
0.353849 0.466094 36.000000 0.202788 -1.278283
0.352885 0.465689 36.100000 0.098635 -0.799571
0.351917 0.464431 36.200000 0.051850 -0.133791
0.350952 0.463156 36.300000 0.043515 -0.032489
0.349991 0.462544 36.400000 0.007184 -0.692318
0.349040 0.461830 36.500000 -0.059313 -0.634299
0.348110 0.461160 36.600000 -0.124058 -0.657357
0.347218 0.460900 36.700000 -0.199861 -0.854901
0.346397 0.461260 36.800000 -0.297335 -1.089709
0.345694 0.462177 36.900000 -0.415377 -1.265231
0.345115 0.461511 37.000000 -0.511694 -0.656301
0.344593 0.460285 37.100000 -0.549688 -0.101666
0.344074 0.459065 37.200000 -0.549615 0.103110
0.343550 0.457838 37.300000 -0.543946 0.009985
0.343049 0.456729 37.400000 -0.557972 -0.289807
0.342570 0.455516 37.500000 -0.570731 0.035266
0.342052 0.454664 37.600000 -0.542967 0.518628
0.341424 0.455326 37.700000 -0.457455 1.187341
0.340654 0.457678 37.800000 -0.315671 1.641247
0.339789 0.459872 37.900000 -0.152850 1.607029
0.338897 0.463112 38.000000 0.019970 1.840737
0.338069 0.467053 38.100000 0.211703 1.984336
0.337400 0.470366 38.200000 0.404565 1.863266
0.336993 0.474714 38.300000 0.601663 2.068840
0.336964 0.478852 38.400000 0.807298 2.033581
0.337406 0.482604 38.500000 1.007639 1.963207
0.338461 0.488183 38.600000 1.221261 2.298557
0.340282 0.493038 38.700000 1.445650 2.177998
0.342862 0.495442 38.800000 1.639540 1.690116
0.346217 0.498586 38.900000 1.817271 1.855616
0.350282 0.498978 39.000000 1.967525 1.141939
0.354859 0.498794 39.100000 2.071067 0.923737
0.359733 0.497615 39.200000 2.130729 0.266506
0.364575 0.496456 39.300000 2.129719 -0.286650
0.369198 0.495449 39.400000 2.093080 -0.444302
0.373494 0.494844 39.500000 2.034960 -0.715193
0.377434 0.494063 39.600000 1.968623 -0.608230
0.381079 0.493162 39.700000 1.912073 -0.519931
0.384624 0.491966 39.800000 1.894994 0.179204
0.388140 0.490800 39.900000 1.892662 -0.225725
0.391434 0.490106 40.000000 1.848669 -0.651934
0.394396 0.489568 40.100000 1.778878 -0.740393
0.397095 0.488549 40.200000 1.721847 -0.397394
0.399589 0.487668 40.300000 1.676116 -0.514939
0.401922 0.486519 40.400000 1.639716 -0.211226
0.404101 0.485628 40.500000 1.604102 -0.499273
0.406114 0.484542 40.600000 1.564292 -0.294948
0.408029 0.483390 40.700000 1.540957 -0.170588
0.409821 0.482441 40.800000 1.510517 -0.436683
0.411405 0.481791 40.900000 1.455676 -0.657394
0.412750 0.481184 41.000000 1.388572 -0.681330
0.413845 0.480789 41.100000 1.314417 -0.798053
0.414675 0.480561 41.200000 1.230326 -0.879563
0.415247 0.480373 41.300000 1.141253 -0.897453
0.415526 0.481273 41.400000 1.030766 -1.306768
0.415445 0.484137 41.500000 0.873581 -1.829070
0.415081 0.484435 41.600000 0.726618 -1.102842
0.414495 0.486961 41.700000 0.583350 -1.755350
0.413727 0.487842 41.800000 0.429783 -1.308310
0.412865 0.487500 41.900000 0.322618 -0.829635
0.411959 0.486779 42.000000 0.250598 -0.607157
0.411024 0.486218 42.100000 0.184717 -0.707172
0.410074 0.485128 42.200000 0.138088 -0.223081
0.409124 0.484006 42.300000 0.119951 -0.138763
0.408180 0.482928 42.400000 0.124323 0.225988
0.407252 0.482122 42.500000 0.162168 0.529035
0.406339 0.480999 42.600000 0.185091 -0.071724
0.405436 0.480020 42.700000 0.199094 0.351079
0.404547 0.478906 42.800000 0.220079 0.067561
0.403678 0.478091 42.900000 0.248873 0.506879
0.402826 0.476993 43.000000 0.269235 -0.100647
0.401973 0.475892 43.100000 0.261994 -0.043807
0.401126 0.474809 43.200000 0.265870 0.121132
0.400284 0.473729 43.300000 0.266403 -0.110498
0.399438 0.472657 43.400000 0.254831 -0.120362
0.398575 0.472064 43.500000 0.215985 -0.654622
0.397679 0.472997 43.600000 0.116684 -1.326427
0.396771 0.472750 43.700000 0.007380 -0.854202
0.395886 0.475577 43.800000 -0.128235 -1.851315
0.395097 0.478280 43.900000 -0.312501 -1.824792
0.394432 0.478209 44.000000 -0.451353 -0.945295
0.393847 0.477343 44.100000 -0.520655 -0.437278
0.393292 0.476267 44.200000 -0.544095 -0.030352
0.392790 0.475863 44.300000 -0.584256 -0.770860
0.392330 0.474836 44.400000 -0.613160 0.194226
0.391843 0.473835 44.500000 -0.591480 0.238280
0.391317 0.472943 44.600000 -0.560115 0.387463
0.390747 0.472046 44.700000 -0.521815 0.376621
0.390118 0.471627 44.800000 -0.465145 0.753948
0.389409 0.471687 44.900000 -0.377297 0.998616
0.388627 0.472076 45.000000 -0.270224 1.137486
0.387793 0.472610 45.100000 -0.153325 1.194647
0.386940 0.472251 45.200000 -0.053985 0.787190
0.386091 0.473076 45.300000 0.050702 1.301306
0.385285 0.474989 45.400000 0.198098 1.639252
0.384592 0.477619 45.500000 0.371987 1.829828
0.384075 0.479401 45.600000 0.544283 1.607485
0.383774 0.480949 45.700000 0.702137 1.541706
0.383810 0.485648 45.800000 0.894548 2.296882
0.384318 0.489063 45.900000 1.111342 2.028172
0.385303 0.490906 46.000000 1.295024 1.636270
0.386720 0.491677 46.100000 1.442277 1.301434
0.388408 0.490803 46.200000 1.528450 0.417711
0.390226 0.489924 46.300000 1.569799 0.407196
0.392100 0.488872 46.400000 1.588433 -0.035436
0.394005 0.487897 46.500000 1.599876 0.263716
0.395992 0.486922 46.600000 1.625853 0.254537
0.398015 0.485882 46.700000 1.638708 0.001921
0.400070 0.484904 46.800000 1.650592 0.235161
0.402018 0.484564 46.900000 1.621985 -0.805864
0.403729 0.483851 47.000000 1.554227 -0.545915
0.405222 0.483432 47.100000 1.488945 -0.756472
0.406539 0.482534 47.200000 1.433878 -0.342101
0.407728 0.481748 47.300000 1.393217 -0.469092
0.408827 0.480750 47.400000 1.363569 -0.122389
0.409860 0.479839 47.500000 1.342000 -0.307909
0.410787 0.479024 47.600000 1.305202 -0.426208
0.411527 0.478944 47.700000 1.236766 -0.939087
0.412007 0.479295 47.800000 1.132669 -1.137657
0.412245 0.479319 47.900000 1.025973 -0.990926
0.412332 0.478551 48.000000 0.952835 -0.468171
0.412306 0.478063 48.100000 0.894397 -0.697677
0.412175 0.477315 48.200000 0.835217 -0.482961
0.411944 0.476862 48.300000 0.774979 -0.718789
0.411571 0.477295 48.400000 0.680208 -1.171898
0.411042 0.478115 48.500000 0.555126 -1.323473
0.410361 0.480392 48.600000 0.399481 -1.781657
0.409570 0.482786 48.700000 0.219151 -1.815923
0.408736 0.483734 48.800000 0.059178 -1.375541
0.407904 0.483308 48.900000 -0.046950 -0.741700
0.407091 0.483361 49.000000 -0.134718 -1.009271
0.406329 0.484220 49.100000 -0.252793 -1.346344
0.405692 0.488032 49.200000 -0.429260 -2.174162
0.405297 0.492021 49.300000 -0.649387 -2.217369
0.405193 0.493649 49.400000 -0.841294 -1.611176
0.405374 0.494762 49.500000 -0.994546 -1.446207
0.405858 0.495706 49.600000 -1.136640 -1.388568
0.406702 0.497217 49.700000 -1.285440 -1.579994
0.408075 0.501319 49.800000 -1.477698 -2.255557
0.410143 0.504918 49.900000 -1.698288 -2.145198
0.412986 0.508686 50.000000 -1.915475 -2.187688
0.416540 0.509682 50.100000 -2.096324 -1.420250
0.420707 0.510840 50.200000 -2.241590 -1.477818
0.425210 0.509832 50.300000 -2.319615 -0.078768
0.429571 0.509208 50.400000 -2.292317 0.623363
0.433568 0.509050 50.500000 -2.214629 0.926507
0.437018 0.510488 50.600000 -2.089299 1.573835
0.439948 0.510381 50.700000 -1.962529 0.955229
0.442532 0.510041 50.800000 -1.873479 0.821311
0.444866 0.509289 50.900000 -1.807110 0.502741
0.447089 0.508298 51.000000 -1.778036 0.077291
0.449215 0.507484 51.100000 -1.752712 0.427918
0.451186 0.506687 51.200000 -1.709006 0.444017
0.452989 0.505983 51.300000 -1.659803 0.537600
0.454650 0.505086 51.400000 -1.617932 0.297715
0.456281 0.504126 51.500000 -1.609946 -0.138384
0.457939 0.503156 51.600000 -1.620717 -0.076507
0.459610 0.502188 51.700000 -1.627102 -0.050882
0.461322 0.501278 51.800000 -1.641973 -0.245781
0.463012 0.500425 51.900000 -1.637266 0.339681
0.464610 0.499509 52.000000 -1.609505 0.214160
0.466083 0.498852 52.100000 -1.570699 0.560009
0.467408 0.498049 52.200000 -1.522756 0.396451
0.468537 0.497956 52.300000 -1.455349 0.948332
0.469440 0.497467 52.400000 -1.373000 0.694521
0.470147 0.497161 52.500000 -1.297061 0.820466
0.470655 0.496863 52.600000 -1.214598 0.824660
0.470979 0.496531 52.700000 -1.133082 0.801589
0.471162 0.495874 52.800000 -1.065539 0.545896
0.471168 0.496467 52.900000 -0.974363 1.273075
0.470956 0.497079 53.000000 -0.846294 1.281895
0.470516 0.499430 53.100000 -0.688325 1.869590
0.469906 0.499619 53.200000 -0.539702 1.095428
0.469240 0.498703 53.300000 -0.477485 0.145808
0.468565 0.497781 53.400000 -0.464996 0.103345
0.467856 0.497417 53.500000 -0.420823 0.777903
0.467126 0.496516 53.600000 -0.390161 -0.166194
0.466414 0.495647 53.700000 -0.410541 -0.240383
0.465732 0.494887 53.800000 -0.443396 -0.415085
0.465146 0.496468 53.900000 -0.546516 -1.642142
0.464754 0.498056 54.000000 -0.711374 -1.646786
0.464628 0.500590 54.100000 -0.890895 -1.934647
0.464859 0.503231 54.200000 -1.086467 -1.967021
0.465535 0.506351 54.300000 -1.290216 -2.097777
0.466655 0.507282 54.400000 -1.466751 -1.424099
0.468102 0.507171 54.500000 -1.585507 -0.945071
0.469715 0.506284 54.600000 -1.643385 -0.209605
0.471353 0.505360 54.700000 -1.653842 0.000984
0.472894 0.504777 54.800000 -1.623264 0.609060
0.474159 0.505340 54.900000 -1.528782 1.275859
0.475075 0.505977 55.000000 -1.399225 1.308793
0.475662 0.506805 55.100000 -1.264060 1.387749
0.475906 0.508766 55.200000 -1.105077 1.783953
0.475809 0.511235 55.300000 -0.918546 1.937347
0.475414 0.514234 55.400000 -0.716874 2.086022
0.474791 0.517229 55.500000 -0.507656 2.087863
0.474021 0.519887 55.600000 -0.302809 1.998838
0.473187 0.520637 55.700000 -0.133937 1.370154
0.472341 0.521441 55.800000 0.004552 1.392706
0.471514 0.521840 55.900000 0.135554 1.220790
0.470726 0.521689 56.000000 0.243600 0.934714
0.469989 0.521466 56.100000 0.335080 0.890311
0.469335 0.522341 56.200000 0.451086 1.424012
0.468818 0.523380 56.300000 0.597102 1.489014
0.468446 0.523244 56.400000 0.719117 0.945190
0.468162 0.522429 56.500000 0.784152 0.352253
0.467938 0.521710 56.600000 0.825824 0.479110
0.467831 0.521772 56.700000 0.902719 1.054941
0.467973 0.523822 56.800000 1.047717 1.837755
0.468477 0.525668 56.900000 1.228828 1.775423
0.469398 0.527733 57.000000 1.410364 1.846211
0.470701 0.527885 57.100000 1.558483 1.108771
0.472342 0.528471 57.200000 1.679943 1.314359
0.474289 0.528037 57.300000 1.783302 0.747650
0.476398 0.527207 57.400000 1.836793 0.319499
0.478618 0.526441 57.500000 1.873554 0.413869
0.480853 0.525593 57.600000 1.880576 -0.273768
0.482903 0.525287 57.700000 1.824988 -0.835210
0.484667 0.525186 57.800000 1.734692 -0.966193
0.486209 0.524506 57.900000 1.660633 -0.511285
0.487596 0.523860 58.000000 1.607639 -0.545953
0.488745 0.524181 58.100000 1.520519 -1.192097
0.489585 0.524572 58.200000 1.399271 -1.226805
0.490159 0.524648 58.300000 1.284323 -1.066405
0.490498 0.524885 58.400000 1.173123 -1.152037
0.490614 0.525140 58.500000 1.057180 -1.161020
0.490576 0.524574 58.600000 0.967847 -0.621169
0.490335 0.527203 58.700000 0.834715 -2.034824
0.489876 0.527901 58.800000 0.664046 -1.370011
0.489273 0.529039 58.900000 0.517744 -1.548708
0.488564 0.529572 59.000000 0.374992 -1.299198
0.487798 0.529380 59.100000 0.264136 -0.912383
0.487015 0.528488 59.200000 0.217114 -0.025714
0.486241 0.527707 59.300000 0.233868 0.359956
0.485494 0.527277 59.400000 0.288866 0.737257
0.484780 0.526524 59.500000 0.345676 0.396107
0.484097 0.525883 59.600000 0.392441 0.536855
0.483439 0.525020 59.700000 0.426194 0.136512
0.482801 0.524238 59.800000 0.449968 0.337784
0.482170 0.523400 59.900000 0.456577 -0.205930
0.481498 0.523401 60.000000 0.394940 -1.023727
0.480779 0.522869 60.100000 0.311699 -0.636928
0.480035 0.522221 60.200000 0.253952 -0.515141
0.479297 0.521722 60.300000 0.261437 0.664485
0.478589 0.521069 60.400000 0.319947 0.502775
0.477910 0.520355 60.500000 0.366259 0.421161
0.477235 0.519597 60.600000 0.369979 -0.346956
0.476530 0.519298 60.700000 0.311387 -0.821958
0.475795 0.518715 60.800000 0.241481 -0.572660
0.475055 0.517881 60.900000 0.219874 0.141593
0.474325 0.517093 61.000000 0.240517 0.270235
0.473612 0.516396 61.100000 0.275357 0.424835
0.472916 0.515589 61.200000 0.307202 0.210481
0.472233 0.514776 61.300000 0.326827 0.181026
0.471563 0.513980 61.400000 0.347126 0.223942
0.470908 0.513187 61.500000 0.369591 0.224241
0.470258 0.512374 61.600000 0.373182 -0.152610
0.469608 0.511552 61.700000 0.370270 0.094518
0.468964 0.510726 61.800000 0.376049 0.020770
0.468321 0.509902 61.900000 0.376145 -0.018859
0.467676 0.509102 62.000000 0.367142 -0.160742
0.467037 0.508365 62.100000 0.375095 0.319400
0.466411 0.507551 62.200000 0.393427 0.046324
0.465786 0.506746 62.300000 0.390627 -0.102174
0.465156 0.505947 62.400000 0.379445 -0.120915
0.464494 0.506139 62.500000 0.317281 -1.119250
0.463785 0.506496 62.600000 0.200636 -1.207833
0.463049 0.507678 62.700000 0.060862 -1.580659
0.462320 0.508705 62.800000 -0.094508 -1.518956
0.461630 0.509168 62.900000 -0.234064 -1.265193
0.461003 0.509760 63.000000 -0.364080 -1.328619
0.460484 0.511196 63.100000 -0.515076 -1.683753
0.460147 0.513785 63.200000 -0.703417 -2.073656
0.460094 0.517209 63.300000 -0.923508 -2.317163
0.460375 0.518944 63.400000 -1.129845 -1.799265
0.460969 0.519891 63.500000 -1.295096 -1.497489
0.461821 0.519749 63.600000 -1.416626 -0.927024
0.462918 0.520097 63.700000 -1.524140 -1.217892
0.464285 0.520056 63.800000 -1.635010 -0.993955
0.465827 0.519356 63.900000 -1.703846 -0.379334
0.467435 0.518562 64.000000 -1.730027 -0.142973
0.469141 0.518041 64.100000 -1.767635 -0.607309
0.470909 0.517246 64.200000 -1.792275 0.115745
0.472664 0.516446 64.300000 -1.789642 -0.063207
0.474358 0.515815 64.400000 -1.769367 0.467693
0.475885 0.515434 64.500000 -1.709086 0.734899
0.477113 0.516524 64.600000 -1.593946 1.562140
0.477958 0.517903 64.700000 -1.431459 1.679495
0.478405 0.520644 64.800000 -1.239846 2.143166
0.478449 0.524683 64.900000 -1.006676 2.508575
0.478169 0.527657 65.000000 -0.769737 2.218374
0.477667 0.530477 65.100000 -0.549494 2.175464
0.477018 0.533509 65.200000 -0.328134 2.240679
0.476296 0.537206 65.300000 -0.094033 2.429637
0.475576 0.538037 65.400000 0.101474 1.470725
0.474910 0.540368 65.500000 0.277111 2.033232
0.474352 0.541800 65.600000 0.465296 1.721052
0.473935 0.542981 65.700000 0.632986 1.624359
0.473638 0.542454 65.800000 0.745734 0.624971
0.473399 0.541729 65.900000 0.795007 0.358030
0.473158 0.541034 66.000000 0.792644 -0.405168
0.472880 0.540261 66.100000 0.760114 -0.243822
0.472561 0.539634 66.200000 0.722896 -0.498674
0.472193 0.538968 66.300000 0.675753 -0.441816
0.471781 0.538336 66.400000 0.629186 -0.487208
0.471333 0.537604 66.500000 0.588837 -0.317743
0.470861 0.536852 66.600000 0.559443 -0.268667
0.470360 0.536216 66.700000 0.522208 -0.474185
0.469822 0.535658 66.800000 0.469857 -0.570205
0.469251 0.535020 66.900000 0.417971 -0.464924
0.468647 0.534614 67.000000 0.358319 -0.725129
0.468004 0.534615 67.100000 0.270129 -1.034255
0.467327 0.534899 67.200000 0.157877 -1.205180
0.466635 0.535304 67.300000 0.033755 -1.271059
0.465949 0.535529 67.400000 -0.088730 -1.172523
0.465290 0.535583 67.500000 -0.201104 -1.069321
0.464669 0.535409 67.600000 -0.300507 -0.913773
0.464108 0.535816 67.700000 -0.410175 -1.274106
0.463640 0.536348 67.800000 -0.541180 -1.339454
0.463286 0.536589 67.900000 -0.667645 -1.183525
0.463077 0.537394 68.000000 -0.800786 -1.472626
0.463019 0.537221 68.100000 -0.920515 -0.915966
0.463065 0.536662 68.200000 -0.994397 -0.557985
0.463196 0.536122 68.300000 -1.051331 -0.577848
0.463430 0.535722 68.400000 -1.116619 -0.724657
0.463758 0.535066 68.500000 -1.173641 -0.412916
0.464188 0.534699 68.600000 -1.232084 -0.753029
0.464709 0.533972 68.700000 -1.282948 -0.261714
0.465251 0.533198 68.800000 -1.294728 0.026708
0.465765 0.532474 68.900000 -1.280347 0.260184
0.466195 0.531995 69.000000 -1.235499 0.634536
0.466571 0.531226 69.100000 -1.205096 -0.027998
0.466964 0.530485 69.200000 -1.215819 -0.185913
0.467368 0.529722 69.300000 -1.222660 0.049436
0.467783 0.528984 69.400000 -1.229436 -0.184618
0.468221 0.528230 69.500000 -1.242943 -0.084843
0.468721 0.527745 69.600000 -1.278137 -0.617284
0.469261 0.527010 69.700000 -1.300561 0.169919
0.469768 0.526278 69.800000 -1.283099 0.178460
0.470203 0.525775 69.900000 -1.244621 0.589162
0.470497 0.525792 70.000000 -1.163103 1.037138
0.470612 0.526117 70.100000 -1.049568 1.227879
0.470558 0.526316 70.200000 -0.930172 1.154063
0.470322 0.527949 70.300000 -0.780540 1.831102
0.469923 0.528762 70.400000 -0.614388 1.483632
0.469424 0.528828 70.500000 -0.486247 1.072776
0.468888 0.528099 70.600000 -0.424211 0.164839
0.468329 0.527645 70.700000 -0.383704 0.643287
0.467743 0.527114 70.800000 -0.323905 0.549689
0.467135 0.526599 70.900000 -0.267856 0.568492
0.466513 0.525930 71.000000 -0.223392 0.318572
0.465896 0.525410 71.100000 -0.235423 -0.558601
0.465296 0.524713 71.200000 -0.275330 -0.237534
0.464715 0.524248 71.300000 -0.318371 -0.621135
0.464161 0.523630 71.400000 -0.369846 -0.405783
0.463612 0.522946 71.500000 -0.377135 0.260359
0.463056 0.522223 71.600000 -0.359260 0.096248
0.462488 0.521607 71.700000 -0.334433 0.399044
0.461898 0.521324 71.800000 -0.274470 0.797222
0.461289 0.520673 71.900000 -0.218147 0.326435
0.460669 0.520246 72.000000 -0.169098 0.652084
0.460041 0.519590 72.100000 -0.121137 0.304740
0.459407 0.519455 72.200000 -0.059825 0.918435
0.458773 0.519151 72.300000 0.025021 0.774240
0.458146 0.518585 72.400000 0.087195 0.466121
0.457529 0.518213 72.500000 0.145920 0.705447
0.456933 0.517907 72.600000 0.219799 0.768452
0.456368 0.517716 72.700000 0.301961 0.870673
0.455851 0.517783 72.800000 0.398970 1.064655
0.455397 0.517656 72.900000 0.498554 0.922041
0.455016 0.517623 73.000000 0.594579 0.993658
0.454675 0.516920 73.100000 0.640779 -0.071974
0.454336 0.516221 73.200000 0.641968 0.095700
0.453996 0.515528 73.300000 0.640429 -0.126403
0.453638 0.514902 73.400000 0.617466 -0.331705
0.453243 0.514434 73.500000 0.571583 -0.583657
0.452816 0.513811 73.600000 0.525629 -0.333141
0.452354 0.513472 73.700000 0.472541 -0.725960
0.451850 0.513103 73.800000 0.401367 -0.693956
0.451331 0.512410 73.900000 0.367787 0.024039
0.450822 0.511783 74.000000 0.384507 0.309523
0.450308 0.511279 74.100000 0.373710 -0.524928
0.449784 0.510592 74.200000 0.349150 0.034954
0.449263 0.509906 74.300000 0.351862 0.019153
0.448738 0.509261 74.400000 0.340656 -0.242715
0.448216 0.508656 74.500000 0.345620 0.341749
0.447714 0.508081 74.600000 0.382710 0.398188
0.447230 0.507428 74.700000 0.412434 0.194813
0.446766 0.506911 74.800000 0.446771 0.490206
0.446333 0.506384 74.900000 0.495030 0.472570
0.445957 0.506461 75.000000 0.571969 1.062355
0.445641 0.505901 75.100000 0.645997 0.414513
0.445351 0.505241 75.200000 0.673367 0.131518
0.445077 0.504607 75.300000 0.691581 0.231842
0.444804 0.503975 75.400000 0.691386 -0.235737
0.444533 0.503351 75.500000 0.692271 0.253404
0.444297 0.502842 75.600000 0.729340 0.486127
0.444081 0.502185 75.700000 0.748875 -0.096410
0.443871 0.501552 75.800000 0.754510 0.208835
0.443679 0.500906 75.900000 0.772361 0.147281
0.443493 0.500250 76.000000 0.777171 -0.051322
0.443333 0.499785 76.100000 0.801711 0.540905
0.443219 0.499197 76.200000 0.844880 0.320321
0.443148 0.498653 76.300000 0.881424 0.408723
0.443098 0.498002 76.400000 0.900512 -0.027917
0.443054 0.497360 76.500000 0.904710 0.111660
0.443021 0.496715 76.600000 0.913936 0.072400
0.443014 0.496153 76.700000 0.935606 0.359918
0.443026 0.495509 76.800000 0.950813 -0.056531
0.442972 0.495552 76.900000 0.896459 -1.027834
0.442821 0.495263 77.000000 0.807933 -0.738257
0.442608 0.494779 77.100000 0.746160 -0.494127
0.442377 0.494147 77.200000 0.726938 0.110655
0.442154 0.493509 77.300000 0.734153 0.033293
0.441908 0.493051 77.400000 0.709474 -0.525651
0.441599 0.492987 77.500000 0.635903 -0.942083
0.441220 0.492913 77.600000 0.541923 -0.932814
0.440775 0.493180 77.700000 0.435828 -1.183781
0.440280 0.493057 77.800000 0.331801 -0.891572
0.439765 0.492450 77.900000 0.277200 -0.197719
0.439242 0.491887 78.000000 0.250989 -0.325179
0.438721 0.491331 78.100000 0.251634 0.338042
0.438202 0.490751 78.200000 0.254916 -0.272569
0.437674 0.490220 78.300000 0.221938 -0.385348
0.437140 0.489626 78.400000 0.191543 -0.221017
0.436606 0.489008 78.500000 0.184792 0.086338
0.436074 0.488389 78.600000 0.192339 0.064216
0.435553 0.487985 78.700000 0.224723 0.581843
0.435062 0.488182 78.800000 0.310775 1.134895
0.434628 0.488491 78.900000 0.428318 1.210094
0.434280 0.489310 79.000000 0.564535 1.507420
0.434038 0.489498 79.100000 0.696734 1.129953
0.433903 0.489670 79.200000 0.809460 1.118941
0.433885 0.489676 79.300000 0.915372 0.994004
0.433935 0.489076 79.400000 0.973314 0.161935
0.433999 0.488464 79.500000 0.984611 0.063445
0.434050 0.487894 79.600000 0.974729 -0.260593
0.434070 0.487323 79.700000 0.948894 -0.254815
0.434070 0.486719 79.800000 0.931606 -0.090075
0.434068 0.486112 79.900000 0.929799 0.054015
0.434031 0.485773 80.000000 0.899678 -0.654917
0.433906 0.485798 80.100000 0.816435 -1.005789
0.433703 0.485410 80.200000 0.736404 -0.590832
0.433454 0.484945 80.300000 0.683157 -0.471437
0.433165 0.484495 80.400000 0.634645 -0.496376
0.432839 0.484060 80.500000 0.583862 -0.516751
0.432443 0.485174 80.600000 0.474595 -1.663130
0.431966 0.486297 80.700000 0.307566 -1.669093
0.431443 0.487672 80.800000 0.134279 -1.787986
0.430912 0.489207 80.900000 -0.048611 -1.860664
0.430405 0.489367 81.000000 -0.197653 -1.112734
0.429931 0.489364 81.100000 -0.302884 -0.986616
0.429499 0.489246 81.200000 -0.396805 -0.887108
0.429102 0.488737 81.300000 -0.460649 -0.386577
0.428723 0.488165 81.400000 -0.490819 -0.215324
0.428377 0.487934 81.500000 -0.540395 -0.773707
0.428076 0.487489 81.600000 -0.604212 -0.499438
0.427820 0.487150 81.700000 -0.661699 -0.647443
0.427641 0.487318 81.800000 -0.750206 -1.118263
0.427554 0.487061 81.900000 -0.843495 -0.742858
0.427510 0.486473 82.000000 -0.885382 -0.092782
0.427472 0.485881 82.100000 -0.890243 -0.004190
0.427436 0.485291 82.200000 -0.892149 -0.033840
0.427400 0.484704 82.300000 -0.891356 0.049667
0.427340 0.484207 82.400000 -0.869406 0.388222
0.427195 0.484645 82.500000 -0.784766 1.300356
0.426928 0.485506 82.600000 -0.642042 1.546981
0.426569 0.485651 82.700000 -0.509332 1.100588
0.426151 0.485793 82.800000 -0.399084 1.098845
0.425693 0.485562 82.900000 -0.305563 0.766912
0.425222 0.484987 83.000000 -0.260849 0.125121
0.424752 0.484412 83.100000 -0.260351 -0.115168
0.424272 0.484263 83.200000 -0.223609 0.848159
0.423772 0.484490 83.300000 -0.122910 1.160783
0.423265 0.484216 83.400000 -0.028846 0.715794
0.422761 0.484369 83.500000 0.062496 1.106487
0.422274 0.484569 83.600000 0.175161 1.141170
0.421826 0.485271 83.700000 0.305802 1.465131
0.421449 0.486193 83.800000 0.458775 1.586682
0.421159 0.486429 83.900000 0.596936 1.169629
0.421005 0.488626 84.000000 0.763865 2.160599
0.421026 0.489009 84.100000 0.936025 1.274002
0.421181 0.489045 84.200000 1.050954 1.018826
0.421469 0.489054 84.300000 1.152012 0.997279
0.421903 0.489151 84.400000 1.255569 1.068676
0.422514 0.489463 84.500000 1.370625 1.226701
0.423318 0.489548 84.600000 1.485255 1.060174
0.424309 0.489601 84.700000 1.590205 1.033562
0.425457 0.489243 84.800000 1.672541 0.609050
0.426693 0.488720 84.900000 1.718043 0.298720
0.427991 0.488214 85.000000 1.750140 0.341606
0.429433 0.488290 85.100000 1.819970 1.051497
0.430974 0.487723 85.200000 1.867618 -0.100904
0.432494 0.487154 85.300000 1.859605 -0.058952
0.433948 0.486739 85.400000 1.830891 -0.513897
0.435307 0.486245 85.500000 1.787183 -0.358087
0.436624 0.485678 85.600000 1.768579 -0.013049
0.437927 0.485116 85.700000 1.763521 -0.087866
0.439243 0.484583 85.800000 1.770718 0.231451
0.440638 0.484208 85.900000 1.810877 0.569726
0.442128 0.483711 86.000000 1.856263 0.335720
0.443588 0.483341 86.100000 1.844344 -0.573508
0.444948 0.482847 86.200000 1.798641 -0.338267
0.446160 0.482964 86.300000 1.727505 -1.080896
0.447145 0.483288 86.400000 1.611399 -1.235410
0.447914 0.483489 86.500000 1.492000 -1.146610
0.448535 0.483139 86.600000 1.404420 -0.600603
0.449031 0.483123 86.700000 1.325773 -0.968400
0.449400 0.482874 86.800000 1.240635 -0.730113
0.449695 0.482374 86.900000 1.188467 -0.310634
0.449995 0.481908 87.000000 1.192493 0.390957
0.450289 0.481477 87.100000 1.188994 -0.460773
0.450523 0.481034 87.200000 1.144055 -0.435763
0.450696 0.480627 87.300000 1.097111 -0.500758
0.450793 0.480394 87.400000 1.034765 -0.743049
0.450831 0.479890 87.500000 0.983449 -0.280707
0.450859 0.479352 87.600000 0.975722 0.126552
0.450928 0.479002 87.700000 1.011426 0.585746
0.451091 0.479000 87.800000 1.089786 0.977532
0.451341 0.478545 87.900000 1.158609 0.395497
0.451624 0.478007 88.000000 1.183517 0.101412
0.451916 0.477467 88.100000 1.191442 0.056688
0.452237 0.477003 88.200000 1.212701 0.367428
0.452578 0.476466 88.300000 1.227467 -0.072849
0.452914 0.475928 88.400000 1.224623 0.016114
0.453242 0.475399 88.500000 1.219604 -0.116240
0.453557 0.474865 88.600000 1.210626 -0.062881
0.453878 0.474343 88.700000 1.215083 0.151812
0.454172 0.473969 88.800000 1.195990 -0.532717
0.454433 0.473439 88.900000 1.172265 0.059389
0.454682 0.472943 89.000000 1.162607 -0.252067
0.454924 0.472429 89.100000 1.158435 0.168840
0.455230 0.472245 89.200000 1.206239 0.784857
0.455637 0.471985 89.300000 1.280348 0.693614
0.456151 0.471778 89.400000 1.353075 0.757292
0.456748 0.471315 89.500000 1.407871 0.335877
0.457367 0.470791 89.600000 1.422387 -0.046271
0.457944 0.470382 89.700000 1.397202 -0.456179
0.458487 0.469859 89.800000 1.375676 0.026739
0.459046 0.469359 89.900000 1.386862 0.196421
0.459609 0.468848 90.000000 1.389753 -0.138734
0.460141 0.468360 90.100000 1.370794 -0.239510
0.460612 0.468012 90.200000 1.330969 -0.555003
0.461030 0.467510 90.300000 1.294733 -0.167905
0.461395 0.467171 90.400000 1.257924 -0.566422
0.461660 0.467098 90.500000 1.184616 -0.896085
0.461800 0.467228 90.600000 1.085510 -1.081069
0.461770 0.468884 90.700000 0.931788 -1.985681
0.461547 0.471157 90.800000 0.719392 -2.251626
0.461188 0.472305 90.900000 0.519251 -1.741176
0.460753 0.472838 91.000000 0.362610 -1.383811
0.460281 0.472872 91.100000 0.242936 -1.003690
0.459789 0.472698 91.200000 0.152868 -0.793168
0.459294 0.472183 91.300000 0.115852 0.054692
0.458801 0.471720 91.400000 0.134202 0.311391
0.458316 0.471286 91.500000 0.169205 0.386917
0.457834 0.470799 91.600000 0.177559 -0.220256
0.457348 0.470303 91.700000 0.157721 -0.175505
0.456860 0.469861 91.800000 0.130950 -0.358584
0.456364 0.470518 91.900000 0.039495 -1.465937
0.455872 0.470308 92.000000 -0.071273 -0.743891
0.455389 0.470122 92.100000 -0.147304 -0.772920
0.454923 0.469914 92.200000 -0.223479 -0.746769
0.454492 0.470687 92.300000 -0.338032 -1.538558
0.454118 0.470721 92.400000 -0.465407 -1.002582
0.453788 0.470399 92.500000 -0.545129 -0.587881
0.453504 0.470281 92.600000 -0.617140 -0.848731
0.453260 0.469823 92.700000 -0.674900 -0.303590
0.453053 0.469534 92.800000 -0.721881 -0.633665
0.452901 0.469308 92.900000 -0.789779 -0.720914
0.452785 0.468809 93.000000 -0.830495 -0.091352
0.452656 0.468387 93.100000 -0.815550 0.389492
0.452489 0.468028 93.200000 -0.770144 0.516365
0.452281 0.467663 93.300000 -0.719025 0.503457
0.452054 0.467163 93.400000 -0.692535 0.025012
0.451810 0.466767 93.500000 -0.669236 0.439818
0.451529 0.466505 93.600000 -0.613869 0.664740
0.451201 0.466431 93.700000 -0.535832 0.892106
0.450837 0.466039 93.800000 -0.468917 0.442844
0.450437 0.466307 93.900000 -0.386659 1.198212
0.449990 0.467353 94.000000 -0.241209 1.703501
0.449514 0.468493 94.100000 -0.067822 1.755574
0.449040 0.468612 94.200000 0.074176 1.077292
0.448580 0.468501 94.300000 0.170967 0.853694
0.448150 0.469215 94.400000 0.289529 1.511618
0.447782 0.470108 94.500000 0.446562 1.621186
0.447496 0.470573 94.600000 0.595481 1.349741
0.447279 0.470298 94.700000 0.695611 0.647853
0.447099 0.469848 94.800000 0.742780 0.293163
0.446948 0.469458 94.900000 0.779822 0.445830
0.446837 0.469090 95.000000 0.826668 0.488746
0.446772 0.468736 95.100000 0.876984 0.515063
0.446798 0.469223 95.200000 0.971242 1.365387
0.446955 0.469307 95.300000 1.092256 1.048842
0.447239 0.469412 95.400000 1.198313 1.067002
0.447633 0.469139 95.500000 1.284156 0.645548
0.448054 0.468681 95.600000 1.304062 -0.248404
0.448426 0.468301 95.700000 1.268686 -0.457364
0.448686 0.468677 95.800000 1.181233 -1.287325
0.448796 0.469039 95.900000 1.052648 -1.277927
0.448787 0.469071 96.000000 0.938486 -0.999610
0.448693 0.468956 96.100000 0.845959 -0.846302
0.448536 0.468675 96.200000 0.771923 -0.630724
0.448322 0.468594 96.300000 0.695998 -0.883984
0.448052 0.468433 96.400000 0.612016 -0.791451
0.447725 0.468619 96.500000 0.515274 -1.138554
0.447344 0.468907 96.600000 0.396935 -1.222298
0.446924 0.468922 96.700000 0.286363 -0.983610
0.446487 0.468520 96.800000 0.217088 -0.398428
0.446040 0.468353 96.900000 0.157880 -0.782772
0.445584 0.468143 97.000000 0.082225 -0.726549
0.445125 0.468183 97.100000 -0.004699 -1.007578
0.444673 0.468122 97.200000 -0.100484 -0.903350
0.444229 0.467661 97.300000 -0.155617 -0.196546
0.443791 0.467265 97.400000 -0.185752 -0.404642
0.443357 0.466795 97.500000 -0.199684 0.126701
0.442927 0.466427 97.600000 -0.216587 -0.463917
0.442501 0.465967 97.700000 -0.230587 0.184604
0.442074 0.465493 97.800000 -0.218211 0.062299
0.441650 0.465094 97.900000 -0.234382 -0.384913
0.441238 0.464692 98.000000 -0.272556 -0.376641
0.440839 0.464309 98.100000 -0.312556 -0.421364
0.440457 0.464008 98.200000 -0.362718 -0.579377
0.440110 0.464121 98.300000 -0.445550 -1.073126
0.439804 0.463794 98.400000 -0.526058 -0.532994
0.439522 0.463377 98.500000 -0.569010 -0.323903
0.439266 0.463036 98.600000 -0.610482 -0.503464
0.439050 0.462839 98.700000 -0.672432 -0.732440
0.438857 0.462374 98.800000 -0.705107 0.080576
0.438656 0.461922 98.900000 -0.692588 0.169185
0.438429 0.461647 99.000000 -0.653228 0.616043
0.438167 0.461311 99.100000 -0.596981 0.506072
0.437876 0.460962 99.200000 -0.547601 0.479074
0.437566 0.460536 99.300000 -0.509741 0.276225
0.437238 0.460191 99.400000 -0.471702 0.482661
0.436895 0.459755 99.500000 -0.436033 0.228932
0.436546 0.459294 99.600000 -0.422697 0.037124
0.436194 0.458846 99.700000 -0.413297 0.150399
0.435839 0.458389 99.800000 -0.402062 0.073747
0.435474 0.458020 99.900000 -0.377159 0.423070
0.435093 0.457716 100.000000 -0.328154 0.554573
0.434697 0.457364 100.100000 -0.277429 0.457389
0.434290 0.457009 100.200000 -0.231910 0.450714
0.433875 0.456661 100.300000 -0.186050 0.464199
0.433454 0.456252 100.400000 -0.147622 0.302431
0.433029 0.455918 100.500000 -0.107903 0.489974
0.432602 0.455468 100.600000 -0.079667 0.073323
0.432177 0.455058 100.700000 -0.090480 -0.289030
0.431759 0.454922 100.800000 -0.144960 -0.797860
0.431349 0.454472 100.900000 -0.185697 -0.014835
0.430940 0.454023 101.000000 -0.187741 -0.025953
0.430528 0.453640 101.100000 -0.170679 0.366355
0.430111 0.453348 101.200000 -0.124153 0.561833
0.429690 0.452959 101.300000 -0.078853 0.341895
0.429267 0.452607 101.400000 -0.039806 0.437098
0.428846 0.452928 101.500000 0.044693 1.248649
0.428432 0.452566 101.600000 0.127831 0.409962
0.428028 0.452406 101.700000 0.186571 0.761894
0.427645 0.452407 101.800000 0.272507 0.952535
0.427295 0.452613 101.900000 0.377927 1.150586
0.426983 0.452348 102.000000 0.465846 0.603408
0.426694 0.451966 102.100000 0.513773 0.352727
0.426411 0.451539 102.200000 0.522869 -0.171259
0.426127 0.451105 102.300000 0.520401 0.122033
0.425829 0.450908 102.400000 0.491142 -0.705751
0.425485 0.451495 102.500000 0.383013 -1.451434
0.425105 0.451462 102.600000 0.264453 -0.913840
0.424704 0.451610 102.700000 0.163552 -1.099127
0.424292 0.452051 102.800000 0.041020 -1.345390
0.423884 0.452177 102.900000 -0.080507 -1.079069
0.423485 0.451894 103.000000 -0.162937 -0.565417
0.423105 0.452126 103.100000 -0.250213 -1.175736
0.422757 0.452120 103.200000 -0.356516 -0.945003
0.422451 0.452282 103.300000 -0.459695 -1.113410
0.422193 0.452208 103.400000 -0.558922 -0.866180
0.421947 0.451883 103.500000 -0.578252 0.480557
0.421670 0.451692 103.600000 -0.518421 0.713064
0.421361 0.451468 103.700000 -0.449511 0.661693
0.421036 0.451042 103.800000 -0.409768 0.131171
0.420717 0.450670 103.900000 -0.421124 -0.357723
0.420402 0.450246 104.000000 -0.431897 0.142810
0.420084 0.449815 104.100000 -0.422351 0.047620
0.419772 0.449419 104.200000 -0.433422 -0.268487
0.419491 0.449622 104.300000 -0.504546 -1.150424
0.419260 0.449415 104.400000 -0.596472 -0.683504
0.419067 0.449136 104.500000 -0.658811 -0.560164
0.418930 0.449304 104.600000 -0.742932 -1.118038
0.418850 0.448950 104.700000 -0.818817 -0.395883
0.418778 0.448542 104.800000 -0.828373 0.205250
0.418696 0.448116 104.900000 -0.815524 0.051094
0.418602 0.447724 105.000000 -0.799427 0.270025
0.418475 0.447473 105.100000 -0.755524 0.605852
0.418310 0.447178 105.200000 -0.698934 0.523116
0.418123 0.446762 105.300000 -0.666127 0.131383
0.417931 0.446340 105.400000 -0.656399 0.062701
0.417743 0.445936 105.500000 -0.662992 -0.194230
0.417551 0.445578 105.600000 -0.654251 0.368610
0.417344 0.445161 105.700000 -0.631256 0.090144
0.417142 0.444764 105.800000 -0.637974 -0.224184
0.416960 0.444418 105.900000 -0.669062 -0.396012
0.416793 0.444002 106.000000 -0.692514 -0.071860
0.416635 0.443603 106.100000 -0.706229 -0.201748
0.416475 0.443228 106.200000 -0.701232 0.301441
0.416299 0.442827 106.300000 -0.677229 0.177422
0.416081 0.443125 106.400000 -0.606499 1.233637
0.415800 0.443415 106.500000 -0.483179 1.226584
0.415474 0.443493 106.600000 -0.370264 1.026074
0.415114 0.443990 106.700000 -0.248885 1.395438
0.414733 0.444286 106.800000 -0.117103 1.233627
0.414345 0.444300 106.900000 -0.007209 0.958741
0.413963 0.444616 107.000000 0.103564 1.251194
0.413603 0.445087 107.100000 0.235361 1.378157
0.413299 0.447045 107.200000 0.417537 2.256243
0.413104 0.448827 107.300000 0.639563 2.173177
0.413052 0.450150 107.400000 0.845452 1.934317
0.413155 0.450926 107.500000 1.022776 1.603299
0.413384 0.450897 107.600000 1.149083 0.916516
0.413712 0.450833 107.700000 1.238826 0.873871
0.414145 0.450777 107.800000 1.326921 0.883618
0.414686 0.450690 107.900000 1.413554 0.844699
0.415349 0.450699 108.000000 1.503984 0.959396
0.416159 0.450848 108.100000 1.607516 1.106053
0.417070 0.450457 108.200000 1.674712 0.234512
0.418032 0.450135 108.300000 1.709033 0.450189
0.419043 0.449735 108.400000 1.740727 0.182113
0.420147 0.449763 108.500000 1.798961 0.979651
0.421426 0.449893 108.600000 1.902583 1.087601
0.422895 0.449993 108.700000 2.010075 1.056878
0.424563 0.450098 108.800000 2.116288 1.062059
0.426459 0.450397 108.900000 2.231994 1.246278
0.428643 0.451032 109.000000 2.370253 1.512001
0.431090 0.450977 109.100000 2.490326 0.883447
0.433630 0.450565 109.200000 2.532847 -0.035147
0.436135 0.450177 109.300000 2.519538 -0.230374
0.438558 0.449859 109.400000 2.485301 -0.452655
0.440894 0.449482 109.500000 2.449079 -0.269965
0.443187 0.449075 109.600000 2.431629 -0.078165
0.445433 0.448710 109.700000 2.412214 -0.309177
0.447580 0.448447 109.800000 2.368393 -0.565053
0.449535 0.448697 109.900000 2.279785 -1.202662
0.451241 0.448981 110.000000 2.157618 -1.234569
0.452807 0.448590 110.100000 2.086391 -0.186413
0.454316 0.448246 110.200000 2.058293 -0.374143
0.455754 0.447905 110.300000 2.020566 -0.378513
0.457101 0.447661 110.400000 1.971645 -0.597467
0.458340 0.447416 110.500000 1.911891 -0.594627
0.459438 0.447509 110.600000 1.829508 -1.048910
0.460345 0.447872 110.700000 1.711587 -1.303615
0.461065 0.448100 110.800000 1.586893 -1.184018
0.461650 0.447943 110.900000 1.490473 -0.739563
0.462144 0.447723 111.000000 1.421435 -0.637760
0.462607 0.447332 111.100000 1.397418 0.158636
0.463092 0.446952 111.200000 1.416426 0.220565
0.463562 0.446643 111.300000 1.404701 -0.454470
0.463958 0.446479 111.400000 1.345500 -0.726595
0.464295 0.446109 111.500000 1.296158 -0.257771
0.464604 0.445732 111.600000 1.272068 -0.222834
0.464897 0.445334 111.700000 1.258999 -0.037895
0.465174 0.444964 111.800000 1.244497 -0.251420
0.465441 0.444571 111.900000 1.236648 0.094838
0.465707 0.444181 112.000000 1.235385 -0.120032
0.465932 0.443956 112.100000 1.198296 -0.619893
0.466094 0.443702 112.200000 1.138944 -0.564182
0.466220 0.443320 112.300000 1.102227 -0.168325
0.466346 0.442939 112.400000 1.102314 0.170061
0.466467 0.442575 112.500000 1.097880 -0.258518
0.466588 0.442215 112.600000 1.098457 0.270028
0.466724 0.441824 112.700000 1.113923 0.038526
0.466831 0.441619 112.800000 1.083271 -0.650035
0.466863 0.441627 112.900000 1.003130 -0.948789
0.466799 0.442018 113.000000 0.888917 -1.329746
0.466638 0.442457 113.100000 0.753592 -1.369989
0.466400 0.442641 113.200000 0.627712 -1.141320
0.466099 0.443109 113.300000 0.500576 -1.395058
0.465737 0.444385 113.400000 0.333158 -1.944929
0.465337 0.445326 113.500000 0.148447 -1.740054
0.464928 0.446305 113.600000 -0.027263 -1.765351
0.464531 0.446269 113.700000 -0.160858 -0.899877
0.464156 0.446716 113.800000 -0.275282 -1.382886
0.463817 0.446748 113.900000 -0.393881 -0.983152
0.463521 0.446947 114.000000 -0.501327 -1.160402
0.463292 0.447574 114.100000 -0.635947 -1.525265
0.463162 0.448328 114.200000 -0.793517 -1.618254
0.463123 0.448216 114.300000 -0.914709 -0.799536
0.463152 0.448115 114.400000 -0.995733 -0.816879
0.463246 0.447907 114.500000 -1.069094 -0.646672
0.463435 0.448236 114.600000 -1.165921 -1.285026
0.463741 0.448225 114.700000 -1.277116 -0.933321
0.464142 0.448057 114.800000 -1.359655 -0.713338
0.464619 0.447797 114.900000 -1.422810 -0.546597
0.465147 0.447442 115.000000 -1.464352 -0.282173
0.465700 0.447061 115.100000 -1.484771 -0.125182
0.466262 0.446674 115.200000 -1.492969 -0.038362
0.466807 0.446328 115.300000 -1.479360 0.309857
0.467306 0.446003 115.400000 -1.444928 0.377070
0.467782 0.445617 115.500000 -1.426252 -0.004499
0.468267 0.445244 115.600000 -1.434724 -0.164510
0.468791 0.444951 115.700000 -1.466007 -0.459589
0.469424 0.445222 115.800000 -1.550825 -1.232517
0.470216 0.445331 115.900000 -1.666187 -1.068961
0.471133 0.445125 116.000000 -1.751925 -0.641518
0.472090 0.444745 116.100000 -1.779434 0.092718
0.473038 0.444363 116.200000 -1.774832 -0.000910
0.474001 0.444000 116.300000 -1.785395 -0.209819
0.474978 0.443619 116.400000 -1.795776 0.002719
0.475929 0.443283 116.500000 -1.779537 0.321235
0.476751 0.443713 116.600000 -1.694526 1.374751
0.477392 0.443948 116.700000 -1.565517 1.198971
0.477860 0.444491 116.800000 -1.431788 1.468924
0.478173 0.444705 116.900000 -1.299057 1.179067
0.478345 0.445259 117.000000 -1.165851 1.478379
0.478395 0.445396 117.100000 -1.036573 1.100720
0.478360 0.445394 117.200000 -0.934175 0.942117
0.478245 0.445583 117.300000 -0.829047 1.155193
0.478051 0.445878 117.400000 -0.708063 1.258432
0.477788 0.446221 117.500000 -0.579653 1.303351
0.477470 0.446408 117.600000 -0.456470 1.154150
0.477110 0.446880 117.700000 -0.327655 1.415706
0.476726 0.446772 117.800000 -0.216619 0.799460
0.476327 0.447142 117.900000 -0.109908 1.329425
0.475924 0.447445 118.000000 0.020351 1.269254
0.475530 0.447770 118.100000 0.148581 1.288924
0.475148 0.447396 118.200000 0.218440 0.104769
0.474769 0.447020 118.300000 0.227247 0.070936
0.474393 0.446659 118.400000 0.240524 0.193938
0.474016 0.446328 118.500000 0.233632 -0.331436
0.473628 0.446370 118.600000 0.167093 -0.996012
0.473232 0.446306 118.700000 0.074011 -0.860980
0.472834 0.446325 118.800000 -0.017648 -0.967614
0.472442 0.446368 118.900000 -0.116156 -0.997620
0.472060 0.446059 119.000000 -0.185980 -0.395372
0.471682 0.445685 119.100000 -0.204451 0.026872
0.471300 0.445399 119.200000 -0.180126 0.458429
0.470909 0.445671 119.300000 -0.094950 1.240830
0.470515 0.445996 119.400000 0.031969 1.291197
0.470128 0.445705 119.500000 0.118961 0.444292
0.469747 0.445435 119.600000 0.165980 0.493748
0.469382 0.445779 119.700000 0.256378 1.309692
0.469050 0.445907 119.800000 0.376890 1.094503
0.468755 0.445920 119.900000 0.479955 0.961644
0.468496 0.445745 120.000000 0.562529 0.685715
0.468278 0.445702 120.100000 0.641414 0.888041
0.468117 0.445835 120.200000 0.741117 1.101034
0.468031 0.446032 120.300000 0.854897 1.168871
0.468043 0.446428 120.400000 0.981563 1.358128
0.468156 0.446476 120.500000 1.100000 1.004674
0.468372 0.446635 120.600000 1.207025 1.130477
0.468680 0.446443 120.700000 1.296499 0.654540
0.469029 0.446079 120.800000 1.334973 0.113013
0.469362 0.445779 120.900000 1.320241 -0.406927
0.469647 0.445497 121.000000 1.276895 -0.457811
0.469894 0.445164 121.100000 1.239524 -0.287750
0.470104 0.444869 121.200000 1.204062 -0.419704
0.470255 0.444768 121.300000 1.142847 -0.801552
0.470345 0.444508 121.400000 1.077122 -0.509645
0.470391 0.444255 121.500000 1.025391 -0.522402
0.470442 0.444067 121.600000 1.032131 0.656879
0.470562 0.444045 121.700000 1.110793 0.912416
0.470781 0.444220 121.800000 1.214037 1.147311
0.471117 0.444370 121.900000 1.327673 1.119728
0.471550 0.444158 122.000000 1.414339 0.609242
0.472046 0.443878 122.100000 1.467497 0.451274
0.472589 0.443563 122.200000 1.507266 0.342121
0.473166 0.443222 122.300000 1.535984 0.230799
0.473748 0.442869 122.400000 1.540150 -0.147683
0.474284 0.442645 122.500000 1.503638 -0.580732
0.474725 0.442681 122.600000 1.425106 -0.985995
0.475067 0.442549 122.700000 1.338137 -0.749036
0.475307 0.442761 122.800000 1.241126 -1.186328
0.475457 0.442577 122.900000 1.148690 -0.657775
0.475538 0.442528 123.000000 1.071929 -0.873598
0.475530 0.442816 123.100000 0.964829 -1.263059
0.475424 0.443273 123.200000 0.830386 -1.419075
0.475228 0.443842 123.300000 0.683397 -1.513351
0.474952 0.444752 123.400000 0.518777 -1.770823
0.474617 0.445440 123.500000 0.349357 -1.609101
0.474252 0.445492 123.600000 0.218087 -1.009746
0.473879 0.445171 123.700000 0.151891 -0.310857
0.473503 0.444819 123.800000 0.129573 -0.134390
0.473124 0.444688 123.900000 0.085167 -0.751501
0.472744 0.444330 124.000000 0.048311 0.016208
0.472365 0.444002 124.100000 0.062787 0.272601
0.471986 0.443700 124.200000 0.057853 -0.371035
0.471607 0.443398 124.300000 0.020761 -0.368956
0.471228 0.443044 124.400000 -0.000758 -0.060344
0.470850 0.442796 124.500000 -0.029821 -0.519456
0.470477 0.442855 124.600000 -0.106801 -1.016312
0.470118 0.442961 124.700000 -0.211497 -1.072356
0.469777 0.442769 124.800000 -0.297173 -0.636896
0.469460 0.442874 124.900000 -0.382809 -1.071530
0.469179 0.442924 125.000000 -0.486918 -1.005456
0.468953 0.443417 125.100000 -0.610325 -1.456499
0.468797 0.443552 125.200000 -0.738770 -1.105980
0.468675 0.443198 125.300000 -0.794377 -0.003378
0.468511 0.443588 125.400000 -0.726092 1.365656
0.468274 0.444109 125.500000 -0.583341 1.482217
0.467978 0.444516 125.600000 -0.439778 1.381879
0.467649 0.444437 125.700000 -0.328853 0.831065
0.467302 0.444339 125.800000 -0.247018 0.801556
0.466943 0.444156 125.900000 -0.174037 0.654407
0.466576 0.444271 126.000000 -0.086831 1.085357
0.466206 0.444303 126.100000 0.016938 0.984839
0.465843 0.444527 126.200000 0.126754 1.205972
0.465497 0.444565 126.300000 0.236908 0.991612
0.465166 0.444268 126.400000 0.305372 0.374241
0.464849 0.444108 126.500000 0.358925 0.694144
0.464545 0.443760 126.600000 0.398206 0.089501
0.464240 0.443419 126.700000 0.395496 -0.143557
0.463929 0.443108 126.800000 0.372491 -0.315395
0.463598 0.443342 126.900000 0.295687 -1.216848
0.463241 0.444449 127.000000 0.138288 -1.923262
0.462878 0.445817 127.100000 -0.062893 -2.090289
0.462546 0.447547 127.200000 -0.283023 -2.301318
0.462277 0.448481 127.300000 -0.489099 -1.809896
0.462087 0.449240 127.400000 -0.664175 -1.682869
0.461986 0.449587 127.500000 -0.815485 -1.335756
0.461965 0.449644 127.600000 -0.933675 -1.022147
0.462007 0.449434 127.700000 -1.015068 -0.601639
0.462086 0.449124 127.800000 -1.061523 -0.325137
0.462165 0.448815 127.900000 -1.061301 0.329562
0.462191 0.448859 128.000000 -0.994449 1.004148
0.462141 0.448912 128.100000 -0.893143 1.016908
0.462048 0.448591 128.200000 -0.828346 0.275793
0.461948 0.448243 128.300000 -0.816978 -0.049008
0.461851 0.447894 128.400000 -0.820012 -0.011516
0.461751 0.447547 128.500000 -0.817725 0.057136
0.461641 0.447238 128.600000 -0.799061 0.315210
0.461521 0.446891 128.700000 -0.784936 -0.033417
0.461407 0.446549 128.800000 -0.791660 -0.100734
0.461307 0.446261 128.900000 -0.816208 -0.389000
0.461217 0.445920 129.000000 -0.830303 0.107816
0.461126 0.445579 129.100000 -0.829863 -0.099048
0.461062 0.445418 129.200000 -0.869398 -0.689678
0.461068 0.445719 129.300000 -0.968757 -1.292527
0.461158 0.445633 129.400000 -1.074483 -0.816706
0.461309 0.445439 129.500000 -1.146703 -0.624083
0.461510 0.445176 129.600000 -1.200923 -0.457600
0.461758 0.444954 129.700000 -1.251925 -0.559887
0.462083 0.444985 129.800000 -1.329383 -0.985401
0.462524 0.445201 129.900000 -1.439153 -1.204517
0.463041 0.444867 130.000000 -1.506889 -0.146805
0.463584 0.444564 130.100000 -1.530060 -0.315462
0.464184 0.444375 130.200000 -1.577517 -0.631309
0.464824 0.444036 130.300000 -1.612103 -0.058671
0.465432 0.443823 130.400000 -1.586171 0.575997
0.465977 0.443562 130.500000 -1.534577 0.453313
0.466447 0.443490 130.600000 -1.469925 0.836489
0.466812 0.443601 130.700000 -1.373615 1.084901
0.467057 0.443892 130.800000 -1.254843 1.284598
0.467200 0.443872 130.900000 -1.144681 0.913141
0.467250 0.444221 131.000000 -1.031595 1.342914
0.467205 0.444439 131.100000 -0.903683 1.208942
0.467081 0.444686 131.200000 -0.780926 1.240058
0.466881 0.445320 131.300000 -0.638654 1.598256
0.466622 0.445468 131.400000 -0.501801 1.131959
0.466341 0.445134 131.500000 -0.440114 0.098714
0.466057 0.444800 131.600000 -0.429588 0.111267
0.465777 0.444512 131.700000 -0.442079 -0.360451
0.465510 0.444220 131.800000 -0.477454 -0.345282
0.465250 0.443884 131.900000 -0.494176 0.011669
0.464986 0.443566 132.000000 -0.482703 0.217219
0.464721 0.443234 132.100000 -0.476944 -0.102318
0.464458 0.442900 132.200000 -0.483862 -0.035705
0.464206 0.442661 132.300000 -0.510968 -0.505050
0.463965 0.442330 132.400000 -0.540244 -0.079005
0.463719 0.442055 132.500000 -0.524445 0.394183
0.463463 0.441733 132.600000 -0.496131 0.170680
0.463201 0.441405 132.700000 -0.481662 0.117977
0.462928 0.441185 132.800000 -0.448379 0.546027
0.462635 0.441053 132.900000 -0.384493 0.728492
0.462322 0.441063 133.000000 -0.300185 0.953451
0.461988 0.441403 133.100000 -0.185382 1.336874
0.461645 0.441116 133.200000 -0.101162 0.343317
0.461302 0.440794 133.300000 -0.091818 -0.156908
0.460961 0.440504 133.400000 -0.115975 -0.325018
0.460621 0.440278 133.500000 -0.105860 0.526816
0.460277 0.439999 133.600000 -0.061014 0.367845
0.459934 0.439778 133.700000 -0.015702 0.536138
0.459591 0.439653 133.800000 0.048162 0.737945
0.459254 0.439577 133.900000 0.126398 0.822871
0.458924 0.439278 134.000000 0.181484 0.276083
0.458604 0.439302 134.100000 0.244006 0.971246
0.458306 0.439343 134.200000 0.342516 0.994030
0.458047 0.439888 134.300000 0.469081 1.530935
0.457847 0.440258 134.400000 0.614484 1.369857
0.457734 0.441370 134.500000 0.781801 1.968123
0.457735 0.441957 134.600000 0.959129 1.569572
0.457839 0.442087 134.700000 1.093508 1.111272
0.458027 0.442037 134.800000 1.192594 0.865509
0.458282 0.441849 134.900000 1.266727 0.613436
0.458614 0.441873 135.000000 1.346276 0.973559
0.458996 0.441546 135.100000 1.396633 0.031075
0.459369 0.441233 135.200000 1.388703 -0.189290
0.459699 0.441070 135.300000 1.345970 -0.663217
0.459972 0.440835 135.400000 1.287846 -0.496368
0.460186 0.440714 135.500000 1.225713 -0.743191
0.460351 0.440446 135.600000 1.168687 -0.394464
0.460501 0.440124 135.700000 1.152951 0.080532
0.460658 0.439802 135.800000 1.160568 0.071416
0.460826 0.439494 135.900000 1.174139 0.199325
0.461020 0.439227 136.000000 1.203774 0.391895
0.461257 0.439030 136.100000 1.252743 0.585040
0.461574 0.439137 136.200000 1.336272 1.081362
0.461953 0.438826 136.300000 1.398945 0.168965
0.462322 0.438547 136.400000 1.390187 -0.343683
0.462640 0.438394 136.500000 1.339019 -0.677126
0.462885 0.438339 136.600000 1.262401 -0.851408
0.463071 0.438090 136.700000 1.197578 -0.441802
0.463234 0.437772 136.800000 1.171590 -0.076652
0.463372 0.437547 136.900000 1.142136 -0.510973
0.463476 0.437260 137.000000 1.101832 -0.293076
0.463592 0.437061 137.100000 1.115930 0.574334
0.463751 0.436815 137.200000 1.167041 0.445325
0.463972 0.436850 137.300000 1.238722 0.984702
0.464260 0.436617 137.400000 1.312215 0.481479
0.464615 0.436579 137.500000 1.380361 0.878052
0.465056 0.436493 137.600000 1.464306 0.796633
0.465573 0.436302 137.700000 1.533807 0.589922
0.466150 0.436081 137.800000 1.589065 0.512480
0.466817 0.436127 137.900000 1.664865 0.999734
0.467600 0.436104 138.000000 1.760017 0.898549
0.468485 0.435952 138.100000 1.838743 0.672025
0.469422 0.435641 138.200000 1.877975 0.110645
0.470343 0.435360 138.300000 1.868197 -0.305712
0.471227 0.435066 138.400000 1.841018 -0.236495
0.472125 0.434827 138.500000 1.852062 0.456808
0.473067 0.434532 138.600000 1.886436 0.228956
0.474018 0.434223 138.700000 1.893240 -0.093211
0.474934 0.433963 138.800000 1.869316 -0.384071
0.475828 0.433652 138.900000 1.853313 0.064798
0.476671 0.433580 139.000000 1.815692 -0.815326
0.477425 0.433377 139.100000 1.747191 -0.551266
0.478123 0.433108 139.200000 1.702443 -0.341470
0.478760 0.432941 139.300000 1.653546 -0.634016
0.479353 0.432636 139.400000 1.616038 -0.114273
0.479929 0.432335 139.500000 1.602373 -0.158334
0.480469 0.432106 139.600000 1.570716 -0.473229
0.480942 0.431982 139.700000 1.510899 -0.720122
0.481345 0.431792 139.800000 1.445849 -0.577619
0.481704 0.431514 139.900000 1.402341 -0.290366
0.482012 0.431395 140.000000 1.351352 -0.726869
0.482247 0.431323 140.100000 1.274149 -0.813334
0.482386 0.431689 140.200000 1.164461 -1.374930
0.482433 0.431707 140.300000 1.047639 -0.955679
0.482387 0.432454 140.400000 0.913464 -1.721103
0.482223 0.434127 140.500000 0.708880 -2.360361
0.481968 0.435034 140.600000 0.497889 -1.848907
0.481662 0.435722 140.700000 0.321221 -1.675612
0.481336 0.435545 140.800000 0.206596 -0.611168
0.481005 0.435237 140.900000 0.173335 -0.052376
0.480671 0.435046 141.000000 0.141825 -0.576250
0.480334 0.434802 141.100000 0.091607 -0.425598
0.479994 0.434750 141.200000 0.027698 -0.849385
0.479655 0.434544 141.300000 -0.041756 -0.536237
0.479320 0.434457 141.400000 -0.108135 -0.788008
0.478992 0.434198 141.500000 -0.166100 -0.368411
0.478670 0.434012 141.600000 -0.213918 -0.585544
0.478356 0.433739 141.700000 -0.258613 -0.306129
0.478043 0.433457 141.800000 -0.261045 0.257606
0.477730 0.433185 141.900000 -0.263577 -0.308107
0.477425 0.432926 142.000000 -0.297079 -0.360272
0.477122 0.432636 142.100000 -0.305083 0.200602
0.476813 0.432401 142.200000 -0.272798 0.443486
0.476495 0.432226 142.300000 -0.220227 0.605303
0.476171 0.431971 142.400000 -0.171138 0.374023
0.475843 0.431756 142.500000 -0.127303 0.500488
0.475512 0.431523 142.600000 -0.079923 0.444734
0.475180 0.431239 142.700000 -0.046076 0.230512
0.474847 0.430972 142.800000 -0.018811 0.313437
0.474515 0.430683 142.900000 -0.012634 -0.190208
0.474184 0.430386 143.000000 -0.017262 0.097868
0.473853 0.430166 143.100000 0.011811 0.482154
0.473523 0.429889 143.200000 0.048665 0.253073
0.473193 0.429607 143.300000 0.049922 -0.227986
0.472864 0.429331 143.400000 0.025439 -0.260466
0.472535 0.429050 143.500000 0.001021 -0.226671
0.472206 0.428880 143.600000 -0.040866 -0.608973
0.471881 0.428656 143.700000 -0.094401 -0.459053
0.471560 0.428437 143.800000 -0.141309 -0.476759
0.471246 0.428286 143.900000 -0.197846 -0.651141
0.470941 0.428048 144.000000 -0.251170 -0.412679
0.470641 0.427759 144.100000 -0.279156 -0.145650
0.470352 0.427676 144.200000 -0.325801 -0.784903
0.470072 0.427380 144.300000 -0.362775 0.047261
0.469789 0.427097 144.400000 -0.350864 0.190358
0.469499 0.426879 144.500000 -0.317587 0.473530
0.469197 0.426809 144.600000 -0.253419 0.806627
0.468885 0.426586 144.700000 -0.190145 0.455688
0.468567 0.426507 144.800000 -0.127685 0.790379
0.468245 0.426478 144.900000 -0.044159 0.875963
0.467923 0.426421 145.000000 0.041371 0.830361
0.467608 0.426711 145.100000 0.148211 1.301107
0.467315 0.427163 145.200000 0.287241 1.472541
0.467055 0.427399 145.300000 0.423256 1.240958
0.466832 0.427436 145.400000 0.534678 0.981901
0.466659 0.427826 145.500000 0.654577 1.410089
0.466537 0.427708 145.600000 0.761175 0.716544
0.466449 0.427506 145.700000 0.822897 0.514805
0.466390 0.427288 145.800000 0.872188 0.468548
0.466346 0.426995 145.900000 0.895696 0.000451
0.466287 0.426773 146.000000 0.873080 -0.451650
0.466214 0.426482 146.100000 0.847878 -0.051121
0.466149 0.426223 146.200000 0.860774 0.308393
0.466096 0.425937 146.300000 0.882195 0.118958
0.466039 0.425674 146.400000 0.873841 -0.285629
0.465982 0.425417 146.500000 0.875233 0.313397
0.465916 0.425260 146.600000 0.859601 -0.625248
0.465852 0.425122 146.700000 0.861678 0.666681
0.465811 0.424838 146.800000 0.901785 0.133444
0.465793 0.424658 146.900000 0.936813 0.565371
0.465815 0.424519 147.000000 0.998430 0.663880
0.465878 0.424312 147.100000 1.056270 0.490039
0.465956 0.424025 147.200000 1.078385 -0.048852
0.466030 0.423740 147.300000 1.072068 -0.077174
0.466110 0.423472 147.400000 1.080323 0.241871
0.466181 0.423261 147.500000 1.068700 -0.473743
0.466203 0.423265 147.600000 0.998504 -0.926671
0.466169 0.423183 147.700000 0.913112 -0.776909
0.466085 0.423205 147.800000 0.826354 -0.953913
0.465936 0.423749 147.900000 0.699964 -1.567561
0.465724 0.424097 148.000000 0.552686 -1.370627
0.465465 0.424625 148.100000 0.406111 -1.553559
0.465178 0.424667 148.200000 0.278768 -0.986923
0.464872 0.425115 148.300000 0.155308 -1.476111
0.464560 0.425266 148.400000 0.024231 -1.138869
0.464250 0.425481 148.500000 -0.094029 -1.220434
0.463954 0.425743 148.600000 -0.219241 -1.277530
0.463680 0.425833 148.700000 -0.336280 -1.057406
0.463420 0.425547 148.800000 -0.390927 -0.032791
0.463169 0.425381 148.900000 -0.422540 -0.597895
0.462931 0.425122 149.000000 -0.466395 -0.277019
0.462700 0.424839 149.100000 -0.484219 -0.078567
0.462479 0.424660 149.200000 -0.516305 -0.561535
0.462268 0.424376 149.300000 -0.544018 0.008650
0.462044 0.424301 149.400000 -0.503968 0.790342
0.461806 0.424019 149.500000 -0.460394 0.078960
0.461562 0.423770 149.600000 -0.440388 0.320174
0.461308 0.423565 149.700000 -0.400184 0.481893
0.461040 0.423392 149.800000 -0.347293 0.573276
0.460761 0.423217 149.900000 -0.290194 0.565850
0.460471 0.423126 150.000000 -0.223829 0.758127
0.460171 0.423033 150.100000 -0.148079 0.753095
0.459868 0.422784 150.200000 -0.094727 0.311270
0.459565 0.422510 150.300000 -0.086647 -0.150071
0.459267 0.422697 150.400000 -0.153630 -1.186238
0.458979 0.422435 150.500000 -0.224862 -0.234835
0.458692 0.422168 150.600000 -0.226359 0.204954
0.458404 0.421898 150.700000 -0.224435 -0.166560
0.458121 0.421663 150.800000 -0.251219 -0.367790
0.457841 0.421388 150.900000 -0.263965 0.113513
0.457556 0.421206 151.000000 -0.231080 0.542535
0.457264 0.420989 151.100000 -0.182246 0.431714
0.456967 0.420848 151.200000 -0.128347 0.643561
0.456666 0.420794 151.300000 -0.054770 0.824314
0.456365 0.420667 151.400000 0.020385 0.675017
0.456066 0.420405 151.500000 0.064994 0.214934
0.455767 0.420144 151.600000 0.087086 0.225809
0.455469 0.419904 151.700000 0.081743 -0.332408
0.455171 0.419644 151.800000 0.076367 0.225156
0.454875 0.419388 151.900000 0.099996 0.246252
0.454582 0.419189 152.000000 0.136455 0.481104
0.454296 0.419058 152.100000 0.193811 0.663137
0.454021 0.418989 152.200000 0.266768 0.792370
0.453761 0.418858 152.300000 0.339684 0.662306
0.453508 0.418587 152.400000 0.367331 -0.110751
0.453250 0.418343 152.500000 0.346404 -0.306741
0.452994 0.418149 152.600000 0.355780 0.493775
0.452753 0.418000 152.700000 0.411419 0.616230
0.452527 0.417784 152.800000 0.463344 0.419665
0.452308 0.417512 152.900000 0.481698 -0.053497
0.452093 0.417282 153.000000 0.497096 0.360695
0.451884 0.417010 153.100000 0.513335 -0.036725
0.451671 0.416749 153.200000 0.502038 -0.188659
0.451458 0.416483 153.300000 0.498799 0.124042
0.451245 0.416217 153.400000 0.498541 -0.129189
0.451035 0.415977 153.500000 0.507481 0.307537
0.450841 0.415840 153.600000 0.555016 0.640794
0.450664 0.415581 153.700000 0.596477 0.186341
0.450479 0.415421 153.800000 0.576574 -0.583395
0.450290 0.415187 153.900000 0.563893 0.330413
0.450115 0.414969 154.000000 0.600391 0.397726
0.449947 0.414700 154.100000 0.619150 -0.023488
0.449776 0.414437 154.200000 0.611143 -0.136249
0.449592 0.414277 154.300000 0.575299 -0.578839
0.449379 0.414402 154.400000 0.491066 -1.101610
0.449138 0.414389 154.500000 0.391299 -0.888742
0.448881 0.414197 154.600000 0.322435 -0.485107
0.448619 0.413939 154.700000 0.289580 -0.170355
0.448348 0.413872 154.800000 0.241549 -0.787858
0.448068 0.413742 154.900000 0.169461 -0.650291
0.447789 0.413704 155.000000 0.179079 0.842175
0.447522 0.413583 155.100000 0.255073 0.673893
0.447267 0.413447 155.200000 0.320655 0.634463
0.447031 0.413484 155.300000 0.401139 0.971197
0.446813 0.413250 155.400000 0.465513 0.313077
0.446601 0.412985 155.500000 0.483938 0.054486
0.446401 0.412872 155.600000 0.521178 0.688469
0.446225 0.412724 155.700000 0.585970 0.604114
0.446086 0.412948 155.800000 0.678111 1.234106
0.445992 0.412819 155.900000 0.772593 0.650810
0.445914 0.412554 156.000000 0.806076 0.017170
0.445842 0.412302 156.100000 0.816694 0.194669
0.445806 0.412432 156.200000 0.882018 1.108533
0.445827 0.412389 156.300000 0.979237 0.830986
0.445902 0.412328 156.400000 1.060776 0.795722
0.446041 0.412400 156.500000 1.152071 1.025624
0.446244 0.412271 156.600000 1.236008 0.648907
0.446484 0.412035 156.700000 1.282903 0.286650
0.446756 0.411851 156.800000 1.322152 0.496380
0.447082 0.411764 156.900000 1.384311 0.743689
0.447405 0.411703 157.000000 1.381800 -0.793797
0.447664 0.411597 157.100000 1.306852 -0.701415
0.447877 0.411386 157.200000 1.251677 -0.399314
0.448034 0.411482 157.300000 1.178549 -1.059597
0.448118 0.411510 157.400000 1.077548 -0.955373
0.448141 0.411514 157.500000 0.983872 -0.913460
0.448131 0.411260 157.600000 0.930595 -0.149413
0.448117 0.410999 157.700000 0.922996 -0.002195
0.448102 0.410739 157.800000 0.921356 -0.030516
0.448094 0.410502 157.900000 0.933321 0.269209
0.448084 0.410283 158.000000 0.928802 -0.359349
0.448043 0.410168 158.100000 0.876932 -0.675457
0.447974 0.409960 158.200000 0.823025 -0.399987
0.447877 0.409873 158.300000 0.766001 -0.737652
0.447752 0.409672 158.400000 0.707579 -0.427864
0.447608 0.409492 158.500000 0.661135 -0.498687
0.447455 0.409236 158.600000 0.640355 0.084113
0.447310 0.409003 158.700000 0.658680 0.281477
0.447178 0.408786 158.800000 0.690672 0.356762
0.447061 0.408551 158.900000 0.721926 0.266756
0.446959 0.408341 159.000000 0.754640 0.385887
0.446860 0.408108 159.100000 0.760370 -0.271583
0.446737 0.408037 159.200000 0.708289 -0.767416
0.446582 0.407942 159.300000 0.633827 -0.718110
0.446390 0.408258 159.400000 0.530180 -1.349648
0.446152 0.409271 159.500000 0.361638 -2.012763
0.445883 0.409822 159.600000 0.180284 -1.605252
0.445604 0.410458 159.700000 0.015164 -1.688883
0.445331 0.410835 159.800000 -0.140889 -1.424387
0.445071 0.410689 159.900000 -0.242089 -0.594536
0.444816 0.410433 160.000000 -0.272457 -0.011316
0.444562 0.410176 160.100000 -0.274203 -0.023524
0.444309 0.409922 160.200000 -0.278635 -0.064893
0.444063 0.409823 160.300000 -0.317401 -0.708491
0.443840 0.410007 160.400000 -0.412442 -1.187559
0.443667 0.411129 160.500000 -0.577417 -2.103702
0.443574 0.411749 160.600000 -0.766952 -1.677515
0.443574 0.412498 160.700000 -0.941149 -1.797724
0.443697 0.413527 160.800000 -1.133222 -2.034127
0.443955 0.413974 160.900000 -1.310640 -1.505367
0.444287 0.413739 161.000000 -1.399341 -0.264208
0.444638 0.413491 161.100000 -1.420842 -0.164740
0.444959 0.413445 161.200000 -1.387758 0.824761
0.445240 0.413193 161.300000 -1.340452 0.119006
0.445505 0.412959 161.400000 -1.321317 0.262726
0.445738 0.412781 161.500000 -1.283034 0.501017
0.445941 0.412549 161.600000 -1.244179 0.274155
0.446139 0.412300 161.700000 -1.237143 -0.133791
0.446375 0.412280 161.800000 -1.287603 -0.872891
0.446707 0.412643 161.900000 -1.402217 -1.413655
0.447164 0.412964 162.000000 -1.541589 -1.366828
0.447750 0.413178 162.100000 -1.671871 -1.232297
0.448443 0.413120 162.200000 -1.773701 -0.799204
0.449247 0.413298 162.300000 -1.873157 -1.184941
0.450172 0.413273 162.400000 -1.975852 -0.863828
0.451194 0.413176 162.500000 -2.054994 -0.715054
0.452293 0.413000 162.600000 -2.116015 -0.502305
0.453435 0.412756 162.700000 -2.150150 -0.178699
0.454548 0.412609 162.800000 -2.129643 0.587817
0.455558 0.412667 162.900000 -2.049683 1.007373
0.456438 0.412781 163.000000 -1.944292 1.095191
0.457207 0.412714 163.100000 -1.850342 0.779118
0.457836 0.413417 163.200000 -1.722741 1.766518
0.458277 0.414364 163.300000 -1.534945 1.980001
0.458540 0.415386 163.400000 -1.333333 2.042157
0.458653 0.416258 163.500000 -1.134757 1.919437
0.458632 0.417682 163.600000 -0.921042 2.344182
0.458511 0.418231 163.700000 -0.722193 1.622864
0.458321 0.419141 163.800000 -0.542863 1.954763
0.458074 0.420633 163.900000 -0.324876 2.394066
0.457796 0.422658 164.000000 -0.067711 2.736380
0.457526 0.423598 164.100000 0.168846 1.982945
0.457292 0.424899 164.200000 0.381677 2.263025
0.457130 0.426418 164.300000 0.616297 2.417651
0.457038 0.426405 164.400000 0.782581 0.899702
0.457002 0.426654 164.500000 0.892506 1.293310
0.457024 0.426545 164.600000 0.992576 0.703086
0.457073 0.426298 164.700000 1.037806 0.199243
0.457118 0.426076 164.800000 1.030416 -0.346667
0.457138 0.425879 164.900000 0.990633 -0.447001
0.457117 0.425909 165.000000 0.919319 -0.975719
0.457035 0.426240 165.100000 0.800505 -1.394620
0.456887 0.426707 165.200000 0.652996 -1.548183
0.456681 0.427508 165.300000 0.481578 -1.871608
0.456442 0.427419 165.400000 0.350192 -0.749539
0.456192 0.427226 165.500000 0.289384 -0.463579
0.455928 0.427507 165.600000 0.199162 -1.336360
0.455656 0.427452 165.700000 0.091083 -0.819798
0.455381 0.427545 165.800000 -0.004094 -1.079000
0.455111 0.427622 165.900000 -0.110973 -1.053233
0.454850 0.427618 166.000000 -0.209814 -0.918651
0.454606 0.427795 166.100000 -0.316073 -1.201202
0.454386 0.427767 166.200000 -0.420009 -0.872321
0.454186 0.427609 166.300000 -0.492491 -0.573690
0.453999 0.427372 166.400000 -0.534295 -0.260313
0.453826 0.427211 166.500000 -0.575641 -0.564530
0.453669 0.426986 166.600000 -0.620176 -0.323949
0.453532 0.426886 166.700000 -0.672470 -0.719320
0.453423 0.426718 166.800000 -0.735753 -0.543167
0.453341 0.426588 166.900000 -0.795426 -0.647323
0.453265 0.426376 167.000000 -0.808722 0.382074
0.453174 0.426142 167.100000 -0.776373 0.263288
0.453068 0.425944 167.200000 -0.741408 0.434265
0.452938 0.425817 167.300000 -0.686888 0.653403
0.452789 0.425591 167.400000 -0.638660 0.308759
0.452621 0.425504 167.500000 -0.585737 0.747041
0.452426 0.425523 167.600000 -0.500284 0.957764
0.452213 0.425300 167.700000 -0.436347 0.317770
0.451990 0.425137 167.800000 -0.392850 0.550004
0.451754 0.425011 167.900000 -0.332543 0.653110
0.451511 0.424759 168.000000 -0.296665 0.062654
0.451273 0.424586 168.100000 -0.319399 -0.516191
0.451045 0.424382 168.200000 -0.365616 -0.405830
0.450827 0.424200 168.300000 -0.410194 -0.483503
0.450612 0.423965 168.400000 -0.422425 0.239478
0.450390 0.423756 168.500000 -0.391369 0.380094
0.450159 0.423577 168.600000 -0.347588 0.493337
0.449918 0.423425 168.700000 -0.293909 0.577568
0.449672 0.423176 168.800000 -0.261373 0.071523
0.449425 0.422926 168.900000 -0.256496 0.025774
0.449179 0.422676 169.000000 -0.256667 -0.029200
0.448925 0.422891 169.100000 -0.195294 1.253593
0.448661 0.423200 169.200000 -0.063485 1.376009
0.448397 0.423439 169.300000 0.070030 1.287605
0.448146 0.423924 169.400000 0.213670 1.578019
0.447923 0.424439 169.500000 0.373475 1.610085
0.447743 0.424907 169.600000 0.532461 1.561699
0.447616 0.425247 169.700000 0.681698 1.415564
0.447543 0.425304 169.800000 0.803923 1.022827
0.447521 0.425357 169.900000 0.906053 1.014661
0.447556 0.425396 170.000000 1.006624 0.991735
0.447663 0.425667 170.100000 1.123083 1.331635
0.447827 0.425448 170.200000 1.206098 0.324508
0.448018 0.425250 170.300000 1.243434 0.420339
0.448213 0.425027 170.400000 1.249528 -0.298761
0.448365 0.425017 170.500000 1.189287 -0.903037
0.448450 0.425128 170.600000 1.088445 -1.108765
0.448488 0.424919 170.700000 1.014378 -0.368870
0.448512 0.424676 170.800000 0.988920 -0.139017
0.448528 0.424432 170.900000 0.975476 -0.129193
0.448540 0.424184 171.000000 0.968653 -0.006931
0.448543 0.423968 171.100000 0.951800 -0.329276
0.448526 0.423762 171.200000 0.916468 -0.375601
0.448482 0.423648 171.300000 0.863728 -0.676574
0.448420 0.423401 171.400000 0.828697 -0.022291
0.448362 0.423160 171.500000 0.834472 0.137505
0.448325 0.423070 171.600000 0.878074 0.732350
0.448319 0.422869 171.700000 0.934661 0.396570
0.448333 0.422659 171.800000 0.972033 0.349007
0.448386 0.422697 171.900000 1.039054 0.988052
0.448485 0.422518 172.000000 1.112644 0.480078
0.448614 0.422323 172.100000 1.157517 0.415129
0.448774 0.422152 172.200000 1.203603 0.504281
0.448958 0.421915 172.300000 1.237482 0.171615
0.449168 0.421765 172.400000 1.274628 0.569453
0.449424 0.421633 172.500000 1.334375 0.622496
0.449727 0.421486 172.600000 1.394671 0.580403
0.450097 0.421565 172.700000 1.476695 1.055983
0.450547 0.421483 172.800000 1.567113 0.747857
0.451039 0.421247 172.900000 1.612746 0.162513
0.451515 0.421066 173.000000 1.597471 -0.467252
0.451914 0.421265 173.100000 1.512049 -1.236907
0.452232 0.421154 173.200000 1.416063 -0.678026
0.452488 0.421135 173.300000 1.337987 -0.879579
0.452669 0.421235 173.400000 1.239242 -1.090387
0.452770 0.421471 173.500000 1.119928 -1.289938
0.452780 0.422055 173.600000 0.970344 -1.694256
0.452697 0.422947 173.700000 0.785861 -1.986174
0.452532 0.424133 173.800000 0.574521 -2.230059
0.452314 0.424586 173.900000 0.384696 -1.556948
0.452069 0.425178 174.000000 0.221179 -1.705226
0.451810 0.425448 174.100000 0.068614 -1.338435
0.451554 0.426131 174.200000 -0.088627 -1.798530
0.451312 0.426393 174.300000 -0.245381 -1.328717
0.451081 0.426149 174.400000 -0.314027 -0.040774
0.450851 0.425907 174.500000 -0.311966 0.081889
0.450620 0.425664 174.600000 -0.306228 0.032591
0.450397 0.425667 174.700000 -0.351148 -0.928738
0.450201 0.425902 174.800000 -0.462536 -1.293448
0.450049 0.426392 174.900000 -0.607663 -1.601845
0.449958 0.426773 175.000000 -0.762126 -1.479690
0.449919 0.426690 175.100000 -0.873906 -0.750331
0.449910 0.426495 175.200000 -0.932124 -0.411109
0.449915 0.426254 175.300000 -0.957367 -0.092499
0.449932 0.426047 175.400000 -0.979690 -0.352842
0.449971 0.425857 175.500000 -1.018846 -0.428310
0.450023 0.425614 175.600000 -1.039633 0.013602
0.450085 0.425413 175.700000 -1.057837 -0.376759
0.450170 0.425208 175.800000 -1.094938 -0.363412
0.450257 0.424990 175.900000 -1.098860 0.285167
0.450336 0.424749 176.000000 -1.084962 -0.007906
0.450408 0.424520 176.100000 -1.074638 0.213879
0.450475 0.424280 176.200000 -1.066476 -0.051058
0.450560 0.424120 176.300000 -1.095686 -0.531675
0.450660 0.423880 176.400000 -1.119687 0.052851
0.450754 0.423645 176.500000 -1.110527 0.129884
0.450820 0.423571 176.600000 -1.065735 0.763732
0.450828 0.423775 176.700000 -0.964675 1.252407
0.450792 0.423595 176.800000 -0.878721 0.462383
0.450737 0.423381 176.900000 -0.840804 0.294047
0.450662 0.423235 177.000000 -0.797181 0.576239
0.450549 0.423385 177.100000 -0.709494 1.173115
0.450386 0.423922 177.200000 -0.567510 1.659458
0.450169 0.425388 177.300000 -0.361056 2.459316
0.449919 0.427125 177.400000 -0.105009 2.648825
0.449673 0.429129 177.500000 0.169294 2.823511
0.449472 0.430474 177.600000 0.429845 2.374489
0.449344 0.431775 177.700000 0.666276 2.342300
0.449312 0.432709 177.800000 0.886248 2.046144
0.449403 0.433985 177.900000 1.105410 2.326137
0.449634 0.434631 178.000000 1.311240 1.780177
0.449979 0.434776 178.100000 1.459451 1.176627
0.450414 0.434778 178.200000 1.565387 0.936798
0.450927 0.434718 178.300000 1.652918 0.809442
0.451499 0.434529 178.400000 1.715542 0.439910
0.452082 0.434296 178.500000 1.727863 -0.194109
0.452629 0.434135 178.600000 1.690999 -0.541326
0.453136 0.433918 178.700000 1.648590 -0.304745
0.453624 0.433678 178.800000 1.629086 -0.084351
0.454101 0.433442 178.900000 1.617332 -0.150142
0.454547 0.433286 179.000000 1.581972 -0.555283
0.454925 0.433306 179.100000 1.505573 -0.968881
0.455240 0.433161 179.200000 1.427509 -0.588498
0.455521 0.432938 179.300000 1.385149 -0.256594
0.455764 0.432846 179.400000 1.335516 -0.733574
0.455942 0.432927 179.500000 1.244872 -1.074769
0.456048 0.433000 179.600000 1.137740 -1.062527
0.456094 0.432998 179.700000 1.038021 -0.926864
0.456092 0.432940 179.800000 0.950920 -0.810809
0.456050 0.432856 179.900000 0.872655 -0.750573
0.455974 0.432763 180.000000 0.798500 -0.728812
0.455863 0.432757 180.100000 0.715953 -0.917999
0.455725 0.432589 180.200000 0.644432 -0.508846
0.455575 0.432363 180.300000 0.607753 -0.222913
0.455419 0.432130 180.400000 0.588713 -0.156927
0.455254 0.431923 180.500000 0.563746 -0.341168
0.455081 0.431703 180.600000 0.533547 -0.261287
0.454895 0.431584 180.700000 0.487495 -0.657468
0.454687 0.431713 180.800000 0.396677 -1.154335
0.454452 0.432556 180.900000 0.239667 -1.978019
0.454202 0.433017 181.000000 0.060674 -1.592902
0.453957 0.434300 181.100000 -0.136879 -2.348276
0.453751 0.436479 181.200000 -0.403016 -2.961165
0.453626 0.437869 181.300000 -0.673376 -2.432506
0.453611 0.439423 181.400000 -0.923281 -2.553096
0.453739 0.440762 181.500000 -1.171366 -2.396206
0.454007 0.441238 181.600000 -1.372459 -1.615593
0.454405 0.441710 181.700000 -1.534268 -1.612505
0.454950 0.442271 181.800000 -1.700773 -1.709272
0.455661 0.442789 181.900000 -1.869888 -1.664568
0.456520 0.442897 182.000000 -2.009990 -1.130459
0.457503 0.442963 182.100000 -2.119889 -1.062039
0.458587 0.442843 182.200000 -2.206674 -0.669327
0.459740 0.442658 182.300000 -2.263346 -0.461271
0.460942 0.442449 182.400000 -2.303943 -0.348641
0.462156 0.442213 182.500000 -2.313999 0.148031
0.463304 0.442181 182.600000 -2.262646 0.876451
0.464371 0.441991 182.700000 -2.196969 0.433812
0.465375 0.441847 182.800000 -2.145223 0.598519
0.466308 0.441709 182.900000 -2.084430 0.614302
0.467139 0.441861 183.000000 -1.993468 1.200387
0.467877 0.441693 183.100000 -1.907368 0.517319
0.468568 0.441487 183.200000 -1.863325 0.361326
0.469209 0.441360 183.300000 -1.812911 0.644436
0.469801 0.441151 183.400000 -1.763509 0.341142
0.470345 0.441025 183.500000 -1.713928 0.647998
0.470815 0.441029 183.600000 -1.634016 0.946238
0.471176 0.441500 183.700000 -1.505551 1.616638
0.471417 0.441827 183.800000 -1.352087 1.444971
0.471554 0.442209 183.900000 -1.203860 1.512163
0.471600 0.442570 184.000000 -1.053460 1.488312
0.471576 0.442649 184.100000 -0.924516 1.084131
0.471504 0.442643 184.200000 -0.823560 0.929925
0.471387 0.442809 184.300000 -0.715617 1.223545
0.471233 0.442746 184.400000 -0.613779 0.808127
0.471045 0.443116 184.500000 -0.498081 1.500038
0.470825 0.443315 184.600000 -0.359063 1.273385
0.470587 0.443335 184.700000 -0.246051 0.981196
0.470338 0.443459 184.800000 -0.138792 1.158615
0.470084 0.443422 184.900000 -0.037264 0.866871
0.469830 0.443261 185.000000 0.033197 0.538838
0.469578 0.443087 185.100000 0.084825 0.491124
0.469332 0.443145 185.200000 0.162088 1.050289
0.469101 0.443482 185.300000 0.287955 1.460744
0.468904 0.444193 185.400000 0.455297 1.877742
0.468764 0.444987 185.500000 0.647593 1.958550
0.468717 0.446465 185.600000 0.872377 2.525889
0.468803 0.447811 185.700000 1.120696 2.428084
0.469026 0.448393 185.800000 1.330069 1.748902
0.469378 0.448857 185.900000 1.498912 1.619515
0.469878 0.449531 186.000000 1.672569 1.844945
0.470554 0.450242 186.100000 1.859458 1.883485
0.471399 0.450504 186.200000 2.022547 1.370141
0.472366 0.450447 186.300000 2.132814 0.829689
0.473435 0.450437 186.400000 2.220980 0.929225
0.474604 0.450336 186.500000 2.303865 0.724336
0.475848 0.450160 186.600000 2.364979 0.494877
0.477116 0.449921 186.700000 2.385446 -0.086550
0.478332 0.449821 186.800000 2.344804 -0.724258
0.479459 0.449703 186.900000 2.274621 -0.675894
0.480500 0.449611 187.000000 2.203322 -0.746518
0.481483 0.449385 187.100000 2.154413 -0.229225
0.482443 0.449153 187.200000 2.134548 -0.167082
0.483404 0.448927 187.300000 2.137664 0.229259
0.484383 0.448690 187.400000 2.153771 0.092071
0.485341 0.448505 187.500000 2.135668 -0.453230
0.486239 0.448354 187.600000 2.084189 -0.573778
0.487061 0.448289 187.700000 2.014935 -0.807847
0.487768 0.448566 187.800000 1.904674 -1.391844
0.488341 0.448776 187.900000 1.769801 -1.298881
0.488805 0.448855 188.000000 1.649928 -1.092582
0.489151 0.449379 188.100000 1.510250 -1.694004
0.489333 0.451114 188.200000 1.288665 -2.726605
0.489328 0.453997 188.300000 0.980064 -3.429992
0.489180 0.456402 188.400000 0.649813 -3.158507
0.488949 0.458989 188.500000 0.327760 -3.266466
0.488690 0.461970 188.600000 -0.010830 -3.488392
0.488468 0.465347 188.700000 -0.371053 -3.698065
0.488348 0.468097 188.800000 -0.725052 -3.364202
0.488376 0.470109 188.900000 -1.040195 -2.922917
0.488564 0.471183 189.000000 -1.298808 -2.236411
0.488886 0.471454 189.100000 -1.481208 -1.402458
0.489314 0.471588 189.200000 -1.611857 -1.204003
0.489840 0.471626 189.300000 -1.724513 -1.043466
0.490432 0.471411 189.400000 -1.794773 -0.358223
0.491065 0.471237 189.500000 -1.839362 -0.531330
0.491751 0.471064 189.600000 -1.892771 -0.534178
0.492485 0.470866 189.700000 -1.941513 -0.438239
0.493219 0.470661 189.800000 -1.943139 0.405808
0.493920 0.470431 189.900000 -1.909857 0.258167
0.494599 0.470190 190.000000 -1.889172 0.154505
0.495255 0.469965 190.100000 -1.866889 0.290035
0.495856 0.469903 190.200000 -1.810263 0.839660
0.496406 0.469670 190.300000 -1.756914 0.224640
0.496926 0.469470 190.400000 -1.724537 0.421284
0.497430 0.469225 190.500000 -1.707151 -0.074439
0.497922 0.469005 190.600000 -1.695007 0.316726
0.498329 0.469474 190.700000 -1.596347 1.651540
0.498618 0.469651 190.800000 -1.449867 1.270723
0.498832 0.469563 190.900000 -1.347217 0.777160
0.498996 0.469438 191.000000 -1.274217 0.679188
0.499119 0.469276 191.100000 -1.211885 0.564322
0.499196 0.469264 191.200000 -1.136259 0.944435
0.499229 0.469105 191.300000 -1.060031 0.576306
0.499235 0.468899 191.400000 -1.011859 0.384729
0.499211 0.468836 191.500000 -0.950761 0.834167
0.499142 0.468873 191.600000 -0.856824 1.039883
0.499032 0.468831 191.700000 -0.760610 0.879594
0.498900 0.468614 191.800000 -0.700062 0.328327
0.498762 0.468371 191.900000 -0.684603 -0.019915
0.498628 0.468134 192.000000 -0.694199 -0.171523
0.498503 0.467915 192.100000 -0.718182 -0.306933
0.498384 0.467672 192.200000 -0.734798 -0.024561
0.498266 0.467429 192.300000 -0.736419 -0.007774
0.498147 0.467187 192.400000 -0.733802 0.059968
0.498031 0.466961 192.500000 -0.743255 -0.248543
0.497932 0.466788 192.600000 -0.781609 -0.516629
0.497841 0.466547 192.700000 -0.803095 0.087993
0.497745 0.466311 192.800000 -0.791561 0.142101
0.497651 0.466083 192.900000 -0.796028 -0.231210
0.497559 0.465846 193.000000 -0.800898 0.134049
0.497468 0.465611 193.100000 -0.801387 -0.143809
0.497373 0.465399 193.200000 -0.791703 0.337021
0.497270 0.465160 193.300000 -0.771320 0.069620
0.497178 0.465021 193.400000 -0.799318 -0.628182
0.497120 0.465007 193.500000 -0.877713 -0.935802
0.497110 0.465050 193.600000 -0.977127 -1.047509
0.497143 0.464909 193.700000 -1.060594 -0.617659
0.497201 0.464682 193.800000 -1.102959 -0.227514
0.497267 0.464445 193.900000 -1.119046 -0.093428
0.497335 0.464206 194.000000 -1.121649 0.041496
0.497388 0.464027 194.100000 -1.095428 0.481608
0.497418 0.463819 194.200000 -1.053956 0.345754
0.497434 0.463587 194.300000 -1.028871 0.154711
0.497454 0.463368 194.400000 -1.035017 -0.277335
0.497499 0.463248 194.500000 -1.082916 -0.678251
0.497608 0.463560 194.600000 -1.190233 -1.462723
0.497819 0.464068 194.700000 -1.349032 -1.705308
0.498143 0.464304 194.800000 -1.502662 -1.359617
0.498565 0.464361 194.900000 -1.624580 -1.072647
0.499055 0.464204 195.000000 -1.706509 -0.561843
0.499582 0.463982 195.100000 -1.747117 -0.248288
0.500123 0.463747 195.200000 -1.764821 -0.104891
0.500656 0.463532 195.300000 -1.755364 0.293551
0.501141 0.463438 195.400000 -1.703172 0.747670
0.501575 0.463257 195.500000 -1.642259 0.467547
0.501962 0.463125 195.600000 -1.586693 0.640992
0.502301 0.462961 195.700000 -1.527914 0.531657
0.502636 0.462769 195.800000 -1.522254 -0.418741
0.503018 0.462678 195.900000 -1.581057 -0.754370
0.503413 0.462482 196.000000 -1.599093 0.394550
0.503766 0.462355 196.100000 -1.546512 0.654427
0.504059 0.462329 196.200000 -1.468321 0.905493
0.504292 0.462216 196.300000 -1.388119 0.694535
0.504481 0.462074 196.400000 -1.322911 0.606375
0.504631 0.461922 196.500000 -1.263851 0.571872
0.504730 0.461964 196.600000 -1.182957 1.041958
0.504759 0.462227 196.700000 -1.060545 1.400157
0.504714 0.462608 196.800000 -0.912281 1.557701
0.504604 0.462943 196.900000 -0.759101 1.498248
0.504443 0.463244 197.000000 -0.611196 1.452458
0.504242 0.463560 197.100000 -0.464474 1.474637
0.504007 0.464403 197.200000 -0.287185 2.062288
0.503754 0.465083 197.300000 -0.088523 1.901020
0.503501 0.465563 197.400000 0.091006 1.680571
0.503262 0.465959 197.500000 0.254461 1.580359
0.503055 0.466710 197.600000 0.432695 1.975413
0.502894 0.467019 197.700000 0.605283 1.467726
0.502792 0.467747 197.800000 0.776755 1.953144
0.502763 0.467985 197.900000 0.943409 1.371604
0.502799 0.468106 198.000000 1.071806 1.189910
0.502904 0.468249 198.100000 1.192869 1.225287
0.503067 0.468113 198.200000 1.285895 0.630584
0.503265 0.467922 198.300000 1.338534 0.419575
0.503462 0.467741 198.400000 1.336092 -0.468299
0.503605 0.467839 198.500000 1.254898 -1.151515
0.503670 0.468104 198.600000 1.126512 -1.409789
0.503653 0.468641 198.700000 0.968022 -1.752097
0.503557 0.469205 198.800000 0.790777 -1.783923
0.503392 0.470120 198.900000 0.594108 -2.139622
0.503181 0.470492 199.000000 0.408846 -1.556356
0.502943 0.471090 199.100000 0.239416 -1.823773
0.502694 0.470936 199.200000 0.119371 -0.571126
0.502443 0.470841 199.300000 0.053067 -0.751646
0.502192 0.470929 199.400000 -0.041567 -1.136296
0.501949 0.471570 199.500000 -0.192308 -1.870986
0.501737 0.472529 199.600000 -0.395631 -2.185307
0.501576 0.473148 199.700000 -0.597845 -1.848880
0.501478 0.473768 199.800000 -0.783273 -1.850410
0.501475 0.474942 199.900000 -0.995110 -2.375726
0.501594 0.475740 200.000000 -1.216228 -2.035573
0.501827 0.476030 200.100000 -1.391087 -1.452870
0.502144 0.475983 200.200000 -1.507759 -0.874728
0.502507 0.475773 200.300000 -1.568278 -0.332628
0.502888 0.475541 200.400000 -1.592133 -0.143286
0.503283 0.475314 200.500000 -1.609377 -0.200738
0.503699 0.475103 200.600000 -1.635567 -0.321747
0.504153 0.474965 200.700000 -1.683232 -0.629166
0.504661 0.474821 200.800000 -1.745282 -0.608743
0.505198 0.474587 200.900000 -1.780408 -0.092019
0.505757 0.474389 201.000000 -1.804684 -0.392286
0.506359 0.474237 201.100000 -1.853474 -0.581062
0.506980 0.474008 201.200000 -1.874317 0.165239
0.507591 0.473773 201.300000 -1.864149 0.037602
0.508208 0.473546 201.400000 -1.870946 -0.173187
0.508818 0.473333 201.500000 -1.864721 0.297372
0.509392 0.473154 201.600000 -1.826058 0.473940
0.509903 0.473139 201.700000 -1.755107 0.941540
0.510332 0.473139 201.800000 -1.659168 0.972443
0.510680 0.473178 201.900000 -1.557690 1.052046
0.510975 0.472972 202.000000 -1.488152 0.335238
0.511268 0.472757 202.100000 -1.485234 -0.277031
0.511573 0.472524 202.200000 -1.502208 -0.061597
0.511876 0.472294 202.300000 -1.499325 0.119104
0.512155 0.472123 202.400000 -1.468241 0.501031
0.512401 0.471936 202.500000 -1.421560 0.430256
0.512603 0.471877 202.600000 -1.357896 0.839847
0.512766 0.471672 202.700000 -1.298870 0.337716
0.512905 0.471486 202.800000 -1.260269 0.432373
0.513011 0.471351 202.900000 -1.207070 0.628948
0.513079 0.471233 203.000000 -1.141501 0.679145
0.513112 0.471097 203.100000 -1.076119 0.625223
0.513107 0.471037 203.200000 -1.002858 0.836330
0.513054 0.471160 203.300000 -0.900723 1.201271
0.512947 0.471447 203.400000 -0.767712 1.452304
0.512783 0.472115 203.500000 -0.598965 1.914204
0.512577 0.472405 203.600000 -0.429996 1.456715
0.512340 0.473405 203.700000 -0.244644 2.241054
0.512089 0.474434 203.800000 -0.018627 2.267994
0.511846 0.475064 203.900000 0.189061 1.875381
0.511623 0.475113 204.000000 0.336841 1.072833
0.511416 0.474959 204.100000 0.418992 0.566089
0.511220 0.474793 204.200000 0.473673 0.524790
0.511038 0.474620 204.300000 0.524658 0.492349
0.510858 0.474402 204.400000 0.537386 -0.238420
0.510682 0.474218 204.500000 0.547450 0.439192
0.510520 0.474072 204.600000 0.599191 0.593055
0.510377 0.473929 204.700000 0.659151 0.603131
0.510251 0.473738 204.800000 0.709701 0.405344
0.510140 0.473553 204.900000 0.751758 0.433699
0.510040 0.473331 205.000000 0.783242 0.194406
0.509958 0.473198 205.100000 0.824757 0.633812
0.509883 0.472983 205.200000 0.844193 -0.246050
0.509801 0.472754 205.300000 0.827455 -0.087877
0.509712 0.472549 205.400000 0.807098 -0.318246
0.509611 0.472337 205.500000 0.777301 -0.276197
0.509499 0.472128 205.600000 0.749153 -0.285354
0.509365 0.472176 205.700000 0.681210 -1.070112
0.509193 0.472411 205.800000 0.558278 -1.382393
0.508991 0.472501 205.900000 0.431472 -1.147378
0.508765 0.472899 206.000000 0.293351 -1.608148
0.508523 0.473149 206.100000 0.142274 -1.405824
0.508276 0.473489 206.200000 -0.005005 -1.532396
0.508035 0.473558 206.300000 -0.137480 -1.110481
0.507802 0.473514 206.400000 -0.236899 -0.872938
0.507576 0.473284 206.500000 -0.280596 0.001187
0.507346 0.473115 206.600000 -0.255702 0.495451
0.507114 0.472889 206.700000 -0.236667 -0.115699
0.506882 0.472674 206.800000 -0.230800 0.232746
0.506649 0.472447 206.900000 -0.223579 -0.088686
0.506416 0.472231 207.000000 -0.216986 0.220208
0.506180 0.472017 207.100000 -0.193850 0.241360
0.505945 0.471801 207.200000 -0.192767 -0.219756
0.505713 0.471597 207.300000 -0.219374 -0.311054
0.505485 0.471408 207.400000 -0.254897 -0.397628
0.505259 0.471185 207.500000 -0.268155 0.133135
0.505028 0.471070 207.600000 -0.227309 0.681739
0.504789 0.471190 207.700000 -0.132932 1.201078
0.504546 0.471198 207.800000 -0.023304 0.986009
0.504305 0.471135 207.900000 0.067462 0.824762
0.504068 0.471129 208.000000 0.156858 0.958684
0.503840 0.471006 208.100000 0.237716 0.654450
0.503618 0.470816 208.200000 0.289964 0.387886
0.503401 0.470606 208.300000 0.322563 0.262479
0.503192 0.470454 208.400000 0.363404 0.552289
0.502994 0.470357 208.500000 0.427902 0.734439
0.502809 0.470157 208.600000 0.481044 0.325751
0.502634 0.469999 208.700000 0.523903 0.529295
0.502472 0.469829 208.800000 0.574399 0.478085
0.502321 0.469623 208.900000 0.612574 0.283521
0.502186 0.469514 209.000000 0.661542 0.693376
0.502072 0.469375 209.100000 0.726256 0.597677
0.501983 0.469292 209.200000 0.794782 0.769412
0.501909 0.469068 209.300000 0.832894 -0.009080
0.501831 0.468851 209.400000 0.823960 -0.169139
0.501744 0.468655 209.500000 0.798369 -0.341401
0.501643 0.468467 209.600000 0.761858 -0.387000
0.501529 0.468273 209.700000 0.724791 -0.352496
0.501412 0.468056 209.800000 0.714601 0.149204
0.501297 0.467833 209.900000 0.722876 0.015881
0.501182 0.467613 210.000000 0.718619 -0.100793
0.501071 0.467425 210.100000 0.732863 0.384948
0.500977 0.467266 210.200000 0.777892 0.513385
0.500895 0.467050 210.300000 0.811815 0.163387
0.500813 0.466836 210.400000 0.810838 -0.182882
0.500721 0.466645 210.500000 0.783799 -0.356545
0.500611 0.466536 210.600000 0.731375 -0.689315
0.500484 0.466333 210.700000 0.682698 -0.281800
0.500347 0.466140 210.800000 0.651537 -0.339850
0.500206 0.465919 210.900000 0.636372 0.037301
0.500068 0.465704 211.000000 0.646174 0.158258
0.499930 0.465490 211.100000 0.646276 -0.156235
0.499779 0.465407 211.200000 0.600200 -0.762981
0.499606 0.465359 211.300000 0.519133 -0.854309
0.499410 0.465534 211.400000 0.411526 -1.292454
0.499189 0.466068 211.500000 0.257209 -1.786157
0.498955 0.466522 211.600000 0.083003 -1.689257
0.498722 0.467103 211.700000 -0.094006 -1.842079
0.498506 0.467822 211.800000 -0.286373 -1.995632
0.498329 0.468791 211.900000 -0.498991 -2.246096
0.498220 0.469898 212.000000 -0.730516 -2.372837
0.498191 0.470334 212.100000 -0.933190 -1.670499
0.498229 0.470454 212.200000 -1.077353 -1.205561
0.498311 0.470279 212.300000 -1.159923 -0.441705
0.498413 0.470076 212.400000 -1.195920 -0.276439
0.498543 0.469969 212.500000 -1.244784 -0.698403
0.498708 0.469800 212.600000 -1.303371 -0.470396
0.498874 0.469624 212.700000 -1.305189 0.434127
0.499039 0.469439 212.800000 -1.302987 -0.390201
0.499203 0.469255 212.900000 -1.302688 0.396157
0.499331 0.469181 213.000000 -1.243247 0.789695
0.499405 0.469270 213.100000 -1.146197 1.146459
0.499420 0.469359 213.200000 -1.031122 1.149294
0.499382 0.469472 213.300000 -0.913813 1.191014
0.499283 0.470102 213.400000 -0.758611 1.905271
0.499124 0.470746 213.500000 -0.566809 1.921161
0.498929 0.470907 213.600000 -0.406484 1.277327
0.498716 0.470894 213.700000 -0.295324 0.940321
0.498493 0.470820 213.800000 -0.208488 0.792048
0.498263 0.471037 213.900000 -0.100260 1.367112
0.498030 0.471034 214.000000 0.016582 0.963882
0.497802 0.471269 214.100000 0.134875 1.396061
0.497585 0.471344 214.200000 0.261219 1.124513
0.497388 0.471529 214.300000 0.383661 1.318190
0.497207 0.471342 214.400000 0.468367 0.371700
0.497033 0.471132 214.500000 0.497068 0.200897
0.496869 0.471010 214.600000 0.539649 0.648585
0.496728 0.471023 214.700000 0.622191 0.998132
0.496615 0.470962 214.800000 0.713625 0.825973
0.496506 0.470835 214.900000 0.723546 -0.628058
0.496376 0.470718 215.000000 0.658897 -0.661676
0.496224 0.470679 215.100000 0.581624 -0.879923
0.496052 0.470580 215.200000 0.501513 -0.718299
0.495861 0.470618 215.300000 0.412871 -1.050096
0.495655 0.470521 215.400000 0.323987 -0.723144
0.495438 0.470579 215.500000 0.232993 -1.092183
0.495210 0.471046 215.600000 0.092070 -1.719245
0.494982 0.471279 215.700000 -0.064097 -1.396285
0.494761 0.471295 215.800000 -0.184460 -1.004953
0.494550 0.471304 215.900000 -0.284443 -0.989711
0.494354 0.471228 216.000000 -0.373338 -0.783749
0.494172 0.471152 216.100000 -0.451996 -0.785469
0.494013 0.471207 216.200000 -0.545790 -1.085719
0.493894 0.471714 216.300000 -0.688959 -1.770506
0.493847 0.472560 216.400000 -0.885303 -2.146551
0.493915 0.474158 216.500000 -1.133491 -2.804807
0.494138 0.475322 216.600000 -1.396795 -2.448113
0.494509 0.475892 216.700000 -1.612250 -1.850204
0.494987 0.475852 216.800000 -1.749237 -0.882697
0.495504 0.475635 216.900000 -1.798263 -0.095374
0.496021 0.475417 217.000000 -1.799102 0.078645
0.496525 0.475209 217.100000 -1.784317 0.216325
0.497009 0.475010 217.200000 -1.758857 0.291585
0.497416 0.475400 217.300000 -1.662725 1.626256
0.497705 0.475776 217.400000 -1.500562 1.608899
0.497912 0.475724 217.500000 -1.377301 0.850151
0.498066 0.475684 217.600000 -1.290508 0.881379
0.498170 0.475632 217.700000 -1.203642 0.851595
0.498233 0.475517 217.800000 -1.127244 0.672551
0.498265 0.475366 217.900000 -1.066416 0.540953
0.498270 0.475226 218.000000 -1.010160 0.581354
0.498250 0.475085 218.100000 -0.952015 0.578644
0.498192 0.475205 218.200000 -0.862122 1.214729
0.498078 0.475790 218.300000 -0.707396 1.872051
0.497908 0.476716 218.400000 -0.501470 2.236169
0.497696 0.477893 218.500000 -0.265620 2.469039
0.497469 0.478598 218.600000 -0.041089 2.010353
0.497250 0.479828 218.700000 0.185890 2.517884
0.497066 0.480995 218.800000 0.435600 2.463833
0.496931 0.481311 218.900000 0.635870 1.531552
0.496844 0.481527 219.000000 0.781832 1.380385
0.496810 0.481733 219.100000 0.919540 1.366890
0.496823 0.481634 219.200000 1.024501 0.727076
0.496878 0.481648 219.300000 1.111736 1.013277
0.496986 0.481644 219.400000 1.211262 0.972256
0.497141 0.481537 219.500000 1.295187 0.702062
0.497332 0.481366 219.600000 1.353399 0.459263
0.497549 0.481184 219.700000 1.396622 0.403033
0.497779 0.480965 219.800000 1.415439 -0.027641
0.497984 0.480864 219.900000 1.378084 -0.717589
0.498157 0.480668 220.000000 1.326177 -0.317945
0.498319 0.480451 220.100000 1.307494 -0.054795
0.498474 0.480240 220.200000 1.295602 -0.182439
0.498613 0.480049 220.300000 1.269271 -0.342874
0.498729 0.479887 220.400000 1.227277 -0.494902
0.498813 0.479763 220.500000 1.170201 -0.643774
0.498857 0.479737 220.600000 1.091810 -0.920121
0.498859 0.479678 220.700000 1.003780 -0.836071
0.498831 0.479531 220.800000 0.934117 -0.553701
0.498762 0.479819 220.900000 0.831488 -1.493761
0.498631 0.480703 221.000000 0.645978 -2.207155
0.498444 0.481794 221.100000 0.414756 -2.405725
0.498224 0.483214 221.200000 0.159211 -2.692395
0.498002 0.484330 221.300000 -0.097573 -2.430452
0.497807 0.485968 221.400000 -0.363145 -2.867707
0.497673 0.487210 221.500000 -0.634456 -2.544956
0.497620 0.488072 221.600000 -0.871790 -2.189853
0.497654 0.488586 221.700000 -1.072007 -1.804469
0.497786 0.489160 221.800000 -1.256567 -1.877516
0.498047 0.490158 221.900000 -1.467270 -2.326000
0.498483 0.491438 222.000000 -1.713270 -2.581700
0.499111 0.492178 222.100000 -1.946315 -2.067552
0.499889 0.492286 222.200000 -2.110582 -1.209567
0.500763 0.492207 222.300000 -2.211053 -0.794844
0.501676 0.491986 222.400000 -2.250554 0.006800
0.502576 0.491778 222.500000 -2.238064 0.242385
0.503423 0.491698 222.600000 -2.186195 0.792393
0.504198 0.491583 222.700000 -2.112118 0.685443
0.504899 0.491540 222.800000 -2.033159 0.889802
0.505520 0.491501 222.900000 -1.943372 0.901451
0.506081 0.491327 223.000000 -1.875389 0.454806
0.506606 0.491147 223.100000 -1.831609 0.418592
0.507103 0.490942 223.200000 -1.797571 0.260479
0.507574 0.490751 223.300000 -1.766488 0.359628
0.508009 0.490604 223.400000 -1.719988 0.568044
0.508392 0.490526 223.500000 -1.651565 0.796992
0.508678 0.491133 223.600000 -1.515255 1.922385
0.508821 0.492420 223.700000 -1.288718 2.597030
0.508851 0.492845 223.800000 -1.073404 1.698497
0.508807 0.493244 223.900000 -0.904781 1.665521
0.508700 0.493689 224.000000 -0.734712 1.727353
0.508549 0.493875 224.100000 -0.580547 1.348245
0.508370 0.493857 224.200000 -0.465238 0.952176
0.508171 0.494045 224.300000 -0.349611 1.354578
0.507954 0.494341 224.400000 -0.205440 1.521623
0.507728 0.494809 224.500000 -0.041051 1.757944
0.507506 0.495130 224.600000 0.125289 1.560535
0.507298 0.495488 224.700000 0.284301 1.611762
0.507113 0.495630 224.800000 0.429071 1.276392
0.506954 0.495652 224.900000 0.545346 1.043296
0.506815 0.495497 225.000000 0.624837 0.542560
0.506694 0.495364 225.100000 0.683442 0.626602
0.506599 0.495359 225.200000 0.764219 0.984891
0.506532 0.495218 225.300000 0.843373 0.594233
0.506475 0.494999 225.400000 0.870217 -0.058696
0.506414 0.494788 225.500000 0.857396 -0.197072
0.506347 0.494570 225.600000 0.844488 -0.060448
0.506274 0.494370 225.700000 0.826737 -0.293682
0.506190 0.494180 225.800000 0.793749 -0.364428
0.506097 0.493963 225.900000 0.771682 -0.075803
0.506007 0.493753 226.000000 0.777671 0.195285
0.505926 0.493554 226.100000 0.802216 0.294381
0.505858 0.493379 226.200000 0.839130 0.442045
0.505805 0.493189 226.300000 0.879197 0.357302
0.505753 0.492995 226.400000 0.880686 -0.327612
0.505687 0.492811 226.500000 0.844781 -0.388692
0.505611 0.492603 226.600000 0.814650 -0.212408
0.505518 0.492500 226.700000 0.768001 -0.718249
0.505403 0.492376 226.800000 0.699465 -0.649031
0.505266 0.492319 226.900000 0.624245 -0.851609
0.505100 0.492591 227.000000 0.506839 -1.490653
0.504908 0.492688 227.100000 0.372239 -1.194605
0.504699 0.492875 227.200000 0.244462 -1.354565
0.504480 0.493064 227.300000 0.108485 -1.358169
0.504258 0.493333 227.400000 -0.034136 -1.487115
0.504043 0.493440 227.500000 -0.169529 -1.213985
0.503837 0.493325 227.600000 -0.264376 -0.678206
0.503641 0.493258 227.700000 -0.339798 -0.826466
0.503460 0.493218 227.800000 -0.426230 -0.897839
0.503295 0.493104 227.900000 -0.505446 -0.682528
0.503150 0.493082 228.000000 -0.586763 -0.939751
0.503034 0.493138 228.100000 -0.689783 -1.115500
0.502954 0.493191 228.200000 -0.801250 -1.108265
0.502920 0.493344 228.300000 -0.921870 -1.298099
0.502924 0.493178 228.400000 -1.010814 -0.476334
0.502952 0.493050 228.500000 -1.066469 -0.633974
0.503006 0.492869 228.600000 -1.118145 -0.396970
0.503089 0.492795 228.700000 -1.178446 -0.806037
0.503203 0.492603 228.800000 -1.234920 -0.320612
0.503322 0.492390 228.900000 -1.245291 0.113704
0.503415 0.492330 229.000000 -1.197477 0.840181
0.503472 0.492188 229.100000 -1.126220 0.581400
0.503512 0.491976 229.200000 -1.092280 0.095714
0.503539 0.491818 229.300000 -1.061824 0.511872
0.503536 0.491738 229.400000 -0.996830 0.784772
0.503510 0.491543 229.500000 -0.942636 0.296390
0.503479 0.491329 229.600000 -0.929103 -0.026416
0.503442 0.491134 229.700000 -0.915977 0.288289
0.503401 0.490921 229.800000 -0.905221 -0.073707
0.503348 0.490830 229.900000 -0.871343 0.749581
0.503268 0.490718 230.000000 -0.799574 0.682197
0.503162 0.490673 230.100000 -0.721220 0.880978
0.503033 0.490564 230.200000 -0.642392 0.691624
0.502892 0.490360 230.300000 -0.597371 0.206559
0.502745 0.490163 230.400000 -0.573579 0.268087
0.502590 0.489994 230.500000 -0.537658 0.448529
0.502427 0.489795 230.600000 -0.502895 0.244986
0.502261 0.489583 230.700000 -0.487593 0.060301
0.502096 0.489375 230.800000 -0.491025 -0.128765
0.501939 0.489245 230.900000 -0.528245 -0.613787
0.501794 0.489062 231.000000 -0.577420 -0.367244
0.501662 0.488952 231.100000 -0.630163 -0.684978
0.501553 0.488893 231.200000 -0.706609 -0.840133
0.501475 0.488908 231.300000 -0.800032 -1.023648
0.501436 0.488956 231.400000 -0.906236 -1.095114
0.501438 0.488922 231.500000 -1.006457 -0.904303
0.501489 0.489028 231.600000 -1.112530 -1.211846
0.501600 0.489122 231.700000 -1.232943 -1.190408
0.501808 0.489953 231.800000 -1.402777 -2.197778
0.502177 0.491303 231.900000 -1.647879 -2.691994
0.502736 0.492215 232.000000 -1.897256 -2.283076
0.503482 0.492892 232.100000 -2.113558 -2.032159
0.504410 0.493393 232.200000 -2.306693 -1.820890
0.505479 0.493371 232.300000 -2.445093 -0.940175
0.506634 0.493256 232.400000 -2.525853 -0.671002
0.507821 0.493045 232.500000 -2.556491 0.059776
0.509021 0.492852 232.600000 -2.568698 -0.303304
0.510236 0.492641 232.700000 -2.583865 0.000718
0.511454 0.492430 232.800000 -2.587405 -0.071338
0.512641 0.492298 232.900000 -2.560564 0.606823
0.513755 0.492200 233.000000 -2.493768 0.725753
0.514793 0.492096 233.100000 -2.421851 0.708991
0.515751 0.492029 233.200000 -2.345310 0.818006
0.516615 0.492066 233.300000 -2.250404 1.075368
0.517372 0.492149 233.400000 -2.137801 1.171068
0.518008 0.492452 233.500000 -2.001418 1.549770
0.518504 0.492967 233.600000 -1.831432 1.841454
0.518874 0.493239 233.700000 -1.663787 1.503063
0.519159 0.493231 233.800000 -1.539639 0.973677
0.519366 0.493483 233.900000 -1.417110 1.470792
0.519487 0.493772 234.000000 -1.266663 1.530617
0.519515 0.494580 234.100000 -1.080441 2.184503
0.519453 0.495314 234.200000 -0.865440 2.104768
0.519325 0.495915 234.300000 -0.662145 1.950970
0.519149 0.496600 234.400000 -0.461548 2.050949
0.518943 0.497041 234.500000 -0.271070 1.749092
0.518723 0.497836 234.600000 -0.074430 2.173857
0.518506 0.498364 234.700000 0.127975 1.864140
0.518305 0.498797 234.800000 0.308729 1.741895
0.518129 0.498890 234.900000 0.456001 1.196188
0.517971 0.498738 235.000000 0.542795 0.535335
0.517823 0.498537 235.100000 0.580731 0.221499
0.517666 0.498511 235.200000 0.544927 -0.935782
0.517499 0.498299 235.300000 0.498509 0.009743
0.517334 0.498098 235.400000 0.510001 0.219518
0.517165 0.497973 235.500000 0.488932 -0.639843
0.516978 0.498110 235.600000 0.392671 -1.280565
0.516775 0.498164 235.700000 0.272402 -1.118816
0.516562 0.498135 235.800000 0.169869 -0.926714
0.516344 0.498100 235.900000 0.077680 -0.912441
0.516126 0.497995 236.000000 -0.003502 -0.707151
0.515908 0.497896 236.100000 -0.075345 -0.726108
0.515693 0.497702 236.200000 -0.125783 -0.280140
0.515482 0.497585 236.300000 -0.173201 -0.665852
0.515281 0.497943 236.400000 -0.288797 -1.640275
0.515109 0.498484 236.500000 -0.465512 -1.885201
0.514974 0.498619 236.600000 -0.624091 -1.278449
0.514869 0.498565 236.700000 -0.731415 -0.862662
0.514790 0.498445 236.800000 -0.807386 -0.652960
0.514737 0.498398 236.900000 -0.884263 -0.880727
0.514705 0.498192 237.000000 -0.935736 -0.146159
0.514677 0.497983 237.100000 -0.946583 -0.070249
0.514636 0.497890 237.200000 -0.912886 0.742503
0.514567 0.497790 237.300000 -0.839477 0.722005
0.514476 0.497659 237.400000 -0.772549 0.613208
0.514369 0.497484 237.500000 -0.721542 0.404386
0.514259 0.497282 237.600000 -0.710113 -0.176385
0.514145 0.497110 237.700000 -0.697667 0.424691
0.514010 0.497148 237.800000 -0.622100 1.082879
0.513840 0.497836 237.900000 -0.464226 2.066689
0.513638 0.498446 238.000000 -0.261682 1.974079
0.513424 0.498678 238.100000 -0.090018 1.450614
0.513210 0.499020 238.200000 0.063976 1.621562
0.513000 0.498844 238.300000 0.165212 0.398106
0.512794 0.498702 238.400000 0.213492 0.565080
0.512594 0.498543 238.500000 0.266349 0.489411
0.512404 0.498545 238.600000 0.341123 1.002330
0.512224 0.498355 238.700000 0.406554 0.303023
0.512047 0.498147 238.800000 0.420802 -0.018789
0.511871 0.497948 238.900000 0.430320 0.208683
0.511702 0.497773 239.000000 0.460901 0.401403
0.511536 0.497565 239.100000 0.482860 0.036677
0.511372 0.497358 239.200000 0.487565 0.057188
0.511211 0.497159 239.300000 0.500822 0.207295
0.511057 0.496985 239.400000 0.531325 0.401248
0.510903 0.496799 239.500000 0.535566 -0.316643
0.510740 0.496671 239.600000 0.488654 -0.619266
0.510570 0.496466 239.700000 0.453501 -0.082019
0.510396 0.496281 239.800000 0.433048 -0.326026
0.510221 0.496085 239.900000 0.428194 0.229193
0.510051 0.495884 240.000000 0.447647 0.158886
0.509882 0.495678 240.100000 0.458893 0.065468
0.509716 0.495479 240.200000 0.471234 0.180741
0.509551 0.495274 240.300000 0.475828 -0.089088
0.509377 0.495246 240.400000 0.424977 -0.925399
0.509188 0.495228 240.500000 0.330988 -0.949663
0.508990 0.495105 240.600000 0.251787 -0.630408
0.508789 0.494909 240.700000 0.231277 0.221233
0.508590 0.494705 240.800000 0.239318 -0.060811
0.508390 0.494501 240.900000 0.231518 -0.094799
0.508190 0.494297 241.000000 0.229955 0.063610
0.507991 0.494095 241.100000 0.239048 0.117792
0.507793 0.493890 241.200000 0.243121 -0.036522
0.507593 0.493710 241.300000 0.224154 -0.341885
0.507391 0.493525 241.400000 0.191838 -0.302814
0.507185 0.493415 241.500000 0.142806 -0.675366
0.506976 0.493399 241.600000 0.061134 -0.953997
0.506766 0.493400 241.700000 -0.036679 -0.997377
0.506560 0.493353 241.800000 -0.130306 -0.870473
0.506359 0.493197 241.900000 -0.198040 -0.480823
0.506158 0.493062 242.000000 -0.193196 0.577455
0.505953 0.492894 242.100000 -0.143447 0.415042
0.505748 0.492697 242.200000 -0.131220 -0.171120
0.505546 0.492614 242.300000 -0.178165 -0.765428
0.505351 0.492556 242.400000 -0.258549 -0.838229
0.505164 0.492393 242.500000 -0.322594 -0.439468
0.504984 0.492242 242.600000 -0.369849 -0.503260
0.504810 0.492044 242.700000 -0.402583 -0.149785
0.504639 0.491859 242.800000 -0.424755 -0.292564
0.504481 0.491881 242.900000 -0.491713 -1.043232
0.504338 0.491698 243.000000 -0.559349 -0.306108
0.504212 0.491762 243.100000 -0.631784 -1.138984
0.504113 0.491658 243.200000 -0.723420 -0.689146
0.504021 0.491462 243.300000 -0.748893 0.180967
0.503917 0.491341 243.400000 -0.708390 0.627059
0.503800 0.491154 243.500000 -0.663550 0.267503
0.503687 0.490997 243.600000 -0.673491 -0.465835
0.503587 0.490843 243.700000 -0.720916 -0.480288
0.503499 0.490666 243.800000 -0.762159 -0.342516
0.503426 0.490522 243.900000 -0.805779 -0.527702
0.503361 0.490321 244.000000 -0.830220 0.040106
0.503297 0.490123 244.100000 -0.833679 -0.109109
0.503225 0.489994 244.200000 -0.809522 0.591048
0.503130 0.489959 244.300000 -0.734717 0.901297
0.503000 0.490260 244.400000 -0.611122 1.564435
0.502850 0.490069 244.500000 -0.521939 0.214770
0.502701 0.489882 244.600000 -0.524389 -0.263654
0.502554 0.489684 244.700000 -0.532993 0.092003
0.502407 0.489489 244.800000 -0.536320 -0.158370
0.502273 0.489460 244.900000 -0.590023 -0.913022
0.502172 0.489756 245.000000 -0.713953 -1.559372
0.502124 0.490115 245.100000 -0.875124 -1.655987
0.502145 0.490647 245.200000 -1.053073 -1.894092
0.502244 0.490871 245.300000 -1.220309 -1.442279
0.502397 0.490756 245.400000 -1.325028 -0.646856
0.502607 0.490953 245.500000 -1.427462 -1.396711
0.502916 0.491430 245.600000 -1.588872 -1.823411
0.503303 0.491281 245.700000 -1.705218 -0.497702
0.503706 0.491081 245.800000 -1.728642 0.030392
0.504123 0.490922 245.900000 -1.749483 -0.446154
0.504538 0.490779 246.000000 -1.745365 0.528294
0.504922 0.490597 246.100000 -1.704100 0.294950
0.505274 0.490486 246.200000 -1.656259 0.659469
0.505579 0.490401 246.300000 -1.585734 0.747510
0.505834 0.490351 246.400000 -1.505264 0.857877
0.506036 0.490311 246.500000 -1.417859 0.885850
0.506184 0.490344 246.600000 -1.319909 1.068256
0.506276 0.490401 246.700000 -1.210070 1.123029
0.506314 0.490483 246.800000 -1.094793 1.176741
0.506309 0.490414 246.900000 -0.995696 0.800240
0.506281 0.490254 247.000000 -0.933618 0.438226
0.506238 0.490078 247.100000 -0.894848 0.335229
0.506180 0.489938 247.200000 -0.851369 0.532169
0.506104 0.489801 247.300000 -0.796931 0.553879
0.506022 0.489611 247.400000 -0.778725 -0.190664
0.505951 0.489466 247.500000 -0.813955 -0.512180
0.505898 0.489323 247.600000 -0.865699 -0.520121
0.505867 0.489221 247.700000 -0.926264 -0.688149
0.505852 0.489030 247.800000 -0.969585 -0.176096
0.505843 0.488834 247.900000 -0.982537 -0.082309
0.505833 0.488640 248.000000 -0.981153 0.109921
0.505803 0.488629 248.100000 -0.927431 0.961847
0.505741 0.488558 248.200000 -0.839586 0.790662
0.505660 0.488396 248.300000 -0.779336 0.411314
0.505565 0.488243 248.400000 -0.735335 0.466501
0.505460 0.488058 248.500000 -0.699814 0.242161
0.505364 0.487997 248.600000 -0.728779 -0.820018
0.505293 0.487953 248.700000 -0.813413 -0.868431
0.505245 0.487791 248.800000 -0.877746 -0.415025
0.505223 0.487801 248.900000 -0.949222 -1.010906
0.505245 0.487863 249.000000 -1.056749 -1.134273
0.505310 0.487812 249.100000 -1.156219 -0.850148
0.505415 0.487745 249.200000 -1.238975 -0.800836
0.505556 0.487619 249.300000 -1.308573 -0.587632
0.505744 0.487698 249.400000 -1.396743 -1.171374
0.505993 0.487671 249.500000 -1.501373 -0.915981
0.506304 0.487704 249.600000 -1.600761 -1.066823
0.506699 0.487949 249.700000 -1.728642 -1.484402
0.507187 0.487993 249.800000 -1.857765 -1.091595
0.507771 0.488201 249.900000 -1.983688 -1.420563
0.508466 0.488333 250.000000 -2.119005 -1.279022
0.509219 0.488139 250.100000 -2.187507 -0.087587
0.510006 0.488043 250.200000 -2.227234 -0.704975
0.510861 0.487976 250.300000 -2.302563 -0.797827
0.511797 0.487960 250.400000 -2.390002 -0.946590
0.512853 0.488215 250.500000 -2.512742 -1.502068
0.514041 0.488260 250.600000 -2.643002 -1.096613
0.515312 0.488104 250.700000 -2.720081 -0.441123
0.516607 0.487910 250.800000 -2.744343 -0.042904
0.517901 0.487716 250.900000 -2.744142 0.046913
0.519159 0.487594 251.000000 -2.711731 0.599692
0.520340 0.487535 251.100000 -2.640252 0.826321
0.521420 0.487585 251.200000 -2.543420 1.105464
0.522394 0.487592 251.300000 -2.437543 1.006791
0.523251 0.487820 251.400000 -2.314074 1.456417
0.523984 0.487967 251.500000 -2.175422 1.309684
0.524579 0.488545 251.600000 -2.010988 1.970782
0.525010 0.489438 251.700000 -1.794884 2.340484
0.525272 0.490767 251.800000 -1.538739 2.769616
0.525379 0.492105 251.900000 -1.260580 2.779645
0.525351 0.494122 252.000000 -0.953826 3.340096
0.525211 0.497023 252.100000 -0.588311 3.951935
0.525011 0.499599 252.200000 -0.202720 3.740618
0.524810 0.502606 252.300000 0.186389 4.022105
0.524664 0.504714 252.400000 0.559107 3.413611
0.524612 0.506411 252.500000 0.885368 3.095296
0.524689 0.508202 252.600000 1.199562 3.172872
0.524945 0.510350 252.700000 1.531333 3.445956
0.525424 0.512155 252.800000 1.863788 3.186520
0.526133 0.513276 252.900000 2.153182 2.586888
0.527075 0.514395 253.000000 2.412548 2.587472
0.528204 0.514478 253.100000 2.602517 1.202405
0.529428 0.514350 253.200000 2.693804 0.618769
0.530653 0.514214 253.300000 2.695657 -0.581801
0.531798 0.514177 253.400000 2.620548 -0.916614
0.532863 0.514056 253.500000 2.542349 -0.643452
0.533870 0.513901 253.600000 2.485317 -0.494342
0.534805 0.513889 253.700000 2.411261 -0.983067
0.535634 0.514012 253.800000 2.297568 -1.285119
0.536340 0.514249 253.900000 2.158301 -1.493259
0.536907 0.514745 254.000000 1.988985 -1.884601
0.537341 0.515096 254.100000 1.810468 -1.676812
0.537646 0.515777 254.200000 1.620139 -2.120250
0.537853 0.515811 254.300000 1.458824 -1.097983
0.537994 0.515933 254.400000 1.339370 -1.285110
0.538054 0.516508 254.500000 1.175235 -1.989387
0.538033 0.516920 254.600000 0.986784 -1.770211
0.537953 0.517256 254.700000 0.814990 -1.657086
0.537817 0.518067 254.800000 0.617980 -2.273256
0.537635 0.518943 254.900000 0.386398 -2.346797
0.537429 0.519716 255.000000 0.156905 -2.231604
0.537220 0.520717 255.100000 -0.079228 -2.479238
0.537027 0.521241 255.200000 -0.300156 -1.928279
0.536864 0.521732 255.300000 -0.491289 -1.884823
0.536745 0.522274 255.400000 -0.683611 -1.952006
0.536694 0.523172 255.500000 -0.900476 -2.374457
0.536727 0.523687 255.600000 -1.115624 -1.917739
0.536847 0.524071 255.700000 -1.298735 -1.735328
0.537053 0.524272 255.800000 -1.457954 -1.441089
0.537331 0.524262 255.900000 -1.580266 -0.999029
0.537657 0.524110 256.000000 -1.656500 -0.521842
0.537979 0.523981 256.100000 -1.651611 0.619377
0.538257 0.523895 256.200000 -1.581523 0.778877
0.538485 0.523839 256.300000 -1.498666 0.874124
0.538653 0.523932 256.400000 -1.393005 1.233813
0.538732 0.524751 256.500000 -1.216275 2.291951
0.538715 0.525428 256.600000 -0.994752 2.127439
0.538621 0.526270 256.700000 -0.771889 2.318680
0.538474 0.526681 256.800000 -0.566554 1.777751
0.538293 0.527109 256.900000 -0.387023 1.803893
0.538090 0.527951 257.000000 -0.180305 2.320117
0.537881 0.528108 257.100000 0.004402 1.364800
0.537677 0.528404 257.200000 0.153369 1.607078
0.537489 0.528989 257.300000 0.334994 2.016352
0.537336 0.529511 257.400000 0.533082 1.935502
0.537228 0.529929 257.500000 0.719971 1.792926
0.537180 0.530473 257.600000 0.908339 1.965015
0.537196 0.530653 257.700000 1.077592 1.411592
0.537276 0.530829 257.800000 1.218695 1.403421
0.537425 0.530977 257.900000 1.356725 1.350268
0.537632 0.530901 258.000000 1.465466 0.819121
0.537873 0.530716 258.100000 1.522690 0.322496
0.538121 0.530512 258.200000 1.534315 -0.090586
0.538355 0.530331 258.300000 1.511803 -0.358521
0.538541 0.530463 258.400000 1.427659 -1.320155
0.538661 0.530521 258.500000 1.303018 -1.166432
0.538720 0.530674 258.600000 1.176375 -1.360101
0.538719 0.530868 258.700000 1.036113 -1.438133
0.538658 0.531315 258.800000 0.871940 -1.837108
0.538543 0.531659 258.900000 0.695321 -1.686442
0.538384 0.532386 259.000000 0.500584 -2.198568
0.538191 0.533096 259.100000 0.281204 -2.178057
0.537987 0.533054 259.200000 0.125887 -0.920521
0.537779 0.533057 259.300000 0.027562 -1.041056
0.537572 0.532860 259.400000 -0.034595 -0.198975
0.537365 0.532709 259.500000 -0.017841 0.533204
0.537159 0.532577 259.600000 0.039720 0.615143
0.536956 0.532738 259.700000 0.139696 1.379377
0.536760 0.532605 259.800000 0.239427 0.610257
0.536568 0.532400 259.900000 0.267637 -0.047465
0.536371 0.532298 260.000000 0.228679 -0.729756
0.536171 0.532125 260.100000 0.171866 -0.403647
0.535969 0.531921 260.200000 0.148827 -0.055990
0.535769 0.531779 260.300000 0.174633 0.570822
0.535573 0.531589 260.400000 0.216535 0.265122
0.535382 0.531543 260.500000 0.275320 0.907647
0.535201 0.531459 260.600000 0.360490 0.791495
0.535033 0.531375 260.700000 0.439833 0.791396
0.534877 0.531232 260.800000 0.507744 0.563422
0.534736 0.531145 260.900000 0.575070 0.779727
0.534620 0.531278 261.000000 0.680613 1.325860
0.534540 0.531352 261.100000 0.807394 1.203410
0.534501 0.531459 261.200000 0.931539 1.273286
0.534497 0.531311 261.300000 1.022270 0.536794
0.534515 0.531181 261.400000 1.080237 0.619655
0.534537 0.531020 261.500000 1.087975 -0.465272
0.534530 0.530996 261.600000 1.016124 -0.968156
0.534485 0.531035 261.700000 0.911108 -1.126919
0.534396 0.531269 261.800000 0.778829 -1.512054
0.534269 0.531434 261.900000 0.633514 -1.386984
0.534118 0.531333 262.000000 0.527353 -0.730914
0.533951 0.531370 262.100000 0.434426 -1.122979
0.533768 0.531319 262.200000 0.333567 -0.889167
0.533576 0.531263 262.300000 0.244978 -0.878182
0.533377 0.531313 262.400000 0.143299 -1.150315
0.533174 0.531213 262.500000 0.048880 -0.733353
0.532972 0.531488 262.600000 -0.067276 -1.583955
0.532780 0.531855 262.700000 -0.233330 -1.728808
0.532612 0.532521 262.800000 -0.427106 -2.137039
0.532483 0.532924 262.900000 -0.623667 -1.784355
0.532404 0.533344 263.000000 -0.803873 -1.810737
0.532375 0.533441 263.100000 -0.957569 -1.255497
0.532389 0.533391 263.200000 -1.065484 -0.897418
0.532442 0.533380 263.300000 -1.160737 -1.002878
0.532542 0.533368 263.400000 -1.261195 -1.001258
0.532691 0.533339 263.500000 -1.359420 -0.958323
0.532883 0.533224 263.600000 -1.441472 -0.678616
0.533117 0.533151 263.700000 -1.516756 -0.823317
0.533378 0.532952 263.800000 -1.564056 -0.120301
0.533655 0.532782 263.900000 -1.590644 -0.410136
0.533935 0.532598 264.000000 -1.595563 0.312009
0.534183 0.532511 264.100000 -1.540985 0.776811
0.534377 0.532534 264.200000 -1.447458 1.089051
0.534513 0.532561 264.300000 -1.337735 1.099920
0.534613 0.532387 264.400000 -1.263563 0.379815
0.534672 0.532533 264.500000 -1.176558 1.355931
0.534675 0.532673 264.600000 -1.041216 1.344143
0.534626 0.532885 264.700000 -0.899760 1.477908
0.534536 0.532934 264.800000 -0.767887 1.152965
0.534411 0.533112 264.900000 -0.639037 1.417581
0.534257 0.533257 265.000000 -0.500153 1.353160
0.534078 0.533576 265.100000 -0.349074 1.660860
0.533883 0.533941 265.200000 -0.178895 1.734221
0.533682 0.534546 265.300000 0.011717 2.068480
0.533489 0.534993 265.400000 0.208401 1.855367
0.533314 0.535156 265.500000 0.371142 1.391321
0.533166 0.535556 265.600000 0.530476 1.787392
0.533058 0.535851 265.700000 0.701471 1.623957
0.532991 0.535923 265.800000 0.843423 1.207990
0.532958 0.535832 265.900000 0.942396 0.766523
0.532942 0.535636 266.000000 0.989360 0.170408
0.532922 0.535460 266.100000 0.979696 -0.363203
0.532884 0.535331 266.200000 0.930453 -0.619189
0.532814 0.535465 266.300000 0.832466 -1.335653
0.532702 0.535756 266.400000 0.684336 -1.619541
0.532555 0.535936 266.500000 0.531748 -1.424595
0.532386 0.535976 266.600000 0.403429 -1.135364
0.532200 0.536272 266.700000 0.264946 -1.627377
0.532002 0.536851 266.800000 0.081064 -2.041060
0.531804 0.537129 266.900000 -0.101377 -1.598646
0.531613 0.536992 267.000000 -0.210813 -0.584604
0.531428 0.536851 267.100000 -0.268561 -0.567461
0.531247 0.536660 267.200000 -0.308749 -0.234296
0.531068 0.536460 267.300000 -0.321029 -0.010689
0.530888 0.536259 267.400000 -0.320366 0.023919
0.530709 0.536060 267.500000 -0.322349 -0.063493
0.530528 0.535904 267.600000 -0.301088 0.487654
0.530339 0.535972 267.700000 -0.216611 1.197661
0.530143 0.535909 267.800000 -0.113530 0.858802
0.529946 0.535722 267.900000 -0.057375 0.261503
0.529748 0.535543 268.000000 -0.027429 0.335922
0.529551 0.535569 268.100000 0.044493 1.098916
0.529358 0.535512 268.200000 0.143492 0.876117
0.529173 0.535729 268.300000 0.262334 1.494776
0.529014 0.536503 268.400000 0.451908 2.287226
0.528908 0.537582 268.500000 0.697934 2.620999
0.528877 0.538371 268.600000 0.944839 2.304754
0.528916 0.538488 268.700000 1.125867 1.306759
0.529018 0.538700 268.800000 1.265996 1.488799
0.529199 0.539055 268.900000 1.427220 1.727627
0.529463 0.539124 269.000000 1.574173 1.204093
0.529791 0.539082 269.100000 1.680849 0.924094
0.530145 0.538885 269.200000 1.721097 -0.121160
0.530475 0.538752 269.300000 1.684686 -0.605235
0.530763 0.538653 269.400000 1.617543 -0.734270
0.530992 0.538778 269.500000 1.514406 -1.323300
0.531176 0.538593 269.600000 1.433869 -0.283430
0.531336 0.538466 269.700000 1.388219 -0.627276
0.531468 0.538314 269.800000 1.331349 -0.507286
0.531575 0.538156 269.900000 1.282305 -0.471146
0.531658 0.538026 270.000000 1.228064 -0.610958
0.531699 0.538124 270.100000 1.133885 -1.267913
0.531694 0.538120 270.200000 1.018842 -1.027191
0.531648 0.538223 270.300000 0.903352 -1.276828
0.531568 0.538193 270.400000 0.791361 -0.957405
0.531457 0.538289 270.500000 0.680082 -1.262609
0.531322 0.538189 270.600000 0.580142 -0.731189
0.531171 0.538186 270.700000 0.491815 -1.030936
0.531000 0.538341 270.800000 0.370752 -1.384270
0.530814 0.538569 270.900000 0.225122 -1.521041
0.530618 0.539349 271.000000 0.033420 -2.303428
0.530430 0.540183 271.100000 -0.200650 -2.366260
0.530268 0.540847 271.200000 -0.427722 -2.163828
0.530147 0.541377 271.300000 -0.635931 -1.989938
0.530075 0.541657 271.400000 -0.816579 -1.613999
0.530048 0.541714 271.500000 -0.956631 -1.180034
0.530070 0.541868 271.600000 -1.085265 -1.386214
0.530151 0.542049 271.700000 -1.226818 -1.437767
0.530307 0.542349 271.800000 -1.381440 -1.646950
0.530533 0.542328 271.900000 -1.513410 -0.985838
0.530801 0.542172 272.000000 -1.587261 -0.487504
0.531091 0.541986 272.100000 -1.624853 -0.262452
0.531374 0.541834 272.200000 -1.612631 0.506281
0.531632 0.541652 272.300000 -1.572064 0.303040
0.531866 0.541512 272.400000 -1.528362 0.568806
0.532078 0.541322 272.500000 -1.488961 0.217256
0.532293 0.541149 272.600000 -1.496671 -0.371084
0.532515 0.540954 272.700000 -1.508293 0.139239
0.532717 0.540816 272.800000 -1.472699 0.570853
0.532897 0.540629 272.900000 -1.431467 0.251725
0.533075 0.540437 273.000000 -1.427526 -0.173100
0.533265 0.540252 273.100000 -1.449435 -0.263983
0.533460 0.540054 273.200000 -1.461676 0.019779
0.533662 0.539868 273.300000 -1.473023 -0.246168
0.533874 0.539674 273.400000 -1.492527 -0.142926
0.534086 0.539482 273.500000 -1.491332 0.166770
0.534295 0.539287 273.600000 -1.488347 -0.107223
0.534490 0.539168 273.700000 -1.460904 0.654715
0.534644 0.539120 273.800000 -1.382869 0.902084
0.534748 0.539148 273.900000 -1.282024 1.109777
0.534809 0.539079 274.000000 -1.184473 0.836348
0.534831 0.539073 274.100000 -1.091304 1.022392
0.534825 0.538912 274.200000 -1.017894 0.442128
0.534806 0.538727 274.300000 -0.982855 0.256899
0.534782 0.538532 274.400000 -0.966425 0.070872
0.534758 0.538340 274.500000 -0.970403 -0.150227
0.534740 0.538146 274.600000 -0.983133 -0.103724
0.534724 0.537951 274.700000 -0.991974 -0.072660
0.534711 0.537757 274.800000 -0.999727 -0.082018
0.534709 0.537600 274.900000 -1.026919 -0.460459
0.534732 0.537543 275.000000 -1.093753 -0.872871
0.534773 0.537348 275.100000 -1.138555 -0.020933
0.534806 0.537186 275.200000 -1.118095 0.429118
0.534809 0.537192 275.300000 -1.043800 1.053067
0.534782 0.537078 275.400000 -0.957580 0.667010
0.534743 0.536883 275.500000 -0.925120 -0.019437
0.534715 0.536761 275.600000 -0.957783 -0.632180
0.534702 0.536571 275.700000 -0.997387 -0.157922
0.534700 0.536420 275.800000 -1.029997 -0.492653
0.534714 0.536243 275.900000 -1.069969 -0.304779
0.534755 0.536261 276.000000 -1.139521 -1.082789
0.534852 0.536443 276.100000 -1.266104 -1.442538
0.535008 0.536438 276.200000 -1.389567 -1.020548
0.535219 0.536460 276.300000 -1.495497 -1.092763
0.535475 0.536316 276.400000 -1.576664 -0.526521
0.535765 0.536200 276.500000 -1.635989 -0.657013
0.536091 0.536059 276.600000 -1.696163 -0.543455
0.536435 0.535866 276.700000 -1.724634 -0.024546
0.536774 0.535678 276.800000 -1.717259 0.171686
0.537094 0.535515 276.900000 -1.688049 0.411054
0.537390 0.535352 277.000000 -1.646896 0.409953
0.537656 0.535221 277.100000 -1.596788 0.589690
0.537876 0.535218 277.200000 -1.515818 1.025662
0.538060 0.535044 277.300000 -1.448358 0.320160
0.538230 0.534861 277.400000 -1.420096 0.243677
0.538395 0.534670 277.500000 -1.412025 -0.082665
0.538564 0.534478 277.600000 -1.419636 -0.069177
0.538735 0.534286 277.700000 -1.423542 -0.008744
0.538904 0.534094 277.800000 -1.421019 0.059071
0.539056 0.533979 277.900000 -1.385378 0.651970
0.539169 0.533941 278.000000 -1.306295 0.925738
0.539245 0.533827 278.100000 -1.226906 0.658081
0.539298 0.533672 278.200000 -1.170978 0.457689
0.539352 0.533529 278.300000 -1.174082 -0.519622
0.539409 0.533359 278.400000 -1.182800 0.345690
0.539439 0.533352 278.500000 -1.114636 1.014189
0.539423 0.533487 278.600000 -0.996265 1.347307
0.539356 0.533889 278.700000 -0.837501 1.820032
0.539239 0.534317 278.800000 -0.653122 1.858333
0.539087 0.534579 278.900000 -0.480263 1.590218
0.538912 0.534893 279.000000 -0.316321 1.680420
0.538723 0.535009 279.100000 -0.166377 1.310948
0.538531 0.535041 279.200000 -0.044692 1.116677
0.538339 0.535077 279.300000 0.067826 1.128048
0.538150 0.534931 279.400000 0.149550 0.502350
0.537964 0.534745 279.500000 0.183435 0.173653
0.537777 0.534572 279.600000 0.176122 -0.319529
0.537590 0.534381 279.700000 0.160129 0.000458
0.537401 0.534249 279.800000 0.131302 -0.575553
0.537209 0.534160 279.900000 0.064728 -0.752610
0.537018 0.534041 280.000000 -0.004865 -0.635759
0.536827 0.534013 280.100000 -0.084659 -0.956143
0.536639 0.533823 280.200000 -0.131197 0.027728
0.536452 0.533716 280.300000 -0.163986 -0.681871
0.536271 0.533662 280.400000 -0.242099 -0.876496
0.536099 0.533557 280.500000 -0.320727 -0.692131
0.535937 0.533570 280.600000 -0.408912 -1.067151
0.535790 0.533455 280.700000 -0.494873 -0.647779
0.535655 0.533330 280.800000 -0.557653 -0.604667
0.535531 0.533193 280.900000 -0.615305 -0.545498
0.535414 0.533004 281.000000 -0.639624 0.060341
0.535293 0.532823 281.100000 -0.625786 0.215715
0.535166 0.532663 281.200000 -0.594744 0.403568
0.535026 0.532599 281.300000 -0.532417 0.839865
0.534875 0.532433 281.400000 -0.472080 0.363860
0.534716 0.532332 281.500000 -0.418539 0.704277
0.534545 0.532410 281.600000 -0.321752 1.226617
0.534362 0.532469 281.700000 -0.201032 1.181763
0.534174 0.532450 281.800000 -0.092691 0.979623
0.533985 0.532323 281.900000 -0.014006 0.590155
0.533796 0.532153 282.000000 0.031849 0.324650
0.533607 0.531971 282.100000 0.057743 0.191939
0.533420 0.531845 282.200000 0.097202 0.595271
0.533233 0.531671 282.300000 0.112831 -0.283477
0.533046 0.531483 282.400000 0.098587 -0.000683
0.532861 0.531378 282.500000 0.132987 0.686952
0.532681 0.531357 282.600000 0.216025 0.969666
0.532508 0.531240 282.700000 0.296465 0.635097
0.532342 0.531102 282.800000 0.354719 0.527087
0.532181 0.530921 282.900000 0.391362 0.203930
0.532021 0.530734 283.000000 0.403109 0.030419
0.531864 0.530553 283.100000 0.414448 0.195800
0.531710 0.530381 283.200000 0.438764 0.289305
0.531567 0.530353 283.300000 0.500871 0.949734
0.531446 0.530469 283.400000 0.614195 1.311082
0.531353 0.530480 283.500000 0.733026 1.059592
0.531290 0.530488 283.600000 0.838973 1.054049
0.531257 0.530445 283.700000 0.937097 0.903518
0.531248 0.530293 283.800000 1.004611 0.443398
0.531251 0.530115 283.900000 1.038028 0.223268
0.531266 0.529964 284.000000 1.071607 0.446630
0.531288 0.529778 284.100000 1.090356 -0.072597
0.531305 0.529598 284.200000 1.077108 -0.191684
0.531321 0.529414 284.300000 1.072757 0.104881
0.531324 0.529335 284.400000 1.038981 -0.778718
0.531315 0.529151 284.500000 1.006402 0.128773
0.531299 0.529013 284.600000 0.986757 -0.520692
0.531265 0.528894 284.700000 0.929729 -0.617026
0.531197 0.529117 284.800000 0.822373 -1.524726
0.531091 0.529236 284.900000 0.679902 -1.317578
0.530957 0.529416 285.000000 0.541438 -1.444776
0.530801 0.529426 285.100000 0.416010 -1.057504
0.530631 0.529441 285.200000 0.309381 -1.069755
0.530452 0.529564 285.300000 0.189309 -1.325679
0.530266 0.529897 285.400000 0.036625 -1.720370
0.530083 0.530079 285.500000 -0.122290 -1.449980
0.529908 0.530019 285.600000 -0.237338 -0.845234
0.529743 0.530126 285.700000 -0.344579 -1.294220
0.529602 0.530580 285.800000 -0.505275 -1.911661
0.529492 0.530596 285.900000 -0.654928 -1.073913
0.529404 0.530499 286.000000 -0.744480 -0.712648
0.529328 0.530322 286.100000 -0.790920 -0.213837
0.529265 0.530212 286.200000 -0.834648 -0.658526
0.529223 0.530124 286.300000 -0.904924 -0.743493
0.529213 0.530170 286.400000 -0.999850 -1.150271
0.529230 0.530009 286.500000 -1.076333 -0.375569
0.529271 0.529945 286.600000 -1.136838 -0.831505
0.529342 0.529827 286.700000 -1.209580 -0.619707
0.529431 0.529654 286.800000 -1.253761 -0.261699
0.529515 0.529518 286.900000 -1.240514 0.525989
0.529565 0.529530 287.000000 -1.160941 1.061491
0.529560 0.529933 287.100000 -1.015643 1.837200
0.529497 0.530308 287.200000 -0.833728 1.792006
0.529388 0.530619 287.300000 -0.659289 1.688046
0.529246 0.530951 287.400000 -0.488308 1.723037
0.529079 0.531275 287.500000 -0.316144 1.711620
0.528901 0.531211 287.600000 -0.188587 0.833150
0.528720 0.531064 287.700000 -0.123622 0.462901
0.528539 0.530895 287.800000 -0.115308 -0.297033
0.528357 0.530730 287.900000 -0.113528 0.332538
0.528175 0.530598 288.000000 -0.069264 0.550526
0.527992 0.530439 288.100000 -0.022719 0.378058
0.527809 0.530295 288.200000 0.020430 0.482769
0.527627 0.530163 288.300000 0.071881 0.543669
0.527445 0.530001 288.400000 0.080996 -0.361823
0.527263 0.529818 288.500000 0.060659 -0.043904
0.527080 0.529758 288.600000 0.016205 -0.842948
0.526898 0.529695 288.700000 -0.067966 -0.836278
0.526719 0.529541 288.800000 -0.130264 -0.406566
0.526543 0.529436 288.900000 -0.184488 -0.675191
0.526369 0.529253 289.000000 -0.216414 0.038257
0.526194 0.529078 289.100000 -0.204105 0.207318
0.526019 0.528905 289.200000 -0.206037 -0.245865
0.525848 0.528784 289.300000 -0.248185 -0.594983
0.525678 0.528615 289.400000 -0.263942 0.280620
0.525506 0.528478 289.500000 -0.223923 0.517771
0.525330 0.528317 289.600000 -0.180528 0.347948
0.525152 0.528160 289.700000 -0.143826 0.384260
0.524974 0.527992 289.800000 -0.138979 -0.287558
0.524797 0.527823 289.900000 -0.139878 0.269623
0.524617 0.527834 290.000000 -0.073220 1.060202
0.524436 0.527893 290.100000 0.039179 1.182169
0.524260 0.527999 290.200000 0.163183 1.291698
0.524093 0.527996 290.300000 0.279014 1.019132
0.523935 0.527896 290.400000 0.364693 0.690167
0.523783 0.527716 290.500000 0.404094 0.095877
0.523627 0.527626 290.600000 0.372356 -0.729045
0.523464 0.527470 290.700000 0.316361 -0.388053
0.523301 0.527303 290.800000 0.311102 0.283133
0.523138 0.527129 290.900000 0.315204 -0.201302
0.522974 0.526949 291.000000 0.299791 -0.106174
0.522806 0.526851 291.100000 0.259620 -0.695239
0.522635 0.526671 291.200000 0.226786 0.040199
0.522465 0.526491 291.300000 0.231458 0.053007
0.522296 0.526327 291.400000 0.249985 0.316609
0.522132 0.526190 291.500000 0.291142 0.504464
0.521974 0.526086 291.600000 0.349736 0.664488
0.521825 0.525987 291.700000 0.417649 0.690381
0.521692 0.526127 291.800000 0.520776 1.367010
0.521583 0.526090 291.900000 0.635227 0.916284
0.521501 0.526249 292.000000 0.751660 1.406543
0.521439 0.526070 292.100000 0.825823 0.073020
0.521377 0.525892 292.200000 0.823869 -0.112008
0.521309 0.525725 292.300000 0.804762 -0.269183
0.521233 0.525571 292.400000 0.771677 -0.390863
0.521144 0.525452 292.500000 0.722153 -0.597125
0.521038 0.525386 292.600000 0.651320 -0.816007
0.520913 0.525398 292.700000 0.557445 -1.056799
0.520773 0.525316 292.800000 0.466521 -0.757124
0.520619 0.525310 292.900000 0.378140 -1.006082
0.520455 0.525320 293.000000 0.274873 -1.054091
0.520282 0.525327 293.100000 0.169621 -1.045691
0.520105 0.525459 293.200000 0.049550 -1.349730
0.519929 0.525665 293.300000 -0.093504 -1.504189
0.519766 0.526340 293.400000 -0.281109 -2.238537
0.519638 0.527573 293.500000 -0.537671 -2.879877
0.519574 0.528600 293.600000 -0.815466 -2.662133
0.519612 0.530452 293.700000 -1.122100 -3.455206
0.519811 0.532778 293.800000 -1.487712 -3.838770
0.520225 0.534883 293.900000 -1.863900 -3.666175
0.520873 0.536325 294.000000 -2.202592 -3.090728
0.521756 0.537462 294.100000 -2.497152 -2.785751
0.522890 0.538633 294.200000 -2.778299 -2.823133
0.524252 0.539004 294.300000 -3.010370 -1.806666
0.525792 0.539263 294.400000 -3.181732 -1.612025
0.527484 0.539301 294.500000 -3.319803 -1.142488
0.529274 0.539174 294.600000 -3.405966 -0.576455
0.531113 0.539007 294.700000 -3.450100 -0.304023
0.532921 0.538937 294.800000 -3.424420 0.816346
0.534625 0.538919 294.900000 -3.334217 0.983207
0.536186 0.539147 295.000000 -3.206889 1.556988
0.537585 0.539329 295.100000 -3.055230 1.468592
0.538834 0.539527 295.200000 -2.906481 1.498957
0.539917 0.539970 295.300000 -2.734959 1.922907
0.540834 0.540334 295.400000 -2.548464 1.797661
0.541606 0.540604 295.500000 -2.376410 1.634823
0.542242 0.541000 295.600000 -2.201664 1.851356
0.542758 0.541197 295.700000 -2.033736 1.498822
0.543169 0.541487 295.800000 -1.874818 1.671581
0.543465 0.542043 295.900000 -1.686143 2.092493
0.543668 0.542172 296.000000 -1.513102 1.359666
0.543800 0.542415 296.100000 -1.365323 1.588533
0.543864 0.542591 296.200000 -1.212610 1.458095
0.543870 0.542828 296.300000 -1.060410 1.578291
0.543820 0.543230 296.400000 -0.887946 1.862370
0.543721 0.543562 296.500000 -0.706982 1.747856
0.543584 0.543982 296.600000 -0.524482 1.893014
0.543421 0.544250 296.700000 -0.347565 1.636478
0.543246 0.544223 296.800000 -0.217342 0.961482
0.543064 0.544503 296.900000 -0.085953 1.659716
0.542882 0.544597 297.000000 0.061555 1.283073
0.542707 0.544888 297.100000 0.210032 1.679045
0.542551 0.545395 297.200000 0.395759 2.026203
0.542424 0.545641 297.300000 0.577428 1.598095
0.542331 0.545798 297.400000 0.728810 1.421984
0.542273 0.545853 297.500000 0.859813 1.191517
0.542240 0.545704 297.600000 0.942240 0.452907
0.542212 0.545523 297.700000 0.958448 -0.129551
0.542192 0.545395 297.800000 0.980518 0.569849
0.542186 0.545230 297.900000 1.025680 0.331125
0.542189 0.545050 298.000000 1.048247 0.119085
0.542175 0.545059 298.100000 1.000603 -1.069583
0.542113 0.545559 298.200000 0.845799 -2.018757
0.541995 0.546474 298.300000 0.616337 -2.559008
0.541831 0.547995 298.400000 0.328150 -3.190314
0.541651 0.548361 298.500000 0.077462 -1.810917
0.541471 0.548497 298.600000 -0.082579 -1.381912
0.541298 0.548613 298.700000 -0.218874 -1.337163
0.541136 0.548636 298.800000 -0.341639 -1.111998
0.540988 0.548583 298.900000 -0.441737 -0.884970
0.540861 0.548887 299.000000 -0.571641 -1.706614
0.540771 0.549116 299.100000 -0.735898 -1.570301
0.540710 0.548996 299.200000 -0.845691 -0.620074
0.540669 0.548906 299.300000 -0.914291 -0.748504
0.540641 0.548725 299.400000 -0.956936 -0.102249
0.540609 0.548570 299.500000 -0.941318 0.413832
0.540564 0.548410 299.600000 -0.902187 0.366815
0.540500 0.548394 299.700000 -0.833687 0.999771
0.540417 0.548233 299.800000 -0.765069 0.369149
0.540320 0.548172 299.900000 -0.703878 0.851609
0.540211 0.547993 300.000000 -0.653270 0.158027
0.540097 0.547826 300.100000 -0.630174 0.302744
0.539976 0.547665 300.200000 -0.596966 0.359763
0.539849 0.547499 300.300000 -0.563362 0.310628
0.539718 0.547321 300.400000 -0.539167 0.172069
0.539578 0.547279 300.500000 -0.484608 0.916368
0.539426 0.547159 300.600000 -0.408104 0.609902
0.539267 0.547034 300.700000 -0.348215 0.584880
0.539104 0.546853 300.800000 -0.314375 0.090230
0.538940 0.546674 300.900000 -0.303849 0.119758
0.538779 0.546541 301.000000 -0.324977 -0.541257
0.538624 0.546410 301.100000 -0.379808 -0.552630
0.538477 0.546311 301.200000 -0.442814 -0.704342
0.538339 0.546138 301.300000 -0.489186 -0.220777
0.538205 0.545982 301.400000 -0.519731 -0.388589
0.538077 0.545818 301.500000 -0.555042 -0.315874
0.537962 0.545779 301.600000 -0.617252 -0.925223
0.537864 0.545671 301.700000 -0.696868 -0.663104
0.537782 0.545553 301.800000 -0.760958 -0.615497
0.537721 0.545533 301.900000 -0.841279 -0.986905
0.537686 0.545443 302.000000 -0.927778 -0.738745
0.537678 0.545424 302.100000 -1.014265 -0.986670
0.537695 0.545272 302.200000 -1.084854 -0.421594
0.537721 0.545094 302.300000 -1.111396 -0.107914
0.537749 0.544914 302.400000 -1.114686 0.042283
0.537772 0.544741 302.500000 -1.102014 0.210515
0.537779 0.544636 302.600000 -1.057747 0.672611
0.537758 0.544624 302.700000 -0.973572 1.006695
0.537703 0.544679 302.800000 -0.863275 1.193717
0.537619 0.544675 302.900000 -0.751654 1.033128
0.537506 0.544871 303.000000 -0.624309 1.507413
0.537362 0.545387 303.100000 -0.445744 2.054951
0.537195 0.545742 303.200000 -0.252516 1.799955
0.537018 0.546436 303.300000 -0.046818 2.303705
0.536848 0.547494 303.400000 0.206072 2.741449
0.536708 0.548362 303.500000 0.469918 2.522292
0.536606 0.548606 303.600000 0.676892 1.606829
0.536543 0.548760 303.700000 0.828876 1.425252
0.536515 0.548737 303.800000 0.949372 0.978654
0.536514 0.548637 303.900000 1.033518 0.700043
0.536528 0.548460 304.000000 1.076184 0.151154
0.536558 0.548368 304.100000 1.120323 0.729422
0.536608 0.548206 304.200000 1.173512 0.331699
0.536656 0.548051 304.300000 1.170210 -0.397583
0.536685 0.547943 304.400000 1.117264 -0.658677
0.536689 0.547850 304.500000 1.047603 -0.731058
0.536669 0.547754 304.600000 0.975155 -0.714296
0.536630 0.547611 304.700000 0.915749 -0.470842
0.536577 0.547482 304.800000 0.864447 -0.552642
0.536509 0.547338 304.900000 0.813223 -0.469282
0.536427 0.547240 305.000000 0.754355 -0.705123
0.536322 0.547293 305.100000 0.659366 -1.189914
0.536195 0.547309 305.200000 0.544928 -1.093121
0.536050 0.547390 305.300000 0.427032 -1.258901
0.535890 0.547380 305.400000 0.312888 -1.018271
0.535724 0.547232 305.500000 0.239860 -0.438631
0.535554 0.547164 305.600000 0.176601 -0.823389
0.535381 0.547024 305.700000 0.111020 -0.484959
0.535206 0.546919 305.800000 0.052927 -0.673996
0.535031 0.546778 305.900000 -0.004788 -0.477423
0.534857 0.546600 306.000000 -0.032488 -0.075176
0.534683 0.546450 306.100000 -0.057034 -0.414525
0.534511 0.546482 306.200000 -0.134745 -1.135807
0.534345 0.546360 306.300000 -0.221305 -0.591077
0.534184 0.546287 306.400000 -0.291134 -0.801994
0.534037 0.546487 306.500000 -0.407694 -1.523387
0.533909 0.546453 306.600000 -0.531068 -0.937925
0.533795 0.546332 306.700000 -0.607832 -0.593522
0.533696 0.546259 306.800000 -0.677787 -0.802081
0.533611 0.546113 306.900000 -0.740428 -0.447607
0.533531 0.545937 307.000000 -0.758154 0.093979
0.533444 0.545796 307.100000 -0.729726 0.473167
0.533346 0.545665 307.200000 -0.679072 0.537386
0.533229 0.545719 307.300000 -0.592300 1.193706
0.533091 0.545809 307.400000 -0.468172 1.282651
0.532937 0.545878 307.500000 -0.342185 1.230791
0.532773 0.545856 307.600000 -0.231552 0.976323
0.532604 0.545727 307.700000 -0.155223 0.546447
0.532433 0.545566 307.800000 -0.111804 0.319765
0.532260 0.545550 307.900000 -0.045920 0.994617
0.532087 0.545381 308.000000 0.015015 0.221046
0.531915 0.545244 308.100000 0.051159 0.500016
0.531744 0.545128 308.200000 0.106966 0.613337
0.531577 0.545044 308.300000 0.175561 0.755129
0.531415 0.544973 308.400000 0.253918 0.808096
0.531259 0.544821 308.500000 0.314055 0.391634
0.531105 0.544646 308.600000 0.337551 0.077113
0.530950 0.544508 308.700000 0.316959 -0.487912
0.530789 0.544390 308.800000 0.262550 -0.597542
0.530628 0.544246 308.900000 0.255233 0.451558
0.530467 0.544079 309.000000 0.266238 -0.232010
0.530305 0.543933 309.100000 0.233200 -0.427087
0.530141 0.543767 309.200000 0.224308 0.249692
0.529981 0.543624 309.300000 0.259433 0.451050
0.529823 0.543454 309.400000 0.291802 0.194713
0.529670 0.543337 309.500000 0.331637 0.599981
0.529519 0.543173 309.600000 0.348509 -0.263385
0.529363 0.543051 309.700000 0.306326 -0.578168
0.529199 0.543154 309.800000 0.211560 -1.312413
0.529030 0.543089 309.900000 0.104291 -0.827598
0.528860 0.542927 310.000000 0.048464 -0.286145
0.528690 0.542790 310.100000 0.009755 -0.486108
0.528520 0.542729 310.200000 -0.056607 -0.837806
0.528352 0.542627 310.300000 -0.132442 -0.675111
0.528186 0.542454 310.400000 -0.161831 0.088804
0.528018 0.542387 310.500000 -0.116332 0.818898
0.527849 0.542280 310.600000 -0.042804 0.647997
0.527679 0.542118 310.700000 -0.024086 -0.274573
0.527509 0.541945 310.800000 -0.032093 0.114830
0.527340 0.541777 310.900000 -0.016424 0.197770
0.527171 0.541642 311.000000 -0.031149 -0.491545
0.527004 0.541794 311.100000 -0.127161 -1.423881
0.526846 0.541930 311.200000 -0.268241 -1.390677
0.526702 0.541995 311.300000 -0.399062 -1.219202
0.526576 0.542001 311.400000 -0.513300 -1.059835
0.526464 0.541891 311.500000 -0.598009 -0.630125
0.526362 0.541737 311.600000 -0.647336 -0.353946
0.526268 0.541577 311.700000 -0.679587 -0.289448
0.526177 0.541405 311.800000 -0.698211 -0.082099
0.526092 0.541259 311.900000 -0.723126 -0.414963
0.526014 0.541089 312.000000 -0.751221 -0.145535
0.525946 0.540986 312.100000 -0.791920 -0.666411
0.525891 0.540829 312.200000 -0.840929 -0.311321
0.525838 0.540658 312.300000 -0.850681 0.116780
0.525769 0.540705 312.400000 -0.786038 1.172842
0.525673 0.540711 312.500000 -0.674273 1.056878
0.525556 0.540737 312.600000 -0.565390 1.115319
0.525419 0.540922 312.700000 -0.434388 1.498171
0.525263 0.541146 312.800000 -0.280323 1.575433
0.525097 0.541491 312.900000 -0.111074 1.801077
0.524930 0.541769 313.000000 0.063412 1.679930
0.524769 0.541732 313.100000 0.193884 0.922974
0.524614 0.541664 313.200000 0.280658 0.808180
0.524466 0.541552 313.300000 0.352211 0.619292
0.524325 0.541409 313.400000 0.404771 0.429285
0.524188 0.541245 313.500000 0.438270 0.239028
0.524057 0.541102 313.600000 0.471688 0.427662
0.523933 0.540981 313.700000 0.521834 0.572749
0.523821 0.540879 313.800000 0.583841 0.664278
0.523714 0.540707 313.900000 0.616030 -0.022103
0.523610 0.540548 314.000000 0.629248 0.285799
0.523505 0.540406 314.100000 0.621912 -0.432142
0.523392 0.540263 314.200000 0.578916 -0.425637
0.523269 0.540159 314.300000 0.524815 -0.653678
0.523139 0.540007 314.400000 0.474264 -0.354803
0.523003 0.539851 314.500000 0.440520 -0.318404
0.522861 0.539755 314.600000 0.390009 -0.689276
0.522711 0.539689 314.700000 0.314718 -0.812785
0.522556 0.539532 314.800000 0.258709 -0.304599
0.522402 0.539451 314.900000 0.281240 0.754102
0.522255 0.539318 315.000000 0.343436 0.486695
0.522113 0.539171 315.100000 0.387445 0.391285
0.521973 0.539005 315.200000 0.397624 -0.188208
0.521834 0.538863 315.300000 0.409570 0.426523
0.521701 0.538729 315.400000 0.454963 0.479071
0.521577 0.538623 315.500000 0.511131 0.641487
0.521460 0.538454 315.600000 0.548040 0.094848
0.521345 0.538290 315.700000 0.562748 0.198572
0.521239 0.538220 315.800000 0.612532 0.794614
0.521150 0.538144 315.900000 0.691124 0.773305
0.521080 0.538107 316.000000 0.775978 0.919539
0.521036 0.538097 316.100000 0.872424 1.004542
0.521008 0.537932 316.200000 0.932379 0.191569
0.520989 0.537781 316.300000 0.959003 0.339572
0.520971 0.537621 316.400000 0.963477 -0.250318
0.520947 0.537454 316.500000 0.943315 -0.151913
0.520906 0.537443 316.600000 0.885579 -0.999913
0.520842 0.537376 316.700000 0.794942 -0.808291
0.520757 0.537323 316.800000 0.711338 -0.859606
0.520645 0.537676 316.900000 0.577057 -1.819298
0.520507 0.537956 317.000000 0.401183 -1.689405
0.520349 0.538595 317.100000 0.202954 -2.265252
0.520185 0.539200 317.200000 -0.021698 -2.216548
0.520031 0.539842 317.300000 -0.246597 -2.270190
0.519902 0.540453 317.400000 -0.472010 -2.226799
0.519816 0.541157 317.500000 -0.701754 -2.356593
0.519781 0.541437 317.600000 -0.904698 -1.692140
0.519783 0.541342 317.700000 -1.024211 -0.692154
0.519815 0.541385 317.800000 -1.117300 -1.164968
0.519903 0.541692 317.900000 -1.263039 -1.742529
0.520074 0.542257 318.000000 -1.458764 -2.162189
0.520330 0.542366 318.100000 -1.633960 -1.332958
0.520659 0.542497 318.200000 -1.770212 -1.385267
0.521074 0.542723 318.300000 -1.919306 -1.589165
0.521589 0.542964 318.400000 -2.080120 -1.619077
0.522188 0.542911 318.500000 -2.204677 -0.865830
0.522836 0.542782 318.600000 -2.273689 -0.510965
0.523498 0.542612 318.700000 -2.296001 0.065847
0.524150 0.542450 318.800000 -2.281173 0.229975
0.524773 0.542330 318.900000 -2.241322 0.565050
0.525345 0.542290 319.000000 -2.167463 0.908433
0.525859 0.542220 319.100000 -2.081809 0.800358
0.526305 0.542335 319.200000 -1.974126 1.347930
0.526660 0.542608 319.300000 -1.822246 1.682067
0.526952 0.542491 319.400000 -1.708890 0.579388
0.527225 0.542324 319.500000 -1.672955 0.137509
0.527494 0.542154 319.600000 -1.666726 -0.013225
0.527773 0.542002 319.700000 -1.684128 -0.333951
0.528050 0.541856 319.800000 -1.681750 0.381381
0.528302 0.541736 319.900000 -1.634370 0.563867
0.528512 0.541765 320.000000 -1.549670 1.125887
0.528677 0.541695 320.100000 -1.453251 0.797678
0.528801 0.541707 320.200000 -1.359206 1.078513
0.528871 0.541891 320.300000 -1.229787 1.503396
0.528876 0.542516 320.400000 -1.041316 2.256610
0.528822 0.542786 320.500000 -0.844126 1.677324
0.528727 0.543088 320.600000 -0.672884 1.738955
0.528604 0.543257 320.700000 -0.511903 1.472622
0.528460 0.543352 320.800000 -0.372780 1.302880
0.528305 0.543421 320.900000 -0.245474 1.236863
0.528144 0.543312 321.000000 -0.152290 0.622160
0.527980 0.543350 321.100000 -0.063229 1.154603
0.527816 0.543255 321.200000 0.029142 0.688199
0.527653 0.543086 321.300000 0.061715 -0.038363
0.527490 0.542960 321.400000 0.085976 0.522367
0.527329 0.542871 321.500000 0.148152 0.718048
0.527172 0.542748 321.600000 0.211245 0.540654
0.527018 0.542590 321.700000 0.251661 0.265653
0.526864 0.542435 321.800000 0.250286 -0.293090
0.526709 0.542266 321.900000 0.236319 0.014446
0.526554 0.542101 322.000000 0.230481 -0.130903
0.526400 0.541958 322.100000 0.244355 0.407689
0.526254 0.542117 322.200000 0.337569 1.451934
0.526125 0.542176 322.300000 0.470986 1.209723
0.526020 0.542406 322.400000 0.611919 1.601895
0.525950 0.542656 322.500000 0.774611 1.643817
0.525913 0.542604 322.600000 0.900258 0.862827
0.525890 0.542441 322.700000 0.952630 0.182003
0.525874 0.542280 322.800000 0.972851 0.221403
0.525843 0.542347 322.900000 0.922268 -1.230534
0.525792 0.542188 323.000000 0.848664 -0.237873
0.525743 0.542049 323.100000 0.858421 0.432535
0.525704 0.541891 323.200000 0.892679 0.250905
0.525661 0.541763 323.300000 0.880016 -0.503521
0.525603 0.541650 323.400000 0.824858 -0.596886
0.525531 0.541551 323.500000 0.761642 -0.664277
0.525441 0.541482 323.600000 0.688374 -0.797410
0.525342 0.541319 323.700000 0.639507 -0.177494
0.525239 0.541160 323.800000 0.619473 -0.222176
0.525136 0.540998 323.900000 0.617777 0.188340
0.525037 0.540838 324.000000 0.637163 0.198393
0.524941 0.540677 324.100000 0.657295 0.203257
0.524846 0.540521 324.200000 0.654267 -0.263680
0.524745 0.540365 324.300000 0.628106 -0.258229
0.524639 0.540203 324.400000 0.605975 -0.183285
0.524527 0.540090 324.500000 0.567285 -0.588584
0.524403 0.540044 324.600000 0.493552 -0.882378
0.524268 0.539966 324.700000 0.411328 -0.757985
0.524125 0.539838 324.800000 0.348473 -0.495991
0.523980 0.539672 324.900000 0.320159 -0.068872
0.523833 0.539511 325.000000 0.307968 -0.174340
0.523686 0.539346 325.100000 0.295822 -0.067958
0.523540 0.539218 325.200000 0.317474 0.499915
0.523400 0.539105 325.300000 0.371759 0.583069
0.523266 0.538947 325.400000 0.411897 0.217689
0.523136 0.538816 325.500000 0.446710 0.476822
0.523010 0.538656 325.600000 0.480296 0.193216
0.522883 0.538538 325.700000 0.462138 -0.555469
0.522744 0.538557 325.800000 0.379472 -1.093723
0.522596 0.538505 325.900000 0.281612 -0.858578
0.522442 0.538424 326.000000 0.201249 -0.744654
0.522284 0.538451 326.100000 0.107926 -1.117137
0.522124 0.538525 326.200000 -0.010759 -1.250642
0.521966 0.538551 326.300000 -0.129448 -1.117205
0.521816 0.538599 326.400000 -0.244488 -1.177838
0.521675 0.538598 326.500000 -0.355327 -1.033392
0.521545 0.538507 326.600000 -0.441995 -0.695640
0.521420 0.538344 326.700000 -0.471467 0.107664
0.521296 0.538199 326.800000 -0.483943 -0.356544
0.521173 0.538045 326.900000 -0.488401 0.267596
0.521047 0.537882 327.000000 -0.469725 0.104993
0.520916 0.537810 327.100000 -0.425419 0.778906
0.520775 0.537727 327.200000 -0.349976 0.726184
0.520626 0.537789 327.300000 -0.252562 1.217239
0.520469 0.537980 327.400000 -0.115028 1.526566
0.520311 0.538300 327.500000 0.050760 1.780897
0.520161 0.538813 327.600000 0.245594 2.106036
0.520031 0.539078 327.700000 0.435346 1.679519
0.519923 0.539100 327.800000 0.574849 1.103559
0.519835 0.539093 327.900000 0.681060 1.015365
0.519769 0.539043 328.000000 0.775375 0.866207
0.519718 0.538911 328.100000 0.842144 0.465838
0.519681 0.538786 328.200000 0.890605 0.500953
0.519659 0.538683 328.300000 0.947603 0.636158
0.519652 0.538534 328.400000 0.995341 0.316225
0.519642 0.538402 328.500000 0.988482 -0.453071
0.519605 0.538576 328.600000 0.891045 -1.490787
0.519527 0.538889 328.700000 0.727529 -1.771364
0.519420 0.538970 328.800000 0.575112 -1.269359
0.519298 0.538847 328.900000 0.485660 -0.515210
0.519171 0.538684 329.000000 0.455174 -0.092979
0.519047 0.538538 329.100000 0.467498 0.338850
0.518924 0.538378 329.200000 0.477394 -0.141424
0.518798 0.538227 329.300000 0.455688 -0.291619
0.518667 0.538087 329.400000 0.421622 -0.387989
0.518532 0.537946 329.500000 0.382965 -0.383223
0.518389 0.538013 329.600000 0.301904 -1.233944
0.518240 0.537855 329.700000 0.231216 -0.176293
0.518088 0.537775 329.800000 0.185291 -0.739908
0.517932 0.537735 329.900000 0.103061 -0.900584
0.517776 0.537613 330.000000 0.031699 -0.523076
0.517619 0.537484 330.100000 -0.018131 -0.471038
0.517464 0.537582 330.200000 -0.107457 -1.311013
0.517315 0.537566 330.300000 -0.222528 -0.984661
0.517173 0.537478 330.400000 -0.307220 -0.704946
0.517037 0.537357 330.500000 -0.368805 -0.523670
0.516908 0.537247 330.600000 -0.424450 -0.586439
0.516783 0.537087 330.700000 -0.460282 -0.128425
0.516661 0.536926 330.800000 -0.472024 -0.105827
0.516540 0.536767 330.900000 -0.484151 -0.136095
0.516421 0.536605 331.000000 -0.493497 -0.050363
0.516304 0.536447 331.100000 -0.504493 -0.169003
0.516191 0.536312 331.200000 -0.534135 -0.422357
0.516085 0.536172 331.300000 -0.574212 -0.377172
0.515982 0.536010 331.400000 -0.595248 -0.042500
0.515882 0.535853 331.500000 -0.605416 -0.160355
0.515781 0.535699 331.600000 -0.602326 0.222005
0.515671 0.535649 331.700000 -0.548071 0.860384
0.515544 0.535829 331.800000 -0.429403 1.507042
0.515399 0.536077 331.900000 -0.271236 1.648395
0.515246 0.536274 332.000000 -0.111263 1.543058
0.515091 0.536550 332.100000 0.051543 1.704931
0.514943 0.536653 332.200000 0.203467 1.325942
0.514800 0.536511 332.300000 0.287660 0.353713
0.514664 0.536468 332.400000 0.349817 0.886314
0.514535 0.536332 332.500000 0.414911 0.412315
0.514410 0.536175 332.600000 0.444161 0.171218
0.514291 0.536078 332.700000 0.485491 0.653311
0.514181 0.535971 332.800000 0.548378 0.601297
0.514080 0.535824 332.900000 0.593399 0.296868
0.513982 0.535666 333.000000 0.615679 0.147613
0.513886 0.535505 333.100000 0.622704 -0.007457
0.513791 0.535347 333.200000 0.628273 0.118548
0.513695 0.535201 333.300000 0.618592 -0.311680
0.513592 0.535053 333.400000 0.588190 -0.294837
0.513486 0.534899 333.500000 0.562903 -0.209630
0.513372 0.534831 333.600000 0.513235 -0.781252
0.513243 0.534933 333.700000 0.407760 -1.322979
0.513101 0.534933 333.800000 0.289521 -1.035875
0.512955 0.534792 333.900000 0.219578 -0.359491
0.512807 0.534644 334.000000 0.187508 -0.280317
0.512657 0.534488 334.100000 0.165342 -0.161893
0.512507 0.534352 334.200000 0.137181 -0.399918
0.512355 0.534263 334.300000 0.082707 -0.686845
0.512202 0.534371 334.400000 -0.018812 -1.338446
0.512051 0.534365 334.500000 -0.136771 -1.014845
0.511907 0.534375 334.600000 -0.241037 -1.065264
0.511774 0.534484 334.700000 -0.361683 -1.341609
0.511658 0.534647 334.800000 -0.502570 -1.469089
0.511563 0.534591 334.900000 -0.617975 -0.833235
0.511485 0.534571 335.000000 -0.708243 -0.967611
0.511423 0.534448 335.100000 -0.781531 -0.494504
0.511369 0.534290 335.200000 -0.811194 -0.097267
0.511313 0.534141 335.300000 -0.802823 0.264275
0.511247 0.534018 335.400000 -0.764997 0.490343
0.511173 0.533879 335.500000 -0.721759 0.372254
0.511091 0.533733 335.600000 -0.688111 0.299028
0.511000 0.533629 335.700000 -0.642798 0.604974
0.510898 0.533540 335.800000 -0.578075 0.686242
0.510782 0.533539 335.900000 -0.492129 1.028381
0.510651 0.533635 336.000000 -0.374974 1.308870
0.510510 0.533555 336.100000 -0.272806 0.729383
0.510363 0.533546 336.200000 -0.185981 1.002778
0.510213 0.533583 336.300000 -0.078272 1.146010
0.510061 0.533645 336.400000 0.040271 1.218919
0.509916 0.534144 336.500000 0.206813 2.103596
0.509787 0.534350 336.600000 0.390868 1.568314
0.509684 0.534783 336.700000 0.569510 1.995576
0.509619 0.535115 336.800000 0.760725 1.819171
0.509593 0.535231 336.900000 0.920052 1.359406
0.509603 0.535249 337.000000 1.043009 1.093587
0.509647 0.535227 337.100000 1.145940 0.959878
0.509731 0.535327 337.200000 1.260314 1.321883
0.509855 0.535243 337.300000 1.362140 0.709545
0.510001 0.535103 337.400000 1.415365 0.352306
0.510160 0.534957 337.500000 1.447679 0.292356
0.510320 0.534810 337.600000 1.448905 -0.267903
0.510484 0.534686 337.700000 1.459910 0.487460
0.510674 0.534591 337.800000 1.516987 0.651218
0.510893 0.534499 337.900000 1.583241 0.670560
0.511133 0.534345 338.000000 1.624845 0.159433
0.511366 0.534209 338.100000 1.613289 -0.389969
0.511595 0.534057 338.200000 1.603027 0.185234
0.511837 0.533919 338.300000 1.631030 0.373436
0.512109 0.533872 338.400000 1.693099 0.864829
0.512435 0.533937 338.500000 1.798010 1.228147
0.512807 0.533810 338.600000 1.882198 0.451408
0.513231 0.533932 338.700000 1.973862 1.377294
0.513736 0.534039 338.800000 2.109983 1.338317
0.514312 0.533996 338.900000 2.221340 0.883262
0.514945 0.533940 339.000000 2.307221 0.830053
0.515615 0.533792 339.100000 2.361241 0.247641
0.516317 0.533697 339.200000 2.406126 0.647821
0.517059 0.533579 339.300000 2.464628 0.519290
0.517813 0.533428 339.400000 2.480609 -0.200465
0.518532 0.533359 339.500000 2.431783 -0.773622
0.519185 0.533365 339.600000 2.340145 -1.054545
0.519767 0.533372 339.700000 2.234457 -1.053927
0.520273 0.533460 339.800000 2.116987 -1.289611
0.520695 0.533641 339.900000 1.976310 -1.516896
0.521039 0.533695 340.000000 1.840295 -1.196605
0.521315 0.533842 340.100000 1.708224 -1.438201
0.521514 0.534145 340.200000 1.547400 -1.770236
0.521631 0.534587 340.300000 1.357478 -2.018708
0.521681 0.534798 340.400000 1.176914 -1.583551
0.521673 0.535282 340.500000 0.992797 -2.089581
0.521606 0.535959 340.600000 0.768571 -2.383733
0.521501 0.536146 340.700000 0.572344 -1.530996
0.521372 0.536476 340.800000 0.404179 -1.823887
0.521227 0.536828 340.900000 0.219362 -1.863209
0.521074 0.537202 341.000000 0.030509 -1.904422
0.520925 0.537624 341.100000 -0.164587 -1.987735
0.520787 0.537605 341.200000 -0.313069 -0.974484
0.520659 0.537566 341.300000 -0.406863 -0.896697
0.520545 0.537623 341.400000 -0.512484 -1.210458
0.520446 0.537520 341.500000 -0.603721 -0.609710
0.520357 0.537396 341.600000 -0.658151 -0.476173
0.520273 0.537240 341.700000 -0.686982 -0.099006
0.520189 0.537093 341.800000 -0.678660 0.265036
0.520097 0.536959 341.900000 -0.645614 0.394231
0.519998 0.536847 342.000000 -0.597902 0.557628
0.519883 0.536945 342.100000 -0.503788 1.319936
0.519749 0.537210 342.200000 -0.352428 1.699688
0.519601 0.537718 342.300000 -0.160260 2.134065
0.519449 0.537826 342.400000 0.014252 1.347465
0.519300 0.537850 342.500000 0.137531 1.111939
0.519157 0.537831 342.600000 0.242101 0.974229
0.519021 0.537708 342.700000 0.315113 0.482370
0.518892 0.537743 342.800000 0.396807 1.147426
0.518782 0.537918 342.900000 0.529868 1.507146
0.518700 0.538191 343.000000 0.691515 1.717711
0.518656 0.538413 343.100000 0.858405 1.611744
0.518649 0.538422 343.200000 0.992734 1.068116
0.518682 0.538627 343.300000 1.125288 1.576341
0.518757 0.538567 343.400000 1.245235 0.816597
0.518871 0.538645 343.500000 1.349771 1.268885
0.519031 0.538625 343.600000 1.461993 0.969960
0.519233 0.538597 343.700000 1.557818 0.941744
0.519459 0.538442 343.800000 1.609657 0.092439
0.519694 0.538301 343.900000 1.630817 0.329708
0.519936 0.538146 344.000000 1.643465 -0.077383
0.520174 0.537990 344.100000 1.636155 -0.068460
0.520390 0.537938 344.200000 1.590323 -0.845886
0.520561 0.537973 344.300000 1.490375 -1.148066
0.520676 0.538186 344.400000 1.352841 -1.595745
0.520727 0.538526 344.500000 1.180167 -1.849104
0.520717 0.538944 344.600000 0.987733 -1.989951
0.520658 0.539277 344.700000 0.795911 -1.836892
0.520563 0.539512 344.800000 0.621520 -1.642207
0.520446 0.539538 344.900000 0.482982 -1.121642
0.520314 0.539614 345.000000 0.363287 -1.266271
0.520171 0.539817 345.100000 0.220893 -1.574479
0.520020 0.540033 345.200000 0.061548 -1.604456
0.519872 0.540394 345.300000 -0.113617 -1.890094
0.519733 0.540563 345.400000 -0.283601 -1.501071
0.519609 0.540675 345.500000 -0.427086 -1.361471
0.519507 0.540893 345.600000 -0.575987 -1.609096
0.519438 0.541244 345.700000 -0.750515 -1.872745
0.519419 0.541775 345.800000 -0.953685 -2.180491
0.519458 0.542002 345.900000 -1.144627 -1.628804
0.519544 0.541987 346.000000 -1.275979 -0.991662
0.519666 0.541957 346.100000 -1.372682 -0.937561
0.519826 0.541932 346.200000 -1.467357 -0.951214
0.520032 0.541948 346.300000 -1.569960 -1.095714
0.520273 0.541819 346.400000 -1.646495 -0.431151
0.520527 0.541664 346.500000 -1.673312 -0.103844
0.520793 0.541533 346.600000 -1.699570 -0.420004
0.521073 0.541379 346.700000 -1.725842 -0.104136
0.521354 0.541223 346.800000 -1.731222 -0.003180
0.521618 0.541144 346.900000 -1.694630 0.733189
0.521835 0.541197 347.000000 -1.597494 1.204658
0.521983 0.541594 347.100000 -1.438891 1.959478
0.522053 0.542063 347.200000 -1.236271 2.082796
0.522054 0.542560 347.300000 -1.025058 2.130908
0.522004 0.542790 347.400000 -0.836221 1.636378
0.521926 0.542759 347.500000 -0.707384 0.933929
0.521830 0.542719 347.600000 -0.615418 0.900793
0.521719 0.542728 347.700000 -0.516714 1.068352
0.521594 0.542696 347.800000 -0.416422 0.932472
0.521460 0.542627 347.900000 -0.330775 0.776194
0.521319 0.542588 348.000000 -0.246614 0.902810
0.521173 0.542516 348.100000 -0.163099 0.763315
0.521025 0.542365 348.200000 -0.115885 0.178613
0.520876 0.542245 348.300000 -0.082036 0.496669
0.520727 0.542178 348.400000 -0.017590 0.789030
0.520578 0.542076 348.500000 0.052459 0.608447
0.520431 0.541976 348.600000 0.114108 0.621448
0.520287 0.541947 348.700000 0.192258 0.937632
0.520151 0.542079 348.800000 0.310235 1.416026
0.520034 0.542348 348.900000 0.467563 1.722650
0.519941 0.542505 349.000000 0.627843 1.474939
0.519875 0.542541 349.100000 0.759831 1.158224
0.519831 0.542472 349.200000 0.856644 0.773202
0.519798 0.542317 349.300000 0.898051 0.052854
0.519776 0.542253 349.400000 0.940721 0.798431
0.519777 0.542205 349.500000 1.024265 0.868255
0.519805 0.542162 349.600000 1.112023 0.882529
0.519855 0.542032 349.700000 1.177371 0.421167
0.519920 0.541912 349.800000 1.223312 0.495359
0.520005 0.541813 349.900000 1.279322 0.622026
0.520113 0.541707 350.000000 1.339749 0.583488
0.520238 0.541563 350.100000 1.383089 0.281154
0.520372 0.541415 350.200000 1.408015 0.216119
0.520497 0.541330 350.300000 1.384032 -0.694588
0.520592 0.541283 350.400000 1.305711 -0.867917
0.520656 0.541224 350.500000 1.221065 -0.820761
0.520686 0.541284 350.600000 1.118556 -1.224304
0.520689 0.541166 350.700000 1.031906 -0.504357
0.520683 0.541015 350.800000 0.999224 -0.147640
0.520665 0.540927 350.900000 0.957419 -0.686376
0.520626 0.540894 351.000000 0.876917 -0.919645
0.520561 0.541009 351.100000 0.761886 -1.375212
0.520474 0.540925 351.200000 0.657795 -0.701412
0.520376 0.540825 351.300000 0.591730 -0.616573
0.520272 0.540673 351.400000 0.555619 -0.103847
0.520166 0.540520 351.500000 0.546176 -0.084546
0.520066 0.540445 351.600000 0.579142 0.742218
0.519977 0.540334 351.700000 0.643889 0.549487
0.519898 0.540218 351.800000 0.697147 0.513001
0.519830 0.540094 351.900000 0.745519 0.452025
0.519766 0.539940 352.000000 0.769774 0.031859
0.519709 0.539828 352.100000 0.798234 0.535918
0.519659 0.539675 352.200000 0.827721 0.052354
0.519599 0.539634 352.300000 0.785697 -0.890727
0.519517 0.539707 352.400000 0.677863 -1.260563
0.519413 0.539763 352.500000 0.553732 -1.215845
0.519291 0.539883 352.600000 0.423297 -1.386338
0.519156 0.539963 352.700000 0.289453 -1.283847
0.519012 0.539992 352.800000 0.168391 -1.131348
0.518866 0.540006 352.900000 0.057182 -1.087278
0.518719 0.539898 353.000000 -0.025410 -0.560420
0.518573 0.539746 353.100000 -0.058986 -0.109435
0.518427 0.539674 353.200000 -0.102189 -0.752464
0.518286 0.539643 353.300000 -0.186523 -0.929985
0.518150 0.539594 353.400000 -0.275994 -0.854963
0.518024 0.539670 353.500000 -0.382630 -1.272433
0.517911 0.539613 353.600000 -0.487496 -0.819642
0.517806 0.539465 353.700000 -0.537835 -0.184623
0.517697 0.539360 353.800000 -0.518090 0.578543
0.517582 0.539228 353.900000 -0.470144 0.377973
0.517465 0.539076 354.000000 -0.452568 -0.027335
0.517349 0.538928 354.100000 -0.463148 -0.183733
0.517236 0.538787 354.200000 -0.486202 -0.276189
0.517130 0.538684 354.300000 -0.529546 -0.588527
0.517040 0.538821 354.400000 -0.630826 -1.432013
0.516978 0.538932 354.500000 -0.771100 -1.366442
0.516952 0.539150 354.600000 -0.920750 -1.619094
0.516959 0.539090 354.700000 -1.042400 -0.807814
0.516983 0.538949 354.800000 -1.097000 -0.281451
0.517015 0.538803 354.900000 -1.121288 -0.203094
0.517063 0.538742 355.000000 -1.171776 -0.804151
0.517138 0.538683 355.100000 -1.252554 -0.807374
0.517231 0.538536 355.200000 -1.302538 -0.189806
0.517345 0.538504 355.300000 -1.358322 -0.923071
0.517479 0.538355 355.400000 -1.410260 -0.113104
0.517615 0.538203 355.500000 -1.414739 0.023744
0.517758 0.538069 355.600000 -1.431016 -0.348465
0.517910 0.537922 355.700000 -1.457405 -0.177986
0.518050 0.537871 355.800000 -1.424065 0.843104
0.518149 0.537933 355.900000 -1.320020 1.232596
0.518211 0.537879 356.000000 -1.216567 0.831304
0.518249 0.537785 356.100000 -1.142913 0.638096
0.518266 0.537702 356.200000 -1.076125 0.694308
0.518264 0.537601 356.300000 -1.011573 0.593503
0.518244 0.537529 356.400000 -0.944104 0.752510
0.518203 0.537483 356.500000 -0.863147 0.862593
0.518137 0.537600 356.600000 -0.750601 1.382696
0.518042 0.537846 356.700000 -0.596965 1.682327
0.517924 0.537982 356.800000 -0.441017 1.428841
0.517792 0.538065 356.900000 -0.304518 1.294309
0.517652 0.537990 357.000000 -0.202798 0.735019
0.517509 0.538146 357.100000 -0.091876 1.477874
0.517364 0.538116 357.200000 0.028822 0.930042
0.517222 0.538200 357.300000 0.140302 1.293985
0.517085 0.538104 357.400000 0.236440 0.623980
0.516952 0.537988 357.500000 0.292798 0.500348
0.516826 0.537918 357.600000 0.355913 0.758812
0.516704 0.537772 357.700000 0.402498 0.170543
0.516582 0.537630 357.800000 0.399031 -0.239701
0.516458 0.537481 357.900000 0.382570 -0.088706
0.516335 0.537336 358.000000 0.388151 0.200056
0.516211 0.537199 358.100000 0.383195 -0.298925
0.516084 0.537077 358.200000 0.345593 -0.451231
0.515954 0.536928 358.300000 0.325788 0.056117
0.515826 0.536778 358.400000 0.328988 0.007710
0.515700 0.536674 358.500000 0.358208 0.575241
0.515580 0.536573 358.600000 0.416645 0.590584
0.515469 0.536496 358.700000 0.482349 0.720210
0.515368 0.536418 358.800000 0.554326 0.715714
0.515277 0.536296 358.900000 0.612553 0.445913
0.515185 0.536180 359.000000 0.610440 -0.488060
0.515085 0.536070 359.100000 0.559389 -0.530404
0.514978 0.535953 359.200000 0.508818 -0.478486
0.514865 0.535828 359.300000 0.463723 -0.421152
0.514747 0.535690 359.400000 0.428870 -0.274165
0.514629 0.535550 359.500000 0.428003 0.256859
0.514516 0.535424 359.600000 0.461287 0.407160
0.514412 0.535401 359.700000 0.529403 0.951752
0.514321 0.535322 359.800000 0.612544 0.706905
0.514242 0.535231 359.900000 0.680334 0.645512
0.514172 0.535089 360.000000 0.723861 0.222859
0.514106 0.534944 360.100000 0.743330 0.165538
0.514030 0.534977 360.200000 0.694404 -1.141618
0.513933 0.535085 360.300000 0.569016 -1.359874
0.513816 0.535183 360.400000 0.434015 -1.333382
0.513687 0.535210 360.500000 0.310795 -1.124870
0.513552 0.535112 360.600000 0.224142 -0.603858
0.513413 0.534991 360.700000 0.171566 -0.445032
0.513275 0.534845 360.800000 0.155087 0.116277
0.513136 0.534697 360.900000 0.162409 0.029795
0.512998 0.534554 361.000000 0.173440 0.190283
0.512860 0.534407 361.100000 0.179180 -0.075774
0.512721 0.534325 361.200000 0.140763 -0.690650
0.512580 0.534286 361.300000 0.061705 -0.886550
0.512438 0.534207 361.400000 -0.018113 -0.705829
0.512297 0.534086 361.500000 -0.075558 -0.440194
0.512157 0.533943 361.600000 -0.106565 -0.178391
0.512017 0.533795 361.700000 -0.114335 0.023377
0.511879 0.533736 361.800000 -0.153325 -0.801218
0.511746 0.533689 361.900000 -0.236124 -0.850623
0.511616 0.533562 362.000000 -0.298072 -0.385251
0.511490 0.533416 362.100000 -0.322217 -0.096440
0.511366 0.533305 362.200000 -0.352658 -0.510862
0.511248 0.533233 362.300000 -0.415372 -0.740271
0.511138 0.533114 362.400000 -0.475214 -0.453571
0.511034 0.532987 362.500000 -0.516723 -0.374539
0.510940 0.532947 362.600000 -0.579766 -0.883168
0.510857 0.532835 362.700000 -0.649355 -0.505127
0.510782 0.532704 362.800000 -0.691438 -0.334430
0.510720 0.532677 362.900000 -0.754838 -0.930415
0.510674 0.532570 363.000000 -0.828414 -0.537416
0.510642 0.532483 363.100000 -0.888468 -0.660669
0.510615 0.532343 363.200000 -0.910645 0.218238
0.510592 0.532224 363.300000 -0.922170 -0.448151
0.510579 0.532097 363.400000 -0.963422 -0.374826
0.510583 0.532051 363.500000 -1.025025 -0.854163
0.510610 0.531970 363.600000 -1.102363 -0.688724
0.510668 0.532053 363.700000 -1.201549 -1.290031
0.510770 0.532123 363.800000 -1.329182 -1.256254
0.510903 0.531996 363.900000 -1.410617 -0.368381
0.511048 0.531858 364.000000 -1.441380 -0.245325
0.511195 0.531714 364.100000 -1.447074 0.131724
0.511333 0.531583 364.200000 -1.423938 0.329838
0.511460 0.531447 364.300000 -1.394198 0.263476
0.511566 0.531386 364.400000 -1.341588 0.786092
0.511652 0.531257 364.500000 -1.284764 0.347543
0.511720 0.531180 364.600000 -1.231705 0.710988
0.511768 0.531067 364.700000 -1.171504 0.490018
0.511800 0.530957 364.800000 -1.121702 0.503527
0.511827 0.530816 364.900000 -1.106253 -0.195313
0.511860 0.530674 365.000000 -1.123018 -0.139154
0.511905 0.530587 365.100000 -1.162798 -0.654443
0.511967 0.530464 365.200000 -1.215942 -0.405793
0.512032 0.530328 365.300000 -1.223173 0.261545
0.512086 0.530203 365.400000 -1.190915 0.382005
0.512133 0.530058 365.500000 -1.170959 0.016111
0.512177 0.529919 365.600000 -1.160019 0.202142
0.512205 0.529870 365.700000 -1.107814 0.839344
0.512211 0.529775 365.800000 -1.035585 0.601634
0.512210 0.529631 365.900000 -1.007987 -0.051073
0.512199 0.529576 366.000000 -0.969962 0.809678
0.512167 0.529510 366.100000 -0.891120 0.763232
0.512112 0.529610 366.200000 -0.785806 1.337773
0.512031 0.529687 366.300000 -0.654941 1.272977
0.511935 0.529570 366.400000 -0.568521 0.451105
0.511838 0.529434 366.500000 -0.558500 -0.251177
0.511741 0.529297 366.600000 -0.559444 0.232329
0.511640 0.529164 366.700000 -0.533354 0.288173
0.511542 0.529082 366.800000 -0.552705 -0.674216
0.511455 0.528996 366.900000 -0.619264 -0.653640
0.511373 0.528853 367.000000 -0.648369 0.072985
0.511289 0.528713 367.100000 -0.635672 0.180331
0.511199 0.528606 367.200000 -0.600591 0.519534
0.511102 0.528478 367.300000 -0.557500 0.340135
0.511002 0.528335 367.400000 -0.535558 0.097597
0.510898 0.528230 367.500000 -0.504050 0.530992
0.510786 0.528137 367.600000 -0.446896 0.609226
0.510668 0.528012 367.700000 -0.397620 0.373835
0.510545 0.527947 367.800000 -0.340892 0.757888
0.510417 0.527857 367.900000 -0.271368 0.629112
0.510285 0.527719 368.000000 -0.229413 0.207888
0.510151 0.527667 368.100000 -0.177882 0.820154
0.510014 0.527566 368.200000 -0.109041 0.553226
0.509876 0.527552 368.300000 -0.032235 0.979066
0.509739 0.527824 368.400000 0.104458 1.747964
0.509612 0.528173 368.500000 0.287544 1.904598
0.509503 0.528434 368.600000 0.469609 1.727587
0.509417 0.528501 368.700000 0.618641 1.245607
0.509349 0.528437 368.800000 0.719278 0.762108
0.509294 0.528321 368.900000 0.779973 0.448752
0.509250 0.528233 369.000000 0.834616 0.641377
0.509225 0.528202 369.100000 0.912362 0.909647
0.509220 0.528118 369.200000 0.990979 0.658765
0.509224 0.527975 369.300000 1.025338 0.026698
0.509227 0.527837 369.400000 1.017548 -0.182111
0.509233 0.527726 369.500000 1.032642 0.483250
0.509243 0.527589 369.600000 1.046569 -0.205412
0.509248 0.527453 369.700000 1.024470 -0.235468
0.509248 0.527311 369.800000 1.009767 -0.057860
0.509240 0.527206 369.900000 0.980712 -0.521772
0.509217 0.527119 370.000000 0.922241 -0.644739
0.509188 0.526979 370.100000 0.895852 0.118286
0.509152 0.526913 370.200000 0.864163 -0.750488
0.509099 0.526823 370.300000 0.795098 -0.627345
0.509031 0.526806 370.400000 0.715360 -0.963429
0.508949 0.526712 370.500000 0.637254 -0.594786
0.508855 0.526635 370.600000 0.572583 -0.695400
0.508748 0.526737 370.700000 0.470363 -1.343888
0.508625 0.526891 370.800000 0.328710 -1.482108
0.508492 0.527225 370.900000 0.160205 -1.879561
0.508355 0.527526 371.000000 -0.024930 -1.813870
0.508224 0.527896 371.100000 -0.213603 -1.950160
0.508110 0.528283 371.200000 -0.410682 -1.981575
0.508022 0.528579 371.300000 -0.600436 -1.804003
0.507967 0.528864 371.400000 -0.780233 -1.782961
0.507951 0.529037 371.500000 -0.946240 -1.528875
0.507972 0.529097 371.600000 -1.084350 -1.226425
0.508027 0.529070 371.700000 -1.192252 -0.926206
0.508113 0.529057 371.800000 -1.287922 -0.982426
0.508222 0.528924 371.900000 -1.350479 -0.265584
0.508337 0.528783 372.000000 -1.368542 -0.094766
0.508459 0.528653 372.100000 -1.387870 -0.290826
0.508589 0.528512 372.200000 -1.407962 -0.110019
0.508718 0.528373 372.300000 -1.406564 0.137906
0.508839 0.528240 372.400000 -1.386653 0.259328
0.508944 0.528151 372.500000 -1.342322 0.625067
0.509030 0.528039 372.600000 -1.287300 0.472626
0.509101 0.527921 372.700000 -1.242694 0.417274
0.509158 0.527798 372.800000 -1.202928 0.376042
0.509205 0.527667 372.900000 -1.169968 0.281513
0.509244 0.527532 373.000000 -1.145179 0.213027
0.509264 0.527554 373.100000 -1.079071 1.105824
0.509242 0.527933 373.200000 -0.924842 1.971057
0.509182 0.528062 373.300000 -0.754904 1.419204
0.509098 0.528100 373.400000 -0.625716 1.158100
0.508999 0.528049 373.500000 -0.526399 0.823270
0.508883 0.528407 373.600000 -0.388328 1.931246
0.508750 0.529092 373.700000 -0.166974 2.484764
0.508615 0.529622 373.800000 0.069958 2.242028
0.508492 0.530338 373.900000 0.309248 2.531806
0.508402 0.531427 374.000000 0.588319 3.035668
0.508367 0.532134 374.100000 0.866773 2.519476
0.508391 0.532553 374.200000 1.095823 2.050073
0.508481 0.532959 374.300000 1.300130 2.025868
0.508633 0.533045 374.400000 1.467292 1.309016
0.508821 0.532935 374.500000 1.557570 0.492021
0.509024 0.532801 374.600000 1.594530 0.245337
0.509230 0.532661 374.700000 1.600140 -0.133427
0.509440 0.532534 374.800000 1.610370 0.337509
0.509660 0.532394 374.900000 1.633013 0.114231
0.509885 0.532254 375.000000 1.645158 0.128049
0.510108 0.532117 375.100000 1.642102 -0.189009
0.510317 0.532009 375.200000 1.607346 -0.504366
0.510495 0.531977 375.300000 1.536556 -0.907895
0.510652 0.531839 375.400000 1.483332 -0.153927
0.510792 0.531770 375.500000 1.438651 -0.737451
0.510889 0.531944 375.600000 1.324460 -1.540665
0.510931 0.532243 375.700000 1.156012 -1.819882
0.510932 0.532237 375.800000 1.014218 -1.008894
0.510896 0.532608 375.900000 0.865221 -1.963595
0.510823 0.532777 376.000000 0.690250 -1.527082
0.510722 0.533237 376.100000 0.507054 -2.127675
0.510598 0.533614 376.200000 0.301341 -1.976302
0.510464 0.533983 376.300000 0.103992 -1.960814
0.510329 0.534302 376.400000 -0.087673 -1.862910
0.510204 0.534745 376.500000 -0.286258 -2.098842
0.510101 0.535091 376.600000 -0.487561 -1.917160
0.510023 0.535251 376.700000 -0.659283 -1.508687
0.509975 0.535421 376.800000 -0.811858 -1.535186
0.509965 0.535634 376.900000 -0.970830 -1.636306
0.509994 0.535691 377.000000 -1.114240 -1.224732
0.510067 0.535871 377.100000 -1.253746 -1.558417
0.510195 0.536049 377.200000 -1.409704 -1.552944
0.510368 0.535978 377.300000 -1.524288 -0.733003
0.510560 0.535841 377.400000 -1.570392 -0.186772
0.510741 0.535756 377.500000 -1.546688 0.659662
0.510897 0.535666 377.600000 -1.482323 0.624421
0.511041 0.535524 377.700000 -1.452843 -0.036286
0.511191 0.535393 377.800000 -1.468931 -0.284671
0.511355 0.535275 377.900000 -1.503963 -0.414222
0.511523 0.535138 378.000000 -1.514480 0.204418
0.511697 0.535032 378.100000 -1.530080 -0.515646
0.511887 0.534898 378.200000 -1.567307 -0.227025
0.512082 0.534756 378.300000 -1.580622 -0.038613
0.512281 0.534619 378.400000 -1.591623 -0.180866
0.512502 0.534572 378.500000 -1.642917 -0.842435
0.512763 0.534544 378.600000 -1.731667 -0.928138
0.513052 0.534416 378.700000 -1.793515 -0.305723
0.513355 0.534283 378.800000 -1.821760 -0.257776
0.513682 0.534223 378.900000 -1.873868 -0.781762
0.514028 0.534083 379.000000 -1.910389 0.053160
0.514388 0.533993 379.100000 -1.939091 -0.625758
0.514791 0.533982 379.200000 -2.020164 -0.991656
0.515249 0.533987 379.300000 -2.122639 -1.052718
0.515756 0.533909 379.400000 -2.209750 -0.685146
0.516320 0.533954 379.500000 -2.303732 -1.189797
0.516936 0.533853 379.600000 -2.390890 -0.549004
0.517582 0.533730 379.700000 -2.436486 -0.360633
0.518242 0.533591 379.800000 -2.459883 -0.106150
0.518922 0.533487 379.900000 -2.491428 -0.523162
0.519610 0.533358 380.000000 -2.502856 0.295161
0.520258 0.533324 380.100000 -2.442986 0.899244
0.520877 0.533184 380.200000 -2.398345 -0.008650
0.521502 0.533046 380.300000 -2.406362 -0.151292
0.522111 0.532953 380.400000 -2.383996 0.597501
0.522673 0.532932 380.500000 -2.306333 0.951885
0.523189 0.532835 380.600000 -2.229897 0.573003
0.523656 0.532855 380.700000 -2.145856 1.103616
0.524034 0.533343 380.800000 -1.980957 2.186111
0.524325 0.533412 380.900000 -1.808078 1.262829
0.524558 0.533484 381.000000 -1.681100 1.270378
0.524736 0.533572 381.100000 -1.551284 1.319453
0.524858 0.533765 381.200000 -1.405307 1.592799
0.524926 0.533907 381.300000 -1.251945 1.466763
0.524955 0.533890 381.400000 -1.129902 0.967998
0.524957 0.533891 381.500000 -1.029444 1.036135
0.524930 0.533913 381.600000 -0.921790 1.111560
0.524887 0.533788 381.700000 -0.849142 0.337781
0.524841 0.533648 381.800000 -0.832649 -0.008748
0.524796 0.533514 381.900000 -0.843287 -0.203492
0.524756 0.533376 382.000000 -0.859121 -0.112395
0.524717 0.533238 382.100000 -0.870450 -0.113613
0.524678 0.533105 382.200000 -0.864786 0.226609
0.524627 0.533045 382.300000 -0.814477 0.777068
0.524564 0.532939 382.400000 -0.750141 0.506434
0.524490 0.532850 382.500000 -0.693482 0.623912
0.524404 0.532767 382.600000 -0.629422 0.654075
0.524306 0.532779 382.700000 -0.542661 1.076805
0.524190 0.533033 382.800000 -0.401779 1.733788
0.524065 0.532898 382.900000 -0.305760 0.181805
0.523944 0.532872 383.000000 -0.343340 -0.931529
0.523835 0.533025 383.100000 -0.464965 -1.494887
0.523747 0.533130 383.200000 -0.608561 -1.369868
0.523686 0.533353 383.300000 -0.760670 -1.664707
0.523653 0.533328 383.400000 -0.891024 -0.935853
0.523641 0.533267 383.500000 -0.976871 -0.776784
0.523648 0.533189 383.600000 -1.050112 -0.684378
0.523672 0.533080 383.700000 -1.108313 -0.476724
0.523702 0.532941 383.800000 -1.130331 0.037449
0.523735 0.532812 383.900000 -1.141965 -0.269530
0.523767 0.532689 384.000000 -1.138319 0.342254
0.523792 0.532554 384.100000 -1.112604 0.170767
0.523806 0.532463 384.200000 -1.073561 0.608148
0.523805 0.532350 384.300000 -1.021090 0.438643
0.523790 0.532271 384.400000 -0.965103 0.678285
0.523747 0.532504 384.500000 -0.846468 1.688498
0.523673 0.532613 384.600000 -0.692579 1.381585
0.523580 0.532608 384.700000 -0.572574 1.012515
0.523472 0.532633 384.800000 -0.465552 1.122566
0.523351 0.532746 384.900000 -0.339622 1.389735
0.523221 0.532787 385.000000 -0.210984 1.176607
0.523086 0.532883 385.100000 -0.084614 1.344457
0.522951 0.533145 385.200000 0.070708 1.754229
0.522823 0.533476 385.300000 0.253981 1.902074
0.522711 0.533620 385.400000 0.423301 1.475841
0.522617 0.533721 385.500000 0.565369 1.358418
0.522552 0.534137 385.600000 0.737190 2.069417
0.522529 0.534446 385.700000 0.934008 1.857099
0.522556 0.534744 385.800000 1.119131 1.836106
0.522624 0.534693 385.900000 1.252417 0.822961
0.522716 0.534607 386.000000 1.325549 0.636011
0.522847 0.534772 386.100000 1.434192 1.531410
0.523029 0.534787 386.200000 1.565459 1.087377
0.523263 0.534895 386.300000 1.689089 1.379035
0.523560 0.535017 386.400000 1.829300 1.418171
0.523912 0.534962 386.500000 1.940738 0.805031
0.524286 0.534824 386.600000 1.984489 0.067794
0.524672 0.534709 386.700000 2.009121 0.423607
0.525081 0.534596 386.800000 2.052611 0.444027
0.525510 0.534470 386.900000 2.090256 0.306990
0.525941 0.534337 387.000000 2.095900 -0.194401
0.526340 0.534342 387.100000 2.033545 -1.049581
0.526674 0.534477 387.200000 1.908010 -1.454825
0.526934 0.534681 387.300000 1.753421 -1.629232
0.527106 0.535391 387.400000 1.543306 -2.562563
0.527191 0.535834 387.500000 1.308477 -2.122284
0.527208 0.536321 387.600000 1.091722 -2.201961
0.527165 0.537109 387.700000 0.846942 -2.681412
0.527077 0.537481 387.800000 0.612819 -1.989346
0.526967 0.537604 387.900000 0.441724 -1.423994
0.526842 0.537735 388.000000 0.297803 -1.447227
0.526709 0.538080 388.100000 0.128131 -1.937737
0.526573 0.538286 388.200000 -0.050996 -1.635832
0.526445 0.538615 388.300000 -0.228475 -1.904880
0.526332 0.538941 388.400000 -0.419259 -1.901262
0.526243 0.539195 388.500000 -0.602035 -1.745130
0.526178 0.539190 388.600000 -0.740678 -1.020798
0.526131 0.539111 388.700000 -0.826108 -0.683529
0.526095 0.538996 388.800000 -0.881539 -0.422302
0.526078 0.539015 388.900000 -0.958249 -1.108072
0.526089 0.539019 389.000000 -1.066523 -1.052002
0.526124 0.538929 389.100000 -1.150163 -0.616609
0.526181 0.538879 389.200000 -1.222735 -0.831199
0.526266 0.538844 389.300000 -1.309225 -0.894280
0.526374 0.538733 389.400000 -1.377327 -0.464356
0.526482 0.538626 389.500000 -1.375955 0.491729
0.526577 0.538494 389.600000 -1.339798 0.229599
0.526662 0.538372 389.700000 -1.310562 0.353674
0.526748 0.538252 389.800000 -1.311628 -0.374942
0.526842 0.538116 389.900000 -1.336769 -0.126636
0.526947 0.538011 390.000000 -1.368455 -0.505495
0.527070 0.537910 390.100000 -1.420810 -0.538980
0.527221 0.537882 390.200000 -1.494248 -0.926121
0.527405 0.537813 390.300000 -1.577422 -0.733183
0.527623 0.537789 390.400000 -1.661426 -0.942715
0.527858 0.537657 390.500000 -1.698987 0.193376
0.528080 0.537535 390.600000 -1.671483 0.355344
0.528274 0.537527 390.700000 -1.603307 1.004758
0.528429 0.537498 390.800000 -1.506694 0.922666
0.528554 0.537425 390.900000 -1.424956 0.708013
0.528661 0.537297 391.000000 -1.375517 0.278293
0.528763 0.537160 391.100000 -1.363368 -0.035912
0.528866 0.537023 391.200000 -1.364844 0.006451
0.528962 0.536906 391.300000 -1.344640 0.396623
0.529046 0.536779 391.400000 -1.310626 0.281966
0.529121 0.536650 391.500000 -1.283558 0.258044
0.529178 0.536611 391.600000 -1.226675 0.876766
0.529205 0.536642 391.700000 -1.125335 1.144958
0.529202 0.536637 391.800000 -1.016970 1.016935
0.529169 0.536760 391.900000 -0.894431 1.427718
0.529106 0.536860 392.000000 -0.754544 1.363034
0.529025 0.536803 392.100000 -0.646409 0.794250
0.528932 0.536715 392.200000 -0.575757 0.615263
0.528832 0.536604 392.300000 -0.522395 0.449299
0.528731 0.536472 392.400000 -0.510382 -0.209639
0.528635 0.536392 392.500000 -0.554194 -0.664403
0.528550 0.536324 392.600000 -0.624169 -0.731613
0.528477 0.536248 392.700000 -0.695475 -0.690924
0.528409 0.536116 392.800000 -0.720299 0.195687
0.528342 0.535996 392.900000 -0.728453 -0.358359
0.528276 0.535863 393.000000 -0.738132 0.165252
0.528200 0.535871 393.100000 -0.676424 1.065818
0.528109 0.535834 393.200000 -0.578902 0.879761
0.528005 0.535783 393.300000 -0.493553 0.822945
0.527897 0.535648 393.400000 -0.449732 0.051287
0.527791 0.535539 393.500000 -0.470359 -0.462800
0.527691 0.535444 393.600000 -0.522301 -0.573444
0.527604 0.535460 393.700000 -0.605843 -1.093224
0.527533 0.535411 393.800000 -0.701984 -0.824793
0.527467 0.535280 393.900000 -0.732730 0.211414
0.527398 0.535147 394.000000 -0.715220 0.137907
0.527327 0.535013 394.100000 -0.702784 0.110189
0.527257 0.534889 394.200000 -0.712395 -0.301920
0.527195 0.534778 394.300000 -0.749752 -0.443351
0.527140 0.534658 394.400000 -0.789411 -0.347848
0.527086 0.534538 394.500000 -0.789144 0.353179
0.527017 0.534556 394.600000 -0.716252 1.101007
0.526932 0.534508 394.700000 -0.619407 0.831053
0.526835 0.534478 394.800000 -0.532139 0.909945
0.526727 0.534400 394.900000 -0.452711 0.674646
0.526613 0.534304 395.000000 -0.391026 0.555977
0.526494 0.534200 395.100000 -0.338218 0.497546
0.526373 0.534071 395.200000 -0.302082 0.223349
0.526248 0.533979 395.300000 -0.261679 0.582703
0.526121 0.533851 395.400000 -0.221133 0.226187
0.525994 0.533718 395.500000 -0.203173 0.132116
0.525867 0.533624 395.600000 -0.224969 -0.566947
0.525745 0.533544 395.700000 -0.286506 -0.660710
0.525629 0.533527 395.800000 -0.368075 -0.966587
0.525522 0.533453 395.900000 -0.451193 -0.691635
0.525425 0.533413 396.000000 -0.529439 -0.869358
0.525337 0.533304 396.100000 -0.595584 -0.450231
0.525255 0.533179 396.200000 -0.631368 -0.263675
0.525170 0.533080 396.300000 -0.617741 0.535531
0.525077 0.532989 396.400000 -0.561555 0.585392
0.524978 0.532878 396.500000 -0.510597 0.431216
0.524872 0.532791 396.600000 -0.458425 0.609615
0.524754 0.533087 396.700000 -0.335193 1.848862
0.524624 0.533450 396.800000 -0.142933 1.986726
0.524493 0.533876 396.900000 0.062347 2.108619
0.524371 0.534481 397.000000 0.289515 2.423381
0.524275 0.535058 397.100000 0.530236 2.378997
0.524215 0.535540 397.200000 0.760378 2.212344
0.524199 0.535782 397.300000 0.958007 1.730357
0.524226 0.535966 397.400000 1.124514 1.591454
0.524302 0.536172 397.500000 1.286897 1.648079
0.524437 0.536418 397.600000 1.456751 1.740511
0.524630 0.536471 397.700000 1.605288 1.222810
0.524878 0.536599 397.800000 1.739061 1.445952
0.525189 0.536693 397.900000 1.879195 1.349728
0.525545 0.536586 398.000000 1.970399 0.469793
0.525925 0.536481 398.100000 2.018297 0.485758
0.526322 0.536352 398.200000 2.053267 0.211907
0.526717 0.536228 398.300000 2.049160 -0.293848
0.527081 0.536192 398.400000 1.989977 -0.886844
0.527386 0.536367 398.500000 1.866815 -1.570238
0.527618 0.536586 398.600000 1.704019 -1.677547
0.527765 0.537252 398.700000 1.493222 -2.527866
0.527826 0.537893 398.800000 1.241833 -2.487342
0.527822 0.538314 398.900000 1.011599 -2.105820
0.527773 0.538631 399.000000 0.810788 -1.900358
0.527685 0.539180 399.100000 0.598453 -2.335717
0.527569 0.539749 399.200000 0.362542 -2.370721
0.527442 0.539757 399.300000 0.190042 -1.070643
0.527311 0.539700 399.400000 0.096872 -0.788111
0.527179 0.539760 399.500000 -0.005342 -1.251049
0.527050 0.539993 399.600000 -0.154002 -1.714723
0.526931 0.540128 399.700000 -0.313622 -1.469696
0.526829 0.540523 399.800000 -0.490436 -2.057739
0.526759 0.541009 399.900000 -0.705372 -2.230236
0.526735 0.541453 400.000000 -0.925028 -2.151899
0.526757 0.541607 400.100000 -1.109258 -1.523501
0.526809 0.541507 400.200000 -1.211967 -0.525538
0.526877 0.541406 400.300000 -1.264846 -0.529396
0.526961 0.541300 400.400000 -1.315383 -0.478806
0.527062 0.541195 400.500000 -1.364195 -0.495001
0.527179 0.541087 400.600000 -1.412140 -0.461508
0.527310 0.540963 400.700000 -1.450606 -0.305885
0.527449 0.540831 400.800000 -1.472754 -0.135967
0.527591 0.540696 400.900000 -1.481336 -0.035244
0.527725 0.540589 401.000000 -1.459519 0.470506
0.527841 0.540495 401.100000 -1.407234 0.572580
0.527937 0.540396 401.200000 -1.351843 0.532463
0.528020 0.540270 401.300000 -1.311855 0.265289
0.528100 0.540136 401.400000 -1.302559 -0.079823
0.528187 0.540020 401.500000 -1.326057 -0.388957
0.528287 0.539902 401.600000 -1.363881 -0.365639
0.528388 0.539779 401.700000 -1.367648 0.290483
0.528473 0.539702 401.800000 -1.318956 0.680917
0.528529 0.539731 401.900000 -1.227335 1.146928
0.528554 0.539711 402.000000 -1.121929 0.955917
0.528555 0.539660 402.100000 -1.032934 0.819548
0.528536 0.539609 402.200000 -0.950808 0.818847
0.528502 0.539508 402.300000 -0.884112 0.511747
0.528452 0.539508 402.400000 -0.806374 1.039119
0.528381 0.539538 402.500000 -0.696647 1.149945
0.528290 0.539614 402.600000 -0.573898 1.298894
0.528189 0.539504 402.700000 -0.486551 0.443691
0.528079 0.539470 402.800000 -0.419371 0.896547
0.527958 0.539756 402.900000 -0.282154 1.840935
0.527828 0.540013 403.000000 -0.100958 1.773919
0.527698 0.540249 403.100000 0.074514 1.726745
0.527574 0.540408 403.200000 0.238124 1.537268
0.527462 0.540491 403.300000 0.381600 1.325079
0.527358 0.540371 403.400000 0.464741 0.333591
0.527255 0.540239 403.500000 0.475062 -0.127699
0.527150 0.540116 403.600000 0.454161 -0.289272
0.527044 0.539983 403.700000 0.443116 0.068938
0.526946 0.540104 403.800000 0.518556 1.436084
0.526867 0.540093 403.900000 0.640472 0.996135
0.526804 0.540074 404.000000 0.738540 0.960322
0.526765 0.540203 404.100000 0.859745 1.457716
0.526760 0.540341 404.200000 1.007030 1.480626
0.526801 0.540644 404.300000 1.175464 1.879633
0.526893 0.540758 404.400000 1.340609 1.415001
0.527030 0.540799 404.500000 1.471165 1.189587
0.527213 0.540854 404.600000 1.592695 1.234936
0.527445 0.540878 404.700000 1.711356 1.132366
0.527731 0.540984 404.800000 1.837910 1.392380
0.528079 0.541029 404.900000 1.967874 1.200399
0.528486 0.541062 405.000000 2.086327 1.162729
0.528947 0.541022 405.100000 2.188221 0.870058
0.529450 0.540950 405.200000 2.267214 0.705870
0.529985 0.540835 405.300000 2.322299 0.393073
0.530531 0.540702 405.400000 2.342547 0.010863
0.531071 0.540573 405.500000 2.334072 -0.179931
0.531587 0.540500 405.600000 2.289979 -0.699731
0.532038 0.540686 405.700000 2.174172 -1.610619
0.532410 0.540818 405.800000 2.019867 -1.467763
0.532698 0.541195 405.900000 1.844339 -2.034022
0.532895 0.541630 406.000000 1.634682 -2.148636
0.533020 0.541845 406.100000 1.442659 -1.682207
0.533098 0.541862 406.200000 1.302931 -1.105376
0.533148 0.541790 406.300000 1.212014 -0.708410
0.533170 0.541838 406.400000 1.115641 -1.214236
0.533163 0.541829 406.500000 1.004439 -1.004246
0.533138 0.541722 406.600000 0.930858 -0.463696
0.533101 0.541646 406.700000 0.873634 -0.677933
0.533048 0.541600 406.800000 0.797312 -0.844681
0.532977 0.541610 406.900000 0.700962 -1.077511
0.532886 0.541784 407.000000 0.567607 -1.582912
0.532776 0.541927 407.100000 0.413235 -1.496819
0.532655 0.541906 407.200000 0.290157 -0.958575
0.532528 0.542176 407.300000 0.151254 -1.812546
0.532397 0.542276 407.400000 -0.008644 -1.377408
0.532269 0.542479 407.500000 -0.160620 -1.654513
0.532151 0.542591 407.600000 -0.314408 -1.413568
0.532048 0.542846 407.700000 -0.474446 -1.779189
0.531966 0.542928 407.800000 -0.630100 -1.326107
0.531912 0.543219 407.900000 -0.789738 -1.858667
0.531902 0.543642 408.000000 -0.989700 -2.130571
0.531945 0.543939 408.100000 -1.190422 -1.873849
0.532059 0.544584 408.200000 -1.410754 -2.521775
0.532263 0.545101 408.300000 -1.652686 -2.304765
0.532580 0.545982 408.400000 -1.912522 -2.878962
0.533036 0.546689 408.500000 -2.188214 -2.621098
0.533637 0.547322 408.600000 -2.445093 -2.503633
0.534376 0.547633 408.700000 -2.666156 -1.906577
0.535228 0.547767 408.800000 -2.835901 -1.479828
0.536164 0.547726 408.900000 -2.953857 -0.873388
0.537133 0.547593 409.000000 -3.000190 -0.050955
0.538089 0.547479 409.100000 -2.982485 0.404154
0.539018 0.547357 409.200000 -2.946463 0.314492
0.539928 0.547229 409.300000 -2.919916 0.215132
0.540825 0.547097 409.400000 -2.903982 0.102751
0.541704 0.546986 409.500000 -2.877423 0.427099
0.542535 0.546961 409.600000 -2.808756 0.942805
0.543290 0.547026 409.700000 -2.697428 1.278188
0.543958 0.547147 409.800000 -2.561062 1.442314
0.544528 0.547389 409.900000 -2.400796 1.754990
0.545001 0.547597 410.000000 -2.228861 1.675109
0.545395 0.547674 410.100000 -2.079079 1.313040
0.545702 0.548161 410.200000 -1.900202 2.255573
0.545914 0.548560 410.300000 -1.682327 2.091033
0.546047 0.548898 410.400000 -1.478877 1.967784
0.546117 0.549154 410.500000 -1.290600 1.788343
0.546134 0.549410 410.600000 -1.111221 1.790267
0.546106 0.549694 410.700000 -0.928611 1.852794
0.546045 0.549791 410.800000 -0.766693 1.377474
0.545959 0.549937 410.900000 -0.621670 1.515745
0.545855 0.549999 411.000000 -0.482029 1.270097
0.545737 0.550070 411.100000 -0.353360 1.296850
0.545610 0.550184 411.200000 -0.216841 1.426686
0.545478 0.550367 411.300000 -0.064340 1.615722
0.545347 0.550580 411.400000 0.101311 1.689014
0.545224 0.550905 411.500000 0.283315 1.941968
0.545118 0.551119 411.600000 0.465490 1.692412
0.545029 0.551101 411.700000 0.599452 0.980139
0.544958 0.551165 411.800000 0.712457 1.274296
0.544910 0.551189 411.900000 0.833596 1.142444
0.544876 0.551060 412.000000 0.900115 0.184592
0.544842 0.550932 412.100000 0.897862 -0.229520
0.544803 0.550805 412.200000 0.875435 -0.217908
0.544755 0.550718 412.300000 0.833292 -0.622841
0.544693 0.550673 412.400000 0.759160 -0.856097
0.544611 0.550806 412.500000 0.641964 -1.481972
0.544506 0.551059 412.600000 0.478187 -1.785379
0.544387 0.551164 412.700000 0.318406 -1.402245
0.544258 0.551317 412.800000 0.170967 -1.539163
0.544127 0.551428 412.900000 0.022562 -1.421525
0.543996 0.551479 413.000000 -0.110491 -1.232867
0.543871 0.551451 413.100000 -0.219129 -0.934475
0.543747 0.551320 413.200000 -0.257878 0.161440
0.543622 0.551193 413.300000 -0.238914 0.216891
0.543496 0.551077 413.400000 -0.208896 0.381979
0.543368 0.550959 413.500000 -0.172069 0.352714
0.543241 0.550849 413.600000 -0.176265 -0.436433
0.543118 0.550886 413.700000 -0.257604 -1.186273
0.543001 0.550817 413.800000 -0.353787 -0.732577
0.542892 0.550727 413.900000 -0.420418 -0.596718
0.542788 0.550623 414.000000 -0.474558 -0.483366
0.542689 0.550512 414.100000 -0.520186 -0.426925
0.542597 0.550414 414.200000 -0.568504 -0.537018
0.542514 0.550339 414.300000 -0.630295 -0.695703
0.542436 0.550207 414.400000 -0.661085 0.081429
0.542359 0.550082 414.500000 -0.669140 -0.242125
0.542290 0.549997 414.600000 -0.713004 -0.632951
0.542228 0.549868 414.700000 -0.753524 -0.175419
0.542166 0.549736 414.800000 -0.759466 0.056862
0.542102 0.549617 414.900000 -0.740191 0.327686
0.542034 0.549484 415.000000 -0.723306 0.009171
0.541973 0.549409 415.100000 -0.757217 -0.685704
0.541927 0.549386 415.200000 -0.839404 -0.953927
0.541903 0.549385 415.300000 -0.939639 -1.045756
0.541906 0.549438 415.400000 -1.054191 -1.239559
0.541940 0.549431 415.500000 -1.167503 -1.021009
0.542001 0.549392 415.600000 -1.262840 -0.880967
0.542093 0.549384 415.700000 -1.357832 -1.014115
0.542221 0.549408 415.800000 -1.465806 -1.139985
0.542374 0.549286 415.900000 -1.537769 -0.295667
0.542527 0.549169 416.000000 -1.535238 0.346166
0.542666 0.549057 416.100000 -1.497472 0.407260
0.542777 0.549093 416.200000 -1.417796 1.182271
0.542853 0.549073 416.300000 -1.310069 0.966891
0.542897 0.549104 416.400000 -1.203327 1.162613
0.542914 0.549035 416.500000 -1.108646 0.726266
0.542909 0.549019 416.600000 -1.023070 0.980982
0.542879 0.549073 416.700000 -0.911448 1.245876
0.542821 0.549195 416.800000 -0.776190 1.452519
0.542737 0.549369 416.900000 -0.623335 1.596940
0.542631 0.549664 417.000000 -0.448707 1.886880
0.542512 0.549670 417.100000 -0.300297 1.073898
0.542385 0.549806 417.200000 -0.171589 1.493841
0.542255 0.549875 417.300000 -0.031849 1.293964
0.542127 0.549934 417.400000 0.096374 1.264084
0.542001 0.549813 417.500000 0.174340 0.291337
0.541877 0.549736 417.600000 0.222969 0.678807
0.541757 0.549657 417.700000 0.290010 0.658668
0.541641 0.549543 417.800000 0.342575 0.390003
0.541531 0.549483 417.900000 0.400782 0.771237
0.541431 0.549508 418.000000 0.496754 1.143394
0.541347 0.549548 418.100000 0.614009 1.195840
0.541282 0.549604 418.200000 0.736843 1.254709
0.541240 0.549610 418.300000 0.853356 1.069709
0.541217 0.549552 418.400000 0.946232 0.783176
0.541210 0.549449 418.500000 1.010216 0.493294
0.541204 0.549334 418.600000 1.016700 -0.363918
0.541187 0.549249 418.700000 0.967262 -0.622373
0.541164 0.549123 418.800000 0.946005 0.198291
0.541137 0.549042 418.900000 0.923338 -0.650497
0.541097 0.548948 419.000000 0.862728 -0.558679
0.541045 0.548859 419.100000 0.805119 -0.590608
0.540983 0.548760 419.200000 0.749512 -0.518763
0.540912 0.548658 419.300000 0.698839 -0.492150
0.540831 0.548604 419.400000 0.634020 -0.801005
0.540740 0.548512 419.500000 0.565176 -0.572420
0.540643 0.548400 419.600000 0.516842 -0.391846
0.540541 0.548308 419.700000 0.468472 -0.573147
0.540432 0.548223 419.800000 0.408825 -0.616808
0.540319 0.548098 419.900000 0.367489 -0.207829
0.540204 0.547997 420.000000 0.331879 -0.502611
0.540086 0.547867 420.100000 0.308724 0.040679
0.539969 0.547737 420.200000 0.307188 -0.071319
0.539853 0.547632 420.300000 0.326391 0.454424
0.539744 0.547616 420.400000 0.398365 0.981457
0.539643 0.547548 420.500000 0.483901 0.724984
0.539553 0.547507 420.600000 0.563613 0.865258
0.539477 0.547521 420.700000 0.662253 1.102620
0.539416 0.547449 420.800000 0.752612 0.700028
0.539359 0.547327 420.900000 0.775264 -0.248119
0.539298 0.547203 421.000000 0.751369 -0.228578
0.539235 0.547073 421.100000 0.738550 -0.027163
0.539175 0.546962 421.200000 0.757315 0.401531
0.539120 0.546837 421.300000 0.786942 0.189518
0.539073 0.546748 421.400000 0.825960 0.588885
0.539031 0.546620 421.500000 0.850052 -0.108242
0.538993 0.546522 421.600000 0.870422 0.514616
0.538960 0.546393 421.700000 0.893125 -0.061688
0.538931 0.546292 421.800000 0.914893 0.495957
0.538913 0.546184 421.900000 0.960879 0.421475
0.538905 0.546076 422.000000 1.003454 0.427892
0.538913 0.546055 422.100000 1.072716 0.953880
0.538946 0.546010 422.200000 1.162924 0.845774
0.539004 0.545987 422.300000 1.252705 0.945362
0.539092 0.545971 422.400000 1.349288 0.981457
0.539211 0.545935 422.500000 1.442819 0.884492
0.539369 0.546025 422.600000 1.555444 1.362389
0.539567 0.545956 422.700000 1.659455 0.712617
0.539793 0.545876 422.800000 1.727529 0.645474
0.540041 0.545772 422.900000 1.782850 0.458178
0.540304 0.545651 423.000000 1.818719 0.257404
0.540587 0.545569 423.100000 1.863367 0.633327
0.540893 0.545462 423.200000 1.916814 0.432934
0.541228 0.545416 423.300000 1.980424 0.836083
0.541597 0.545328 423.400000 2.051717 0.586224
0.541980 0.545199 423.500000 2.079040 -0.041138
0.542348 0.545102 423.600000 2.051329 -0.511699
0.542699 0.544980 423.700000 2.013703 -0.238941
0.543028 0.544903 423.800000 1.968502 -0.662815
0.543307 0.545048 423.900000 1.858972 -1.522300
0.543536 0.545004 424.000000 1.740167 -0.847862
0.543734 0.544931 424.100000 1.663152 -0.688601
0.543893 0.545025 424.200000 1.559854 -1.372182
0.544009 0.545017 424.300000 1.440413 -1.010677
0.544091 0.545029 424.400000 1.335067 -1.090972
0.544133 0.545181 424.500000 1.203045 -1.542858
0.544143 0.545135 424.600000 1.083725 -0.837582
0.544132 0.545109 424.700000 0.994847 -0.935535
0.544108 0.544984 424.800000 0.940316 -0.152368
0.544073 0.544945 424.900000 0.889022 -0.870944
0.544015 0.545056 425.000000 0.773893 -1.425876
0.543940 0.544971 425.100000 0.672133 -0.604236
0.543854 0.544942 425.200000 0.595729 -0.920034
0.543757 0.544874 425.300000 0.513851 -0.713423
0.543652 0.544825 425.400000 0.436941 -0.820923
0.543542 0.544702 425.500000 0.384996 -0.215393
0.543428 0.544615 425.600000 0.344720 -0.588102
0.543309 0.544558 425.700000 0.276209 -0.778704
0.543188 0.544434 425.800000 0.228685 -0.169388
0.543064 0.544351 425.900000 0.189165 -0.619043
0.542938 0.544572 426.000000 0.071702 -1.724335
0.542811 0.544817 426.100000 -0.104100 -1.782913
0.542692 0.544902 426.200000 -0.260960 -1.346451
0.542583 0.544962 426.300000 -0.391915 -1.266111
0.542488 0.545056 426.400000 -0.524344 -1.375842
0.542408 0.545023 426.500000 -0.638174 -0.895061
0.542350 0.545212 426.600000 -0.765473 -1.644554
0.542325 0.545442 426.700000 -0.935531 -1.748102
0.542345 0.545732 426.800000 -1.117855 -1.889263
0.542407 0.545770 426.900000 -1.272072 -1.187369
0.542515 0.545984 427.000000 -1.417307 -1.710061
0.542672 0.545990 427.100000 -1.556649 -1.069820
0.542855 0.545878 427.200000 -1.628823 -0.370054
0.543046 0.545751 427.300000 -1.647666 -0.005857
0.543237 0.545623 427.400000 -1.649631 -0.033355
0.543426 0.545499 427.500000 -1.642596 0.173703
0.543603 0.545392 427.600000 -1.612855 0.419633
0.543756 0.545350 427.700000 -1.548947 0.855339
0.543878 0.545322 427.800000 -1.459860 0.921939
0.543967 0.545323 427.900000 -1.361050 1.049314
0.544021 0.545384 428.000000 -1.244799 1.269907
0.544050 0.545285 428.100000 -1.156472 0.492207
0.544065 0.545204 428.200000 -1.100353 0.627372
0.544060 0.545182 428.300000 -1.021342 0.948903
0.544030 0.545216 428.400000 -0.914809 1.176414
0.543970 0.545533 428.500000 -0.758051 1.950913
0.543883 0.545700 428.600000 -0.580571 1.589827
0.543777 0.545867 428.700000 -0.421220 1.589214
0.543659 0.545946 428.800000 -0.274931 1.329257
0.543535 0.545956 428.900000 -0.153897 1.085375
0.543408 0.546024 429.000000 -0.034673 1.293147
0.543282 0.546003 429.100000 0.078022 0.955112
0.543160 0.546081 429.200000 0.192419 1.327103
0.543043 0.545982 429.300000 0.283451 0.488987
0.542927 0.545855 429.400000 0.306116 -0.036813
0.542813 0.545734 429.500000 0.316057 0.235129
0.542698 0.545610 429.600000 0.319187 -0.172696
0.542582 0.545491 429.700000 0.297480 -0.260344
0.542465 0.545368 429.800000 0.275675 -0.174663
0.542346 0.545244 429.900000 0.259588 -0.146275
0.542227 0.545126 430.000000 0.237867 -0.287061
0.542106 0.545002 430.100000 0.216004 -0.149106
0.541986 0.544878 430.200000 0.216324 0.155494
0.541867 0.544772 430.300000 0.245222 0.421013
0.541750 0.544664 430.400000 0.285990 0.392316
0.541638 0.544580 430.500000 0.335931 0.604000
0.541530 0.544505 430.600000 0.399516 0.664512
0.541427 0.544380 430.700000 0.439162 0.126434
0.541322 0.544286 430.800000 0.419007 -0.528522
0.541210 0.544270 430.900000 0.343683 -0.974194
0.541091 0.544305 431.000000 0.235684 -1.180387
0.540967 0.544343 431.100000 0.116824 -1.190876
0.540842 0.544337 431.200000 0.006190 -1.016260
0.540717 0.544239 431.300000 -0.069545 -0.494653
0.540594 0.544235 431.400000 -0.145858 -1.027795
0.540477 0.544342 431.500000 -0.268466 -1.418237
0.540374 0.544693 431.600000 -0.441263 -2.029057
0.540289 0.544662 431.700000 -0.588452 -0.907371
0.540221 0.544733 431.800000 -0.699262 -1.303287
0.540176 0.544816 431.900000 -0.831948 -1.343808
0.540158 0.544861 432.000000 -0.960327 -1.217343
0.540173 0.545046 432.100000 -1.103539 -1.639750
0.540236 0.545273 432.200000 -1.273300 -1.746973
0.540351 0.545436 432.300000 -1.440187 -1.582423
0.540514 0.545469 432.400000 -1.578293 -1.172794
0.540735 0.545749 432.500000 -1.731013 -1.873974
0.541037 0.546059 432.600000 -1.922306 -1.942311
0.541428 0.546330 432.700000 -2.112589 -1.853839
0.541910 0.546546 432.800000 -2.291869 -1.722792
0.542465 0.546529 432.900000 -2.426970 -0.972466
0.543045 0.546404 433.000000 -2.471808 0.077946
0.543625 0.546279 433.100000 -2.473078 -0.103298
0.544188 0.546214 433.200000 -2.441743 0.728438
0.544673 0.546581 433.300000 -2.301589 2.067636
0.545065 0.546756 433.400000 -2.116975 1.615405
0.545385 0.546849 433.500000 -1.966972 1.377164
0.545638 0.547052 433.600000 -1.813240 1.689791
0.545834 0.547086 433.700000 -1.669413 1.179547
0.545985 0.547120 433.800000 -1.551191 1.178997
0.546106 0.547037 433.900000 -1.461514 0.610042
0.546189 0.547218 434.000000 -1.349176 1.631104
0.546228 0.547343 434.100000 -1.193305 1.478530
0.546224 0.547570 434.200000 -1.031411 1.751249
0.546185 0.547729 434.300000 -0.864760 1.573441
0.546117 0.547865 434.400000 -0.710326 1.507511
0.546031 0.547837 434.500000 -0.588415 0.924620
0.545941 0.547718 434.600000 -0.554870 -0.255401
0.545852 0.547592 434.700000 -0.566760 0.018209
0.545762 0.547473 434.800000 -0.554236 0.231639
0.545669 0.547351 434.900000 -0.532628 0.199447
0.545578 0.547249 435.000000 -0.545107 -0.448415
0.545497 0.547244 435.100000 -0.619037 -1.026492
0.545424 0.547119 435.200000 -0.674041 -0.070838
0.545354 0.547007 435.300000 -0.695040 -0.348084
0.545283 0.546913 435.400000 -0.686276 0.522926
0.545205 0.546796 435.500000 -0.646292 0.274757
0.545126 0.546671 435.600000 -0.628343 0.083316
0.545043 0.546560 435.700000 -0.606721 0.348053
0.544953 0.546486 435.800000 -0.555778 0.668254
0.544855 0.546415 435.900000 -0.487730 0.689307
0.544754 0.546290 436.000000 -0.451791 0.027674
0.544651 0.546176 436.100000 -0.434547 0.316342
0.544545 0.546052 436.200000 -0.413598 0.101599
0.544440 0.545928 436.300000 -0.412718 -0.084053
0.544335 0.545803 436.400000 -0.412276 0.092868
0.544230 0.545681 436.500000 -0.414573 -0.138692
0.544127 0.545565 436.600000 -0.435491 -0.278610
0.544025 0.545442 436.700000 -0.442486 0.139051
0.543920 0.545343 436.800000 -0.411813 0.472878
0.543810 0.545269 436.900000 -0.354600 0.668523
0.543697 0.545145 437.000000 -0.316521 0.091156
0.543582 0.545047 437.100000 -0.287982 0.478204
0.543466 0.544923 437.200000 -0.268537 -0.090290
0.543351 0.544816 437.300000 -0.292760 -0.392942
0.543242 0.544798 437.400000 -0.360834 -0.965141
0.543139 0.544702 437.500000 -0.434205 -0.498613
0.543038 0.544587 437.600000 -0.444566 0.291917
0.542936 0.544471 437.700000 -0.443124 -0.263151
0.542837 0.544353 437.800000 -0.468029 -0.233709
0.542742 0.544252 437.900000 -0.502569 -0.455364
0.542650 0.544128 438.000000 -0.529272 -0.077362
0.542559 0.544004 438.100000 -0.535228 -0.041465
0.542468 0.543881 438.200000 -0.535146 0.043115
0.542375 0.543769 438.300000 -0.516628 0.326318
0.542280 0.543647 438.400000 -0.507637 -0.146961
0.542191 0.543563 438.500000 -0.544796 -0.594349
0.542109 0.543481 438.600000 -0.604999 -0.606696
0.542036 0.543401 438.700000 -0.666314 -0.616541
0.541967 0.543277 438.800000 -0.696025 0.023791
0.541898 0.543157 438.900000 -0.685679 0.182626
0.541825 0.543037 439.000000 -0.667366 0.182707
0.541750 0.542914 439.100000 -0.655675 0.050541
0.541676 0.542790 439.200000 -0.652016 0.022444
0.541602 0.542670 439.300000 -0.659324 -0.168238
0.541529 0.542547 439.400000 -0.665177 0.051469
0.541461 0.542482 439.500000 -0.698469 -0.715643
0.541400 0.542359 439.600000 -0.736166 -0.036417
0.541335 0.542253 439.700000 -0.718289 0.393074
0.541263 0.542169 439.800000 -0.669121 0.587835
0.541181 0.542110 439.900000 -0.601907 0.753070
0.541093 0.541989 440.000000 -0.557252 0.137799
0.541002 0.541901 440.100000 -0.522527 0.554964
0.540906 0.541779 440.200000 -0.489861 0.096733
0.540809 0.541657 440.300000 -0.478940 0.121128
0.540713 0.541543 440.400000 -0.486650 -0.274939
0.540626 0.541572 440.500000 -0.558331 -1.155102
0.540560 0.541803 440.600000 -0.704805 -1.767042
0.540523 0.541963 440.700000 -0.872596 -1.580387
0.540513 0.541926 440.800000 -0.995410 -0.869761
0.540525 0.541913 440.900000 -1.088235 -0.982093
0.540561 0.541881 441.000000 -1.182528 -0.899052
0.540620 0.541827 441.100000 -1.266493 -0.776049
0.540699 0.541738 441.200000 -1.332915 -0.549078
0.540785 0.541616 441.300000 -1.358705 0.034584
0.540867 0.541504 441.400000 -1.341433 0.309982
0.540951 0.541413 441.500000 -1.352568 -0.532115
0.541057 0.541369 441.600000 -1.420821 -0.829542
0.541190 0.541312 441.700000 -1.500790 -0.765834
0.541341 0.541202 441.800000 -1.555350 -0.322641
0.541503 0.541089 441.900000 -1.586149 -0.291786
0.541677 0.540982 442.000000 -1.619138 -0.366361
0.541861 0.540862 442.100000 -1.645067 -0.150911
0.542047 0.540740 442.200000 -1.651778 0.017026
0.542235 0.540620 442.300000 -1.658031 -0.141775
0.542430 0.540504 442.400000 -1.676937 -0.235396
0.542624 0.540390 442.500000 -1.674943 0.275167
0.542817 0.540271 442.600000 -1.669175 -0.160086
0.543007 0.540156 442.700000 -1.664826 0.246852
0.543183 0.540062 442.800000 -1.627638 0.495046
0.543348 0.539943 442.900000 -1.594539 0.165281
0.543511 0.539822 443.000000 -1.590508 -0.084864
0.543683 0.539721 443.100000 -1.616488 -0.433451
0.543865 0.539602 443.200000 -1.645266 -0.140669
0.544040 0.539516 443.300000 -1.623927 0.566397
0.544196 0.539422 443.400000 -1.570926 0.490970
0.544321 0.539479 443.500000 -1.483111 1.260931
0.544397 0.539732 443.600000 -1.328540 1.822756
0.544420 0.540077 443.700000 -1.135162 2.035142
0.544397 0.540338 443.800000 -0.940757 1.843244
0.544344 0.540386 443.900000 -0.786894 1.226308
0.544268 0.540574 444.000000 -0.642281 1.658733
0.544173 0.540612 444.100000 -0.499442 1.190906
0.544066 0.540695 444.200000 -0.372184 1.347897
0.543951 0.540749 444.300000 -0.242004 1.249181
0.543830 0.540685 444.400000 -0.143270 0.720568
0.543710 0.540568 444.500000 -0.116634 -0.189176
0.543588 0.540509 444.600000 -0.088586 0.748728
0.543466 0.540546 444.700000 0.008398 1.186105
0.543346 0.540641 444.800000 0.137412 1.387728
0.543233 0.540804 444.900000 0.286779 1.592144
0.543131 0.540819 445.000000 0.421803 1.101575
0.543041 0.540848 445.100000 0.535143 1.159555
0.542963 0.540768 445.200000 0.623418 0.601542
0.542892 0.540668 445.300000 0.675862 0.444721
0.542827 0.540553 445.400000 0.709434 0.225032
0.542760 0.540448 445.500000 0.701248 -0.388343
0.542695 0.540359 445.600000 0.708471 0.532440
0.542642 0.540347 445.700000 0.784651 0.987362
0.542601 0.540233 445.800000 0.846668 0.249868
0.542565 0.540125 445.900000 0.876330 0.341897
0.542534 0.540005 446.000000 0.898243 0.095269
0.542500 0.539900 446.100000 0.883642 -0.386560
0.542457 0.539812 446.200000 0.837361 -0.536752
0.542400 0.539799 446.300000 0.761129 -0.984072
0.542325 0.539912 446.400000 0.639405 -1.444326
0.542232 0.539977 446.500000 0.502369 -1.289540
0.542127 0.539948 446.600000 0.392374 -0.904861
0.542018 0.539838 446.700000 0.331277 -0.314027
0.541909 0.539722 446.800000 0.325470 0.198176
0.541799 0.539619 446.900000 0.315392 -0.399231
0.541684 0.539610 447.000000 0.245298 -0.999135
0.541565 0.539763 447.100000 0.116795 -1.564518
0.541444 0.539975 447.200000 -0.048072 -1.724579
0.541328 0.540146 447.300000 -0.215485 -1.615298
0.541223 0.540295 447.400000 -0.374323 -1.553519
0.541133 0.540426 447.500000 -0.527548 -1.503333
0.541066 0.540701 447.600000 -0.697281 -1.882824
0.541042 0.541443 447.700000 -0.930990 -2.779671
0.541080 0.541966 447.800000 -1.190652 -2.400591
0.541176 0.542162 447.900000 -1.395492 -1.685974
0.541314 0.542116 448.000000 -1.521178 -0.821468
0.541471 0.542007 448.100000 -1.578279 -0.317694
0.541632 0.541887 448.200000 -1.589054 0.102737
0.541789 0.541767 448.300000 -1.579894 0.079996
0.541932 0.541716 448.400000 -1.536186 0.791991
0.542047 0.541673 448.500000 -1.454740 0.832856
0.542138 0.541596 448.600000 -1.381426 0.629750
0.542204 0.541619 448.700000 -1.292924 1.135866
0.542233 0.541749 448.800000 -1.160872 1.498580
0.542231 0.541767 448.900000 -1.029727 1.117753
0.542209 0.541688 449.000000 -0.943161 0.609241
0.542172 0.541653 449.100000 -0.868656 0.877146
0.542111 0.541912 449.200000 -0.732146 1.846214
0.542024 0.542179 449.300000 -0.545976 1.867889
0.541917 0.542527 449.400000 -0.349455 2.052691
0.541798 0.542941 449.500000 -0.136731 2.191160
0.541678 0.543076 449.600000 0.049146 1.517091
0.541563 0.543383 449.700000 0.223540 1.962069
0.541462 0.543659 449.800000 0.416567 1.888819
0.541383 0.543998 449.900000 0.613297 2.035934
0.541337 0.544335 450.000000 0.817056 2.029076
0.541325 0.544407 450.100000 0.984809 1.317594
0.541338 0.544375 450.200000 1.095746 0.895598
0.541375 0.544356 450.300000 1.188725 0.959321
0.541448 0.544538 450.400000 1.319594 1.651521
0.541571 0.544682 450.500000 1.479809 1.544765
0.541739 0.544692 450.600000 1.611755 1.087561
0.541943 0.544656 450.700000 1.709985 0.872126
0.542171 0.544552 450.800000 1.773475 0.394499
0.542428 0.544546 450.900000 1.844211 1.016676
0.542722 0.544492 451.000000 1.933973 0.774079
0.543054 0.544468 451.100000 2.019650 0.935185
0.543418 0.544373 451.200000 2.090321 0.474688
0.543785 0.544265 451.300000 2.097200 -0.337436
0.544135 0.544159 451.400000 2.061722 -0.370358
0.544456 0.544138 451.500000 1.995712 -0.946533
0.544727 0.544205 451.600000 1.883002 -1.302041
0.544961 0.544124 451.700000 1.787928 -0.594683
0.545168 0.544064 451.800000 1.720854 -0.743454
0.545344 0.544034 451.900000 1.638412 -0.901260
0.545487 0.544024 452.000000 1.543105 -1.000112
0.545604 0.543935 452.100000 1.466239 -0.533359
0.545707 0.543829 452.200000 1.421977 -0.349668
0.545803 0.543710 452.300000 1.399411 -0.100519
0.545896 0.543590 452.400000 1.390755 -0.072168
0.545995 0.543494 452.500000 1.410774 0.471540
0.546111 0.543409 452.600000 1.462635 0.563084
0.546232 0.543295 452.700000 1.479923 -0.218187
0.546339 0.543219 452.800000 1.437298 -0.632178
0.546424 0.543170 452.900000 1.365368 -0.802836
0.546484 0.543157 453.000000 1.275887 -0.982293
0.546520 0.543087 453.100000 1.192683 -0.677633
0.546543 0.542979 453.200000 1.142886 -0.315821
0.546558 0.542874 453.300000 1.108769 -0.364804
0.546564 0.542773 453.400000 1.069564 -0.417347
0.546559 0.542678 453.500000 1.024777 -0.476148
0.546544 0.542589 453.600000 0.974839 -0.520116
0.546516 0.542514 453.700000 0.916796 -0.637843
0.546478 0.542405 453.800000 0.868935 -0.316981
0.546440 0.542288 453.900000 0.860279 0.144284
0.546407 0.542197 454.000000 0.892895 0.506406
0.546386 0.542117 454.100000 0.948185 0.596638
0.546376 0.542023 454.200000 1.002304 0.483043
0.546375 0.541914 454.300000 1.041505 0.299008
0.546369 0.541857 454.400000 1.018687 -0.754224
0.546339 0.541993 454.500000 0.904620 -1.521423
0.546287 0.541941 454.600000 0.788973 -0.785729
0.546223 0.541878 454.700000 0.713704 -0.715877
0.546145 0.541918 454.800000 0.617610 -1.201216
0.546052 0.541950 454.900000 0.498561 -1.173805
0.545949 0.541942 455.000000 0.389436 -1.003237
0.545838 0.541953 455.100000 0.284636 -1.087521
0.545722 0.541872 455.200000 0.200254 -0.595894
0.545605 0.541813 455.300000 0.133490 -0.736057
0.545485 0.541718 455.400000 0.073359 -0.463561
0.545366 0.541599 455.500000 0.049778 -0.006869
0.545246 0.541561 455.600000 0.006460 -0.857326
0.545128 0.541633 455.700000 -0.102719 -1.320810
0.545013 0.541616 455.800000 -0.217196 -0.963005
0.544907 0.541772 455.900000 -0.344787 -1.582418
0.544813 0.541822 456.000000 -0.486421 -1.243192
0.544735 0.541860 456.100000 -0.608702 -1.196320
0.544667 0.541759 456.200000 -0.688592 -0.397483
0.544604 0.541645 456.300000 -0.718456 -0.198303
0.544540 0.541548 456.400000 -0.705783 0.451140
0.544465 0.541503 456.500000 -0.642269 0.815961
0.544379 0.541528 456.600000 -0.543960 1.145303
0.544277 0.541736 456.700000 -0.399866 1.729368
0.544163 0.542028 456.800000 -0.216128 1.936204
0.544044 0.542369 456.900000 -0.016404 2.048293
0.543927 0.542394 457.000000 0.143885 1.149470
0.543814 0.542334 457.100000 0.238207 0.732247
0.543706 0.542272 457.200000 0.310760 0.715194
0.543602 0.542169 457.300000 0.365497 0.376806
0.543500 0.542057 457.400000 0.396525 0.242215
0.543401 0.541947 457.500000 0.422935 0.284663
0.543307 0.541890 457.600000 0.474786 0.749762
0.543217 0.541773 457.700000 0.518388 0.120088
0.543129 0.541655 457.800000 0.525141 0.014649
0.543041 0.541537 457.900000 0.527169 0.025803
0.542952 0.541422 458.000000 0.519563 -0.177548
0.542856 0.541428 458.100000 0.457135 -1.067878
0.542750 0.541490 458.200000 0.339235 -1.284234
0.542635 0.541721 458.300000 0.185181 -1.789135
0.542517 0.542153 458.400000 -0.017106 -2.246494
0.542405 0.542497 458.500000 -0.232908 -2.058756
0.542308 0.542905 458.600000 -0.446208 -2.196581
0.542234 0.543053 458.700000 -0.634706 -1.563966
0.542186 0.543271 458.800000 -0.801116 -1.755909
0.542169 0.543413 458.900000 -0.966700 -1.547485
0.542181 0.543393 459.000000 -1.091776 -0.947788
0.542216 0.543370 459.100000 -1.186398 -0.939909
0.542270 0.543272 459.200000 -1.254885 -0.426408
0.542325 0.543162 459.300000 -1.262607 0.272356
0.542380 0.543049 459.400000 -1.259670 -0.213762
0.542433 0.542942 459.500000 -1.254315 0.320584
0.542480 0.542825 459.600000 -1.232758 0.109473
0.542529 0.542714 459.700000 -1.240578 -0.265465
0.542586 0.542604 459.800000 -1.267453 -0.270700
0.542646 0.542486 459.900000 -1.280132 0.017751
0.542694 0.542453 460.000000 -1.235099 0.880661
0.542714 0.542528 460.100000 -1.124198 1.331821
0.542704 0.542558 460.200000 -0.998856 1.168747
0.542673 0.542527 460.300000 -0.895450 0.894199
0.542633 0.542411 460.400000 -0.845398 0.104331
0.542595 0.542304 460.500000 -0.856228 -0.320374
0.542560 0.542187 460.600000 -0.875522 -0.064542
0.542525 0.542072 460.700000 -0.870379 0.167127
0.542490 0.541962 460.800000 -0.875538 -0.270032
0.542455 0.541856 460.900000 -0.873000 0.320649
0.542412 0.541768 461.000000 -0.830537 0.526496
0.542357 0.541749 461.100000 -0.756562 0.949309
0.542285 0.541794 461.200000 -0.647596 1.224557
0.542199 0.541770 461.300000 -0.539686 0.928254
0.542099 0.541938 461.400000 -0.411812 1.622837
0.541989 0.542103 461.500000 -0.249521 1.614867
0.541872 0.542583 461.600000 -0.050797 2.349663
0.541757 0.542772 461.700000 0.151266 1.681498
0.541650 0.542908 461.800000 0.312279 1.530716
0.541559 0.543282 461.900000 0.495831 2.131147
0.541494 0.543508 462.000000 0.691925 1.780926
0.541450 0.543453 462.100000 0.819512 0.764435
0.541414 0.543342 462.200000 0.869707 0.236950
0.541384 0.543236 462.300000 0.897925 0.325996
0.541359 0.543120 462.400000 0.920300 0.120393
0.541335 0.543002 462.500000 0.926746 0.008193
0.541312 0.542886 462.600000 0.932199 0.100599
0.541287 0.542774 462.700000 0.926205 -0.220175
0.541261 0.542657 462.800000 0.915409 0.004793
0.541232 0.542548 462.900000 0.901312 -0.286021
0.541191 0.542521 463.000000 0.841282 -0.911571
0.541138 0.542438 463.100000 0.767570 -0.559000
0.541077 0.542338 463.200000 0.719404 -0.401899
0.541010 0.542243 463.300000 0.676397 -0.456100
0.540934 0.542194 463.400000 0.613722 -0.794268
0.540849 0.542114 463.500000 0.544931 -0.578101
0.540759 0.542015 463.600000 0.495415 -0.409752
0.540661 0.542055 463.700000 0.414286 -1.208766
0.540552 0.542261 463.800000 0.267003 -1.729524
0.540437 0.542332 463.900000 0.114153 -1.319842
0.540320 0.542390 464.000000 -0.015955 -1.275818
0.540206 0.542418 464.100000 -0.137919 -1.157365
0.540096 0.542414 464.200000 -0.247285 -1.024479
0.539992 0.542353 464.300000 -0.334838 -0.722210
0.539892 0.542249 464.400000 -0.388394 -0.346225
0.539797 0.542202 464.500000 -0.446012 -0.803254
0.539711 0.542175 464.600000 -0.531967 -0.911543
0.539634 0.542085 464.700000 -0.602742 -0.500430
0.539558 0.541991 464.800000 -0.604791 0.459562
0.539474 0.541919 464.900000 -0.549558 0.642330
0.539387 0.541803 465.000000 -0.517344 0.000331
0.539300 0.541686 465.100000 -0.520006 -0.053422
0.539213 0.541571 465.200000 -0.519057 0.072352
0.539122 0.541504 465.300000 -0.481469 0.677529
0.539025 0.541416 465.400000 -0.421551 0.517829
0.538927 0.541305 465.500000 -0.406876 -0.225057
0.538830 0.541193 465.600000 -0.408966 0.183358
0.538735 0.541143 465.700000 -0.439204 -0.786602
0.538649 0.541130 465.800000 -0.527863 -0.982157
0.538573 0.541053 465.900000 -0.607328 -0.603169
0.538509 0.541067 466.000000 -0.692707 -1.100137
0.538460 0.541014 466.100000 -0.786395 -0.768936
0.538421 0.540921 466.200000 -0.848233 -0.464744
0.538388 0.540807 466.300000 -0.878162 -0.132324
0.538351 0.540740 466.400000 -0.851080 0.672596
0.538300 0.540692 466.500000 -0.777443 0.796459
0.538234 0.540732 466.600000 -0.677062 1.206150
0.538152 0.540770 466.700000 -0.556416 1.200749
0.538056 0.540855 466.800000 -0.427600 1.369120
0.537947 0.541431 466.900000 -0.231568 2.541723
0.537831 0.541745 467.000000 -0.003736 2.003511
0.537721 0.542143 467.100000 0.206558 2.191864
0.537623 0.542348 467.200000 0.403242 1.731981
0.537546 0.542689 467.300000 0.593658 2.066824
0.537502 0.543146 467.400000 0.813275 2.314526
0.537505 0.543669 467.500000 1.051843 2.444907
0.537571 0.544244 467.600000 1.301868 2.543105
0.537702 0.544444 467.700000 1.515594 1.720721
0.537895 0.544731 467.800000 1.699165 1.941512
0.538168 0.545110 467.900000 1.904411 2.153151
0.538535 0.545515 468.000000 2.123117 2.210031
0.539008 0.545956 468.100000 2.348425 2.284861
0.539621 0.546773 468.200000 2.611167 2.956856
0.540403 0.547479 468.300000 2.898535 2.776131
0.541325 0.547638 468.400000 3.118326 1.608706
0.542351 0.547736 468.500000 3.270113 1.419436
0.543461 0.547722 468.600000 3.390494 0.982166
0.544647 0.547724 468.700000 3.492679 1.056420
0.545886 0.547623 468.800000 3.564770 0.381810
0.547149 0.547515 468.900000 3.597961 0.280342
0.548425 0.547398 469.000000 3.614195 0.043519
0.549698 0.547283 469.100000 3.611154 -0.104181
0.550924 0.547291 469.200000 3.551728 -1.081360
0.552057 0.547392 469.300000 3.425827 -1.430377
0.553113 0.547325 469.400000 3.319908 -0.682704
0.554115 0.547291 469.500000 3.241698 -0.877586
0.555052 0.547277 469.600000 3.148411 -0.983479
0.555907 0.547399 469.700000 3.024058 -1.497369
0.556669 0.547505 469.800000 2.876461 -1.447193
0.557339 0.547674 469.900000 2.721886 -1.636584
0.557916 0.547848 470.000000 2.557066 -1.651582
0.558393 0.548213 470.100000 2.367579 -2.128669
0.558765 0.548639 470.200000 2.147682 -2.258287
0.559040 0.549013 470.300000 1.926748 -2.149350
0.559260 0.548951 470.400000 1.782982 -0.718780
0.559458 0.548849 470.500000 1.728312 -0.371873
0.559643 0.548747 470.600000 1.691322 -0.366079
0.559819 0.548632 470.700000 1.666841 -0.122314
0.559985 0.548538 470.800000 1.637594 -0.461173
0.560132 0.548467 470.900000 1.581630 -0.655303
0.560248 0.548507 471.000000 1.487955 -1.213521
0.560329 0.548514 471.100000 1.373064 -1.078556
0.560388 0.548424 471.200000 1.293952 -0.499723
0.560433 0.548336 471.300000 1.243141 -0.513966
0.560467 0.548230 471.400000 1.201229 -0.322169
0.560496 0.548115 471.500000 1.182153 -0.058399
0.560514 0.548075 471.600000 1.136733 -0.847718
0.560516 0.547997 471.700000 1.064002 -0.603279
0.560502 0.547938 471.800000 0.996950 -0.734396
0.560476 0.547850 471.900000 0.934137 -0.518725
0.560436 0.547810 472.000000 0.865867 -0.843273
0.560378 0.547900 472.100000 0.753624 -1.395975
0.560297 0.548117 472.200000 0.594807 -1.772412
0.560199 0.548172 472.300000 0.442102 -1.274059
0.560091 0.548226 472.400000 0.314739 -1.266834
0.559976 0.548258 472.500000 0.191982 -1.182161
0.559858 0.548325 472.600000 0.066834 -1.314544
0.559740 0.548525 472.700000 -0.085763 -1.729766
0.559628 0.548629 472.800000 -0.244660 -1.440231
0.559525 0.548678 472.900000 -0.379648 -1.252791
0.559437 0.548878 473.000000 -0.529034 -1.727450
0.559368 0.548955 473.100000 -0.683405 -1.352247
0.559316 0.548913 473.200000 -0.793123 -0.836628
0.559277 0.548835 473.300000 -0.865261 -0.602525
0.559253 0.548824 473.400000 -0.945367 -0.995600
0.559244 0.548727 473.500000 -1.016568 -0.424851
0.559244 0.548624 473.600000 -1.055089 -0.343634
0.559252 0.548530 473.700000 -1.095044 -0.453481
0.559268 0.548416 473.800000 -1.124566 -0.135482
0.559280 0.548320 473.900000 -1.109912 0.427825
0.559270 0.548426 474.000000 -1.015735 1.451022
0.559228 0.548694 474.100000 -0.847363 1.907984
0.559154 0.549044 474.200000 -0.646455 2.100138
0.559057 0.549343 474.300000 -0.441729 1.984149
0.558946 0.549616 474.400000 -0.245990 1.920840
0.558828 0.550078 474.500000 -0.032336 2.341558
0.558714 0.550488 474.600000 0.197121 2.236109
0.558614 0.550720 474.700000 0.400307 1.817449
0.558529 0.550824 474.800000 0.563831 1.444864
0.558463 0.550880 474.900000 0.700348 1.278645
0.558422 0.551059 475.000000 0.848357 1.674140
0.558410 0.551146 475.100000 1.001772 1.386485
0.558425 0.551144 475.200000 1.123479 1.041571
0.558462 0.551085 475.300000 1.212688 0.738135
0.558511 0.550971 475.400000 1.257022 0.146337
0.558560 0.550857 475.500000 1.257979 -0.127238
0.558602 0.550756 475.600000 1.233136 -0.368387
0.558626 0.550774 475.700000 1.158028 -1.130015
0.558622 0.550822 475.800000 1.038888 -1.246829
0.558597 0.550764 475.900000 0.939244 -0.741073
0.558557 0.550736 476.000000 0.856143 -0.916792
0.558501 0.550703 476.100000 0.765922 -0.883110
0.558436 0.550598 476.200000 0.705437 -0.323567
0.558365 0.550509 476.300000 0.664021 -0.502694
0.558286 0.550456 476.400000 0.600051 -0.773504
0.558200 0.550347 476.500000 0.548994 -0.245068
0.558113 0.550232 476.600000 0.538437 0.034445
0.558033 0.550239 476.700000 0.594428 1.082582
0.557972 0.550400 476.800000 0.730056 1.623186
0.557931 0.550353 476.900000 0.851947 0.808540
0.557898 0.550238 477.000000 0.889999 -0.049395
0.557866 0.550134 477.100000 0.903915 0.327007
0.557849 0.550154 477.200000 0.977229 1.135616
0.557859 0.550206 477.300000 1.097489 1.263567
0.557895 0.550186 477.400000 1.208660 0.954303
0.557952 0.550119 477.500000 1.290363 0.675672
0.558020 0.550004 477.600000 1.326875 0.052733
0.558082 0.549911 477.700000 1.306453 -0.460152
0.558141 0.549802 477.800000 1.295869 0.248997
0.558201 0.549688 477.900000 1.302755 -0.111612
0.558250 0.549643 478.000000 1.256397 -0.813240
0.558273 0.549661 478.100000 1.158943 -1.130953
0.558271 0.549671 478.200000 1.047550 -1.091343
0.558254 0.549570 478.300000 0.974232 -0.371360
0.558233 0.549456 478.400000 0.957387 0.035317
0.558212 0.549341 478.500000 0.957894 -0.025200
0.558187 0.549242 478.600000 0.937100 -0.389651
0.558163 0.549154 478.700000 0.942706 0.501493
0.558152 0.549096 478.800000 1.005033 0.741925
0.558160 0.549085 478.900000 1.092094 0.994947
0.558190 0.549037 479.000000 1.182002 0.798720
0.558236 0.548950 479.100000 1.247525 0.508468
0.558295 0.548859 479.200000 1.297150 0.481534
0.558364 0.548750 479.300000 1.333045 0.234579
0.558437 0.548637 479.400000 1.350036 0.104404
0.558515 0.548528 479.500000 1.366886 0.231752
0.558601 0.548424 479.600000 1.393690 0.302987
0.558691 0.548310 479.700000 1.404027 -0.096764
0.558780 0.548199 479.800000 1.407151 0.159090
0.558883 0.548132 479.900000 1.449007 0.675929
0.558996 0.548018 480.000000 1.485087 0.043865
0.559114 0.547910 480.100000 1.499243 0.238542
0.559236 0.547796 480.200000 1.514905 0.073920
0.559372 0.547748 480.300000 1.558363 0.793075
0.559521 0.547634 480.400000 1.594662 -0.068924
0.559670 0.547523 480.500000 1.599311 0.161670
0.559822 0.547409 480.600000 1.605467 -0.038849
0.559970 0.547299 480.700000 1.594685 -0.176256
0.560114 0.547185 480.800000 1.582025 -0.076307
0.560262 0.547085 480.900000 1.596267 0.360427
0.560423 0.546988 481.000000 1.634124 0.394819
0.560606 0.546946 481.100000 1.695644 0.832514
0.560819 0.546912 481.200000 1.781346 0.877241
0.561071 0.546937 481.300000 1.883239 1.155531
0.561342 0.546826 481.400000 1.933743 -0.147975
0.561607 0.546717 481.500000 1.915614 -0.213717
0.561861 0.546613 481.600000 1.889991 -0.297463
0.562087 0.546639 481.700000 1.817001 -1.158683
0.562275 0.546613 481.800000 1.712820 -0.919718
0.562423 0.546694 481.900000 1.598107 -1.368808
0.562524 0.546857 482.000000 1.447690 -1.632019
0.562583 0.546912 482.100000 1.302050 -1.273485
0.562609 0.546976 482.200000 1.172636 -1.308338
0.562610 0.546932 482.300000 1.066026 -0.818522
0.562587 0.547052 482.400000 0.949758 -1.501033
0.562534 0.547288 482.500000 0.782519 -1.835388
0.562457 0.547368 482.600000 0.621901 -1.368930
0.562364 0.547498 482.700000 0.476448 -1.532856
0.562258 0.547666 482.800000 0.317100 -1.646132
0.562145 0.547658 482.900000 0.183996 -1.009294
0.562030 0.547633 483.000000 0.086885 -0.928072
0.561913 0.547705 483.100000 -0.026563 -1.335222
0.561799 0.547704 483.200000 -0.145791 -1.043374
0.561688 0.547622 483.300000 -0.225904 -0.554876
0.561580 0.547527 483.400000 -0.274701 -0.418623
0.561474 0.547419 483.500000 -0.307131 -0.228375
0.561368 0.547307 483.600000 -0.315160 0.068211
0.561263 0.547198 483.700000 -0.321798 -0.200652
0.561157 0.547092 483.800000 -0.318322 0.270013
0.561051 0.546979 483.900000 -0.304202 0.011673
0.560943 0.546884 484.000000 -0.282932 0.412660
0.560832 0.546833 484.100000 -0.223257 0.777850
0.560719 0.546750 484.200000 -0.157438 0.535256
0.560605 0.546644 484.300000 -0.118005 0.251427
0.560490 0.546535 484.400000 -0.095562 0.196305
0.560375 0.546424 484.500000 -0.078341 0.147259
0.560260 0.546323 484.600000 -0.054407 0.330217
0.560144 0.546224 484.700000 -0.019230 0.371564
0.560029 0.546112 484.800000 0.000904 0.030124
0.559913 0.546001 484.900000 -0.003944 -0.126845
0.559798 0.545900 485.000000 -0.027225 -0.337616
0.559682 0.545817 485.100000 -0.017378 0.534074
0.559567 0.545705 485.200000 0.014030 0.092515
0.559452 0.545593 485.300000 0.015566 -0.061871
0.559337 0.545505 485.400000 -0.011929 -0.486657
0.559222 0.545492 485.500000 -0.085542 -0.981922
0.559110 0.545428 485.600000 -0.169137 -0.685809
0.559001 0.545367 485.700000 -0.238897 -0.705906
0.558895 0.545274 485.800000 -0.295948 -0.432253
0.558793 0.545210 485.900000 -0.351868 -0.683360
0.558696 0.545152 486.000000 -0.422387 -0.723483
0.558608 0.545164 486.100000 -0.513847 -1.101151
0.558534 0.545190 486.200000 -0.626982 -1.155882
0.558470 0.545100 486.300000 -0.708382 -0.468052
0.558417 0.545057 486.400000 -0.772788 -0.816857
0.558382 0.545128 486.500000 -0.880690 -1.335774
0.558371 0.545160 486.600000 -1.006976 -1.183647
0.558391 0.545284 486.700000 -1.142334 -1.516742
0.558449 0.545417 486.800000 -1.295813 -1.545164
0.558557 0.545731 486.900000 -1.475369 -2.036975
0.558729 0.545965 487.000000 -1.669420 -1.834347
0.558962 0.546115 487.100000 -1.841489 -1.598413
0.559255 0.546216 487.200000 -1.993872 -1.441634
0.559604 0.546242 487.300000 -2.124360 -1.161598
0.560004 0.546277 487.400000 -2.242493 -1.195160
0.560458 0.546272 487.500000 -2.353538 -1.020197
0.560952 0.546207 487.600000 -2.438639 -0.677570
0.561473 0.546107 487.700000 -2.490336 -0.353779
0.561989 0.546024 487.800000 -2.481683 0.526404
0.562483 0.545924 487.900000 -2.438009 0.344888
0.562935 0.546004 488.000000 -2.352247 1.366068
0.563322 0.546080 488.100000 -2.215745 1.357143
0.563646 0.546204 488.200000 -2.071763 1.515307
0.563901 0.546451 488.300000 -1.901908 1.873292
0.564089 0.546654 488.400000 -1.720155 1.752693
0.564200 0.547369 488.500000 -1.489764 2.843601
0.564231 0.548203 488.600000 -1.194802 3.040894
0.564196 0.549059 488.700000 -0.888151 3.076789
0.564116 0.549779 488.800000 -0.590984 2.851693
0.564010 0.550661 488.900000 -0.291686 3.119311
0.563894 0.551112 489.000000 -0.017661 2.347484
0.563784 0.551575 489.100000 0.218977 2.373448
0.563687 0.551754 489.200000 0.422650 1.689831
0.563606 0.551853 489.300000 0.579507 1.439449
0.563542 0.551847 489.400000 0.702732 1.018906
0.563487 0.551745 489.500000 0.770635 0.335756
0.563438 0.551641 489.600000 0.801648 0.282951
0.563391 0.551528 489.700000 0.817985 0.042977
0.563337 0.551502 489.800000 0.774201 -0.916468
0.563274 0.551397 489.900000 0.714620 -0.272181
0.563202 0.551389 490.000000 0.650153 -1.013930
0.563119 0.551348 490.100000 0.557382 -0.836847
0.563030 0.551240 490.200000 0.504990 -0.208376
0.562939 0.551134 490.300000 0.481961 -0.251051
0.562845 0.551039 490.400000 0.448678 -0.412958
0.562747 0.550941 490.500000 0.409342 -0.371785
0.562646 0.550849 490.600000 0.368077 -0.451453
0.562541 0.550808 490.700000 0.303538 -0.836114
0.562431 0.550809 490.800000 0.208781 -1.054274
0.562318 0.550785 490.900000 0.109223 -0.931914
0.562203 0.550802 491.000000 0.006136 -1.124675
0.562090 0.550801 491.100000 -0.102669 -1.045971
0.561980 0.550854 491.200000 -0.218861 -1.272074
0.561877 0.550807 491.300000 -0.322754 -0.800591
0.561776 0.550695 491.400000 -0.366380 -0.069733
0.561678 0.550627 491.500000 -0.402570 -0.652258
0.561583 0.550515 491.600000 -0.435818 -0.011044
0.561485 0.550481 491.700000 -0.392352 0.878185
0.561381 0.550390 491.800000 -0.325793 0.449666
0.561276 0.550288 491.900000 -0.287683 0.310632
0.561167 0.550238 492.000000 -0.232825 0.783790
0.561055 0.550267 492.100000 -0.134491 1.177971
0.560941 0.550252 492.200000 -0.026699 0.972472
0.560827 0.550208 492.300000 0.062950 0.816022
0.560716 0.550141 492.400000 0.137340 0.668075
0.560605 0.550039 492.500000 0.185870 0.300091
0.560496 0.549945 492.600000 0.221842 0.417557
0.560389 0.549836 492.700000 0.251199 0.168100
0.560283 0.549732 492.800000 0.273263 0.272078
0.560178 0.549621 492.900000 0.290094 0.063698
0.560073 0.549511 493.000000 0.286598 -0.133430
0.559966 0.549414 493.100000 0.261183 -0.373601
0.559861 0.549371 493.200000 0.283584 0.820497
0.559759 0.549265 493.300000 0.336733 0.239831
0.559655 0.549209 493.400000 0.311929 -0.734682
0.559548 0.549125 493.500000 0.248810 -0.524532
0.559440 0.549014 493.600000 0.221013 -0.030030
0.559331 0.548904 493.700000 0.215229 -0.085357
0.559223 0.548804 493.800000 0.227598 0.332127
0.559116 0.548696 493.900000 0.252980 0.174237
0.559012 0.548653 494.000000 0.302840 0.820468
0.558913 0.548565 494.100000 0.368013 0.479736
0.558814 0.548472 494.200000 0.370983 -0.420483
0.558714 0.548363 494.300000 0.357577 0.153042
0.558617 0.548316 494.400000 0.405119 0.795422
0.558526 0.548216 494.500000 0.460709 0.313597
0.558440 0.548162 494.600000 0.514038 0.750304
0.558360 0.548075 494.700000 0.576102 0.487881
0.558284 0.547964 494.800000 0.600063 -0.009863
0.558206 0.547856 494.900000 0.592270 -0.145598
0.558126 0.547763 495.000000 0.563550 -0.427383
0.558039 0.547706 495.100000 0.505605 -0.728603
0.557948 0.547598 495.200000 0.461280 -0.155693
0.557857 0.547490 495.300000 0.461510 0.160285
0.557769 0.547405 495.400000 0.494579 0.499438
0.557688 0.547382 495.500000 0.566420 0.933805
0.557617 0.547298 495.600000 0.638643 0.507045
0.557555 0.547254 495.700000 0.704586 0.808511
0.557509 0.547317 495.800000 0.810937 1.313197
0.557480 0.547254 495.900000 0.911044 0.683933
0.557465 0.547199 496.000000 0.982566 0.742936
0.557467 0.547178 496.100000 1.067044 0.942388
0.557497 0.547288 496.200000 1.188379 1.478261
0.557561 0.547326 496.300000 1.323277 1.212938
0.557657 0.547326 496.400000 1.436418 1.044234
0.557781 0.547288 496.500000 1.531386 0.850376
0.557931 0.547245 496.600000 1.614896 0.815649
0.558102 0.547156 496.700000 1.678582 0.454877
0.558280 0.547046 496.800000 1.697257 -0.082300
0.558452 0.546941 496.900000 1.682472 -0.212659
0.558602 0.546954 497.000000 1.616336 -1.106754
0.558711 0.547093 497.100000 1.482045 -1.572362
0.558779 0.547144 497.200000 1.339793 -1.265559
0.558818 0.547127 497.300000 1.228171 -0.961308
0.558827 0.547298 497.400000 1.096181 -1.671887
0.558799 0.547556 497.500000 0.916375 -1.915235
0.558735 0.548068 497.600000 0.695613 -2.488963
0.558645 0.548343 497.700000 0.472741 -1.957341
0.558542 0.548487 497.800000 0.294861 -1.591369
0.558433 0.548468 497.900000 0.167410 -0.951270
0.558321 0.548609 498.000000 0.040447 -1.581645
0.558210 0.548770 498.100000 -0.121192 -1.643047
0.558108 0.549192 498.200000 -0.318944 -2.302116
0.558025 0.549507 498.300000 -0.537603 -2.060123
0.557972 0.550036 498.400000 -0.767382 -2.523976
0.557967 0.550674 498.500000 -1.030833 -2.731873
0.558018 0.551023 498.600000 -1.275026 -2.139780
0.558124 0.551244 498.700000 -1.473499 -1.819750
0.558284 0.551397 498.800000 -1.645983 -1.621308
0.558483 0.551340 498.900000 -1.763697 -0.727086
0.558711 0.551294 499.000000 -1.840617 -0.807470
0.558965 0.551220 499.100000 -1.911014 -0.596939
0.559249 0.551199 499.200000 -1.988282 -0.944573
0.559568 0.551151 499.300000 -2.075252 -0.790463
0.559903 0.551040 499.400000 -2.114457 0.008319
0.560225 0.550972 499.500000 -2.081713 0.644922
0.560524 0.550882 499.600000 -2.026689 0.452798
0.560803 0.550799 499.700000 -1.977613 0.526276
0.561067 0.550694 499.800000 -1.940249 0.219135
0.561322 0.550591 499.900000 -1.915679 0.271036
0.561571 0.550481 500.000000 -1.899982 0.042125
0.561810 0.550394 500.100000 -1.873858 0.479041
0.562033 0.550297 500.200000 -1.831826 0.359506
0.562244 0.550196 500.300000 -1.799123 0.292920
0.562452 0.550088 500.400000 -1.791694 -0.144709
0.562652 0.550016 500.500000 -1.768247 0.612462
0.562813 0.550180 500.600000 -1.654538 1.656027
0.562919 0.550403 500.700000 -1.479943 1.827146
0.562976 0.550583 500.800000 -1.303007 1.702731
0.562984 0.551062 500.900000 -1.095846 2.430131
0.562938 0.551968 501.000000 -0.814108 3.190548
0.562854 0.552405 501.100000 -0.536820 2.341352
0.562753 0.552558 501.200000 -0.337992 1.625251
0.562643 0.552936 501.300000 -0.145595 2.213079
0.562531 0.553250 501.400000 0.068765 2.063391
0.562426 0.553488 501.500000 0.265816 1.867776
0.562335 0.553727 501.600000 0.453366 1.873859
0.562259 0.553743 501.700000 0.603742 1.126137
0.562204 0.554015 501.800000 0.758376 1.958804
0.562178 0.554106 501.900000 0.927717 1.419564
0.562181 0.554225 502.000000 1.075100 1.520721
0.562216 0.554276 502.100000 1.215093 1.272148
0.562272 0.554181 502.200000 1.298175 0.385321
0.562331 0.554073 502.300000 1.309079 -0.167781
0.562388 0.553964 502.400000 1.305328 0.092943
0.562444 0.553860 502.500000 1.297140 -0.256277
0.562494 0.553751 502.600000 1.278621 -0.113186
0.562545 0.553643 502.700000 1.279956 0.139824
0.562597 0.553534 502.800000 1.281106 -0.116890
0.562648 0.553426 502.900000 1.281966 0.134052
0.562702 0.553316 503.000000 1.289995 0.026115
0.562752 0.553214 503.100000 1.276774 -0.289868
0.562793 0.553122 503.200000 1.241408 -0.415684
0.562824 0.553030 503.300000 1.198875 -0.432839
0.562852 0.552922 503.400000 1.183617 0.128426
0.562878 0.552816 503.500000 1.181130 -0.178035
0.562898 0.552724 503.600000 1.150980 -0.423456
0.562910 0.552623 503.700000 1.114557 -0.303188
0.562911 0.552559 503.800000 1.065522 -0.675051
0.562899 0.552482 503.900000 1.002935 -0.573555
0.562878 0.552384 504.000000 0.956704 -0.348764
0.562847 0.552332 504.100000 0.900980 -0.762928
0.562801 0.552301 504.200000 0.818097 -0.890583
0.562741 0.552307 504.300000 0.719342 -1.079582
0.562677 0.552219 504.400000 0.688306 0.460405
0.562615 0.552110 504.500000 0.709193 -0.043715
0.562552 0.552002 504.600000 0.700934 -0.121046
0.562485 0.551921 504.700000 0.667732 -0.541330
0.562412 0.551818 504.800000 0.628237 -0.246598
0.562335 0.551755 504.900000 0.581776 -0.680295
0.562252 0.551647 505.000000 0.541292 -0.127364
0.562170 0.551541 505.100000 0.544160 0.184574
0.562090 0.551436 505.200000 0.563321 0.197704
0.562013 0.551330 505.300000 0.581706 0.169065
0.561932 0.551271 505.400000 0.554220 -0.717397
0.561844 0.551216 505.500000 0.481231 -0.738745
0.561751 0.551116 505.600000 0.429561 -0.292061
0.561657 0.551007 505.700000 0.413526 -0.027853
0.561561 0.550910 505.800000 0.394762 -0.346481
0.561465 0.550804 505.900000 0.386373 0.179123
0.561368 0.550700 506.000000 0.384936 -0.207796
0.561271 0.550591 506.100000 0.375232 0.014207
0.561176 0.550491 506.200000 0.391071 0.301786
0.561078 0.550435 506.300000 0.369739 -0.727359
0.560978 0.550326 506.400000 0.330986 -0.045765
0.560877 0.550239 506.500000 0.305394 -0.464802
0.560773 0.550143 506.600000 0.263956 -0.361894
0.560668 0.550035 506.700000 0.244055 -0.035132
0.560564 0.549930 506.800000 0.252537 0.204351
0.560462 0.549850 506.900000 0.289537 0.533798
0.560363 0.549783 507.000000 0.348946 0.651410
0.560269 0.549689 507.100000 0.400191 0.370939
0.560177 0.549594 507.200000 0.437431 0.371991
0.560090 0.549514 507.300000 0.483105 0.539215
0.560006 0.549413 507.400000 0.523511 0.266878
0.559926 0.549316 507.500000 0.553888 0.339145
0.559851 0.549236 507.600000 0.597834 0.537579
0.559779 0.549129 507.700000 0.620004 -0.095290
0.559705 0.549021 507.800000 0.613033 -0.043781
0.559632 0.548914 507.900000 0.615797 0.098914
0.559560 0.548806 508.000000 0.618202 -0.050926
0.559486 0.548701 508.100000 0.607672 -0.159136
0.559413 0.548597 508.200000 0.609728 0.200140
0.559343 0.548501 508.300000 0.637589 0.355687
0.559280 0.548446 508.400000 0.692195 0.733712
0.559226 0.548366 508.500000 0.755461 0.528437
0.559178 0.548262 508.600000 0.791918 0.198888
0.559126 0.548197 508.700000 0.768650 -0.663097
0.559061 0.548218 508.800000 0.678125 -1.142871
0.558983 0.548217 508.900000 0.568513 -1.043897
0.558895 0.548189 509.000000 0.471268 -0.896141
0.558800 0.548159 509.100000 0.381773 -0.889279
0.558697 0.548224 509.200000 0.270628 -1.328051
0.558589 0.548276 509.300000 0.140171 -1.274581
0.558480 0.548301 509.400000 0.018048 -1.161777
0.558370 0.548193 509.500000 -0.041187 -0.019956
0.558261 0.548105 509.600000 -0.019899 0.444665
0.558151 0.547999 509.700000 0.009195 0.135756
0.558042 0.547951 509.800000 0.054932 0.776694
0.557935 0.547923 509.900000 0.138888 0.898218
0.557829 0.547818 510.000000 0.192136 0.164083
0.557723 0.547712 510.100000 0.194175 -0.123407
0.557617 0.547605 510.200000 0.187797 -0.003817
0.557512 0.547498 510.300000 0.190170 0.051150
0.557405 0.547400 510.400000 0.176924 -0.315415
0.557298 0.547323 510.500000 0.133302 -0.554838
0.557189 0.547331 510.600000 0.051148 -1.084125
0.557080 0.547311 510.700000 -0.050382 -0.941412
0.556973 0.547250 510.800000 -0.132020 -0.687262
0.556868 0.547163 510.900000 -0.189581 -0.461075
0.556764 0.547071 511.000000 -0.232149 -0.388152
0.556660 0.546977 511.100000 -0.233278 0.365626
0.556554 0.547011 511.200000 -0.154801 1.199988
0.556445 0.546953 511.300000 -0.059131 0.708626
0.556336 0.546863 511.400000 -0.003063 0.409920
0.556228 0.546760 511.500000 0.006684 -0.215464
0.556119 0.546654 511.600000 -0.007346 -0.064437
0.556010 0.546557 511.700000 -0.026887 -0.325396
0.555902 0.546453 511.800000 -0.035195 0.159656
0.555793 0.546349 511.900000 -0.019807 0.147338
0.555685 0.546243 512.000000 -0.016754 -0.086445
0.555576 0.546136 512.100000 -0.022713 -0.032425
0.555468 0.546030 512.200000 -0.020003 0.086478
0.555360 0.545927 512.300000 -0.006602 0.180876
0.555251 0.545834 512.400000 -0.016551 -0.379361
0.555143 0.545743 512.500000 -0.055487 -0.397410
0.555036 0.545637 512.600000 -0.073406 0.039926
0.554928 0.545531 512.700000 -0.076229 -0.096254
0.554821 0.545435 512.800000 -0.096954 -0.317211
0.554714 0.545330 512.900000 -0.106326 0.130253
0.554606 0.545244 513.000000 -0.077269 0.449426
0.554498 0.545167 513.100000 -0.026998 0.553482
0.554390 0.545062 513.200000 0.004424 0.073390
0.554282 0.544960 513.300000 0.019316 0.223709
0.554174 0.544854 513.400000 0.029879 -0.012990
0.554066 0.544748 513.500000 0.031398 0.043299
0.553959 0.544664 513.600000 0.057121 0.469871
0.553852 0.544607 513.700000 0.116267 0.710093
0.553747 0.544505 513.800000 0.161755 0.197406
0.553642 0.544399 513.900000 0.169034 -0.052195
0.553537 0.544302 514.000000 0.150839 -0.310793
0.553430 0.544252 514.100000 0.097505 -0.753234
0.553322 0.544187 514.200000 0.027031 -0.652716
0.553215 0.544089 514.300000 -0.019716 -0.279876
0.553107 0.543984 514.400000 -0.038119 -0.087268
0.553000 0.543886 514.500000 -0.056477 -0.278968
0.552894 0.543893 514.600000 -0.124549 -1.079085
0.552792 0.543905 514.700000 -0.233669 -1.097853
0.552695 0.543838 514.800000 -0.320445 -0.633329
0.552604 0.543858 514.900000 -0.409206 -1.137459
0.552520 0.543780 515.000000 -0.492928 -0.532776
0.552440 0.543678 515.100000 -0.529218 -0.191227
0.552359 0.543595 515.200000 -0.514635 0.482171
0.552272 0.543523 515.300000 -0.460986 0.588114
0.552177 0.543619 515.400000 -0.359298 1.440577
0.552076 0.543613 515.500000 -0.236417 1.010888
0.551970 0.543626 515.600000 -0.130322 1.105713
0.551863 0.543646 515.700000 -0.017872 1.137655
0.551757 0.543674 515.800000 0.097968 1.173349
0.551654 0.543600 515.900000 0.185526 0.573433
0.551552 0.543500 516.000000 0.225396 0.221993
0.551451 0.543396 516.100000 0.241306 0.095395
0.551349 0.543291 516.200000 0.242751 -0.066553
0.551248 0.543186 516.300000 0.243124 0.073988
0.551148 0.543087 516.400000 0.259607 0.254846
0.551048 0.542992 516.500000 0.255961 -0.327585
0.550946 0.542890 516.600000 0.230937 -0.171632
0.550845 0.542785 516.700000 0.223984 0.032906
0.550741 0.542742 516.800000 0.185608 -0.798500
0.550637 0.542638 516.900000 0.149810 0.084337
0.550533 0.542533 517.000000 0.152235 -0.035971
0.550428 0.542428 517.100000 0.149133 -0.025914
0.550324 0.542328 517.200000 0.136550 -0.225117
0.550219 0.542225 517.300000 0.118385 -0.137267
0.550114 0.542128 517.400000 0.126161 0.292387
0.550011 0.542059 517.500000 0.170895 0.600072
0.549908 0.541955 517.600000 0.205708 0.094438
0.549806 0.541853 517.700000 0.202319 -0.162041
0.549703 0.541761 517.800000 0.175815 -0.366719
0.549599 0.541670 517.900000 0.138466 -0.378402
0.549493 0.541596 518.000000 0.091421 -0.560133
0.549388 0.541493 518.100000 0.069942 0.131630
0.549282 0.541389 518.200000 0.077176 0.012679
0.549177 0.541291 518.300000 0.064208 -0.271390
0.549071 0.541188 518.400000 0.056879 0.125183
0.548966 0.541120 518.500000 0.093597 0.607337
0.548863 0.541058 518.600000 0.157371 0.664947
0.548763 0.541097 518.700000 0.251752 1.217951
0.548668 0.541003 518.800000 0.329392 0.330979
0.548575 0.540916 518.900000 0.367543 0.430129
0.548482 0.540832 519.000000 0.366512 -0.450695
0.548388 0.540728 519.100000 0.344870 0.018940
0.548293 0.540636 519.200000 0.327937 -0.356760
0.548197 0.540532 519.300000 0.311658 0.031993
0.548101 0.540430 519.400000 0.320284 0.140102
0.548005 0.540332 519.500000 0.314670 -0.252106
0.547907 0.540249 519.600000 0.278413 -0.471233
0.547806 0.540204 519.700000 0.215725 -0.779377
0.547703 0.540167 519.800000 0.134647 -0.838126
0.547598 0.540111 519.900000 0.057421 -0.702536
0.547492 0.540076 520.000000 -0.020335 -0.848710
0.547389 0.540137 520.100000 -0.128431 -1.307803
0.547290 0.540166 520.200000 -0.253016 -1.177664
0.547197 0.540178 520.300000 -0.366998 -1.096279
0.547115 0.540212 520.400000 -0.481956 -1.197132
0.547040 0.540121 520.500000 -0.560450 -0.368820
0.546972 0.540106 520.600000 -0.627029 -0.959428
0.546919 0.540138 520.700000 -0.734790 -1.190412
0.546879 0.540067 520.800000 -0.823647 -0.582287
0.546848 0.539982 520.900000 -0.874658 -0.435377
0.546818 0.539883 521.000000 -0.885482 0.219432
0.546791 0.539808 521.100000 -0.902180 -0.552558
0.546769 0.539705 521.200000 -0.929997 -0.002378
0.546744 0.539617 521.300000 -0.909471 0.411863
0.546706 0.539616 521.400000 -0.837065 1.032646
0.546654 0.539584 521.500000 -0.741941 0.865065
0.546587 0.539661 521.600000 -0.629929 1.369584
0.546506 0.539734 521.700000 -0.493325 1.355664
0.546412 0.539954 521.800000 -0.333166 1.839498
0.546309 0.540175 521.900000 -0.148688 1.840847
0.546205 0.540221 522.000000 0.006193 1.249022
0.546102 0.540264 522.100000 0.130745 1.235789
0.546003 0.540325 522.200000 0.258355 1.310042
0.545912 0.540293 522.300000 0.367309 0.863578
0.545827 0.540250 522.400000 0.450415 0.794387
0.545752 0.540298 522.500000 0.553379 1.259739
0.545691 0.540330 522.600000 0.676034 1.187242
0.545641 0.540245 522.700000 0.757600 0.439993
0.545597 0.540150 522.800000 0.794645 0.299055
0.545557 0.540049 522.900000 0.816134 0.129647
0.545514 0.539961 523.000000 0.802553 -0.400576
0.545467 0.539862 523.100000 0.771732 -0.214314
0.545416 0.539763 523.200000 0.750169 -0.215855
0.545365 0.539661 523.300000 0.742996 0.072753
0.545312 0.539567 523.400000 0.730699 -0.318082
0.545255 0.539465 523.500000 0.708828 -0.118253
0.545198 0.539362 523.600000 0.702604 -0.005906
0.545136 0.539318 523.700000 0.662970 -0.784799
0.545065 0.539275 523.800000 0.583906 -0.792522
0.544987 0.539183 523.900000 0.527659 -0.329605
0.544904 0.539146 524.000000 0.469261 -0.835445
0.544815 0.539084 524.100000 0.394797 -0.650113
0.544723 0.538989 524.200000 0.347439 -0.294683
0.544629 0.538887 524.300000 0.329072 -0.071722
0.544535 0.538785 524.400000 0.321789 -0.073582
0.544441 0.538683 524.500000 0.313571 -0.090367
0.544346 0.538582 524.600000 0.302400 -0.132503
0.544248 0.538551 524.700000 0.252166 -0.869658
0.544149 0.538449 524.800000 0.206383 -0.043707
0.544049 0.538351 524.900000 0.193520 -0.212917
0.543948 0.538252 525.000000 0.192772 0.197994
0.543849 0.538150 525.100000 0.199961 -0.054567
0.543748 0.538078 525.200000 0.168679 -0.569516
0.543646 0.537983 525.300000 0.125876 -0.284397
0.543544 0.537907 525.400000 0.138054 0.527335
0.543444 0.537819 525.500000 0.183995 0.389206
0.543344 0.537727 525.600000 0.187758 -0.314140
0.543244 0.537624 525.700000 0.172526 0.010261
0.543143 0.537522 525.800000 0.171125 -0.038218
0.543043 0.537420 525.900000 0.171278 0.041270
0.542941 0.537340 526.000000 0.149247 -0.480785
0.542839 0.537306 526.100000 0.082639 -0.848052
0.542736 0.537205 526.200000 0.043339 0.064019
0.542633 0.537109 526.300000 0.059852 0.265414
0.542530 0.537018 526.400000 0.056166 -0.338932
0.542427 0.536940 526.500000 0.013756 -0.507154
0.542325 0.536859 526.600000 -0.034710 -0.459751
0.542223 0.536995 526.700000 -0.137246 -1.585832
0.542131 0.537417 526.800000 -0.334441 -2.348214
0.542060 0.537911 526.900000 -0.577839 -2.507582
0.542017 0.538122 527.000000 -0.794490 -1.814606
0.542007 0.538427 527.100000 -0.989373 -2.073301
0.542037 0.538625 527.200000 -1.182501 -1.779613
0.542110 0.538839 527.300000 -1.363108 -1.823481
0.542224 0.538860 527.400000 -1.511821 -1.143355
0.542371 0.538870 527.500000 -1.623551 -1.085650
0.542553 0.538885 527.600000 -1.733656 -1.110959
0.542781 0.539027 527.700000 -1.869782 -1.604738
0.543063 0.539078 527.800000 -2.014083 -1.274080
0.543380 0.539007 527.900000 -2.106559 -0.570807
0.543715 0.538912 528.000000 -2.148814 -0.272187
0.544046 0.538824 528.100000 -2.143067 0.386844
0.544363 0.538734 528.200000 -2.105997 0.352703
0.544652 0.538740 528.300000 -2.034686 1.069943
0.544906 0.538695 528.400000 -1.942110 0.776959
0.545118 0.538816 528.500000 -1.826349 1.532474
0.545276 0.539009 528.600000 -1.660917 1.767895
0.545375 0.539370 528.700000 -1.461379 2.212890
0.545418 0.539678 528.800000 -1.246152 2.080884
0.545418 0.539927 528.900000 -1.045258 1.926942
0.545380 0.540383 529.000000 -0.826853 2.430245
0.545309 0.540833 529.100000 -0.583881 2.417049
0.545216 0.541390 529.200000 -0.330229 2.643313
0.545114 0.541740 529.300000 -0.088055 2.188051
0.545013 0.542048 529.400000 0.126061 2.083558
0.544922 0.542590 529.500000 0.361439 2.612245
0.544853 0.542891 529.600000 0.595998 2.067192
0.544810 0.543143 529.700000 0.796784 1.938500
0.544799 0.543350 529.800000 0.984749 1.811399
0.544828 0.543705 529.900000 1.185963 2.202819
0.544908 0.543933 530.000000 1.390232 1.872347
0.545039 0.544129 530.100000 1.573231 1.778484
0.545217 0.544176 530.200000 1.725579 1.260868
0.545428 0.544124 530.300000 1.825461 0.731782
0.545651 0.544022 530.400000 1.859069 -0.061311
0.545880 0.543936 530.500000 1.877058 0.420195
0.546119 0.543835 530.600000 1.904711 0.131482
0.546357 0.543735 530.700000 1.903228 -0.161072
0.546594 0.543633 530.800000 1.897658 0.049958
0.546828 0.543532 530.900000 1.893869 -0.125548
0.547058 0.543432 531.000000 1.880856 -0.134072
0.547275 0.543364 531.100000 1.843782 -0.605545
0.547470 0.543311 531.200000 1.777167 -0.723434
0.547641 0.543249 531.300000 1.708069 -0.655063
0.547785 0.543265 531.400000 1.619045 -1.120975
0.547896 0.543271 531.500000 1.509062 -1.073175
0.547974 0.543331 531.600000 1.389502 -1.312063
0.548023 0.543343 531.700000 1.268365 -1.104613
0.548042 0.543442 531.800000 1.139693 -1.462399
0.548035 0.543439 531.900000 1.014830 -1.028614
0.548017 0.543343 532.000000 0.951332 -0.238166
0.547997 0.543241 532.100000 0.937979 -0.028220
0.547979 0.543145 532.200000 0.949251 0.253080
0.547964 0.543044 532.300000 0.968395 0.128861
0.547947 0.542952 532.400000 0.958991 -0.316489
0.547926 0.542853 532.500000 0.933739 -0.187278
0.547901 0.542760 532.600000 0.908739 -0.311484
0.547880 0.542725 532.700000 0.935527 0.845907
0.547879 0.542776 532.800000 1.041787 1.273980
0.547903 0.542796 532.900000 1.162740 1.139031
0.547949 0.542750 533.000000 1.258651 0.774401
0.548014 0.542700 533.100000 1.334650 0.741778
0.548087 0.542598 533.200000 1.371708 -0.002478
0.548154 0.542520 533.300000 1.346607 -0.498276
0.548203 0.542512 533.400000 1.271542 -0.999266
0.548221 0.542707 533.500000 1.132259 -1.779441
0.548209 0.542715 533.600000 0.988665 -1.085250
0.548173 0.542953 533.700000 0.838866 -1.903244
0.548108 0.543254 533.800000 0.639581 -2.072497
0.548023 0.543591 533.900000 0.427120 -2.166100
0.547926 0.543715 534.000000 0.240640 -1.554179
0.547824 0.543851 534.100000 0.082858 -1.593558
0.547722 0.544064 534.200000 -0.088962 -1.834262
0.547624 0.544029 534.300000 -0.223075 -0.841298
0.547530 0.543993 534.400000 -0.307188 -0.836743
0.547439 0.543891 534.500000 -0.346959 0.043303
0.547349 0.543810 534.600000 -0.368547 -0.473975
0.547264 0.543757 534.700000 -0.428442 -0.720937
0.547184 0.543666 534.800000 -0.481095 -0.329481
0.547104 0.543566 534.900000 -0.490632 0.139202
0.547023 0.543466 535.000000 -0.477428 0.124234
0.546943 0.543374 535.100000 -0.487740 -0.329961
0.546869 0.543343 535.200000 -0.547718 -0.866598
0.546805 0.543330 535.300000 -0.639890 -0.972248
0.546749 0.543240 535.400000 -0.706237 -0.351364
0.546696 0.543138 535.500000 -0.724339 -0.009774
0.546645 0.543043 535.600000 -0.737041 -0.243634
0.546593 0.542949 535.700000 -0.735050 0.283352
0.546536 0.542880 535.800000 -0.691388 0.587718
0.546472 0.542805 535.900000 -0.635138 0.534464
0.546400 0.542748 536.000000 -0.573869 0.687849
0.546322 0.542687 536.100000 -0.506259 0.660970
0.546239 0.542607 536.200000 -0.449394 0.473488
0.546152 0.542544 536.300000 -0.393727 0.637068
0.546059 0.542566 536.400000 -0.304237 1.148250
0.545959 0.542755 536.500000 -0.158115 1.766902
0.545858 0.542966 536.600000 0.022193 1.830238
0.545760 0.543201 536.700000 0.209187 1.900296
0.545672 0.543370 536.800000 0.389779 1.702504
0.545599 0.543477 536.900000 0.549977 1.493456
0.545544 0.543646 537.000000 0.710249 1.703972
0.545518 0.543952 537.100000 0.900552 2.092572
0.545537 0.544501 537.200000 1.137940 2.643312
0.545619 0.545062 537.300000 1.404169 2.667948
0.545772 0.545444 537.400000 1.652211 2.280503
0.546006 0.546012 537.500000 1.900952 2.681877
0.546322 0.546162 537.600000 2.117916 1.646555
0.546687 0.546123 537.700000 2.241519 0.819333
0.547081 0.546045 537.800000 2.307818 0.503314
0.547495 0.545963 537.900000 2.355852 0.454975
0.547925 0.545868 538.000000 2.392031 0.266790
0.548360 0.545767 538.100000 2.405127 -0.005523
0.548800 0.545669 538.200000 2.414373 0.189979
0.549245 0.545568 538.300000 2.426850 0.058928
0.549691 0.545467 538.400000 2.428602 -0.023976
0.550134 0.545366 538.500000 2.422999 -0.087803
0.550573 0.545265 538.600000 2.415291 -0.065955
0.551002 0.545178 538.700000 2.392757 -0.383605
0.551408 0.545119 538.800000 2.339641 -0.676062
0.551771 0.545175 538.900000 2.240428 -1.303236
0.552085 0.545196 539.000000 2.117613 -1.146925
0.552360 0.545156 539.100000 2.019637 -0.807706
0.552592 0.545292 539.200000 1.898837 -1.602245
0.552769 0.545456 539.300000 1.733788 -1.690475
0.552887 0.545767 539.400000 1.543430 -2.107173
0.552959 0.545822 539.500000 1.372665 -1.299599
0.552994 0.546017 539.600000 1.217861 -1.788738
0.552987 0.546365 539.700000 1.017845 -2.201576
0.552947 0.546550 539.800000 0.819441 -1.756584
0.552881 0.546895 539.900000 0.621347 -2.195396
0.552793 0.547212 540.000000 0.404667 -2.127372
0.552695 0.547370 540.100000 0.214195 -1.672528
0.552593 0.547443 540.200000 0.061600 -1.371759
0.552492 0.547567 540.300000 -0.085317 -1.559224
0.552393 0.547511 540.400000 -0.198636 -0.701485
0.552297 0.547442 540.500000 -0.263566 -0.593885
0.552204 0.547344 540.600000 -0.302715 -0.187122
0.552109 0.547298 540.700000 -0.273475 0.770458
0.552010 0.547292 540.800000 -0.183970 1.015155
0.551908 0.547258 540.900000 -0.090321 0.853147
0.551806 0.547243 541.000000 0.000724 0.963206
0.551706 0.547305 541.100000 0.115728 1.331113
0.551610 0.547468 541.200000 0.267222 1.691192
0.551527 0.547709 541.300000 0.448397 1.923252
0.551464 0.548030 541.400000 0.652084 2.140304
0.551431 0.548320 541.500000 0.862432 2.056152
0.551435 0.548604 541.600000 1.068000 2.044930
0.551472 0.548622 541.700000 1.227339 1.133869
0.551532 0.548575 541.800000 1.322628 0.767164
0.551613 0.548562 541.900000 1.410199 0.979868
0.551714 0.548481 542.000000 1.482725 0.467021
0.551832 0.548427 542.100000 1.541859 0.712703
0.551974 0.548413 542.200000 1.626234 0.970576
0.552153 0.548493 542.300000 1.745222 1.403243
0.552367 0.548437 542.400000 1.850714 0.701316
0.552604 0.548376 542.500000 1.918676 0.654526
0.552853 0.548274 542.600000 1.951235 -0.004980
0.553099 0.548176 542.700000 1.942091 -0.177431
0.553330 0.548111 542.800000 1.902204 -0.618323
0.553546 0.548016 542.900000 1.857873 -0.266083
0.553753 0.547921 543.000000 1.831585 -0.258362
0.553938 0.547925 543.100000 1.765369 -1.062634
0.554080 0.548086 543.200000 1.627507 -1.687725
0.554167 0.548410 543.300000 1.435167 -2.149454
0.554196 0.548959 543.400000 1.194240 -2.657041
0.554177 0.549345 543.500000 0.945729 -2.300740
0.554123 0.549690 543.600000 0.719955 -2.203467
0.554045 0.549916 543.700000 0.514898 -1.887408
0.553954 0.550042 543.800000 0.341539 -1.571102
0.553856 0.550082 543.900000 0.200801 -1.236631
0.553755 0.550107 544.000000 0.079918 -1.174975
0.553653 0.550061 544.100000 -0.017459 -0.767708
0.553553 0.550214 544.200000 -0.139373 -1.664463
0.553459 0.550259 544.300000 -0.286024 -1.261230
0.553371 0.550228 544.400000 -0.392899 -0.870923
0.553290 0.550158 544.500000 -0.466003 -0.587506
0.553210 0.550057 544.600000 -0.493175 0.045417
0.553127 0.550025 544.700000 -0.447593 0.863941
0.553037 0.550014 544.800000 -0.354632 0.990636
0.552943 0.549922 544.900000 -0.289283 0.313090
0.552846 0.549921 545.000000 -0.221265 1.043862
0.552746 0.549943 545.100000 -0.110947 1.156969
0.552645 0.550133 545.200000 0.036321 1.781044
0.552546 0.550134 545.300000 0.178370 1.052830
0.552452 0.550109 545.400000 0.276771 0.910271
0.552364 0.550128 545.500000 0.379764 1.144445
0.552286 0.550190 545.600000 0.503953 1.333116
0.552219 0.550139 545.700000 0.607741 0.737456
0.552165 0.550224 545.800000 0.715984 1.421993
0.552127 0.550192 545.900000 0.830827 0.869125
0.552099 0.550108 546.000000 0.895913 0.429340
0.552076 0.550008 546.100000 0.919957 0.050334
0.552054 0.549912 546.200000 0.934694 0.243667
0.552035 0.549812 546.300000 0.945038 -0.037306
0.552010 0.549753 546.400000 0.909258 -0.676495
0.551973 0.549700 546.500000 0.839292 -0.719330
0.551930 0.549603 546.600000 0.793307 -0.198078
0.551880 0.549542 546.700000 0.750265 -0.660601
0.551819 0.549554 546.800000 0.661539 -1.109481
0.551748 0.549519 546.900000 0.563730 -0.841820
0.551669 0.549448 547.000000 0.492884 -0.571554
0.551587 0.549354 547.100000 0.451298 -0.258073
0.551504 0.549256 547.200000 0.446397 0.160282
0.551424 0.549169 547.300000 0.473629 0.383000
0.551349 0.549130 547.400000 0.534048 0.822353
0.551283 0.549075 547.500000 0.610543 0.703726
0.551227 0.549088 547.600000 0.701702 1.114898
0.551186 0.549083 547.700000 0.808526 1.016241
0.551159 0.549047 547.800000 0.901524 0.839081
0.551143 0.548957 547.900000 0.960901 0.345478
0.551126 0.548879 548.000000 0.953505 -0.493033
0.551099 0.548808 548.100000 0.900711 -0.560188
0.551062 0.548758 548.200000 0.835255 -0.745674
0.551016 0.548685 548.300000 0.770990 -0.536414
0.550960 0.548645 548.400000 0.703168 -0.816630
0.550896 0.548593 548.500000 0.626107 -0.720744
0.550822 0.548574 548.600000 0.542576 -0.945693
0.550742 0.548493 548.700000 0.472340 -0.455507
0.550660 0.548393 548.800000 0.451624 0.042212
0.550578 0.548295 548.900000 0.446326 -0.147903
0.550494 0.548208 549.000000 0.420558 -0.366164
0.550407 0.548116 549.100000 0.387075 -0.301835
0.550317 0.548067 549.200000 0.334786 -0.741315
0.550223 0.548029 549.300000 0.256260 -0.825277
0.550126 0.547994 549.400000 0.172374 -0.848259
0.550026 0.548034 549.500000 0.067738 -1.239233
0.549926 0.548012 549.600000 -0.040494 -0.920000
0.549828 0.548020 549.700000 -0.141126 -1.087602
0.549735 0.548182 549.800000 -0.280689 -1.696682
0.549653 0.548296 549.900000 -0.442689 -1.535211
0.549583 0.548290 550.000000 -0.570301 -1.010643
0.549522 0.548238 550.100000 -0.657483 -0.728645
0.549465 0.548140 550.200000 -0.688457 0.110716
0.549404 0.548071 550.300000 -0.653542 0.585842
0.549342 0.547984 550.400000 -0.642344 -0.362451
0.549287 0.547945 550.500000 -0.701441 -0.816531
0.549242 0.547895 550.600000 -0.779456 -0.739879
0.549211 0.547894 550.700000 -0.868753 -1.041587
0.549196 0.547875 550.800000 -0.968318 -0.944726
0.549199 0.547850 550.900000 -1.060834 -0.900967
0.549210 0.547750 551.000000 -1.105666 0.006554
0.549221 0.547651 551.100000 -1.101799 0.070601
0.549232 0.547554 551.200000 -1.105612 -0.146664
0.549247 0.547461 551.300000 -1.125937 -0.258826
0.549263 0.547368 551.400000 -1.125828 0.260991
0.549271 0.547281 551.500000 -1.093637 0.381221
0.549280 0.547193 551.600000 -1.091433 -0.337248
0.549295 0.547103 551.700000 -1.124950 -0.331417
0.549322 0.547062 551.800000 -1.181659 -0.799926
0.549358 0.546963 551.900000 -1.221785 -0.000591
0.549389 0.546876 552.000000 -1.203631 0.362777
0.549410 0.546821 552.100000 -1.150315 0.700869
0.549420 0.546727 552.200000 -1.103661 0.229875
0.549428 0.546628 552.300000 -1.089743 0.047803
0.549434 0.546535 552.400000 -1.075175 0.242830
0.549431 0.546468 552.500000 -1.032996 0.598630
0.549418 0.546388 552.600000 -0.980014 0.458364
0.549395 0.546340 552.700000 -0.919571 0.747468
0.549359 0.546321 552.800000 -0.835183 0.936081
0.549311 0.546267 552.900000 -0.752812 0.707225
0.549255 0.546189 553.000000 -0.693398 0.478075
0.549193 0.546127 553.100000 -0.637376 0.639570
0.549125 0.546038 553.200000 -0.588704 0.331435
0.549055 0.545940 553.300000 -0.571085 0.020063
0.548984 0.545845 553.400000 -0.559154 0.217950
0.548909 0.545778 553.500000 -0.518695 0.589222
0.548827 0.545794 553.600000 -0.432780 1.124780
0.548737 0.545776 553.700000 -0.329044 0.944750
0.548645 0.545685 553.800000 -0.267116 0.290714
0.548552 0.545592 553.900000 -0.265125 -0.250988
0.548462 0.545536 554.000000 -0.312212 -0.688400
0.548377 0.545537 554.100000 -0.399308 -1.049177
0.548302 0.545551 554.200000 -0.507747 -1.114166
0.548236 0.545513 554.300000 -0.604588 -0.817809
0.548172 0.545426 554.400000 -0.627928 0.352164
0.548105 0.545348 554.500000 -0.586418 0.475967
0.548033 0.545253 554.600000 -0.552238 0.205918
0.547957 0.545204 554.700000 -0.504749 0.741481
0.547877 0.545123 554.800000 -0.445954 0.431498
0.547793 0.545031 554.900000 -0.411468 0.256491
0.547710 0.544937 555.000000 -0.409854 -0.224299
0.547626 0.544843 555.100000 -0.410090 0.219595
0.547539 0.544791 555.200000 -0.363296 0.713943
0.547448 0.544740 555.300000 -0.291076 0.726854
0.547352 0.544995 555.400000 -0.155377 1.980330
0.547254 0.545169 555.500000 0.030967 1.737244
0.547158 0.545229 555.600000 0.184456 1.324848
0.547068 0.545210 555.700000 0.298067 0.941695
0.546981 0.545124 555.800000 0.363150 0.356719
0.546895 0.545030 555.900000 0.369734 -0.225364
0.546808 0.544935 556.000000 0.350456 -0.159231
0.546722 0.544876 556.100000 0.375683 0.662504
0.546642 0.544842 556.200000 0.451017 0.840399
0.546569 0.544791 556.300000 0.529654 0.728416
0.546504 0.544740 556.400000 0.602090 0.716675
0.546447 0.544704 556.500000 0.679730 0.832256
0.546399 0.544629 556.600000 0.746838 0.506546
0.546360 0.544582 556.700000 0.809756 0.748672
0.546333 0.544568 556.800000 0.895750 0.966894
0.546324 0.544549 556.900000 0.991222 0.937789
0.546325 0.544459 557.000000 1.053039 0.295457
0.546330 0.544362 557.100000 1.072423 0.091244
0.546331 0.544286 557.200000 1.052305 -0.492592
0.546327 0.544190 557.300000 1.021869 -0.114611
0.546327 0.544119 557.400000 1.043589 0.547923
0.546341 0.544102 557.500000 1.118511 0.946777
0.546377 0.544115 557.600000 1.221651 1.110873
0.546433 0.544057 557.700000 1.310633 0.664316
0.546503 0.543984 557.800000 1.370353 0.527095
0.546582 0.543890 557.900000 1.405438 0.172844
0.546665 0.543793 558.000000 1.419296 0.103635
0.546750 0.543696 558.100000 1.429287 0.095676
0.546838 0.543601 558.200000 1.442242 0.162771
0.546924 0.543518 558.300000 1.430595 -0.395114
0.546996 0.543460 558.400000 1.377789 -0.658362
0.547049 0.543436 558.500000 1.299196 -0.909586
0.547085 0.543374 558.600000 1.222468 -0.621124
0.547110 0.543289 558.700000 1.172314 -0.379460
0.547125 0.543217 558.800000 1.126726 -0.530014
0.547134 0.543122 558.900000 1.092776 -0.147298
0.547133 0.543092 559.000000 1.041819 -0.869279
0.547119 0.543027 559.100000 0.968308 -0.597266
0.547098 0.542935 559.200000 0.926827 -0.230290
0.547075 0.542839 559.300000 0.910413 -0.097156
0.547050 0.542742 559.400000 0.902401 -0.062685
0.547024 0.542645 559.500000 0.900789 0.030519
0.547000 0.542548 559.600000 0.905264 0.058766
0.546978 0.542459 559.700000 0.922863 0.292320
0.546966 0.542418 559.800000 0.977059 0.788905
0.546972 0.542451 559.900000 1.077077 1.206455
0.547000 0.542443 560.000000 1.187721 1.000886
0.547043 0.542359 560.100000 1.256242 0.366101
0.547087 0.542269 560.200000 1.259935 -0.292416
0.547125 0.542179 560.300000 1.232001 -0.264882
0.547154 0.542110 560.400000 1.190741 -0.558240
0.547175 0.542015 560.500000 1.155806 -0.138723
0.547189 0.541959 560.600000 1.114988 -0.675586
0.547184 0.542001 560.700000 1.018663 -1.246107
0.547150 0.542311 560.800000 0.849076 -2.137148
0.547086 0.542824 560.900000 0.610856 -2.615335
0.547000 0.543310 561.000000 0.351582 -2.557197
0.546903 0.543669 561.100000 0.110056 -2.261242
0.546807 0.544041 561.200000 -0.118299 -2.294441
0.546721 0.544443 561.300000 -0.351888 -2.365660
0.546654 0.544854 561.400000 -0.590260 -2.389858
0.546620 0.545340 561.500000 -0.838254 -2.557628
0.546623 0.545583 561.600000 -1.064486 -1.955691
0.546661 0.545651 561.700000 -1.230725 -1.360782
0.546728 0.545695 561.800000 -1.362136 -1.260874
0.546826 0.545696 561.900000 -1.478104 -1.052685
0.546941 0.545610 562.000000 -1.548066 -0.343059
0.547066 0.545521 562.100000 -1.579999 -0.293995
0.547188 0.545447 562.200000 -1.568719 0.519025
0.547291 0.545412 562.300000 -1.500904 0.833892
0.547375 0.545349 562.400000 -1.428046 0.619627
0.547441 0.545312 562.500000 -1.356142 0.814859
0.547487 0.545280 562.600000 -1.272314 0.857505
0.547517 0.545224 562.700000 -1.195314 0.678641
0.547536 0.545139 562.800000 -1.143189 0.361248
0.547553 0.545047 562.900000 -1.136602 -0.229827
0.547575 0.544954 563.000000 -1.158754 -0.212101
0.547595 0.544873 563.100000 -1.148322 0.420224
0.547615 0.544792 563.200000 -1.148524 -0.424254
0.547639 0.544695 563.300000 -1.168498 0.025768
0.547660 0.544606 563.400000 -1.153000 0.283407
0.547679 0.544512 563.500000 -1.147525 -0.174171
0.547699 0.544417 563.600000 -1.148884 0.147064
0.547715 0.544329 563.700000 -1.126435 0.300784
0.547731 0.544244 563.800000 -1.130014 -0.372178
0.547750 0.544148 563.900000 -1.145767 0.057890
0.547766 0.544058 564.000000 -1.129087 0.274878
0.547775 0.543976 564.100000 -1.095293 0.399325
0.547775 0.543906 564.200000 -1.048146 0.541254
0.547767 0.543826 564.300000 -0.999018 0.438848
0.547748 0.543772 564.400000 -0.942656 0.685580
0.547716 0.543776 564.500000 -0.854846 1.066221
0.547671 0.543723 564.600000 -0.766262 0.701042
0.547615 0.543721 564.700000 -0.679425 1.031352
0.547548 0.543690 564.800000 -0.584876 0.854904
0.547473 0.543692 564.900000 -0.489204 1.053748
0.547389 0.543704 565.000000 -0.380943 1.106054
0.547297 0.543814 565.100000 -0.248890 1.528410
0.547201 0.543882 565.200000 -0.103996 1.362225
0.547105 0.544229 565.300000 0.076532 2.239303
0.547014 0.544283 565.400000 0.254094 1.303065
0.546929 0.544233 565.500000 0.355752 0.725005
0.546848 0.544188 565.600000 0.430028 0.756807
0.546777 0.544238 565.700000 0.532509 1.287677
0.546717 0.544223 565.800000 0.645038 0.957274
0.546674 0.544382 565.900000 0.778141 1.698135
0.546655 0.544479 566.000000 0.937443 1.479944
0.546658 0.544485 566.100000 1.065590 1.076591
0.546673 0.544390 566.200000 1.123828 0.085248
0.546691 0.544296 566.300000 1.136351 0.164599
0.546710 0.544200 566.400000 1.145084 0.009622
0.546732 0.544110 566.500000 1.158681 0.261627
0.546759 0.544018 566.600000 1.182393 0.211441
0.546784 0.543935 566.700000 1.173234 -0.394177
0.546802 0.543848 566.800000 1.137825 -0.312231
0.546813 0.543761 566.900000 1.105918 -0.324301
0.546822 0.543666 567.000000 1.092867 0.063930
0.546835 0.543581 567.100000 1.113473 0.347149
0.546853 0.543488 567.200000 1.140703 0.196095
0.546875 0.543395 567.300000 1.159206 0.173042
0.546902 0.543304 567.400000 1.179998 0.241753
0.546927 0.543218 567.500000 1.175862 -0.324265
0.546943 0.543156 567.600000 1.128742 -0.615768
0.546947 0.543090 567.700000 1.068697 -0.582147
0.546936 0.543111 567.800000 0.981684 -1.153745
0.546909 0.543064 567.900000 0.886744 -0.740318
0.546882 0.543017 568.000000 0.886766 0.740767
0.546863 0.542932 568.100000 0.941522 0.351611
0.546852 0.542860 568.200000 0.984852 0.512814
0.546853 0.542810 568.300000 1.046660 0.720262
0.546879 0.543051 568.400000 1.180864 1.957099
0.546940 0.543067 568.500000 1.335453 1.126955
0.547018 0.542984 568.600000 1.410465 0.369546
0.547091 0.542958 568.700000 1.384434 -0.888874
0.547139 0.542983 568.800000 1.281118 -1.172273
0.547170 0.542897 568.900000 1.205875 -0.328824
0.547193 0.542827 569.000000 1.162830 -0.529930
0.547201 0.542804 569.100000 1.090598 -0.911100
0.547201 0.542709 569.200000 1.045818 0.017739
0.547196 0.542641 569.300000 1.018528 -0.562185
0.547180 0.542589 569.400000 0.955393 -0.697343
0.547154 0.542524 569.500000 0.890809 -0.591105
0.547111 0.542655 569.600000 0.780762 -1.604346
0.547050 0.542766 569.700000 0.623387 -1.535272
0.546972 0.542923 569.800000 0.461462 -1.695135
0.546883 0.543204 569.900000 0.272649 -2.071687
0.546787 0.543507 570.000000 0.062018 -2.130400
0.546693 0.543656 570.100000 -0.128353 -1.667501
0.546602 0.543595 570.200000 -0.243267 -0.625045
0.546514 0.543515 570.300000 -0.295440 -0.415804
0.546429 0.543449 570.400000 -0.345481 -0.582516
0.546348 0.543429 570.500000 -0.421024 -0.924565
0.546276 0.543439 570.600000 -0.522463 -1.099129
0.546212 0.543353 570.700000 -0.593975 -0.327548
0.546153 0.543309 570.800000 -0.648610 -0.762417
0.546106 0.543328 570.900000 -0.744131 -1.143234
0.546069 0.543251 571.000000 -0.823746 -0.445073
0.546038 0.543158 571.100000 -0.855204 -0.182515
0.546009 0.543066 571.200000 -0.873299 -0.178481
0.545980 0.542975 571.300000 -0.871420 0.215970
0.545947 0.542885 571.400000 -0.849064 0.230024
0.545907 0.542853 571.500000 -0.794809 0.852371
0.545857 0.542794 571.600000 -0.720236 0.635364
0.545797 0.542788 571.700000 -0.637841 1.008401
0.545727 0.542767 571.800000 -0.541119 0.921214
0.545649 0.542767 571.900000 -0.442633 1.043586
0.545565 0.542697 572.000000 -0.363525 0.534617
0.545479 0.542622 572.100000 -0.312910 0.475139
0.545389 0.542544 572.200000 -0.267405 0.432699
0.545299 0.542460 572.300000 -0.228433 0.344778
0.545206 0.542396 572.400000 -0.181269 0.596159
0.545112 0.542440 572.500000 -0.088222 1.260119
0.545017 0.542468 572.600000 0.034372 1.185630
0.544924 0.542503 572.700000 0.155063 1.222168
0.544835 0.542539 572.800000 0.277676 1.223946
0.544753 0.542510 572.900000 0.382408 0.865463
0.544678 0.542538 573.000000 0.485181 1.184859
0.544616 0.542584 573.100000 0.608135 1.268064
0.544567 0.542613 573.200000 0.731404 1.191162
0.544536 0.542652 573.300000 0.853148 1.237630
0.544522 0.542645 573.400000 0.965653 1.006837
0.544526 0.542630 573.500000 1.063759 0.950381
0.544542 0.542545 573.600000 1.128167 0.334562
0.544561 0.542450 573.700000 1.146173 0.024669
0.544581 0.542356 573.800000 1.145130 -0.045489
0.544595 0.542278 573.900000 1.120855 -0.438794
0.544604 0.542187 574.000000 1.089349 -0.189748
0.544607 0.542108 574.100000 1.058755 -0.420598
0.544609 0.542029 574.200000 1.059229 0.430040
0.544615 0.541937 574.300000 1.074048 -0.134388
0.544616 0.541854 574.400000 1.049300 -0.359332
0.544607 0.541818 574.500000 0.990079 -0.822143
0.544585 0.541765 574.600000 0.914344 -0.688769
0.544551 0.541731 574.700000 0.838155 -0.831190
0.544506 0.541694 574.800000 0.755678 -0.814242
0.544453 0.541618 574.900000 0.692158 -0.452968
0.544401 0.541555 575.000000 0.699340 0.596243
0.544353 0.541461 575.100000 0.732083 0.056983
0.544304 0.541368 575.200000 0.728818 -0.122117
0.544256 0.541275 575.300000 0.728246 0.110697
0.544208 0.541181 575.400000 0.733358 -0.008706
0.544161 0.541091 575.500000 0.743972 0.220452
0.544119 0.541013 575.600000 0.776498 0.428440
0.544084 0.540942 575.700000 0.823467 0.508598
0.544053 0.540850 575.800000 0.856369 0.147801
0.544023 0.540756 575.900000 0.864799 0.020370
0.544001 0.540734 576.000000 0.911562 0.912562
0.543992 0.540690 576.100000 0.995059 0.753199
0.543985 0.540630 576.200000 1.001389 -0.626924
0.543971 0.540539 576.300000 0.961499 -0.168875
0.543953 0.540450 576.400000 0.941304 -0.234011
0.543935 0.540356 576.500000 0.933311 0.074540
0.543917 0.540263 576.600000 0.939638 0.051688
0.543893 0.540231 576.700000 0.899848 -0.845503
0.543856 0.540190 576.800000 0.818277 -0.781843
0.543811 0.540122 576.900000 0.751989 -0.540598
0.543760 0.540048 577.000000 0.701196 -0.472717
0.543704 0.539955 577.100000 0.671891 -0.111920
0.543646 0.539887 577.200000 0.639038 -0.543491
0.543579 0.539892 577.300000 0.558410 -1.065040
0.543503 0.539847 577.400000 0.467517 -0.748284
0.543424 0.539759 577.500000 0.417331 -0.252929
0.543343 0.539679 577.600000 0.385141 -0.389259
0.543262 0.539599 577.700000 0.385285 0.392142
0.543181 0.539518 577.800000 0.385826 -0.381348
0.543096 0.539463 577.900000 0.333186 -0.668832
0.543010 0.539371 578.000000 0.305178 0.110081
0.542926 0.539289 578.100000 0.328517 0.355525
0.542843 0.539196 578.200000 0.348845 0.050013
0.542760 0.539106 578.300000 0.361382 0.200103
0.542678 0.539013 578.400000 0.370507 -0.018055
0.542598 0.538942 578.500000 0.394874 0.504171
0.542521 0.538872 578.600000 0.446430 0.524369
0.542449 0.538804 578.700000 0.499410 0.532590
0.542379 0.538711 578.800000 0.526531 0.008479
0.542308 0.538623 578.900000 0.514875 -0.241024
0.542236 0.538531 579.000000 0.496883 -0.117916
0.542166 0.538460 579.100000 0.516449 0.508270
0.542098 0.538368 579.200000 0.546787 0.096963
0.542035 0.538338 579.300000 0.594360 0.852122
0.541977 0.538246 579.400000 0.643345 0.125122
0.541920 0.538153 579.500000 0.648642 -0.019440
0.541863 0.538062 579.600000 0.654737 0.141041
0.541813 0.538054 579.700000 0.711561 0.992600
0.541778 0.538079 579.800000 0.819917 1.169083
0.541757 0.538037 579.900000 0.916715 0.762036
0.541751 0.538040 580.000000 1.007738 1.053873
0.541760 0.537972 580.100000 1.087748 0.542327
0.541779 0.537907 580.200000 1.143142 0.562792
0.541809 0.537840 580.300000 1.198557 0.542739
0.541849 0.537759 580.400000 1.244513 0.374074
0.541894 0.537666 580.500000 1.264763 0.029928
0.541937 0.537575 580.600000 1.260966 -0.105683
0.541973 0.537513 580.700000 1.225662 -0.598636
0.542000 0.537427 580.800000 1.182125 -0.269923
0.542028 0.537342 580.900000 1.183678 0.300902
0.542064 0.537274 581.000000 1.225299 0.529444
0.542108 0.537187 581.100000 1.264262 0.247865
0.542151 0.537105 581.200000 1.258746 -0.357909
0.542187 0.537021 581.300000 1.225710 -0.301166
0.542211 0.536984 581.400000 1.170224 -0.805770
0.542219 0.536972 581.500000 1.081403 -0.966219
0.542213 0.536901 581.600000 1.008161 -0.494952
0.542197 0.536849 581.700000 0.948946 -0.686387
0.542173 0.536765 581.800000 0.899126 -0.307530
0.542141 0.536726 581.900000 0.844301 -0.786232
0.542101 0.536650 582.000000 0.782909 -0.438528
0.542052 0.536630 582.100000 0.714869 -0.918872
0.541993 0.536585 582.200000 0.631939 -0.735590
0.541929 0.536495 582.300000 0.585911 -0.182656
0.541862 0.536430 582.400000 0.548794 -0.557842
0.541790 0.536366 582.500000 0.492338 -0.568439
0.541716 0.536274 582.600000 0.467753 0.077959
0.541641 0.536183 582.700000 0.467237 -0.088260
0.541568 0.536101 582.800000 0.480406 0.350995
0.541501 0.536086 582.900000 0.545272 0.943080
0.541446 0.536166 583.000000 0.663577 1.417102
0.541407 0.536198 583.100000 0.794835 1.201504
0.541383 0.536162 583.200000 0.895614 0.809022
0.541371 0.536114 583.300000 0.972170 0.718281
0.541371 0.536057 583.400000 1.040006 0.635043
0.541381 0.535981 583.500000 1.093414 0.430443
0.541396 0.535891 583.600000 1.122115 0.142140
0.541408 0.535821 583.700000 1.103957 -0.504380
0.541403 0.535862 583.800000 1.016132 -1.247734
0.541378 0.535929 583.900000 0.885373 -1.360906
0.541336 0.535902 584.000000 0.773572 -0.869525
0.541282 0.535934 584.100000 0.669676 -1.203209
0.541213 0.536059 584.200000 0.529752 -1.588258
0.541131 0.536357 584.300000 0.343133 -2.134802
0.541040 0.536531 584.400000 0.147718 -1.763732
0.540947 0.536515 584.500000 0.012311 -0.937627
0.540856 0.536650 584.600000 -0.116487 -1.631890
0.540769 0.536618 584.700000 -0.240014 -0.832487
0.540685 0.536564 584.800000 -0.315195 -0.667362
0.540603 0.536473 584.900000 -0.347987 0.013153
0.540519 0.536400 585.000000 -0.323410 0.477152
0.540434 0.536309 585.100000 -0.300234 -0.014776
0.540347 0.536310 585.200000 -0.248568 1.045511
0.540257 0.536253 585.300000 -0.164276 0.636117
0.540166 0.536176 585.400000 -0.112321 0.400381
0.540074 0.536097 585.500000 -0.072325 0.397534
0.539982 0.536011 585.600000 -0.039654 0.254255
0.539890 0.535920 585.700000 -0.025712 0.023884
0.539798 0.535839 585.800000 -0.042083 -0.350484
0.539706 0.535748 585.900000 -0.060944 -0.025797
0.539615 0.535659 586.000000 -0.053652 0.171268
0.539523 0.535570 586.100000 -0.036326 0.174394
0.539431 0.535497 586.200000 -0.004263 0.465257
0.539339 0.535407 586.300000 0.014199 -0.096937
0.539247 0.535317 586.400000 0.003117 -0.124151
0.539155 0.535226 586.500000 -0.007261 -0.082896
0.539063 0.535137 586.600000 -0.020139 -0.174016
0.538971 0.535066 586.700000 -0.004729 0.481452
0.538879 0.534978 586.800000 0.028838 0.188199
0.538788 0.534904 586.900000 0.060861 0.450661
0.538697 0.534814 587.000000 0.077939 -0.109950
0.538605 0.534729 587.100000 0.059062 -0.266641
0.538513 0.534642 587.200000 0.033902 -0.235305
0.538422 0.534567 587.300000 0.043885 0.434475
0.538331 0.534480 587.400000 0.075744 0.201098
0.538240 0.534403 587.500000 0.105982 0.402146
0.538150 0.534324 587.600000 0.145056 0.377380
0.538062 0.534258 587.700000 0.191222 0.543631
0.537976 0.534197 587.800000 0.248067 0.590444
0.537893 0.534170 587.900000 0.321092 0.866391
0.537816 0.534155 588.000000 0.411907 0.945377
0.537745 0.534107 588.100000 0.494741 0.707153
0.537684 0.534142 588.200000 0.591197 1.217141
0.537632 0.534091 588.300000 0.686501 0.684183
0.537590 0.534062 588.400000 0.763612 0.854179
0.537559 0.534014 588.500000 0.841941 0.708488
0.537538 0.533958 588.600000 0.909589 0.641081
0.537522 0.533868 588.700000 0.938515 -0.064010
0.537507 0.533784 588.800000 0.949356 0.280293
0.537492 0.533699 588.900000 0.949784 -0.271754
0.537467 0.533710 589.000000 0.881490 -1.090713
0.537430 0.533641 589.100000 0.801271 -0.509648
0.537387 0.533573 589.200000 0.749894 -0.515319
0.537332 0.533635 589.300000 0.656916 -1.339606
0.537266 0.533622 589.400000 0.541980 -0.953351
0.537190 0.533714 589.500000 0.420512 -1.469954
0.537105 0.533809 589.600000 0.272770 -1.477481
0.537017 0.533726 589.700000 0.183380 -0.305849
0.536929 0.533679 589.800000 0.203703 0.711287
0.536844 0.533596 589.900000 0.254489 0.301898
0.536761 0.533588 590.000000 0.319205 0.989184
0.536683 0.533506 590.100000 0.384114 0.305747
0.536607 0.533437 590.200000 0.424628 0.502504
0.536536 0.533371 590.300000 0.476875 0.539818
0.536467 0.533281 590.400000 0.505914 0.039507
0.536397 0.533195 590.500000 0.497008 -0.217180
0.536323 0.533138 590.600000 0.454562 -0.629609
0.536244 0.533168 590.700000 0.363200 -1.193071
0.536160 0.533098 590.800000 0.279288 -0.480969
0.536073 0.533042 590.900000 0.222981 -0.642345
0.535984 0.533093 591.000000 0.126202 -1.288408
0.535893 0.533088 591.100000 0.011127 -1.007336
0.535803 0.533140 591.200000 -0.104338 -1.296191
0.535716 0.533076 591.300000 -0.197177 -0.555938
0.535630 0.532989 591.400000 -0.234734 -0.193336
0.535547 0.532968 591.500000 -0.289803 -0.905296
0.535469 0.532960 591.600000 -0.384338 -0.980671
0.535395 0.532881 591.700000 -0.452031 -0.369798
0.535325 0.532796 591.800000 -0.482337 -0.234807
0.535257 0.532727 591.900000 -0.519336 -0.503333
0.535192 0.532640 592.000000 -0.554065 -0.189499
0.535129 0.532550 592.100000 -0.564329 -0.015268
0.535067 0.532465 592.200000 -0.576671 -0.230971
0.535008 0.532388 592.300000 -0.607834 -0.390712
0.534952 0.532308 592.400000 -0.644555 -0.341872
0.534900 0.532219 592.500000 -0.666532 -0.096572
0.534844 0.532163 592.600000 -0.639541 0.635044
0.534783 0.532084 592.700000 -0.590129 0.350721
0.534715 0.532114 592.800000 -0.512839 1.191212
0.534640 0.532046 592.900000 -0.427298 0.515329
0.534558 0.532208 593.000000 -0.314863 1.727759
0.534470 0.532317 593.100000 -0.151370 1.533922
0.534380 0.532422 593.200000 0.001833 1.522474
0.534291 0.532418 593.300000 0.128606 1.006645
0.534205 0.532356 593.400000 0.207990 0.577072
0.534121 0.532281 593.500000 0.257455 0.409760
0.534036 0.532201 593.600000 0.261124 -0.336573
0.533951 0.532113 593.700000 0.236911 -0.146485
0.533865 0.532030 593.800000 0.215625 -0.278166
0.533779 0.531945 593.900000 0.213896 0.243686
0.533693 0.531858 594.000000 0.217221 -0.177361
0.533607 0.531769 594.100000 0.207794 -0.010703
0.533521 0.531682 594.200000 0.197995 -0.184801
0.533434 0.531593 594.300000 0.190056 0.026419
0.533349 0.531580 594.400000 0.239082 0.951652
0.533268 0.531540 594.500000 0.325213 0.766673
0.533193 0.531531 594.600000 0.412901 0.982695
0.533126 0.531538 594.700000 0.515696 1.068059
0.533066 0.531470 594.800000 0.594219 0.498484
0.533009 0.531381 594.900000 0.625073 0.117045
0.532953 0.531292 595.000000 0.628546 -0.047743
0.532893 0.531235 595.100000 0.595294 -0.615652
0.532830 0.531146 595.200000 0.568950 0.090096
0.532768 0.531060 595.300000 0.564070 -0.187441
0.532701 0.531004 595.400000 0.523100 -0.629923
0.532633 0.530919 595.500000 0.502264 0.214238
0.532567 0.530835 595.600000 0.525389 0.247123
0.532502 0.530746 595.700000 0.541577 0.075826
0.532438 0.530657 595.800000 0.546969 0.031745
0.532373 0.530573 595.900000 0.537198 -0.226681
0.532306 0.530484 596.000000 0.524618 -0.024288
0.532243 0.530436 596.100000 0.558460 0.699430
0.532187 0.530393 596.200000 0.630641 0.740575
0.532138 0.530325 596.300000 0.692781 0.499132
0.532094 0.530241 596.400000 0.731003 0.263386
0.532054 0.530169 596.500000 0.766085 0.436500
0.532020 0.530099 596.600000 0.811918 0.477876
0.531992 0.530026 596.700000 0.857463 0.430738
0.531969 0.529938 596.800000 0.885261 0.123847
0.531945 0.529853 596.900000 0.881445 -0.199981
0.531910 0.529905 597.000000 0.806381 -1.297556
0.531863 0.529853 597.100000 0.707878 -0.667563
0.531811 0.529767 597.200000 0.666647 -0.155009
0.531755 0.529710 597.300000 0.627772 -0.620546
0.531690 0.529742 597.400000 0.536469 -1.200944
0.531615 0.529843 597.500000 0.400790 -1.505854
0.531532 0.529871 597.600000 0.266208 -1.179057
0.531445 0.529857 597.700000 0.159832 -0.943132
0.531356 0.529999 597.800000 0.029373 -1.659527
0.531270 0.530348 597.900000 -0.168548 -2.289013
0.531194 0.530718 598.000000 -0.400634 -2.341103
0.531140 0.531133 598.100000 -0.641123 -2.456652
0.531114 0.531416 598.200000 -0.869900 -2.107446
0.531122 0.531653 598.300000 -1.074526 -1.974829
0.531165 0.531776 598.400000 -1.253441 -1.594537
0.531229 0.531705 598.500000 -1.356489 -0.461278
0.531305 0.531632 598.600000 -1.401051 -0.427731
0.531387 0.531545 598.700000 -1.430722 -0.164194
0.531472 0.531457 598.800000 -1.444000 -0.100710
0.531562 0.531373 598.900000 -1.461187 -0.242168
0.531656 0.531288 599.000000 -1.482674 -0.186505
0.531761 0.531225 599.100000 -1.520102 -0.560171
0.531879 0.531161 599.200000 -1.575364 -0.542315
0.531997 0.531098 599.300000 -1.575052 0.548544
0.532104 0.531016 599.400000 -1.532909 0.292199
0.532202 0.530943 599.500000 -1.496677 0.430637
0.532296 0.530855 599.600000 -1.478428 -0.066562
0.532390 0.530766 599.700000 -1.482528 -0.015237
0.532482 0.530682 599.800000 -1.472730 0.210713
0.532569 0.530597 599.900000 -1.451286 0.217088
0.532658 0.530519 600.000000 -1.458012 -0.351265
0.532746 0.530440 600.100000 -1.458797 0.335602
0.532827 0.530359 600.200000 -1.427208 0.294595
0.532903 0.530272 600.300000 -1.404614 0.156157
0.532978 0.530185 600.400000 -1.402868 -0.121332
0.533057 0.530104 600.500000 -1.422935 -0.279005
0.533138 0.530020 600.600000 -1.425044 0.236942
0.533209 0.529956 600.700000 -1.385907 0.543839
0.533256 0.530080 600.800000 -1.278595 1.597030
0.533272 0.530179 600.900000 -1.123455 1.498014
0.533259 0.530390 601.000000 -0.953311 1.896349
0.533219 0.530618 601.100000 -0.760459 1.951050
0.533157 0.530824 601.200000 -0.568357 1.881381
0.533081 0.531005 601.300000 -0.383926 1.798029
0.532997 0.530962 601.400000 -0.256754 0.739057
0.532912 0.530880 601.500000 -0.206332 0.266845
0.532827 0.530794 601.600000 -0.183517 0.188332
0.532740 0.530714 601.700000 -0.158591 0.308937
0.532653 0.530634 601.800000 -0.127487 0.311586
0.532565 0.530577 601.900000 -0.081119 0.613463
0.532477 0.530516 602.000000 -0.021970 0.566558
0.532388 0.530431 602.100000 -0.003657 -0.201223
0.532300 0.530388 602.200000 -0.050722 -0.737725
0.532214 0.530489 602.300000 -0.163354 -1.509275
0.532132 0.530479 602.400000 -0.287675 -0.970940
0.532059 0.530611 602.500000 -0.417924 -1.627526
0.531998 0.530745 602.600000 -0.581526 -1.636337
0.531958 0.530970 602.700000 -0.760994 -1.944045
0.531939 0.530986 602.800000 -0.914541 -1.119208
0.531942 0.531085 602.900000 -1.045887 -1.501152
0.531976 0.531297 603.000000 -1.216486 -1.902305
0.532050 0.531453 603.100000 -1.397798 -1.714862
0.532155 0.531425 603.200000 -1.526695 -0.856643
0.532286 0.531438 603.300000 -1.624976 -1.104060
0.532446 0.531435 603.400000 -1.731010 -1.011309
0.532632 0.531397 603.500000 -1.820653 -0.777081
0.532833 0.531311 603.600000 -1.867339 -0.154305
0.533036 0.531223 603.700000 -1.876323 -0.024919
0.533241 0.531136 603.800000 -1.882694 -0.102175
0.533458 0.531081 603.900000 -1.919526 -0.632626
0.533683 0.530994 604.000000 -1.946625 0.091985
0.533890 0.530996 604.100000 -1.889735 1.042983
0.534072 0.530942 604.200000 -1.805398 0.639538
0.534233 0.530896 604.300000 -1.737746 0.710120
0.534374 0.530853 604.400000 -1.665297 0.735225
0.534489 0.530879 604.500000 -1.569509 1.175758
0.534580 0.530841 604.600000 -1.471668 0.776161
0.534655 0.530780 604.700000 -1.404387 0.566104
0.534713 0.530760 604.800000 -1.330581 0.906323
0.534752 0.530737 604.900000 -1.240700 0.886796
0.534770 0.530771 605.000000 -1.135590 1.210163
0.534765 0.530833 605.100000 -1.007386 1.347499
0.534743 0.530810 605.200000 -0.895587 0.882885
0.534706 0.530842 605.300000 -0.790974 1.204141
0.534655 0.530893 605.400000 -0.665588 1.297319
0.534589 0.530982 605.500000 -0.527254 1.462449
0.534514 0.531004 605.600000 -0.396107 1.153929
0.534433 0.531015 605.700000 -0.283550 1.091581
0.534346 0.531123 605.800000 -0.151716 1.538512
0.534258 0.531290 605.900000 0.013583 1.759204
0.534172 0.531345 606.000000 0.167690 1.315228
0.534092 0.531452 606.100000 0.310532 1.534467
0.534022 0.531559 606.200000 0.464530 1.537785
0.533964 0.531615 606.300000 0.607647 1.317408
0.533919 0.531614 606.400000 0.725242 1.028614
0.533892 0.531745 606.500000 0.858309 1.626065
0.533888 0.531808 606.600000 1.007712 1.354530
0.533911 0.531955 606.700000 1.160167 1.686936
0.533966 0.532045 606.800000 1.318242 1.466662
0.534049 0.532035 606.900000 1.440630 0.974992
0.534144 0.531948 607.000000 1.492273 0.055280
0.534249 0.531902 607.100000 1.530854 0.714407
0.534371 0.531840 607.200000 1.594390 0.553134
0.534501 0.531753 607.300000 1.626832 0.094093
0.534622 0.531714 607.400000 1.593277 -0.763520
0.534721 0.531697 607.500000 1.508463 -0.928506
0.534798 0.531677 607.600000 1.416644 -0.903285
0.534852 0.531699 607.700000 1.313482 -1.154808
0.534873 0.531968 607.800000 1.151248 -2.081763
0.534862 0.532079 607.900000 0.968974 -1.554601
0.534826 0.532315 608.000000 0.791581 -1.984376
0.534764 0.532731 608.100000 0.568155 -2.472983
0.534684 0.533208 608.200000 0.312759 -2.622161
0.534597 0.533686 608.300000 0.049792 -2.624042
0.534513 0.534123 608.400000 -0.208307 -2.525020
0.534442 0.534536 608.500000 -0.458652 -2.469363
0.534394 0.534847 608.600000 -0.692850 -2.202898
0.534371 0.535021 608.700000 -0.892812 -1.786345
0.534379 0.535242 608.800000 -1.079574 -1.939548
0.534417 0.535265 608.900000 -1.235062 -1.162440
0.534476 0.535243 609.000000 -1.338273 -0.896618
0.534543 0.535160 609.100000 -1.371110 0.241526
0.534599 0.535105 609.200000 -1.327190 0.634667
0.534639 0.535101 609.300000 -1.244736 1.010298
0.534658 0.535099 609.400000 -1.142915 1.021033
0.534656 0.535178 609.500000 -1.020274 1.425657
0.534628 0.535390 609.600000 -0.852920 1.913042
0.534575 0.535663 609.700000 -0.651860 2.098111
0.534504 0.535838 609.800000 -0.456966 1.790024
0.534425 0.535855 609.900000 -0.310480 1.132362
0.534340 0.535863 610.000000 -0.199748 1.076742
0.534254 0.535835 610.100000 -0.102963 0.854122
0.534167 0.535747 610.200000 -0.063358 -0.064007
0.534079 0.535660 610.300000 -0.061721 0.096677
0.533992 0.535573 610.400000 -0.060186 -0.066061
0.533906 0.535540 610.500000 -0.104712 -0.822223
0.533822 0.535566 610.600000 -0.205007 -1.178673
0.533744 0.535674 610.700000 -0.341508 -1.544506
0.533675 0.535719 610.800000 -0.482639 -1.271061
0.533616 0.535690 610.900000 -0.588818 -0.847226
0.533567 0.535680 611.000000 -0.680256 -0.976957
0.533527 0.535625 611.100000 -0.761095 -0.635783
0.533491 0.535538 611.200000 -0.790282 0.053506
0.533450 0.535488 611.300000 -0.753669 0.676933
0.533403 0.535408 611.400000 -0.704179 0.310391
0.533352 0.535349 611.500000 -0.659266 0.585614
0.533295 0.535270 611.600000 -0.613285 0.331715
0.533240 0.535200 611.700000 -0.619789 -0.461481
0.533188 0.535123 611.800000 -0.660671 -0.354106
0.533139 0.535037 611.900000 -0.684748 -0.126232
0.533089 0.534959 612.000000 -0.673773 0.345179
0.533034 0.534902 612.100000 -0.626149 0.604934
0.532975 0.534823 612.200000 -0.579660 0.322513
0.532912 0.534745 612.300000 -0.546219 0.344628
0.532849 0.534663 612.400000 -0.541959 -0.259638
0.532786 0.534578 612.500000 -0.546368 0.171689
0.532724 0.534496 612.600000 -0.549980 -0.243760
0.532663 0.534409 612.700000 -0.559961 0.044644
0.532598 0.534356 612.800000 -0.525110 0.650635
0.532528 0.534339 612.900000 -0.446252 0.922585
0.532453 0.534255 613.000000 -0.389507 0.209479
0.532376 0.534213 613.100000 -0.341873 0.740820
0.532295 0.534170 613.200000 -0.267752 0.737880
0.532211 0.534118 613.300000 -0.197807 0.657526
0.532125 0.534138 613.400000 -0.107499 1.144122
0.532039 0.534142 613.500000 0.002967 1.059668
0.531953 0.534154 613.600000 0.111271 1.101005
0.531871 0.534195 613.700000 0.229241 1.252502
0.531794 0.534215 613.800000 0.349651 1.149668
0.531725 0.534223 613.900000 0.461398 1.079685
0.531663 0.534196 614.000000 0.558640 0.860304
0.531609 0.534140 614.100000 0.632341 0.610021
0.531563 0.534109 614.200000 0.704553 0.830620
0.531526 0.534059 614.300000 0.779968 0.673899
0.531498 0.534007 614.400000 0.846674 0.656889
0.531480 0.533969 614.500000 0.918495 0.775948
0.531471 0.533892 614.600000 0.974424 0.339836
0.531465 0.533805 614.700000 0.995350 0.077621
0.531458 0.533722 614.800000 0.989456 -0.195191
0.531451 0.533637 614.900000 0.986625 0.138695
0.531447 0.533556 615.000000 1.007319 0.274157
0.531446 0.533469 615.100000 1.023119 0.041056
0.531441 0.533404 615.200000 0.999596 -0.510335
0.531423 0.533411 615.300000 0.920079 -1.076035
0.531392 0.533383 615.400000 0.823670 -0.847316
0.531350 0.533362 615.500000 0.735907 -0.903556
0.531300 0.533290 615.600000 0.669663 -0.418028
0.531246 0.533209 615.700000 0.635875 -0.256034
0.531189 0.533146 615.800000 0.595639 -0.546674
0.531124 0.533154 615.900000 0.514402 -1.074002
0.531050 0.533212 616.000000 0.393536 -1.337279
0.530971 0.533178 616.100000 0.286223 -0.803603
0.530888 0.533151 616.200000 0.202951 -0.857676
0.530803 0.533146 616.300000 0.109786 -1.000981
0.530717 0.533171 616.400000 0.000723 -1.174810
0.530632 0.533229 616.500000 -0.124886 -1.331092
0.530551 0.533268 616.600000 -0.254052 -1.245765
0.530475 0.533232 616.700000 -0.355953 -0.787159
0.530407 0.533286 616.800000 -0.461345 -1.315431
0.530346 0.533222 616.900000 -0.553965 -0.532332
0.530289 0.533155 617.000000 -0.604850 -0.482822
0.530238 0.533089 617.100000 -0.654410 -0.505894
0.530196 0.533102 617.200000 -0.735352 -1.108898
0.530168 0.533111 617.300000 -0.845267 -1.083907
0.530159 0.533218 617.400000 -0.977046 -1.545086
0.530174 0.533244 617.500000 -1.113609 -1.179341
0.530210 0.533252 617.600000 -1.226898 -1.080775
0.530272 0.533333 617.700000 -1.353003 -1.435025
0.530368 0.533409 617.800000 -1.495880 -1.415368
0.530493 0.533400 617.900000 -1.615886 -0.978756
0.530642 0.533366 618.000000 -1.705196 -0.802980
0.530814 0.533324 618.100000 -1.782696 -0.743154
0.531010 0.533317 618.200000 -1.869714 -0.992847
0.531245 0.533397 618.300000 -1.991280 -1.432395
0.531517 0.533364 618.400000 -2.103735 -0.811078
0.531816 0.533323 618.500000 -2.181970 -0.749711
0.532136 0.533253 618.600000 -2.242065 -0.449189
0.532473 0.533186 618.700000 -2.288641 -0.480001
0.532820 0.533100 618.800000 -2.312955 -0.005072
0.533156 0.533034 618.900000 -2.288235 0.498235
0.533466 0.533027 619.000000 -2.213527 0.992199
0.533734 0.533101 619.100000 -2.093183 1.408660
0.533951 0.533243 619.200000 -1.938305 1.681161
0.534123 0.533288 619.300000 -1.790238 1.272771
0.534247 0.533624 619.400000 -1.611814 2.286794
0.534320 0.533818 619.500000 -1.403721 1.864659
0.534357 0.533909 619.600000 -1.236081 1.479756
0.534367 0.533964 619.700000 -1.095500 1.324826
0.534355 0.534049 619.800000 -0.956049 1.457236
0.534324 0.534070 619.900000 -0.825384 1.149524
0.534278 0.534089 620.000000 -0.710507 1.142265
0.534221 0.534086 620.100000 -0.602482 1.012844
0.534153 0.534185 620.200000 -0.475701 1.516443
0.534078 0.534155 620.300000 -0.357936 0.832951
0.533997 0.534188 620.400000 -0.255102 1.218605
0.533912 0.534165 620.500000 -0.149685 0.884448
0.533827 0.534177 620.600000 -0.050141 1.101455
0.533741 0.534157 620.700000 0.050663 0.909587
0.533656 0.534073 620.800000 0.102155 0.117678
0.533570 0.533995 620.900000 0.092252 -0.315234
0.533485 0.533916 621.000000 0.060888 -0.310490
0.533399 0.533836 621.100000 0.032500 -0.255847
0.533313 0.533753 621.200000 0.008871 -0.215537
0.533227 0.533668 621.300000 -0.004725 -0.055706
0.533142 0.533613 621.400000 0.023575 0.620290
0.533056 0.533548 621.500000 0.080110 0.507588
0.532973 0.533653 621.600000 0.182842 1.541899
0.532899 0.533992 621.700000 0.375358 2.298801
0.532839 0.534092 621.800000 0.566816 1.520783
0.532797 0.534288 621.900000 0.736868 1.871755
0.532780 0.534489 622.000000 0.925383 1.889125
0.532789 0.534530 622.100000 1.083156 1.258452
0.532825 0.534663 622.200000 1.228947 1.650062
0.532901 0.534961 622.300000 1.421125 2.183894
0.533028 0.535164 622.400000 1.625708 1.897547
0.533201 0.535246 622.500000 1.793254 1.444985
0.533408 0.535219 622.600000 1.908906 0.862277
0.533643 0.535207 622.700000 2.000031 0.955668
0.533908 0.535177 622.800000 2.089849 0.836209
0.534205 0.535173 622.900000 2.182327 1.008726
0.534546 0.535259 623.000000 2.306254 1.463608
0.534947 0.535405 623.100000 2.464862 1.700631
0.535419 0.535554 623.200000 2.635939 1.712339
0.535951 0.535565 623.300000 2.776980 1.101434
0.536533 0.535568 623.400000 2.884707 1.047711
0.537139 0.535482 623.500000 2.937562 0.006747
0.537734 0.535411 623.600000 2.916155 -0.433801
0.538298 0.535395 623.700000 2.847447 -0.936938
0.538820 0.535374 623.800000 2.755705 -0.893308
0.539297 0.535398 623.900000 2.652120 -1.173218
0.539724 0.535444 624.000000 2.529085 -1.281332
0.540094 0.535546 624.100000 2.388046 -1.532389
0.540400 0.535754 624.200000 2.215286 -1.914181
0.540645 0.535899 624.300000 2.034128 -1.699923
0.540843 0.535941 624.400000 1.885673 -1.261747
0.541001 0.536030 624.500000 1.748310 -1.478638
0.541118 0.536157 624.600000 1.592590 -1.627987
0.541203 0.536137 624.700000 1.465253 -0.912371
0.541258 0.536316 624.800000 1.328365 -1.818562
0.541274 0.536546 624.900000 1.137607 -1.987057
0.541260 0.536700 625.000000 0.951288 -1.729996
0.541217 0.537111 625.100000 0.739604 -2.493110
0.541153 0.537290 625.200000 0.523410 -1.819968
0.541078 0.537266 625.300000 0.388012 -0.881204
0.541000 0.537195 625.400000 0.322080 -0.434143
0.540920 0.537125 625.500000 0.278463 -0.436030
0.540839 0.537039 625.600000 0.257317 0.014184
0.540758 0.536956 625.700000 0.267858 0.196100
0.540679 0.536894 625.800000 0.305003 0.544943
0.540604 0.536881 625.900000 0.380175 0.954731
0.540535 0.536834 626.000000 0.462730 0.692245
0.540472 0.536819 626.100000 0.544789 0.944828
0.540415 0.536736 626.200000 0.600293 0.162485
0.540359 0.536652 626.300000 0.615982 0.150512
0.540301 0.536582 626.400000 0.601156 -0.446288
0.540239 0.536519 626.500000 0.552000 -0.534381
0.540171 0.536547 626.600000 0.465327 -1.194745
0.540094 0.536577 626.700000 0.345160 -1.202594
0.540012 0.536579 626.800000 0.232390 -1.047149
0.539927 0.536692 626.900000 0.100730 -1.579484
0.539841 0.536805 627.000000 -0.057470 -1.576595
0.539759 0.536923 627.100000 -0.216532 -1.596699
0.539685 0.537114 627.200000 -0.389953 -1.863051
0.539622 0.537142 627.300000 -0.543337 -1.196958
0.539568 0.537083 627.400000 -0.632079 -0.573435
0.539523 0.537088 627.500000 -0.714446 -1.069793
0.539492 0.537151 627.600000 -0.836400 -1.363188
0.539484 0.537286 627.700000 -0.988137 -1.663967
0.539498 0.537267 627.800000 -1.117537 -0.917575
0.539520 0.537182 627.900000 -1.165795 -0.045159
0.539547 0.537109 628.000000 -1.187889 -0.395618
0.539585 0.537074 628.100000 -1.247806 -0.799736
0.539638 0.537031 628.200000 -1.324482 -0.729948
0.539710 0.537011 628.300000 -1.406489 -0.906077
0.539803 0.537002 628.400000 -1.501106 -0.981539
0.539920 0.536984 628.500000 -1.596202 -0.915624
0.540055 0.536920 628.600000 -1.668339 -0.523509
0.540199 0.536835 628.700000 -1.696775 -0.043801
0.540339 0.536754 628.800000 -1.686960 0.239620
0.540475 0.536669 628.900000 -1.672804 0.042794
0.540608 0.536589 629.000000 -1.657961 0.253323
0.540720 0.536646 629.100000 -1.578098 1.339932
0.540806 0.536608 629.200000 -1.472270 0.771349
0.540878 0.536542 629.300000 -1.408612 0.498619
0.540940 0.536468 629.400000 -1.365537 0.360731
0.540990 0.536437 629.500000 -1.305979 0.827456
0.541019 0.536461 629.600000 -1.205644 1.174231
0.541024 0.536577 629.700000 -1.066966 1.592380
0.541001 0.536781 629.800000 -0.891454 1.909086
0.540952 0.537075 629.900000 -0.686234 2.185068
0.540884 0.537355 630.000000 -0.469147 2.145818
0.540803 0.537699 630.100000 -0.244953 2.326834
0.540717 0.538096 630.200000 -0.004812 2.463995
0.540636 0.538463 630.300000 0.238449 2.389052
0.540569 0.538915 630.400000 0.488738 2.604226
0.540525 0.539171 630.500000 0.723235 2.073977
0.540506 0.539361 630.600000 0.920575 1.862959
0.540511 0.539363 630.700000 1.066587 1.049975
0.540534 0.539370 630.800000 1.173555 1.084037
0.540580 0.539390 630.900000 1.285687 1.153001
0.540644 0.539339 631.000000 1.376461 0.657941
0.540715 0.539254 631.100000 1.405241 -0.083787
0.540783 0.539170 631.200000 1.394638 -0.127744
0.540857 0.539113 631.300000 1.418360 0.601013
0.540946 0.539077 631.400000 1.488073 0.789747
0.541051 0.539008 631.500000 1.550455 0.454780
0.541165 0.538928 631.600000 1.585660 0.247560
0.541282 0.538843 631.700000 1.602862 0.095628
0.541394 0.538784 631.800000 1.579091 -0.569858
0.541493 0.538714 631.900000 1.527930 -0.450818
0.541586 0.538630 632.000000 1.501381 -0.078829
0.541670 0.538575 632.100000 1.466308 -0.620888
0.541741 0.538515 632.200000 1.407071 -0.560875
0.541798 0.538469 632.300000 1.343694 -0.703501
0.541840 0.538431 632.400000 1.269349 -0.779678
0.541867 0.538387 632.500000 1.194177 -0.720013
0.541876 0.538423 632.600000 1.096095 -1.236723
0.541862 0.538536 632.700000 0.954737 -1.583369
0.541829 0.538574 632.800000 0.812942 -1.245428
0.541783 0.538544 632.900000 0.708613 -0.835939
0.541734 0.538462 633.000000 0.677484 0.214905
0.541685 0.538377 633.100000 0.686942 -0.026212
0.541638 0.538296 633.200000 0.696818 0.223236
0.541592 0.538212 633.300000 0.702318 -0.113504
0.541547 0.538141 633.400000 0.717700 0.420372
0.541502 0.538068 633.500000 0.719876 -0.376962
0.541449 0.538089 633.600000 0.642714 -1.162427
0.541384 0.538208 633.700000 0.503915 -1.606611
0.541307 0.538370 633.800000 0.334698 -1.769265
0.541224 0.538564 633.900000 0.151724 -1.881064
0.541138 0.538652 634.000000 -0.016748 -1.479952
0.541055 0.538720 634.100000 -0.160875 -1.395378
0.540977 0.538768 634.200000 -0.295770 -1.295776
0.540905 0.538750 634.300000 -0.406809 -0.919465
0.540836 0.538669 634.400000 -0.464339 -0.228244
0.540771 0.538611 634.500000 -0.505195 -0.586832
0.540710 0.538539 634.600000 -0.554834 -0.403475
0.540653 0.538471 634.700000 -0.598160 -0.460875
0.540599 0.538386 634.800000 -0.621782 -0.010388
0.540547 0.538329 634.900000 -0.652130 -0.595057
0.540498 0.538245 635.000000 -0.676900 0.100903
0.540445 0.538198 635.100000 -0.637333 0.688462
0.540386 0.538128 635.200000 -0.581218 0.431027
0.540325 0.538049 635.300000 -0.546009 0.271392
0.540260 0.537989 635.400000 -0.504107 0.564559
0.540192 0.537905 635.500000 -0.472645 0.063095
0.540125 0.537822 635.600000 -0.475955 -0.129125
0.540057 0.537741 635.700000 -0.470547 0.237021
0.539987 0.537686 635.800000 -0.427941 0.612957
0.539912 0.537636 635.900000 -0.364187 0.658934
0.539835 0.537558 636.000000 -0.316318 0.296061
0.539757 0.537475 636.100000 -0.294501 0.139195
0.539679 0.537393 636.200000 -0.295226 -0.153673
0.539601 0.537312 636.300000 -0.291705 0.223925
0.539521 0.537261 636.400000 -0.247684 0.654295
0.539439 0.537229 636.500000 -0.173977 0.816162
0.539355 0.537205 636.600000 -0.089253 0.874078
0.539270 0.537138 636.700000 -0.021857 0.470480
0.539186 0.537082 636.800000 0.031755 0.599073
0.539101 0.537004 636.900000 0.076597 0.295519
0.539018 0.536922 637.000000 0.099400 0.159410
0.538934 0.536840 637.100000 0.116566 0.183041
0.538851 0.536783 637.200000 0.154930 0.582330
0.538770 0.536713 637.300000 0.205329 0.423121
0.538691 0.536676 637.400000 0.265595 0.779179
0.538615 0.536614 637.500000 0.331463 0.534902
0.538546 0.536731 637.600000 0.438572 1.601912
0.538488 0.536767 637.700000 0.580823 1.235994
0.538438 0.536699 637.800000 0.665546 0.454236
0.538393 0.536623 637.900000 0.704599 0.324878
0.538353 0.536569 638.000000 0.751791 0.616600
0.538323 0.536560 638.100000 0.831709 0.977750
0.538301 0.536485 638.200000 0.897744 0.339655
0.538287 0.536433 638.300000 0.946844 0.639889
0.538283 0.536379 638.400000 1.010293 0.625917
0.538293 0.536403 638.500000 1.100550 1.174719
0.538321 0.536358 638.600000 1.194401 0.697604
0.538359 0.536287 638.700000 1.250496 0.421492
0.538411 0.536273 638.800000 1.318702 0.939217
0.538485 0.536297 638.900000 1.424680 1.175039
0.538579 0.536233 639.000000 1.509006 0.507277
0.538691 0.536221 639.100000 1.582560 0.960118
0.538823 0.536173 639.200000 1.664663 0.677830
0.538968 0.536094 639.300000 1.711135 0.249302
0.539125 0.536044 639.400000 1.756624 0.658191
0.539298 0.535979 639.500000 1.813725 0.480976
0.539486 0.535922 639.600000 1.867174 0.585334
0.539691 0.535863 639.700000 1.924936 0.567017
0.539900 0.535787 639.800000 1.937285 -0.320648
0.540086 0.535818 639.900000 1.860613 -1.208959
0.540245 0.535774 640.000000 1.763967 -0.719127
0.540382 0.535752 640.100000 1.683324 -0.889704
0.540491 0.535804 640.200000 1.572777 -1.315709
0.540566 0.535902 640.300000 1.430384 -1.525040
0.540611 0.535954 640.400000 1.287750 -1.320506
0.540632 0.535977 640.500000 1.163088 -1.166490
0.540626 0.536215 640.600000 1.002825 -2.030766
0.540593 0.536411 640.700000 0.806193 -1.892042
0.540539 0.536529 640.800000 0.630684 -1.609372
0.540472 0.536674 640.900000 0.464242 -1.711130
0.540394 0.536839 641.000000 0.288840 -1.788144
0.540310 0.537166 641.100000 0.084196 -2.294511
0.540229 0.537734 641.200000 -0.175731 -2.891039
0.540159 0.538003 641.300000 -0.427311 -2.127974
0.540103 0.538078 641.400000 -0.605478 -1.426457
0.540060 0.538082 641.500000 -0.730261 -1.062973
0.540031 0.538093 641.600000 -0.838816 -1.102696
0.540015 0.538066 641.700000 -0.936774 -0.851562
0.540010 0.538009 641.800000 -1.008969 -0.588725
0.540011 0.537925 641.900000 -1.040352 -0.037368
0.540012 0.537842 642.000000 -1.047251 -0.100257
0.540018 0.537779 642.100000 -1.078185 -0.516888
0.540040 0.537805 642.200000 -1.163611 -1.187353
0.540085 0.537851 642.300000 -1.287657 -1.287377
0.540154 0.537848 642.400000 -1.403374 -1.021169
0.540249 0.537893 642.500000 -1.519013 -1.285830
0.540369 0.537845 642.600000 -1.617557 -0.680115
0.540500 0.537768 642.700000 -1.665468 -0.275707
0.540642 0.537700 642.800000 -1.702161 -0.456331
0.540788 0.537617 642.900000 -1.721755 0.065432
0.540927 0.537553 643.000000 -1.692902 0.510190
0.541043 0.537587 643.100000 -1.605827 1.226948
0.541129 0.537631 643.200000 -1.480142 1.280471
0.541194 0.537583 643.300000 -1.381768 0.682085
0.541249 0.537502 643.400000 -1.339970 0.151797
0.541300 0.537422 643.500000 -1.320731 0.232015
0.541346 0.537349 643.600000 -1.290675 0.367614
0.541381 0.537299 643.700000 -1.239252 0.658276
0.541404 0.537249 643.800000 -1.173791 0.647671
0.541418 0.537172 643.900000 -1.126271 0.300349
0.541427 0.537100 644.000000 -1.092197 0.379425
0.541421 0.537156 644.100000 -1.006102 1.338169
0.541399 0.537138 644.200000 -0.892985 0.918512
0.541365 0.537110 644.300000 -0.804639 0.843989
0.541322 0.537083 644.400000 -0.719431 0.855915
0.541269 0.537047 644.500000 -0.637266 0.783267
0.541210 0.536991 644.600000 -0.568697 0.584693
0.541145 0.536991 644.700000 -0.487293 1.039314
0.541071 0.537040 644.800000 -0.369751 1.305662
0.540992 0.537042 644.900000 -0.251592 1.051610
0.540909 0.537202 645.000000 -0.110226 1.768626
0.540826 0.537398 645.100000 0.073620 1.899117
0.540747 0.537501 645.200000 0.246646 1.552738
0.540674 0.537514 645.300000 0.380365 1.114957
0.540609 0.537499 645.400000 0.483126 0.935126
0.540554 0.537598 645.500000 0.606967 1.535504
0.540515 0.537732 645.600000 0.767789 1.672887
0.540504 0.538032 645.700000 0.963287 2.227296
0.540530 0.538388 645.800000 1.194266 2.380752
0.540608 0.538834 645.900000 1.444643 2.614255
0.540744 0.539107 646.000000 1.683279 2.146547
0.540931 0.539227 646.100000 1.872130 1.621031
0.541164 0.539292 646.200000 2.022797 1.384768
0.541443 0.539377 646.300000 2.166388 1.479868
0.541774 0.539464 646.400000 2.314951 1.483968
0.542149 0.539445 646.500000 2.434794 0.906894
0.542557 0.539414 646.600000 2.521673 0.826353
0.542994 0.539365 646.700000 2.596471 0.665868
0.543459 0.539323 646.800000 2.666429 0.729779
0.543951 0.539259 646.900000 2.728452 0.507578
0.544459 0.539184 647.000000 2.769735 0.316020
0.544992 0.539149 647.100000 2.825500 0.796508
0.545547 0.539070 647.200000 2.877385 0.238590
0.546093 0.539022 647.300000 2.855678 -0.671639
0.546609 0.538975 647.400000 2.787710 -0.684332
0.547086 0.538989 647.500000 2.697196 -1.121429
0.547523 0.538958 647.600000 2.599506 -0.827471
0.547942 0.538876 647.700000 2.552678 -0.106760
0.548357 0.538793 647.800000 2.546338 -0.019719
0.548765 0.538722 647.900000 2.525715 -0.391716
0.549157 0.538652 648.000000 2.485233 -0.415900
0.549537 0.538572 648.100000 2.454778 -0.191662
0.549890 0.538606 648.200000 2.383193 -1.236463
0.550185 0.538841 648.300000 2.219512 -2.028976
0.550411 0.539129 648.400000 2.007756 -2.195547
0.550568 0.539540 648.500000 1.770778 -2.532172
0.550663 0.539879 648.600000 1.526559 -2.339994
0.550703 0.540351 648.700000 1.274802 -2.682558
0.550695 0.540885 648.800000 0.998415 -2.831359
0.550648 0.541590 648.900000 0.696208 -3.197677
0.550573 0.542386 649.000000 0.366510 -3.379793
0.550489 0.542958 649.100000 0.050855 -2.917529
0.550407 0.543229 649.200000 -0.202870 -2.144280
0.550337 0.543645 649.300000 -0.438098 -2.548522
0.550289 0.544037 649.400000 -0.690424 -2.485386
0.550270 0.544311 649.500000 -0.923058 -2.155670
0.550282 0.544478 649.600000 -1.121674 -1.806707
0.550327 0.544626 649.700000 -1.299224 -1.735423
0.550404 0.544656 649.800000 -1.447175 -1.216192
0.550500 0.544591 649.900000 -1.532779 -0.491610
0.550610 0.544546 650.000000 -1.592927 -0.708340
0.550729 0.544462 650.100000 -1.627142 0.025751
0.550841 0.544399 650.200000 -1.600103 0.513675
0.550942 0.544329 650.300000 -1.553154 0.422946
0.551039 0.544245 650.400000 -1.535921 -0.079137
0.551143 0.544184 650.500000 -1.566981 -0.540524
0.551267 0.544200 650.600000 -1.651027 -1.136187
0.551410 0.544121 650.700000 -1.720137 -0.242565
0.551568 0.544104 650.800000 -1.779127 -0.934269
0.551747 0.544039 650.900000 -1.850581 -0.491254
0.551931 0.543956 651.000000 -1.872283 0.058300
0.552118 0.543876 651.100000 -1.879968 -0.211615
0.552310 0.543794 651.200000 -1.899026 -0.168590
0.552501 0.543715 651.300000 -1.895771 0.233538
0.552680 0.543659 651.400000 -1.854126 0.597280
0.552833 0.543702 651.500000 -1.759778 1.284965
0.552938 0.544063 651.600000 -1.574823 2.404874
0.552992 0.544349 651.700000 -1.344199 2.196087
0.552999 0.544877 651.800000 -1.092639 2.822521
0.552967 0.545218 651.900000 -0.833177 2.353760
0.552911 0.545478 652.000000 -0.609044 2.117682
0.552837 0.545829 652.100000 -0.383580 2.380328
0.552753 0.546574 652.200000 -0.099435 3.288370
0.552672 0.547099 652.300000 0.206634 2.817696
0.552605 0.547564 652.400000 0.482018 2.676225
0.552563 0.547974 652.500000 0.743458 2.539492
0.552552 0.548274 652.600000 0.982924 2.237872
0.552575 0.548443 652.700000 1.186234 1.818160
0.552629 0.548506 652.800000 1.346773 1.384596
0.552718 0.548646 652.900000 1.501993 1.712025
0.552841 0.548672 653.000000 1.647808 1.196992
0.552983 0.548594 653.100000 1.722154 0.286216
0.553130 0.548510 653.200000 1.737408 0.018092
0.553275 0.548427 653.300000 1.734522 -0.075663
0.553411 0.548378 653.400000 1.696802 -0.676859
0.553535 0.548297 653.500000 1.652469 -0.207579
0.553657 0.548213 653.600000 1.644617 0.050939
0.553773 0.548152 653.700000 1.620188 -0.538303
0.553877 0.548086 653.800000 1.568836 -0.486170
0.553969 0.548018 653.900000 1.521590 -0.456384
0.554045 0.548007 654.000000 1.449823 -0.975368
0.554096 0.548063 654.100000 1.333219 -1.350892
0.554126 0.548026 654.200000 1.226300 -0.782141
0.554144 0.547970 654.300000 1.156786 -0.604664
0.554153 0.547900 654.400000 1.105441 -0.419668
0.554154 0.547830 654.500000 1.063170 -0.423624
0.554152 0.547746 654.600000 1.038578 -0.066986
0.554147 0.547670 654.700000 1.019740 -0.308831
0.554137 0.547596 654.800000 0.986486 -0.354597
0.554123 0.547514 654.900000 0.962184 -0.130235
0.554109 0.547433 655.000000 0.966039 0.207149
0.554097 0.547350 655.100000 0.973161 -0.065061
0.554078 0.547323 655.200000 0.926884 -0.858170
0.554047 0.547297 655.300000 0.840065 -0.873863
0.554007 0.547242 655.400000 0.766070 -0.602343
0.553962 0.547175 655.500000 0.712650 -0.463386
0.553914 0.547093 655.600000 0.697574 0.162620
0.553868 0.547010 655.700000 0.709588 0.077070
0.553824 0.546929 655.800000 0.722891 0.188310
0.553782 0.546852 655.900000 0.746698 0.286643
0.553746 0.546808 656.000000 0.796753 0.711956
0.553717 0.546738 656.100000 0.853870 0.427532
0.553694 0.546673 656.200000 0.900022 0.493198
0.553671 0.546615 656.300000 0.895967 -0.574093
0.553640 0.546568 656.400000 0.832893 -0.684228
0.553599 0.546539 656.500000 0.756312 -0.843563
0.553545 0.546633 656.600000 0.637536 -1.526032
0.553481 0.546625 656.700000 0.511073 -0.996907
0.553407 0.546782 656.800000 0.372021 -1.777167
0.553327 0.546801 656.900000 0.224842 -1.159051
0.553243 0.547043 657.000000 0.063212 -2.065482
0.553160 0.547312 657.100000 -0.148191 -2.151998
0.553087 0.547677 657.200000 -0.377830 -2.429304
0.553030 0.547895 657.300000 -0.599365 -1.990310
0.552992 0.547974 657.400000 -0.772228 -1.458309
0.552969 0.547982 657.500000 -0.900427 -1.099257
0.552960 0.547940 657.600000 -0.992369 -0.735002
0.552958 0.547862 657.700000 -1.042063 -0.256377
0.552966 0.547833 657.800000 -1.097184 -0.843304
0.552980 0.547749 657.900000 -1.139451 0.000087
0.552997 0.547670 658.000000 -1.150069 -0.211912
0.553016 0.547587 658.100000 -1.163606 -0.058151
0.553039 0.547520 658.200000 -1.190054 -0.469501
0.553069 0.547441 658.300000 -1.225655 -0.240740
0.553106 0.547376 658.400000 -1.261847 -0.481292
0.553146 0.547296 658.500000 -1.275379 0.211333
0.553175 0.547270 658.600000 -1.221542 0.862720
0.553191 0.547215 658.700000 -1.147766 0.609109
0.553192 0.547234 658.800000 -1.058949 1.162795
0.553177 0.547223 658.900000 -0.951748 0.975867
0.553150 0.547190 659.000000 -0.862390 0.806810
0.553118 0.547111 659.100000 -0.833423 -0.228912
0.553089 0.547029 659.200000 -0.850123 -0.104249
0.553059 0.546954 659.300000 -0.838554 0.335046
0.553021 0.546920 659.400000 -0.781660 0.799989
0.552973 0.546939 659.500000 -0.683480 1.158710
0.552914 0.546930 659.600000 -0.575884 0.987832
0.552847 0.546931 659.700000 -0.473482 1.055080
0.552775 0.546888 659.800000 -0.384180 0.726506
0.552698 0.546883 659.900000 -0.296904 1.014643
0.552617 0.546851 660.000000 -0.204943 0.819968
0.552534 0.546818 660.100000 -0.123369 0.807435
0.552451 0.546780 660.200000 -0.044426 0.767478
0.552367 0.546752 660.300000 0.036734 0.851667
0.552285 0.546709 660.400000 0.116045 0.730596
0.552204 0.546682 660.500000 0.195364 0.851808
0.552127 0.546722 660.600000 0.301880 1.273193
0.552058 0.546776 660.700000 0.433159 1.345814
0.551997 0.546751 660.800000 0.544336 0.872172
0.551945 0.546759 660.900000 0.642965 1.095482
0.551902 0.546709 661.000000 0.730991 0.660635
0.551870 0.546754 661.100000 0.829336 1.301352
0.551853 0.546717 661.200000 0.933464 0.775998
0.551841 0.546635 661.300000 0.976519 0.082953
0.551831 0.546553 661.400000 0.983607 0.058453
0.551820 0.546473 661.500000 0.976295 -0.204329
0.551801 0.546440 661.600000 0.925442 -0.810193
0.551765 0.546599 661.700000 0.795354 -1.785064
0.551716 0.546560 661.800000 0.667801 -0.759608
0.551659 0.546517 661.900000 0.593025 -0.732178
0.551597 0.546445 662.000000 0.538365 -0.358292
0.551532 0.546408 662.100000 0.481458 -0.777010
0.551460 0.546397 662.200000 0.393622 -0.975310
0.551383 0.546440 662.300000 0.279986 -1.291726
0.551301 0.546490 662.400000 0.148834 -1.324762
0.551218 0.546526 662.500000 0.019707 -1.251322
0.551135 0.546458 662.600000 -0.064979 -0.438159
0.551053 0.546376 662.700000 -0.090233 -0.065669
0.550970 0.546295 662.800000 -0.099403 -0.117255
0.550888 0.546216 662.900000 -0.094528 0.214497
0.550805 0.546133 663.000000 -0.082980 0.015897
0.550722 0.546131 663.100000 -0.030486 1.031357
0.550640 0.546139 663.200000 0.076025 1.093537
0.550559 0.546097 663.300000 0.167663 0.734643
0.550479 0.546023 663.400000 0.220971 0.328845
0.550401 0.545941 663.500000 0.234118 -0.066556
0.550322 0.545859 663.600000 0.232329 0.030870
0.550243 0.545777 663.700000 0.233005 -0.017392
0.550165 0.545705 663.800000 0.250516 0.366741
0.550087 0.545625 663.900000 0.259087 -0.195759
0.550009 0.545549 664.000000 0.263035 0.274517
0.549933 0.545483 664.100000 0.300129 0.465525
0.549858 0.545412 664.200000 0.304381 -0.380698
0.549780 0.545344 664.300000 0.263376 -0.437358
0.549702 0.545264 664.400000 0.249351 0.157556
0.549626 0.545222 664.500000 0.293784 0.728880
0.549553 0.545160 664.600000 0.355902 0.510377
0.549481 0.545081 664.700000 0.391534 0.200478
0.549411 0.545000 664.800000 0.408778 0.143550
0.549341 0.544922 664.900000 0.405376 -0.211428
0.549269 0.544848 665.000000 0.377688 -0.340945
0.549197 0.544769 665.100000 0.369883 0.185232
0.549126 0.544688 665.200000 0.385839 0.133091
0.549054 0.544616 665.300000 0.374828 -0.352769
0.548980 0.544535 665.400000 0.352073 -0.101179
0.548909 0.544487 665.500000 0.380625 0.670782
0.548841 0.544419 665.600000 0.435781 0.429581
0.548777 0.544379 665.700000 0.494642 0.744702
0.548717 0.544313 665.800000 0.555336 0.466135
0.548664 0.544296 665.900000 0.625102 0.925712
0.548619 0.544254 666.000000 0.707822 0.724544
0.548582 0.544202 666.100000 0.775805 0.631720
0.548553 0.544155 666.200000 0.841589 0.680668
0.548533 0.544106 666.300000 0.908922 0.662623
0.548516 0.544027 666.400000 0.934136 -0.159596
0.548492 0.544000 666.500000 0.883175 -0.857087
0.548456 0.544001 666.600000 0.787645 -1.048740
0.548412 0.543942 666.700000 0.707298 -0.554180
0.548358 0.543959 666.800000 0.622227 -1.142971
0.548295 0.544013 666.900000 0.497462 -1.346101
0.548224 0.543970 667.000000 0.394177 -0.714439
0.548151 0.543898 667.100000 0.340538 -0.355653
0.548075 0.543859 667.200000 0.284859 -0.755143
0.547995 0.543911 667.300000 0.180138 -1.334045
0.547913 0.544017 667.400000 0.033861 -1.584181
0.547832 0.544135 667.500000 -0.127216 -1.629293
0.547757 0.544342 667.600000 -0.307412 -1.965619
0.547690 0.544309 667.700000 -0.446202 -0.803255
0.547632 0.544397 667.800000 -0.561894 -1.504793
0.547592 0.544701 667.900000 -0.751061 -2.269091
0.547579 0.544886 668.000000 -0.959424 -1.887754
0.547593 0.544999 668.100000 -1.134887 -1.612723
0.547639 0.545169 668.200000 -1.307509 -1.831091
0.547716 0.545191 668.300000 -1.458237 -1.175922
0.547819 0.545200 668.400000 -1.572442 -1.102484
0.547943 0.545144 668.500000 -1.657234 -0.589109
0.548071 0.545065 668.600000 -1.677872 0.177380
0.548185 0.545059 668.700000 -1.618570 1.005697
0.548268 0.545180 668.800000 -1.485807 1.642916
0.548323 0.545184 668.900000 -1.349572 1.074989
0.548355 0.545207 669.000000 -1.236619 1.178416
0.548369 0.545189 669.100000 -1.131359 0.921513
0.548368 0.545153 669.200000 -1.046131 0.778786
0.548357 0.545116 669.300000 -0.968207 0.775803
0.548333 0.545095 669.400000 -0.884095 0.902244
0.548298 0.545075 669.500000 -0.793591 0.903302
0.548253 0.545071 669.600000 -0.697392 1.015871
0.548193 0.545319 669.700000 -0.541110 2.101961
0.548120 0.545428 669.800000 -0.355750 1.595966
0.548042 0.545408 669.900000 -0.230290 0.906960
0.547963 0.545333 670.000000 -0.169636 0.303077
0.547883 0.545253 670.100000 -0.160041 -0.111653
0.547803 0.545184 670.200000 -0.144719 0.417329
0.547721 0.545149 670.300000 -0.084630 0.781448
0.547640 0.545103 670.400000 -0.010758 0.692289
0.547558 0.545042 670.500000 0.049852 0.516886
0.547477 0.544965 670.600000 0.087689 0.237973
0.547397 0.544930 670.700000 0.139267 0.790997
0.547319 0.544864 670.800000 0.201231 0.445197
0.547241 0.544787 670.900000 0.235565 0.239755
0.547165 0.544723 671.000000 0.272054 0.488212
0.547090 0.544642 671.100000 0.299720 0.063720
0.547014 0.544620 671.200000 0.258340 -0.889255
0.546934 0.544619 671.300000 0.161768 -1.037360
0.546853 0.544551 671.400000 0.089222 -0.409932
0.546772 0.544479 671.500000 0.050529 -0.361996
0.546691 0.544447 671.600000 -0.008266 -0.810966
0.546610 0.544473 671.700000 -0.108997 -1.198603
0.546533 0.544503 671.800000 -0.230403 -1.223461
0.546463 0.544697 671.900000 -0.387965 -1.919888
0.546405 0.544809 672.000000 -0.564955 -1.611060
0.546365 0.545003 672.100000 -0.742171 -1.924419
0.546345 0.545069 672.200000 -0.909031 -1.404423
0.546343 0.545080 672.300000 -1.035257 -1.113796
0.546361 0.545112 672.400000 -1.152901 -1.233204
0.546398 0.545088 672.500000 -1.258731 -0.878101
0.546449 0.545037 672.600000 -1.334563 -0.634734
0.546504 0.544959 672.700000 -1.355960 0.207849
0.546549 0.544928 672.800000 -1.304659 0.815616
0.546580 0.544885 672.900000 -1.227801 0.717692
0.546597 0.544856 673.000000 -1.149956 0.835319
0.546593 0.544998 673.100000 -1.021233 1.732709
0.546562 0.545289 673.200000 -0.822197 2.238060
0.546507 0.545682 673.300000 -0.583436 2.525215
0.546433 0.546145 673.400000 -0.321157 2.707260
0.546352 0.546375 673.500000 -0.082712 2.049712
0.546273 0.546662 673.600000 0.131584 2.225485
0.546201 0.546940 673.700000 0.353439 2.200521
0.546143 0.547139 673.800000 0.561199 1.944298
0.546104 0.547293 673.900000 0.747741 1.777214
0.546083 0.547338 674.000000 0.902316 1.306552
0.546085 0.547502 674.100000 1.059028 1.819867
0.546118 0.547645 674.200000 1.237308 1.736819
0.546177 0.547645 674.300000 1.376986 1.049745
0.546256 0.547602 674.400000 1.465350 0.713127
0.546340 0.547522 674.500000 1.495392 -0.113796
0.546425 0.547441 674.600000 1.493188 0.069826
0.546508 0.547361 674.700000 1.490803 -0.117403
0.546587 0.547288 674.800000 1.467770 -0.342098
0.546654 0.547250 674.900000 1.412445 -0.761639
0.546703 0.547235 675.000000 1.326900 -0.944993
0.546744 0.547155 675.100000 1.284685 0.102808
0.546786 0.547074 675.200000 1.289301 -0.010727
0.546833 0.547010 675.300000 1.312905 0.481642
0.546890 0.546950 675.400000 1.363767 0.533042
0.546959 0.546901 675.500000 1.423467 0.657972
0.547034 0.546821 675.600000 1.450388 -0.120894
0.547102 0.546757 675.700000 1.420830 -0.468786
0.547160 0.546694 675.800000 1.372349 -0.498402
0.547208 0.546638 675.900000 1.318232 -0.581248
0.547240 0.546637 676.000000 1.237156 -1.036200
0.547259 0.546574 676.100000 1.160692 -0.489272
0.547269 0.546511 676.200000 1.111136 -0.499360
0.547276 0.546431 676.300000 1.089974 0.077172
0.547289 0.546386 676.400000 1.128721 0.695828
0.547315 0.546343 676.500000 1.199512 0.716447
0.547352 0.546283 676.600000 1.261561 0.521447
0.547397 0.546213 676.700000 1.307265 0.390332
0.547457 0.546221 676.800000 1.381623 1.093110
0.547543 0.546267 676.900000 1.502258 1.313562
0.547641 0.546190 677.000000 1.557407 -0.213327
0.547727 0.546166 677.100000 1.502880 -0.874489
0.547796 0.546116 677.200000 1.426628 -0.646744
0.547858 0.546036 677.300000 1.389354 -0.096860
0.547914 0.545972 677.400000 1.360781 -0.473180
0.547957 0.545934 677.500000 1.299119 -0.756973
0.547987 0.545902 677.600000 1.220548 -0.810517
0.548001 0.545872 677.700000 1.138304 -0.830257
0.548000 0.545893 677.800000 1.037777 -1.175258
0.547979 0.545990 677.900000 0.901118 -1.551093
0.547940 0.546046 678.000000 0.755319 -1.357597
0.547891 0.546001 678.100000 0.652521 -0.693209
0.547836 0.545937 678.200000 0.593938 -0.475528
0.547775 0.545928 678.300000 0.520739 -0.984798
0.547706 0.545994 678.400000 0.400660 -1.410765
0.547632 0.545965 678.500000 0.287994 -0.836934
0.547555 0.545906 678.600000 0.219261 -0.534293
0.547476 0.545827 678.700000 0.184478 -0.159611
0.547397 0.545788 678.800000 0.139145 -0.744787
0.547317 0.545774 678.900000 0.054230 -0.949275
0.547236 0.545756 679.000000 -0.039770 -0.926020
0.547157 0.545752 679.100000 -0.137230 -1.018307
0.547079 0.545673 679.200000 -0.193450 -0.103287
0.547001 0.545599 679.300000 -0.183582 0.300154
0.546922 0.545534 679.400000 -0.146015 0.449317
0.546843 0.545465 679.500000 -0.103606 0.396726
0.546762 0.545406 679.600000 -0.056634 0.540381
0.546682 0.545327 679.700000 -0.023322 0.124192
0.546602 0.545259 679.800000 0.002794 0.396825
0.546521 0.545192 679.900000 0.043894 0.423111
0.546442 0.545180 680.000000 0.113511 0.965757
0.546365 0.545137 680.100000 0.197622 0.712249
0.546289 0.545059 680.200000 0.242574 0.184538
0.546213 0.544980 680.300000 0.256580 0.094895
0.546138 0.544900 680.400000 0.258667 -0.053259
0.546064 0.544877 680.500000 0.300293 0.883690
0.545995 0.544842 680.600000 0.383745 0.781176
0.545930 0.544801 680.700000 0.459538 0.730900
0.545872 0.544789 680.800000 0.544136 0.956832
0.545815 0.544732 680.900000 0.563701 -0.566510
0.545755 0.544655 681.000000 0.524987 -0.205828
0.545694 0.544576 681.100000 0.511768 -0.057895
0.545633 0.544496 681.200000 0.508621 -0.004884
0.545570 0.544437 681.300000 0.481619 -0.533816
0.545504 0.544370 681.400000 0.434031 -0.415569
0.545436 0.544290 681.500000 0.415389 0.043661
0.545367 0.544235 681.600000 0.388552 -0.579056
0.545295 0.544203 681.700000 0.318947 -0.809562
0.545219 0.544178 681.800000 0.235025 -0.864674
0.545141 0.544127 681.900000 0.159992 -0.632249
0.545061 0.544117 682.000000 0.079629 -0.970991
0.544981 0.544043 682.100000 0.016263 -0.293157
0.544902 0.543972 682.200000 -0.015441 -0.339344
0.544822 0.543977 682.300000 -0.086285 -1.073993
0.544746 0.544136 682.400000 -0.230621 -1.805497
0.544676 0.544105 682.500000 -0.362156 -0.818636
0.544609 0.544030 682.600000 -0.415667 -0.248901
0.544543 0.543951 682.700000 -0.430689 -0.050794
0.544478 0.543884 682.800000 -0.454182 -0.417880
0.544416 0.543809 682.900000 -0.488346 -0.263707
0.544359 0.543826 683.000000 -0.559064 -1.147100
0.544312 0.543818 683.100000 -0.666357 -0.993394
0.544272 0.543755 683.200000 -0.740017 -0.476133
0.544234 0.543679 683.300000 -0.753600 0.205162
0.544196 0.543602 683.400000 -0.751914 -0.171536
0.544162 0.543541 683.500000 -0.785768 -0.503843
0.544131 0.543462 683.600000 -0.816642 -0.112096
0.544099 0.543392 683.700000 -0.804640 0.351522
0.544063 0.543316 683.800000 -0.775931 0.221233
0.544026 0.543237 683.900000 -0.759464 0.107286
0.543985 0.543171 684.000000 -0.732505 0.430552
0.543944 0.543097 684.100000 -0.724276 -0.266398
0.543900 0.543065 684.200000 -0.697144 0.807678
0.543849 0.543016 684.300000 -0.624795 0.635694
0.543796 0.542936 684.400000 -0.593943 -0.020194
0.543743 0.542863 684.500000 -0.609422 -0.288617
0.543694 0.542790 684.600000 -0.638481 -0.291112
0.543645 0.542711 684.700000 -0.651566 0.030074
0.543596 0.542632 684.800000 -0.644349 0.113904
0.543548 0.542562 684.900000 -0.656259 -0.351513
0.543508 0.542574 685.000000 -0.729755 -1.114739
0.543485 0.542764 685.100000 -0.882025 -1.923043
0.543488 0.542899 685.200000 -1.064268 -1.712700
0.543517 0.542943 685.300000 -1.215185 -1.298090
0.543567 0.542948 685.400000 -1.334229 -1.076835
0.543637 0.542912 685.500000 -1.426545 -0.764883
0.543721 0.542865 685.600000 -1.498507 -0.670760
0.543817 0.542795 685.700000 -1.549083 -0.338219
0.543917 0.542716 685.800000 -1.569731 -0.073704
0.544017 0.542637 685.900000 -1.568450 0.099252
0.544106 0.542617 686.000000 -1.518496 0.897324
0.544181 0.542547 686.100000 -1.455586 0.357744
0.544247 0.542489 686.200000 -1.411022 0.531304
0.544300 0.542442 686.300000 -1.351004 0.666059
0.544335 0.542486 686.400000 -1.252529 1.298512
0.544349 0.542499 686.500000 -1.131103 1.123935
0.544348 0.542466 686.600000 -1.034859 0.796122
0.544332 0.542503 686.700000 -0.931787 1.260182
0.544304 0.542453 686.800000 -0.836815 0.634511
0.544267 0.542430 686.900000 -0.761037 0.877245
0.544220 0.542409 687.000000 -0.672444 0.890187
0.544167 0.542349 687.100000 -0.602105 0.513076
0.544111 0.542281 687.200000 -0.557302 0.380749
0.544051 0.542218 687.300000 -0.514829 0.466593
0.543991 0.542149 687.400000 -0.510074 -0.371744
0.543930 0.542096 687.500000 -0.498489 0.602876
0.543865 0.542037 687.600000 -0.442255 0.518982
0.543797 0.541983 687.700000 -0.386801 0.587337
0.543726 0.541912 687.800000 -0.341372 0.318965
0.543653 0.541860 687.900000 -0.295043 0.605297
0.543578 0.541815 688.000000 -0.230569 0.680965
0.543501 0.541769 688.100000 -0.162747 0.672084
0.543423 0.541738 688.200000 -0.088339 0.812353
0.543344 0.541665 688.300000 -0.061918 -0.285247
0.543265 0.541592 688.400000 -0.062299 0.277645
0.543187 0.541517 688.500000 -0.038041 0.206294
0.543108 0.541438 688.600000 -0.030789 -0.061608
0.543029 0.541364 688.700000 -0.021065 0.255606
0.542950 0.541286 688.800000 -0.003679 0.091244
0.542871 0.541208 688.900000 -0.000273 -0.023296
0.542793 0.541159 689.000000 -0.033309 -0.635781
0.542715 0.541100 689.100000 -0.091247 -0.520076
0.542637 0.541036 689.200000 -0.139887 -0.450298
0.542561 0.540972 689.300000 -0.185181 -0.453312
0.542486 0.540910 689.400000 -0.231378 -0.468310
0.542412 0.540832 689.500000 -0.250383 0.089155
0.542337 0.540766 689.600000 -0.225092 0.415405
0.542261 0.540689 689.700000 -0.198256 0.119963
0.542185 0.540611 689.800000 -0.188769 0.069317
0.542109 0.540533 689.900000 -0.180047 0.104670
0.542033 0.540456 690.000000 -0.168317 0.129355
0.541956 0.540385 690.100000 -0.177224 -0.307058
0.541881 0.540320 690.200000 -0.214178 -0.430176
0.541808 0.540279 690.300000 -0.272061 -0.724586
0.541737 0.540204 690.400000 -0.318855 -0.208947
0.541666 0.540126 690.500000 -0.331198 -0.037312
0.541596 0.540050 690.600000 -0.324211 0.176711
0.541523 0.540028 690.700000 -0.271491 0.875057
0.541447 0.540003 690.800000 -0.184338 0.863636
0.541368 0.540122 690.900000 -0.058300 1.650824
0.541291 0.540232 691.000000 0.105102 1.609039
0.541218 0.540406 691.100000 0.279341 1.867045
0.541155 0.540500 691.200000 0.450432 1.546208
0.541103 0.540598 691.300000 0.606186 1.561095
0.541063 0.540563 691.400000 0.722908 0.767504
0.541030 0.540519 691.500000 0.795725 0.685205
0.541008 0.540506 691.600000 0.877894 0.954053
0.540999 0.540525 691.700000 0.983819 1.159147
0.541009 0.540544 691.800000 1.099937 1.157420
0.541034 0.540513 691.900000 1.198359 0.806097
0.541070 0.540445 692.000000 1.258168 0.387086
0.541114 0.540378 692.100000 1.297069 0.388985
0.541164 0.540310 692.200000 1.335077 0.369291
0.541223 0.540249 692.300000 1.378131 0.489630
0.541286 0.540172 692.400000 1.396513 -0.122907
0.541339 0.540145 692.500000 1.348249 -0.839968
0.541381 0.540073 692.600000 1.291763 -0.286918
0.541418 0.540004 692.700000 1.260062 -0.345526
0.541449 0.539931 692.800000 1.229336 -0.267456
0.541470 0.539903 692.900000 1.174230 -0.831904
0.541477 0.539884 693.000000 1.087201 -0.904331
0.541471 0.539858 693.100000 0.999518 -0.844936
0.541452 0.539866 693.200000 0.902362 -1.093331
0.541419 0.539877 693.300000 0.792082 -1.106761
0.541377 0.539825 693.400000 0.706311 -0.604374
0.541330 0.539758 693.500000 0.656798 -0.383407
0.541279 0.539690 693.600000 0.618767 -0.375307
0.541225 0.539640 693.700000 0.568898 -0.619576
0.541166 0.539570 693.800000 0.521482 -0.326369
0.541105 0.539506 693.900000 0.483324 -0.434886
0.541041 0.539454 694.000000 0.431474 -0.599535
0.540973 0.539383 694.100000 0.386788 -0.291933
0.540902 0.539467 694.200000 0.296903 -1.501285
0.540826 0.539537 694.300000 0.149937 -1.430689
0.540748 0.539593 694.400000 0.009892 -1.363198
0.540671 0.539614 694.500000 -0.117014 -1.168581
0.540598 0.539708 694.600000 -0.252991 -1.544158
0.540531 0.539729 694.700000 -0.389119 -1.171590
0.540469 0.539669 694.800000 -0.472737 -0.496588
0.540409 0.539592 694.900000 -0.502765 -0.102477
0.540349 0.539517 695.000000 -0.497699 0.203535
0.540286 0.539480 695.100000 -0.449935 0.749357
0.540221 0.539403 695.200000 -0.411459 0.018241
0.540155 0.539325 695.300000 -0.410482 0.001249
0.540091 0.539266 695.400000 -0.436056 -0.511435
0.540027 0.539205 695.500000 -0.438117 0.470306
0.539963 0.539131 695.600000 -0.426652 -0.241566
0.539899 0.539055 695.700000 -0.432931 0.116294
0.539833 0.538989 695.800000 -0.406502 0.410966
0.539765 0.538925 695.900000 -0.364479 0.427390
0.539697 0.538868 696.000000 -0.369678 -0.531116
0.539634 0.538861 696.100000 -0.445801 -0.987527
0.539576 0.538811 696.200000 -0.526392 -0.620271
0.539522 0.538735 696.300000 -0.565200 -0.153947
0.539467 0.538662 696.400000 -0.560664 0.244444
0.539412 0.538588 696.500000 -0.558782 -0.206893
0.539357 0.538511 696.600000 -0.563916 0.104468
0.539304 0.538450 696.700000 -0.582314 -0.471511
0.539257 0.538430 696.800000 -0.650670 -0.892187
0.539214 0.538353 696.900000 -0.694871 0.010368
0.539173 0.538282 697.000000 -0.709618 -0.304567
0.539141 0.538325 697.100000 -0.789863 -1.296315
0.539123 0.538340 697.200000 -0.911565 -1.131648
0.539121 0.538354 697.300000 -1.024896 -1.129314
0.539139 0.538417 697.400000 -1.151428 -1.394998
0.539178 0.538417 697.500000 -1.273430 -1.038941
0.539231 0.538354 697.600000 -1.347766 -0.444045
0.539285 0.538281 697.700000 -1.357137 0.257088
0.539335 0.538209 697.800000 -1.330822 0.267895
0.539378 0.538147 697.900000 -1.294374 0.459232
0.539412 0.538082 698.000000 -1.250628 0.413511
0.539440 0.538018 698.100000 -1.208473 0.427489
0.539459 0.537963 698.200000 -1.159573 0.548049
0.539467 0.537931 698.300000 -1.092171 0.796639
0.539462 0.537913 698.400000 -1.006971 0.903091
0.539445 0.537889 698.500000 -0.918591 0.860086
0.539418 0.537860 698.600000 -0.834113 0.825258
0.539381 0.537842 698.700000 -0.747481 0.903047
0.539334 0.537828 698.800000 -0.654983 0.942284
0.539278 0.537865 698.900000 -0.544683 1.258215
0.539215 0.537854 699.000000 -0.433346 0.962946
0.539146 0.537848 699.100000 -0.335278 0.993511
0.539072 0.537889 699.200000 -0.221001 1.286310
0.538995 0.537987 699.300000 -0.078028 1.566016
0.538919 0.538179 699.400000 0.097674 1.939241
0.538847 0.538230 699.500000 0.261920 1.337457
0.538784 0.538527 699.600000 0.443601 2.287085
0.538738 0.538743 699.700000 0.659689 2.023876
0.538710 0.538802 699.800000 0.830263 1.379062
0.538702 0.538927 699.900000 0.983657 1.681152
0.538709 0.538857 700.000000 1.083986 0.320420
0.538716 0.538788 700.100000 1.082846 -0.343177
0.538718 0.538719 700.200000 1.049825 -0.315579
0.538714 0.538653 700.300000 1.014463 -0.389903
0.538702 0.538633 700.400000 0.949896 -0.898210
0.538679 0.538591 700.500000 0.869937 -0.696964
0.538650 0.538526 700.600000 0.814524 -0.408525
0.538616 0.538458 700.700000 0.776776 -0.344553
0.538578 0.538387 700.800000 0.744763 -0.294100
0.538540 0.538311 700.900000 0.734834 0.096017
0.538501 0.538238 701.000000 0.728125 -0.229869
0.538458 0.538178 701.100000 0.691879 -0.493231
0.538412 0.538104 701.200000 0.657332 -0.195986
0.538367 0.538034 701.300000 0.662034 0.289788
0.538325 0.537965 701.400000 0.693641 0.340776
0.538285 0.537896 701.500000 0.727157 0.327871
0.538249 0.537820 701.600000 0.747963 0.087197
0.538211 0.537746 701.700000 0.743316 -0.179889
0.538173 0.537670 701.800000 0.737290 0.059671
0.538137 0.537601 701.900000 0.756769 0.328920
0.538103 0.537524 702.000000 0.773555 0.005973
0.538071 0.537452 702.100000 0.785815 0.238608
0.538036 0.537399 702.200000 0.768624 -0.581576
0.537993 0.537412 702.300000 0.683337 -1.119887
0.537936 0.537657 702.400000 0.520574 -2.127249
0.537866 0.537815 702.500000 0.323127 -1.811800
0.537792 0.537877 702.600000 0.162323 -1.396257
0.537715 0.537841 702.700000 0.054437 -0.756066
0.537639 0.537841 702.800000 -0.035334 -1.034855
0.537564 0.537815 702.900000 -0.129753 -0.848805
0.537491 0.537792 703.000000 -0.215783 -0.867495
0.537420 0.537737 703.100000 -0.286476 -0.542825
0.537351 0.537667 703.200000 -0.328803 -0.301601
0.537284 0.537601 703.300000 -0.363010 -0.380835
0.537219 0.537527 703.400000 -0.392687 -0.211220
0.537154 0.537451 703.500000 -0.407375 -0.081799
0.537092 0.537406 703.600000 -0.444718 -0.663201
0.537035 0.537390 703.700000 -0.523944 -0.917355
0.536985 0.537345 703.800000 -0.603365 -0.667102
0.536942 0.537346 703.900000 -0.689125 -1.043796
0.536911 0.537348 704.000000 -0.794203 -1.052527
0.536890 0.537305 704.100000 -0.880927 -0.677599
0.536881 0.537332 704.200000 -0.975443 -1.208014
0.536886 0.537292 704.300000 -1.071842 -0.715143
0.536899 0.537220 704.400000 -1.119245 -0.230536
0.536916 0.537150 704.500000 -1.146429 -0.311796
0.536937 0.537076 704.600000 -1.170998 -0.178357
0.536958 0.537003 704.700000 -1.169992 0.198435
0.536975 0.536931 704.800000 -1.148054 0.239232
0.536991 0.536855 704.900000 -1.136456 -0.007861
0.537005 0.536781 705.000000 -1.127992 0.176717
0.537013 0.536733 705.100000 -1.087435 0.632398
0.537009 0.536708 705.200000 -1.013231 0.847977
0.536993 0.536702 705.300000 -0.920725 0.997506
0.536965 0.536689 705.400000 -0.823454 0.943067
0.536926 0.536689 705.500000 -0.724329 1.034467
0.536878 0.536670 705.600000 -0.627328 0.900702
0.536820 0.536734 705.700000 -0.511684 1.406398
0.536753 0.536908 705.800000 -0.347156 1.875928
0.536679 0.537097 705.900000 -0.156032 1.937012
0.536603 0.537162 706.000000 0.011722 1.409672
0.536529 0.537305 706.100000 0.170546 1.758857
0.536460 0.537352 706.200000 0.324910 1.320707
0.536398 0.537362 706.300000 0.446259 1.100222
0.536346 0.537430 706.400000 0.572925 1.426748
0.536306 0.537490 706.500000 0.713912 1.385957
0.536283 0.537590 706.600000 0.862464 1.577653
0.536280 0.537672 706.700000 1.016542 1.496193
0.536306 0.537932 706.800000 1.200730 2.178371
0.536365 0.537996 706.900000 1.380493 1.407894
0.536452 0.538051 707.000000 1.519279 1.360884
0.536566 0.538052 707.100000 1.640007 1.047633
0.536706 0.538057 707.200000 1.746121 1.069344
0.536864 0.537989 707.300000 1.817029 0.345274
0.537020 0.537925 707.400000 1.814064 -0.404423
0.537157 0.537954 707.500000 1.732667 -1.219448
0.537268 0.537925 707.600000 1.630421 -0.820354
0.537363 0.537884 707.700000 1.554085 -0.702550
0.537443 0.537837 707.800000 1.486892 -0.637949
0.537515 0.537763 707.900000 1.445839 -0.181074
0.537581 0.537700 708.000000 1.415711 -0.419981
0.537646 0.537637 708.100000 1.415757 0.420908
0.537717 0.537561 708.200000 1.439243 0.047635
0.537787 0.537485 708.300000 1.441250 -0.007585
0.537851 0.537448 708.400000 1.403690 -0.741750
0.537899 0.537413 708.500000 1.328095 -0.766375
0.537940 0.537338 708.600000 1.284835 -0.096654
0.537976 0.537274 708.700000 1.259367 -0.411436
0.538000 0.537259 708.800000 1.192492 -0.922717
0.538007 0.537305 708.900000 1.080384 -1.313829
0.537996 0.537310 709.000000 0.960927 -1.069354
0.537971 0.537318 709.100000 0.852608 -1.091598
0.537932 0.537412 709.200000 0.719948 -1.554980
0.537880 0.537437 709.300000 0.582266 -1.191762
0.537820 0.537436 709.400000 0.470950 -1.028990
0.537756 0.537362 709.500000 0.411131 -0.164415
0.537689 0.537370 709.600000 0.348286 -1.089328
0.537616 0.537540 709.700000 0.199974 -1.869506
0.537540 0.537740 709.800000 0.007042 -1.979487
0.537467 0.537907 709.900000 -0.185185 -1.855446
0.537399 0.537969 710.000000 -0.348154 -1.395771
0.537339 0.537963 710.100000 -0.468024 -0.995648
0.537283 0.537891 710.200000 -0.529816 -0.237091
0.537233 0.537904 710.300000 -0.598154 -1.126254
0.537193 0.537919 710.400000 -0.711471 -1.134428
0.537165 0.537939 710.500000 -0.826770 -1.165791
0.537155 0.538027 710.600000 -0.961566 -1.523382
0.537165 0.538073 710.700000 -1.103873 -1.315641
0.537193 0.538049 710.800000 -1.212902 -0.859487
0.537238 0.538058 710.900000 -1.310814 -1.093868
0.537298 0.537995 711.000000 -1.387186 -0.429743
0.537363 0.537920 711.100000 -1.413953 -0.104266
0.537425 0.537853 711.200000 -1.401260 0.357500
0.537480 0.537790 711.300000 -1.362078 0.424179
0.537524 0.537752 711.400000 -1.304467 0.725155
0.537556 0.537702 711.500000 -1.237734 0.606174
0.537580 0.537639 711.600000 -1.186438 0.417183
0.537593 0.537605 711.700000 -1.126641 0.775760
0.537601 0.537530 711.800000 -1.090089 -0.046545
0.537607 0.537460 711.900000 -1.078009 0.287539
0.537608 0.537399 712.000000 -1.041396 0.442888
0.537606 0.537323 712.100000 -1.021873 -0.053399
0.537603 0.537251 712.200000 -1.014697 0.196569
0.537594 0.537202 712.300000 -0.973700 0.621308
0.537579 0.537131 712.400000 -0.930791 0.234727
0.537562 0.537057 712.500000 -0.912497 0.130251
0.537547 0.536997 712.600000 -0.929570 -0.470855
0.537539 0.536935 712.700000 -0.974953 -0.434541
0.537535 0.536865 712.800000 -1.010999 -0.284586
0.537533 0.536790 712.900000 -1.023914 0.026939
0.537530 0.536715 713.000000 -1.019006 0.070980
0.537531 0.536662 713.100000 -1.043693 -0.563495
0.537536 0.536588 713.200000 -1.065423 0.129991
0.537539 0.536513 713.300000 -1.062217 -0.066039
0.537538 0.536472 713.400000 -1.030325 0.702289
0.537527 0.536441 713.500000 -0.955659 0.787293
0.537509 0.536370 713.600000 -0.902983 0.263602
0.537484 0.536348 713.700000 -0.846341 0.866404
0.537450 0.536311 713.800000 -0.765987 0.736644
0.537407 0.536289 713.900000 -0.685256 0.873950
0.537359 0.536228 714.000000 -0.618830 0.451243
0.537309 0.536154 714.100000 -0.600895 -0.093427
0.537257 0.536108 714.200000 -0.572888 0.652168
0.537198 0.536131 714.300000 -0.481143 1.178135
0.537133 0.536088 714.400000 -0.387916 0.681752
0.537065 0.536030 714.500000 -0.329223 0.489175
0.536997 0.535955 714.600000 -0.307108 -0.047996
0.536928 0.535880 714.700000 -0.308349 0.023252
0.536859 0.535808 714.800000 -0.297225 0.198663
0.536790 0.535734 714.900000 -0.294224 -0.138785
0.536723 0.535695 715.000000 -0.336849 -0.711592
0.536660 0.535657 715.100000 -0.408986 -0.727547
0.536602 0.535660 715.200000 -0.498543 -1.059102
0.536555 0.535736 715.300000 -0.625318 -1.470058
0.536522 0.535829 715.400000 -0.776491 -1.545839
0.536504 0.535836 715.500000 -0.908356 -1.084884
0.536504 0.535913 715.600000 -1.036542 -1.472414
0.536526 0.535947 715.700000 -1.172995 -1.249830
0.536569 0.535999 715.800000 -1.303172 -1.347207
0.536635 0.535983 715.900000 -1.416759 -0.918846
0.536721 0.535996 716.000000 -1.519134 -1.123528
0.536835 0.536065 716.100000 -1.647384 -1.435074
0.536983 0.536122 716.200000 -1.788172 -1.373652
0.537162 0.536117 716.300000 -1.907052 -0.997996
0.537360 0.536053 716.400000 -1.976917 -0.395807
0.537558 0.535987 716.500000 -1.978416 0.365894
0.537734 0.536021 716.600000 -1.897602 1.246347
0.537883 0.535999 716.700000 -1.791464 0.871100
0.538004 0.536067 716.800000 -1.676178 1.428868
0.538086 0.536303 716.900000 -1.498671 2.112385
0.538126 0.536563 717.000000 -1.282967 2.190917
0.538132 0.536715 717.100000 -1.082806 1.802300
0.538115 0.536810 717.200000 -0.914218 1.561034
0.538079 0.536951 717.300000 -0.747584 1.763306
0.538030 0.536972 717.400000 -0.600469 1.171636
0.537974 0.536902 717.500000 -0.528852 0.257132
0.537915 0.536878 717.600000 -0.473126 0.854599
0.537851 0.536818 717.700000 -0.407486 0.454923
0.537784 0.536835 717.800000 -0.326992 1.150935
0.537712 0.536896 717.900000 -0.199263 1.397245
0.537637 0.536958 718.000000 -0.058993 1.401148
0.537562 0.536947 718.100000 0.059171 0.956214
0.537489 0.536900 718.200000 0.138412 0.624652
0.537417 0.536877 718.300000 0.212919 0.861766
0.537348 0.536826 718.400000 0.285663 0.589477
0.537281 0.536766 718.500000 0.338079 0.456219
0.537217 0.536707 718.600000 0.384973 0.479316
0.537154 0.536632 718.700000 0.408160 -0.016740
0.537091 0.536561 718.800000 0.417787 0.208807
0.537030 0.536489 718.900000 0.438957 0.213532
0.536971 0.536438 719.000000 0.478756 0.580461
0.536916 0.536382 719.100000 0.533590 0.513482
0.536861 0.536335 719.200000 0.527506 -0.634872
0.536802 0.536269 719.300000 0.479020 -0.332426
0.536741 0.536204 719.400000 0.443472 -0.376743
0.536677 0.536195 719.500000 0.375765 -0.974009
0.536608 0.536152 719.600000 0.293166 -0.673842
0.536538 0.536082 719.700000 0.247691 -0.233398
0.536466 0.536022 719.800000 0.212760 -0.463469
0.536394 0.535948 719.900000 0.191808 0.045482
0.536322 0.535881 720.000000 0.177992 -0.321123
0.536249 0.535807 720.100000 0.156992 -0.097821
0.536176 0.535741 720.200000 0.134285 -0.355177
0.536102 0.535679 720.300000 0.095280 -0.422984
0.536028 0.535687 720.400000 0.019617 -1.086485
0.535954 0.535665 720.500000 -0.078342 -0.867796
0.535882 0.535651 720.600000 -0.168785 -0.936551
0.535811 0.535596 720.700000 -0.241843 -0.520954
0.535743 0.535562 720.800000 -0.306180 -0.762561
0.535679 0.535507 720.900000 -0.371110 -0.532804
0.535617 0.535453 721.000000 -0.424575 -0.533814
0.535557 0.535379 721.100000 -0.447675 0.072973
0.535494 0.535328 721.200000 -0.414933 0.580224
0.535429 0.535266 721.300000 -0.365084 0.414258
0.535363 0.535194 721.400000 -0.334149 0.202900
0.535296 0.535120 721.500000 -0.320506 0.069284
0.535227 0.535086 721.600000 -0.279249 0.753788
0.535155 0.535090 721.700000 -0.187971 1.067207
0.535082 0.535064 721.800000 -0.092916 0.829134
0.535008 0.535013 721.900000 -0.022202 0.581624
0.534934 0.534951 722.000000 0.027526 0.410442
0.534860 0.534888 722.100000 0.068784 0.412652
0.534787 0.534821 722.200000 0.104374 0.297384
0.534714 0.534763 722.300000 0.143754 0.488243
0.534641 0.534716 722.400000 0.137074 -0.621519
0.534568 0.534681 722.500000 0.067988 -0.756750
0.534494 0.534624 722.600000 0.005126 -0.497346
0.534420 0.534553 722.700000 -0.010361 0.188383
0.534346 0.534503 722.800000 0.028881 0.594498
0.534272 0.534431 722.900000 0.065467 0.135403
0.534199 0.534369 723.000000 0.093467 0.423181
0.534127 0.534329 723.100000 0.149506 0.694804
0.534057 0.534373 723.200000 0.249941 1.308864
0.533991 0.534311 723.300000 0.336030 0.408627
0.533927 0.534247 723.400000 0.375889 0.386550
0.533864 0.534175 723.500000 0.387721 -0.150495
0.533801 0.534127 723.600000 0.410691 0.608738
0.533745 0.534150 723.700000 0.500618 1.185307
0.533697 0.534148 723.800000 0.611207 1.020949
0.533659 0.534172 723.900000 0.722026 1.189888
0.533634 0.534176 724.000000 0.834735 1.058660
0.533619 0.534139 724.100000 0.924329 0.728738
0.533607 0.534077 724.200000 0.940609 -0.403956
0.533589 0.534010 724.300000 0.903838 -0.329613
0.533565 0.533977 724.400000 0.849186 -0.760708
0.533534 0.533930 724.500000 0.779613 -0.627272
0.533493 0.533941 724.600000 0.692652 -1.107596
0.533442 0.534000 724.700000 0.567472 -1.389737
0.533381 0.534026 724.800000 0.437716 -1.198895
0.533315 0.534014 724.900000 0.330113 -0.947789
0.533245 0.534096 725.000000 0.207289 -1.502555
0.533171 0.534267 725.100000 0.037557 -1.883595
0.533099 0.534350 725.200000 -0.132316 -1.505373
0.533032 0.534506 725.300000 -0.299232 -1.824605
0.532976 0.534787 725.400000 -0.504489 -2.270274
0.532940 0.535109 725.500000 -0.738308 -2.394403
0.532933 0.535465 725.600000 -0.983611 -2.499398
0.532963 0.535742 725.700000 -1.222001 -2.256483
0.533035 0.536053 725.800000 -1.453489 -2.361712
0.533154 0.536269 725.900000 -1.674740 -2.052244
0.533319 0.536381 726.000000 -1.859959 -1.642868
0.533515 0.536340 726.100000 -1.976922 -0.690539
0.533727 0.536286 726.200000 -2.038348 -0.534914
0.533962 0.536283 726.300000 -2.116173 -1.017702
0.534216 0.536214 726.400000 -2.180932 -0.274231
0.534469 0.536148 726.500000 -2.178839 0.315983
0.534707 0.536108 726.600000 -2.127613 0.705969
0.534928 0.536049 726.700000 -2.068769 0.467976
0.535132 0.536015 726.800000 -2.007573 0.752873
0.535311 0.536019 726.900000 -1.916255 1.068932
0.535458 0.536077 727.000000 -1.793416 1.381696
0.535575 0.536098 727.100000 -1.665362 1.172995
0.535668 0.536095 727.200000 -1.555819 1.012392
0.535746 0.536031 727.300000 -1.486075 0.378995
0.535824 0.535964 727.400000 -1.483411 -0.325846
0.535909 0.535902 727.500000 -1.520069 -0.405486
0.536000 0.535831 727.600000 -1.549197 -0.175608
0.536089 0.535766 727.700000 -1.539640 0.366261
0.536170 0.535705 727.800000 -1.499765 0.429237
0.536247 0.535632 727.900000 -1.480665 -0.048181
0.536321 0.535567 728.000000 -1.465061 0.359476
0.536386 0.535511 728.100000 -1.421773 0.504115
0.536440 0.535467 728.200000 -1.363544 0.657559
0.536483 0.535413 728.300000 -1.303712 0.536089
0.536511 0.535428 728.400000 -1.220059 1.132790
0.536526 0.535384 728.500000 -1.130357 0.656763
0.536526 0.535394 728.600000 -1.042051 1.104934
0.536512 0.535411 728.700000 -0.929095 1.148551
0.536486 0.535374 728.800000 -0.835105 0.726538
0.536452 0.535344 728.900000 -0.758693 0.797881
0.536413 0.535277 729.000000 -0.703785 0.297549
0.536370 0.535207 729.100000 -0.677391 0.229001
0.536325 0.535158 729.200000 -0.636393 0.588904
0.536276 0.535085 729.300000 -0.602299 0.091282
0.536227 0.535012 729.400000 -0.601803 -0.081391
0.536177 0.534948 729.500000 -0.587754 0.361677
0.536125 0.534887 729.600000 -0.547753 0.436343
0.536068 0.534827 729.700000 -0.504117 0.434180
0.536007 0.534879 729.800000 -0.414422 1.355241
0.535938 0.534954 729.900000 -0.272937 1.467392
0.535866 0.534996 730.000000 -0.134270 1.299020
0.535793 0.535033 730.100000 -0.005436 1.271216
0.535720 0.534978 730.200000 0.084000 0.513026
0.535648 0.534933 730.300000 0.142144 0.646947
0.535579 0.535009 730.400000 0.248559 1.476032
0.535515 0.534977 730.500000 0.361437 0.775884
0.535453 0.534914 730.600000 0.419808 0.388612
0.535394 0.534843 730.700000 0.448208 0.177965
0.535335 0.534770 730.800000 0.457683 0.011078
0.535277 0.534699 730.900000 0.465828 0.151405
0.535218 0.534626 731.000000 0.469711 -0.073939
0.535159 0.534556 731.100000 0.455813 -0.203325
0.535100 0.534483 731.200000 0.441192 -0.088372
0.535038 0.534421 731.300000 0.416982 -0.394614
0.534974 0.534395 731.400000 0.355413 -0.833684
0.534906 0.534378 731.500000 0.268322 -0.903785
0.534834 0.534433 731.600000 0.154252 -1.371907
0.534761 0.534425 731.700000 0.036577 -0.975710
0.534688 0.534404 731.800000 -0.056059 -0.872391
0.534616 0.534350 731.900000 -0.125811 -0.519152
0.534545 0.534292 732.000000 -0.175332 -0.468788
0.534477 0.534288 732.100000 -0.249280 -1.006477
0.534412 0.534309 732.200000 -0.358648 -1.175421
0.534354 0.534287 732.300000 -0.460828 -0.863060
0.534302 0.534283 732.400000 -0.554520 -1.006100
0.534256 0.534233 732.500000 -0.633734 -0.574219
0.534214 0.534161 732.600000 -0.666669 -0.082843
0.534168 0.534128 732.700000 -0.632484 0.764843
0.534114 0.534204 732.800000 -0.519936 1.480492
0.534050 0.534318 732.900000 -0.362746 1.655441
0.533980 0.534394 733.000000 -0.205820 1.475247
0.533908 0.534408 733.100000 -0.075225 1.130120
0.533835 0.534549 733.200000 0.070204 1.771179
0.533767 0.534738 733.300000 0.257196 1.959324
0.533708 0.534931 733.400000 0.454327 1.973421
0.533664 0.535084 733.500000 0.644665 1.823840
0.533637 0.535202 733.600000 0.819906 1.672202
0.533627 0.535231 733.700000 0.965000 1.222434
0.533632 0.535192 733.800000 1.061983 0.712367
0.533643 0.535125 733.900000 1.112218 0.289823
0.533660 0.535063 734.000000 1.146831 0.400716
0.533685 0.535013 734.100000 1.196012 0.580435
0.533712 0.534946 734.200000 1.211184 -0.277753
0.533735 0.534876 734.300000 1.186332 -0.218037
0.533759 0.534812 734.400000 1.192925 0.349568
0.533793 0.534783 734.500000 1.250594 0.800917
0.533838 0.534723 734.600000 1.313007 0.444229
0.533891 0.534670 734.700000 1.361906 0.531303
0.533954 0.534611 734.800000 1.410985 0.447833
0.534022 0.534538 734.900000 1.438171 0.094528
0.534093 0.534468 735.000000 1.453037 0.202036
0.534163 0.534402 735.100000 1.447527 -0.311945
0.534224 0.534356 735.200000 1.400466 -0.626924
0.534273 0.534311 735.300000 1.337272 -0.633807
0.534315 0.534239 735.400000 1.302286 -0.064153
0.534352 0.534191 735.500000 1.268508 -0.609725
0.534378 0.534152 735.600000 1.202800 -0.701157
0.534390 0.534142 735.700000 1.119485 -0.960965
0.534389 0.534138 735.800000 1.021022 -1.003376
0.534368 0.534294 735.900000 0.878862 -1.832722
0.534328 0.534462 736.000000 0.692637 -1.882459
0.534271 0.534765 736.100000 0.480326 -2.353148
0.534203 0.535061 736.200000 0.245670 -2.328241
0.534130 0.535420 736.300000 0.002481 -2.523375
0.534062 0.535663 736.400000 -0.232058 -2.155690
0.534002 0.535864 736.500000 -0.440661 -2.005942
0.533954 0.535867 736.600000 -0.594108 -1.055309
0.533910 0.535794 736.700000 -0.651970 -0.099055
0.533866 0.535727 736.800000 -0.642757 0.282865
0.533821 0.535655 736.900000 -0.633855 -0.105262
0.533774 0.535591 737.000000 -0.621851 0.344734
0.533725 0.535527 737.100000 -0.585945 0.371587
0.533671 0.535506 737.200000 -0.523806 0.868095
0.533613 0.535460 737.300000 -0.448954 0.625192
0.533551 0.535395 737.400000 -0.401000 0.331492
0.533488 0.535344 737.500000 -0.356077 0.564719
0.533421 0.535300 737.600000 -0.295154 0.650698
0.533352 0.535252 737.700000 -0.232059 0.608046
0.533282 0.535264 737.800000 -0.145702 1.114776
0.533210 0.535213 737.900000 -0.061243 0.570187
0.533137 0.535145 738.000000 -0.020340 0.245829
0.533065 0.535107 738.100000 0.027913 0.716810
0.532994 0.535064 738.200000 0.096672 0.654937
0.532923 0.534997 738.300000 0.144014 0.289530
0.532854 0.534982 738.400000 0.204565 0.918467
0.532787 0.534924 738.500000 0.274342 0.473572
0.532721 0.534866 738.600000 0.320446 0.446204
0.532657 0.534793 738.700000 0.341693 -0.022311
0.532591 0.534748 738.800000 0.308557 -0.638768
0.532523 0.534766 738.900000 0.218608 -1.155707
0.532451 0.534861 739.000000 0.081923 -1.571151
0.532379 0.534881 739.100000 -0.055422 -1.168898
0.532309 0.534888 739.200000 -0.168203 -1.081078
0.532242 0.534899 739.300000 -0.277960 -1.108562
0.532180 0.534861 739.400000 -0.369260 -0.712875
0.532121 0.534825 739.500000 -0.442160 -0.741488
0.532065 0.534757 739.600000 -0.491993 -0.252685
0.532011 0.534685 739.700000 -0.504917 -0.005148
0.531956 0.534614 739.800000 -0.512023 -0.136607
0.531904 0.534550 739.900000 -0.536444 -0.350590
0.531856 0.534514 740.000000 -0.590464 -0.727121
0.531816 0.534545 740.100000 -0.688839 -1.235456
0.531787 0.534534 740.200000 -0.798624 -0.954755
0.531769 0.534515 740.300000 -0.890994 -0.888027
0.531761 0.534488 740.400000 -0.976561 -0.819034
0.531763 0.534437 740.500000 -1.045666 -0.559605
0.531773 0.534383 740.600000 -1.099757 -0.519515
0.531786 0.534312 740.700000 -1.118542 0.144756
0.531799 0.534242 740.800000 -1.118318 -0.140297
0.531810 0.534175 740.900000 -1.110948 0.287329
0.531816 0.534118 741.000000 -1.072793 0.473871
0.531822 0.534060 741.100000 -1.071653 -0.451137
0.531829 0.533992 741.200000 -1.082107 0.242596
0.531835 0.533920 741.300000 -1.072566 -0.052254
0.531839 0.533851 741.400000 -1.064221 0.218719
0.531844 0.533782 741.500000 -1.062978 -0.193911
0.531852 0.533716 741.600000 -1.088121 -0.307683
0.531864 0.533646 741.700000 -1.111272 -0.154182
0.531881 0.533596 741.800000 -1.148018 -0.578917
0.531907 0.533544 741.900000 -1.204231 -0.542525
0.531932 0.533504 742.000000 -1.197412 0.678560
0.531948 0.533442 742.100000 -1.144155 0.383912
0.531959 0.533380 742.200000 -1.105292 0.391424
0.531960 0.533358 742.300000 -1.042651 0.858261
0.531948 0.533382 742.400000 -0.939811 1.193387
0.531921 0.533420 742.500000 -0.815789 1.280849
0.531880 0.533520 742.600000 -0.671512 1.597475
0.531826 0.533614 742.700000 -0.512758 1.569670
0.531766 0.533568 742.800000 -0.403560 0.608843
0.531702 0.533506 742.900000 -0.353845 0.382969
0.531637 0.533456 743.000000 -0.305811 0.575311
0.531570 0.533402 743.100000 -0.251457 0.509049
0.531501 0.533363 743.200000 -0.190940 0.698260
0.531431 0.533291 743.300000 -0.152995 0.058737
0.531361 0.533232 743.400000 -0.128469 0.430573
0.531290 0.533160 743.500000 -0.107854 -0.019305
0.531219 0.533158 743.600000 -0.057939 1.015109
0.531147 0.533106 743.700000 0.019787 0.535509
0.531076 0.533045 743.800000 0.066999 0.406383
0.531006 0.532981 743.900000 0.104392 0.339611
0.530935 0.532912 744.000000 0.111697 -0.193882
0.530864 0.532863 744.100000 0.072852 -0.581082
0.530793 0.532793 744.200000 0.037510 -0.123993
0.530722 0.532767 744.300000 -0.010237 -0.828545
0.530651 0.532781 744.400000 -0.108490 -1.131610
0.530582 0.532739 744.500000 -0.198236 -0.658833
0.530515 0.532670 744.600000 -0.240249 -0.179317
0.530448 0.532604 744.700000 -0.234957 0.284893
0.530380 0.532540 744.800000 -0.237681 -0.339242
0.530313 0.532476 744.900000 -0.237745 0.337973
0.530243 0.532468 745.000000 -0.171924 0.975158
0.530173 0.532513 745.100000 -0.057173 1.314119
0.530102 0.532530 745.200000 0.066255 1.148258
0.530033 0.532521 745.300000 0.172317 0.967681
0.529965 0.532463 745.400000 0.242696 0.436381
0.529901 0.532431 745.500000 0.303388 0.774433
0.529839 0.532401 745.600000 0.381335 0.780606
0.529782 0.532364 745.700000 0.456719 0.723305
0.529731 0.532357 745.800000 0.541911 0.976278
0.529688 0.532376 745.900000 0.649133 1.162799
0.529653 0.532326 746.000000 0.735427 0.558766
0.529624 0.532274 746.100000 0.790173 0.533408
0.529596 0.532209 746.200000 0.801540 -0.306634
0.529567 0.532139 746.300000 0.793648 0.149186
0.529545 0.532121 746.400000 0.846130 0.897838
0.529532 0.532092 746.500000 0.930550 0.786348
0.529527 0.532033 746.600000 0.991768 0.434937
0.529526 0.531968 746.700000 1.028791 0.303677
0.529528 0.531897 746.800000 1.043607 -0.008100
0.529526 0.531848 746.900000 1.013860 -0.585359
0.529516 0.531803 747.000000 0.953645 -0.615928
0.529500 0.531741 747.100000 0.903895 -0.376580
0.529480 0.531676 747.200000 0.870068 -0.298266
0.529454 0.531640 747.300000 0.818639 -0.727745
0.529419 0.531646 747.400000 0.728377 -1.072983
0.529372 0.531714 747.500000 0.602199 -1.444272
0.529316 0.531750 747.600000 0.466342 -1.266075
0.529253 0.531773 747.700000 0.343553 -1.183549
0.529185 0.531849 747.800000 0.209900 -1.482836
0.529115 0.531847 747.900000 0.084412 -1.020645
0.529044 0.531794 748.000000 0.007774 -0.508293
0.528973 0.531726 748.100000 -0.006484 0.223846
0.528903 0.531658 748.200000 0.015609 0.216912
0.528832 0.531590 748.300000 0.037336 0.216539
0.528762 0.531551 748.400000 0.082691 0.688292
0.528693 0.531494 748.500000 0.140248 0.459970
0.528624 0.531441 748.600000 0.189804 0.528667
0.528558 0.531397 748.700000 0.247700 0.626367
0.528493 0.531339 748.800000 0.301629 0.449521
0.528430 0.531270 748.900000 0.331194 0.140289
0.528368 0.531208 749.000000 0.357132 0.377180
0.528309 0.531166 749.100000 0.408978 0.657150
0.528254 0.531154 749.200000 0.489184 0.942965
0.528207 0.531146 749.300000 0.584738 0.963331
0.528169 0.531190 749.400000 0.698871 1.313629
0.528141 0.531159 749.500000 0.803340 0.770527
0.528121 0.531100 749.600000 0.863470 0.429063
0.528106 0.531055 749.700000 0.915937 0.617649
0.528102 0.531049 749.800000 0.996600 0.991573
0.528115 0.531111 749.900000 1.116997 1.410347
0.528147 0.531110 750.000000 1.238933 1.022277
0.528190 0.531047 750.100000 1.306846 0.332595
0.528232 0.530989 750.200000 1.301567 -0.437914
0.528271 0.530918 750.300000 1.280663 0.020887
0.528304 0.530884 750.400000 1.244138 -0.749559
0.528325 0.530845 750.500000 1.172263 -0.684354
0.528337 0.530794 750.600000 1.110871 -0.540414
0.528339 0.530769 750.700000 1.041944 -0.834677
0.528332 0.530713 750.800000 0.976876 -0.463429
0.528320 0.530648 750.900000 0.938794 -0.296314
0.528301 0.530652 751.000000 0.870832 -1.059520
0.528263 0.530932 751.100000 0.702730 -2.294110
0.528207 0.531269 751.200000 0.463635 -2.475838
0.528140 0.531511 751.300000 0.230915 -2.166935
0.528070 0.531736 751.400000 0.016601 -2.108621
0.528002 0.531863 751.500000 -0.175577 -1.725325
0.527938 0.531842 751.600000 -0.305318 -0.863015
0.527876 0.531774 751.700000 -0.357606 -0.180131
0.527817 0.531730 751.800000 -0.398876 -0.643201
0.527761 0.531692 751.900000 -0.465846 -0.692860
0.527707 0.531622 752.000000 -0.494619 0.118852
0.527652 0.531552 752.100000 -0.482205 0.128802
0.527597 0.531482 752.200000 -0.476348 -0.011958
0.527542 0.531412 752.300000 -0.471299 0.112685
0.527485 0.531344 752.400000 -0.455387 0.204752
0.527427 0.531288 752.500000 -0.421952 0.462286
0.527367 0.531223 752.600000 -0.384024 0.294372
0.527307 0.531162 752.700000 -0.388656 -0.386778
0.527251 0.531146 752.800000 -0.453355 -0.903968
0.527197 0.531075 752.900000 -0.500802 -0.042606
0.527144 0.531006 753.000000 -0.510345 -0.147758
0.527095 0.530973 753.100000 -0.555110 -0.745309
0.527049 0.530908 753.200000 -0.606798 -0.285872
0.527006 0.530840 753.300000 -0.632202 -0.220929
0.526962 0.530781 753.400000 -0.622862 0.407264
0.526913 0.530750 753.500000 -0.563851 0.769999
0.526860 0.530694 753.600000 -0.501520 0.473502
0.526803 0.530655 753.700000 -0.443498 0.684038
0.526743 0.530589 753.800000 -0.396225 0.259055
0.526682 0.530534 753.900000 -0.359212 0.479353
0.526619 0.530468 754.000000 -0.321741 0.268203
0.526557 0.530413 754.100000 -0.331969 -0.472261
0.526497 0.530383 754.200000 -0.394995 -0.785105
0.526443 0.530391 754.300000 -0.488621 -1.082730
0.526397 0.530405 754.400000 -0.599696 -1.133221
0.526361 0.530417 754.500000 -0.712115 -1.109543
0.526332 0.530355 754.600000 -0.785179 -0.348084
0.526303 0.530297 754.700000 -0.780428 0.442872
0.526270 0.530234 754.800000 -0.742174 0.320303
0.526233 0.530174 754.900000 -0.706403 0.393319
0.526192 0.530116 755.000000 -0.665260 0.427493
0.526153 0.530066 755.100000 -0.671459 -0.551171
0.526118 0.530015 755.200000 -0.726384 -0.544574
0.526089 0.529978 755.300000 -0.789014 -0.704895
0.526070 0.529968 755.400000 -0.872182 -0.954304
0.526058 0.529904 755.500000 -0.935021 -0.299334
0.526045 0.529859 755.600000 -0.918811 0.622708
0.526025 0.529801 755.700000 -0.866308 0.424733
0.526000 0.529744 755.800000 -0.822510 0.449044
0.525970 0.529696 755.900000 -0.771047 0.577647
0.525932 0.529693 756.000000 -0.691649 1.006335
0.525887 0.529641 756.100000 -0.614995 0.522916
0.525838 0.529603 756.200000 -0.554069 0.692565
0.525785 0.529549 756.300000 -0.494677 0.492287
0.525728 0.529494 756.400000 -0.446201 0.474825
0.525669 0.529450 756.500000 -0.390758 0.631259
0.525606 0.529427 756.600000 -0.316806 0.844080
0.525539 0.529472 756.700000 -0.208500 1.316630
0.525471 0.529432 756.800000 -0.108616 0.676042
0.525401 0.529386 756.900000 -0.044453 0.604025
0.525332 0.529316 757.000000 -0.014526 -0.006989
0.525263 0.529255 757.100000 -0.033044 -0.362440
0.525194 0.529218 757.200000 -0.086711 -0.708212
0.525127 0.529210 757.300000 -0.170796 -0.969283
0.525062 0.529184 757.400000 -0.260015 -0.810634
0.525000 0.529177 757.500000 -0.349487 -0.974352
0.524944 0.529146 757.600000 -0.436872 -0.768970
0.524892 0.529134 757.700000 -0.522305 -0.935417
0.524842 0.529087 757.800000 -0.539420 0.593980
0.524787 0.529083 757.900000 -0.459623 0.997969
0.524726 0.529122 758.000000 -0.345425 1.280267
0.524660 0.529148 758.100000 -0.220743 1.207153
0.524591 0.529416 758.200000 -0.046697 2.265060
0.524524 0.529812 758.300000 0.199972 2.655976
0.524469 0.530184 758.400000 0.462987 2.591180
0.524432 0.530408 758.500000 0.698722 2.111736
0.524419 0.530678 758.600000 0.918341 2.269666
0.524439 0.531058 758.700000 1.163139 2.614051
0.524501 0.531365 758.800000 1.414027 2.391169
0.524616 0.531791 758.900000 1.671381 2.743029
0.524792 0.532098 759.000000 1.928842 2.393329
0.525034 0.532438 759.100000 2.173937 2.496319
0.525347 0.532677 759.200000 2.407662 2.166493
0.525713 0.532687 759.300000 2.571334 1.098757
0.526109 0.532643 759.400000 2.658371 0.637639
0.526522 0.532580 759.500000 2.707048 0.333472
0.526946 0.532515 759.600000 2.737066 0.265384
0.527372 0.532446 759.700000 2.744167 -0.123720
0.527791 0.532381 759.800000 2.723611 -0.286370
0.528199 0.532317 759.900000 2.694138 -0.301620
0.528594 0.532261 760.000000 2.656321 -0.452825
0.528972 0.532204 760.100000 2.610703 -0.457260
0.529346 0.532136 760.200000 2.596626 0.176427
0.529721 0.532067 760.300000 2.601334 -0.082512
0.530092 0.532000 760.400000 2.586609 -0.211250
0.530450 0.531947 760.500000 2.550617 -0.506784
0.530795 0.531880 760.600000 2.514072 -0.222287
0.531122 0.531872 760.700000 2.454496 -0.966257
0.531411 0.531918 760.800000 2.339356 -1.330790
0.531658 0.532001 760.900000 2.196071 -1.527742
0.531867 0.532028 761.000000 2.058686 -1.213098
0.532043 0.532061 761.100000 1.935128 -1.251877
0.532188 0.532101 761.200000 1.807568 -1.292951
0.532305 0.532107 761.300000 1.688768 -1.077099
0.532393 0.532221 761.400000 1.551091 -1.669565
0.532453 0.532259 761.500000 1.403095 -1.282952
0.532483 0.532453 761.600000 1.238284 -2.005026
0.532485 0.532593 761.700000 1.048169 -1.787767
0.532466 0.532705 761.800000 0.875139 -1.664180
0.532431 0.532733 761.900000 0.730375 -1.223853
0.532385 0.532785 762.000000 0.600667 -1.363821
0.532330 0.532772 762.100000 0.485713 -0.929517
0.532270 0.532828 762.200000 0.369738 -1.384190
0.532204 0.532815 762.300000 0.253570 -0.933362
0.532136 0.532754 762.400000 0.188455 -0.365685
0.532068 0.532751 762.500000 0.119508 -1.009807
0.531998 0.532716 762.600000 0.032038 -0.735220
0.531928 0.532654 762.700000 -0.021652 -0.335893
0.531859 0.532604 762.800000 -0.011176 0.544883
0.531789 0.532572 762.900000 0.054282 0.761020
0.531721 0.532584 763.000000 0.148603 1.120684
0.531656 0.532652 763.100000 0.277387 1.448543
0.531597 0.532672 763.200000 0.408846 1.174065
0.531546 0.532692 763.300000 0.526264 1.168433
0.531504 0.532722 763.400000 0.646735 1.234962
0.531472 0.532716 763.500000 0.758195 0.988656
0.531451 0.532738 763.600000 0.867023 1.182464
0.531445 0.532747 763.700000 0.981230 1.095970
0.531453 0.532755 763.800000 1.090672 1.087406
0.531476 0.532735 763.900000 1.188997 0.874169
0.531516 0.532764 764.000000 1.294256 1.225743
0.531571 0.532707 764.100000 1.378164 0.448230
0.531636 0.532664 764.200000 1.432920 0.644148
0.531715 0.532645 764.300000 1.509200 0.877639
0.531803 0.532576 764.400000 1.550915 -0.045432
0.531886 0.532516 764.500000 1.528967 -0.392418
0.531960 0.532468 764.600000 1.480487 -0.574772
0.532027 0.532399 764.700000 1.446588 -0.101512
0.532088 0.532354 764.800000 1.410665 -0.615135
0.532141 0.532287 764.900000 1.370614 -0.183900
0.532189 0.532230 765.000000 1.339579 -0.435243
0.532235 0.532167 765.100000 1.334317 0.330275
0.532283 0.532103 765.200000 1.336810 -0.280554
0.532324 0.532043 765.300000 1.303500 -0.383964
0.532362 0.531974 765.400000 1.281519 -0.054567
0.532404 0.531922 765.500000 1.305093 0.524864
0.532450 0.531853 765.600000 1.335134 0.074454
0.532501 0.531793 765.700000 1.358468 0.391058
0.532558 0.531728 765.800000 1.390045 0.238905
0.532617 0.531659 765.900000 1.405241 0.064263
0.532677 0.531589 766.000000 1.405418 -0.060742
0.532734 0.531521 766.100000 1.396074 -0.125661
0.532795 0.531463 766.200000 1.410664 0.416736
0.532857 0.531396 766.300000 1.421956 -0.191472
0.532916 0.531329 766.400000 1.402766 -0.191365
0.532972 0.531261 766.500000 1.387438 -0.114433
0.533018 0.531257 766.600000 1.331513 -1.001260
0.533044 0.531316 766.700000 1.211043 -1.402124
0.533050 0.531371 766.800000 1.071451 -1.382729
0.533037 0.531415 766.900000 0.936129 -1.316958
0.533011 0.531431 767.000000 0.812825 -1.142948
0.532971 0.531522 767.100000 0.676846 -1.569824
0.532919 0.531618 767.200000 0.518337 -1.592441
0.532858 0.531724 767.300000 0.356342 -1.639349
0.532792 0.531735 767.400000 0.218544 -1.109733
0.532723 0.531905 767.500000 0.066771 -1.918126
0.532655 0.532361 767.600000 -0.171698 -2.839330
0.532597 0.532531 767.700000 -0.410100 -1.916799
0.532547 0.532522 767.800000 -0.554532 -0.964626
0.532505 0.532496 767.900000 -0.643545 -0.811185
0.532467 0.532430 768.000000 -0.696055 -0.236375
0.532431 0.532361 768.100000 -0.709150 -0.024876
0.532395 0.532292 768.200000 -0.715990 -0.111580
0.532357 0.532234 768.300000 -0.701177 0.407097
0.532318 0.532166 768.400000 -0.673475 0.145556
0.532276 0.532106 768.500000 -0.647368 0.375280
0.532227 0.532127 768.600000 -0.569555 1.177092
0.532171 0.532157 768.700000 -0.448690 1.234167
0.532110 0.532138 768.800000 -0.342385 0.886623
0.532044 0.532208 768.900000 -0.224770 1.459797
0.531975 0.532282 769.000000 -0.077233 1.483555
0.531906 0.532259 769.100000 0.039701 0.849271
0.531838 0.532233 769.200000 0.123103 0.814602
0.531771 0.532181 769.300000 0.189119 0.502427
0.531707 0.532183 769.400000 0.266929 1.049877
0.531646 0.532175 769.500000 0.368180 0.970091
0.531592 0.532201 769.600000 0.477411 1.209051
0.531544 0.532169 769.700000 0.575768 0.753175
0.531501 0.532104 769.800000 0.627214 0.273175
0.531461 0.532053 769.900000 0.667279 0.526134
0.531425 0.531996 770.000000 0.714960 0.425090
0.531391 0.531928 770.100000 0.730447 -0.116126
0.531355 0.531861 770.200000 0.715823 -0.175611
0.531321 0.531806 770.300000 0.730642 0.471235
0.531291 0.531754 770.400000 0.780252 0.518493
0.531269 0.531734 770.500000 0.849491 0.862824
0.531253 0.531669 770.600000 0.906255 0.269614
0.531237 0.531609 770.700000 0.901372 -0.367035
0.531216 0.531554 770.800000 0.859873 -0.460864
0.531191 0.531489 770.900000 0.824520 -0.244417
0.531162 0.531454 771.000000 0.776191 -0.719747
0.531126 0.531394 771.100000 0.721364 -0.374061
0.531088 0.531332 771.200000 0.686437 -0.322722
0.531047 0.531269 771.300000 0.654102 -0.322377
0.531004 0.531203 771.400000 0.628032 -0.197716
0.530957 0.531161 771.500000 0.585923 -0.642362
0.530906 0.531127 771.600000 0.517001 -0.732632
0.530849 0.531110 771.700000 0.435350 -0.896299
0.530789 0.531069 771.800000 0.357798 -0.650866
0.530727 0.531000 771.900000 0.322396 -0.055398
0.530663 0.530962 772.000000 0.285381 -0.683045
0.530598 0.530927 772.100000 0.214961 -0.721840
0.530530 0.530866 772.200000 0.160516 -0.364337
0.530463 0.530798 772.300000 0.143772 0.030293
0.530396 0.530734 772.400000 0.159467 0.282818
0.530330 0.530667 772.500000 0.182101 0.168738
0.530263 0.530604 772.600000 0.175695 -0.296540
0.530195 0.530559 772.700000 0.130985 -0.595432
0.530127 0.530508 772.800000 0.075071 -0.520049
0.530059 0.530474 772.900000 0.012195 -0.734327
0.529990 0.530419 773.000000 -0.047810 -0.462766
0.529922 0.530388 773.100000 -0.109114 -0.760252
0.529856 0.530364 773.200000 -0.188991 -0.833294
0.529791 0.530296 773.300000 -0.230051 0.014152
0.529726 0.530230 773.400000 -0.218366 0.218960
0.529660 0.530171 773.500000 -0.188555 0.375773
0.529593 0.530114 773.600000 -0.148412 0.425081
0.529525 0.530047 773.700000 -0.117966 0.182312
0.529457 0.529988 773.800000 -0.089615 0.383290
0.529389 0.529930 773.900000 -0.089797 -0.386932
0.529322 0.529882 774.000000 -0.137693 -0.568587
0.529255 0.529814 774.100000 -0.166383 -0.003780
0.529188 0.529765 774.200000 -0.138618 0.557691
0.529120 0.529728 774.300000 -0.075976 0.692019
0.529052 0.529681 774.400000 -0.012001 0.584285
0.528984 0.529615 774.500000 0.026374 0.181290
0.528916 0.529559 774.600000 0.013339 -0.441326
0.528847 0.529498 774.700000 -0.025603 -0.335578
0.528779 0.529430 774.800000 -0.045241 -0.056193
0.528711 0.529362 774.900000 -0.052862 -0.095847
0.528643 0.529323 775.000000 -0.091237 -0.669738
0.528577 0.529261 775.100000 -0.140717 -0.317383
0.528510 0.529193 775.200000 -0.154776 0.036909
0.528444 0.529140 775.300000 -0.177356 -0.487379
0.528379 0.529107 775.400000 -0.238940 -0.741230
0.528318 0.529110 775.500000 -0.328613 -1.047755
0.528259 0.529043 775.600000 -0.374087 0.140565
0.528199 0.528978 775.700000 -0.355225 0.235718
0.528138 0.528911 775.800000 -0.338672 0.094509
0.528078 0.528851 775.900000 -0.351643 -0.353279
0.528020 0.528802 776.000000 -0.397240 -0.556370
0.527965 0.528743 776.100000 -0.443189 -0.360322
0.527911 0.528676 776.200000 -0.467813 -0.130926
0.527859 0.528612 776.300000 -0.487648 -0.264777
0.527807 0.528547 776.400000 -0.511115 -0.203392
0.527756 0.528484 776.500000 -0.506821 0.289059
0.527702 0.528424 776.600000 -0.474848 0.348804
0.527648 0.528356 776.700000 -0.454771 0.051727
0.527593 0.528290 776.800000 -0.444362 0.155942
0.527537 0.528222 776.900000 -0.440183 -0.072579
0.527483 0.528160 777.000000 -0.459205 -0.306917
0.527430 0.528092 777.100000 -0.474989 -0.007957
0.527376 0.528025 777.200000 -0.468701 0.133396
0.527322 0.527958 777.300000 -0.468542 -0.130234
0.527268 0.527901 777.400000 -0.454608 0.408228
0.527210 0.527870 777.500000 -0.396080 0.759401
0.527148 0.527890 777.600000 -0.299430 1.168771
0.527084 0.527823 777.700000 -0.235852 0.099613
0.527019 0.527755 777.800000 -0.232777 -0.038263
0.526956 0.527709 777.900000 -0.263414 -0.572956
0.526893 0.527645 778.000000 -0.279689 0.248267
0.526830 0.527586 778.100000 -0.248337 0.377201
0.526765 0.527521 778.200000 -0.219101 0.206074
0.526700 0.527455 778.300000 -0.200470 0.165614
0.526634 0.527391 778.400000 -0.180095 0.240866
0.526569 0.527323 778.500000 -0.168477 -0.009093
0.526502 0.527273 778.600000 -0.142848 0.520395
0.526435 0.527214 778.700000 -0.098696 0.360425
0.526368 0.527147 778.800000 -0.087551 -0.138080
0.526301 0.527079 778.900000 -0.095216 -0.014824
0.526234 0.527012 779.000000 -0.094729 0.024533
0.526167 0.526982 779.100000 -0.055073 0.766598
0.526099 0.526933 779.200000 0.010563 0.542846
0.526032 0.526866 779.300000 0.031890 -0.117373
0.525964 0.526800 779.400000 0.031835 0.116271
0.525897 0.526750 779.500000 0.011564 -0.520663
0.525830 0.526687 779.600000 -0.000945 0.271093
0.525762 0.526619 779.700000 0.010752 -0.037725
0.525695 0.526556 779.800000 0.021974 0.261587
0.525627 0.526500 779.900000 0.013685 -0.426937
0.525560 0.526471 780.000000 -0.046281 -0.769393
0.525493 0.526411 780.100000 -0.067933 0.337438
0.525426 0.526346 780.200000 -0.040390 0.212049
0.525359 0.526299 780.300000 -0.001629 0.561221
0.525291 0.526257 780.400000 0.058063 0.629639
0.525225 0.526233 780.500000 0.130940 0.824260
0.525161 0.526210 780.600000 0.214292 0.838614
0.525100 0.526237 780.700000 0.317023 1.210872
0.525048 0.526465 780.800000 0.485358 2.147412
0.525010 0.526594 780.900000 0.680786 1.751382
0.524988 0.526641 781.000000 0.835706 1.339260
0.524979 0.526638 781.100000 0.953205 1.004850
0.524977 0.526573 781.200000 1.012474 0.177570
0.524975 0.526508 781.300000 1.011372 -0.199553
0.524971 0.526445 781.400000 0.987831 -0.270105
0.524962 0.526387 781.500000 0.955576 -0.373379
0.524944 0.526424 781.600000 0.872976 -1.274479
0.524908 0.526653 781.700000 0.701063 -2.155201
0.524854 0.527074 781.800000 0.454607 -2.761585
0.524790 0.527304 781.900000 0.208091 -2.156414
0.524722 0.527479 782.000000 0.002332 -1.948476
0.524657 0.527496 782.100000 -0.153076 -1.151916
0.524594 0.527489 782.200000 -0.259359 -0.968434
0.524537 0.527601 782.300000 -0.391883 -1.675421
0.524492 0.527847 782.400000 -0.586994 -2.217041
0.524465 0.528028 782.500000 -0.796885 -1.970279
0.524462 0.528215 782.600000 -0.995625 -1.994586
0.524480 0.528231 782.700000 -1.153200 -1.149025
0.524516 0.528263 782.800000 -1.273344 -1.247864
0.524570 0.528240 782.900000 -1.377727 -0.834559
0.524639 0.528208 783.000000 -1.456534 -0.737648
0.524718 0.528148 783.100000 -1.510395 -0.336887
0.524803 0.528087 783.200000 -1.543792 -0.329384
0.524894 0.528027 783.300000 -1.576879 -0.330684
0.524994 0.527971 783.400000 -1.614929 -0.428420
0.525095 0.527907 783.500000 -1.625025 0.226995
0.525188 0.527869 783.600000 -1.579303 0.685161
0.525270 0.527809 783.700000 -1.528313 0.332100
0.525343 0.527758 783.800000 -1.486583 0.500409
0.525405 0.527737 783.900000 -1.418609 0.855677
0.525458 0.527670 784.000000 -1.375240 0.009521
0.525508 0.527615 784.100000 -1.352760 0.438962
0.525555 0.527548 784.200000 -1.335320 -0.091042
0.525599 0.527488 784.300000 -1.323088 0.335087
0.525642 0.527421 784.400000 -1.310505 -0.084066
0.525688 0.527362 784.500000 -1.332594 -0.356609
0.525740 0.527303 784.600000 -1.368172 -0.353181
0.525793 0.527241 784.700000 -1.370944 0.297884
0.525841 0.527177 784.800000 -1.346209 0.195583
0.525883 0.527132 784.900000 -1.306831 0.590003
0.525906 0.527268 785.000000 -1.187692 1.786836
0.525902 0.527465 785.100000 -0.996081 2.035796
0.525875 0.527700 785.200000 -0.784778 2.179706
0.525828 0.527939 785.300000 -0.565588 2.193120
0.525769 0.528114 785.400000 -0.357882 1.950628
0.525704 0.528312 785.500000 -0.157707 2.042862
0.525637 0.528408 785.600000 0.024905 1.600248
0.525572 0.528509 785.700000 0.186655 1.626655
0.525515 0.528768 785.800000 0.381710 2.264699
0.525472 0.529104 785.900000 0.621435 2.517818
0.525451 0.529270 786.000000 0.843603 1.914421
0.525449 0.529329 786.100000 1.010308 1.411344
0.525466 0.529377 786.200000 1.148372 1.343038
0.525497 0.529327 786.300000 1.242186 0.528551
0.525532 0.529261 786.400000 1.262424 -0.124804
0.525566 0.529195 786.500000 1.262865 0.133605
0.525603 0.529129 786.600000 1.277314 0.154654
0.525641 0.529062 786.700000 1.282775 -0.045705
0.525676 0.529002 786.800000 1.263533 -0.338184
0.525698 0.529040 786.900000 1.182109 -1.286219
0.525700 0.529119 787.000000 1.041597 -1.516988
0.525682 0.529227 787.100000 0.882179 -1.663409
0.525649 0.529283 787.200000 0.729114 -1.390234
0.525604 0.529362 787.300000 0.583190 -1.520945
0.525550 0.529375 787.400000 0.450609 -1.124062
0.525490 0.529479 787.500000 0.312004 -1.641093
0.525424 0.529654 787.600000 0.131897 -1.952055
0.525358 0.529758 787.700000 -0.048373 -1.644333
0.525294 0.529859 787.800000 -0.212357 -1.627134
0.525235 0.529875 787.900000 -0.351323 -1.145240
0.525181 0.529843 788.000000 -0.445951 -0.742599
0.525131 0.529809 788.100000 -0.519571 -0.726107
0.525083 0.529757 788.200000 -0.531424 0.489624
0.525031 0.529698 788.300000 -0.489354 0.349675
0.524980 0.529638 788.400000 -0.489158 -0.345768
0.524931 0.529578 788.500000 -0.523537 -0.340075
0.524887 0.529621 788.600000 -0.606546 -1.315957
0.524854 0.529626 788.700000 -0.726261 -1.072361
0.524830 0.529599 788.800000 -0.819720 -0.792156
0.524819 0.529681 788.900000 -0.936236 -1.532331
0.524826 0.529704 789.000000 -1.072826 -1.192642
0.524851 0.529766 789.100000 -1.204273 -1.429731
0.524890 0.529705 789.200000 -1.291534 -0.311121
0.524936 0.529654 789.300000 -1.332456 -0.505272
0.524990 0.529596 789.400000 -1.376606 -0.375526
0.525051 0.529541 789.500000 -1.417496 -0.440230
0.525121 0.529500 789.600000 -1.471480 -0.636745
0.525204 0.529457 789.700000 -1.534213 -0.614771
0.525306 0.529501 789.800000 -1.631483 -1.325771
0.525437 0.529557 789.900000 -1.767876 -1.395275
0.525595 0.529538 790.000000 -1.881176 -0.865047
0.525764 0.529471 790.100000 -1.930476 -0.118505
0.525930 0.529413 790.200000 -1.917567 0.376041
0.526094 0.529350 790.300000 -1.910727 -0.239580
0.526274 0.529346 790.400000 -1.972714 -0.997058
0.526465 0.529279 790.500000 -2.018440 0.084819
0.526644 0.529262 790.600000 -1.969674 0.888079
0.526800 0.529253 790.700000 -1.877385 0.953082
0.526926 0.529365 790.800000 -1.745157 1.684860
0.527020 0.529405 790.900000 -1.595780 1.295208
0.527089 0.529446 791.000000 -1.465307 1.307729
0.527132 0.529560 791.100000 -1.314932 1.692265
0.527154 0.529554 791.200000 -1.180911 0.981453
0.527162 0.529529 791.300000 -1.090549 0.821255
0.527159 0.529515 791.400000 -1.003799 0.909406
0.527145 0.529499 791.500000 -0.913230 0.897460
0.527122 0.529469 791.600000 -0.829946 0.764042
0.527094 0.529404 791.700000 -0.782306 0.186382
0.527065 0.529338 791.800000 -0.767703 0.104957
0.527033 0.529279 791.900000 -0.744745 0.353037
0.526997 0.529250 792.000000 -0.688203 0.774981
0.526956 0.529184 792.100000 -0.644976 0.087396
0.526913 0.529143 792.200000 -0.608476 0.640793
0.526866 0.529095 792.300000 -0.548733 0.551069
0.526815 0.529047 792.400000 -0.494236 0.536142
0.526762 0.528980 792.500000 -0.468650 -0.025700
0.526709 0.528922 792.600000 -0.451526 0.367323
0.526650 0.528986 792.700000 -0.360924 1.440189
0.526587 0.529013 792.800000 -0.227590 1.219832
0.526522 0.529023 792.900000 -0.111273 1.100687
0.526455 0.529028 793.000000 -0.002549 1.068363
0.526389 0.528979 793.100000 0.077913 0.536844
0.526323 0.528915 793.200000 0.095941 -0.177177
0.526258 0.528848 793.300000 0.087925 0.017249
0.526192 0.528787 793.400000 0.103482 0.293109
0.526127 0.528722 793.500000 0.126208 0.160273
0.526061 0.528675 793.600000 0.106135 -0.560712
0.525995 0.528608 793.700000 0.077631 -0.007947
0.525929 0.528566 793.800000 0.046228 -0.618554
0.525863 0.528534 793.900000 -0.022187 -0.746317
0.525797 0.528532 794.000000 -0.110364 -1.012815
0.525734 0.528551 794.100000 -0.219591 -1.166270
0.525676 0.528605 794.200000 -0.347159 -1.378698
0.525626 0.528782 794.300000 -0.515017 -1.970072
0.525594 0.529059 794.400000 -0.730835 -2.335500
0.525585 0.529294 794.500000 -0.957622 -2.188893
0.525603 0.529428 794.600000 -1.156836 -1.785431
0.525648 0.529540 794.700000 -1.330829 -1.685742
0.525721 0.529589 794.800000 -1.483191 -1.353863
0.525820 0.529640 794.900000 -1.619587 -1.367241
0.525947 0.529685 795.000000 -1.754898 -1.332226
0.526106 0.529739 795.100000 -1.891323 -1.389443
0.526301 0.529826 795.200000 -2.039173 -1.560160
0.526540 0.529935 795.300000 -2.201179 -1.671861
0.526807 0.529879 795.400000 -2.305345 -0.406247
0.527083 0.529813 795.500000 -2.331884 -0.123209
0.527356 0.529752 795.600000 -2.322866 0.303118
0.527625 0.529686 795.700000 -2.309577 -0.038015
0.527891 0.529622 795.800000 -2.301266 0.203837
0.528145 0.529581 795.900000 -2.259158 0.636207
0.528379 0.529556 796.000000 -2.186599 0.811349
0.528583 0.529620 796.100000 -2.073403 1.446917
0.528752 0.529657 796.200000 -1.936687 1.280568
0.528890 0.529704 796.300000 -1.805187 1.342849
0.529008 0.529652 796.400000 -1.713321 0.489889
0.529119 0.529587 796.500000 -1.682869 0.117616
0.529229 0.529520 796.600000 -1.676108 0.017277
0.529344 0.529469 796.700000 -1.699919 -0.492309
0.529467 0.529405 796.800000 -1.735220 -0.211946
0.529592 0.529339 796.900000 -1.749945 -0.081831
0.529714 0.529285 797.000000 -1.731802 0.443794
0.529829 0.529221 797.100000 -1.701017 0.170371
0.529933 0.529198 797.200000 -1.650601 0.835427
0.530021 0.529179 797.300000 -1.565291 0.866511
0.530101 0.529113 797.400000 -1.528078 -0.124119
0.530177 0.529061 797.500000 -1.510339 0.478015
0.530247 0.528999 797.600000 -1.473199 0.262929
0.530314 0.528933 797.700000 -1.458957 0.021193
0.530380 0.528867 797.800000 -1.457141 0.015033
0.530445 0.528802 797.900000 -1.448685 0.153680
0.530504 0.528758 798.000000 -1.411287 0.592394
0.530550 0.528734 798.100000 -1.340058 0.828635
0.530583 0.528702 798.200000 -1.261618 0.736248
0.530604 0.528675 798.300000 -1.184947 0.793327
0.530613 0.528670 798.400000 -1.095604 0.989068
0.530612 0.528622 798.500000 -1.019189 0.535419
0.530607 0.528556 798.600000 -0.996767 -0.088097
0.530599 0.528524 798.700000 -0.964489 0.732040
0.530580 0.528545 798.800000 -0.868556 1.181814
0.530551 0.528515 798.900000 -0.771356 0.757326
0.530513 0.528539 799.000000 -0.673115 1.202585
0.530465 0.528567 799.100000 -0.551380 1.226030
0.530410 0.528609 799.200000 -0.423995 1.315298
0.530348 0.528832 799.300000 -0.250311 2.149703
0.530282 0.529045 799.400000 -0.036760 2.110632
0.530217 0.529224 799.500000 0.168315 1.980618
0.530158 0.529274 799.600000 0.336099 1.366680
0.530107 0.529410 799.700000 0.494658 1.796572
0.530070 0.529587 799.800000 0.683538 1.971581
0.530052 0.529759 799.900000 0.880371 1.955234
0.530059 0.529954 800.000000 1.080746 2.042254
0.530102 0.530404 800.100000 1.327202 2.874547
0.530205 0.531080 800.200000 1.644067 3.446905
0.530382 0.531621 800.300000 1.973192 3.119140
0.530632 0.531911 800.400000 2.249197 2.387160
0.530946 0.532090 800.500000 2.468261 1.983158
0.531319 0.532202 800.600000 2.652430 1.691011
0.531740 0.532218 800.700000 2.794707 1.147418
0.532196 0.532192 800.800000 2.892752 0.808586
0.532680 0.532156 800.900000 2.967863 0.689881
0.533181 0.532093 801.000000 3.015404 0.258551
0.533683 0.532029 801.100000 3.018235 -0.202070
0.534156 0.532074 801.200000 2.941374 -1.331314
0.534591 0.532048 801.300000 2.834252 -0.805753
0.534987 0.532100 801.400000 2.724671 -1.380397
0.535333 0.532206 801.500000 2.572199 -1.661410
0.535635 0.532223 801.600000 2.430846 -1.158599
0.535906 0.532203 801.700000 2.329824 -0.856776
0.536149 0.532218 801.800000 2.229543 -1.143836
0.536366 0.532191 801.900000 2.132320 -0.795761
0.536565 0.532141 802.000000 2.066810 -0.511165
0.536750 0.532099 802.100000 2.009925 -0.623687
0.536918 0.532067 802.200000 1.941597 -0.739459
0.537069 0.532035 802.300000 1.866956 -0.749623
0.537199 0.532037 802.400000 1.776961 -1.045788
0.537308 0.532018 802.500000 1.680852 -0.871582
0.537397 0.532027 802.600000 1.582200 -1.096524
0.537465 0.532031 802.700000 1.474117 -1.059736
0.537513 0.532057 802.800000 1.359790 -1.221077
0.537544 0.532049 802.900000 1.250010 -0.969043
0.537554 0.532171 803.000000 1.114311 -1.738144
0.537543 0.532258 803.100000 0.948668 -1.566445
0.537518 0.532259 803.200000 0.818103 -1.038324
0.537485 0.532213 803.300000 0.737190 -0.575897
0.537450 0.532152 803.400000 0.723400 0.300797
0.537415 0.532098 803.500000 0.716892 -0.430623
0.537375 0.532075 803.600000 0.653168 -0.840688
0.537331 0.532009 803.700000 0.609050 -0.039454
0.537288 0.531948 803.800000 0.620419 0.266264
0.537249 0.531903 803.900000 0.663072 0.584654
0.537212 0.531837 804.000000 0.696724 0.086702
0.537175 0.531772 804.100000 0.693734 -0.146344
0.537138 0.531707 804.200000 0.691656 0.104888
0.537102 0.531641 804.300000 0.700990 0.081333
0.537066 0.531575 804.400000 0.706058 0.019764
0.537026 0.531600 804.500000 0.646475 -1.208448
0.536976 0.531631 804.600000 0.523178 -1.251334
0.536919 0.531675 804.700000 0.393709 -1.331569
0.536858 0.531617 804.800000 0.309109 -0.356193
0.536796 0.531563 804.900000 0.268612 -0.451731
0.536732 0.531502 805.000000 0.232034 -0.277997
0.536669 0.531450 805.100000 0.241605 0.468934
0.536608 0.531413 805.200000 0.299275 0.681589
0.536548 0.531350 805.300000 0.322492 -0.218418
0.536489 0.531305 805.400000 0.340781 0.583294
0.536431 0.531240 805.500000 0.376712 0.133537
0.536374 0.531180 805.600000 0.399025 0.311607
0.536320 0.531126 805.700000 0.436714 0.440273
0.536268 0.531096 805.800000 0.497028 0.762990
0.536223 0.531088 805.900000 0.583581 0.963749
0.536185 0.531075 806.000000 0.678230 0.924491
0.536153 0.531024 806.100000 0.748913 0.485647
0.536122 0.530973 806.200000 0.748673 -0.490441
0.536085 0.530936 806.300000 0.690234 -0.675421
0.536039 0.530997 806.400000 0.584661 -1.430758
0.535984 0.531101 806.500000 0.429885 -1.657016
0.535923 0.531114 806.600000 0.290187 -1.129971
0.535859 0.531132 806.700000 0.175191 -1.164199
0.535792 0.531220 806.800000 0.037966 -1.573441
0.535726 0.531196 806.900000 -0.082008 -0.820038
0.535661 0.531147 807.000000 -0.149304 -0.522507
0.535596 0.531112 807.100000 -0.140087 0.706376
0.535530 0.531058 807.200000 -0.083164 0.429241
0.535464 0.531060 807.300000 -0.009095 1.048444
0.535398 0.531090 807.400000 0.105843 1.244561
0.535335 0.531058 807.500000 0.205108 0.735782
0.535273 0.531035 807.600000 0.283602 0.830174
0.535215 0.531018 807.700000 0.369863 0.890740
0.535160 0.530953 807.800000 0.410484 -0.080357
0.535103 0.530891 807.900000 0.394390 -0.240724
0.535044 0.530859 808.000000 0.345433 -0.735969
0.534983 0.530821 808.100000 0.274692 -0.675314
0.534919 0.530814 808.200000 0.192117 -0.972045
0.534853 0.530778 808.300000 0.108769 -0.690761
0.534787 0.530731 808.400000 0.046117 -0.559153
0.534721 0.530666 808.500000 0.016724 -0.027222
0.534655 0.530634 808.600000 -0.021652 -0.738377
0.534590 0.530717 808.700000 -0.136507 -1.552997
0.534530 0.530834 808.800000 -0.300390 -1.716466
0.534477 0.530911 808.900000 -0.462709 -1.521799
0.534434 0.530994 809.000000 -0.616673 -1.549782
0.534399 0.530932 809.100000 -0.706720 -0.246641
0.534363 0.530882 809.200000 -0.693843 0.503525
0.534325 0.530818 809.300000 -0.676020 -0.147960
0.534289 0.530761 809.400000 -0.702190 -0.374127
0.534259 0.530726 809.500000 -0.756078 -0.700939
0.534230 0.530665 809.600000 -0.778486 0.253902
0.534200 0.530599 809.700000 -0.764446 0.026201
0.534169 0.530538 809.800000 -0.749050 0.280946
0.534130 0.530614 809.900000 -0.659257 1.510417
0.534078 0.530856 810.000000 -0.471569 2.233968
0.534016 0.531078 810.100000 -0.251361 2.159180
0.533950 0.531084 810.200000 -0.089244 1.075057
0.533884 0.531034 810.300000 -0.010094 0.503979
0.533819 0.530984 810.400000 0.039714 0.489695
0.533753 0.530918 810.500000 0.067109 0.056827
0.533687 0.530862 810.600000 0.050576 -0.386654
0.533621 0.530824 810.700000 -0.002120 -0.664638
0.533556 0.530823 810.800000 -0.086815 -1.025013
0.533493 0.530858 810.900000 -0.202070 -1.274325
0.533434 0.530934 811.000000 -0.341994 -1.517158
0.533381 0.530891 811.100000 -0.448320 -0.604042
0.533330 0.530834 811.200000 -0.496762 -0.362385
0.533283 0.530795 811.300000 -0.547930 -0.658420
0.533240 0.530750 811.400000 -0.609548 -0.570853
0.533202 0.530701 811.500000 -0.664172 -0.518893
0.533168 0.530659 811.600000 -0.720711 -0.609057
0.533137 0.530593 811.700000 -0.752530 -0.025736
0.533107 0.530528 811.800000 -0.755586 -0.035232
0.533078 0.530469 811.900000 -0.773264 -0.317447
0.533051 0.530405 812.000000 -0.795878 -0.133709
0.533024 0.530342 812.100000 -0.792056 0.209960
0.532998 0.530281 812.200000 -0.794927 -0.267228
0.532971 0.530218 812.300000 -0.798145 0.203024
0.532943 0.530156 812.400000 -0.776775 0.223304
0.532912 0.530095 812.500000 -0.752061 0.269744
0.532878 0.530037 812.600000 -0.721693 0.336108
0.532841 0.529994 812.700000 -0.674612 0.603146
0.532800 0.529934 812.800000 -0.630632 0.274254
0.532756 0.529874 812.900000 -0.601303 0.310856
0.532711 0.529817 813.000000 -0.568443 0.344713
0.532664 0.529752 813.100000 -0.545596 0.111080
0.532615 0.529692 813.200000 -0.525523 0.289376
0.532565 0.529631 813.300000 -0.498113 0.257459
0.532511 0.529620 813.400000 -0.438297 0.935873
0.532453 0.529623 813.500000 -0.338749 1.050099
0.532391 0.529603 813.600000 -0.243112 0.857860
0.532327 0.529586 813.700000 -0.155647 0.887072
0.532262 0.529569 813.800000 -0.066951 0.882413
0.532197 0.529628 813.900000 0.048612 1.423072
0.532133 0.529652 814.000000 0.180386 1.205823
0.532075 0.529777 814.100000 0.328938 1.757792
0.532024 0.529871 814.200000 0.497715 1.609296
0.531984 0.529877 814.300000 0.632387 1.077411
0.531951 0.529853 814.400000 0.727101 0.812145
0.531926 0.529832 814.500000 0.810354 0.848739
0.531909 0.529797 814.600000 0.888203 0.704358
0.531901 0.529782 814.700000 0.968764 0.902834
0.531901 0.529724 814.800000 1.031269 0.344142
0.531905 0.529662 814.900000 1.057916 0.187468
0.531905 0.529618 815.000000 1.037871 -0.587384
0.531901 0.529559 815.100000 0.992178 -0.324186
0.531891 0.529511 815.200000 0.949992 -0.517420
0.531875 0.529466 815.300000 0.895482 -0.570052
0.531853 0.529413 815.400000 0.844243 -0.452165
0.531827 0.529358 815.500000 0.802125 -0.388096
0.531802 0.529301 815.600000 0.801238 0.370406
0.531777 0.529237 815.700000 0.813349 -0.128800
0.531751 0.529175 815.800000 0.796247 -0.212373
0.531718 0.529179 815.900000 0.732433 -1.060723
0.531677 0.529200 816.000000 0.619968 -1.182963
0.531627 0.529240 816.100000 0.495296 -1.304224
0.531569 0.529299 816.200000 0.358654 -1.421795
0.531506 0.529466 816.300000 0.189858 -1.945677
0.531441 0.529642 816.400000 -0.007199 -1.985616
0.531378 0.529672 816.500000 -0.168992 -1.242166
0.531318 0.529683 816.600000 -0.286968 -1.111450
0.531262 0.529644 816.700000 -0.375789 -0.660524
0.531209 0.529616 816.800000 -0.447655 -0.773208
0.531160 0.529564 816.900000 -0.509491 -0.460406
0.531112 0.529500 817.000000 -0.536366 -0.075757
0.531063 0.529458 817.100000 -0.509789 0.605971
0.531011 0.529408 817.200000 -0.454818 0.490700
0.530955 0.529392 817.300000 -0.385087 0.900428
0.530896 0.529341 817.400000 -0.316187 0.474132
0.530835 0.529319 817.500000 -0.250550 0.835313
0.530772 0.529273 817.600000 -0.180922 0.553769
0.530708 0.529259 817.700000 -0.107551 0.909994
0.530643 0.529207 817.800000 -0.039332 0.450964
0.530578 0.529144 817.900000 -0.008689 0.160362
0.530513 0.529079 818.000000 0.003121 0.075248
0.530449 0.529020 818.100000 0.021680 0.295003
0.530384 0.528960 818.200000 0.049986 0.269707
0.530319 0.528895 818.300000 0.061999 -0.030047
0.530255 0.528831 818.400000 0.055446 -0.100675
0.530190 0.528785 818.500000 0.023218 -0.542283
0.530125 0.528732 818.600000 -0.026262 -0.444835
0.530061 0.528675 818.700000 -0.065781 -0.343585
0.529997 0.528612 818.800000 -0.091513 -0.169762
0.529933 0.528553 818.900000 -0.115489 -0.308558
0.529869 0.528504 819.000000 -0.155654 -0.492744
0.529808 0.528536 819.100000 -0.243554 -1.260851
0.529753 0.528657 819.200000 -0.394044 -1.741419
0.529709 0.528844 819.300000 -0.583170 -2.031651
0.529680 0.528924 819.400000 -0.762054 -1.537082
0.529668 0.529036 819.500000 -0.924525 -1.704209
0.529676 0.529131 819.600000 -1.090987 -1.616717
0.529705 0.529179 819.700000 -1.239953 -1.355160
0.529752 0.529165 819.800000 -1.353864 -0.917355
0.529812 0.529119 819.900000 -1.427142 -0.544536
0.529873 0.529063 820.000000 -1.436020 0.367417
0.529927 0.529011 820.100000 -1.394275 0.465387
0.529973 0.528956 820.200000 -1.351478 0.388410
0.530013 0.528906 820.300000 -1.307674 0.485478
0.530048 0.528843 820.400000 -1.276858 0.129318
0.530078 0.528787 820.500000 -1.250673 0.393061
0.530104 0.528728 820.600000 -1.217340 0.271939
0.530127 0.528663 820.700000 -1.200906 0.055914
0.530150 0.528599 820.800000 -1.199059 -0.019074
0.530177 0.528547 820.900000 -1.222350 -0.445571
0.530207 0.528483 821.000000 -1.249170 -0.089494
0.530233 0.528451 821.100000 -1.216973 0.731828
0.530248 0.528418 821.200000 -1.144432 0.715370
0.530253 0.528398 821.300000 -1.065825 0.852832
0.530244 0.528435 821.400000 -0.958200 1.294300
0.530220 0.528510 821.500000 -0.817565 1.511361
0.530181 0.528636 821.600000 -0.653290 1.765929
0.530132 0.528676 821.700000 -0.499103 1.310089
0.530076 0.528684 821.800000 -0.378686 1.092245
0.530016 0.528720 821.900000 -0.259379 1.287913
0.529953 0.528735 822.000000 -0.137613 1.141320
0.529888 0.528712 822.100000 -0.039383 0.818370
0.529824 0.528730 822.200000 0.060095 1.166221
0.529762 0.528764 822.300000 0.182265 1.271073
0.529703 0.528803 822.400000 0.311320 1.303581
0.529652 0.528953 822.500000 0.470776 1.877555
0.529614 0.529086 822.600000 0.655061 1.798930
0.529588 0.529081 822.700000 0.794754 0.987940
0.529571 0.529057 822.800000 0.885147 0.815413
0.529558 0.528994 822.900000 0.918314 -0.153735
0.529543 0.528931 823.000000 0.902675 -0.158264
0.529527 0.528867 823.100000 0.892546 -0.043815
0.529509 0.528813 823.200000 0.869193 -0.422067
0.529489 0.528753 823.300000 0.859920 0.237058
0.529472 0.528691 823.400000 0.881894 0.201326
0.529459 0.528639 823.500000 0.914342 0.446015
0.529453 0.528617 823.600000 0.978333 0.830601
0.529460 0.528662 823.700000 1.087232 1.341946
0.529483 0.528642 823.800000 1.197468 0.857257
0.529516 0.528591 823.900000 1.263646 0.462987
0.529556 0.528541 824.000000 1.311026 0.482255
0.529601 0.528478 824.100000 1.343303 0.161662
0.529651 0.528425 824.200000 1.372292 0.416682
0.529709 0.528379 824.300000 1.420903 0.553097
0.529774 0.528317 824.400000 1.457467 0.176348
0.529838 0.528256 824.500000 1.455183 -0.221903
0.529895 0.528210 824.600000 1.416991 -0.540027
0.529944 0.528159 824.700000 1.366689 -0.463501
0.529982 0.528142 824.800000 1.298967 -0.887560
0.530004 0.528164 824.900000 1.194943 -1.187720
0.530009 0.528228 825.000000 1.062614 -1.452236
0.529997 0.528252 825.100000 0.929348 -1.206426
0.529973 0.528242 825.200000 0.821428 -0.946563
0.529939 0.528291 825.300000 0.705605 -1.364121
0.529897 0.528266 825.400000 0.596618 -0.810159
0.529848 0.528278 825.500000 0.500227 -1.112834
0.529794 0.528246 825.600000 0.407555 -0.735983
0.529736 0.528239 825.700000 0.322208 -0.966685
0.529676 0.528175 825.800000 0.274693 0.018759
0.529617 0.528116 825.900000 0.289565 0.277943
0.529558 0.528058 826.000000 0.287446 -0.320231
0.529497 0.528059 826.100000 0.219378 -1.037723
0.529433 0.528087 826.200000 0.105603 -1.232078
0.529369 0.528209 826.300000 -0.043988 -1.752267
0.529308 0.528244 826.400000 -0.195806 -1.276504
0.529250 0.528284 826.500000 -0.325471 -1.310318
0.529198 0.528297 826.600000 -0.447646 -1.127062
0.529151 0.528252 826.700000 -0.532735 -0.570471
0.529105 0.528197 826.800000 -0.542363 0.378403
0.529055 0.528177 826.900000 -0.480730 0.851169
0.529000 0.528186 827.000000 -0.382926 1.100020
0.528941 0.528172 827.100000 -0.282342 0.906635
0.528880 0.528118 827.200000 -0.217321 0.390536
0.528818 0.528060 827.300000 -0.181386 0.326367
0.528756 0.527998 827.400000 -0.158222 0.135750
0.528693 0.527938 827.500000 -0.164409 -0.259175
0.528632 0.527892 827.600000 -0.204640 -0.543444
0.528573 0.527871 827.700000 -0.274017 -0.840623
0.528517 0.527860 827.800000 -0.362981 -0.934206
0.528464 0.527801 827.900000 -0.424334 -0.289786
0.528411 0.527746 828.000000 -0.419927 0.377694
0.528356 0.527685 828.100000 -0.390252 0.214326
0.528299 0.527666 828.200000 -0.336232 0.863373
0.528239 0.527654 828.300000 -0.246524 0.926316
0.528177 0.527608 828.400000 -0.173232 0.535844
0.528114 0.527586 828.500000 -0.104831 0.828769
0.528050 0.527527 828.600000 -0.048771 0.289625
0.527987 0.527469 828.700000 -0.018603 0.312228
0.527923 0.527414 828.800000 0.016090 0.379882
0.527859 0.527351 828.900000 0.035087 -0.000878
0.527796 0.527287 829.000000 0.037914 0.057275
0.527732 0.527227 829.100000 0.051394 0.211653
0.527669 0.527165 829.200000 0.051958 -0.200404
0.527605 0.527104 829.300000 0.051799 0.197224
0.527542 0.527041 829.400000 0.058006 -0.073397
0.527479 0.527009 829.500000 0.090694 0.725539
0.527418 0.527137 829.600000 0.216486 1.783999
0.527364 0.527319 829.700000 0.407093 2.018619
0.527323 0.527469 829.800000 0.602587 1.881480
0.527297 0.527597 829.900000 0.786212 1.781848
0.527293 0.527888 830.000000 0.997219 2.427736
0.527317 0.528010 830.100000 1.206856 1.754522
0.527367 0.528092 830.200000 1.372818 1.556418
0.527435 0.528044 830.300000 1.475659 0.495258
0.527515 0.528025 830.400000 1.544020 0.868540
0.527609 0.527987 830.500000 1.620197 0.651186
0.527711 0.527924 830.600000 1.657086 0.084762
0.527811 0.527865 830.700000 1.647441 -0.277182
0.527904 0.527811 830.800000 1.614079 -0.388393
0.527986 0.527790 830.900000 1.552177 -0.846547
0.528051 0.527778 831.000000 1.463784 -0.916907
0.528104 0.527728 831.100000 1.393693 -0.481399
0.528150 0.527675 831.200000 1.348661 -0.416984
0.528193 0.527612 831.300000 1.332933 0.103207
0.528232 0.527583 831.400000 1.300260 -0.755030
0.528255 0.527596 831.500000 1.206030 -1.124862
0.528261 0.527682 831.600000 1.070625 -1.576476
0.528249 0.527706 831.700000 0.930981 -1.209426
0.528227 0.527689 831.800000 0.826181 -0.881334
0.528196 0.527688 831.900000 0.731122 -1.015076
0.528157 0.527667 832.000000 0.637917 -0.844381
0.528110 0.527689 832.100000 0.535859 -1.191674
0.528058 0.527674 832.200000 0.431007 -0.900121
0.528001 0.527692 832.300000 0.327608 -1.162683
0.527941 0.527679 832.400000 0.223657 -0.911144
0.527878 0.527661 832.500000 0.134421 -0.869111
0.527815 0.527616 832.600000 0.062784 -0.560054
0.527752 0.527553 832.700000 0.029473 -0.104492
0.527689 0.527515 832.800000 -0.007811 -0.639320
0.527626 0.527516 832.900000 -0.091925 -1.038753
0.527564 0.527473 833.000000 -0.172934 -0.577390
0.527503 0.527410 833.100000 -0.206814 -0.098514
0.527443 0.527350 833.200000 -0.223182 -0.228019
0.527383 0.527287 833.300000 -0.238021 -0.068012
0.527324 0.527233 833.400000 -0.261430 -0.398997
0.527267 0.527217 833.500000 -0.325975 -0.888694
0.527214 0.527186 833.600000 -0.407017 -0.728088
0.527166 0.527199 833.700000 -0.500136 -1.129636
0.527126 0.527278 833.800000 -0.633927 -1.539481
0.527100 0.527327 833.900000 -0.779711 -1.368917
0.527083 0.527287 834.000000 -0.879634 -0.624548
0.527067 0.527232 834.100000 -0.892918 0.359534
0.527049 0.527174 834.200000 -0.860005 0.297082
0.527026 0.527128 834.300000 -0.818633 0.528284
0.526994 0.527164 834.400000 -0.727449 1.290836
0.526953 0.527198 834.500000 -0.598966 1.272401
0.526904 0.527190 834.600000 -0.487307 0.955203
0.526851 0.527140 834.700000 -0.415237 0.482594
0.526795 0.527122 834.800000 -0.347756 0.863640
0.526735 0.527181 834.900000 -0.232764 1.430452
0.526673 0.527250 835.000000 -0.086800 1.481535
0.526610 0.527394 835.100000 0.080710 1.860297
0.526551 0.527506 835.200000 0.259712 1.710784
0.526498 0.527540 835.300000 0.409348 1.274448
0.526454 0.527672 835.400000 0.563861 1.808089
0.526421 0.527670 835.500000 0.705212 1.011862
0.526396 0.527649 835.600000 0.797623 0.831736
0.526381 0.527657 835.700000 0.894113 1.093244
0.526375 0.527622 835.800000 0.983518 0.690398
0.526374 0.527560 835.900000 1.011341 -0.135338
0.526371 0.527497 836.000000 1.007108 0.050895
0.526373 0.527453 836.100000 1.037557 0.556550
0.526377 0.527391 836.200000 1.058359 -0.141536
0.526378 0.527334 836.300000 1.035157 -0.321349
0.526375 0.527276 836.400000 1.004535 -0.289557
0.526374 0.527225 836.500000 1.012051 0.439498
0.526380 0.527202 836.600000 1.075307 0.822456
0.526393 0.527141 836.700000 1.126102 0.190905
0.526409 0.527082 836.800000 1.148428 0.254508
0.526425 0.527020 836.900000 1.153759 -0.148154
0.526439 0.526962 837.000000 1.131851 -0.288921
0.526446 0.526923 837.100000 1.085871 -0.628379
0.526450 0.526860 837.200000 1.056809 0.048590
0.526456 0.526800 837.300000 1.069230 0.199206
0.526462 0.526737 837.400000 1.073762 -0.108782
0.526462 0.526706 837.500000 1.031762 -0.729128
0.526453 0.526690 837.600000 0.950993 -0.882212
0.526437 0.526644 837.700000 0.879881 -0.536474
0.526413 0.526617 837.800000 0.814168 -0.774499
0.526385 0.526558 837.900000 0.762961 -0.247071
0.526356 0.526495 838.000000 0.751921 0.026825
0.526328 0.526435 838.100000 0.764733 0.228771
0.526303 0.526379 838.200000 0.792309 0.321371
0.526278 0.526322 838.300000 0.792693 -0.313713
0.526249 0.526268 838.400000 0.757196 -0.394444
0.526217 0.526219 838.500000 0.714041 -0.466514
0.526180 0.526174 838.600000 0.663296 -0.545835
0.526138 0.526170 838.700000 0.586178 -0.992674
0.526089 0.526191 838.800000 0.476930 -1.186829
0.526033 0.526257 838.900000 0.343702 -1.471062
0.525972 0.526390 839.000000 0.179219 -1.810370
0.525910 0.526331 839.100000 0.075699 -0.254863
0.525848 0.526276 839.200000 0.044402 -0.369515
0.525785 0.526215 839.300000 0.017213 -0.172908
0.525722 0.526162 839.400000 -0.011567 -0.401243
0.525660 0.526103 839.500000 -0.043472 -0.235258
0.525598 0.526082 839.600000 -0.097093 -0.834493
0.525536 0.526021 839.700000 -0.147090 -0.162933
0.525475 0.525960 839.800000 -0.146278 0.179129
0.525413 0.525923 839.900000 -0.104363 0.657070
0.525351 0.525893 840.000000 -0.034290 0.740897
0.525289 0.525968 840.100000 0.078972 1.518669
0.525230 0.526142 840.200000 0.255005 1.993184
0.525179 0.526244 840.300000 0.438504 1.667624
0.525136 0.526252 840.400000 0.576666 1.088712
0.525101 0.526249 840.500000 0.681298 0.998693
0.525076 0.526258 840.600000 0.786459 1.099271
0.525064 0.526340 840.700000 0.919750 1.559889
0.525071 0.526453 840.800000 1.084084 1.718574
0.525100 0.526502 840.900000 1.238791 1.367828
0.525147 0.526500 841.000000 1.357860 1.007597
0.525206 0.526449 841.100000 1.430192 0.435425
0.525263 0.526413 841.200000 1.418296 -0.672749
0.525302 0.526498 841.300000 1.305572 -1.576095
0.525312 0.526802 841.400000 1.102096 -2.483251
0.525297 0.526910 841.500000 0.892592 -1.696358
0.525262 0.527217 841.600000 0.682543 -2.494118
0.525212 0.527436 841.700000 0.448436 -2.176316
0.525153 0.527498 841.800000 0.266567 -1.451972
0.525091 0.527745 841.900000 0.079405 -2.281907
0.525030 0.527814 842.000000 -0.109539 -1.487522
0.524971 0.527880 842.100000 -0.258038 -1.475029
0.524918 0.527893 842.200000 -0.388370 -1.125105
0.524870 0.527874 842.300000 -0.488084 -0.864192
0.524828 0.527884 842.400000 -0.586739 -1.103973
0.524791 0.527825 842.500000 -0.655128 -0.260391
0.524756 0.527766 842.600000 -0.680543 -0.246623
0.524723 0.527704 842.700000 -0.699003 -0.121653
0.524687 0.527676 842.800000 -0.667128 0.757556
0.524647 0.527618 842.900000 -0.614832 0.285745
0.524607 0.527558 843.000000 -0.611322 -0.215725
0.524570 0.527507 843.100000 -0.644095 -0.438097
0.524532 0.527452 843.200000 -0.648630 0.347634
0.524493 0.527390 843.300000 -0.625362 0.116556
0.524452 0.527349 843.400000 -0.589598 0.596942
0.524407 0.527296 843.500000 -0.538989 0.412702
0.524358 0.527270 843.600000 -0.479158 0.780934
0.524306 0.527252 843.700000 -0.396463 0.868830
0.524249 0.527227 843.800000 -0.312890 0.798443
0.524191 0.527187 843.900000 -0.242334 0.609144
0.524131 0.527125 844.000000 -0.216941 -0.102556
0.524073 0.527078 844.100000 -0.247379 -0.504670
0.524016 0.527022 844.200000 -0.289380 -0.333256
0.523961 0.527007 844.300000 -0.351171 -0.899477
0.523911 0.527003 844.400000 -0.445812 -0.988612
0.523867 0.527014 844.500000 -0.551252 -1.114911
0.523827 0.526953 844.600000 -0.613775 -0.132426
0.523787 0.526891 844.700000 -0.615467 0.098664
0.523746 0.526834 844.800000 -0.595232 0.305023
0.523703 0.526783 844.900000 -0.557984 0.438077
0.523657 0.526724 845.000000 -0.524440 0.231130
0.523610 0.526665 845.100000 -0.500653 0.243430
0.523559 0.526656 845.200000 -0.440752 0.951587
0.523504 0.526671 845.300000 -0.335784 1.142531
0.523445 0.526742 845.400000 -0.203373 1.499055
0.523383 0.526817 845.500000 -0.051657 1.527682
0.523322 0.526861 845.600000 0.092065 1.339579
0.523262 0.526859 845.700000 0.209780 1.008841
0.523206 0.526851 845.800000 0.308331 0.957232
0.523153 0.526796 845.900000 0.374197 0.356806
0.523101 0.526744 846.000000 0.413178 0.420860
0.523054 0.526777 846.100000 0.497841 1.268170
0.523015 0.526814 846.200000 0.626164 1.291866
0.522984 0.526769 846.300000 0.718307 0.546394
0.522957 0.526717 846.400000 0.766356 0.412194
0.522933 0.526662 846.500000 0.804726 0.353275
0.522911 0.526600 846.600000 0.824507 0.041355
0.522890 0.526538 846.700000 0.831136 0.090909
0.522868 0.526481 846.800000 0.820755 -0.298028
0.522843 0.526428 846.900000 0.786662 -0.382127
0.522816 0.526366 847.000000 0.761275 -0.124334
0.522788 0.526305 847.100000 0.760048 0.099851
0.522759 0.526254 847.200000 0.743112 -0.437721
0.522727 0.526194 847.300000 0.711336 -0.196214
0.522692 0.526158 847.400000 0.668269 -0.662960
0.522654 0.526096 847.500000 0.634070 -0.019319
0.522615 0.526038 847.600000 0.619932 -0.262734
0.522574 0.525978 847.700000 0.598044 -0.173934
0.522534 0.525920 847.800000 0.602189 0.256631
0.522496 0.525865 847.900000 0.632511 0.348291
0.522461 0.525817 848.000000 0.674504 0.489472
0.522431 0.525774 848.100000 0.727725 0.572291
0.522407 0.525745 848.200000 0.794050 0.750889
0.522388 0.525699 848.300000 0.857135 0.507657
0.522374 0.525640 848.400000 0.893970 0.227190
0.522364 0.525609 848.500000 0.941925 0.729512
0.522360 0.525549 848.600000 0.986045 0.150684
0.522357 0.525487 848.700000 0.994687 0.021730
0.522361 0.525510 848.800000 1.056038 1.202231
0.522380 0.525512 848.900000 1.168701 1.045381
0.522407 0.525451 849.000000 1.226822 0.114133
0.522438 0.525401 849.100000 1.254555 0.439139
0.522474 0.525341 849.200000 1.285114 0.170519
0.522514 0.525286 849.300000 1.311261 0.351111
0.522556 0.525224 849.400000 1.327048 -0.036160
0.522602 0.525182 849.500000 1.353886 0.571578
0.522656 0.525126 849.600000 1.398357 0.315616
0.522717 0.525088 849.700000 1.446346 0.641762
0.522789 0.525042 849.800000 1.504326 0.514946
0.522870 0.524997 849.900000 1.556818 0.532267
0.522968 0.525026 850.000000 1.645965 1.246217
0.523089 0.525034 850.100000 1.762915 1.086934
0.523227 0.524985 850.200000 1.840592 0.462729
0.523368 0.524924 850.300000 1.858779 -0.099914
0.523507 0.524863 850.400000 1.846805 -0.138950
0.523650 0.524813 850.500000 1.862004 0.442157
0.523794 0.524755 850.600000 1.872173 -0.239274
0.523931 0.524707 850.700000 1.835467 -0.493010
0.524058 0.524652 850.800000 1.794919 -0.315926
0.524183 0.524590 850.900000 1.778276 -0.016115
0.524305 0.524529 851.000000 1.771996 -0.109155
0.524426 0.524468 851.100000 1.761943 -0.091400
0.524538 0.524446 851.200000 1.716156 -0.822058
0.524630 0.524460 851.300000 1.618122 -1.133723
0.524706 0.524419 851.400000 1.531192 -0.600540
0.524773 0.524369 851.500000 1.478967 -0.441341
0.524832 0.524317 851.600000 1.436384 -0.408180
0.524888 0.524256 851.700000 1.416342 0.008325
0.524947 0.524200 851.800000 1.432392 0.311883
0.525007 0.524140 851.900000 1.439247 -0.175117
0.525057 0.524135 852.000000 1.381274 -0.981445
0.525090 0.524163 852.100000 1.270306 -1.232384
0.525105 0.524202 852.200000 1.142898 -1.309387
0.525104 0.524246 852.300000 1.010158 -1.338776
0.525087 0.524286 852.400000 0.876975 -1.318239
0.525062 0.524234 852.500000 0.790511 -0.406711
0.525033 0.524193 852.600000 0.740946 -0.582113
0.524998 0.524158 852.700000 0.677628 -0.681079
0.524960 0.524104 852.800000 0.626503 -0.338877
0.524918 0.524054 852.900000 0.587486 -0.439498
0.524875 0.523994 853.000000 0.555753 -0.193588
0.524833 0.523949 853.100000 0.572222 0.522149
0.524790 0.523899 853.200000 0.576039 -0.445990
0.524743 0.523946 853.300000 0.485539 -1.359485
0.524689 0.523988 853.400000 0.350924 -1.326083
0.524631 0.523947 853.500000 0.254389 -0.599800
0.524573 0.523888 853.600000 0.232751 0.168116
0.524515 0.523842 853.700000 0.267005 0.515259
0.524460 0.523809 853.800000 0.327829 0.698178
0.524409 0.523797 853.900000 0.408586 0.912931
0.524361 0.523753 854.000000 0.482303 0.557714
0.524317 0.523727 854.100000 0.548863 0.770157
0.524278 0.523690 854.200000 0.619729 0.643621
0.524240 0.523641 854.300000 0.628355 -0.471528
0.524198 0.523597 854.400000 0.577928 -0.534499
0.524153 0.523544 854.500000 0.532359 -0.374597
0.524106 0.523499 854.600000 0.487214 -0.526036
0.524057 0.523438 854.700000 0.458643 -0.043965
0.524008 0.523377 854.800000 0.458410 0.039322
0.523961 0.523339 854.900000 0.492187 0.634522
0.523917 0.523295 855.000000 0.551452 0.547814
0.523879 0.523277 855.100000 0.621934 0.858316
0.523848 0.523299 855.200000 0.724842 1.194694
0.523828 0.523296 855.300000 0.834527 0.993524
0.523814 0.523241 855.400000 0.900755 0.327716
0.523802 0.523180 855.500000 0.916538 -0.012841
0.523789 0.523119 855.600000 0.913764 -0.042494
0.523773 0.523092 855.700000 0.873341 -0.763956
0.523747 0.523090 855.800000 0.784486 -1.008696
0.523713 0.523098 855.900000 0.679477 -1.086237
0.523671 0.523105 856.000000 0.570982 -1.078229
0.523621 0.523157 856.100000 0.447026 -1.394697
0.523567 0.523149 856.200000 0.329636 -0.947238
0.523509 0.523155 856.300000 0.228360 -1.073223
0.523448 0.523150 856.400000 0.125096 -0.986895
0.523387 0.523101 856.500000 0.053735 -0.436760
0.523326 0.523055 856.600000 0.005846 -0.518615
0.523265 0.523015 856.700000 -0.050023 -0.595982
0.523205 0.522992 856.800000 -0.120638 -0.812783
0.523146 0.522952 856.900000 -0.190914 -0.589221
0.523089 0.522901 857.000000 -0.241665 -0.423264
0.523032 0.522843 857.100000 -0.274619 -0.234165
0.522977 0.522796 857.200000 -0.310972 -0.491074
0.522924 0.522780 857.300000 -0.379459 -0.875241
0.522874 0.522719 857.400000 -0.425988 -0.053022
0.522824 0.522662 857.500000 -0.442013 -0.266662
0.522775 0.522602 857.600000 -0.461799 -0.128087
0.522728 0.522549 857.700000 -0.486072 -0.356145
0.522684 0.522500 857.800000 -0.526371 -0.447823
0.522643 0.522468 857.900000 -0.584267 -0.707212
0.522608 0.522460 858.000000 -0.667406 -0.951416
0.522578 0.522407 858.100000 -0.733671 -0.370553
0.522549 0.522349 858.200000 -0.740853 0.227261
0.522517 0.522306 858.300000 -0.701569 0.556452
0.522480 0.522279 858.400000 -0.635770 0.756252
0.522439 0.522222 858.500000 -0.584116 0.274244
0.522396 0.522162 858.600000 -0.564406 0.118966
0.522353 0.522105 858.700000 -0.545918 0.249872
0.522308 0.522045 858.800000 -0.528192 0.103763
0.522263 0.521988 858.900000 -0.510718 0.244826
0.522217 0.521930 859.000000 -0.510767 -0.245786
0.522172 0.521870 859.100000 -0.526997 -0.078006
0.522127 0.521813 859.200000 -0.518317 0.251165
0.522083 0.521765 859.300000 -0.529102 -0.466316
0.522041 0.521711 859.400000 -0.569385 -0.337343
0.522002 0.521673 859.500000 -0.617979 -0.632092
0.521970 0.521672 859.600000 -0.700156 -1.007355
0.521948 0.521700 859.700000 -0.812567 -1.235228
0.521936 0.521679 859.800000 -0.916249 -0.833238
0.521932 0.521639 859.900000 -0.987550 -0.589212
0.521934 0.521588 860.000000 -1.037609 -0.409470
0.521942 0.521544 860.100000 -1.085071 -0.537403
0.521958 0.521525 860.200000 -1.154281 -0.843328
0.521987 0.521513 860.300000 -1.242499 -0.916614
0.522034 0.521555 860.400000 -1.355051 -1.328805
0.522097 0.521531 860.500000 -1.461502 -0.794886
0.522176 0.521523 860.600000 -1.549039 -0.951488
0.522267 0.521473 860.700000 -1.618175 -0.427780
0.522362 0.521413 860.800000 -1.635243 0.087290
0.522456 0.521353 860.900000 -1.634751 -0.077490
0.522546 0.521311 861.000000 -1.609881 0.573647
0.522628 0.521255 861.100000 -1.567620 0.269457
0.522703 0.521211 861.200000 -1.527852 0.523928
0.522770 0.521158 861.300000 -1.482671 0.377433
0.522827 0.521138 861.400000 -1.421824 0.836466
0.522866 0.521173 861.500000 -1.315903 1.276651
0.522888 0.521205 861.600000 -1.188382 1.267399
0.522897 0.521159 861.700000 -1.100238 0.491071
0.522905 0.521100 861.800000 -1.083841 -0.163958
0.522913 0.521039 861.900000 -1.091785 0.005479
0.522916 0.521030 862.000000 -1.044720 0.933469
0.522908 0.521020 862.100000 -0.950985 0.936551
0.522892 0.520975 862.200000 -0.878341 0.512686
0.522870 0.520945 862.300000 -0.816103 0.728964
0.522841 0.520908 862.400000 -0.747786 0.633958
0.522809 0.520852 862.500000 -0.702886 0.261794
0.522777 0.520791 862.600000 -0.691067 -0.025994
0.522741 0.520750 862.700000 -0.663486 0.576226
0.522700 0.520755 862.800000 -0.581650 1.056416
0.522652 0.520794 862.900000 -0.463036 1.309919
0.522599 0.520781 863.000000 -0.351889 0.907472
0.522543 0.520756 863.100000 -0.267177 0.782526
0.522484 0.520739 863.200000 -0.184667 0.863552
0.522424 0.520776 863.300000 -0.076415 1.296076
0.522363 0.520739 863.400000 0.020387 0.635129
0.522303 0.520713 863.500000 0.090558 0.764788
0.522245 0.520774 863.600000 0.201514 1.448783
0.522192 0.520861 863.700000 0.354285 1.598984
0.522147 0.520990 863.800000 0.525010 1.806992
0.522115 0.521053 863.900000 0.688716 1.458930
0.522093 0.521082 864.000000 0.823990 1.239787
0.522084 0.521080 864.100000 0.936521 1.005211
0.522082 0.521028 864.200000 1.006012 0.381135
0.522084 0.520971 864.300000 1.036424 0.225589
0.522088 0.520912 864.400000 1.055423 0.153434
0.522093 0.520852 864.500000 1.066120 0.059970
0.522100 0.520794 864.600000 1.078645 0.189914
0.522113 0.520773 864.700000 1.129709 0.828800
0.522139 0.520761 864.800000 1.217174 0.916123
0.522177 0.520750 864.900000 1.309399 0.923783
0.522236 0.520837 865.000000 1.435614 1.594196
0.522310 0.520779 865.100000 1.524746 0.183992
0.522387 0.520720 865.200000 1.541098 0.142223
0.522458 0.520692 865.300000 1.510474 -0.753164
0.522513 0.520722 865.400000 1.410248 -1.246344
0.522548 0.520752 865.500000 1.285303 -1.246319
0.522565 0.520793 865.600000 1.156281 -1.327662
0.522566 0.520817 865.700000 1.029252 -1.206569
0.522554 0.520814 865.800000 0.918833 -0.996289
0.522533 0.520807 865.900000 0.821189 -0.951713
0.522505 0.520756 866.000000 0.753069 -0.407270
0.522475 0.520699 866.100000 0.720916 -0.234192
0.522442 0.520650 866.200000 0.687314 -0.436162
0.522405 0.520605 866.300000 0.640008 -0.507605
0.522365 0.520560 866.400000 0.588260 -0.524761
0.522321 0.520523 866.500000 0.530856 -0.620448
0.522274 0.520474 866.600000 0.477808 -0.437860
0.522224 0.520433 866.700000 0.426964 -0.576473
0.522171 0.520421 866.800000 0.352080 -0.917457
0.522114 0.520451 866.900000 0.243723 -1.244263
0.522055 0.520404 867.000000 0.157515 -0.475598
0.521996 0.520354 867.100000 0.112173 -0.428966
0.521936 0.520307 867.200000 0.067425 -0.463770
0.521876 0.520281 867.300000 0.005670 -0.768239
0.521816 0.520224 867.400000 -0.044406 -0.230780
0.521756 0.520205 867.500000 -0.098627 -0.850933
0.521698 0.520215 867.600000 -0.196159 -1.094823
0.521643 0.520196 867.700000 -0.293454 -0.846210
0.521591 0.520193 867.800000 -0.385949 -0.999065
0.521545 0.520191 867.900000 -0.485952 -0.995996
0.521506 0.520227 868.000000 -0.600573 -1.290698
0.521472 0.520169 868.100000 -0.675860 -0.211279
0.521440 0.520112 868.200000 -0.697761 -0.225647
0.521409 0.520052 868.300000 -0.708973 0.001970
0.521377 0.519994 868.400000 -0.702485 0.127474
0.521346 0.519935 868.500000 -0.705066 -0.178958
0.521316 0.519877 868.600000 -0.721809 -0.155072
0.521288 0.519827 868.700000 -0.749940 -0.406154
0.521265 0.519792 868.800000 -0.803463 -0.661625
0.521247 0.519737 868.900000 -0.850412 -0.275002
0.521230 0.519677 869.000000 -0.867477 -0.065455
0.521216 0.519631 869.100000 -0.895375 -0.491102
0.521208 0.519590 869.200000 -0.948758 -0.573884
0.521205 0.519538 869.300000 -0.995411 -0.356847
0.521210 0.519538 869.400000 -1.064639 -1.024249
0.521225 0.519490 869.500000 -1.137823 -0.435769
0.521249 0.519488 869.600000 -1.209935 -1.002876
0.521287 0.519471 869.700000 -1.303800 -0.869717
0.521337 0.519440 869.800000 -1.382447 -0.699299
0.521398 0.519405 869.900000 -1.450587 -0.660085
0.521468 0.519356 870.000000 -1.504762 -0.420712
0.521548 0.519326 870.100000 -1.562317 -0.727523
0.521639 0.519277 870.200000 -1.620232 -0.427879
0.521743 0.519263 870.300000 -1.686103 -0.886237
0.521863 0.519246 870.400000 -1.773832 -0.863967
0.522003 0.519235 870.500000 -1.863485 -0.924613
0.522155 0.519179 870.600000 -1.922498 -0.252689
0.522300 0.519169 870.700000 -1.888961 0.921748
0.522428 0.519132 870.800000 -1.811284 0.627906
0.522543 0.519103 870.900000 -1.743239 0.729595
0.522641 0.519090 871.000000 -1.661079 0.909509
0.522723 0.519070 871.100000 -1.573822 0.831266
0.522791 0.519046 871.200000 -1.493134 0.778445
0.522845 0.519033 871.300000 -1.409004 0.899949
0.522889 0.518982 871.400000 -1.343562 0.405636
0.522928 0.518925 871.500000 -1.314128 0.181565
0.522969 0.518879 871.600000 -1.329393 -0.486111
0.523020 0.518847 871.700000 -1.388847 -0.699986
0.523077 0.518789 871.800000 -1.429312 -0.107297
0.523138 0.518736 871.900000 -1.451503 -0.335402
0.523206 0.518691 872.000000 -1.493911 -0.510642
0.523281 0.518639 872.100000 -1.537008 -0.349138
0.523365 0.518597 872.200000 -1.582697 -0.562370
0.523452 0.518539 872.300000 -1.603370 0.149942
0.523531 0.518516 872.400000 -1.556067 0.793767
0.523593 0.518528 872.500000 -1.460223 1.118315
0.523636 0.518574 872.600000 -1.336157 1.356793
0.523658 0.518633 872.700000 -1.196176 1.435832
0.523662 0.518677 872.800000 -1.056890 1.342919
0.523655 0.518627 872.900000 -0.968345 0.423558
0.523646 0.518570 873.000000 -0.936898 0.203822
0.523632 0.518522 873.100000 -0.904268 0.447128
0.523613 0.518497 873.200000 -0.843532 0.764561
0.523588 0.518454 873.300000 -0.778343 0.535959
0.523558 0.518411 873.400000 -0.724086 0.546464
0.523523 0.518378 873.500000 -0.662730 0.677592
0.523485 0.518325 873.600000 -0.612916 0.316198
0.523441 0.518379 873.700000 -0.526563 1.406550
0.523388 0.518547 873.800000 -0.356043 1.995330
0.523329 0.518875 873.900000 -0.125534 2.603322
0.523270 0.519281 874.000000 0.147872 2.851113
0.523220 0.519503 874.100000 0.401922 2.217189
0.523179 0.519547 874.200000 0.580519 1.345819
0.523146 0.519519 874.300000 0.685367 0.745899
0.523118 0.519474 874.400000 0.747227 0.488210
0.523096 0.519453 874.500000 0.812803 0.820038
0.523080 0.519402 874.600000 0.873309 0.387045
0.523066 0.519343 874.700000 0.895498 0.055628
0.523055 0.519295 874.800000 0.920721 0.447579
0.523050 0.519274 874.900000 0.984252 0.819872
0.523051 0.519215 875.000000 1.029882 0.090442
0.523050 0.519172 875.100000 1.007580 -0.535363
0.523040 0.519162 875.200000 0.934280 -0.926978
0.523020 0.519170 875.300000 0.833276 -1.088061
0.522988 0.519253 875.400000 0.699643 -1.577916
0.522946 0.519277 875.500000 0.560160 -1.204760
0.522899 0.519240 875.600000 0.468466 -0.624542
0.522850 0.519180 875.700000 0.435534 -0.032452
0.522801 0.519121 875.800000 0.431858 -0.040885
0.522752 0.519062 875.900000 0.430817 0.020119
0.522702 0.519013 876.000000 0.410114 -0.433146
0.522650 0.518967 876.100000 0.364991 -0.467045
0.522595 0.518931 876.200000 0.309309 -0.643824
0.522538 0.518965 876.300000 0.212837 -1.280779
0.522479 0.518968 876.400000 0.096573 -1.038685
0.522420 0.518935 876.500000 0.010244 -0.683580
0.522360 0.518888 876.600000 -0.001177 0.455719
0.522301 0.518832 876.700000 0.034305 0.252151
0.522241 0.518809 876.800000 0.006960 -0.797689
0.522182 0.518823 876.900000 -0.089582 -1.128322
0.522124 0.518789 877.000000 -0.179675 -0.669034
0.522069 0.518801 877.100000 -0.269164 -1.116265
0.522018 0.518824 877.200000 -0.385234 -1.199326
0.521972 0.518811 877.300000 -0.490287 -0.896489
0.521931 0.518769 877.400000 -0.562862 -0.551380
0.521893 0.518725 877.500000 -0.616305 -0.514812
0.521859 0.518681 877.600000 -0.668202 -0.520527
0.521828 0.518631 877.700000 -0.714438 -0.401891
0.521802 0.518596 877.800000 -0.766944 -0.645604
0.521781 0.518541 877.900000 -0.813526 -0.283695
0.521763 0.518505 878.000000 -0.859075 -0.625016
0.521752 0.518462 878.100000 -0.917489 -0.540349
0.521742 0.518404 878.200000 -0.937231 0.146494
0.521732 0.518346 878.300000 -0.924231 0.112858
0.521721 0.518288 878.400000 -0.923743 -0.103120
0.521709 0.518232 878.500000 -0.916960 0.238456
0.521692 0.518214 878.600000 -0.862186 0.854284
0.521664 0.518282 878.700000 -0.744727 1.489005
0.521624 0.518402 878.800000 -0.581029 1.776776
0.521575 0.518476 878.900000 -0.415411 1.527304
0.521520 0.518492 879.000000 -0.281095 1.152301
0.521462 0.518506 879.100000 -0.166851 1.126875
0.521403 0.518462 879.200000 -0.084409 0.517834
0.521344 0.518418 879.300000 -0.033059 0.506593
0.521285 0.518364 879.400000 -0.023497 -0.315829
0.521226 0.518306 879.500000 -0.043292 -0.079070
0.521167 0.518276 879.600000 -0.083405 -0.721190
0.521109 0.518260 879.700000 -0.162772 -0.862183
0.521053 0.518242 879.800000 -0.248516 -0.848412
0.521001 0.518253 879.900000 -0.346731 -1.110968
0.520955 0.518332 880.000000 -0.480578 -1.559286
0.520916 0.518318 880.100000 -0.603103 -0.885092
0.520887 0.518413 880.200000 -0.730094 -1.648386
0.520870 0.518401 880.300000 -0.858228 -0.907882
0.520862 0.518386 880.400000 -0.947918 -0.881431
0.520864 0.518371 880.500000 -1.035871 -0.873235
0.520877 0.518367 880.600000 -1.128831 -0.981314
0.520901 0.518330 880.700000 -1.209020 -0.618462
0.520933 0.518287 880.800000 -1.267069 -0.539603
0.520971 0.518233 880.900000 -1.308512 -0.287198
0.521013 0.518178 881.000000 -1.335714 -0.255467
0.521057 0.518119 881.100000 -1.348855 -0.006698
0.521103 0.518063 881.200000 -1.360243 -0.220501
0.521148 0.518012 881.300000 -1.353052 0.363966
0.521180 0.518057 881.400000 -1.266917 1.354437
0.521197 0.518029 881.500000 -1.162115 0.736358
0.521207 0.517980 881.600000 -1.104328 0.416496
0.521209 0.517976 881.700000 -1.034279 0.980982
0.521197 0.518017 881.800000 -0.918553 1.327739
0.521171 0.518156 881.900000 -0.758358 1.868145
0.521130 0.518294 882.000000 -0.571358 1.862514
0.521079 0.518461 882.100000 -0.378037 1.994233
0.521022 0.518571 882.200000 -0.191557 1.726046
0.520963 0.518742 882.300000 -0.004188 2.011970
0.520906 0.518771 882.400000 0.159326 1.250143
0.520851 0.518759 882.500000 0.267334 0.904616
0.520799 0.518770 882.600000 0.368442 1.112473
0.520754 0.518821 882.700000 0.493996 1.392330
0.520717 0.518833 882.800000 0.619642 1.114312
0.520688 0.518826 882.900000 0.723504 0.957743
0.520668 0.518851 883.000000 0.832585 1.218419
0.520658 0.518831 883.100000 0.934947 0.823694
0.520660 0.518841 883.200000 1.031279 1.098141
0.520667 0.518782 883.300000 1.085372 -0.018987
0.520672 0.518742 883.400000 1.055495 -0.577054
0.520670 0.518691 883.500000 1.007641 -0.377636
0.520663 0.518662 883.600000 0.952610 -0.720233
0.520646 0.518651 883.700000 0.870324 -0.921369
0.520624 0.518606 883.800000 0.799516 -0.491249
0.520594 0.518608 883.900000 0.722984 -1.035578
0.520557 0.518610 884.000000 0.619288 -1.033152
0.520512 0.518666 884.100000 0.496256 -1.421336
0.520460 0.518770 884.200000 0.339924 -1.697479
0.520403 0.518783 884.300000 0.198225 -1.129432
0.520345 0.518769 884.400000 0.097209 -0.885831
0.520286 0.518776 884.500000 -0.001106 -1.075559
0.520228 0.518776 884.600000 -0.106098 -1.019020
0.520171 0.518757 884.700000 -0.199435 -0.843050
0.520117 0.518733 884.800000 -0.280671 -0.777615
0.520066 0.518704 884.900000 -0.356002 -0.725246
0.520016 0.518652 885.000000 -0.409065 -0.333349
0.519970 0.518637 885.100000 -0.469812 -0.878559
0.519927 0.518589 885.200000 -0.536334 -0.448549
0.519887 0.518535 885.300000 -0.572284 -0.268662
0.519846 0.518497 885.400000 -0.555325 0.606998
0.519802 0.518446 885.500000 -0.507449 0.348120
0.519756 0.518394 885.600000 -0.472169 0.355717
0.519708 0.518342 885.700000 -0.437914 0.327669
0.519659 0.518285 885.800000 -0.413470 0.159988
0.519609 0.518226 885.900000 -0.405777 -0.006513
0.519561 0.518174 886.000000 -0.422312 -0.323352
0.519515 0.518150 886.100000 -0.477757 -0.782779
0.519473 0.518099 886.200000 -0.536226 -0.383676
0.519430 0.518058 886.300000 -0.527724 0.553290
0.519384 0.518025 886.400000 -0.466216 0.673803
0.519336 0.517967 886.500000 -0.436776 -0.086484
0.519289 0.517918 886.600000 -0.460926 -0.395308
0.519245 0.517867 886.700000 -0.499597 -0.376165
0.519200 0.517813 886.800000 -0.505812 0.252170
0.519155 0.517756 886.900000 -0.484152 0.179942
0.519108 0.517707 887.000000 -0.455331 0.395032
0.519059 0.517686 887.100000 -0.394377 0.821005
0.519007 0.517628 887.200000 -0.348940 0.085473
0.518955 0.517573 887.300000 -0.333487 0.222808
0.518902 0.517514 887.400000 -0.323430 -0.022175
0.518849 0.517458 887.500000 -0.315536 0.179658
0.518796 0.517401 887.600000 -0.298168 0.166845
0.518742 0.517351 887.700000 -0.270900 0.377146
0.518686 0.517304 887.800000 -0.229544 0.447895
0.518630 0.517251 887.900000 -0.191734 0.306428
0.518572 0.517255 888.000000 -0.123603 1.052783
0.518514 0.517393 888.100000 0.022751 1.866970
0.518457 0.517414 888.200000 0.175804 1.186443
0.518404 0.517422 888.300000 0.289474 1.081264
0.518354 0.517408 888.400000 0.388224 0.888809
0.518307 0.517356 888.500000 0.449040 0.324464
0.518261 0.517301 888.600000 0.478519 0.263640
0.518219 0.517273 888.700000 0.528133 0.726164
0.518180 0.517236 888.800000 0.595684 0.621485
0.518148 0.517226 888.900000 0.673271 0.926365
0.518122 0.517200 889.000000 0.757186 0.747746
0.518102 0.517178 889.100000 0.835157 0.807773
0.518091 0.517151 889.200000 0.912617 0.737554
0.518088 0.517124 889.300000 0.987397 0.754312
0.518095 0.517129 889.400000 1.078158 1.056366
0.518111 0.517078 889.500000 1.149074 0.358416
0.518133 0.517037 889.600000 1.194843 0.554675
0.518160 0.516982 889.700000 1.232915 0.204850
0.518179 0.517023 889.800000 1.176522 -1.329885
0.518182 0.517062 889.900000 1.043927 -1.315392
0.518175 0.517023 890.000000 0.948743 -0.583520
0.518164 0.516965 890.100000 0.920824 0.026529
0.518155 0.516909 890.200000 0.931606 0.188574
0.518145 0.516854 890.300000 0.928435 -0.251843
0.518129 0.516856 890.400000 0.864233 -1.028987
0.518104 0.516837 890.500000 0.770831 -0.834380
0.518075 0.516781 890.600000 0.718411 -0.211392
0.518042 0.516741 890.700000 0.679614 -0.562604
0.518006 0.516705 890.800000 0.620283 -0.621053
0.517965 0.516685 890.900000 0.547793 -0.825128
0.517918 0.516708 891.000000 0.446226 -1.201139
0.517865 0.516738 891.100000 0.323288 -1.251463
0.517809 0.516815 891.200000 0.182741 -1.552457
0.517751 0.516909 891.300000 0.022389 -1.646571
0.517694 0.516956 891.400000 -0.128803 -1.369706
0.517640 0.516975 891.500000 -0.256171 -1.171275
0.517591 0.517105 891.600000 -0.406517 -1.828129
0.517553 0.517307 891.700000 -0.606069 -2.152933
0.517531 0.517408 891.800000 -0.798392 -1.683911
0.517525 0.517485 891.900000 -0.960650 -1.553138
0.517537 0.517574 892.000000 -1.119743 -1.620764
0.517571 0.517668 892.100000 -1.283622 -1.648623
0.517628 0.517711 892.200000 -1.433377 -1.338995
0.517709 0.517773 892.300000 -1.573801 -1.462463
0.517801 0.517717 892.400000 -1.636143 0.218745
0.517880 0.517752 892.500000 -1.560556 1.289211
0.517944 0.517699 892.600000 -1.480878 0.300376
0.518003 0.517656 892.700000 -1.440581 0.503538
0.518058 0.517599 892.800000 -1.423290 -0.158582
0.518110 0.517558 892.900000 -1.403499 0.553418
0.518154 0.517516 893.000000 -1.349434 0.525182
0.518188 0.517493 893.100000 -1.283463 0.790928
0.518210 0.517496 893.200000 -1.191388 1.045966
0.518220 0.517469 893.300000 -1.102041 0.736509
0.518219 0.517484 893.400000 -1.007600 1.147584
0.518206 0.517476 893.500000 -0.903040 0.938391
0.518187 0.517433 893.600000 -0.829879 0.521180
0.518161 0.517420 893.700000 -0.758657 0.899687
0.518128 0.517405 893.800000 -0.669672 0.875580
0.518088 0.517438 893.900000 -0.561983 1.272807
0.518039 0.517549 894.000000 -0.411156 1.736201
0.517986 0.517555 894.100000 -0.270474 1.070393
0.517929 0.517561 894.200000 -0.163160 1.070523
0.517872 0.517503 894.300000 -0.110750 -0.024943
0.517815 0.517448 894.400000 -0.102011 0.199296
0.517757 0.517390 894.500000 -0.096690 -0.093148
0.517700 0.517336 894.600000 -0.089137 0.243834
0.517642 0.517278 894.700000 -0.079557 -0.052712
0.517585 0.517221 894.800000 -0.085272 -0.061308
0.517527 0.517171 894.900000 -0.069434 0.377271
0.517470 0.517115 895.000000 -0.041706 0.175911
0.517412 0.517060 895.100000 -0.021289 0.231405
0.517354 0.517041 895.200000 0.031969 0.831083
0.517298 0.517115 895.300000 0.150835 1.540299
0.517245 0.517198 895.400000 0.307491 1.584982
0.517198 0.517206 895.500000 0.441194 1.082396
0.517156 0.517166 895.600000 0.523744 0.564474
0.517117 0.517135 895.700000 0.586946 0.696417
0.517086 0.517192 895.800000 0.693615 1.431627
0.517065 0.517182 895.900000 0.812063 0.931405
0.517054 0.517181 896.000000 0.909279 1.008072
0.517050 0.517133 896.100000 0.980669 0.416147
0.517050 0.517079 896.200000 1.014348 0.255761
0.517052 0.517023 896.300000 1.035815 0.172495
0.517057 0.516971 896.400000 1.060056 0.311118
0.517062 0.516920 896.500000 1.058559 -0.340996
0.517061 0.516879 896.600000 1.014110 -0.545755
0.517052 0.516884 896.700000 0.933606 -1.060300
0.517033 0.516872 896.800000 0.834973 -0.907424
0.517002 0.517031 896.900000 0.690648 -1.971862
0.516959 0.517144 897.000000 0.504117 -1.749423
0.516907 0.517302 897.100000 0.317960 -1.964407
0.516850 0.517426 897.200000 0.128894 -1.807460
0.516793 0.517484 897.300000 -0.033965 -1.441585
0.516736 0.517442 897.400000 -0.132467 -0.523531
0.516680 0.517385 897.500000 -0.152095 0.131952
0.516623 0.517327 897.600000 -0.147014 -0.030592
0.516567 0.517277 897.700000 -0.166501 -0.358173
0.516512 0.517234 897.800000 -0.210382 -0.517244
0.516460 0.517309 897.900000 -0.313734 -1.544634
0.516415 0.517352 898.000000 -0.458505 -1.343540
0.516375 0.517347 898.100000 -0.574620 -0.972963
0.516344 0.517363 898.200000 -0.680851 -1.146337
0.516318 0.517313 898.300000 -0.756692 -0.366695
0.516293 0.517258 898.400000 -0.764454 0.211853
0.516266 0.517209 898.500000 -0.733816 0.399357
0.516236 0.517152 898.600000 -0.708826 0.099200
0.516207 0.517095 898.700000 -0.709331 -0.109264
0.516176 0.517048 898.800000 -0.693680 0.421502
0.516141 0.517019 898.900000 -0.636122 0.726773
0.516098 0.517132 899.000000 -0.512078 1.747901
0.516048 0.517159 899.100000 -0.362452 1.237141
0.515994 0.517192 899.200000 -0.236632 1.272974
0.515937 0.517195 899.300000 -0.120502 1.043814
0.515880 0.517264 899.400000 0.007315 1.506126
0.515823 0.517232 899.500000 0.116722 0.676545
0.515768 0.517175 899.600000 0.157720 0.141371
0.515711 0.517124 899.700000 0.148325 -0.328806
0.515655 0.517067 899.800000 0.128127 -0.074135
0.515598 0.517048 899.900000 0.082435 -0.837423
0.515541 0.517034 900.000000 -0.003862 -0.884209
0.515484 0.517021 900.100000 -0.093179 -0.897668
0.515428 0.516977 900.200000 -0.162096 -0.477219
0.515374 0.516936 900.300000 -0.213767 -0.553623
0.515321 0.516911 900.400000 -0.279677 -0.761277
0.515270 0.516857 900.500000 -0.330822 -0.259056
0.515219 0.516803 900.600000 -0.354566 -0.214654
0.515170 0.516750 900.700000 -0.380659 -0.305896
0.515123 0.516706 900.800000 -0.419824 -0.475440
0.515079 0.516692 900.900000 -0.488390 -0.892447
0.515039 0.516642 901.000000 -0.551380 -0.364218
0.515000 0.516586 901.100000 -0.575140 -0.109791
0.514963 0.516544 901.200000 -0.606838 -0.522584
0.514931 0.516533 901.300000 -0.678924 -0.915530
0.514907 0.516514 901.400000 -0.766346 -0.828536
0.514890 0.516494 901.500000 -0.849373 -0.827856
0.514878 0.516443 901.600000 -0.907841 -0.338577
0.514873 0.516419 901.700000 -0.963350 -0.768838
0.514877 0.516418 901.800000 -1.052500 -1.009699
0.514892 0.516386 901.900000 -1.136520 -0.666501
0.514918 0.516402 902.000000 -1.227892 -1.156377
0.514962 0.516433 902.100000 -1.349050 -1.260715
0.515025 0.516460 902.200000 -1.473930 -1.230634
0.515099 0.516403 902.300000 -1.538653 -0.060598
0.515175 0.516347 902.400000 -1.549632 -0.158424
0.515247 0.516311 902.500000 -1.526854 0.612846
0.515314 0.516254 902.600000 -1.494187 0.038847
0.515376 0.516208 902.700000 -1.469225 0.459146
0.515434 0.516153 902.800000 -1.437210 0.179553
0.515489 0.516096 902.900000 -1.426952 0.025091
0.515547 0.516041 903.000000 -1.436724 -0.220038
0.515605 0.515984 903.100000 -1.445511 0.044742
0.515667 0.515939 903.200000 -1.466439 -0.462253
0.515737 0.515899 903.300000 -1.517263 -0.551689
0.515811 0.515843 903.400000 -1.535181 0.194231
0.515875 0.515834 903.500000 -1.478788 0.930797
0.515926 0.515797 903.600000 -1.402049 0.600158
0.515968 0.515765 903.700000 -1.338089 0.675839
0.516003 0.515715 903.800000 -1.287173 0.339936
0.516037 0.515660 903.900000 -1.280535 -0.207513
0.516067 0.515626 904.000000 -1.258302 0.651071
0.516092 0.515570 904.100000 -1.220737 0.098335
0.516121 0.515529 904.200000 -1.242809 -0.538673
0.516154 0.515474 904.300000 -1.279102 -0.185360
0.516189 0.515417 904.400000 -1.289821 -0.028478
0.516224 0.515360 904.500000 -1.288043 0.063933
0.516256 0.515308 904.600000 -1.269596 0.304090
0.516282 0.515263 904.700000 -1.230942 0.467068
0.516308 0.515212 904.800000 -1.223591 -0.320425
0.516338 0.515163 904.900000 -1.258255 -0.371132
0.516372 0.515107 905.000000 -1.283010 -0.122725
0.516411 0.515068 905.100000 -1.317943 -0.574186
0.516459 0.515034 905.200000 -1.379172 -0.647334
0.516507 0.515002 905.300000 -1.378033 0.670071
0.516548 0.514948 905.400000 -1.334022 0.207945
0.516582 0.514929 905.500000 -1.281820 0.833478
0.516609 0.514873 905.600000 -1.235697 0.086669
0.516631 0.514841 905.700000 -1.197436 0.676647
0.516650 0.514785 905.800000 -1.169532 -0.119963
0.516669 0.514728 905.900000 -1.173888 0.033055
0.516682 0.514707 906.000000 -1.131988 0.802849
0.516685 0.514719 906.100000 -1.035862 1.114865
0.516675 0.514727 906.200000 -0.925727 1.082339
0.516655 0.514739 906.300000 -0.815283 1.121009
0.516624 0.514767 906.400000 -0.697061 1.237530
0.516585 0.514841 906.500000 -0.557729 1.542129
0.516538 0.514835 906.600000 -0.432679 0.952622
0.516489 0.514780 906.700000 -0.375470 0.188697
0.516440 0.514740 906.800000 -0.393448 -0.547346
0.516395 0.514706 906.900000 -0.453480 -0.650306
0.516352 0.514660 907.000000 -0.507969 -0.436734
0.516313 0.514628 907.100000 -0.563707 -0.675251
0.516280 0.514675 907.200000 -0.666204 -1.369569
0.516259 0.514731 907.300000 -0.806437 -1.428061
0.516254 0.514860 907.400000 -0.970175 -1.838523
0.516266 0.514871 907.500000 -1.117675 -1.104093
0.516287 0.514819 907.600000 -1.188678 -0.312425
0.516313 0.514773 907.700000 -1.226052 -0.433178
0.516344 0.514724 907.800000 -1.266807 -0.379881
0.516382 0.514678 907.900000 -1.307782 -0.437581
0.516422 0.514622 908.000000 -1.326759 0.058999
0.516464 0.514572 908.100000 -1.341667 -0.356414
0.516514 0.514538 908.200000 -1.391502 -0.637795
0.516572 0.514491 908.300000 -1.444529 -0.420100
0.516635 0.514439 908.400000 -1.479922 -0.285979
0.516699 0.514385 908.500000 -1.481994 0.244643
0.516761 0.514329 908.600000 -1.465190 0.090582
0.516819 0.514276 908.700000 -1.448011 0.252142
0.516868 0.514276 908.800000 -1.384566 1.013591
0.516904 0.514239 908.900000 -1.303404 0.605591
0.516934 0.514190 909.000000 -1.255612 0.347847
0.516960 0.514138 909.100000 -1.223855 0.285712
0.516979 0.514109 909.200000 -1.173911 0.710670
0.516987 0.514098 909.300000 -1.092479 0.913895
0.516988 0.514055 909.400000 -1.021571 0.500728
0.516984 0.514003 909.500000 -0.982948 0.269793
0.516976 0.513967 909.600000 -0.938371 0.619532
0.516958 0.513992 909.700000 -0.846491 1.213459
0.516932 0.513970 909.800000 -0.745938 0.792582
0.516899 0.513974 909.900000 -0.653562 1.050315
0.516857 0.514028 910.000000 -0.530012 1.414507
0.516809 0.514057 910.100000 -0.396522 1.248620
0.516756 0.514119 910.200000 -0.260110 1.472799
0.516700 0.514186 910.300000 -0.111081 1.500329
0.516643 0.514148 910.400000 -0.007410 0.567911
0.516587 0.514092 910.500000 0.016217 -0.096547
0.516530 0.514041 910.600000 -0.004600 -0.318768
0.516473 0.513990 910.700000 -0.037020 -0.328010
0.516417 0.513937 910.800000 -0.065780 -0.245738
0.516361 0.513912 910.900000 -0.115917 -0.754500
0.516307 0.513924 911.000000 -0.209822 -1.118903
0.516256 0.513992 911.100000 -0.341251 -1.503117
0.516211 0.513974 911.200000 -0.458784 -0.841658
0.516171 0.513970 911.300000 -0.549840 -0.974915
0.516136 0.513928 911.400000 -0.624555 -0.515647
0.516102 0.513872 911.500000 -0.650075 0.006520
0.516069 0.513816 911.600000 -0.647810 0.038668
0.516036 0.513760 911.700000 -0.652255 -0.127346
0.516004 0.513713 911.800000 -0.678527 -0.396767
0.515976 0.513667 911.900000 -0.720465 -0.439906
0.515951 0.513619 912.000000 -0.761780 -0.384328
0.515930 0.513569 912.100000 -0.798313 -0.344503
0.515910 0.513514 912.200000 -0.824382 -0.175572
0.515894 0.513472 912.300000 -0.858382 -0.502738
0.515884 0.513439 912.400000 -0.916173 -0.650175
0.515880 0.513412 912.500000 -0.985452 -0.731957
0.515886 0.513399 912.600000 -1.066650 -0.887933
0.515907 0.513467 912.700000 -1.186746 -1.507987
0.515950 0.513563 912.800000 -1.345871 -1.666565
0.516014 0.513574 912.900000 -1.484918 -1.107418
0.516086 0.513519 913.000000 -1.532022 0.167693
0.516152 0.513478 913.100000 -1.496879 0.533420
0.516209 0.513446 913.200000 -1.437325 0.654684
0.516254 0.513428 913.300000 -1.362641 0.835261
0.516283 0.513469 913.400000 -1.253796 1.336186
0.516298 0.513462 913.500000 -1.139272 0.948569
0.516301 0.513459 913.600000 -1.042577 0.980490
0.516294 0.513442 913.700000 -0.950728 0.851912
0.516280 0.513402 913.800000 -0.881303 0.533111
0.516259 0.513399 913.900000 -0.804871 0.991702
0.516229 0.513421 914.000000 -0.695274 1.194754
0.516193 0.513373 914.100000 -0.616302 0.380739
0.516154 0.513346 914.200000 -0.560696 0.728603
0.516111 0.513300 914.300000 -0.502453 0.433342
0.516066 0.513258 914.400000 -0.455275 0.507868
0.516017 0.513258 914.500000 -0.379181 1.010209
0.515965 0.513235 914.600000 -0.289359 0.781736
0.515913 0.513179 914.700000 -0.251057 -0.017613
0.515860 0.513123 914.800000 -0.250627 0.026189
0.515807 0.513068 914.900000 -0.256832 -0.149968
0.515754 0.513014 915.000000 -0.253899 0.208478
0.515700 0.512970 915.100000 -0.219546 0.476852
0.515646 0.512915 915.200000 -0.190567 0.101279
0.515591 0.512860 915.300000 -0.179805 0.113425
0.515536 0.512844 915.400000 -0.130806 0.864116
0.515480 0.512872 915.500000 -0.025498 1.236769
0.515424 0.512909 915.600000 0.102003 1.306891
0.515370 0.512922 915.700000 0.223696 1.120874
0.515318 0.512866 915.800000 0.276864 -0.060177
0.515266 0.512811 915.900000 0.280946 0.141611
0.515215 0.512768 916.000000 0.312150 0.480920
0.515166 0.512717 916.100000 0.351649 0.307082
0.515117 0.512661 916.200000 0.364036 -0.059952
0.515068 0.512606 916.300000 0.356845 -0.083526
0.515018 0.512550 916.400000 0.350916 -0.034741
0.514967 0.512518 916.500000 0.315922 -0.663406
0.514914 0.512534 916.600000 0.225206 -1.146372
0.514859 0.512535 916.700000 0.116374 -1.024831
0.514802 0.512625 916.800000 -0.016896 -1.633903
0.514748 0.512733 916.900000 -0.185806 -1.735855
0.514699 0.512816 917.000000 -0.352883 -1.597327
0.514655 0.512808 917.100000 -0.479726 -0.933192
0.514615 0.512757 917.200000 -0.541993 -0.309033
0.514578 0.512716 917.300000 -0.584029 -0.529575
0.514544 0.512688 917.400000 -0.646019 -0.707141
0.514517 0.512680 917.500000 -0.728659 -0.941526
0.514496 0.512632 917.600000 -0.794897 -0.379916
0.514477 0.512584 917.700000 -0.832473 -0.369730
0.514460 0.512529 917.800000 -0.846363 0.092632
0.514442 0.512474 917.900000 -0.835046 0.133135
0.514422 0.512421 918.000000 -0.816674 0.233398
0.514402 0.512365 918.100000 -0.805156 -0.003612
0.514381 0.512310 918.200000 -0.799635 0.113745
0.514357 0.512264 918.300000 -0.773079 0.416042
0.514330 0.512214 918.400000 -0.734770 0.348226
0.514300 0.512191 918.500000 -0.678791 0.768556
0.514263 0.512180 918.600000 -0.594478 0.913497
0.514220 0.512190 918.700000 -0.493713 1.096753
0.514173 0.512181 918.800000 -0.392360 0.925246
0.514121 0.512197 918.900000 -0.288424 1.148280
0.514067 0.512197 919.000000 -0.180216 1.010471
0.514011 0.512181 919.100000 -0.086550 0.858156
0.513956 0.512142 919.200000 -0.015689 0.555529
0.513900 0.512093 919.300000 -0.005118 -0.344642
0.513844 0.512065 919.400000 -0.058434 -0.719026
0.513789 0.512058 919.500000 -0.141775 -0.943617
0.513736 0.512024 919.600000 -0.220493 -0.626806
0.513686 0.512115 919.700000 -0.334388 -1.645393
0.513642 0.512106 919.800000 -0.463119 -0.922791
0.513605 0.512166 919.900000 -0.582640 -1.461665
0.513577 0.512212 920.000000 -0.724204 -1.362539
0.513561 0.512227 920.100000 -0.849877 -1.144631
0.513550 0.512172 920.200000 -0.911157 -0.077898
0.513537 0.512131 920.300000 -0.888570 0.528513
0.513516 0.512166 920.400000 -0.797543 1.287463
0.513483 0.512262 920.500000 -0.649234 1.671310
0.513438 0.512491 920.600000 -0.450635 2.290741
0.513385 0.512718 920.700000 -0.221466 2.281172
0.513329 0.512814 920.800000 -0.023355 1.671155
0.513275 0.512889 920.900000 0.138122 1.550309
0.513223 0.512912 921.000000 0.276332 1.206984
0.513176 0.512931 921.100000 0.395750 1.175403
0.513133 0.512896 921.200000 0.485250 0.610117
0.513094 0.512879 921.300000 0.558126 0.843752
0.513059 0.512831 921.400000 0.619584 0.382343
0.513027 0.512778 921.500000 0.649192 0.208338
0.512993 0.512735 921.600000 0.635004 -0.491396
0.512956 0.512693 921.700000 0.585318 -0.499831
0.512916 0.512646 921.800000 0.540172 -0.400835
0.512874 0.512605 921.900000 0.494622 -0.507898
0.512829 0.512555 922.000000 0.452748 -0.327486
0.512784 0.512500 922.100000 0.442549 0.124031
0.512738 0.512460 922.200000 0.421917 -0.535655
0.512689 0.512442 922.300000 0.353345 -0.832345
0.512638 0.512416 922.400000 0.274658 -0.737455
0.512584 0.512466 922.500000 0.167694 -1.396480
0.512528 0.512535 922.600000 0.021824 -1.513642
0.512473 0.512480 922.700000 -0.060135 -0.121430
0.512418 0.512440 922.800000 -0.093067 -0.535562
0.512363 0.512398 922.900000 -0.144559 -0.491711
0.512310 0.512363 923.000000 -0.199819 -0.610731
0.512259 0.512341 923.100000 -0.270065 -0.790672
0.512210 0.512319 923.200000 -0.349322 -0.790509
0.512163 0.512274 923.300000 -0.410900 -0.437962
0.512118 0.512220 923.400000 -0.439409 -0.130801
0.512076 0.512196 923.500000 -0.484574 -0.770228
0.512039 0.512228 923.600000 -0.586939 -1.271968
0.512011 0.512272 923.700000 -0.718557 -1.353808
0.511995 0.512306 923.800000 -0.850844 -1.285311
0.511995 0.512436 923.900000 -1.008116 -1.852272
0.512018 0.512608 924.000000 -1.203586 -2.047356
0.512063 0.512621 924.100000 -1.362740 -1.127758
0.512125 0.512632 924.200000 -1.474676 -1.105354
0.512202 0.512605 924.300000 -1.566844 -0.733410
0.512283 0.512556 924.400000 -1.586396 0.343356
0.512352 0.512559 924.500000 -1.517109 1.038906
0.512404 0.512571 924.600000 -1.409215 1.113593
0.512439 0.512588 924.700000 -1.295275 1.159510
0.512456 0.512668 924.800000 -1.157821 1.582683
0.512453 0.512835 924.900000 -0.976798 2.028725
0.512430 0.512982 925.000000 -0.778124 1.934836
0.512393 0.513159 925.100000 -0.577139 2.074802
0.512345 0.513317 925.200000 -0.373656 1.984696
0.512292 0.513328 925.300000 -0.218261 1.115429
0.512237 0.513341 925.400000 -0.106232 1.119542
0.512182 0.513328 925.500000 -0.005526 0.889558
0.512127 0.513338 925.600000 0.094156 1.099087
0.512074 0.513332 925.700000 0.197497 0.962563
0.512022 0.513289 925.800000 0.269790 0.479688
0.511972 0.513234 925.900000 0.297082 0.064783
0.511921 0.513185 926.000000 0.283012 -0.345468
0.511869 0.513145 926.100000 0.239363 -0.525335
0.511815 0.513153 926.200000 0.158702 -1.083860
0.511760 0.513135 926.300000 0.062457 -0.836216
0.511705 0.513172 926.400000 -0.045247 -1.312493
0.511651 0.513240 926.500000 -0.186668 -1.508845
0.511602 0.513285 926.600000 -0.330710 -1.364800
0.511558 0.513322 926.700000 -0.464717 -1.308640
0.511522 0.513354 926.800000 -0.594236 -1.275253
0.511494 0.513336 926.900000 -0.699746 -0.829683
0.511469 0.513284 927.000000 -0.752924 -0.231212
0.511445 0.513228 927.100000 -0.763550 0.019226
0.511422 0.513173 927.200000 -0.766917 -0.086396
0.511398 0.513119 927.300000 -0.765185 0.120951
0.511373 0.513071 927.400000 -0.740144 0.378609
0.511341 0.513089 927.500000 -0.662891 1.162579
0.511302 0.513116 927.600000 -0.542499 1.239253
0.511257 0.513089 927.700000 -0.443927 0.727262
0.511211 0.513037 927.800000 -0.396557 0.217761
0.511163 0.512988 927.900000 -0.368473 0.342523
0.511114 0.512949 928.000000 -0.323620 0.552287
0.511063 0.512896 928.100000 -0.285235 0.213502
0.511011 0.512885 928.200000 -0.229058 0.907231
0.510957 0.512876 928.300000 -0.137348 0.922374
0.510902 0.512968 928.400000 -0.008108 1.655961
0.510847 0.512969 928.500000 0.126212 1.023727
0.510795 0.512953 928.600000 0.220137 0.850084
0.510745 0.512912 928.700000 0.288638 0.516502
0.510696 0.512864 928.800000 0.333083 0.370172
0.510649 0.512857 928.900000 0.399125 0.947383
0.510607 0.512834 929.000000 0.485008 0.765978
0.510570 0.512840 929.100000 0.576949 1.068244
0.510539 0.512829 929.200000 0.676060 0.909026
0.510513 0.512776 929.300000 0.731983 0.206633
0.510488 0.512722 929.400000 0.736168 -0.123150
0.510462 0.512668 929.500000 0.738563 0.170935
0.510437 0.512614 929.600000 0.751517 0.087506
0.510412 0.512562 929.700000 0.742748 -0.262456
0.510387 0.512509 929.800000 0.739016 0.188005
0.510364 0.512467 929.900000 0.773282 0.495588
0.510347 0.512452 930.000000 0.841462 0.864622
0.510334 0.512397 930.100000 0.883240 -0.031165
0.510319 0.512354 930.200000 0.858455 -0.463282
0.510299 0.512323 930.300000 0.801303 -0.676912
0.510275 0.512269 930.400000 0.760720 -0.132714
0.510247 0.512270 930.500000 0.702905 -1.020690
0.510209 0.512352 930.600000 0.571675 -1.597359
0.510164 0.512391 930.700000 0.425363 -1.321572
0.510114 0.512480 930.800000 0.276978 -1.638697
0.510060 0.512469 930.900000 0.149652 -0.901462
0.510005 0.512481 931.000000 0.048383 -1.118842
0.509951 0.512438 931.100000 -0.031744 -0.479702
0.509896 0.512402 931.200000 -0.085363 -0.590006
0.509842 0.512348 931.300000 -0.123509 -0.170992
0.509790 0.512372 931.400000 -0.192825 -1.211875
0.509740 0.512368 931.500000 -0.302179 -0.969727
0.509692 0.512314 931.600000 -0.359356 -0.170967
0.509646 0.512274 931.700000 -0.394032 -0.520809
0.509603 0.512264 931.800000 -0.466156 -0.918058
0.509566 0.512294 931.900000 -0.575358 -1.260537
0.509537 0.512323 932.000000 -0.701069 -1.247384
0.509517 0.512290 932.100000 -0.795880 -0.644094
0.509503 0.512289 932.200000 -0.878432 -1.002828
0.509499 0.512266 932.300000 -0.967127 -0.766629
0.509504 0.512255 932.400000 -1.051297 -0.912573
0.509517 0.512224 932.500000 -1.130402 -0.665565
0.509541 0.512218 932.600000 -1.211405 -0.950455
0.509577 0.512195 932.700000 -1.297787 -0.772854
0.509626 0.512203 932.800000 -1.390714 -1.081047
0.509686 0.512155 932.900000 -1.463019 -0.361437
0.509750 0.512101 933.000000 -1.487727 -0.131488
0.509815 0.512046 933.100000 -1.495480 -0.023184
0.509882 0.511992 933.200000 -1.502956 -0.125960
0.509943 0.511967 933.300000 -1.471908 0.745365
0.510000 0.511914 933.400000 -1.443611 -0.180828
0.510062 0.511870 933.500000 -1.475212 -0.449627
0.510137 0.511880 933.600000 -1.553131 -1.104857
0.510233 0.511929 933.700000 -1.678352 -1.393293
0.510353 0.511945 933.800000 -1.805723 -1.147752
0.510495 0.511950 933.900000 -1.916074 -1.053756
0.510654 0.511916 934.000000 -2.000684 -0.634214
0.510821 0.511862 934.100000 -2.032723 -0.004957
0.510980 0.511832 934.200000 -1.998416 0.689366
0.511119 0.511857 934.300000 -1.902792 1.218337
0.511231 0.511922 934.400000 -1.766570 1.499302
0.511322 0.511902 934.500000 -1.651364 0.799047
0.511403 0.511855 934.600000 -1.592098 0.383320
0.511472 0.511858 934.700000 -1.520875 1.037571
0.511523 0.511900 934.800000 -1.401299 1.347979
0.511556 0.511899 934.900000 -1.283458 1.002938
0.511571 0.512022 935.000000 -1.141740 1.824334
0.511562 0.512304 935.100000 -0.924549 2.508627
0.511535 0.512373 935.200000 -0.722608 1.520102
0.511499 0.512375 935.300000 -0.594669 1.032272
0.511459 0.512343 935.400000 -0.509974 0.657406
0.511416 0.512292 935.500000 -0.464131 0.257163
0.511375 0.512306 935.600000 -0.507873 -1.129819
0.511341 0.512329 935.700000 -0.625257 -1.211993
0.511318 0.512442 935.800000 -0.774821 -1.771808
0.511312 0.512549 935.900000 -0.950691 -1.736797
0.511325 0.512666 936.000000 -1.127746 -1.795449
0.511364 0.512855 936.100000 -1.324868 -2.137139
0.511435 0.513001 936.200000 -1.529138 -1.938056
0.511534 0.513049 936.300000 -1.695769 -1.386219
0.511651 0.513013 936.400000 -1.795315 -0.599738
0.511779 0.512973 936.500000 -1.851699 -0.525123
0.511914 0.512919 936.600000 -1.881523 -0.069860
0.512046 0.512869 936.700000 -1.869786 0.304014
0.512172 0.512818 936.800000 -1.842149 0.247340
0.512295 0.512764 936.900000 -1.821884 0.156960
0.512421 0.512724 937.000000 -1.840252 -0.523407
0.512550 0.512671 937.100000 -1.857119 0.186902
0.512676 0.512618 937.200000 -1.840044 0.153755
0.512795 0.512582 937.300000 -1.802300 0.599237
0.512902 0.512544 937.400000 -1.744278 0.558300
0.512996 0.512537 937.500000 -1.669092 0.941657
0.513075 0.512513 937.600000 -1.583785 0.760226
0.513139 0.512520 937.700000 -1.491769 1.075479
0.513191 0.512477 937.800000 -1.413953 0.476966
0.513236 0.512431 937.900000 -1.370317 0.393574
0.513280 0.512378 938.000000 -1.359530 -0.178387
0.513323 0.512330 938.100000 -1.351657 0.335447
0.513354 0.512357 938.200000 -1.272821 1.237335
0.513373 0.512327 938.300000 -1.176224 0.689787
0.513382 0.512332 938.400000 -1.088944 1.051451
0.513376 0.512395 938.500000 -0.961641 1.488233
0.513359 0.512399 938.600000 -0.834573 1.046776
0.513333 0.512393 938.700000 -0.734182 0.956029
0.513303 0.512339 938.800000 -0.681053 0.103902
0.513272 0.512285 938.900000 -0.672630 0.064127
0.513244 0.512251 939.000000 -0.701287 -0.635827
0.513220 0.512221 939.100000 -0.766493 -0.665049
0.513201 0.512168 939.200000 -0.809977 -0.202451
0.513182 0.512114 939.300000 -0.823821 -0.073737
0.513160 0.512099 939.400000 -0.784456 0.859069
0.513132 0.512075 939.500000 -0.702967 0.766636
0.513096 0.512151 939.600000 -0.586039 1.566084
0.513053 0.512124 939.700000 -0.471986 0.709275
0.513007 0.512097 939.800000 -0.400015 0.726547
0.512957 0.512100 939.900000 -0.311550 1.038327
0.512905 0.512164 940.000000 -0.184834 1.489659
0.512850 0.512368 940.100000 0.000473 2.207207
0.512798 0.512572 940.200000 0.221642 2.205122
0.512752 0.512606 940.300000 0.396623 1.285752
0.512711 0.512604 940.400000 0.510764 0.991365
0.512677 0.512605 940.500000 0.611979 1.027868
0.512649 0.512591 940.600000 0.707051 0.868816
0.512628 0.512576 940.700000 0.793819 0.862201
0.512615 0.512562 940.800000 0.880691 0.870900
0.512606 0.512509 940.900000 0.933630 0.185226
0.512596 0.512482 941.000000 0.906726 -0.721954
0.512579 0.512437 941.100000 0.849783 -0.414048
0.512561 0.512383 941.200000 0.823198 -0.116337
0.512541 0.512333 941.300000 0.803547 -0.275695
0.512517 0.512293 941.400000 0.763124 -0.530755
0.512489 0.512263 941.500000 0.703093 -0.666854
0.512457 0.512214 941.600000 0.652557 -0.341330
0.512423 0.512172 941.700000 0.612052 -0.466754
0.512386 0.512125 941.800000 0.569314 -0.385858
0.512347 0.512071 941.900000 0.546822 -0.062872
0.512308 0.512018 942.000000 0.536928 -0.134499
0.512268 0.511963 942.100000 0.527458 -0.054434
0.512228 0.511912 942.200000 0.512960 -0.234796
0.512187 0.511858 942.300000 0.500966 -0.004488
0.512146 0.511803 942.400000 0.502839 0.041858
0.512105 0.511749 942.500000 0.504125 -0.016209
0.512065 0.511698 942.600000 0.515174 0.236639
0.512027 0.511665 942.700000 0.558577 0.629236
0.511992 0.511611 942.800000 0.595045 0.098314
0.511957 0.511557 942.900000 0.604031 0.080944
0.511921 0.511505 943.000000 0.598473 -0.191826
0.511885 0.511451 943.100000 0.584845 -0.080050
0.511847 0.511412 943.200000 0.553456 -0.546152
0.511806 0.511390 943.300000 0.487098 -0.777700
0.511761 0.511357 943.400000 0.416800 -0.624736
0.511712 0.511343 943.500000 0.341785 -0.871807
0.511662 0.511310 943.600000 0.266217 -0.635777
0.511609 0.511331 943.700000 0.174520 -1.193579
0.511556 0.511294 943.800000 0.086624 -0.559955
0.511501 0.511280 943.900000 0.014768 -0.873559
0.511448 0.511323 944.000000 -0.096856 -1.353358
0.511396 0.511283 944.100000 -0.190451 -0.513862
0.511345 0.511252 944.200000 -0.249745 -0.669052
0.511297 0.511261 944.300000 -0.337822 -1.088086
0.511253 0.511261 944.400000 -0.443332 -1.016827
0.511214 0.511259 944.500000 -0.543818 -0.987878
0.511182 0.511251 944.600000 -0.640090 -0.932741
0.511158 0.511287 944.700000 -0.752372 -1.307283
0.511147 0.511380 944.800000 -0.901513 -1.668078
0.511148 0.511358 944.900000 -1.024097 -0.777477
0.511153 0.511306 945.000000 -1.054359 0.173742
0.511154 0.511268 945.100000 -1.017837 0.554882
0.511146 0.511265 945.200000 -0.940688 0.984238
0.511128 0.511312 945.300000 -0.822202 1.379551
0.511098 0.511405 945.400000 -0.669319 1.670466
0.511059 0.511379 945.500000 -0.548790 0.734096
0.511016 0.511401 945.600000 -0.451909 1.198671
0.510967 0.511569 945.700000 -0.289253 2.046315
0.510913 0.511681 945.800000 -0.097752 1.774135
0.510860 0.511926 945.900000 0.110391 2.378309
0.510813 0.512330 946.000000 0.377282 2.946169
0.510782 0.512608 946.100000 0.650563 2.505788
0.510767 0.512708 946.200000 0.861798 1.708356
0.510768 0.512778 946.300000 1.024216 1.531880
0.510786 0.512810 946.400000 1.165232 1.281391
0.510820 0.512837 946.500000 1.291482 1.237307
0.510869 0.512813 946.600000 1.391472 0.757481
0.510925 0.512763 946.700000 1.443411 0.278705
0.510983 0.512709 946.800000 1.458222 0.016768
0.511039 0.512662 946.900000 1.440726 -0.365804
0.511089 0.512615 947.000000 1.403536 -0.376135
0.511128 0.512618 947.100000 1.332592 -1.039193
0.511155 0.512614 947.200000 1.231830 -0.971011
0.511168 0.512616 947.300000 1.131216 -1.036243
0.511169 0.512646 947.400000 1.016279 -1.256758
0.511154 0.512765 947.500000 0.862455 -1.812024
0.511125 0.512859 947.600000 0.687450 -1.679321
0.511085 0.512940 947.700000 0.523084 -1.599785
0.511039 0.512998 947.800000 0.369997 -1.454309
0.510987 0.513080 947.900000 0.216494 -1.608064
0.510934 0.513148 948.000000 0.059717 -1.519651
0.510880 0.513182 948.100000 -0.081500 -1.297619
0.510828 0.513170 948.200000 -0.190862 -0.884145
0.510777 0.513116 948.300000 -0.237945 -0.055177
0.510726 0.513063 948.400000 -0.232996 0.153909
0.510674 0.513059 948.500000 -0.176398 0.975222
0.510620 0.513087 948.600000 -0.064839 1.250377
0.510567 0.513050 948.700000 0.026015 0.562163
0.510513 0.513015 948.800000 0.084690 0.608405
0.510460 0.512966 948.900000 0.130571 0.306924
0.510409 0.512999 949.000000 0.210302 1.283704
0.510362 0.513145 949.100000 0.372456 1.951275
0.510324 0.513196 949.200000 0.541044 1.412064
0.510295 0.513263 949.300000 0.687608 1.511878
0.510283 0.513527 949.400000 0.886660 2.459209
0.510292 0.513621 949.500000 1.093909 1.675407
0.510324 0.513762 949.600000 1.274436 1.926108
0.510383 0.513886 949.700000 1.463160 1.838929
0.510467 0.513911 949.800000 1.616649 1.223188
0.510566 0.513872 949.900000 1.704941 0.538231
0.510671 0.513818 950.000000 1.737955 0.120403
0.510772 0.513782 950.100000 1.715324 -0.571897
0.510863 0.513744 950.200000 1.658428 -0.563170
0.510948 0.513691 950.300000 1.623193 -0.139775
0.511027 0.513656 950.400000 1.585779 -0.606629
0.511092 0.513658 950.500000 1.503846 -1.027935
0.511139 0.513698 950.600000 1.385332 -1.336417
0.511168 0.513730 950.700000 1.254317 -1.277333
0.511182 0.513743 950.800000 1.133401 -1.134944
0.511187 0.513699 950.900000 1.054608 -0.436981
0.511185 0.513676 951.000000 0.994340 -0.765365
0.511181 0.513630 951.100000 0.975574 0.390980
0.511179 0.513576 951.200000 0.995441 0.005377
0.511179 0.513525 951.300000 1.006713 0.219502
0.511176 0.513492 951.400000 0.985923 -0.634267
0.511167 0.513463 951.500000 0.919380 -0.693269
0.511151 0.513436 951.600000 0.848900 -0.712796
0.511127 0.513476 951.700000 0.746283 -1.334428
0.511095 0.513453 951.800000 0.640652 -0.772910
0.511058 0.513417 951.900000 0.572249 -0.591720
0.511019 0.513370 952.000000 0.525526 -0.340407
0.510977 0.513358 952.100000 0.463539 -0.896241
0.510930 0.513339 952.200000 0.377714 -0.815963
0.510883 0.513288 952.300000 0.348520 0.233553
0.510836 0.513234 952.400000 0.358682 -0.030830
0.510790 0.513191 952.500000 0.380275 0.461605
0.510747 0.513167 952.600000 0.441125 0.752358
0.510706 0.513122 952.700000 0.499693 0.416068
0.510668 0.513073 952.800000 0.535014 0.288600
0.510630 0.513020 952.900000 0.556391 0.137864
0.510592 0.512979 953.000000 0.538789 -0.489027
0.510551 0.512936 953.100000 0.491196 -0.460441
0.510506 0.512973 953.200000 0.402331 -1.312424
0.510456 0.513025 953.300000 0.265380 -1.419746
0.510404 0.513018 953.400000 0.146502 -0.951880
0.510350 0.513021 953.500000 0.046932 -1.034535
0.510297 0.512999 953.600000 -0.043983 -0.779217
0.510245 0.513022 953.700000 -0.143712 -1.210370
0.510194 0.512992 953.800000 -0.238060 -0.671881
0.510146 0.512979 953.900000 -0.316324 -0.889489
0.510100 0.512950 954.000000 -0.394909 -0.678269
0.510059 0.512939 954.100000 -0.474556 -0.910688
0.510023 0.512943 954.200000 -0.572704 -1.047371
0.509990 0.512892 954.300000 -0.637142 -0.238161
0.509961 0.512854 954.400000 -0.676331 -0.543668
0.509933 0.512800 954.500000 -0.701536 0.040834
0.509905 0.512748 954.600000 -0.691919 0.151013
0.509875 0.512702 954.700000 -0.664369 0.398606
0.509842 0.512657 954.800000 -0.625013 0.386544
0.509806 0.512616 954.900000 -0.580264 0.506216
0.509766 0.512616 955.000000 -0.504341 1.008447
0.509722 0.512592 955.100000 -0.415900 0.755946
0.509675 0.512548 955.200000 -0.356160 0.435864
0.509627 0.512495 955.300000 -0.330049 0.085056
0.509580 0.512456 955.400000 -0.352303 -0.529021
0.509537 0.512499 955.500000 -0.446997 -1.360143
0.509501 0.512501 955.600000 -0.566793 -1.029773
0.509472 0.512533 955.700000 -0.682553 -1.279639
0.509452 0.512541 955.800000 -0.801047 -1.084323
0.509441 0.512523 955.900000 -0.896562 -0.821202
0.509438 0.512511 956.000000 -0.982355 -0.890363
0.509446 0.512512 956.100000 -1.078574 -1.029210
0.509467 0.512551 956.200000 -1.196652 -1.326441
0.509510 0.512661 956.300000 -1.351782 -1.768400
0.509581 0.512821 956.400000 -1.541714 -2.020751
0.509680 0.512852 956.500000 -1.706805 -1.272824
0.509801 0.512864 956.600000 -1.826859 -1.122248
0.509941 0.512848 956.700000 -1.925905 -0.853722
0.510094 0.512799 956.800000 -1.983631 -0.297912
0.510243 0.512761 956.900000 -1.971234 0.545241
0.510382 0.512721 957.000000 -1.918905 0.498729
0.510509 0.512699 957.100000 -1.854912 0.777926
0.510622 0.512662 957.200000 -1.787580 0.565343
0.510727 0.512616 957.300000 -1.739470 0.394455
0.510828 0.512563 957.400000 -1.716779 0.058238
0.510926 0.512512 957.500000 -1.703807 0.200543
0.511022 0.512458 957.600000 -1.691882 0.037359
0.511108 0.512469 957.700000 -1.634472 1.107973
0.511177 0.512466 957.800000 -1.529530 0.985611
0.511232 0.512447 957.900000 -1.439439 0.811706
0.511274 0.512439 958.000000 -1.351966 0.933394
0.511301 0.512464 958.100000 -1.243808 1.224342
0.511311 0.512558 958.200000 -1.098206 1.680424
0.511304 0.512604 958.300000 -0.944443 1.387140
0.511286 0.512595 958.400000 -0.829096 0.914045
0.511266 0.512548 958.500000 -0.800912 -0.351778
0.511248 0.512494 958.600000 -0.821938 -0.067693
0.511231 0.512441 958.700000 -0.828814 -0.069481
0.511211 0.512403 958.800000 -0.805008 0.544416
0.511189 0.512352 958.900000 -0.767275 0.208348
0.511164 0.512304 959.000000 -0.740989 0.316064
0.511137 0.512252 959.100000 -0.715764 0.187170
0.511110 0.512200 959.200000 -0.697701 0.173200
0.511082 0.512153 959.300000 -0.706721 -0.353167
0.511057 0.512101 959.400000 -0.729216 -0.095597
0.511030 0.512054 959.500000 -0.715505 0.369131
0.510999 0.512035 959.600000 -0.656374 0.810522
0.510965 0.511988 959.700000 -0.599085 0.332410
0.510928 0.511940 959.800000 -0.565620 0.335204
0.510891 0.511887 959.900000 -0.546456 0.047116
0.510855 0.511866 960.000000 -0.583974 -0.795587
0.510825 0.511843 960.100000 -0.661776 -0.756574
0.510800 0.511829 960.200000 -0.743527 -0.874356
0.510783 0.511813 960.300000 -0.829241 -0.835635
0.510770 0.511763 960.400000 -0.884152 -0.259835
0.510758 0.511711 960.500000 -0.889720 0.148742
0.510744 0.511664 960.600000 -0.864859 0.347249
0.510726 0.511622 960.700000 -0.823327 0.481308
0.510705 0.511574 960.800000 -0.784344 0.296410
0.510681 0.511536 960.900000 -0.742200 0.544360
0.510652 0.511496 961.000000 -0.689555 0.505901
0.510621 0.511451 961.100000 -0.644649 0.389968
0.510586 0.511411 961.200000 -0.599982 0.501153
0.510550 0.511358 961.300000 -0.571759 0.061894
0.510514 0.511305 961.400000 -0.561706 0.138653
0.510475 0.511273 961.500000 -0.523053 0.632483
0.510434 0.511223 961.600000 -0.479574 0.234920
0.510390 0.511202 961.700000 -0.428386 0.786269
0.510342 0.511264 961.800000 -0.314446 1.486844
0.510290 0.511333 961.900000 -0.162970 1.535098
0.510237 0.511344 962.000000 -0.030102 1.115623
0.510185 0.511307 962.100000 0.053127 0.544794
0.510132 0.511272 962.200000 0.050476 -0.597679
0.510079 0.511226 962.300000 0.002343 -0.362568
0.510026 0.511194 962.400000 -0.047909 -0.639977
0.509974 0.511210 962.500000 -0.137611 -1.149580
0.509924 0.511207 962.600000 -0.244699 -0.986823
0.509876 0.511163 962.700000 -0.315720 -0.430036
0.509829 0.511112 962.800000 -0.345413 -0.162352
0.509783 0.511060 962.900000 -0.359941 -0.127469
0.509737 0.511008 963.000000 -0.358364 0.158935
0.509690 0.510957 963.100000 -0.339876 0.209892
0.509643 0.510908 963.200000 -0.342677 -0.265780
0.509598 0.510866 963.300000 -0.379391 -0.466654
0.509554 0.510814 963.400000 -0.409718 -0.138368
0.509511 0.510779 963.500000 -0.446335 -0.592149
0.509472 0.510767 963.600000 -0.520324 -0.883923
0.509438 0.510737 963.700000 -0.598458 -0.674855
0.509409 0.510720 963.800000 -0.674130 -0.834802
0.509383 0.510671 963.900000 -0.729739 -0.274597
0.509361 0.510630 964.000000 -0.767717 -0.483053
0.509340 0.510578 964.100000 -0.785829 0.121703
0.509319 0.510526 964.200000 -0.772932 0.135591
0.509297 0.510475 964.300000 -0.775042 -0.177681
0.509278 0.510438 964.400000 -0.811350 -0.546667
0.509263 0.510389 964.500000 -0.853907 -0.302332
0.509251 0.510343 964.600000 -0.886943 -0.356742
0.509241 0.510291 964.700000 -0.911593 -0.135028
0.509236 0.510267 964.800000 -0.955962 -0.750125
0.509234 0.510215 964.900000 -0.989269 0.085636
0.509229 0.510171 965.000000 -0.964253 0.413429
0.509222 0.510120 965.100000 -0.934578 0.178605
0.509213 0.510067 965.200000 -0.922875 0.054865
0.509199 0.510082 965.300000 -0.862944 1.140752
0.509176 0.510074 965.400000 -0.759026 0.932420
0.509148 0.510033 965.500000 -0.687702 0.490487
0.509116 0.509994 965.600000 -0.638012 0.500821
0.509082 0.509946 965.700000 -0.596894 0.319490
0.509047 0.509893 965.800000 -0.580190 0.013763
0.509011 0.509841 965.900000 -0.574243 0.104865
0.508973 0.509806 966.000000 -0.539460 0.589067
0.508933 0.509773 966.100000 -0.479091 0.615298
0.508889 0.509730 966.200000 -0.426618 0.431529
0.508845 0.509679 966.300000 -0.396712 0.165107
0.508799 0.509640 966.400000 -0.362579 0.515829
0.508751 0.509605 966.500000 -0.307139 0.590212
0.508702 0.509556 966.600000 -0.264157 0.267274
0.508653 0.509505 966.700000 -0.242346 0.167847
0.508602 0.509481 966.800000 -0.196483 0.747137
0.508550 0.509503 966.900000 -0.098790 1.201828
0.508497 0.509523 967.000000 0.021165 1.191266
0.508446 0.509527 967.100000 0.133217 1.044188
0.508396 0.509519 967.200000 0.232187 0.930267
0.508347 0.509467 967.300000 0.274536 -0.085410
0.508298 0.509415 967.400000 0.264510 -0.114606
0.508250 0.509366 967.500000 0.272292 0.269851
0.508202 0.509337 967.600000 0.319480 0.671550
0.508156 0.509285 967.700000 0.348583 -0.090941
0.508111 0.509240 967.800000 0.363418 0.386891
0.508066 0.509187 967.900000 0.385326 0.050183
0.508021 0.509135 968.000000 0.393210 0.107101
0.507978 0.509094 968.100000 0.421919 0.465643
0.507937 0.509048 968.200000 0.463405 0.361997
0.507896 0.508996 968.300000 0.485449 0.077778
0.507856 0.508943 968.400000 0.486929 -0.048245
0.507815 0.508895 968.500000 0.469897 -0.291547
0.507772 0.508868 968.600000 0.420165 -0.700596
0.507725 0.508854 968.700000 0.341838 -0.862043
0.507677 0.508810 968.800000 0.278548 -0.400589
0.507627 0.508784 968.900000 0.222224 -0.723063
0.507576 0.508733 969.000000 0.178893 -0.141397
0.507526 0.508680 969.100000 0.173667 0.037132
0.507475 0.508629 969.200000 0.182522 0.139535
0.507424 0.508577 969.300000 0.183060 -0.128801
0.507374 0.508525 969.400000 0.176368 -0.004706
0.507322 0.508482 969.500000 0.154275 -0.436049
0.507271 0.508446 969.600000 0.104120 -0.564554
0.507219 0.508394 969.700000 0.078360 0.050648
0.507167 0.508343 969.800000 0.089454 0.170676
0.507116 0.508320 969.900000 0.135981 0.757542
0.507066 0.508301 970.000000 0.214105 0.801024
0.507018 0.508287 970.100000 0.297718 0.867065
0.506974 0.508309 970.200000 0.401583 1.205035
0.506935 0.508314 970.300000 0.514558 1.048823
0.506902 0.508294 970.400000 0.606966 0.794711
0.506873 0.508259 970.500000 0.675942 0.581352
0.506848 0.508215 970.600000 0.725669 0.410700
0.506825 0.508164 970.700000 0.754833 0.171121
0.506804 0.508112 970.800000 0.766844 0.068512
0.506780 0.508073 970.900000 0.744660 -0.511083
0.506753 0.508027 971.000000 0.701771 -0.344551
0.506723 0.507994 971.100000 0.654182 -0.604846
0.506691 0.507942 971.200000 0.620836 -0.060422
0.506658 0.507891 971.300000 0.609488 -0.165961
0.506626 0.507852 971.400000 0.626923 0.513793
0.506596 0.507802 971.500000 0.662627 0.198492
0.506569 0.507767 971.600000 0.701539 0.577806
0.506546 0.507719 971.700000 0.745656 0.302329
0.506522 0.507675 971.800000 0.740614 -0.402918
0.506497 0.507623 971.900000 0.723217 0.055845
0.506471 0.507571 972.000000 0.723296 -0.054268
0.506448 0.507527 972.100000 0.740600 0.399492
0.506429 0.507522 972.200000 0.808831 0.961720
0.506417 0.507485 972.300000 0.883608 0.530062
0.506408 0.507433 972.400000 0.912316 0.042664
0.506400 0.507382 972.500000 0.922515 0.160816
0.506392 0.507330 972.600000 0.933889 0.066092
0.506384 0.507285 972.700000 0.918684 -0.369430
0.506368 0.507303 972.800000 0.841640 -1.167591
0.506344 0.507283 972.900000 0.742979 -0.800696
0.506312 0.507359 973.000000 0.623896 -1.575013
0.506271 0.507456 973.100000 0.459476 -1.705168
0.506224 0.507531 973.200000 0.295219 -1.571753
0.506173 0.507565 973.300000 0.151581 -1.293835
0.506121 0.507606 973.400000 0.019197 -1.347218
0.506070 0.507709 973.500000 -0.135478 -1.738564
0.506023 0.507852 973.600000 -0.320391 -1.950433
0.505984 0.507974 973.700000 -0.510486 -1.841970
0.505956 0.508017 973.800000 -0.671080 -1.361874
0.505935 0.508005 973.900000 -0.783746 -0.885817
0.505919 0.507955 974.000000 -0.838503 -0.206584
0.505907 0.507920 974.100000 -0.877164 -0.564709
0.505900 0.507892 974.200000 -0.940483 -0.698509
0.505902 0.507890 974.300000 -1.024629 -0.980192
0.505912 0.507844 974.400000 -1.091606 -0.356015
0.505924 0.507795 974.500000 -1.120955 -0.229485
0.505940 0.507751 974.600000 -1.152713 -0.404083
0.505960 0.507700 974.700000 -1.180719 -0.154644
0.505979 0.507650 974.800000 -1.178431 0.200279
0.505993 0.507628 974.900000 -1.129816 0.769588
0.505999 0.507593 975.000000 -1.062750 0.568383
0.505998 0.507567 975.100000 -0.998478 0.713851
0.505988 0.507587 975.200000 -0.903418 1.182590
0.505968 0.507589 975.300000 -0.792313 1.033963
0.505942 0.507574 975.400000 -0.698247 0.842656
0.505909 0.507571 975.500000 -0.606785 0.982006
0.505868 0.507656 975.600000 -0.475650 1.634129
0.505822 0.507691 975.700000 -0.328258 1.306345
0.505772 0.507737 975.800000 -0.193408 1.383918
0.505720 0.507763 975.900000 -0.062469 1.228305
0.505669 0.507835 976.000000 0.077065 1.555411
0.505621 0.507994 976.100000 0.256889 2.032069
0.505581 0.508321 976.200000 0.495033 2.718914
0.505557 0.508467 976.300000 0.730053 1.969724
0.505548 0.508566 976.400000 0.914848 1.716937
0.505554 0.508585 976.500000 1.059959 1.178033
0.505568 0.508541 976.600000 1.138221 0.383295
0.505588 0.508503 976.700000 1.184456 0.539087
0.505615 0.508469 976.800000 1.241341 0.595775
0.505653 0.508465 976.900000 1.319653 0.966544
0.505699 0.508420 977.000000 1.385964 0.356360
0.505747 0.508368 977.100000 1.397702 -0.122193
0.505796 0.508319 977.200000 1.402815 0.224206
0.505847 0.508267 977.300000 1.413826 -0.004533
0.505896 0.508216 977.400000 1.406088 -0.149842
0.505943 0.508166 977.500000 1.389638 -0.178342
0.505984 0.508140 977.600000 1.344711 -0.717952
0.506018 0.508093 977.700000 1.294034 -0.293043
0.506048 0.508045 977.800000 1.264698 -0.292222
0.506072 0.508015 977.900000 1.216827 -0.662793
0.506084 0.508043 978.000000 1.121050 -1.247960
0.506087 0.508010 978.100000 1.027988 -0.608632
0.506076 0.508151 978.200000 0.900158 -1.941583
0.506051 0.508241 978.300000 0.719240 -1.667723
0.506016 0.508282 978.400000 0.567927 -1.350969
0.505972 0.508480 978.500000 0.389534 -2.207978
0.505922 0.508666 978.600000 0.170641 -2.158929
0.505870 0.508831 978.700000 -0.040916 -2.061642
0.505821 0.508945 978.800000 -0.234669 -1.803725
0.505778 0.509052 978.900000 -0.413503 -1.764022
0.505742 0.509053 979.000000 -0.552909 -1.017117
0.505712 0.509042 979.100000 -0.648719 -0.894286
0.505690 0.509075 979.200000 -0.758336 -1.292575
0.505680 0.509143 979.300000 -0.899801 -1.529660
0.505682 0.509153 979.400000 -1.031788 -1.103476
0.505694 0.509115 979.500000 -1.113207 -0.520827
0.505707 0.509067 979.600000 -1.123795 0.309581
0.505714 0.509034 979.700000 -1.078528 0.593509
0.505716 0.508993 979.800000 -1.025540 0.463605
0.505714 0.508951 979.900000 -0.979840 0.448099
0.505704 0.508956 980.000000 -0.904435 1.056225
0.505686 0.508946 980.100000 -0.805801 0.911540
0.505659 0.508953 980.200000 -0.706301 1.073484
0.505625 0.508984 980.300000 -0.588768 1.271291
0.505585 0.508991 980.400000 -0.470970 1.078782
0.505540 0.508993 980.500000 -0.365205 1.031230
0.505492 0.508992 980.600000 -0.263598 0.995837
0.505442 0.509013 980.700000 -0.153918 1.192260
0.505391 0.509002 980.800000 -0.048942 0.902014
0.505339 0.509032 980.900000 0.059716 1.265711
0.505289 0.509025 981.000000 0.170443 0.943293
0.505242 0.509061 981.100000 0.283213 1.306470
0.505200 0.509159 981.200000 0.434709 1.715885
0.505165 0.509157 981.300000 0.570500 0.993138
0.505136 0.509129 981.400000 0.654734 0.687336
0.505110 0.509091 981.500000 0.715361 0.522168
0.505089 0.509053 981.600000 0.767306 0.514140
0.505072 0.509030 981.700000 0.830613 0.748838
0.505063 0.509007 981.800000 0.906456 0.764234
0.505061 0.508985 981.900000 0.982934 0.761489
0.505062 0.508933 982.000000 1.019724 -0.027520
0.505062 0.508887 982.100000 1.002243 -0.321223
0.505058 0.508842 982.200000 0.967904 -0.363843
0.505048 0.508831 982.300000 0.904568 -0.899716
0.505031 0.508811 982.400000 0.819822 -0.790966
0.505008 0.508792 982.500000 0.739781 -0.805844
0.504979 0.508755 982.600000 0.672379 -0.538839
0.504949 0.508704 982.700000 0.645804 0.008673
0.504918 0.508660 982.800000 0.626520 -0.393379
0.504884 0.508612 982.900000 0.592164 -0.292033
0.504850 0.508561 983.000000 0.574915 -0.052082
0.504815 0.508509 983.100000 0.574205 0.037913
0.504782 0.508480 983.200000 0.609317 0.662571
0.504754 0.508441 983.300000 0.667740 0.502980
0.504728 0.508398 983.400000 0.713214 0.404221
0.504706 0.508360 983.500000 0.759691 0.523002
0.504689 0.508327 983.600000 0.816201 0.604364
0.504677 0.508291 983.700000 0.874617 0.561031
0.504670 0.508260 983.800000 0.934787 0.639364
0.504669 0.508234 983.900000 1.002423 0.709977
0.504674 0.508183 984.000000 1.044352 0.126511
0.504675 0.508153 984.100000 1.018129 -0.649666
0.504668 0.508152 984.200000 0.935668 -0.995424
0.504651 0.508203 984.300000 0.814262 -1.426633
0.504622 0.508244 984.400000 0.675148 -1.348691
0.504586 0.508301 984.500000 0.534436 -1.458508
0.504541 0.508494 984.600000 0.351306 -2.194940
0.504491 0.508574 984.700000 0.160471 -1.612208
0.504440 0.508628 984.800000 0.007349 -1.442591
0.504389 0.508617 984.900000 -0.109632 -0.891175
0.504340 0.508596 985.000000 -0.193594 -0.783862
0.504292 0.508565 985.100000 -0.265016 -0.641015
0.504247 0.508547 985.200000 -0.337734 -0.809694
0.504205 0.508558 985.300000 -0.433785 -1.106539
0.504169 0.508572 985.400000 -0.546339 -1.138905
0.504138 0.508544 985.500000 -0.637380 -0.677367
0.504110 0.508492 985.600000 -0.671444 -0.002213
0.504082 0.508441 985.700000 -0.675955 -0.087782
0.504054 0.508389 985.800000 -0.678866 0.029707
0.504025 0.508355 985.900000 -0.648060 0.584870
0.503992 0.508306 986.000000 -0.607398 0.226341
0.503958 0.508260 986.100000 -0.579681 0.326615
0.503922 0.508214 986.200000 -0.546626 0.332826
0.503883 0.508214 986.300000 -0.479586 1.004642
0.503839 0.508194 986.400000 -0.389377 0.795016
0.503792 0.508264 986.500000 -0.271961 1.547442
0.503742 0.508386 986.600000 -0.101689 1.849479
0.503691 0.508551 986.700000 0.094578 2.066046
0.503645 0.508753 986.800000 0.310415 2.239906
0.503606 0.508779 986.900000 0.484557 1.234212
0.503574 0.508836 987.000000 0.619915 1.466187
0.503553 0.508901 987.100000 0.769294 1.513918
0.503546 0.508982 987.200000 0.926395 1.620253
0.503557 0.509127 987.300000 1.106392 1.970693
0.503591 0.509261 987.400000 1.301096 1.913648
0.503644 0.509231 987.500000 1.429961 0.657207
0.503707 0.509215 987.600000 1.504717 0.834182
0.503781 0.509175 987.700000 1.570588 0.479935
0.503861 0.509126 987.800000 1.604739 0.201380
0.503948 0.509102 987.900000 1.651861 0.738709
0.504041 0.509050 988.000000 1.690962 0.041354
0.504133 0.509002 988.100000 1.680638 -0.247311
0.504226 0.508956 988.200000 1.685091 0.336146
0.504323 0.508907 988.300000 1.711692 0.194535
0.504417 0.508873 988.400000 1.691266 -0.602031
0.504497 0.508877 988.500000 1.608854 -1.042092
0.504561 0.508870 988.600000 1.509502 -0.939979
0.504614 0.508836 988.700000 1.432635 -0.593517
0.504656 0.508825 988.800000 1.358556 -0.884358
0.504687 0.508808 988.900000 1.272694 -0.828593
0.504711 0.508761 989.000000 1.216292 -0.296619
0.504729 0.508728 989.100000 1.171112 -0.604724
0.504741 0.508690 989.200000 1.114583 -0.523034
0.504745 0.508678 989.300000 1.044308 -0.878955
0.504742 0.508637 989.400000 0.977406 -0.455732
0.504735 0.508598 989.500000 0.929239 -0.505200
0.504724 0.508551 989.600000 0.890419 -0.269256
0.504713 0.508505 989.700000 0.892968 0.320111
0.504703 0.508454 989.800000 0.900909 -0.161692
0.504691 0.508407 989.900000 0.879838 -0.258674
0.504681 0.508371 990.000000 0.894949 0.560129
0.504673 0.508320 990.100000 0.925757 0.054493
0.504666 0.508269 990.200000 0.929686 0.023884
0.504658 0.508218 990.300000 0.925272 -0.111939
0.504651 0.508170 990.400000 0.933293 0.271954
0.504646 0.508121 990.500000 0.955732 0.175701
0.504642 0.508069 990.600000 0.963550 -0.019720
0.504638 0.508019 990.700000 0.969711 0.142630
0.504638 0.507975 990.800000 0.996298 0.387779
0.504646 0.508027 990.900000 1.087298 1.427670
0.504663 0.507976 991.000000 1.160079 0.024306
0.504685 0.507955 991.100000 1.200580 0.783699
0.504716 0.507923 991.200000 1.270772 0.616633
0.504753 0.507884 991.300000 1.326289 0.490923
0.504797 0.507838 991.400000 1.366764 0.316568
0.504846 0.507803 991.500000 1.411410 0.574112
0.504900 0.507752 991.600000 1.441583 0.027838
0.504955 0.507702 991.700000 1.451057 0.161163
0.505007 0.507669 991.800000 1.429505 -0.591118
0.505048 0.507668 991.900000 1.349605 -1.002893
0.505076 0.507674 992.000000 1.246294 -1.058161
0.505087 0.507749 992.100000 1.113699 -1.587102
0.505083 0.507809 992.200000 0.959674 -1.485707
0.505065 0.507859 992.300000 0.814413 -1.412247
0.505037 0.507900 992.400000 0.675926 -1.350568
0.505003 0.507875 992.500000 0.572030 -0.722161
0.504965 0.507843 992.600000 0.504985 -0.615373
0.504923 0.507859 992.700000 0.416127 -1.157354
0.504876 0.507892 992.800000 0.293153 -1.295976
0.504827 0.507916 992.900000 0.166949 -1.221791
0.504776 0.507945 993.000000 0.042590 -1.259176
0.504725 0.507902 993.100000 -0.040318 -0.394841
0.504675 0.507861 993.200000 -0.082923 -0.455124
0.504625 0.507836 993.300000 -0.141762 -0.718707
0.504577 0.507804 993.400000 -0.208694 -0.616595
0.504529 0.507761 993.500000 -0.259841 -0.403782
0.504483 0.507724 993.600000 -0.306604 -0.529132
0.504438 0.507673 993.700000 -0.335616 -0.049659
0.504393 0.507622 993.800000 -0.333288 0.096087
0.504347 0.507573 993.900000 -0.318008 0.208752
0.504300 0.507546 994.000000 -0.273071 0.687740
0.504251 0.507549 994.100000 -0.186638 1.036606
0.504201 0.507544 994.200000 -0.087060 0.949965
0.504150 0.507498 994.300000 -0.022473 0.338548
0.504100 0.507452 994.400000 0.009268 0.294685
0.504049 0.507405 994.500000 0.038415 0.286799
0.503998 0.507354 994.600000 0.051479 -0.026166
0.503948 0.507310 994.700000 0.068661 0.368940
0.503898 0.507262 994.800000 0.100981 0.275837
0.503848 0.507218 994.900000 0.133224 0.367427
0.503798 0.507171 995.000000 0.137316 -0.285800
0.503749 0.507121 995.100000 0.127963 0.099202
0.503699 0.507071 995.200000 0.125826 -0.141825
0.503649 0.507021 995.300000 0.112733 -0.119390
0.503599 0.506986 995.400000 0.078607 -0.561420
0.503548 0.506973 995.500000 0.006588 -0.875354
0.503498 0.507018 995.600000 -0.106480 -1.380357
0.503451 0.507130 995.700000 -0.265988 -1.801818
0.503411 0.507250 995.800000 -0.448889 -1.847060
0.503380 0.507380 995.900000 -0.636563 -1.897042
0.503363 0.507446 996.000000 -0.808250 -1.528110
0.503363 0.507687 996.100000 -1.005667 -2.410373
0.503384 0.507734 996.200000 -1.196586 -1.398453
0.503426 0.507856 996.300000 -1.359790 -1.857472
0.503492 0.507893 996.400000 -1.519150 -1.321747
0.503579 0.507953 996.500000 -1.660013 -1.488476
0.503697 0.508085 996.600000 -1.830161 -1.905975
0.503850 0.508190 996.700000 -2.014215 -1.765912
0.504040 0.508295 996.800000 -2.191025 -1.761430
0.504269 0.508375 996.900000 -2.360405 -1.617716
0.504538 0.508458 997.000000 -2.523367 -1.633361
0.504849 0.508533 997.100000 -2.684927 -1.589766
0.505193 0.508520 997.200000 -2.808124 -0.868019
0.505556 0.508477 997.300000 -2.871564 -0.397600
0.505926 0.508427 997.400000 -2.897854 -0.126885
0.506272 0.508550 997.500000 -2.810794 1.863717
0.506554 0.508876 997.600000 -2.579930 2.742029
0.506772 0.509147 997.700000 -2.315422 2.534902
0.506934 0.509418 997.800000 -2.061282 2.535186
0.507051 0.509590 997.900000 -1.828531 2.108209
0.507133 0.509717 998.000000 -1.628269 1.887011
0.507179 0.510095 998.100000 -1.386915 2.927992
0.507189 0.510397 998.200000 -1.107176 2.652805
0.507173 0.510759 998.300000 -0.830103 2.874804
0.507137 0.511095 998.400000 -0.546755 2.777984
0.507090 0.511514 998.500000 -0.253919 3.064099
0.507039 0.511946 998.600000 0.055417 3.107156
0.506994 0.512260 998.700000 0.346676 2.703452
0.506962 0.512568 998.800000 0.616437 2.678282
0.506950 0.512797 998.900000 0.869284 2.366015
0.506959 0.512984 999.000000 1.097267 2.182252
0.506992 0.513095 999.100000 1.296829 1.799016
0.507057 0.513369 999.200000 1.514895 2.551395
0.507161 0.513597 999.300000 1.761161 2.361621
0.507308 0.513778 999.400000 1.987628 2.156397
0.507490 0.513808 999.500000 2.159590 1.274228
0.507694 0.513774 999.600000 2.253143 0.592164
0.507909 0.513733 999.700000 2.305443 0.451217
0.508136 0.513697 999.800000 2.356538 0.568125
0.508363 0.513661 999.900000 2.357173 -0.555444
