4.531753 7.327683 0.000000 3.010566 3.828233
5.144648 6.593492 0.100000 3.393389 3.423244
5.755691 6.120715 0.200000 3.735713 3.217192
6.374613 5.634123 0.300000 4.057432 2.889411
6.988787 5.175371 0.400000 4.346374 2.584711
7.591039 4.819928 0.500000 4.604845 2.466864
8.187844 4.412261 0.600000 4.851531 1.983058
8.758167 4.040847 0.700000 5.049837 1.697615
9.298604 3.657198 0.800000 5.219598 1.084440
9.788146 3.309126 0.900000 5.328042 0.594111
10.217617 3.009283 1.000000 5.387453 0.147312
10.582132 2.768842 1.100000 5.402185 -0.497972
10.869970 2.592243 1.200000 5.352387 -0.972682
11.079839 2.494661 1.300000 5.255119 -1.565949
11.207682 2.496747 1.400000 5.098524 -2.247641
11.249500 2.612881 1.500000 4.873760 -2.951236
11.204350 2.826245 1.600000 4.578637 -3.532723
11.077822 3.076344 1.700000 4.225364 -3.828322
10.883333 3.364969 1.800000 3.842532 -4.137687
10.633077 3.642837 1.900000 3.428763 -4.224293
10.341931 4.018158 2.000000 3.006334 -4.800955
10.016886 4.375920 2.100000 2.526239 -4.876249
9.671716 4.772504 2.200000 2.038614 -5.195645
9.316801 5.211695 2.300000 1.519049 -5.534093
8.962778 5.665802 2.400000 0.965640 -5.755757
8.620982 6.092192 2.500000 0.390064 -5.788251
8.302346 6.481152 2.600000 -0.188761 -5.760923
8.016280 6.885585 2.700000 -0.764853 -5.967460
7.771822 7.280490 2.800000 -1.361599 -6.056040
7.577259 7.602250 2.900000 -1.967203 -5.819504
7.437641 7.860113 3.000000 -2.549154 -5.584979
7.356113 8.066850 3.100000 -3.107652 -5.380649
7.334583 8.248891 3.200000 -3.645716 -5.305507
7.375348 8.341314 3.300000 -4.176267 -4.773108
7.473992 8.396265 3.400000 -4.653578 -4.530910
7.628577 8.407611 3.500000 -5.106669 -4.196362
7.835103 8.362810 3.600000 -5.526305 -3.674229
8.085969 8.295049 3.700000 -5.893728 -3.402317
8.376870 8.210950 3.800000 -6.233960 -3.167080
8.703839 8.089097 3.900000 -6.550668 -2.583339
9.056947 7.945889 4.000000 -6.809002 -2.105974
9.427910 7.778687 4.100000 -7.019599 -1.358984
9.804018 7.603709 4.200000 -7.155498 -0.713627
10.174694 7.431769 4.300000 -7.226860 -0.277032
10.533353 7.267406 4.400000 -7.254563 0.266169
10.872228 7.122148 4.500000 -7.227947 1.082177
11.180165 7.005241 4.600000 -7.119729 1.804165
11.448850 6.937496 4.700000 -6.939312 2.739888
11.668532 6.916046 4.800000 -6.665324 3.431153
11.834864 6.943840 4.900000 -6.322208 4.075730
11.945778 7.014984 5.000000 -5.914635 4.598295
12.002156 7.160911 5.100000 -5.454806 5.404298
12.003541 7.351910 5.200000 -4.914376 5.879425
11.954568 7.587681 5.300000 -4.326433 6.337752
11.861173 7.827319 5.400000 -3.692658 6.444811
11.732325 8.048878 5.500000 -3.048177 6.361539
11.577529 8.316371 5.600000 -2.412023 6.825837
11.403701 8.569254 5.700000 -1.729440 6.779910
11.219787 8.787941 5.800000 -1.051449 6.553135
11.034098 9.000932 5.900000 -0.396135 6.567706
10.853768 9.196681 6.000000 0.260635 6.471721
10.685353 9.348406 6.100000 0.907808 6.099782
10.534027 9.479300 6.200000 1.517786 5.932073
10.404248 9.587095 6.300000 2.110993 5.723315
10.299569 9.670704 6.400000 2.683325 5.481176
10.222623 9.707688 6.500000 3.231442 4.921724
10.173519 9.720716 6.600000 3.723614 4.600115
10.152605 9.718871 6.700000 4.183626 4.380696
10.160249 9.693647 6.800000 4.621696 3.994612
10.195188 9.640760 6.900000 5.021157 3.461655
10.254468 9.560701 7.000000 5.367322 2.813029
10.333621 9.458853 7.100000 5.648625 2.110766
10.427243 9.350556 7.200000 5.859702 1.762490
10.532502 9.237200 7.300000 6.035951 1.387245
10.646246 9.118139 7.400000 6.174675 0.784311
10.763409 8.998209 7.500000 6.253106 -0.083103
10.876855 8.883877 7.600000 6.244796 -0.624036
10.982421 8.778427 7.700000 6.182392 -1.147796
11.076415 8.685642 7.800000 6.067613 -1.702011
11.155331 8.610534 7.900000 5.897412 -2.313884
11.215783 8.551040 8.000000 5.666023 -2.753730
11.256195 8.518670 8.100000 5.390650 -3.434157
11.274039 8.505498 8.200000 5.047235 -3.853671
11.269188 8.506487 8.300000 4.661868 -4.144531
11.242730 8.524333 8.400000 4.247415 -4.477369
11.195940 8.551687 8.500000 3.799678 -4.664060
11.131105 8.606559 8.600000 3.333272 -5.162466
11.049704 8.686247 8.700000 2.817025 -5.589127
10.954197 8.782002 8.800000 2.258112 -5.866584
10.848004 8.874913 8.900000 1.671454 -5.855596
10.735274 8.979108 9.000000 1.085894 -6.059148
10.619839 9.087660 9.100000 0.479980 -6.158888
10.505746 9.192491 9.200000 -0.135909 -6.137903
10.396973 9.289348 9.300000 -0.749700 -6.049299
10.297189 9.388523 9.400000 -1.354629 -6.117356
10.210065 9.474142 9.500000 -1.966365 -5.934292
10.138583 9.545168 9.600000 -2.559794 -5.720787
10.085172 9.617372 9.700000 -3.131873 -5.765607
10.052758 9.659093 9.800000 -3.708434 -5.243624
10.041813 9.686424 9.900000 -4.232796 -4.978377
10.053176 9.696847 10.000000 -4.730634 -4.634483
10.086863 9.696530 10.100000 -5.194082 -4.396478
10.143005 9.668706 10.200000 -5.633730 -3.696119
10.218746 9.614422 10.300000 -6.003342 -2.836614
10.309645 9.544401 10.400000 -6.287003 -2.127056
10.411659 9.464737 10.500000 -6.499709 -1.483227
10.520879 9.379801 10.600000 -6.648031 -0.867849
10.633453 9.292986 10.700000 -6.734816 -0.087011
10.744499 9.210445 10.800000 -6.743517 0.769475
10.848836 9.136908 10.900000 -6.666570 1.497603
10.942400 9.077256 11.000000 -6.516810 2.242999
11.021466 9.033168 11.100000 -6.292510 2.877295
11.083477 9.005669 11.200000 -6.004780 3.442607
11.126786 8.996525 11.300000 -5.660519 3.990810
11.150391 9.012959 11.400000 -5.261438 4.666139
11.153364 9.051661 11.500000 -4.794824 5.196601
11.136143 9.103814 11.600000 -4.275164 5.505203
11.100552 9.167873 11.700000 -3.724644 5.772822
11.048892 9.259963 11.800000 -3.147362 6.344538
10.983129 9.351322 11.900000 -2.512908 6.359725
10.906917 9.447503 12.000000 -1.876936 6.479072
10.823706 9.550478 12.100000 -1.229028 6.634826
10.737009 9.659141 12.200000 -0.565546 6.769942
10.650470 9.762636 12.300000 0.111448 6.707091
10.567714 9.857214 12.400000 0.782158 6.570376
10.492062 9.940148 12.500000 1.439195 6.372883
10.426423 10.011063 12.600000 2.076483 6.155713
10.373276 10.068284 12.700000 2.692055 5.888186
10.334584 10.116718 12.800000 3.280873 5.712494
10.312160 10.146952 12.900000 3.852123 5.300404
10.306737 10.162737 13.000000 4.382163 4.942626
10.318729 10.172335 13.100000 4.876426 4.781134
10.348931 10.166585 13.200000 5.354539 4.337633
10.396717 10.138770 13.300000 5.788302 3.588703
10.459658 10.097186 13.400000 6.147173 3.008296
10.535605 10.043041 13.500000 6.448002 2.338188
10.621647 9.978526 13.600000 6.681821 1.552021
10.714044 9.909367 13.700000 6.837023 0.932320
10.809729 9.838153 13.800000 6.930255 0.146224
10.904771 9.769243 13.900000 6.944878 -0.617592
10.995437 9.705398 14.000000 6.883118 -1.238587
11.078876 9.646297 14.100000 6.759260 -1.620590
11.153580 9.597040 14.200000 6.597201 -2.281456
11.216975 9.552605 14.300000 6.369055 -2.529169
11.268606 9.518381 14.400000 6.116138 -3.029897
11.307153 9.491566 14.500000 5.813149 -3.347667
11.332317 9.477854 14.600000 5.478382 -3.866749
11.343333 9.472538 14.700000 5.091707 -4.169189
11.340538 9.478281 14.800000 4.674788 -4.544938
11.324304 9.498906 14.900000 4.220294 -5.014381
11.295103 9.530728 15.000000 3.718856 -5.348651
11.254141 9.567174 15.100000 3.183991 -5.490086
11.203275 9.618524 15.200000 2.634982 -5.903172
11.144100 9.669337 15.300000 2.044665 -5.906578
11.079022 9.727821 15.400000 1.454007 -6.121158
11.010274 9.787422 15.500000 0.841892 -6.168566
10.940307 9.845880 15.600000 0.225035 -6.158775
10.871548 9.904687 15.700000 -0.390842 -6.186660
10.806378 9.946180 15.800000 -1.009509 -5.744929
10.746679 9.983877 15.900000 -1.584001 -5.652904
10.694275 10.008893 16.000000 -2.149292 -5.293676
10.650407 10.020461 16.100000 -2.678659 -4.875036
10.615817 10.025025 16.200000 -3.166163 -4.639910
10.591264 10.019575 16.300000 -3.630154 -4.273460
10.576963 10.006202 16.400000 -4.057500 -3.952977
10.572967 9.982528 16.500000 -4.452798 -3.486038
10.578679 9.946378 16.600000 -4.801402 -2.809074
10.592585 9.900403 16.700000 -5.082309 -2.108355
10.612798 9.849881 16.800000 -5.293145 -1.650622
10.637994 9.794561 16.900000 -5.458207 -0.943885
10.665933 9.738210 17.000000 -5.552595 -0.562970
10.695375 9.681613 17.100000 -5.608892 0.084881
10.724201 9.627108 17.200000 -5.600404 0.710321
10.750423 9.576547 17.300000 -5.529372 1.287960
10.772325 9.532600 17.400000 -5.400576 1.942051
10.788125 9.495264 17.500000 -5.206371 2.433707
10.796755 9.468358 17.600000 -4.963000 3.076663
10.796976 9.453677 17.700000 -4.655334 3.702744
10.787947 9.454160 17.800000 -4.285059 4.368114
10.769150 9.461777 17.900000 -3.848248 4.653001
10.741266 9.478804 18.000000 -3.382948 5.008703
10.705068 9.503154 18.100000 -2.882078 5.274589
10.661719 9.533216 18.200000 -2.354619 5.478031
10.612646 9.570484 18.300000 -1.806816 5.725479
10.559397 9.616668 18.400000 -1.234268 6.019067
10.503701 9.660335 18.500000 -0.632361 5.956289
10.447536 9.702219 18.600000 -0.036732 5.914821
10.392782 9.743730 18.700000 0.554750 5.917144
10.341271 9.783717 18.800000 1.146464 5.882417
10.294762 9.812360 18.900000 1.734706 5.518308
10.254549 9.832480 19.000000 2.286537 5.225944
10.221690 9.842185 19.100000 2.809131 4.836483
10.196817 9.841586 19.200000 3.292780 4.410581
10.180188 9.834962 19.300000 3.733838 4.136781
10.172090 9.821776 19.400000 4.147516 3.811521
10.172510 9.800837 19.500000 4.528668 3.381585
10.180989 9.772053 19.600000 4.866826 2.874200
10.196657 9.736783 19.700000 5.154246 2.361577
10.218423 9.694724 19.800000 5.390404 1.653526
10.244497 9.649301 19.900000 5.555757 1.104709
10.273396 9.601818 20.000000 5.666227 0.458385
10.303299 9.554332 20.100000 5.712066 0.140095
10.333302 9.507965 20.200000 5.726075 -0.532368
10.361524 9.463905 20.300000 5.672839 -1.019629
10.386674 9.422485 20.400000 5.570876 -1.394857
10.407855 9.386462 20.500000 5.431390 -2.000871
10.423679 9.355775 20.600000 5.231303 -2.463387
10.433300 9.331082 20.700000 4.984964 -2.905069
10.436102 9.312202 20.800000 4.694457 -3.281833
10.431798 9.296935 20.900000 4.366274 -3.494557
10.420592 9.288816 21.000000 4.016818 -3.894603
10.402471 9.284446 21.100000 3.627358 -4.089560
10.377948 9.281887 21.200000 3.218402 -4.180792
10.347775 9.278938 21.300000 2.800323 -4.159481
10.312867 9.282712 21.400000 2.384375 -4.492326
10.273791 9.289226 21.500000 1.935142 -4.623800
10.231444 9.293378 21.600000 1.472762 -4.514459
10.186903 9.296617 21.700000 1.021316 -4.472001
10.141140 9.300952 21.800000 0.574116 -4.526815
10.095077 9.303182 21.900000 0.121434 -4.425288
10.049632 9.306044 22.000000 -0.321094 -4.457747
10.005687 9.304182 22.100000 -0.766869 -4.217256
9.963987 9.297771 22.200000 -1.188595 -3.968485
9.925115 9.289111 22.300000 -1.585443 -3.836159
9.889620 9.280862 22.400000 -1.969059 -3.855627
9.858126 9.268677 22.500000 -2.354622 -3.613035
9.830946 9.252440 22.600000 -2.715925 -3.341549
9.808229 9.228258 22.700000 -3.050080 -2.734542
9.789516 9.200861 22.800000 -3.323535 -2.430788
9.774606 9.171121 22.900000 -3.566613 -2.172853
9.763283 9.138232 23.000000 -3.783899 -1.774153
9.755019 9.102497 23.100000 -3.961314 -1.302063
9.749076 9.065127 23.200000 -4.091520 -0.889278
9.744755 9.026967 23.300000 -4.180448 -0.520632
9.741403 8.988634 23.400000 -4.232511 -0.194207
9.738429 8.950626 23.500000 -4.251932 0.192858
9.735135 8.913566 23.600000 -4.232646 0.578888
9.730846 8.879335 23.700000 -4.174757 1.238223
9.724461 8.848333 23.800000 -4.050935 1.714540
9.715298 8.819524 23.900000 -3.879481 1.966824
9.703124 8.795176 24.000000 -3.682798 2.429705
9.687476 8.776994 24.100000 -3.439828 2.964762
9.667940 8.762464 24.200000 -3.143352 3.239230
9.644607 8.752525 24.300000 -2.819429 3.560174
9.617626 8.745869 24.400000 -2.463411 3.774044
9.587374 8.741864 24.500000 -2.086007 3.939710
9.554354 8.739021 24.600000 -1.692036 4.009899
9.519189 8.738709 24.700000 -1.291046 4.162133
9.482496 8.742398 24.800000 -0.874833 4.394851
9.444945 8.747800 24.900000 -0.435348 4.492825
9.407316 8.754261 25.000000 0.013935 4.554051
9.370423 8.757105 25.100000 0.469340 4.352218
9.335003 8.755971 25.200000 0.904562 4.115862
9.301661 8.750366 25.300000 1.316148 3.829402
9.270844 8.742103 25.400000 1.699088 3.645115
9.242947 8.728761 25.500000 2.063600 3.263864
9.218095 8.712873 25.600000 2.389986 3.048195
9.196440 8.695222 25.700000 2.694806 2.884001
9.178113 8.675176 25.800000 2.983206 2.647047
9.163099 8.655439 25.900000 3.247911 2.662132
9.151648 8.632781 26.000000 3.514124 2.341671
9.143531 8.606949 26.100000 3.748291 1.931195
9.138298 8.580179 26.200000 3.941410 1.770008
9.135807 8.551511 26.300000 4.118411 1.422538
9.135584 8.521756 26.400000 4.260665 1.154588
9.137237 8.490873 26.500000 4.376124 0.783363
9.140172 8.459373 26.600000 4.454460 0.400912
9.143756 8.427809 26.700000 4.494551 -0.022837
9.147274 8.396850 26.800000 4.492268 -0.446942
9.150027 8.367221 26.900000 4.447573 -0.891163
9.151311 8.339333 27.000000 4.358457 -1.272354
9.150577 8.312843 27.100000 4.231222 -1.506065
9.147555 8.290418 27.200000 4.080615 -2.093259
9.141519 8.271011 27.300000 3.871289 -2.438330
9.132201 8.255653 27.400000 3.627456 -2.845214
9.119358 8.243525 27.500000 3.342935 -3.133158
9.103004 8.236583 27.600000 3.029619 -3.555437
9.083121 8.233722 27.700000 2.674075 -3.857820
9.059949 8.235123 27.800000 2.288293 -4.153185
9.033856 8.241105 27.900000 1.872975 -4.452010
9.005334 8.247213 28.000000 1.427774 -4.462583
8.975109 8.254057 28.100000 0.981516 -4.511592
8.943891 8.260343 28.200000 0.530356 -4.479534
8.912411 8.270554 28.300000 0.082403 -4.724422
8.881406 8.274560 28.400000 -0.390039 -4.338745
8.851539 8.277201 28.500000 -0.823914 -4.249657
8.823415 8.279289 28.600000 -1.248879 -4.213457
8.797621 8.277278 28.700000 -1.670225 -3.924317
8.774540 8.274749 28.800000 -2.062657 -3.884958
8.754642 8.268726 28.900000 -2.451152 -3.613313
8.738149 8.258361 29.000000 -2.812484 -3.241151
8.725070 8.243465 29.100000 -3.136599 -2.795949
8.715207 8.224020 29.200000 -3.416194 -2.256569
8.708119 8.202883 29.300000 -3.641851 -2.004833
8.703623 8.178791 29.400000 -3.842334 -1.480449
8.701116 8.152795 29.500000 -3.990379 -0.983681
8.699964 8.125884 29.600000 -4.088747 -0.566024
8.699602 8.098686 29.700000 -4.145349 -0.205131
8.699527 8.071746 29.800000 -4.165863 0.295405
8.699044 8.045766 29.900000 -4.136322 0.745181
8.697549 8.020568 30.000000 -4.061804 0.960549
8.694787 7.996993 30.100000 -3.965749 1.342357
8.690317 7.976014 30.200000 -3.831513 1.811249
8.683647 7.958480 30.300000 -3.650389 2.300228
8.674355 7.943912 30.400000 -3.420366 2.651575
8.662274 7.931232 30.500000 -3.155208 2.850898
8.647474 7.921326 30.600000 -2.870118 3.127340
8.630015 7.913289 30.700000 -2.557384 3.300241
8.610114 7.908049 30.800000 -2.227360 3.547980
8.587995 7.905373 30.900000 -1.872562 3.762629
8.563981 7.903511 31.000000 -1.496299 3.827873
8.538519 7.904640 31.100000 -1.113512 4.063435
8.512038 7.908847 31.200000 -0.707169 4.294485
8.485053 7.913623 31.300000 -0.277720 4.337820
8.458155 7.918949 31.400000 0.156062 4.379856
8.431947 7.922818 31.500000 0.594047 4.275814
8.406994 7.926097 31.600000 1.021629 4.233767
8.383840 7.927690 31.700000 1.445006 4.106767
8.362956 7.924366 31.800000 1.855682 3.706020
8.344566 7.916501 31.900000 2.226284 3.288599
8.328740 7.905748 32.000000 2.555144 2.988317
8.315522 7.891174 32.100000 2.853976 2.534901
8.304725 7.875475 32.200000 3.107466 2.375014
8.296360 7.857806 32.300000 3.344967 2.073909
8.290247 7.838664 32.400000 3.552358 1.809361
8.286193 7.817350 32.500000 3.733294 1.334337
8.283715 7.794770 32.600000 3.866728 0.931391
8.282363 7.771556 32.700000 3.959867 0.600846
8.281748 7.748183 32.800000 4.019952 0.404710
8.281632 7.724712 32.900000 4.060423 -0.074689
8.281425 7.701548 33.000000 4.052954 -0.338978
8.280808 7.678810 33.100000 4.019056 -0.552172
8.279532 7.657309 33.200000 3.963839 -1.018831
8.277070 7.637832 33.300000 3.861956 -1.517806
8.272908 7.620469 33.400000 3.710175 -1.908569
8.266717 7.604526 33.500000 3.519318 -2.127760
8.258408 7.589827 33.600000 3.306542 -2.302575
8.247974 7.576114 33.700000 3.076285 -2.430943
8.235483 7.564741 33.800000 2.833191 -2.727864
8.220902 7.556632 33.900000 2.560404 -3.100851
8.204219 7.551284 34.000000 2.250319 -3.386215
8.185573 7.548217 34.100000 1.911698 -3.606159
8.165215 7.547200 34.200000 1.551082 -3.794599
8.143475 7.551364 34.300000 1.171622 -4.237810
8.120681 7.553854 34.400000 0.747841 -4.101302
8.097375 7.557106 34.500000 0.337711 -4.166349
8.074049 7.555438 34.600000 -0.078924 -3.735827
8.051142 7.553288 34.700000 -0.452507 -3.689781
8.029040 7.548315 34.800000 -0.821485 -3.411038
8.008030 7.543842 34.900000 -1.162589 -3.459215
7.988457 7.536704 35.000000 -1.508510 -3.174393
7.970498 7.527392 35.100000 -1.825950 -2.918517
7.954272 7.514197 35.200000 -2.117801 -2.395548
7.939651 7.500025 35.300000 -2.357356 -2.234948
7.926667 7.486597 35.400000 -2.580851 -2.337930
7.915528 7.472746 35.500000 -2.814644 -2.260814
7.906306 7.456441 35.600000 -3.040725 -1.817562
7.898724 7.438599 35.700000 -3.222482 -1.462336
7.892528 7.420045 35.800000 -3.368715 -1.247102
7.887554 7.400681 35.900000 -3.493425 -0.947609
7.883537 7.380443 36.000000 -3.588186 -0.435443
7.879977 7.360070 36.100000 -3.631731 -0.103277
7.876540 7.340127 36.200000 -3.642058 0.491286
7.872633 7.320716 36.300000 -3.592930 0.741302
7.868026 7.302178 36.400000 -3.518799 1.052850
7.862447 7.284194 36.500000 -3.413514 1.200126
7.855801 7.269249 36.600000 -3.293502 1.896919
7.847543 7.256103 36.700000 -3.103810 2.205308
7.837541 7.245196 36.800000 -2.883279 2.542223
7.825699 7.235299 36.900000 -2.629057 2.677019
7.812120 7.226247 37.000000 -2.361355 2.784637
7.796951 7.220567 37.100000 -2.082891 3.197842
7.780215 7.217264 37.200000 -1.763107 3.460857
7.762096 7.215069 37.300000 -1.417021 3.576624
7.742894 7.214505 37.400000 -1.059359 3.742605
7.722925 7.214386 37.500000 -0.685098 3.786832
7.702564 7.214063 37.600000 -0.306415 3.766251
7.682194 7.212899 37.700000 0.070210 3.680821
7.662178 7.213614 37.800000 0.438292 3.868815
7.642910 7.212903 37.900000 0.825174 3.726456
7.624733 7.211491 38.000000 1.197819 3.653840
7.607971 7.208379 38.100000 1.563203 3.470634
7.592871 7.204771 38.200000 1.910267 3.413648
7.579699 7.199477 38.300000 2.251631 3.216173
7.568611 7.190479 38.400000 2.573249 2.733223
7.559499 7.178925 38.500000 2.846571 2.336972
7.552224 7.166393 38.600000 3.080268 2.158162
7.546760 7.153032 38.700000 3.296084 1.991222
7.543062 7.138539 38.800000 3.495207 1.740815
7.540982 7.122989 38.900000 3.669288 1.465522
7.540315 7.106417 39.000000 3.815840 1.134461
7.540773 7.088771 39.100000 3.929286 0.614809
7.541847 7.070746 39.200000 3.990767 0.098520
7.543016 7.052811 39.300000 4.000619 -0.095498
7.544083 7.035073 39.400000 3.991070 -0.304472
7.544838 7.018615 39.500000 3.960622 -1.017505
7.544588 7.003605 39.600000 3.858872 -1.455666
7.542954 6.989632 39.700000 3.713305 -1.698508
7.539784 6.976991 39.800000 3.543454 -1.972795
7.534931 6.966771 39.900000 3.346175 -2.403698
7.528168 6.958982 40.000000 3.105805 -2.772591
7.519392 6.955740 40.100000 2.828546 -3.363216
7.508440 6.954406 40.200000 2.492224 -3.582716
7.495490 6.952368 40.300000 2.133953 -3.501780
7.480911 6.951601 40.400000 1.783775 -3.644660
7.464966 6.955196 40.500000 1.419309 -4.101466
7.447876 6.958109 40.600000 1.009162 -4.035052
7.430071 6.960582 40.700000 0.605657 -3.991808
7.411956 6.962759 40.800000 0.206476 -3.962541
7.393922 6.963155 40.900000 -0.189778 -3.774964
7.376324 6.963038 41.000000 -0.567274 -3.718850
7.359490 6.962849 41.100000 -0.939159 -3.710845
7.343749 6.960402 41.200000 -1.310244 -3.450294
7.329320 6.955718 41.300000 -1.655273 -3.169019
7.316345 6.949165 41.400000 -1.972175 -2.910750
7.304914 6.940766 41.500000 -2.263250 -2.628718
7.295048 6.931381 41.600000 -2.526122 -2.460553
7.286788 6.920138 41.700000 -2.772177 -2.112833
7.280019 6.906885 41.800000 -2.983460 -1.653317
7.274489 6.892331 41.900000 -3.148792 -1.260433
7.269947 6.877135 42.000000 -3.274835 -0.994845
7.266210 6.861360 42.100000 -3.374320 -0.663501
7.263026 6.845212 42.200000 -3.440670 -0.247340
7.260057 6.829085 42.300000 -3.465404 0.124081
7.257002 6.813228 42.400000 -3.452996 0.423506
7.253620 6.798248 42.500000 -3.410645 0.929258
7.249522 6.784312 42.600000 -3.317720 1.301977
7.244453 6.770966 42.700000 -3.187522 1.464476
7.238345 6.758141 42.800000 -3.041074 1.592984
7.231168 6.745729 42.900000 -2.881776 1.685775
7.222930 6.733966 43.000000 -2.713199 1.830945
7.213620 6.723296 43.100000 -2.530104 2.061205
7.203197 6.713522 43.200000 -2.323984 2.232122
7.191684 6.704015 43.300000 -2.100771 2.274840
7.179185 6.695147 43.400000 -1.873287 2.386102
7.165783 6.687226 43.500000 -1.634677 2.546137
7.151565 6.678953 43.600000 -1.380063 2.478681
7.136700 6.671718 43.700000 -1.132195 2.649521
7.121300 6.664874 43.800000 -0.867243 2.708192
7.105520 6.657593 43.900000 -0.596424 2.631166
7.089533 6.650466 44.000000 -0.333307 2.651244
7.073499 6.643714 44.100000 -0.068183 2.707714
7.057578 6.637651 44.200000 0.202588 2.813422
7.041946 6.630472 44.300000 0.483931 2.626847
7.026748 6.622484 44.400000 0.746615 2.480362
7.012102 6.613195 44.500000 0.994652 2.226790
6.998073 6.604306 44.600000 1.217331 2.297884
6.984789 6.595406 44.700000 1.447119 2.287722
6.972360 6.584896 44.800000 1.675891 1.937198
6.960750 6.572683 44.900000 1.869611 1.476060
6.949827 6.560253 45.000000 2.017217 1.390313
6.939595 6.547450 45.100000 2.156248 1.243802
6.930017 6.533705 45.200000 2.280629 0.801162
6.920890 6.519724 45.300000 2.360745 0.610441
6.912124 6.505639 45.400000 2.421789 0.470832
6.903650 6.491404 45.500000 2.468872 0.172236
6.895305 6.477202 45.600000 2.486096 -0.038074
6.886977 6.463100 45.700000 2.482288 -0.192874
6.878581 6.449089 45.800000 2.463001 -0.253064
6.870087 6.435073 45.900000 2.437695 -0.058422
6.861598 6.421264 46.000000 2.431852 -0.371721
6.852952 6.407874 46.100000 2.394680 -0.686047
6.843994 6.394701 46.200000 2.326076 -0.785914
6.834687 6.381764 46.300000 2.247484 -0.885188
6.825001 6.369687 46.400000 2.158965 -1.237664
6.814799 6.358471 46.500000 2.035199 -1.511997
6.804007 6.347682 46.600000 1.883999 -1.624880
6.792635 6.337787 46.700000 1.721511 -1.852952
6.780667 6.329756 46.800000 1.536216 -2.267788
6.768065 6.322269 46.900000 1.309437 -2.371048
6.754916 6.315291 47.000000 1.072332 -2.463839
6.741327 6.309627 47.100000 0.825949 -2.698934
6.727402 6.304511 47.200000 0.556055 -2.789150
6.713290 6.298072 47.300000 0.277140 -2.550411
6.699157 6.291231 47.400000 0.022099 -2.469331
6.685136 6.283846 47.500000 -0.224834 -2.356320
6.671344 6.277319 47.600000 -0.460466 -2.518020
6.657917 6.269706 47.700000 -0.712268 -2.297079
6.644944 6.260881 47.800000 -0.941976 -2.021137
6.632464 6.252564 47.900000 -1.144090 -2.130240
6.620590 6.245142 48.000000 -1.357114 -2.316160
6.609472 6.237069 48.100000 -1.588730 -2.169887
6.599163 6.229043 48.200000 -1.805718 -2.172789
6.589757 6.220937 48.300000 -2.022997 -2.147482
6.581332 6.211768 48.400000 -2.237745 -1.883478
6.573845 6.201789 48.500000 -2.426093 -1.650514
6.567240 6.190847 48.600000 -2.591145 -1.321151
6.561381 6.179079 48.700000 -2.723260 -0.947046
6.556083 6.166573 48.800000 -2.817964 -0.355972
6.551012 6.154082 48.900000 -2.853561 -0.304155
6.546140 6.141602 49.000000 -2.883977 -0.228876
6.541422 6.129126 49.100000 -2.906864 0.081650
6.536675 6.116935 49.200000 -2.898700 0.487881
6.531663 6.105437 49.300000 -2.849911 0.935049
6.526143 6.094398 49.400000 -2.756406 1.132253
6.520028 6.083920 49.500000 -2.643181 1.339589
6.513243 6.074246 49.600000 -2.509222 1.597422
6.505707 6.066124 49.700000 -2.349480 2.014652
6.497292 6.058710 49.800000 -2.148015 2.175734
6.488024 6.051960 49.900000 -1.930441 2.316735
6.477954 6.045987 50.000000 -1.698768 2.473597
6.467148 6.039581 50.100000 -1.451408 2.379138
6.455755 6.034327 50.200000 -1.213494 2.606456
6.443846 6.029358 50.300000 -0.952849 2.657097
6.431554 6.024991 50.400000 -0.687139 2.765437
6.419010 6.021984 50.500000 -0.410595 3.001182
6.406361 6.019210 50.600000 -0.110477 3.038295
6.393787 6.015819 50.700000 0.193352 2.931453
6.381458 6.012245 50.800000 0.486498 2.897002
6.369536 6.008775 50.900000 0.776198 2.913016
6.358186 6.004765 51.000000 1.067499 2.814118
6.347545 6.000396 51.100000 1.348911 2.745086
6.337740 5.995420 51.200000 1.623420 2.625884
6.328870 5.988744 51.300000 1.886008 2.264620
6.320913 5.980786 51.400000 2.112470 1.944340
6.313820 5.972156 51.500000 2.306904 1.747877
6.307564 5.963406 51.600000 2.481692 1.702059
6.302176 5.953977 51.700000 2.651898 1.469316
6.297579 5.943764 51.800000 2.798829 1.143015
6.293629 5.932877 51.900000 2.913131 0.751413
6.290119 5.921694 52.000000 2.988272 0.461964
6.286888 5.910382 52.100000 3.034468 0.183734
6.283778 5.899085 52.200000 3.052842 -0.063149
6.280642 5.888176 52.300000 3.046527 -0.605029
6.277171 5.877933 52.400000 2.986024 -1.010383
6.273149 5.868742 52.500000 2.884986 -1.444688
6.268371 5.861052 52.600000 2.740517 -1.905608
6.262656 5.855421 52.700000 2.549956 -2.403401
6.255859 5.851054 52.800000 2.309616 -2.662727
6.247995 5.848468 52.900000 2.043343 -2.993544
6.239092 5.846110 53.000000 1.743989 -3.032003
6.229316 5.844603 53.100000 1.440789 -3.176232
6.218812 5.845591 53.200000 1.123165 -3.569669
6.207716 5.847581 53.300000 0.766199 -3.716996
6.196258 5.850176 53.400000 0.394499 -3.804199
6.184698 5.852589 53.500000 0.014079 -3.779884
6.173304 5.853992 53.600000 -0.363909 -3.634733
6.162321 5.855653 53.700000 -0.727383 -3.673691
6.152000 5.857655 53.800000 -1.094752 -3.724074
6.142601 5.858162 53.900000 -1.467159 -3.501891
6.134299 5.859611 54.000000 -1.817348 -3.644776
6.127373 5.860404 54.100000 -2.181826 -3.546572
6.122013 5.859938 54.200000 -2.536483 -3.348904
6.118337 5.857803 54.300000 -2.871374 -3.065481
6.116376 5.854355 54.400000 -3.177922 -2.820783
6.116137 5.848685 54.500000 -3.460000 -2.348883
6.117435 5.840697 54.600000 -3.694888 -1.720089
6.119915 5.831803 54.700000 -3.866897 -1.390689
6.123383 5.821801 54.800000 -4.005966 -0.825431
6.127445 5.811476 54.900000 -4.088509 -0.534059
6.131892 5.800936 55.000000 -4.141915 0.093107
6.136254 5.790542 55.100000 -4.132604 0.356498
6.140334 5.780586 55.200000 -4.096955 0.754469
6.143846 5.772032 55.300000 -4.021508 1.443210
6.146319 5.763978 55.400000 -3.877187 1.613992
6.147681 5.757539 55.500000 -3.715787 2.089792
6.147683 5.752740 55.600000 -3.506808 2.483772
6.146179 5.749875 55.700000 -3.258431 2.882456
6.143075 5.748817 55.800000 -2.970185 3.211874
6.138371 5.748326 55.900000 -2.648998 3.308825
6.132218 5.747830 56.000000 -2.318116 3.307614
6.124821 5.747991 56.100000 -1.987354 3.417084
6.116347 5.748744 56.200000 -1.645646 3.513408
6.106988 5.749545 56.300000 -1.294305 3.521429
6.096964 5.750766 56.400000 -0.942162 3.588745
6.086493 5.751382 56.500000 -0.583288 3.492717
6.075807 5.751300 56.600000 -0.234016 3.377743
6.065119 5.751009 56.700000 0.103758 3.342455
6.054629 5.749854 56.800000 0.438004 3.191803
6.044509 5.748975 56.900000 0.757184 3.240113
6.034947 5.745735 57.000000 1.081195 2.792463
6.026014 5.741542 57.100000 1.360442 2.587440
6.017785 5.736883 57.200000 1.619186 2.478640
6.010338 5.732397 57.300000 1.867050 2.514753
6.003788 5.727005 57.400000 2.118525 2.294323
5.998150 5.720758 57.500000 2.347957 2.063415
5.993409 5.714275 57.600000 2.554299 1.989983
5.989597 5.707132 57.700000 2.753297 1.780845
5.986673 5.698854 57.800000 2.931382 1.352021
5.984458 5.690075 57.900000 3.066584 1.101577
5.982842 5.680719 58.000000 3.176742 0.713615
5.981626 5.671009 58.100000 3.248103 0.241666
5.980550 5.661292 58.200000 3.272270 -0.112236
5.979414 5.651855 58.300000 3.261046 -0.547088
5.977979 5.642729 58.400000 3.206337 -0.791984
5.976122 5.634238 58.500000 3.127139 -1.154638
5.973667 5.626007 58.600000 3.011675 -1.267166
5.970585 5.619162 58.700000 2.884959 -1.789599
5.966664 5.612551 58.800000 2.705999 -1.857556
5.961934 5.606778 58.900000 2.520243 -2.100554
5.956361 5.600844 59.000000 2.310188 -2.049291
5.950043 5.595805 59.100000 2.105259 -2.288061
5.942978 5.591751 59.200000 1.876452 -2.526645
5.935193 5.589534 59.300000 1.623788 -2.923972
5.926707 5.588096 59.400000 1.331391 -3.077097
5.917642 5.586475 59.500000 1.023681 -3.040267
5.908164 5.587949 59.600000 0.719654 -3.596308
5.898392 5.589939 59.700000 0.360024 -3.681773
5.888545 5.591548 59.800000 -0.008154 -3.620521
5.878845 5.593924 59.900000 -0.370206 -3.746172
5.869525 5.595211 60.000000 -0.744823 -3.568659
5.860783 5.595861 60.100000 -1.101689 -3.460091
5.852801 5.595884 60.200000 -1.447698 -3.349584
5.845742 5.594744 60.300000 -1.782657 -3.132851
5.839710 5.593116 60.400000 -2.095942 -3.036312
5.834824 5.589899 60.500000 -2.399573 -2.699600
5.831082 5.586249 60.600000 -2.669533 -2.597846
5.828548 5.581163 60.700000 -2.929317 -2.233156
5.827137 5.576354 60.800000 -3.152633 -2.303269
5.826965 5.570303 60.900000 -3.382960 -1.941900
5.827900 5.563187 61.000000 -3.577150 -1.563754
5.829766 5.555484 61.100000 -3.733525 -1.302655
5.832432 5.547104 61.200000 -3.863791 -0.915417
5.835673 5.538414 61.300000 -3.955332 -0.650330
5.839325 5.529416 61.400000 -4.020365 -0.095907
5.843028 5.520696 61.500000 -4.029956 0.561754
5.846354 5.512202 61.600000 -3.973781 0.747736
5.849194 5.504428 61.700000 -3.899007 1.190141
5.851286 5.497540 61.800000 -3.779993 1.575104
5.852431 5.491232 61.900000 -3.622483 1.781478
5.852559 5.486769 62.000000 -3.444335 2.332132
5.851438 5.484518 62.100000 -3.211122 2.858891
5.848913 5.484161 62.200000 -2.925233 3.244229
5.844960 5.483483 62.300000 -2.600810 3.181537
5.839777 5.483647 62.400000 -2.282656 3.342382
5.833480 5.485779 62.500000 -1.948418 3.692734
5.826165 5.488529 62.600000 -1.579144 3.797428
5.818033 5.491910 62.700000 -1.199401 3.901818
5.809304 5.496544 62.800000 -0.809220 4.100346
5.800209 5.500967 62.900000 -0.399185 4.070171
5.791017 5.504770 63.000000 0.007832 3.975008
5.781984 5.510012 63.100000 0.405333 4.199479
5.773388 5.512513 63.200000 0.825281 3.766471
5.765421 5.514347 63.300000 1.201928 3.653898
5.758276 5.515976 63.400000 1.567318 3.619054
5.752148 5.517097 63.500000 1.929223 3.529594
5.747206 5.518611 63.600000 2.282182 3.600370
5.743669 5.517707 63.700000 2.642219 3.143779
5.741521 5.514920 63.800000 2.956597 2.733963
5.740700 5.510926 63.900000 3.229994 2.432461
5.741154 5.505781 64.000000 3.473240 2.103738
5.742779 5.500123 64.100000 3.683614 1.935803
5.745537 5.493736 64.200000 3.877194 1.669027
5.749314 5.487237 64.300000 4.044097 1.617891
5.754113 5.479726 64.400000 4.205886 1.133549
5.759645 5.471735 64.500000 4.319241 0.796652
5.765697 5.463326 64.600000 4.398906 0.250883
5.771901 5.455001 64.700000 4.423994 -0.370563
5.777834 5.447021 64.800000 4.386938 -0.742576
5.783252 5.439598 64.900000 4.312680 -1.115932
5.787924 5.433036 65.000000 4.201087 -1.527815
5.791615 5.427649 65.100000 4.048306 -1.960033
5.794109 5.424528 65.200000 3.852302 -2.603682
5.795113 5.423423 65.300000 3.591934 -3.066615
5.794504 5.422540 65.400000 3.285273 -3.112848
5.792413 5.423381 65.500000 2.973988 -3.456787
5.788853 5.426383 65.600000 2.628309 -3.845930
5.783881 5.430921 65.700000 2.243716 -4.101719
5.777655 5.436638 65.800000 1.833544 -4.289262
5.770396 5.443337 65.900000 1.404618 -4.440253
5.762364 5.450383 66.000000 0.960593 -4.494579
5.753857 5.456987 66.100000 0.511135 -4.432183
5.745182 5.462488 66.200000 0.067916 -4.267166
5.736626 5.466916 66.300000 -0.358800 -4.099378
5.728444 5.472184 66.400000 -0.768738 -4.235531
5.720910 5.477306 66.500000 -1.192291 -4.215211
5.714285 5.480716 66.600000 -1.613812 -3.937324
5.708748 5.481908 66.700000 -2.007545 -3.543146
5.704384 5.481497 66.800000 -2.361859 -3.227074
5.701248 5.479306 66.900000 -2.684567 -2.833182
5.699315 5.476989 67.000000 -2.967885 -2.801695
5.698683 5.473067 67.100000 -3.248054 -2.383781
5.699246 5.467772 67.200000 -3.486432 -1.954276
5.700847 5.461256 67.300000 -3.681860 -1.467174
5.703259 5.454154 67.400000 -3.828577 -1.155565
5.706328 5.446496 67.500000 -3.944134 -0.744310
5.709826 5.438494 67.600000 -4.018565 -0.240364
5.713457 5.430527 67.700000 -4.042601 0.272697
5.716915 5.422759 67.800000 -4.015332 0.558071
5.720035 5.415662 67.900000 -3.959525 1.092803
5.722520 5.409418 68.000000 -3.850244 1.525219
5.724154 5.404325 68.100000 -3.697722 1.967888
5.724745 5.400659 68.200000 -3.500934 2.408652
5.724145 5.398500 68.300000 -3.260068 2.801359
5.722270 5.397606 68.400000 -2.979933 3.093829
5.719127 5.397424 68.500000 -2.670550 3.247441
5.714807 5.398235 68.600000 -2.345806 3.450944
5.709410 5.400152 68.700000 -2.000711 3.665200
5.703061 5.402939 68.800000 -1.634191 3.826365
5.695931 5.405371 68.900000 -1.251555 3.763260
5.688242 5.409406 69.000000 -0.875229 4.048092
5.680182 5.413356 69.100000 -0.470420 4.035628
5.671989 5.417134 69.200000 -0.066857 4.007727
5.663896 5.421057 69.300000 0.333916 4.034807
5.656138 5.423726 69.400000 0.737397 3.814803
5.648911 5.426408 69.500000 1.118877 3.818367
5.642422 5.428173 69.600000 1.500714 3.648739
5.636831 5.428843 69.700000 1.865587 3.434030
5.632257 5.428601 69.800000 2.208991 3.243285
5.628795 5.427405 69.900000 2.533319 3.030198
5.626504 5.425398 70.000000 2.836339 2.835784
5.625422 5.422380 70.100000 3.119917 2.571800
5.625531 5.417651 70.200000 3.377097 2.048303
5.626653 5.412399 70.300000 3.581927 1.854754
5.628738 5.406197 70.400000 3.767403 1.442350
5.631602 5.399355 70.500000 3.911638 1.073011
5.635059 5.392044 70.600000 4.018939 0.678993
5.638895 5.384492 70.700000 4.086838 0.299988
5.642894 5.376914 70.800000 4.116837 -0.151602
5.646794 5.369490 70.900000 4.101677 -0.460601
5.650419 5.362384 71.000000 4.055617 -0.796831
5.653584 5.355605 71.100000 3.975934 -1.034804
5.656171 5.349274 71.200000 3.872453 -1.297547
5.658059 5.343835 71.300000 3.742699 -1.712053
5.659065 5.339988 71.400000 3.571493 -2.277263
5.658969 5.337753 71.500000 3.343767 -2.735066
5.657650 5.336904 71.600000 3.070260 -3.075313
5.655086 5.337688 71.700000 2.762729 -3.435059
5.651290 5.341281 71.800000 2.419223 -3.980281
5.646278 5.346652 71.900000 2.021195 -4.291341
5.640205 5.353222 72.000000 1.592061 -4.490880
5.633298 5.361069 72.100000 1.142973 -4.694461
5.625820 5.367596 72.200000 0.673527 -4.489981
5.618084 5.377185 72.300000 0.224529 -4.961855
5.610386 5.387048 72.400000 -0.271657 -5.005589
5.603069 5.396038 72.500000 -0.772215 -4.881260
5.596454 5.404355 72.600000 -1.260341 -4.783833
5.590843 5.412497 72.700000 -1.738725 -4.760687
5.586538 5.418290 72.800000 -2.214793 -4.389926
5.583709 5.423530 72.900000 -2.653786 -4.299608
5.582575 5.427176 73.000000 -3.083747 -4.022050
5.583249 5.429073 73.100000 -3.485952 -3.692189
5.585770 5.429680 73.200000 -3.855171 -3.427503
5.590165 5.428520 73.300000 -4.197921 -3.025956
5.596338 5.425647 73.400000 -4.500517 -2.575611
5.604114 5.421293 73.500000 -4.758078 -2.107569
5.613260 5.415363 73.600000 -4.968835 -1.449636
5.623371 5.408326 73.700000 -5.113798 -0.666617
5.633920 5.401056 73.800000 -5.180460 -0.268831
5.644628 5.393798 73.900000 -5.207343 0.244924
5.655136 5.387167 74.000000 -5.182851 0.979972
5.664938 5.380988 74.100000 -5.084853 1.267042
5.673856 5.375505 74.200000 -4.958149 1.616808
5.681691 5.371087 74.300000 -4.796468 2.043695
5.688218 5.367841 74.400000 -4.592099 2.430266
5.693270 5.366103 74.500000 -4.349072 2.853330
5.696702 5.366366 74.600000 -4.063739 3.335616
5.698387 5.367602 74.700000 -3.730178 3.546901
5.698385 5.369134 74.800000 -3.375488 3.609756
5.696845 5.372376 74.900000 -3.014512 3.949819
5.693828 5.377187 75.000000 -2.619530 4.239327
5.689462 5.383572 75.100000 -2.195597 4.511887
5.683927 5.394152 75.200000 -1.744409 5.167241
5.677388 5.406774 75.300000 -1.227685 5.460995
5.670176 5.420156 75.400000 -0.681585 5.569575
5.662686 5.434233 75.500000 -0.124628 5.667827
5.655334 5.447220 75.600000 0.442155 5.525539
5.648526 5.459951 75.700000 0.994709 5.494945
5.642655 5.470370 75.800000 1.544204 5.170686
5.638026 5.479920 75.900000 2.061272 5.045413
5.634943 5.487467 76.000000 2.565814 4.737740
5.633610 5.492998 76.100000 3.039588 4.405109
5.634163 5.497464 76.200000 3.480098 4.219037
5.636753 5.500211 76.300000 3.902002 3.897851
5.641423 5.501153 76.400000 4.291787 3.527165
5.648139 5.501002 76.500000 4.644504 3.282066
5.656895 5.498949 76.600000 4.972710 2.802331
5.667494 5.496292 76.700000 5.252943 2.629778
5.679906 5.491331 76.800000 5.515921 1.834004
5.693622 5.485103 76.900000 5.699322 1.179240
5.708183 5.478266 77.000000 5.817246 0.654416
5.723202 5.471173 77.100000 5.882687 0.071715
5.738237 5.464255 77.200000 5.889859 -0.496200
5.752857 5.457985 77.300000 5.840239 -1.106020
5.766614 5.452504 77.400000 5.729637 -1.555475
5.779203 5.449139 77.500000 5.574089 -2.383745
5.790085 5.448103 77.600000 5.335715 -3.047793
5.798909 5.449142 77.700000 5.030935 -3.537255
5.805506 5.452857 77.800000 4.677210 -4.084947
5.809744 5.458501 77.900000 4.268715 -4.439610
5.811671 5.466656 78.000000 3.824754 -4.863617
5.811365 5.476684 78.100000 3.338392 -5.159225
5.809030 5.488220 78.200000 2.822470 -5.386978
5.804947 5.501919 78.300000 2.283772 -5.697056
5.799423 5.517845 78.400000 1.714067 -6.000539
5.792834 5.533762 78.500000 1.114013 -6.004776
5.785641 5.550254 78.600000 0.513535 -6.084979
5.778305 5.567069 78.700000 -0.094963 -6.131878
5.771299 5.580713 78.800000 -0.708151 -5.715281
5.765030 5.593787 78.900000 -1.279679 -5.640881
5.759890 5.606292 79.000000 -1.843767 -5.565063
5.756255 5.616655 79.100000 -2.400273 -5.256120
5.754394 5.624820 79.200000 -2.925885 -4.917671
5.754502 5.631089 79.300000 -3.417652 -4.604885
5.756723 5.633517 79.400000 -3.878141 -3.888799
5.760928 5.634181 79.500000 -4.267021 -3.510515
5.767079 5.633245 79.600000 -4.618072 -3.126635
5.775085 5.630566 79.700000 -4.930736 -2.644032
5.784746 5.626391 79.800000 -5.195139 -2.142320
5.795804 5.621099 79.900000 -5.409371 -1.669339
5.807978 5.614790 80.000000 -5.576305 -1.065027
5.820870 5.607873 80.100000 -5.682808 -0.367901
5.833991 5.600891 80.200000 -5.719598 0.048235
5.847045 5.594064 80.300000 -5.714774 0.474110
5.859731 5.588155 80.400000 -5.667363 1.293664
5.871487 5.583601 80.500000 -5.537997 1.958556
5.881893 5.580651 80.600000 -5.342141 2.531070
5.890639 5.579867 80.700000 -5.089034 3.145401
5.897447 5.581634 80.800000 -4.774494 3.744115
5.902117 5.585285 80.900000 -4.400083 4.132642
5.904639 5.591925 81.000000 -3.986818 4.683965
5.904990 5.600326 81.100000 -3.518422 4.982690
5.903336 5.610023 81.200000 -3.020153 5.193165
5.899926 5.621250 81.300000 -2.500836 5.431123
5.895038 5.635002 81.400000 -1.957724 5.801541
5.888977 5.649486 81.500000 -1.377570 5.908376
5.882147 5.664854 81.600000 -0.786732 6.034091
5.874977 5.680496 81.700000 -0.183323 6.076150
5.867913 5.698758 81.800000 0.424292 6.424463
5.861451 5.714567 81.900000 1.066738 6.109407
5.856026 5.727315 82.000000 1.677679 5.688658
5.851972 5.738542 82.100000 2.246544 5.469127
5.849602 5.748005 82.200000 2.793457 5.201362
5.849166 5.755094 82.300000 3.313593 4.814373
5.850804 5.759294 82.400000 3.795031 4.294175
5.854524 5.762599 82.500000 4.224448 4.120508
5.860442 5.763992 82.600000 4.636499 3.718913
5.868511 5.763326 82.700000 5.008390 3.228560
5.878575 5.761075 82.800000 5.331246 2.792125
5.890454 5.757106 82.900000 5.610459 2.221017
5.903834 5.751880 83.000000 5.832560 1.681964
5.918378 5.745807 83.100000 6.000757 1.182482
5.933748 5.739197 83.200000 6.119005 0.692400
5.949591 5.732348 83.300000 6.188245 -0.232964
5.965224 5.726044 83.400000 6.164949 -0.967535
5.980112 5.720448 83.500000 6.068195 -1.447639
5.993928 5.715911 83.600000 5.923431 -1.961014
6.006347 5.713552 83.700000 5.727330 -2.734699
6.016914 5.714015 83.800000 5.453860 -3.493548
6.025261 5.717058 83.900000 5.104505 -4.066913
6.031217 5.723647 84.000000 4.697814 -4.745176
6.034646 5.732027 84.100000 4.223296 -5.055674
6.035685 5.741221 84.200000 3.717729 -5.192773
6.034594 5.752282 84.300000 3.198452 -5.491250
6.031606 5.763251 84.400000 2.649327 -5.481034
6.027086 5.775827 84.500000 2.101223 -5.727511
6.021349 5.789489 84.600000 1.528472 -5.890236
6.014769 5.802837 84.700000 0.939449 -5.849639
6.007758 5.817074 84.800000 0.354485 -5.981611
6.000725 5.831888 84.900000 -0.243676 -6.067743
5.994099 5.846620 85.000000 -0.850451 -6.061223
5.988309 5.859187 85.100000 -1.456573 -5.753856
5.983708 5.871100 85.200000 -2.031959 -5.660560
5.980654 5.880487 85.300000 -2.598015 -5.270188
5.979370 5.888175 85.400000 -3.125033 -4.990717
5.980056 5.894134 85.500000 -3.624105 -4.688125
5.982852 5.898610 85.600000 -4.092918 -4.411422
5.987859 5.900581 85.700000 -4.534060 -3.896128
5.994999 5.900266 85.800000 -4.923673 -3.355586
6.004109 5.898214 85.900000 -5.259231 -2.875943
6.015003 5.893984 86.000000 -5.546826 -2.124247
6.027265 5.888399 86.100000 -5.759250 -1.469100
6.040491 5.881896 86.200000 -5.906160 -0.744280
6.054198 5.875090 86.300000 -5.980588 -0.053690
6.067911 5.868635 86.400000 -5.985957 0.763046
6.081068 5.863332 86.500000 -5.909653 1.597797
6.093121 5.859186 86.600000 -5.749873 2.129908
6.103760 5.856255 86.700000 -5.536882 2.574894
6.112773 5.854447 86.800000 -5.279393 2.927550
6.120038 5.854736 86.900000 -4.986638 3.494651
6.125356 5.856133 87.000000 -4.637173 3.760711
6.128743 5.860554 87.100000 -4.261102 4.407104
6.130082 5.866314 87.200000 -3.820391 4.666702
6.129502 5.874273 87.300000 -3.353721 5.064022
6.127130 5.884084 87.400000 -2.847319 5.377593
6.123180 5.893755 87.500000 -2.309560 5.358302
6.117992 5.904303 87.600000 -1.773729 5.503521
6.111876 5.915418 87.700000 -1.223377 5.596946
6.105173 5.929100 87.800000 -0.663683 5.990425
6.098238 5.942697 87.900000 -0.064640 5.982352
6.091478 5.957262 88.000000 0.533595 6.127666
6.085316 5.969945 88.100000 1.146362 5.855594
6.080123 5.979255 88.200000 1.731921 5.327455
6.076146 5.988009 88.300000 2.264666 5.237815
6.073673 5.993716 88.400000 2.788448 4.698752
6.072809 5.998060 88.500000 3.258323 4.436598
6.073688 6.000326 88.600000 3.701983 4.002153
6.076324 6.001441 88.700000 4.102198 3.739159
6.080757 6.000601 88.800000 4.476114 3.241612
6.086870 5.998461 88.900000 4.800275 2.862186
6.094557 5.994355 89.000000 5.086494 2.163592
6.103487 5.989337 89.100000 5.302853 1.742572
6.113449 5.983333 89.200000 5.477110 1.120501
6.124082 5.976891 89.300000 5.589161 0.668817
6.135112 5.970225 89.400000 5.656042 0.148238
6.146210 5.963700 89.500000 5.670866 -0.497210
6.156971 5.957295 89.600000 5.621145 -0.661518
6.167296 5.951190 89.700000 5.554993 -0.974633
6.177001 5.945873 89.800000 5.457530 -1.530717
6.185770 5.941357 89.900000 5.304458 -1.939449
6.193398 5.938477 90.000000 5.110513 -2.587171
6.199580 5.937714 90.100000 4.851796 -3.240448
6.204066 5.937806 90.200000 4.527752 -3.470168
6.206871 5.939778 90.300000 4.180735 -3.929442
6.207939 5.944067 90.400000 3.787790 -4.432099
6.207260 5.950899 90.500000 3.344581 -4.926223
6.204900 5.960363 90.600000 2.851958 -5.391553
6.201012 5.971514 90.700000 2.312803 -5.671954
6.195867 5.983783 90.800000 1.745608 -5.852180
6.189798 5.996567 90.900000 1.160390 -5.935806
6.183180 6.008747 91.000000 0.566809 -5.846875
6.176400 6.020930 91.100000 -0.017878 -5.851360
6.169834 6.033278 91.200000 -0.603014 -5.881382
6.163860 6.044506 91.300000 -1.191153 -5.708764
6.158820 6.055380 91.400000 -1.762029 -5.655960
6.155054 6.064149 91.500000 -2.327625 -5.307937
6.152797 6.072014 91.600000 -2.858419 -5.153004
6.152294 6.079002 91.700000 -3.373719 -4.997337
6.153762 6.082925 91.800000 -3.873453 -4.401061
6.157186 6.085138 91.900000 -4.313559 -4.029492
6.162577 6.085912 92.000000 -4.716508 -3.687429
6.169917 6.084456 92.100000 -5.085251 -3.079954
6.178989 6.081517 92.200000 -5.393246 -2.597018
6.189594 6.077486 92.300000 -5.652948 -2.170960
6.201528 6.072092 92.400000 -5.870044 -1.475406
6.214384 6.065899 92.500000 -6.017585 -0.820859
6.227748 6.059366 92.600000 -6.099671 -0.141233
6.241176 6.052914 92.700000 -6.113794 0.379357
6.254327 6.046825 92.800000 -6.075858 0.890028
6.266872 6.041395 92.900000 -5.986856 1.412092
6.278492 6.037289 93.000000 -5.845646 2.106304
6.288791 6.034088 93.100000 -5.635016 2.471521
6.297607 6.031762 93.200000 -5.387864 2.779927
6.304843 6.030551 93.300000 -5.109871 3.130779
6.310404 6.030891 93.400000 -4.796793 3.563206
6.314195 6.033080 93.500000 -4.440473 4.019870
6.316159 6.037833 93.600000 -4.038486 4.579689
6.316259 6.045184 93.700000 -3.580517 5.085900
6.314558 6.052782 93.800000 -3.071927 5.134107
6.311322 6.060504 93.900000 -2.558516 5.159795
6.306832 6.069583 94.000000 -2.042537 5.404429
6.301334 6.078362 94.100000 -1.502094 5.355159
6.295147 6.087502 94.200000 -0.966578 5.421799
6.288574 6.097408 94.300000 -0.424398 5.556774
6.281929 6.107757 94.400000 0.131279 5.635078
6.275543 6.116856 94.500000 0.694787 5.424919
6.269725 6.124502 94.600000 1.237279 5.168673
6.264734 6.130972 94.700000 1.754146 4.951377
6.260798 6.136403 94.800000 2.249284 4.750890
6.258114 6.140516 94.900000 2.724373 4.481823
6.256826 6.143090 95.000000 3.172555 4.144490
6.257011 6.144747 95.100000 3.587004 3.929556
6.258756 6.145585 95.200000 3.979960 3.726494
6.262125 6.144971 95.300000 4.352609 3.334507
6.267065 6.143441 95.400000 4.686060 3.060839
6.273543 6.141001 95.500000 4.992144 2.760516
6.281489 6.137422 95.600000 5.268196 2.330853
6.290727 6.132567 95.700000 5.501281 1.724183
6.300951 6.126803 95.800000 5.673699 1.099915
6.311810 6.120545 95.900000 5.783691 0.487759
6.322941 6.114176 96.000000 5.832467 0.006397
6.334053 6.107989 96.100000 5.833106 -0.570311
6.344798 6.102705 96.200000 5.776075 -1.427931
6.354676 6.097796 96.300000 5.633282 -1.655470
6.363581 6.093464 96.400000 5.467735 -1.958296
6.371379 6.090899 96.500000 5.271905 -2.688930
6.377732 6.089319 96.600000 5.003012 -3.021082
6.382558 6.088624 96.700000 4.700904 -3.291427
6.385833 6.089113 96.800000 4.371761 -3.622591
6.387537 6.091607 96.900000 4.009502 -4.125215
6.387621 6.095365 97.000000 3.596981 -4.413758
6.386171 6.100979 97.100000 3.155605 -4.806743
6.383285 6.107310 97.200000 2.674931 -4.951965
6.379170 6.115005 97.300000 2.179734 -5.215823
6.374037 6.123082 97.400000 1.658152 -5.289511
6.368160 6.131086 97.500000 1.129201 -5.279176
6.361827 6.138726 97.600000 0.601283 -5.214544
6.355325 6.146758 97.700000 0.079829 -5.290316
6.348937 6.154663 97.800000 -0.449203 -5.269967
6.342944 6.162231 97.900000 -0.976199 -5.209822
6.337621 6.167836 98.000000 -1.497182 -4.829277
6.333164 6.171825 98.100000 -1.980109 -4.491140
6.329722 6.174054 98.200000 -2.429223 -4.089650
6.327383 6.176308 98.300000 -2.838188 -4.096865
6.326314 6.178137 98.400000 -3.247875 -3.994344
6.326644 6.179222 98.500000 -3.647309 -3.807354
6.328453 6.178713 98.600000 -4.028045 -3.369507
6.331690 6.176650 98.700000 -4.364995 -2.877817
6.336232 6.173367 98.800000 -4.652777 -2.420461
6.341933 6.168647 98.900000 -4.894823 -1.732392
6.348493 6.163002 99.000000 -5.068062 -1.071967
6.355593 6.156957 99.100000 -5.175259 -0.577694
6.362981 6.150759 99.200000 -5.233029 0.063630
6.370321 6.144834 99.300000 -5.226665 0.722748
6.377269 6.139301 99.400000 -5.154391 1.130814
6.383625 6.134014 99.500000 -5.041309 1.321589
6.389308 6.129222 99.600000 -4.909150 1.647035
6.394184 6.125314 99.700000 -4.744447 2.111451
6.398069 6.122674 99.800000 -4.533302 2.641218
6.400784 6.121289 99.900000 -4.269180 3.078376
6.402227 6.121683 100.000000 -3.961342 3.609855
6.402306 6.123794 100.100000 -3.600357 4.058821
6.401010 6.127271 100.200000 -3.194475 4.384329
6.398417 6.131423 100.300000 -2.756042 4.537894
6.394688 6.136902 100.400000 -2.302253 4.824412
6.389977 6.142639 100.500000 -1.819811 4.880107
6.384512 6.148305 100.600000 -1.331801 4.868112
6.378533 6.154412 100.700000 -0.844989 4.960611
6.372271 6.160117 100.800000 -0.348928 4.880635
6.365972 6.165196 100.900000 0.139135 4.751835
6.359862 6.169940 101.000000 0.614319 4.682327
6.354156 6.174570 101.100000 1.082551 4.659497
6.349067 6.178350 101.200000 1.548501 4.472769
6.344770 6.181597 101.300000 1.995778 4.352368
6.341430 6.183095 101.400000 2.431015 3.924850
6.339112 6.183584 101.500000 2.823500 3.655033
6.337879 6.182632 101.600000 3.189003 3.229762
6.337711 6.180507 101.700000 3.511979 2.835091
6.338560 6.177303 101.800000 3.795488 2.414779
6.340334 6.173116 101.900000 4.036966 1.952574
6.342896 6.168060 102.000000 4.232224 1.422374
6.346052 6.162976 102.100000 4.374461 1.394146
6.349807 6.157429 102.200000 4.513876 0.988989
6.353995 6.151629 102.300000 4.612774 0.660217
6.358475 6.145643 102.400000 4.678796 0.174977
6.363026 6.139666 102.500000 4.696294 -0.168543
6.367491 6.133797 102.600000 4.679440 -0.473691
6.371732 6.128280 102.700000 4.632071 -0.961388
6.375538 6.123190 102.800000 4.535932 -1.334526
6.378757 6.118550 102.900000 4.402479 -1.639735
6.381282 6.114573 103.000000 4.238506 -2.008626
6.382997 6.111564 103.100000 4.037643 -2.453343
6.383779 6.110298 103.200000 3.792309 -3.099603
6.383469 6.109551 103.300000 3.482348 -3.267468
6.382112 6.110402 103.400000 3.155602 -3.739111
6.379686 6.111744 103.500000 2.781690 -3.873164
6.376298 6.113647 103.600000 2.394374 -4.021286
6.372067 6.116668 103.700000 1.992245 -4.301054
6.367109 6.121378 103.800000 1.562140 -4.692644
6.361561 6.126009 103.900000 1.092876 -4.676921
6.355638 6.132238 104.000000 0.625184 -5.022004
6.349545 6.138609 104.100000 0.122983 -5.054060
6.343528 6.144910 104.200000 -0.382423 -5.041899
6.337828 6.150719 104.300000 -0.886613 -4.941465
6.332675 6.155948 104.400000 -1.380759 -4.819801
6.328280 6.160451 104.500000 -1.862739 -4.661749
6.324826 6.163561 104.600000 -2.328914 -4.339873
6.322433 6.166316 104.700000 -2.762902 -4.254529
6.321251 6.167516 104.800000 -3.188354 -3.853467
6.321312 6.167684 104.900000 -3.573701 -3.562218
6.322645 6.165954 105.000000 -3.929923 -2.949051
6.325118 6.162767 105.100000 -4.224828 -2.372284
6.328566 6.158726 105.200000 -4.462057 -1.952965
6.332851 6.153798 105.300000 -4.657353 -1.389156
6.337751 6.148565 105.400000 -4.796269 -1.125585
6.343159 6.142963 105.500000 -4.908827 -0.682101
6.348875 6.137158 105.600000 -4.977037 -0.113834
6.354634 6.131446 105.700000 -4.988421 0.435257
6.360178 6.125984 105.800000 -4.944895 0.833101
6.365327 6.120819 105.900000 -4.861585 1.140647
6.369949 6.116054 106.000000 -4.747520 1.459907
6.373920 6.111766 106.100000 -4.601529 1.767773
6.377133 6.107918 106.200000 -4.424752 2.010357
6.379523 6.105030 106.300000 -4.223716 2.464010
6.380959 6.103497 106.400000 -3.977315 2.990749
6.381319 6.103132 106.500000 -3.678241 3.380668
6.380567 6.103922 106.600000 -3.340174 3.727009
6.378715 6.106097 106.700000 -2.967473 4.105430
6.375806 6.109545 106.800000 -2.556930 4.425377
6.371936 6.114520 106.900000 -2.114392 4.781731
6.367237 6.120338 107.000000 -1.636219 4.969083
6.361903 6.125648 107.100000 -1.139311 4.860472
6.356172 6.130090 107.200000 -0.653264 4.667514
6.350270 6.134856 107.300000 -0.186512 4.742963
6.344402 6.139929 107.400000 0.287784 4.814270
6.338780 6.145889 107.500000 0.769211 5.010702
6.333644 6.152630 107.600000 1.270281 5.177977
6.329251 6.157783 107.700000 1.788079 4.838850
6.325778 6.161491 107.800000 2.271964 4.507552
6.323352 6.162794 107.900000 2.722719 3.890531
6.321982 6.162553 108.000000 3.111772 3.435976
6.321656 6.161366 108.100000 3.455370 3.123588
6.322373 6.158378 108.200000 3.767729 2.418715
6.323956 6.154506 108.300000 4.009600 1.980468
6.326286 6.149683 108.400000 4.207647 1.357468
6.329146 6.144282 108.500000 4.343394 0.753598
6.332305 6.138700 108.600000 4.418754 0.391599
6.335618 6.133067 108.700000 4.457914 -0.139970
6.338867 6.127503 108.800000 4.443917 -0.386333
6.341954 6.122281 108.900000 4.405283 -0.933440
6.344662 6.117509 109.000000 4.311939 -1.353126
6.346839 6.112742 109.100000 4.176627 -1.350415
6.348504 6.108694 109.200000 4.041585 -1.837884
6.349503 6.105174 109.300000 3.857797 -2.124853
6.349772 6.102412 109.400000 3.645312 -2.482292
6.349243 6.099879 109.500000 3.397082 -2.579002
6.347947 6.098411 109.600000 3.139182 -2.996780
6.345837 6.097449 109.700000 2.839504 -3.175596
6.342957 6.097506 109.800000 2.521945 -3.509933
6.339333 6.097671 109.900000 2.170951 -3.543600
6.335074 6.098492 110.000000 1.816591 -3.742214
6.330269 6.101006 110.100000 1.442370 -4.211541
6.325002 6.104010 110.200000 1.021216 -4.339285
6.319430 6.107416 110.300000 0.587288 -4.441519
6.313720 6.110082 110.400000 0.143136 -4.255397
6.308047 6.112840 110.500000 -0.282404 -4.280231
6.302577 6.114791 110.600000 -0.710427 -4.067467
6.297452 6.116474 110.700000 -1.117174 -3.995105
6.292811 6.118150 110.800000 -1.516684 -3.993750
6.288795 6.120078 110.900000 -1.916059 -4.063829
6.285562 6.121260 111.000000 -2.322442 -3.855854
6.283207 6.120378 111.100000 -2.708028 -3.206428
6.281682 6.118486 111.200000 -3.028670 -2.833688
6.280967 6.115830 111.300000 -3.312039 -2.513793
6.281028 6.112455 111.400000 -3.563419 -2.169006
6.281803 6.108533 111.500000 -3.780319 -1.863118
6.283222 6.104013 111.600000 -3.966631 -1.456146
6.285165 6.098875 111.700000 -4.112246 -0.847144
6.287418 6.093487 111.800000 -4.196960 -0.373882
6.289809 6.088049 111.900000 -4.234348 0.078217
6.292166 6.082688 112.000000 -4.226526 0.396426
6.294370 6.077827 112.100000 -4.186884 1.121434
6.296157 6.073481 112.200000 -4.074740 1.547189
6.297391 6.069728 112.300000 -3.920022 1.926054
6.297969 6.067394 112.400000 -3.727416 2.624693
6.297707 6.065682 112.500000 -3.464947 2.877243
6.296597 6.064843 112.600000 -3.177222 3.200253
6.294634 6.064003 112.700000 -2.857197 3.198998
6.291909 6.064074 112.800000 -2.537297 3.505557
6.288457 6.064682 112.900000 -2.186742 3.674460
6.284360 6.066057 113.000000 -1.819296 3.903858
6.279711 6.069031 113.100000 -1.428910 4.343273
6.274605 6.072737 113.200000 -0.994583 4.531824
6.269201 6.076864 113.300000 -0.541400 4.637354
6.263680 6.081250 113.400000 -0.077665 4.702082
6.258234 6.085454 113.500000 0.392543 4.659895
6.253054 6.088494 113.600000 0.858533 4.368491
6.248296 6.091932 113.700000 1.295382 4.472197
6.244144 6.095045 113.800000 1.742602 4.390533
6.240754 6.096773 113.900000 2.181655 4.016123
6.238209 6.097461 114.000000 2.583267 3.709973
6.236567 6.097863 114.100000 2.954265 3.621237
6.235922 6.097326 114.200000 3.316388 3.311840
6.236286 6.095843 114.300000 3.647572 2.966448
6.237633 6.092714 114.400000 3.944217 2.241936
6.239771 6.089064 114.500000 4.168411 1.954652
6.242632 6.084763 114.600000 4.363876 1.520597
6.246077 6.079848 114.700000 4.515936 0.939822
6.249889 6.074770 114.800000 4.609918 0.700232
6.253976 6.069506 114.900000 4.679941 0.207536
6.258142 6.064254 115.000000 4.700695 -0.221509
6.262210 6.059216 115.100000 4.678544 -0.722580
6.265980 6.054398 115.200000 4.606286 -1.003317
6.269347 6.049872 115.300000 4.505954 -1.289629
6.272212 6.045741 115.400000 4.376991 -1.598948
6.274479 6.042204 115.500000 4.217096 -1.978680
6.276037 6.039407 115.600000 4.019228 -2.368707
6.276794 6.037255 115.700000 3.782358 -2.663567
6.276711 6.036473 115.800000 3.516001 -3.203702
6.275702 6.037505 115.900000 3.195631 -3.803386
6.273710 6.039625 116.000000 2.815292 -4.122826
6.270796 6.043368 116.100000 2.403010 -4.558405
6.267034 6.048174 116.200000 1.947169 -4.823455
6.262572 6.054400 116.300000 1.464824 -5.156436
6.257583 6.061305 116.400000 0.949180 -5.310175
6.252291 6.067754 116.500000 0.418163 -5.211762
6.246938 6.073094 116.600000 -0.103014 -4.959671
6.241743 6.078935 116.700000 -0.598981 -5.078585
6.236928 6.084253 116.800000 -1.106839 -4.958858
6.232695 6.088530 116.900000 -1.602725 -4.709142
6.229208 6.091469 117.000000 -2.073639 -4.365832
6.226581 6.092917 117.100000 -2.510223 -3.946881
6.224870 6.094072 117.200000 -2.904911 -3.859283
6.224180 6.094049 117.300000 -3.290839 -3.483607
6.224519 6.092994 117.400000 -3.639200 -3.116011
6.225862 6.091312 117.500000 -3.950801 -2.868744
6.228201 6.088337 117.600000 -4.237675 -2.275573
6.231377 6.084755 117.700000 -4.465232 -1.933119
6.235295 6.080689 117.800000 -4.658544 -1.606882
6.239852 6.075942 117.900000 -4.819233 -0.979515
6.244805 6.070925 118.000000 -4.917184 -0.550020
6.249980 6.065796 118.100000 -4.972186 -0.129915
6.255200 6.060670 118.200000 -4.985178 -0.045774
6.260432 6.055664 118.300000 -4.989755 0.516711
6.265437 6.050889 118.400000 -4.938084 0.892133
6.270067 6.046371 118.500000 -4.848871 1.176941
6.274213 6.042108 118.600000 -4.731177 1.403785
6.277802 6.038540 118.700000 -4.590798 1.899357
6.280667 6.035682 118.800000 -4.400862 2.298034
6.282699 6.033490 118.900000 -4.171059 2.618218
6.283839 6.032346 119.000000 -3.909237 3.056464
6.284015 6.032434 119.100000 -3.603591 3.503253
6.283183 6.033760 119.200000 -3.253265 3.902559
6.281353 6.035383 119.300000 -2.863009 3.992813
6.278637 6.037677 119.400000 -2.463728 4.189737
6.275135 6.039755 119.500000 -2.044754 4.128554
6.271005 6.041946 119.600000 -1.631899 4.162372
6.266387 6.043810 119.700000 -1.215662 4.068194
6.261434 6.046503 119.800000 -0.808842 4.306550
6.256275 6.047853 119.900000 -0.378187 3.915518
6.251066 6.049237 120.000000 0.013364 3.927056
6.245934 6.049616 120.100000 0.406070 3.606854
6.240987 6.050101 120.200000 0.766755 3.642053
6.236334 6.050308 120.300000 1.130961 3.549474
6.232075 6.049464 120.400000 1.485908 3.172718
6.228255 6.048192 120.500000 1.803180 3.005393
6.224929 6.046111 120.600000 2.103719 2.659374
6.222100 6.043754 120.700000 2.369656 2.529287
6.219798 6.040747 120.800000 2.622585 2.194878
6.217995 6.037336 120.900000 2.842073 1.955907
6.216670 6.033675 121.000000 3.037664 1.791590
6.215810 6.029570 121.100000 3.216823 1.454740
6.215346 6.025256 121.200000 3.362297 1.261972
6.215238 6.020739 121.300000 3.488494 1.040733
6.215434 6.015929 121.400000 3.592567 0.595028
6.215807 6.011013 121.500000 3.652070 0.273199
6.216261 6.006078 121.600000 3.679390 -0.111231
6.216682 6.001233 121.700000 3.668267 -0.456690
6.216965 5.996478 121.800000 3.622598 -0.640714
6.217059 5.991944 121.900000 3.558526 -0.964529
6.216875 5.987804 122.000000 3.462073 -1.369004
6.216312 5.984405 122.100000 3.325173 -1.914861
6.215243 5.981613 122.200000 3.133687 -2.267238
6.213618 5.979444 122.300000 2.906963 -2.579402
6.211410 5.977323 122.400000 2.649023 -2.600407
6.208671 5.975744 122.500000 2.388982 -2.843157
6.205416 5.975278 122.600000 2.104666 -3.287371
6.201647 5.975499 122.700000 1.775929 -3.534805
6.197424 5.976323 122.800000 1.422449 -3.738433
6.192832 5.977682 122.900000 1.048606 -3.911109
6.187977 5.978781 123.000000 0.657495 -3.828885
6.182985 5.980120 123.100000 0.274606 -3.905951
6.177976 5.981065 123.200000 -0.115989 -3.780345
6.173068 5.982003 123.300000 -0.494023 -3.778533
6.168378 5.982464 123.400000 -0.871877 -3.619559
6.164003 5.982331 123.500000 -1.233833 -3.411434
6.160022 5.981431 123.600000 -1.574976 -3.120479
6.156485 5.980170 123.700000 -1.887024 -2.973139
6.153441 5.978822 123.800000 -2.184338 -2.936150
6.150955 5.976397 123.900000 -2.477953 -2.438003
6.148983 5.973176 124.000000 -2.721753 -1.989616
6.147466 5.969218 124.100000 -2.920715 -1.453822
6.146302 5.964796 124.200000 -3.066097 -0.972817
6.145384 5.960138 124.300000 -3.163379 -0.582204
6.144616 5.955369 124.400000 -3.221599 -0.217758
6.143905 5.950619 124.500000 -3.243375 0.270245
6.143126 5.946074 124.600000 -3.216350 0.752620
6.142157 5.941675 124.700000 -3.141088 0.954596
6.140953 5.937464 124.800000 -3.045629 1.168430
6.139471 5.933563 124.900000 -2.928786 1.456911
6.137659 5.930140 125.000000 -2.783095 1.816890
6.135459 5.926840 125.100000 -2.601406 1.896870
6.132884 5.923756 125.200000 -2.411719 2.031088
6.129938 5.920820 125.300000 -2.208610 2.117408
6.126642 5.918203 125.400000 -1.996869 2.296130
6.123008 5.915906 125.500000 -1.767256 2.463161
6.119057 5.913691 125.600000 -1.520940 2.502795
6.114834 5.912855 125.700000 -1.270660 3.118394
6.110343 5.911968 125.800000 -0.958821 3.097053
6.105660 5.910977 125.900000 -0.649116 3.054041
6.100865 5.910078 126.000000 -0.343712 3.090980
6.096031 5.909554 126.100000 -0.034614 3.239921
6.091238 5.908940 126.200000 0.289378 3.204337
6.086566 5.907705 126.300000 0.609812 2.948858
6.082078 5.906186 126.400000 0.904698 2.823659
6.077830 5.904687 126.500000 1.187064 2.831176
6.073886 5.902868 126.600000 1.470181 2.683691
6.070288 5.900711 126.700000 1.738550 2.517025
6.067065 5.898066 126.800000 1.990253 2.255371
6.064221 5.894843 126.900000 2.215790 1.900180
6.061727 5.891542 127.000000 2.405808 1.843572
6.059598 5.887763 127.100000 2.590165 1.472895
6.057782 5.883606 127.200000 2.737455 1.091257
6.056207 5.879424 127.300000 2.846581 1.055015
6.054874 5.875080 127.400000 2.952082 0.824657
6.053737 5.870539 127.500000 3.034548 0.403809
6.052699 5.865951 127.600000 3.074929 -0.150417
6.051626 5.861674 127.700000 3.059887 -0.894910
6.050344 5.857788 127.800000 2.970396 -1.334363
6.048761 5.854490 127.900000 2.836960 -1.809535
6.046792 5.851822 128.000000 2.656006 -2.207779
6.044389 5.849432 128.100000 2.435228 -2.360978
6.041562 5.847502 128.200000 2.199130 -2.597208
6.038322 5.845546 128.300000 1.939410 -2.583281
6.034722 5.844157 128.400000 1.681082 -2.849851
6.030787 5.843186 128.500000 1.396096 -3.031739
6.026565 5.842802 128.600000 1.092923 -3.270729
6.022114 5.842345 128.700000 0.765850 -3.241458
6.017518 5.842334 128.800000 0.441704 -3.414233
6.012857 5.842170 128.900000 0.100280 -3.355758
6.008221 5.841861 129.000000 -0.235295 -3.299637
6.003694 5.841692 129.100000 -0.565259 -3.353548
5.999365 5.841023 129.200000 -0.900614 -3.154820
5.995300 5.839745 129.300000 -1.216096 -2.894152
5.991545 5.838626 129.400000 -1.505511 -2.963103
5.988175 5.837348 129.500000 -1.801821 -2.892243
5.985244 5.835525 129.600000 -2.091046 -2.635428
5.982768 5.833199 129.700000 -2.354588 -2.373463
5.980748 5.830231 129.800000 -2.591935 -1.989105
5.979143 5.826703 129.900000 -2.790845 -1.577121
5.977889 5.822795 130.000000 -2.948557 -1.218535
5.976918 5.818650 130.100000 -3.070411 -0.922036
5.976169 5.814235 130.200000 -3.162614 -0.364147
5.975510 5.809781 130.300000 -3.199029 -0.107773
5.974879 5.805338 130.400000 -3.209806 0.159010
5.974209 5.800950 130.500000 -3.193905 0.384015
5.973447 5.796665 130.600000 -3.155504 0.634232
5.972535 5.792580 130.700000 -3.092081 0.951680
5.971403 5.788652 130.800000 -2.996913 1.141734
5.970017 5.785072 130.900000 -2.882739 1.482471
5.968315 5.782009 131.000000 -2.734492 1.880720
5.966237 5.779420 131.100000 -2.546420 2.184060
5.963757 5.777373 131.200000 -2.328014 2.486887
5.960863 5.776163 131.300000 -2.079326 2.893773
5.957549 5.775030 131.400000 -1.789948 2.927807
5.953873 5.774624 131.500000 -1.497168 3.237719
5.949875 5.775002 131.600000 -1.173396 3.541729
5.945615 5.775781 131.700000 -0.819223 3.688583
5.941185 5.776455 131.800000 -0.450365 3.650774
5.936686 5.776882 131.900000 -0.085287 3.560914
5.932220 5.777051 132.000000 0.270804 3.464220
5.927877 5.777702 132.100000 0.617226 3.643615
5.923760 5.778113 132.200000 0.981588 3.555472
5.919961 5.777999 132.300000 1.337135 3.354852
5.916549 5.777566 132.400000 1.672620 3.226327
5.913588 5.776690 132.500000 1.995253 3.038325
5.911124 5.775506 132.600000 2.299085 2.899993
5.909196 5.773955 132.700000 2.589085 2.726080
5.907831 5.771851 132.800000 2.861693 2.440634
5.907015 5.769156 132.900000 3.105756 2.091638
5.906705 5.766032 133.000000 3.314920 1.795064
5.906855 5.762535 133.100000 3.494426 1.488776
5.907402 5.758744 133.200000 3.643304 1.190471
5.908279 5.754683 133.300000 3.762351 0.827148
5.909391 5.750456 133.400000 3.845066 0.471808
5.910638 5.746172 133.500000 3.892247 0.231787
5.911950 5.741876 133.600000 3.915425 0.063775
5.913279 5.737642 133.700000 3.921803 -0.394496
5.914491 5.733530 133.800000 3.882353 -0.679693
5.915506 5.729515 133.900000 3.814384 -0.841334
5.916283 5.725804 134.000000 3.730250 -1.226726
5.916724 5.722695 134.100000 3.607578 -1.762637
5.916701 5.720053 134.200000 3.431314 -2.085650
5.916163 5.718012 134.300000 3.222749 -2.439849
5.915063 5.716205 134.400000 2.978764 -2.564321
5.913421 5.714738 134.500000 2.722332 -2.735731
5.911257 5.714004 134.600000 2.448759 -3.074219
5.908573 5.713969 134.700000 2.141337 -3.366610
5.905400 5.713942 134.800000 1.804676 -3.369837
5.901823 5.713980 134.900000 1.467692 -3.395736
5.897926 5.714411 135.000000 1.128119 -3.548490
5.893785 5.715329 135.100000 0.773270 -3.729683
5.889488 5.716778 135.200000 0.400301 -3.918271
5.885138 5.718208 135.300000 0.008474 -3.911976
5.880849 5.719783 135.400000 -0.382723 -3.962939
5.876736 5.720787 135.500000 -0.779017 -3.763356
5.872897 5.721365 135.600000 -1.155353 -3.606901
5.869418 5.721192 135.700000 -1.516043 -3.312578
5.866355 5.720558 135.800000 -1.847301 -3.117494
5.863755 5.718930 135.900000 -2.159050 -2.648333
5.861605 5.716954 136.000000 -2.423883 -2.461592
5.859919 5.714683 136.100000 -2.670043 -2.290675
5.858703 5.712134 136.200000 -2.899110 -2.117163
5.857955 5.709530 136.300000 -3.110826 -2.078593
5.857698 5.706534 136.400000 -3.318686 -1.800053
5.857890 5.703314 136.500000 -3.498691 -1.616988
5.858506 5.699666 136.600000 -3.660390 -1.197479
5.859446 5.695935 136.700000 -3.780138 -1.091140
5.860690 5.692143 136.800000 -3.889252 -1.004894
5.862222 5.688049 136.900000 -3.989741 -0.409275
5.863871 5.683919 137.000000 -4.030669 0.222067
5.865453 5.679927 137.100000 -4.008462 0.643538
5.866846 5.676239 137.200000 -3.944108 1.110011
5.867922 5.672998 137.300000 -3.833107 1.564237
5.868570 5.669834 137.400000 -3.676683 1.626782
5.868792 5.667426 137.500000 -3.514005 2.170544
5.868477 5.665952 137.600000 -3.296951 2.697271
5.867544 5.665154 137.700000 -3.027224 3.022055
5.865981 5.664683 137.800000 -2.725018 3.167204
5.863832 5.664807 137.900000 -2.408298 3.416559
5.861132 5.665344 138.000000 -2.066642 3.579649
5.857948 5.665595 138.100000 -1.708677 3.467354
5.854382 5.666721 138.200000 -1.361941 3.800970
5.850501 5.668108 138.300000 -0.981844 3.894934
5.846403 5.669844 138.400000 -0.592351 4.018088
5.842198 5.671628 138.500000 -0.190542 4.035589
5.838002 5.673362 138.600000 0.213017 4.019201
5.833932 5.674603 138.700000 0.614937 3.845885
5.830092 5.675622 138.800000 0.999525 3.765807
5.826579 5.676084 138.900000 1.376106 3.554564
5.823468 5.676090 139.000000 1.731562 3.371591
5.820822 5.675054 139.100000 2.068721 2.910293
5.818642 5.673748 139.200000 2.359751 2.776928
5.816963 5.671734 139.300000 2.637444 2.394207
5.815759 5.668736 139.400000 2.876864 1.725813
5.814924 5.665419 139.500000 3.049446 1.440922
5.814412 5.661756 139.600000 3.193538 1.046788
5.814143 5.657779 139.700000 3.298217 0.452673
5.813982 5.653750 139.800000 3.343484 0.208003
5.813872 5.649727 139.900000 3.364284 -0.204296
5.813713 5.645877 140.000000 3.343855 -0.714849
5.813385 5.642331 140.100000 3.272370 -1.161247
5.812792 5.639035 140.200000 3.156245 -1.427074
5.811885 5.636159 140.300000 3.013538 -1.789561
5.810608 5.633901 140.400000 2.834581 -2.219716
5.808903 5.632405 140.500000 2.612610 -2.657328
5.806732 5.631662 140.600000 2.346877 -3.028988
5.804091 5.630801 140.700000 2.043978 -2.973088
5.801054 5.629908 140.800000 1.746669 -2.956995
5.797687 5.629304 140.900000 1.450970 -3.091395
5.794040 5.629472 141.000000 1.141830 -3.425262
5.790163 5.630283 141.100000 0.799304 -3.680904
5.786131 5.630874 141.200000 0.431214 -3.595873
5.782041 5.631645 141.300000 0.071626 -3.666374
5.777985 5.632232 141.400000 -0.295011 -3.595169
5.774056 5.632778 141.500000 -0.654528 -3.579071
5.770343 5.632950 141.600000 -1.012435 -3.428372
5.766921 5.632709 141.700000 -1.355272 -3.252986
5.763852 5.631612 141.800000 -1.680571 -2.855235
5.761154 5.630012 141.900000 -1.966094 -2.592076
5.758842 5.628047 142.000000 -2.225302 -2.382373
5.756926 5.625604 142.100000 -2.463539 -2.076040
5.755388 5.622797 142.200000 -2.671143 -1.805810
5.754202 5.619580 142.300000 -2.851724 -1.443456
5.753313 5.615975 142.400000 -2.996070 -0.982253
5.752636 5.612232 142.500000 -3.094295 -0.746217
5.752123 5.608365 142.600000 -3.168917 -0.433597
5.751708 5.604438 142.700000 -3.212276 -0.027961
5.751300 5.600521 142.800000 -3.215073 0.126173
5.750864 5.596621 142.900000 -3.202455 0.215638
5.750380 5.592745 143.000000 -3.180891 0.318554
5.749827 5.589072 143.100000 -3.149036 0.814910
5.749098 5.585615 143.200000 -3.067545 1.127748
5.748133 5.582315 143.300000 -2.954770 1.306640
5.746906 5.579204 143.400000 -2.824106 1.494678
5.745395 5.576219 143.500000 -2.674638 1.607841
5.743596 5.573374 143.600000 -2.513854 1.725573
5.741508 5.570780 143.700000 -2.341297 1.919626
5.739123 5.568418 143.800000 -2.149334 2.084156
5.736445 5.566330 143.900000 -1.940919 2.263526
5.733484 5.564176 144.000000 -1.714566 2.219049
5.730281 5.562066 144.100000 -1.492661 2.246190
5.726867 5.560051 144.200000 -1.268042 2.303763
5.723274 5.558388 144.300000 -1.037666 2.513322
5.719527 5.556739 144.400000 -0.786334 2.520630
5.715670 5.554675 144.500000 -0.534271 2.267651
5.711753 5.552517 144.600000 -0.307506 2.205782
5.707811 5.550468 144.700000 -0.086928 2.273609
5.703879 5.548526 144.800000 0.140433 2.339911
5.699993 5.546612 144.900000 0.374424 2.355005
5.696193 5.544743 145.000000 0.609925 2.380762
5.692518 5.542814 145.100000 0.848001 2.342857
5.689003 5.540800 145.200000 1.082287 2.287581
5.685682 5.538607 145.300000 1.311045 2.169083
5.682576 5.536431 145.400000 1.527953 2.177850
5.679720 5.534000 145.500000 1.745738 1.998845
5.677121 5.531263 145.600000 1.945623 1.758255
5.674770 5.528205 145.700000 2.121448 1.464536
5.672643 5.524840 145.800000 2.267902 1.113071
5.670697 5.521398 145.900000 2.379209 0.999425
5.668919 5.517909 146.000000 2.479151 0.919785
5.667302 5.514412 146.100000 2.571130 0.901210
5.665849 5.510798 146.200000 2.661251 0.673305
5.664521 5.507094 146.300000 2.728581 0.422276
5.663275 5.503350 146.400000 2.770809 0.207032
5.662070 5.499606 146.500000 2.791512 -0.171640
5.660834 5.495925 146.600000 2.774348 -0.446652
5.659515 5.492381 146.700000 2.729683 -0.765090
5.658059 5.488864 146.800000 2.653174 -0.808560
5.656460 5.485408 146.900000 2.572318 -0.903319
5.654709 5.482103 147.000000 2.481986 -1.116328
5.652776 5.479034 147.100000 2.370353 -1.388925
5.650628 5.476063 147.200000 2.231461 -1.485564
5.648266 5.473521 147.300000 2.082904 -1.859273
5.645657 5.471132 147.400000 1.896977 -1.975012
5.642810 5.469161 147.500000 1.699476 -2.263739
5.639725 5.467300 147.600000 1.473102 -2.332536
5.636429 5.465915 147.700000 1.239848 -2.615149
5.632941 5.464532 147.800000 0.978333 -2.615489
5.629309 5.463275 147.900000 0.716784 -2.684983
5.625576 5.461661 148.000000 0.448286 -2.479496
5.621793 5.459754 148.100000 0.200337 -2.295244
5.618003 5.457602 148.200000 -0.029188 -2.130395
5.614237 5.455187 148.300000 -0.242227 -1.935368
5.610520 5.452702 148.400000 -0.435764 -1.879106
5.606875 5.450301 148.500000 -0.623675 -1.941966
5.603330 5.448238 148.600000 -0.817871 -2.182874
5.599925 5.445924 148.700000 -1.036159 -2.002363
5.596677 5.443404 148.800000 -1.236395 -1.840679
5.593598 5.440630 148.900000 -1.420463 -1.618699
5.590686 5.437838 149.000000 -1.582333 -1.598563
5.587956 5.434741 149.100000 -1.742189 -1.278291
5.585385 5.431391 149.200000 -1.870018 -0.930512
5.582936 5.427866 149.300000 -1.963070 -0.573174
5.580567 5.424353 149.400000 -2.020387 -0.594761
5.578282 5.420792 149.500000 -2.079863 -0.441421
5.576063 5.417237 149.600000 -2.124005 -0.444068
5.573910 5.413633 149.700000 -2.168412 -0.188758
5.571787 5.410023 149.800000 -2.187288 0.076526
5.569656 5.406440 149.900000 -2.179635 0.264568
5.567490 5.402921 150.000000 -2.153178 0.499168
5.565256 5.399467 150.100000 -2.103262 0.655124
5.562934 5.396012 150.200000 -2.037749 0.642493
5.560531 5.392646 150.300000 -1.973500 0.817668
5.558025 5.389407 150.400000 -1.891733 1.018178
5.555398 5.386295 150.500000 -1.789915 1.185499
5.552638 5.383292 150.600000 -1.671365 1.311586
5.549743 5.380438 150.700000 -1.540207 1.469696
5.546708 5.378162 150.800000 -1.393237 1.972789
5.543508 5.376086 150.900000 -1.195958 2.118252
5.540160 5.374316 151.000000 -0.984133 2.324158
5.536683 5.372884 151.100000 -0.751717 2.533785
5.533106 5.371431 151.200000 -0.498339 2.519603
5.529471 5.370248 151.300000 -0.246379 2.675907
5.525821 5.369023 151.400000 0.021212 2.651057
5.522203 5.367725 151.500000 0.286318 2.608017
5.518662 5.366208 151.600000 0.547120 2.476635
5.515234 5.364797 151.700000 0.794783 2.539220
5.511966 5.362947 151.800000 1.048705 2.260647
5.508874 5.360969 151.900000 1.274770 2.171143
5.505984 5.358726 152.000000 1.491884 1.974363
5.503303 5.356185 152.100000 1.689320 1.727071
5.500828 5.353394 152.200000 1.862028 1.486986
5.498545 5.350418 152.300000 2.010726 1.278682
5.496439 5.347208 152.400000 2.138594 0.954756
5.494473 5.343973 152.500000 2.234070 0.905944
5.492644 5.340621 152.600000 2.324664 0.670452
5.490921 5.337183 152.700000 2.391710 0.418975
5.489267 5.333697 152.800000 2.433607 0.118834
5.487633 5.330215 152.900000 2.445490 -0.107126
5.485985 5.326786 153.000000 2.434778 -0.403090
5.484275 5.323316 153.100000 2.394469 -0.141940
5.482546 5.319930 153.200000 2.380275 -0.516529
5.480739 5.316624 153.300000 2.328622 -0.704825
5.478830 5.313568 153.400000 2.258140 -1.118901
5.476762 5.310696 153.500000 2.146249 -1.342705
5.474516 5.307947 153.600000 2.011979 -1.473092
5.472087 5.305300 153.700000 1.864670 -1.572766
5.469478 5.302823 153.800000 1.707393 -1.728137
5.466691 5.300480 153.900000 1.534579 -1.840981
5.463735 5.298225 154.000000 1.350481 -1.910892
5.460628 5.296007 154.100000 1.159392 -1.938417
5.457391 5.294009 154.200000 0.965550 -2.103755
5.454041 5.291860 154.300000 0.755175 -1.987896
5.450611 5.289543 154.400000 0.556385 -1.850501
5.447130 5.287311 154.500000 0.371335 -1.917883
5.443619 5.285232 154.600000 0.179547 -2.035086
5.440103 5.283269 154.700000 -0.023962 -2.119929
5.436609 5.281415 154.800000 -0.235955 -2.195509
5.433169 5.279687 154.900000 -0.455506 -2.282122
5.429816 5.277816 155.000000 -0.683718 -2.180674
5.426580 5.276145 155.100000 -0.901785 -2.316809
5.423499 5.274855 155.200000 -1.133466 -2.558837
5.420630 5.273382 155.300000 -1.389350 -2.443370
5.418002 5.271755 155.400000 -1.633687 -2.342335
5.415641 5.269748 155.500000 -1.867920 -2.073192
5.413546 5.267514 155.600000 -2.075239 -1.892647
5.411717 5.265096 155.700000 -2.264504 -1.732554
5.410152 5.262404 155.800000 -2.437760 -1.461474
5.408824 5.259637 155.900000 -2.583907 -1.375357
5.407731 5.256568 156.000000 -2.721443 -0.968779
5.406812 5.253314 156.100000 -2.818321 -0.590565
5.406001 5.249981 156.200000 -2.877377 -0.292309
5.405245 5.246626 156.300000 -2.906608 0.075158
5.404477 5.243357 156.400000 -2.899092 0.512976
5.403615 5.240201 156.500000 -2.847795 0.775952
5.402615 5.237185 156.600000 -2.770199 1.013523
5.401441 5.234379 156.700000 -2.668847 1.293698
5.400053 5.231743 156.800000 -2.539477 1.483016
5.398435 5.229313 156.900000 -2.391176 1.682881
5.396571 5.227344 157.000000 -2.222888 2.066713
5.394431 5.225562 157.100000 -2.016216 2.202837
5.392027 5.224116 157.200000 -1.795933 2.429491
5.389367 5.222607 157.300000 -1.552984 2.386860
5.386494 5.220981 157.400000 -1.314298 2.307059
5.383449 5.219260 157.500000 -1.083592 2.240254
5.380269 5.217773 157.600000 -0.859566 2.397878
5.376981 5.216267 157.700000 -0.619778 2.383475
5.373622 5.215061 157.800000 -0.381431 2.573504
5.370226 5.214250 157.900000 -0.124081 2.805238
5.366837 5.213098 158.000000 0.156443 2.604974
5.363499 5.211976 158.100000 0.416941 2.622428
5.360257 5.210203 158.200000 0.679184 2.192991
5.357128 5.208273 158.300000 0.898483 2.075411
5.354134 5.206081 158.400000 1.106024 1.861665
5.351284 5.203888 158.500000 1.292190 1.859635
5.348601 5.201638 158.600000 1.478154 1.806761
5.346099 5.199470 158.700000 1.658830 1.875320
5.343807 5.197078 158.800000 1.846362 1.672589
5.341721 5.194815 158.900000 2.013621 1.788372
5.339875 5.192203 159.000000 2.192458 1.441781
5.338235 5.189606 159.100000 2.336636 1.454681
5.336818 5.186676 159.200000 2.482104 1.021241
5.335565 5.183779 159.300000 2.584228 1.066381
5.334489 5.180616 159.400000 2.690866 0.527620
5.333505 5.177370 159.500000 2.743628 0.027305
5.332527 5.174163 159.600000 2.746359 -0.331365
5.331493 5.171040 159.700000 2.713222 -0.608439
5.330359 5.167982 159.800000 2.652378 -0.748659
5.329103 5.164901 159.900000 2.577513 -0.690331
5.327740 5.162058 160.000000 2.508479 -1.108519
5.326208 5.159295 160.100000 2.397628 -1.212547
5.324502 5.156707 160.200000 2.276373 -1.421290
5.322603 5.154336 160.300000 2.134244 -1.645948
5.320495 5.152150 160.400000 1.969649 -1.813983
5.318178 5.150139 160.500000 1.788251 -1.960825
5.315657 5.148223 160.600000 1.592168 -2.035712
5.312951 5.146469 160.700000 1.388597 -2.157052
5.310076 5.144875 160.800000 1.172892 -2.272613
5.307056 5.143297 160.900000 0.945630 -2.282113
5.303921 5.141627 161.000000 0.717419 -2.214950
5.300707 5.139992 161.100000 0.495924 -2.238494
5.297444 5.138473 161.200000 0.272075 -2.320035
5.294162 5.136726 161.300000 0.040071 -2.153430
5.290894 5.135158 161.400000 -0.175272 -2.282409
5.287670 5.133365 161.500000 -0.403513 -2.114885
5.284517 5.131559 161.600000 -0.615001 -2.104338
5.281461 5.129593 161.700000 -0.825435 -1.974792
5.278522 5.127843 161.800000 -1.022914 -2.143473
5.275736 5.125593 161.900000 -1.237261 -1.721500
5.273094 5.123289 162.000000 -1.409411 -1.667644
5.270609 5.120911 162.100000 -1.576176 -1.592223
5.268290 5.118374 162.200000 -1.735398 -1.416495
5.266130 5.115689 162.300000 -1.877048 -1.231038
5.264121 5.112819 162.400000 -2.000151 -0.950851
5.262233 5.109871 162.500000 -2.095236 -0.797829
5.260453 5.106853 162.600000 -2.175019 -0.633925
5.258760 5.103762 162.700000 -2.238412 -0.385890
5.257123 5.100634 162.800000 -2.277001 -0.120983
5.255506 5.097519 162.900000 -2.289099 0.218103
5.253859 5.094450 163.000000 -2.267289 0.428556
5.252156 5.091406 163.100000 -2.224433 0.503128
5.250387 5.088419 163.200000 -2.174121 0.652578
5.248535 5.085535 163.300000 -2.108863 0.868442
5.246575 5.082707 163.400000 -2.022019 0.961373
5.244501 5.080103 163.500000 -1.925881 1.282628
5.242285 5.077614 163.600000 -1.797618 1.417214
5.239921 5.075136 163.700000 -1.655897 1.427893
5.237423 5.072816 163.800000 -1.513108 1.595066
5.234788 5.070544 163.900000 -1.353601 1.641750
5.232029 5.068349 164.000000 -1.189426 1.713689
5.229158 5.066161 164.100000 -1.018057 1.717619
5.226193 5.064058 164.200000 -0.846295 1.794963
5.223150 5.061821 164.300000 -0.666799 1.665530
5.220050 5.059670 164.400000 -0.500246 1.744859
5.216911 5.057706 164.500000 -0.325760 1.911778
5.213749 5.055749 164.600000 -0.134582 1.915392
5.210587 5.053818 164.700000 0.056957 1.936264
5.207446 5.051727 164.800000 0.250583 1.792084
5.204346 5.049607 164.900000 0.429792 1.762539
5.201305 5.047364 165.000000 0.606046 1.641269
5.198336 5.044976 165.100000 0.770173 1.484262
5.195446 5.042457 165.200000 0.918599 1.328125
5.192639 5.039778 165.300000 1.051411 1.104611
5.189910 5.037002 165.400000 1.161873 0.944768
5.187252 5.034099 165.500000 1.256349 0.676317
5.184651 5.031208 165.600000 1.323981 0.698823
5.182109 5.028249 165.700000 1.393863 0.499377
5.179614 5.025228 165.800000 1.443801 0.183224
5.177138 5.022201 165.900000 1.462123 -0.015154
5.174663 5.019181 166.000000 1.460608 0.115432
5.172201 5.016162 166.100000 1.472151 0.064373
5.169749 5.013149 166.200000 1.478589 -0.097039
5.167290 5.010177 166.300000 1.468885 -0.368757
5.164802 5.007224 166.400000 1.432009 -0.430523
5.162281 5.004368 166.500000 1.388957 -0.706466
5.159706 5.001717 166.600000 1.318310 -1.082530
5.157051 4.999039 166.700000 1.210057 -1.033883
5.154328 4.996472 166.800000 1.106669 -1.194870
5.151534 4.993997 166.900000 0.987182 -1.313937
5.148670 4.991570 167.000000 0.855788 -1.370989
5.145745 4.989431 167.100000 0.718689 -1.682518
5.142760 4.987105 167.200000 0.550437 -1.480960
5.139736 4.984960 167.300000 0.402341 -1.671109
5.136684 4.982922 167.400000 0.235230 -1.772817
5.133620 4.980904 167.500000 0.057949 -1.789784
5.130563 4.979077 167.600000 -0.121030 -1.957774
5.127536 4.977227 167.700000 -0.316807 -1.936631
5.124560 4.975442 167.800000 -0.510470 -1.990315
5.121659 4.973610 167.900000 -0.709502 -1.947809
5.118855 4.971751 168.000000 -0.904283 -1.922512
5.116170 4.969709 168.100000 -1.096534 -1.753229
5.113610 4.967729 168.200000 -1.271857 -1.810131
5.111200 4.965549 168.300000 -1.452870 -1.610219
5.108940 4.963091 168.400000 -1.613892 -1.283164
5.106810 4.960600 168.500000 -1.742208 -1.236453
5.104815 4.957890 168.600000 -1.865853 -0.880864
5.102921 4.955129 168.700000 -1.953940 -0.771049
5.101121 4.952282 168.800000 -2.031045 -0.541703
5.099389 4.949454 168.900000 -2.085215 -0.589927
5.097733 4.946561 169.000000 -2.144208 -0.334726
5.096122 4.943637 169.100000 -2.177680 -0.008990
5.094513 4.940725 169.200000 -2.178579 0.165416
5.092885 4.937872 169.300000 -2.162038 0.464101
5.091201 4.935097 169.400000 -2.115628 0.685080
5.089435 4.932419 169.500000 -2.047120 0.885491
5.087566 4.929916 169.600000 -1.958571 1.170058
5.085568 4.927606 169.700000 -1.841565 1.419454
5.083425 4.925597 169.800000 -1.699619 1.740955
5.081119 4.923825 169.900000 -1.525524 1.955606
5.078652 4.922070 170.000000 -1.329963 1.969178
5.076045 4.920290 170.100000 -1.133045 1.945889
5.073323 4.918671 170.200000 -0.938457 2.080016
5.070503 4.917377 170.300000 -0.730455 2.329851
5.067601 4.915893 170.400000 -0.497470 2.184715
5.064654 4.914509 170.500000 -0.278998 2.260045
5.061687 4.913313 170.600000 -0.052994 2.397056
5.058734 4.912071 170.700000 0.186712 2.363137
5.055826 4.910668 170.800000 0.423025 2.242560
5.052992 4.909408 170.900000 0.647282 2.348032
5.050266 4.907946 171.000000 0.882085 2.194692
5.047671 4.906433 171.100000 1.101554 2.152971
5.045230 4.904870 171.200000 1.316851 2.111416
5.042968 4.903076 171.300000 1.527993 1.913042
5.040889 4.901267 171.400000 1.719297 1.897653
5.039014 4.899272 171.500000 1.909062 1.718846
5.037340 4.897188 171.600000 2.080947 1.625615
5.035873 4.894778 171.700000 2.243508 1.230109
5.034572 4.892125 171.800000 2.366519 0.818026
5.033387 4.889339 171.900000 2.448322 0.446308
5.032268 4.886498 172.000000 2.492953 -0.037903
5.031145 4.883730 172.100000 2.489162 -0.490211
5.029953 4.881091 172.200000 2.440141 -0.821119
5.028648 4.878613 172.300000 2.358029 -1.102244
5.027197 4.876392 172.400000 2.247805 -1.447440
5.025566 4.874529 172.500000 2.103061 -1.823296
5.023724 4.873082 172.600000 1.920731 -2.179217
5.021656 4.872107 172.700000 1.702810 -2.525072
5.019360 4.871551 172.800000 1.450302 -2.796700
5.016854 4.871351 172.900000 1.170632 -3.008798
5.014175 4.871572 173.000000 0.869753 -3.241511
5.011366 4.872061 173.100000 0.545601 -3.381806
5.008486 4.872693 173.200000 0.207421 -3.454747
5.005603 4.873440 173.300000 -0.138054 -3.512439
5.002787 4.874084 173.400000 -0.489298 -3.461004
5.000106 4.874974 173.500000 -0.835398 -3.583180
4.997638 4.875854 173.600000 -1.193716 -3.578822
4.995455 4.876351 173.700000 -1.551598 -3.387855
4.993610 4.876431 173.800000 -1.890384 -3.167095
4.992140 4.875726 173.900000 -2.207093 -2.702348
4.991035 4.874604 174.000000 -2.477328 -2.417104
4.990292 4.873397 174.100000 -2.719039 -2.354694
4.989933 4.871797 174.200000 -2.954508 -2.042182
4.989932 4.869922 174.300000 -3.158726 -1.789496
4.990265 4.867688 174.400000 -3.337676 -1.394178
4.990869 4.865335 174.500000 -3.477094 -1.232870
4.991722 4.862684 174.600000 -3.600381 -0.682435
4.992716 4.859916 174.700000 -3.668624 -0.224205
4.993756 4.857156 174.800000 -3.691045 0.252137
4.994742 4.854444 174.900000 -3.665831 0.472259
4.995629 4.852009 175.000000 -3.618605 1.086953
4.996293 4.849845 175.100000 -3.509910 1.456414
4.996671 4.847993 175.200000 -3.364268 1.790303
4.996715 4.846648 175.300000 -3.185238 2.231239
4.996367 4.845752 175.400000 -2.962114 2.559159
4.995607 4.845085 175.500000 -2.706198 2.710577
4.994452 4.844592 175.600000 -2.435140 2.821266
4.992929 4.844383 175.700000 -2.153014 2.992432
4.991067 4.844407 175.800000 -1.853771 3.126418
4.988906 4.844469 175.900000 -1.541129 3.147173
4.986500 4.844253 176.000000 -1.226411 2.987928
4.983914 4.843952 176.100000 -0.927619 2.937312
4.981202 4.843971 176.200000 -0.633887 3.123225
4.978407 4.843471 176.300000 -0.321565 2.815348
4.975587 4.843323 176.400000 -0.040030 3.027012
4.972789 4.842845 176.500000 0.262671 2.828537
4.970059 4.842412 176.600000 0.545525 2.855455
4.967443 4.841609 176.700000 0.831070 2.616723
4.964973 4.840819 176.800000 1.092742 2.624401
4.962686 4.839817 176.900000 1.355183 2.476540
4.960609 4.838776 177.000000 1.602837 2.448247
4.958773 4.837449 177.100000 1.847661 2.230535
4.957186 4.835996 177.200000 2.070715 2.126445
4.955861 4.834279 177.300000 2.283359 1.891823
4.954791 4.832421 177.400000 2.472542 1.753450
4.953975 4.830219 177.500000 2.647887 1.357439
4.953367 4.827739 177.600000 2.783631 0.918901
4.952907 4.825095 177.700000 2.875521 0.503055
4.952528 4.822398 177.800000 2.925826 0.237369
4.952190 4.819692 177.900000 2.949563 -0.096823
4.951836 4.817047 178.000000 2.939881 -0.469806
4.951405 4.814642 178.100000 2.892900 -1.030887
4.950811 4.812350 178.200000 2.789811 -1.206625
4.950032 4.810402 178.300000 2.669149 -1.634514
4.949018 4.808710 178.400000 2.505698 -1.892667
4.947749 4.807139 178.500000 2.316431 -2.001622
4.946233 4.805774 178.600000 2.116269 -2.176218
4.944475 4.804922 178.700000 1.898647 -2.561741
4.942465 4.804586 178.800000 1.642473 -2.899508
4.940215 4.804418 178.900000 1.352522 -3.001289
4.937766 4.804276 179.000000 1.052393 -3.016892
4.935168 4.804157 179.100000 0.750704 -3.030473
4.932471 4.803858 179.200000 0.447657 -2.921479
4.929729 4.803634 179.300000 0.155509 -2.967174
4.926988 4.803525 179.400000 -0.141209 -3.035430
4.924299 4.803160 179.500000 -0.444752 -2.880266
4.921709 4.802929 179.600000 -0.732778 -2.962848
4.919266 4.802650 179.700000 -1.029063 -2.932837
4.917017 4.802003 179.800000 -1.322347 -2.697624
4.914990 4.800806 179.900000 -1.592109 -2.300987
4.913183 4.799217 180.000000 -1.822208 -1.969717
4.911587 4.797421 180.100000 -2.019180 -1.767838
4.910200 4.795381 180.200000 -2.195964 -1.495877
4.909003 4.793175 180.300000 -2.345551 -1.277683
4.907978 4.790955 180.400000 -2.473320 -1.253104
4.907130 4.788724 180.500000 -2.598630 -1.234224
4.906465 4.786425 180.600000 -2.722052 -1.126587
4.905973 4.783981 180.700000 -2.834711 -0.859108
4.905619 4.781490 180.800000 -2.920622 -0.743537
4.905387 4.778884 180.900000 -2.994976 -0.361721
4.905215 4.776245 181.000000 -3.031148 -0.024072
4.905047 4.773636 181.100000 -3.033555 0.310235
4.904828 4.771254 181.200000 -3.002531 0.952956
4.904453 4.768922 181.300000 -2.907236 1.041469
4.903916 4.766813 181.400000 -2.803089 1.371057
4.903172 4.764919 181.500000 -2.665983 1.629312
4.902198 4.763080 181.600000 -2.503052 1.687847
4.901000 4.761585 181.700000 -2.334267 2.022523
4.899555 4.760084 181.800000 -2.132015 2.015205
4.897887 4.758835 181.900000 -1.930495 2.230620
4.895998 4.757653 182.000000 -1.707433 2.282485
4.893911 4.756609 182.100000 -1.479184 2.390346
4.891648 4.755752 182.200000 -1.240150 2.527411
4.889234 4.754939 182.300000 -0.987409 2.558729
4.886701 4.754418 182.400000 -0.731536 2.758035
4.884082 4.754154 182.500000 -0.455732 2.922881
4.881416 4.753968 182.600000 -0.163444 2.971762
4.878751 4.753491 182.700000 0.133732 2.785838
4.876130 4.752939 182.800000 0.412316 2.736761
4.873594 4.752277 182.900000 0.685992 2.661121
4.871179 4.751841 183.000000 0.952104 2.812211
4.868936 4.751388 183.100000 1.233325 2.800689
4.866904 4.750661 183.200000 1.513394 2.614912
4.865109 4.749371 183.300000 1.774886 2.184351
4.863541 4.747711 183.400000 1.993321 1.845092
4.862183 4.745794 183.500000 2.177830 1.566930
4.861020 4.743729 183.600000 2.334523 1.380988
4.860038 4.741416 183.700000 2.472622 0.992210
4.859194 4.738954 183.800000 2.571843 0.654849
4.858443 4.736432 183.900000 2.637328 0.440834
4.857757 4.733859 184.000000 2.681411 -0.007272
4.857070 4.731340 184.100000 2.680684 -0.434357
4.856322 4.728944 184.200000 2.637248 -0.794661
4.855462 4.726673 184.300000 2.557782 -1.040556
4.854462 4.724473 184.400000 2.453726 -1.155561
4.853313 4.722344 184.500000 2.338170 -1.260356
4.852010 4.720390 184.600000 2.212135 -1.491990
4.850536 4.718337 184.700000 2.062936 -1.360549
4.848917 4.716495 184.800000 1.926881 -1.620463
4.847138 4.714837 184.900000 1.764835 -1.816448
4.845196 4.713180 185.000000 1.583190 -1.815281
4.843110 4.711824 185.100000 1.401662 -2.097943
4.840880 4.710531 185.200000 1.191867 -2.152477
4.838526 4.709237 185.300000 0.976620 -2.150183
4.836074 4.708004 185.400000 0.761601 -2.201082
4.833547 4.707000 185.500000 0.541493 -2.384994
4.830969 4.705936 185.600000 0.302994 -2.336953
4.828370 4.704892 185.700000 0.069298 -2.352194
4.825780 4.704034 185.800000 -0.165921 -2.494233
4.823232 4.703132 185.900000 -0.415344 -2.460087
4.820758 4.702222 186.000000 -0.661353 -2.453222
4.818390 4.701100 186.100000 -0.906675 -2.286512
4.816149 4.699681 186.200000 -1.135326 -2.027700
4.814046 4.698186 186.300000 -1.338096 -1.956169
4.812095 4.696531 186.400000 -1.533713 -1.795735
4.810303 4.694554 186.500000 -1.713287 -1.419285
4.808648 4.692358 186.600000 -1.855215 -1.090913
4.807107 4.690142 186.700000 -1.964307 -1.052144
4.805681 4.687784 186.800000 -2.069521 -0.750457
4.804340 4.685405 186.900000 -2.144567 -0.691758
4.803082 4.682988 187.000000 -2.213743 -0.571677
4.801894 4.680524 187.100000 -2.270910 -0.374051
4.800753 4.678025 187.200000 -2.308315 -0.001302
4.799613 4.675534 187.300000 -2.308446 0.144625
4.798456 4.673119 187.400000 -2.293983 0.542494
4.797235 4.670773 187.500000 -2.239734 0.738328
4.795929 4.668425 187.600000 -2.165901 0.726249
4.794542 4.666196 187.700000 -2.093276 0.981726
4.793050 4.664142 187.800000 -1.995103 1.270055
4.791428 4.662426 187.900000 -1.868098 1.696115
4.789648 4.660745 188.000000 -1.698486 1.731935
4.787721 4.659327 188.100000 -1.525293 1.996460
4.785645 4.658199 188.200000 -1.325647 2.251554
4.783426 4.657614 188.300000 -1.100492 2.666944
4.781073 4.656925 188.400000 -0.833797 2.591514
4.778625 4.656161 188.500000 -0.574646 2.536782
4.776120 4.655235 188.600000 -0.320968 2.411404
4.773592 4.654369 188.700000 -0.079827 2.457985
4.771073 4.653630 188.800000 0.165971 2.552821
4.768595 4.652556 188.900000 0.421253 2.290623
4.766185 4.651551 189.000000 0.650316 2.345945
4.763873 4.650502 189.100000 0.884910 2.309941
4.761685 4.649755 189.200000 1.115904 2.544223
4.759667 4.648694 189.300000 1.370326 2.297799
4.757831 4.647390 189.400000 1.600106 2.086428
4.756184 4.646009 189.500000 1.808749 2.014624
4.754742 4.644335 189.600000 2.010212 1.715285
4.753491 4.642298 189.700000 2.181740 1.246501
4.752388 4.640155 189.800000 2.306390 1.070998
4.751420 4.637918 189.900000 2.413490 0.882344
4.750567 4.635708 190.000000 2.501724 0.934970
4.749840 4.633379 190.100000 2.595221 0.641944
4.749202 4.630960 190.200000 2.659416 0.249536
4.748600 4.628528 190.300000 2.684369 0.005326
4.747999 4.626099 190.400000 2.684902 -0.035855
4.747394 4.623687 190.500000 2.681317 -0.242718
4.746756 4.621375 190.600000 2.657045 -0.654758
4.746028 4.619127 190.700000 2.591569 -0.813883
4.745192 4.617023 190.800000 2.510181 -1.098078
4.744216 4.615105 190.900000 2.400373 -1.381800
4.743072 4.613384 191.000000 2.262193 -1.628491
4.741744 4.611924 191.100000 2.099344 -1.909036
4.740217 4.610435 191.200000 1.908440 -1.877444
4.738514 4.609042 191.300000 1.720696 -1.971950
4.736646 4.607803 191.400000 1.523501 -2.114877
4.734623 4.606511 191.500000 1.312013 -2.065136
4.732472 4.605056 191.600000 1.105499 -1.907164
4.730223 4.603576 191.700000 0.914783 -1.878963
4.727895 4.602045 191.800000 0.726887 -1.824783
4.725510 4.600760 191.900000 0.544408 -2.066661
4.723080 4.599251 192.000000 0.337742 -1.844833
4.720629 4.597612 192.100000 0.153259 -1.702512
4.718174 4.596091 192.200000 -0.016992 -1.829563
4.715732 4.594654 192.300000 -0.199949 -1.913747
4.713322 4.593183 192.400000 -0.391323 -1.877658
4.710962 4.591572 192.500000 -0.579089 -1.726729
4.708664 4.590083 192.600000 -0.751762 -1.855131
4.706449 4.588536 192.700000 -0.937275 -1.793511
4.704333 4.586922 192.800000 -1.116626 -1.717158
4.702325 4.585306 192.900000 -1.288342 -1.714285
4.700442 4.583449 193.000000 -1.459770 -1.412867
4.698672 4.581435 193.100000 -1.601057 -1.178146
4.697006 4.579321 193.200000 -1.718872 -0.993545
4.695432 4.577141 193.300000 -1.818226 -0.853524
4.693942 4.574868 193.400000 -1.903579 -0.597554
4.692513 4.572512 193.500000 -1.963334 -0.169059
4.691102 4.570152 193.600000 -1.980240 0.021672
4.689691 4.567801 193.700000 -1.978073 0.164963
4.688265 4.565456 193.800000 -1.961577 0.209807
4.686819 4.563141 193.900000 -1.940596 0.381912
4.685336 4.560862 194.000000 -1.902405 0.531352
4.683804 4.558763 194.100000 -1.849270 0.983763
4.682182 4.556665 194.200000 -1.750893 0.982455
4.680476 4.554689 194.300000 -1.652648 1.196069
4.678674 4.552872 194.400000 -1.533041 1.429196
4.676766 4.551219 194.500000 -1.390121 1.634566
4.674751 4.549844 194.600000 -1.226664 1.935330
4.672625 4.548708 194.700000 -1.033131 2.162480
4.670399 4.547751 194.800000 -0.816883 2.316518
4.668091 4.546737 194.900000 -0.585232 2.267219
4.665732 4.545652 195.000000 -0.358510 2.204109
4.663346 4.544529 195.100000 -0.138099 2.169649
4.660960 4.543121 195.200000 0.078866 1.894630
4.658593 4.541911 195.300000 0.268329 2.087585
4.656269 4.540817 195.400000 0.477088 2.192489
4.654012 4.539390 195.500000 0.696337 1.870922
4.651833 4.538073 195.600000 0.883429 1.980803
4.649756 4.536966 195.700000 1.081509 2.176916
4.647813 4.535664 195.800000 1.299201 1.993972
4.646015 4.534217 195.900000 1.498598 1.843099
4.644368 4.532557 196.000000 1.682908 1.599941
4.642866 4.530783 196.100000 1.842902 1.450123
4.641508 4.528918 196.200000 1.987914 1.319096
4.640288 4.526960 196.300000 2.119824 1.169157
4.639200 4.524860 196.400000 2.236739 0.894239
4.638216 4.522656 196.500000 2.326163 0.618941
4.637308 4.520389 196.600000 2.388057 0.359081
4.636444 4.518144 196.700000 2.423965 0.449554
4.635638 4.515851 196.800000 2.468921 0.078273
4.634841 4.513582 196.900000 2.476748 -0.306983
4.634008 4.511423 197.000000 2.446050 -0.717577
4.633087 4.509344 197.100000 2.374292 -0.908094
4.632060 4.507366 197.200000 2.283483 -1.101788
4.630910 4.505582 197.300000 2.173304 -1.403835
4.629612 4.504018 197.400000 2.032920 -1.683617
4.628148 4.502631 197.500000 1.864559 -1.877103
4.626519 4.501557 197.600000 1.676848 -2.181411
4.624717 4.500916 197.700000 1.458707 -2.543178
4.622747 4.500541 197.800000 1.204390 -2.741761
4.620631 4.500309 197.900000 0.930213 -2.843467
4.618404 4.499724 198.000000 0.645867 -2.584823
4.616111 4.499374 198.100000 0.387384 -2.758797
4.613787 4.499098 198.200000 0.111505 -2.811401
4.611468 4.498410 198.300000 -0.169635 -2.503961
4.609190 4.497577 198.400000 -0.420031 -2.385065
4.606978 4.496674 198.500000 -0.658538 -2.325630
4.604859 4.495574 198.600000 -0.891101 -2.150265
4.602851 4.494302 198.700000 -1.106128 -1.982896
4.600964 4.492861 198.800000 -1.304417 -1.805186
4.599206 4.491301 198.900000 -1.484936 -1.666271
4.597581 4.489677 199.000000 -1.651563 -1.585304
4.596096 4.488022 199.100000 -1.810093 -1.545146
4.594758 4.486145 199.200000 -1.964608 -1.221731
4.593545 4.484214 199.300000 -2.086781 -1.128279
4.592455 4.482279 199.400000 -2.199609 -1.116717
4.591493 4.480191 199.500000 -2.311280 -0.793712
4.590625 4.478015 199.600000 -2.390652 -0.518697
4.589820 4.475796 199.700000 -2.442521 -0.300237
4.589053 4.473558 199.800000 -2.472545 -0.072155
4.588296 4.471348 199.900000 -2.479760 0.325081
4.587499 4.469330 200.000000 -2.447252 0.929977
4.586592 4.467519 200.100000 -2.354255 1.300212
4.585537 4.465779 200.200000 -2.224233 1.400904
4.584333 4.464180 200.300000 -2.084143 1.587869
4.582971 4.462844 200.400000 -1.925356 1.890324
4.581438 4.461444 200.500000 -1.736324 1.819290
4.579757 4.460035 200.600000 -1.554395 1.807008
4.577946 4.458820 200.700000 -1.373694 2.010022
4.576009 4.457904 200.800000 -1.172692 2.288621
4.573954 4.457417 200.900000 -0.943830 2.637952
4.571795 4.457216 201.000000 -0.680034 2.846801
4.569561 4.456974 201.100000 -0.395354 2.818418
4.567295 4.456965 201.200000 -0.113513 2.979337
4.565035 4.457080 201.300000 0.184421 3.062338
4.562830 4.457047 201.400000 0.490655 2.963201
4.560720 4.456838 201.500000 0.786975 2.841036
4.558743 4.456428 201.600000 1.071079 2.694171
4.556929 4.455645 201.700000 1.340496 2.398731
4.555291 4.454591 201.800000 1.580369 2.157177
4.553834 4.453531 201.900000 1.796087 2.151553
4.552582 4.452146 202.000000 2.011242 1.819282
4.551520 4.450607 202.100000 2.193170 1.636213
4.550642 4.448758 202.200000 2.356791 1.193057
4.549909 4.446714 202.300000 2.476097 0.788722
4.549274 4.444562 202.400000 2.554969 0.419344
4.548693 4.442368 202.500000 2.596904 -0.048783
4.548106 4.440236 202.600000 2.592025 -0.491053
4.547457 4.438154 202.700000 2.542920 -0.658106
4.546728 4.436196 202.800000 2.477109 -0.966674
4.545884 4.434363 202.900000 2.380442 -1.195090
4.544904 4.432716 203.000000 2.260933 -1.475593
4.543767 4.431049 203.100000 2.113374 -1.446039
4.542485 4.429477 203.200000 1.968770 -1.572475
4.541058 4.428085 203.300000 1.811522 -1.787718
4.539482 4.426855 203.400000 1.632750 -1.962322
4.537759 4.425808 203.500000 1.436518 -2.142152
4.535898 4.424772 203.600000 1.222303 -2.152384
4.533921 4.423722 203.700000 1.007065 -2.137365
4.531852 4.422501 203.800000 0.793328 -1.967067
4.529718 4.421484 203.900000 0.596622 -2.166235
4.527534 4.420366 204.000000 0.379998 -2.069405
4.525324 4.419320 204.100000 0.173058 -2.137284
4.523109 4.418111 204.200000 -0.040671 -1.974367
4.520910 4.417135 204.300000 -0.238107 -2.201737
4.518751 4.416217 204.400000 -0.458281 -2.253570
4.516657 4.415380 204.500000 -0.683638 -2.324932
4.514655 4.414400 204.600000 -0.916131 -2.195092
4.512766 4.413568 204.700000 -1.135641 -2.328968
4.511020 4.412959 204.800000 -1.368537 -2.516352
4.509460 4.412209 204.900000 -1.620173 -2.397876
4.508105 4.411257 205.000000 -1.859960 -2.218005
4.506964 4.410265 205.100000 -2.081761 -2.179077
4.506056 4.409026 205.200000 -2.299668 -1.932600
4.505375 4.407474 205.300000 -2.492928 -1.562363
4.504891 4.405646 205.400000 -2.649165 -1.140910
4.504556 4.403665 205.500000 -2.763256 -0.817968
4.504334 4.401616 205.600000 -2.845052 -0.612089
4.504197 4.399497 205.700000 -2.906261 -0.289369
4.504102 4.397366 205.800000 -2.935198 -0.148151
4.504028 4.395245 205.900000 -2.950013 0.238077
4.503920 4.393145 206.000000 -2.926206 0.369257
4.503760 4.391152 206.100000 -2.889280 0.753097
4.503496 4.389393 206.200000 -2.813970 1.233742
4.503067 4.387820 206.300000 -2.690596 1.512656
4.502448 4.386587 206.400000 -2.539330 1.918596
4.501602 4.385522 206.500000 -2.347471 2.091313
4.500531 4.384803 206.600000 -2.138340 2.408189
4.499225 4.384316 206.700000 -1.897521 2.599038
4.497698 4.384162 206.800000 -1.637617 2.851320
4.495968 4.384063 206.900000 -1.352485 2.891405
4.494070 4.384441 207.000000 -1.063344 3.214106
4.492033 4.384872 207.100000 -0.741934 3.249183
4.489908 4.385125 207.200000 -0.417015 3.133245
4.487746 4.385429 207.300000 -0.103691 3.167720
4.485594 4.385806 207.400000 0.213081 3.214575
4.483503 4.386378 207.500000 0.534539 3.338436
4.481525 4.386870 207.600000 0.868382 3.289085
4.479714 4.387730 207.700000 1.197291 3.514011
4.478136 4.388249 207.800000 1.548692 3.306712
4.476832 4.388349 207.900000 1.879363 3.031542
4.475825 4.388348 208.000000 2.182517 2.961632
4.475151 4.387734 208.100000 2.478680 2.494198
4.474789 4.386711 208.200000 2.728100 2.124487
4.474716 4.385284 208.300000 2.940549 1.680724
4.474887 4.383688 208.400000 3.108621 1.455135
4.475280 4.381763 208.500000 3.254135 0.859001
4.475809 4.379737 208.600000 3.340035 0.551821
4.476426 4.377666 208.700000 3.395217 0.335871
4.477097 4.375574 208.800000 3.428804 -0.124100
4.477747 4.373539 208.900000 3.416394 -0.494352
4.478316 4.371617 209.000000 3.366959 -0.840451
4.478751 4.369856 209.100000 3.282914 -1.173723
4.479005 4.368213 209.200000 3.165542 -1.364301
4.479057 4.367191 209.300000 3.029111 -2.111320
4.478815 4.366710 209.400000 2.817980 -2.592228
4.478240 4.366668 209.500000 2.558757 -2.925343
4.477329 4.366893 209.600000 2.266222 -3.110116
4.476106 4.367176 209.700000 1.955211 -3.150095
4.474614 4.367465 209.800000 1.640201 -3.154023
4.472901 4.367558 209.900000 1.324799 -3.020705
4.471021 4.367652 210.000000 1.022728 -3.021493
4.469017 4.368082 210.100000 0.720579 -3.246963
4.466930 4.368685 210.200000 0.395883 -3.357641
4.464807 4.369620 210.300000 0.060119 -3.559875
4.462707 4.370133 210.400000 -0.295869 -3.301122
4.460681 4.370993 210.500000 -0.625981 -3.516324
4.458791 4.371690 210.600000 -0.977613 -3.417438
4.457089 4.371962 210.700000 -1.319357 -3.145054
4.455608 4.372072 210.800000 -1.633862 -3.033975
4.454386 4.371828 210.900000 -1.937260 -2.777701
4.453438 4.371250 211.000000 -2.215030 -2.510546
4.452769 4.370346 211.100000 -2.466085 -2.218645
4.452371 4.369351 211.200000 -2.687949 -2.130718
4.452256 4.368026 211.300000 -2.901021 -1.770700
4.452390 4.366497 211.400000 -3.078091 -1.506467
4.452750 4.364754 211.500000 -3.228738 -1.164083
4.453289 4.362852 211.600000 -3.345146 -0.821795
4.453960 4.360929 211.700000 -3.427325 -0.763065
4.454754 4.358883 211.800000 -3.503632 -0.224521
4.455585 4.356829 211.900000 -3.526084 0.094587
4.456400 4.354795 212.000000 -3.516625 0.292250
4.457165 4.352798 212.100000 -3.487400 0.482981
4.457852 4.350859 212.200000 -3.439102 0.686405
4.458427 4.349217 212.300000 -3.370462 1.314252
4.458797 4.347871 212.400000 -3.239036 1.726214
4.458912 4.346708 212.500000 -3.066415 1.936801
4.458755 4.346217 212.600000 -2.872735 2.569722
4.458268 4.345911 212.700000 -2.615763 2.718361
4.457464 4.345976 212.800000 -2.343927 2.994663
4.456352 4.346618 212.900000 -2.044460 3.380526
4.454944 4.347622 213.000000 -1.706408 3.601664
4.453280 4.348984 213.100000 -1.346241 3.807966
4.451410 4.350851 213.200000 -0.965445 4.082392
4.449397 4.353038 213.300000 -0.557206 4.246447
4.447317 4.354734 213.400000 -0.132561 3.993682
4.445252 4.356436 213.500000 0.266807 3.997861
4.443276 4.358243 213.600000 0.666593 4.053749
4.441466 4.359723 213.700000 1.071968 3.879020
4.439888 4.361159 213.800000 1.459870 3.855222
4.438609 4.362474 213.900000 1.845393 3.788378
4.437691 4.363116 214.000000 2.224230 3.387159
4.437153 4.363280 214.100000 2.562946 3.070622
4.437004 4.363114 214.200000 2.870008 2.830832
4.437253 4.362543 214.300000 3.153092 2.505797
4.437885 4.361480 214.400000 3.403671 2.040291
4.438849 4.360001 214.500000 3.607701 1.540942
4.440077 4.358399 214.600000 3.761795 1.358013
4.441547 4.356735 214.700000 3.897596 1.251053
4.443245 4.354837 214.800000 4.022701 0.748078
4.445083 4.352907 214.900000 4.097509 0.637976
4.447041 4.350889 215.000000 4.161307 0.158307
4.449029 4.348868 215.100000 4.177137 -0.054400
4.451004 4.346896 215.200000 4.171697 -0.456576
4.452889 4.345038 215.300000 4.126040 -0.830719
4.454616 4.343432 215.400000 4.042968 -1.329076
4.456095 4.342185 215.500000 3.910060 -1.819604
4.457251 4.341291 215.600000 3.728100 -2.197139
4.458037 4.340681 215.700000 3.508386 -2.459719
4.458437 4.340207 215.800000 3.262414 -2.575263
4.458463 4.340269 215.900000 3.004888 -2.991648
4.458094 4.340806 216.000000 2.705723 -3.317144
4.457336 4.341706 216.100000 2.374009 -3.545537
4.456218 4.342660 216.200000 2.019455 -3.579013
4.454796 4.343470 216.300000 1.661554 -3.491618
4.453136 4.344609 216.400000 1.312392 -3.690656
4.451286 4.346160 216.500000 0.943326 -3.925003
4.449302 4.347546 216.600000 0.550826 -3.834235
4.447256 4.348944 216.700000 0.167402 -3.841319
4.445216 4.350471 216.800000 -0.216730 -3.914171
4.443253 4.351932 216.900000 -0.608147 -3.878831
4.441435 4.353286 217.000000 -0.996030 -3.818309
4.439827 4.354622 217.100000 -1.377861 -3.809536
4.438496 4.356218 217.200000 -1.758814 -3.955490
4.437522 4.357172 217.300000 -2.154363 -3.585858
4.436933 4.357702 217.400000 -2.512949 -3.319987
4.436754 4.358039 217.500000 -2.844948 -3.190871
4.437015 4.357960 217.600000 -3.164035 -2.893149
4.437716 4.357616 217.700000 -3.453350 -2.687008
4.438858 4.356783 217.800000 -3.722050 -2.254466
4.440396 4.355587 217.900000 -3.947497 -1.870524
4.442279 4.354086 218.000000 -4.134549 -1.471747
4.444444 4.352393 218.100000 -4.281724 -1.148589
4.446835 4.350515 218.200000 -4.396583 -0.710123
4.449369 4.348556 218.300000 -4.467595 -0.378280
4.451977 4.346576 218.400000 -4.505423 0.210357
4.454540 4.344669 218.500000 -4.484388 0.595953
4.456980 4.342918 218.600000 -4.424792 1.016769
4.459214 4.341363 218.700000 -4.323116 1.371156
4.461179 4.340095 218.800000 -4.186000 1.769294
4.462812 4.339013 218.900000 -4.009071 1.985595
4.464088 4.338290 219.000000 -3.810511 2.347139
4.464968 4.338166 219.100000 -3.575797 2.852076
4.465401 4.338873 219.200000 -3.290590 3.431340
4.465346 4.340201 219.300000 -2.947456 3.808867
4.464812 4.341707 219.400000 -2.566569 3.910362
4.463856 4.343863 219.500000 -2.175533 4.260620
4.462521 4.346623 219.600000 -1.749471 4.562555
4.460871 4.349781 219.700000 -1.293215 4.751291
4.458995 4.353366 219.800000 -0.818086 4.946293
4.456992 4.356886 219.900000 -0.323457 4.918698
4.454973 4.360367 220.000000 0.168413 4.902975
4.453049 4.363083 220.100000 0.658710 4.547789
4.451309 4.365143 220.200000 1.113489 4.219311
4.449824 4.366667 220.300000 1.535420 3.930316
4.448649 4.367830 220.400000 1.928452 3.723208
4.447832 4.368440 220.500000 2.300773 3.380281
4.447394 4.368322 220.600000 2.638801 2.866164
4.447318 4.367863 220.700000 2.925417 2.590217
4.447600 4.366921 220.800000 3.184439 2.138695
4.448200 4.365684 220.900000 3.398309 1.807728
4.449085 4.364190 221.000000 3.579081 1.457504
4.450210 4.362530 221.100000 3.724832 1.177278
4.451535 4.360763 221.200000 3.842560 0.950369
4.453026 4.358849 221.300000 3.937596 0.495440
4.454604 4.356881 221.400000 3.987140 -0.026600
4.456176 4.354924 221.500000 3.984480 -0.201346
4.457711 4.353058 221.600000 3.964346 -0.658190
4.459127 4.351427 221.700000 3.898527 -1.212916
4.460332 4.349918 221.800000 3.777235 -1.416480
4.461300 4.348547 221.900000 3.635587 -1.616489
4.462008 4.347543 222.000000 3.473938 -2.058782
4.462404 4.346809 222.100000 3.268060 -2.330418
4.462468 4.346457 222.200000 3.035018 -2.670695
4.462184 4.346099 222.300000 2.767949 -2.664016
4.461585 4.345923 222.400000 2.501547 -2.812745
4.460688 4.345578 222.500000 2.220273 -2.674740
4.459541 4.345485 222.600000 1.952799 -2.877107
4.458161 4.345455 222.700000 1.665088 -2.925237
4.456584 4.345896 222.800000 1.372564 -3.264602
4.454831 4.346636 222.900000 1.046104 -3.462735
4.452944 4.347548 223.000000 0.699831 -3.572453
4.450975 4.348034 223.100000 0.342585 -3.296366
4.448982 4.348578 223.200000 0.012949 -3.335709
4.447013 4.348714 223.300000 -0.320622 -3.050228
4.445111 4.348940 223.400000 -0.625645 -3.115990
4.443320 4.348766 223.500000 -0.937244 -2.813991
4.441665 4.348549 223.600000 -1.218643 -2.779524
4.440181 4.348078 223.700000 -1.496595 -2.566647
4.438884 4.347655 223.800000 -1.753260 -2.608362
4.437808 4.346924 223.900000 -2.014096 -2.328021
4.436954 4.346103 224.000000 -2.246899 -2.238816
4.436337 4.345077 224.100000 -2.470780 -2.022765
4.435952 4.343987 224.200000 -2.673057 -1.950481
4.435808 4.342886 224.300000 -2.868105 -1.934894
4.435920 4.341666 224.400000 -3.061594 -1.791431
4.436283 4.340167 224.500000 -3.240737 -1.395521
4.436851 4.338513 224.600000 -3.380289 -1.117644
4.437589 4.336800 224.700000 -3.492054 -0.987023
4.438483 4.334978 224.800000 -3.590756 -0.692107
4.439487 4.333060 224.900000 -3.659967 -0.199859
4.440523 4.331139 225.000000 -3.679953 0.127506
4.441537 4.329271 225.100000 -3.667202 0.497927
4.442469 4.327523 225.200000 -3.617409 0.886417
4.443261 4.326003 225.300000 -3.528768 1.342633
4.443845 4.324632 225.400000 -3.394504 1.571082
4.444198 4.323441 225.500000 -3.237396 1.810099
4.444299 4.322382 225.600000 -3.056386 1.966102
4.444141 4.321694 225.700000 -2.859776 2.353055
4.443699 4.321052 225.800000 -2.624471 2.396787
4.442991 4.320358 225.900000 -2.384792 2.345573
4.442048 4.319761 226.000000 -2.150235 2.438197
4.440888 4.319270 226.100000 -1.906415 2.532681
4.439529 4.318980 226.200000 -1.653147 2.707050
4.437990 4.319113 226.300000 -1.382442 3.039904
4.436288 4.319420 226.400000 -1.078451 3.166720
4.434458 4.319905 226.500000 -0.761779 3.291745
4.432543 4.320542 226.600000 -0.432605 3.395244
4.430591 4.321028 226.700000 -0.093080 3.293278
4.428650 4.321475 226.800000 0.236247 3.266431
4.426769 4.321625 226.900000 0.562890 3.053703
4.424986 4.321640 227.000000 0.868261 2.951798
4.423336 4.321525 227.100000 1.163441 2.849645
4.421852 4.321137 227.200000 1.448405 2.623060
4.420550 4.320371 227.300000 1.710711 2.270396
4.419433 4.319300 227.400000 1.937751 1.941349
4.418489 4.318051 227.500000 2.131886 1.719040
4.417714 4.316612 227.600000 2.303789 1.443595
4.417090 4.314961 227.700000 2.448149 1.054076
4.416583 4.313151 227.800000 2.553557 0.613193
4.416145 4.311277 227.900000 2.614876 0.286453
4.415741 4.309388 228.000000 2.643521 0.084150
4.415347 4.307505 228.100000 2.651936 -0.157603
4.414935 4.305647 228.200000 2.636176 -0.359652
4.414482 4.303767 228.300000 2.600211 -0.148766
4.414013 4.301893 228.400000 2.585334 -0.210004
4.413520 4.300026 228.500000 2.564334 -0.261049
4.412999 4.298172 228.600000 2.538229 -0.349867
4.412439 4.296359 228.700000 2.503242 -0.547887
4.411821 4.294571 228.800000 2.448453 -0.637363
4.411136 4.292877 228.900000 2.384717 -0.909913
4.410359 4.291410 229.000000 2.293726 -1.366271
4.409450 4.290058 229.100000 2.157099 -1.543675
4.408402 4.288803 229.200000 2.002731 -1.681754
4.407213 4.287840 229.300000 1.834556 -2.038889
4.405872 4.287179 229.400000 1.630667 -2.354523
4.404377 4.286662 229.500000 1.395215 -2.489791
4.402746 4.286161 229.600000 1.146236 -2.504315
4.401005 4.285871 229.700000 0.895804 -2.690269
4.399176 4.285723 229.800000 0.626777 -2.809643
4.397289 4.285446 229.900000 0.345813 -2.700899
4.395379 4.285211 230.000000 0.075723 -2.737058
4.393478 4.284795 230.100000 -0.197983 -2.579993
4.391616 4.284209 230.200000 -0.455982 -2.422458
4.389816 4.283505 230.300000 -0.698228 -2.307116
4.388098 4.282929 230.400000 -0.928939 -2.431596
4.386493 4.282405 230.500000 -1.172099 -2.479623
4.385029 4.281632 230.600000 -1.420061 -2.236014
4.383714 4.280688 230.700000 -1.643663 -2.050385
4.382556 4.279404 230.800000 -1.848701 -1.622459
4.381534 4.277997 230.900000 -2.010947 -1.435527
4.380642 4.276539 231.000000 -2.154500 -1.347603
4.379881 4.274972 231.100000 -2.289260 -1.143874
4.379236 4.273287 231.200000 -2.403648 -0.866736
4.378684 4.271481 231.300000 -2.490321 -0.434564
4.378179 4.269636 231.400000 -2.533778 -0.044287
4.377679 4.267810 231.500000 -2.538206 0.284135
4.377149 4.266012 231.600000 -2.509793 0.453525
4.376571 4.264228 231.700000 -2.464440 0.508322
4.375940 4.262475 231.800000 -2.413608 0.631485
4.375244 4.260848 231.900000 -2.350460 0.989346
4.374451 4.259239 232.000000 -2.251525 1.025083
4.373562 4.257611 232.100000 -2.149017 0.978636
4.372585 4.256134 232.200000 -2.051153 1.285542
4.371498 4.254753 232.300000 -1.922599 1.446957
4.370298 4.253336 232.400000 -1.777903 1.385411
4.368997 4.252127 232.500000 -1.639362 1.697856
4.367583 4.251021 232.600000 -1.469576 1.832029
4.366063 4.250112 232.700000 -1.286373 2.067325
4.364438 4.249101 232.800000 -1.079641 1.945997
4.362733 4.248119 232.900000 -0.885041 1.980532
4.360963 4.247226 233.000000 -0.686988 2.082184
4.359142 4.246311 233.100000 -0.478770 2.055295
4.357289 4.245425 233.200000 -0.273240 2.088206
4.355423 4.244604 233.300000 -0.064419 2.158656
4.353563 4.243989 233.400000 0.151446 2.369628
4.351732 4.243397 233.500000 0.388409 2.392337
4.349954 4.242976 233.600000 0.627643 2.553399
4.348260 4.242447 233.700000 0.882983 2.452146
4.346673 4.241441 233.800000 1.128197 1.942929
4.345189 4.240474 233.900000 1.322490 1.989352
4.343828 4.239342 234.000000 1.521425 1.783417
4.342590 4.238109 234.100000 1.699767 1.645265
4.341478 4.237003 234.200000 1.864293 1.814470
4.340518 4.235640 234.300000 2.045740 1.443019
4.339690 4.234236 234.400000 2.190042 1.373874
4.338995 4.232815 234.500000 2.327430 1.342925
4.338437 4.231226 234.600000 2.461722 1.003221
4.337987 4.229578 234.700000 2.562044 0.848440
4.337632 4.227856 234.800000 2.646888 0.609972
4.337346 4.226124 234.900000 2.707885 0.558724
4.337126 4.224350 235.000000 2.763758 0.337795
4.336945 4.222563 235.100000 2.797537 0.205499
4.336790 4.220770 235.200000 2.818087 -0.077388
4.336625 4.219020 235.300000 2.810348 -0.450884
4.336407 4.217371 235.400000 2.765260 -0.820388
4.336094 4.215743 235.500000 2.683221 -0.873317
4.335684 4.214288 235.600000 2.595890 -1.254624
4.335140 4.212950 235.700000 2.470427 -1.454263
4.334448 4.211724 235.800000 2.325001 -1.625892
4.333602 4.210597 235.900000 2.162412 -1.761694
4.332602 4.209654 236.000000 1.986242 -1.992025
4.331443 4.208891 236.100000 1.787040 -2.194470
4.330130 4.208126 236.200000 1.567593 -2.190793
4.328683 4.207325 236.300000 1.348514 -2.152337
4.327125 4.206766 236.400000 1.133280 -2.401794
4.325464 4.206196 236.500000 0.893100 -2.391287
4.323727 4.205836 236.600000 0.653972 -2.589638
4.321934 4.205495 236.700000 0.395008 -2.606964
4.320114 4.205155 236.800000 0.134311 -2.607488
4.318294 4.204730 236.900000 -0.126437 -2.528968
4.316503 4.204271 237.000000 -0.379334 -2.496917
4.314767 4.203755 237.100000 -0.629026 -2.441587
4.313109 4.203006 237.200000 -0.873185 -2.202733
4.311544 4.202015 237.300000 -1.093458 -1.923523
4.310077 4.200982 237.400000 -1.285810 -1.870431
4.308719 4.199814 237.500000 -1.472853 -1.688780
4.307474 4.198804 237.600000 -1.641731 -1.897387
4.306368 4.197592 237.700000 -1.831470 -1.622285
4.305393 4.196118 237.800000 -1.993698 -1.175937
4.304520 4.194595 237.900000 -2.111292 -1.068637
4.303746 4.192990 238.000000 -2.218156 -0.864666
4.303054 4.191275 238.100000 -2.304623 -0.462161
4.302408 4.189547 238.200000 -2.350839 -0.384599
4.301800 4.187791 238.300000 -2.389299 -0.055913
4.301199 4.186041 238.400000 -2.394890 0.174728
4.300581 4.184336 238.500000 -2.377417 0.483288
4.299915 4.182775 238.600000 -2.329088 0.959043
4.299159 4.181293 238.700000 -2.233184 1.133454
4.298300 4.179917 238.800000 -2.119839 1.338574
4.297326 4.178655 238.900000 -1.985981 1.525344
4.296232 4.177446 239.000000 -1.833447 1.605124
4.295021 4.176251 239.100000 -1.672934 1.624041
4.293703 4.175374 239.200000 -1.510530 2.037618
4.292266 4.174571 239.300000 -1.306768 2.122879
4.290724 4.174063 239.400000 -1.094481 2.432721
4.289084 4.173616 239.500000 -0.851208 2.491215
4.287371 4.173357 239.600000 -0.602087 2.665699
4.285606 4.173253 239.700000 -0.335517 2.800872
4.283820 4.173474 239.800000 -0.055430 3.067110
4.282049 4.173851 239.900000 0.251281 3.187024
4.280333 4.174236 240.000000 0.569984 3.193302
4.278716 4.174728 240.100000 0.889314 3.273121
4.277243 4.175198 240.200000 1.216626 3.257062
4.275959 4.175591 240.300000 1.542332 3.199381
4.274902 4.175780 240.400000 1.862270 3.043756
4.274100 4.175847 240.500000 2.166646 2.944659
4.273583 4.175524 240.600000 2.461112 2.607633
4.273346 4.174825 240.700000 2.721875 2.231925
4.273373 4.173963 240.800000 2.945068 2.048500
4.273658 4.172891 240.900000 3.149918 1.784157
4.274183 4.171548 241.000000 3.328333 1.367210
4.274900 4.170151 241.100000 3.465054 1.266775
4.275801 4.168675 241.200000 3.591732 1.102361
4.276869 4.167019 241.300000 3.701968 0.587080
4.278026 4.165309 241.400000 3.760676 0.273594
4.279225 4.163586 241.500000 3.788035 -0.034159
4.280417 4.161924 241.600000 3.784620 -0.545224
4.281524 4.160347 241.700000 3.730097 -0.834730
4.282503 4.158894 241.800000 3.646624 -1.134914
4.283312 4.157678 241.900000 3.533133 -1.559473
4.283899 4.156822 242.000000 3.377185 -2.042300
4.284208 4.156280 242.100000 3.172955 -2.385557
4.284217 4.156085 242.200000 2.934400 -2.714159
4.283912 4.156077 242.300000 2.662984 -2.876750
4.283309 4.156336 242.400000 2.375309 -3.092901
4.282423 4.156958 242.500000 2.066019 -3.366185
4.281275 4.158017 242.600000 1.729400 -3.667969
4.279894 4.159158 242.700000 1.362603 -3.722493
4.278334 4.160518 242.800000 0.990354 -3.863109
4.276648 4.161898 242.900000 0.604043 -3.876470
4.274899 4.163854 243.000000 0.216396 -4.223379
4.273150 4.165969 243.100000 -0.205942 -4.314262
4.271477 4.168168 243.200000 -0.637368 -4.362672
4.269959 4.170164 243.300000 -1.073635 -4.248930
4.268666 4.172076 243.400000 -1.498528 -4.201494
4.267669 4.173468 243.500000 -1.918678 -3.888810
4.267011 4.174185 243.600000 -2.307559 -3.441489
4.266703 4.174484 243.700000 -2.651708 -3.131247
4.266755 4.174321 243.800000 -2.964832 -2.748823
4.267157 4.173881 243.900000 -3.239715 -2.490190
4.267902 4.172933 244.000000 -3.488734 -1.928042
4.268930 4.171741 244.100000 -3.681538 -1.589001
4.270201 4.170344 244.200000 -3.840438 -1.232756
4.271668 4.168778 244.300000 -3.963714 -0.827148
4.273269 4.167132 244.400000 -4.046428 -0.538311
4.274959 4.165432 244.500000 -4.100259 -0.139786
4.276670 4.163762 244.600000 -4.114238 0.394126
4.278315 4.162179 244.700000 -4.074825 0.759870
4.279833 4.160774 244.800000 -3.998838 1.201234
4.281156 4.159632 244.900000 -3.878715 1.651590
4.282223 4.158699 245.000000 -3.713556 1.934410
4.283003 4.157761 245.100000 -3.520115 1.928122
4.283514 4.157036 245.200000 -3.327303 2.181491
4.283738 4.156646 245.300000 -3.109154 2.530229
4.283654 4.156672 245.400000 -2.856131 2.905289
4.283250 4.157350 245.500000 -2.565602 3.412099
4.282514 4.158285 245.600000 -2.224392 3.592821
4.281479 4.159478 245.700000 -1.865110 3.766198
4.280188 4.161011 245.800000 -1.488490 3.981855
4.278690 4.162793 245.900000 -1.090305 4.133912
4.277045 4.164702 246.000000 -0.676913 4.209736
4.275321 4.167042 246.100000 -0.255940 4.455774
4.273592 4.169578 246.200000 0.189637 4.563502
4.271942 4.171864 246.300000 0.645988 4.427640
4.270450 4.173743 246.400000 1.088752 4.196525
4.269179 4.175115 246.500000 1.508404 3.887280
4.268178 4.176677 246.600000 1.897132 4.007538
4.267519 4.178077 246.700000 2.297886 3.906748
4.267254 4.179268 246.800000 2.688561 3.772974
4.267429 4.180278 246.900000 3.065858 3.653273
4.268084 4.180853 247.000000 3.431185 3.347030
4.269226 4.181015 247.100000 3.765888 3.027111
4.270847 4.180495 247.200000 4.068599 2.406132
4.272873 4.179670 247.300000 4.309213 2.068584
4.275267 4.178556 247.400000 4.516071 1.686875
4.277972 4.177113 247.500000 4.684758 1.100274
4.280886 4.175523 247.600000 4.794786 0.691956
4.283932 4.173840 247.700000 4.863981 0.106393
4.286997 4.172185 247.800000 4.874621 -0.375125
4.289985 4.170564 247.900000 4.837108 -0.551969
4.292865 4.169101 248.000000 4.781911 -1.039407
4.295543 4.167727 248.100000 4.677971 -1.232172
4.297991 4.166599 248.200000 4.554754 -1.654222
4.300139 4.165929 248.300000 4.389331 -2.236902
4.301900 4.165713 248.400000 4.165641 -2.694216
4.303223 4.165924 248.500000 3.896219 -3.062909
4.304083 4.166561 248.600000 3.589929 -3.391081
4.304477 4.167238 248.700000 3.250820 -3.420478
4.304447 4.168046 248.800000 2.908773 -3.515178
4.304032 4.169008 248.900000 2.557255 -3.623554
4.303271 4.170318 249.000000 2.194899 -3.855070
4.302201 4.171860 249.100000 1.809392 -4.003177
4.300873 4.173838 249.200000 1.409075 -4.267278
4.299342 4.176076 249.300000 0.982347 -4.416878
4.297678 4.178281 249.400000 0.540659 -4.399589
4.295958 4.180559 249.500000 0.100700 -4.441214
4.294261 4.182529 249.600000 -0.343421 -4.266435
4.292661 4.184745 249.700000 -0.770065 -4.408337
4.291236 4.186252 249.800000 -1.210898 -3.987881
4.290038 4.187604 249.900000 -1.609687 -3.889799
4.289121 4.188549 250.000000 -1.998666 -3.619840
4.288521 4.189082 250.100000 -2.360650 -3.323121
4.288256 4.189292 250.200000 -2.692963 -3.070818
4.288341 4.188978 250.300000 -3.000044 -2.608924
4.288751 4.188238 250.400000 -3.260937 -2.162011
4.289452 4.187267 250.500000 -3.477138 -1.872932
4.290419 4.186102 250.600000 -3.664431 -1.590798
4.291623 4.184776 250.700000 -3.823511 -1.312973
4.293030 4.183232 250.800000 -3.954808 -0.789439
4.294561 4.181580 250.900000 -4.033752 -0.263558
4.296133 4.179914 251.000000 -4.060108 -0.020270
4.297707 4.178277 251.100000 -4.062135 0.364325
4.299221 4.176682 251.200000 -4.025702 0.583249
4.300642 4.175375 251.300000 -3.967378 1.334998
4.301854 4.174275 251.400000 -3.833878 1.678494
4.302815 4.173396 251.500000 -3.666028 1.981681
4.303494 4.172598 251.600000 -3.467860 2.080876
4.303895 4.172182 251.700000 -3.259773 2.499272
4.303985 4.172134 251.800000 -3.009845 2.846705
4.303750 4.172708 251.900000 -2.725175 3.351997
4.303176 4.173564 252.000000 -2.389975 3.558443
4.302290 4.174914 252.100000 -2.034131 3.893582
4.301121 4.176098 252.200000 -1.644773 3.784554
4.299735 4.177667 252.300000 -1.266317 4.034019
4.298179 4.179168 252.400000 -0.862915 3.991940
4.296520 4.180839 252.500000 -0.463721 4.098682
4.294821 4.182324 252.600000 -0.053853 3.983382
4.293145 4.183947 252.700000 0.344485 4.070734
4.291559 4.185253 252.800000 0.751559 3.869450
4.290119 4.186724 252.900000 1.138504 3.976560
4.288890 4.187820 253.000000 1.536160 3.731313
4.287916 4.189195 253.100000 1.909291 3.916024
4.287268 4.190500 253.200000 2.300893 3.871718
4.287002 4.191124 253.300000 2.688065 3.397617
4.287119 4.191290 253.400000 3.027827 3.036886
4.287617 4.190886 253.500000 3.331515 2.517136
4.288458 4.190232 253.600000 3.583229 2.250546
4.289625 4.189432 253.700000 3.808284 2.077810
4.291112 4.188480 253.800000 4.016065 1.883404
4.292902 4.187276 253.900000 4.204405 1.502616
4.294944 4.185829 254.000000 4.354667 1.011884
4.297160 4.184223 254.100000 4.455855 0.450788
4.299453 4.182585 254.200000 4.500934 0.203386
4.301781 4.180947 254.300000 4.521272 -0.175916
4.304075 4.179392 254.400000 4.503681 -0.666675
4.306251 4.177972 254.500000 4.437013 -1.063322
4.308242 4.176695 254.600000 4.330681 -1.359425
4.310004 4.175439 254.700000 4.194739 -1.397425
4.311539 4.174466 254.800000 4.054996 -1.840946
4.312786 4.173884 254.900000 3.870902 -2.320150
4.313691 4.173775 255.000000 3.638887 -2.791442
4.314212 4.174261 255.100000 3.359742 -3.290711
4.314321 4.175253 255.200000 3.030671 -3.662357
4.314022 4.176371 255.300000 2.664436 -3.750018
4.313359 4.178267 255.400000 2.289434 -4.246966
4.312351 4.180497 255.500000 1.864737 -4.444854
4.311059 4.182829 255.600000 1.420252 -4.504434
4.309558 4.185321 255.700000 0.969808 -4.594763
4.307925 4.187818 255.800000 0.510332 -4.599024
4.306242 4.190457 255.900000 0.050430 -4.678477
4.304595 4.193245 256.000000 -0.417418 -4.760430
4.303071 4.195773 256.100000 -0.893461 -4.619355
4.301750 4.197947 256.200000 -1.355396 -4.419902
4.300702 4.200146 256.300000 -1.797387 -4.435680
4.300005 4.202048 256.400000 -2.240955 -4.261253
4.299715 4.203154 256.500000 -2.667080 -3.752207
4.299843 4.203783 256.600000 -3.042301 -3.411237
4.300397 4.204104 256.700000 -3.383424 -3.170553
4.301388 4.203850 256.800000 -3.700480 -2.665053
4.302776 4.203097 256.900000 -3.966985 -2.130447
4.304501 4.202022 257.000000 -4.180030 -1.696173
4.306505 4.200838 257.100000 -4.349647 -1.521880
4.308770 4.199358 257.200000 -4.501835 -0.885307
4.311189 4.197808 257.300000 -4.590366 -0.648628
4.313723 4.196189 257.400000 -4.655228 -0.235703
4.316297 4.194589 257.500000 -4.678799 0.390926
4.318799 4.193088 257.600000 -4.639706 0.806868
4.321155 4.191733 257.700000 -4.559019 1.182463
4.323303 4.190823 257.800000 -4.440773 1.921903
4.325125 4.190220 257.900000 -4.248583 2.295170
4.326579 4.189973 258.000000 -4.019066 2.665234
4.327630 4.190163 258.100000 -3.752542 3.060362
4.328254 4.191016 258.200000 -3.446506 3.575875
4.328425 4.192674 258.300000 -3.088919 4.116991
4.328137 4.194791 258.400000 -2.677220 4.396588
4.327431 4.197104 258.500000 -2.237561 4.511403
4.326375 4.199710 258.600000 -1.786421 4.677139
4.325039 4.202713 258.700000 -1.318707 4.893126
4.323502 4.205695 258.800000 -0.829394 4.883161
4.321855 4.208983 258.900000 -0.341078 5.044344
4.320192 4.212182 259.000000 0.163356 4.999397
4.318610 4.216498 259.100000 0.663296 5.549731
4.317231 4.220371 259.200000 1.218269 5.340176
4.316158 4.223611 259.300000 1.752287 5.024854
4.315475 4.226563 259.400000 2.254772 4.875184
4.315261 4.228926 259.500000 2.742291 4.552165
4.315568 4.230597 259.600000 3.197507 4.140082
4.316417 4.231741 259.700000 3.611515 3.795345
4.317820 4.232312 259.800000 3.991050 3.381227
4.319764 4.232428 259.900000 4.329172 3.010863
4.322224 4.232022 260.000000 4.630259 2.520870
4.325144 4.231240 260.100000 4.882346 2.095815
4.328462 4.229985 260.200000 5.091927 1.389561
4.332054 4.228460 260.300000 5.230883 0.717902
4.335788 4.226837 260.400000 5.302674 0.061982
4.339532 4.225262 260.500000 5.308872 -0.494339
4.343173 4.223902 260.600000 5.259438 -1.165615
4.346578 4.222772 260.700000 5.142876 -1.598178
4.349671 4.222034 260.800000 4.983059 -2.143323
4.352361 4.221731 260.900000 4.768726 -2.620112
4.354583 4.221705 261.000000 4.506715 -2.881626
4.356323 4.222230 261.100000 4.218552 -3.345018
4.357542 4.223447 261.200000 3.884051 -3.847128
4.358217 4.225214 261.300000 3.499338 -4.205502
4.358363 4.227628 261.400000 3.078788 -4.590830
4.358009 4.230283 261.500000 2.619705 -4.727091
4.357224 4.233354 261.600000 2.146995 -4.953392
4.356081 4.236877 261.700000 1.651656 -5.187993
4.354663 4.240530 261.800000 1.132857 -5.253904
4.353071 4.244420 261.900000 0.607467 -5.372607
4.351411 4.247736 262.000000 0.070206 -5.086573
4.349788 4.250487 262.100000 -0.438451 -4.787727
4.348290 4.253686 262.200000 -0.917224 -5.028208
4.347017 4.256709 262.300000 -1.420045 -4.936938
4.346059 4.259285 262.400000 -1.913739 -4.693970
4.345485 4.261492 262.500000 -2.383136 -4.484927
4.345357 4.263366 262.600000 -2.831628 -4.285727
4.345726 4.264830 262.700000 -3.260201 -4.027277
4.346625 4.266044 262.800000 -3.662929 -3.861910
4.348089 4.266430 262.900000 -4.049120 -3.249834
4.350072 4.266280 263.000000 -4.374103 -2.782510
4.352531 4.265605 263.100000 -4.652354 -2.231388
4.355392 4.264689 263.200000 -4.875493 -1.926307
4.358615 4.263636 263.300000 -5.068124 -1.726774
4.362172 4.262294 263.400000 -5.240801 -1.206722
4.365970 4.260794 263.500000 -5.361473 -0.785840
4.369926 4.259184 263.600000 -5.440057 -0.168188
4.373913 4.257615 263.700000 -5.456876 0.492053
4.377796 4.256161 263.800000 -5.407671 0.916212
4.381490 4.254971 263.900000 -5.316049 1.492127
4.384885 4.254114 264.000000 -5.166837 1.996258
4.387895 4.253793 264.100000 -4.967211 2.610138
4.390425 4.253939 264.200000 -4.706197 3.046608
4.392428 4.254671 264.300000 -4.401536 3.517760
4.393868 4.255912 264.400000 -4.049760 3.882566
4.394740 4.257744 264.500000 -3.661504 4.266991
4.395057 4.259961 264.600000 -3.234805 4.500636
4.394861 4.262953 264.700000 -2.784741 4.935626
4.394193 4.266179 264.800000 -2.291178 5.061572
4.393136 4.269859 264.900000 -1.785021 5.294847
4.391776 4.273830 265.000000 -1.255537 5.439945
4.390216 4.278155 265.100000 -0.711542 5.611764
4.388565 4.282851 265.200000 -0.150366 5.785539
4.386946 4.287361 265.300000 0.428188 5.701347
4.385481 4.291567 265.400000 0.998323 5.559364
4.384285 4.295264 265.500000 1.554259 5.312468
4.383453 4.298396 265.600000 2.085506 5.023307
4.383064 4.300859 265.700000 2.587837 4.657266
4.383169 4.302656 265.800000 3.053563 4.261071
4.383797 4.303938 265.900000 3.479671 3.927472
4.384967 4.304670 266.000000 3.872418 3.536242
4.386675 4.304784 266.100000 4.226042 3.035882
4.388880 4.304329 266.200000 4.529630 2.487397
4.391518 4.303524 266.300000 4.778370 2.078344
4.394534 4.302343 266.400000 4.986204 1.521051
4.397838 4.300940 266.500000 5.138309 1.058443
4.401345 4.299348 266.600000 5.244154 0.332935
4.404914 4.297738 266.700000 5.277447 -0.103721
4.408461 4.296273 266.800000 5.267075 -0.880086
4.411833 4.294977 266.900000 5.179067 -1.292689
4.414955 4.294108 267.000000 5.049798 -1.987043
4.417706 4.293599 267.100000 4.851093 -2.421943
4.420027 4.293343 267.200000 4.608899 -2.687389
4.421896 4.293526 267.300000 4.340160 -3.092833
4.423280 4.294169 267.400000 4.030877 -3.467970
4.424163 4.295417 267.500000 3.684080 -3.907300
4.424536 4.297524 267.600000 3.293350 -4.457562
4.424398 4.300392 267.700000 2.847594 -4.894700
4.423784 4.303806 267.800000 2.358124 -5.185896
4.422765 4.307234 267.900000 1.839534 -5.194053
4.421440 4.311322 268.000000 1.320129 -5.525844
4.419902 4.315248 268.100000 0.767544 -5.448037
4.418263 4.319450 268.200000 0.222741 -5.583962
4.416638 4.323622 268.300000 -0.335656 -5.570934
4.415142 4.327545 268.400000 -0.892749 -5.451055
4.413883 4.331660 268.500000 -1.437855 -5.545843
4.412979 4.335465 268.600000 -1.992439 -5.395523
4.412530 4.338550 268.700000 -2.531991 -5.025632
4.412601 4.340803 268.800000 -3.034554 -4.560346
4.413225 4.342237 268.900000 -3.490589 -4.048691
4.414405 4.343405 269.000000 -3.895458 -3.869775
4.416171 4.343955 269.100000 -4.282436 -3.412292
4.418501 4.343975 269.200000 -4.623665 -2.965690
4.421354 4.343547 269.300000 -4.920234 -2.526803
4.424678 4.342617 269.400000 -5.172914 -1.916221
4.428374 4.341390 269.500000 -5.364536 -1.438451
4.432357 4.339932 269.600000 -5.508381 -0.906395
4.436524 4.338356 269.700000 -5.599021 -0.416945
4.440774 4.336752 269.800000 -5.640715 0.142110
4.444992 4.335241 269.900000 -5.626504 0.716314
4.449058 4.333840 270.000000 -5.554873 1.048883
4.452908 4.332695 270.100000 -5.449985 1.574899
4.456442 4.331807 270.200000 -5.292495 1.966303
4.459596 4.331309 270.300000 -5.095864 2.443094
4.462298 4.331322 270.400000 -4.851555 2.955638
4.464484 4.331856 270.500000 -4.555991 3.399078
4.466118 4.333230 270.600000 -4.216083 4.012420
4.467156 4.334965 270.700000 -3.814841 4.250165
4.467628 4.337143 270.800000 -3.389825 4.524618
4.467571 4.340142 270.900000 -2.937363 4.992495
4.467020 4.343920 271.000000 -2.438114 5.400503
4.466037 4.348006 271.100000 -1.898063 5.554222
4.464723 4.352700 271.200000 -1.342641 5.845570
4.463184 4.357559 271.300000 -0.758084 5.922571
4.461545 4.362007 271.400000 -0.165827 5.732974
4.459933 4.366871 271.500000 0.407470 5.928565
4.458475 4.371960 271.600000 1.000327 6.032171
4.457308 4.376755 271.700000 1.603544 5.899849
4.456554 4.380735 271.800000 2.193529 5.513377
4.456300 4.384248 271.900000 2.744867 5.279155
4.456631 4.387285 272.000000 3.272782 5.029560
4.457612 4.389556 272.100000 3.775738 4.598054
4.459269 4.391365 272.200000 4.235544 4.316271
4.461630 4.392651 272.300000 4.667171 3.973485
4.464699 4.393429 272.400000 5.064519 3.608804
4.468460 4.393355 272.500000 5.425400 2.895730
4.472810 4.392909 272.600000 5.714973 2.520110
4.477696 4.391875 272.700000 5.966984 1.773441
4.482973 4.390633 272.800000 6.144328 1.415650
4.488567 4.389151 272.900000 6.285893 0.832060
4.494351 4.387565 273.000000 6.369099 0.337081
4.500208 4.385988 273.100000 6.402807 -0.397368
4.505969 4.384649 273.200000 6.363070 -1.205649
4.511448 4.383538 273.300000 6.242505 -1.642557
4.516552 4.382892 273.400000 6.078249 -2.287045
4.521155 4.382778 273.500000 5.849545 -2.853775
4.525159 4.383468 273.600000 5.564167 -3.541460
4.528463 4.384973 273.700000 5.210021 -4.124029
4.531011 4.387730 273.800000 4.797618 -4.886002
4.532746 4.391256 273.900000 4.309018 -5.300738
4.533697 4.395882 274.000000 3.778944 -5.843166
4.533905 4.400710 274.100000 3.194628 -5.938767
4.533485 4.406659 274.200000 2.600751 -6.437202
4.532531 4.413194 274.300000 1.957031 -6.683957
4.531182 4.420392 274.400000 1.288635 -6.953055
4.529596 4.427150 274.500000 0.593330 -6.779184
4.527948 4.434076 274.600000 -0.084589 -6.848793
4.526408 4.441148 274.700000 -0.769468 -6.908963
4.525149 4.448065 274.800000 -1.460364 -6.849370
4.524341 4.454034 274.900000 -2.145301 -6.459174
4.524112 4.459402 275.000000 -2.791219 -6.200243
4.524582 4.464044 275.100000 -3.411243 -5.871107
4.525842 4.467835 275.200000 -3.998354 -5.459349
4.527948 4.470664 275.300000 -4.544289 -4.951093
4.530914 4.472689 275.400000 -5.039398 -4.483755
4.534733 4.473437 275.500000 -5.487774 -3.614556
4.539293 4.473343 275.600000 -5.849229 -2.903419
4.544481 4.472872 275.700000 -6.139571 -2.519601
4.550237 4.472109 275.800000 -6.391531 -2.175437
4.556502 4.470970 275.900000 -6.609075 -1.630165
4.563157 4.469502 276.000000 -6.772091 -0.915197
4.570033 4.467934 276.100000 -6.863611 -0.528178
4.577035 4.466319 276.200000 -6.916429 0.111839
4.584005 4.464894 276.300000 -6.905245 1.025303
4.590715 4.463897 276.400000 -6.802715 1.848325
4.596973 4.463377 276.500000 -6.617882 2.460358
4.602648 4.463238 276.600000 -6.371846 2.855711
4.607676 4.463957 276.700000 -6.086275 3.592925
4.611935 4.465540 276.800000 -5.726983 4.206473
4.615352 4.467537 276.900000 -5.306335 4.471510
4.617947 4.469814 277.000000 -4.859184 4.642860
4.619765 4.473102 277.100000 -4.394898 5.212117
4.620805 4.477562 277.200000 -3.873687 5.803507
4.621094 4.482395 277.300000 -3.293336 5.980795
4.620738 4.488321 277.400000 -2.695256 6.469240
4.619829 4.494547 277.500000 -2.048332 6.598973
4.618512 4.500704 277.600000 -1.388435 6.571487
4.616946 4.507431 277.700000 -0.731286 6.809885
4.615285 4.514453 277.800000 -0.050298 6.931293
4.613699 4.521275 277.900000 0.642831 6.852672
4.612357 4.528051 278.000000 1.328099 6.835961
4.611427 4.534262 278.100000 2.011695 6.604496
4.611053 4.539993 278.200000 2.672144 6.400450
4.611367 4.544332 278.300000 3.312189 5.765303
4.612426 4.547738 278.400000 3.888720 5.297370
4.614274 4.550268 278.500000 4.418457 4.815454
4.616926 4.552165 278.600000 4.900002 4.436005
4.620391 4.553484 278.700000 5.343603 4.056607
4.624660 4.554128 278.800000 5.749263 3.563968
4.629683 4.554063 278.900000 6.105660 2.957018
4.635365 4.553336 279.000000 6.401362 2.247202
4.641568 4.552054 279.100000 6.626082 1.395530
4.648100 4.550494 279.200000 6.765635 0.624021
4.654780 4.548868 279.300000 6.828037 -0.116760
4.661426 4.547318 279.400000 6.816361 -0.658163
4.667908 4.546098 279.500000 6.750545 -1.508034
4.674026 4.545229 279.600000 6.599742 -2.056688
4.679661 4.544819 279.700000 6.394073 -2.607485
4.684709 4.545293 279.800000 6.133325 -3.426617
4.689024 4.546559 279.900000 5.790663 -4.022634
4.692533 4.548684 280.000000 5.388399 -4.582014
4.695195 4.551579 280.100000 4.930198 -5.031966
4.697016 4.555275 280.200000 4.427001 -5.461129
4.698027 4.559483 280.300000 3.880889 -5.719127
4.698304 4.564696 280.400000 3.308976 -6.193753
4.697918 4.570121 280.500000 2.689600 -6.290872
4.697001 4.575854 280.600000 2.060513 -6.428592
4.695686 4.581940 280.700000 1.417654 -6.582608
4.694117 4.588007 280.800000 0.759393 -6.576481
4.692448 4.593589 280.900000 0.101745 -6.367320
4.690830 4.599176 281.000000 -0.534987 -6.371976
4.689406 4.604480 281.100000 -1.172184 -6.246882
4.688313 4.609492 281.200000 -1.796873 -6.116255
4.687678 4.613790 281.300000 -2.408498 -5.780110
4.687597 4.617415 281.400000 -2.986509 -5.443708
4.688146 4.620568 281.500000 -3.530880 -5.195780
4.689393 4.623015 281.600000 -4.050458 -4.798395
4.691371 4.624615 281.700000 -4.530297 -4.273924
4.694066 4.625323 281.800000 -4.957690 -3.638798
4.697423 4.625317 281.900000 -5.321570 -3.035171
4.701366 4.624798 282.000000 -5.625087 -2.515049
4.705819 4.623780 282.100000 -5.876592 -1.871322
4.710664 4.622474 282.200000 -6.063724 -1.369335
4.715803 4.620976 282.300000 -6.200657 -0.885924
4.721135 4.619358 282.400000 -6.289250 -0.319211
4.726534 4.617747 282.500000 -6.321171 0.358914
4.731849 4.616290 282.600000 -6.285279 0.999400
4.736940 4.615260 282.700000 -6.185339 1.846619
4.741630 4.614417 282.800000 -6.000678 2.110988
4.745876 4.614029 282.900000 -5.789579 2.652909
4.749590 4.614328 283.000000 -5.524288 3.304386
4.752675 4.615097 283.100000 -5.193849 3.685929
4.755107 4.616809 283.200000 -4.825256 4.350480
4.756830 4.619181 283.300000 -4.390208 4.762172
4.757854 4.621712 283.400000 -3.913991 4.856816
4.758248 4.624819 283.500000 -3.428310 5.183698
4.758063 4.628124 283.600000 -2.909940 5.291258
4.757385 4.631626 283.700000 -2.380814 5.397876
4.756306 4.635551 283.800000 -1.841026 5.616942
4.754920 4.639782 283.900000 -1.279332 5.770885
4.753333 4.644193 284.000000 -0.702244 5.860280
4.751663 4.648501 284.100000 -0.116216 5.811451
4.750029 4.653203 284.200000 0.464929 6.002798
4.748559 4.657642 284.300000 1.065209 5.878359
4.747370 4.661885 284.400000 1.653045 5.784224
4.746577 4.665615 284.500000 2.231467 5.527464
4.746271 4.668933 284.600000 2.784214 5.312688
4.746534 4.671876 284.700000 3.315483 5.108837
4.747438 4.674060 284.800000 3.826366 4.667814
4.749005 4.675146 284.900000 4.293148 3.942431
4.751193 4.675417 285.000000 4.687391 3.300364
4.753941 4.674986 285.100000 5.017427 2.625040
4.757160 4.674152 285.200000 5.279931 2.143935
4.760782 4.672880 285.300000 5.494325 1.444099
4.764683 4.671465 285.400000 5.638735 1.125144
4.768805 4.669890 285.500000 5.751249 0.587583
4.773044 4.668255 285.600000 5.810007 -0.028534
4.777273 4.666687 285.700000 5.807154 -0.608104
4.781377 4.665273 285.800000 5.746344 -1.117082
4.785256 4.664125 285.900000 5.634635 -1.662945
4.788809 4.663358 286.000000 5.468341 -2.222237
4.791944 4.662895 286.100000 5.246117 -2.583736
4.794615 4.663196 286.200000 4.987744 -3.324768
4.796724 4.663824 286.300000 4.655267 -3.594794
4.798271 4.664900 286.400000 4.295787 -3.936315
4.799253 4.666296 286.500000 3.902156 -4.162639
4.799698 4.668382 286.600000 3.485892 -4.614475
4.799619 4.670821 286.700000 3.024444 -4.830248
4.799072 4.673791 286.800000 2.541420 -5.136156
4.798116 4.677508 286.900000 2.027804 -5.539328
4.796823 4.681553 287.000000 1.473871 -5.708216
4.795295 4.686066 287.100000 0.903050 -5.939969
4.793643 4.690485 287.200000 0.309053 -5.895942
4.791988 4.694443 287.300000 -0.280541 -5.668684
4.790446 4.698216 287.400000 -0.847410 -5.575090
4.789124 4.701395 287.500000 -1.404919 -5.261428
4.788107 4.704086 287.600000 -1.931062 -4.988517
4.787469 4.705881 287.700000 -2.429913 -4.442964
4.787241 4.706959 287.800000 -2.874210 -3.952631
4.787435 4.707207 287.900000 -3.269473 -3.292810
4.788021 4.707046 288.000000 -3.598754 -2.913138
4.788985 4.706455 288.100000 -3.890068 -2.451004
4.790289 4.705503 288.200000 -4.135168 -1.980009
4.791884 4.704323 288.300000 -4.333169 -1.614237
4.793724 4.702891 288.400000 -4.494593 -1.069428
4.795731 4.701322 288.500000 -4.601536 -0.593788
4.797832 4.699709 288.600000 -4.660914 -0.298838
4.799981 4.698090 288.700000 -4.690798 0.219224
4.802092 4.696584 288.800000 -4.668876 0.834409
4.804068 4.695450 288.900000 -4.585435 1.683882
4.805780 4.694635 289.000000 -4.417047 2.162775
4.807170 4.694081 289.100000 -4.200769 2.487279
4.808207 4.693905 289.200000 -3.952041 2.893433
4.808864 4.694134 289.300000 -3.662698 3.272403
4.809124 4.694722 289.400000 -3.335458 3.577147
4.808994 4.695406 289.500000 -2.977743 3.654073
4.808512 4.696512 289.600000 -2.612336 3.974736
4.807699 4.698465 289.700000 -2.214862 4.550919
4.806575 4.700700 289.800000 -1.759770 4.728293
4.805203 4.703063 289.900000 -1.286941 4.806691
4.803659 4.705640 290.000000 -0.806272 4.935392
4.802020 4.708019 290.100000 -0.312732 4.819034
4.800371 4.710367 290.200000 0.169171 4.800647
4.798791 4.712391 290.300000 0.649236 4.602065
4.797351 4.714057 290.400000 1.109442 4.370525
4.796111 4.715386 290.500000 1.546495 4.141425
4.795123 4.716492 290.600000 1.960637 3.982388
4.794430 4.717384 290.700000 2.358876 3.824288
4.794074 4.717920 290.800000 2.741305 3.542568
4.794073 4.717956 290.900000 3.095562 3.105837
4.794419 4.717681 291.000000 3.406145 2.799654
4.795105 4.717000 291.100000 3.686111 2.338301
4.796097 4.716002 291.200000 3.919941 1.902803
4.797350 4.714752 291.300000 4.110221 1.464923
4.798812 4.713330 291.400000 4.256713 1.066999
4.800431 4.711806 291.500000 4.363413 0.735540
4.802160 4.710202 291.600000 4.436967 0.255813
4.803926 4.708594 291.700000 4.462549 -0.176503
4.805665 4.707031 291.800000 4.444898 -0.541547
4.807320 4.705605 291.900000 4.390744 -1.043625
4.808819 4.704410 292.000000 4.286381 -1.557651
4.810093 4.703354 292.100000 4.130616 -1.800280
4.811117 4.702334 292.200000 3.950588 -1.856285
4.811896 4.701735 292.300000 3.764960 -2.428716
4.812371 4.701495 292.400000 3.522088 -2.828571
4.812519 4.701608 292.500000 3.239231 -3.172702
4.812334 4.701975 292.600000 2.921961 -3.398599
4.811829 4.702780 292.700000 2.582101 -3.756823
4.811017 4.703839 292.800000 2.206418 -3.951546
4.809935 4.705054 292.900000 1.811264 -4.065084
4.808630 4.706092 293.000000 1.404755 -3.936169
4.807165 4.707033 293.100000 1.011138 -3.863887
4.805592 4.708058 293.200000 0.624750 -3.927876
4.803964 4.709440 293.300000 0.231962 -4.186157
4.802333 4.710567 293.400000 -0.186654 -4.004236
4.800756 4.711622 293.500000 -0.587077 -3.952394
4.799285 4.712501 293.600000 -0.982317 -3.818603
4.797969 4.713025 293.700000 -1.364177 -3.536521
4.796838 4.713232 293.800000 -1.717829 -3.261854
4.795917 4.713414 293.900000 -2.044014 -3.239992
4.795240 4.713461 294.000000 -2.368014 -3.114750
4.794830 4.713176 294.100000 -2.679489 -2.784510
4.794687 4.712654 294.200000 -2.957940 -2.520136
4.794809 4.711791 294.300000 -3.209953 -2.084543
4.795164 4.710846 294.400000 -3.418407 -1.964653
4.795754 4.709556 294.500000 -3.614873 -1.349784
4.796513 4.708153 294.600000 -3.749851 -1.070387
4.797409 4.706622 294.700000 -3.856890 -0.626415
4.798387 4.705052 294.800000 -3.919532 -0.389299
4.799416 4.703457 294.900000 -3.958461 -0.029585
4.800449 4.701908 295.000000 -3.961420 0.511742
4.801412 4.700388 295.100000 -3.910246 0.658966
4.802289 4.699047 295.200000 -3.844349 1.215172
4.803009 4.697827 295.300000 -3.722832 1.479725
4.803546 4.696881 295.400000 -3.574859 1.951929
4.803853 4.696296 295.500000 -3.379667 2.436199
4.803891 4.695952 295.600000 -3.136047 2.711789
4.803654 4.695826 295.700000 -2.864868 2.940531
4.803148 4.696155 295.800000 -2.570815 3.367869
4.802368 4.696780 295.900000 -2.234028 3.617701
4.801338 4.697566 296.000000 -1.872258 3.748090
4.800096 4.698220 296.100000 -1.497449 3.643426
4.798692 4.698693 296.200000 -1.133106 3.492062
4.797177 4.699115 296.300000 -0.783900 3.449846
4.795592 4.699640 296.400000 -0.438915 3.537086
4.793976 4.700308 296.500000 -0.085207 3.655808
4.792374 4.701131 296.600000 0.280374 3.779013
4.790832 4.701665 296.700000 0.658275 3.545913
4.789391 4.701929 296.800000 1.012867 3.311776
4.788083 4.701868 296.900000 1.344044 3.007329
4.786926 4.701679 297.000000 1.644777 2.877404
4.785944 4.701347 297.100000 1.932517 2.726191
4.785152 4.700773 297.200000 2.205137 2.447117
4.784552 4.700066 297.300000 2.449848 2.279512
4.784149 4.699211 297.400000 2.677799 2.076227
4.783940 4.698128 297.500000 2.885422 1.718878
4.783903 4.696847 297.600000 3.057310 1.329878
4.784005 4.695450 297.700000 3.190298 1.035998
4.784221 4.693962 297.800000 3.293897 0.726980
4.784517 4.692389 297.900000 3.366596 0.116033
4.784826 4.690827 298.000000 3.378199 -0.261901
4.785105 4.689335 298.100000 3.352009 -0.697295
4.785307 4.688004 298.200000 3.282279 -1.198668
4.785379 4.686877 298.300000 3.162412 -1.627754
4.785283 4.685977 298.400000 2.999637 -2.000727
4.784993 4.685167 298.500000 2.799564 -2.128672
4.784511 4.684452 298.600000 2.586697 -2.257962
4.783842 4.683941 298.700000 2.360901 -2.513277
4.782986 4.683580 298.800000 2.109573 -2.685092
4.781954 4.683482 298.900000 1.841064 -2.963138
4.780754 4.683749 299.000000 1.544750 -3.311287
4.779402 4.684335 299.100000 1.213621 -3.587918
4.777927 4.685012 299.200000 0.854830 -3.664006
4.776371 4.685944 299.300000 0.488429 -3.866298
4.774778 4.686793 299.400000 0.101799 -3.801938
4.773197 4.687354 299.500000 -0.278395 -3.569390
4.771672 4.687853 299.600000 -0.635334 -3.515936
4.770243 4.688062 299.700000 -0.986927 -3.260217
4.768940 4.688144 299.800000 -1.312949 -3.141501
4.767791 4.688042 299.900000 -1.627099 -2.960928
4.766819 4.687563 300.000000 -1.923192 -2.549493
4.766021 4.687060 300.100000 -2.178141 -2.520414
4.765417 4.686541 300.200000 -2.430182 -2.501668
4.765027 4.685763 300.300000 -2.680349 -2.167058
4.764838 4.684841 300.400000 -2.897055 -1.957360
4.764843 4.683618 300.500000 -3.092791 -1.421526
4.764999 4.682261 300.600000 -3.234944 -1.097359
4.765274 4.680815 300.700000 -3.344679 -0.814340
4.765641 4.679281 300.800000 -3.426113 -0.366792
4.766050 4.677727 300.900000 -3.462793 0.053396
4.766452 4.676200 301.000000 -3.457453 0.399495
4.766808 4.674722 301.100000 -3.417503 0.669651
4.767089 4.673328 301.200000 -3.350538 0.974570
4.767263 4.672249 301.300000 -3.253081 1.685900
4.767260 4.671414 301.400000 -3.084491 2.075135
4.767051 4.670735 301.500000 -2.876978 2.291363
4.766633 4.670262 301.600000 -2.647842 2.547072
4.766002 4.670034 301.700000 -2.393134 2.821500
4.765162 4.669928 301.800000 -2.110984 2.949814
4.764130 4.669828 301.900000 -1.816003 2.955251
4.762936 4.669869 302.000000 -1.520478 3.096658
4.761602 4.669932 302.100000 -1.210812 3.117743
4.760161 4.670111 302.200000 -0.899038 3.228281
4.758641 4.670365 302.300000 -0.576210 3.297969
4.757078 4.670405 302.400000 -0.246413 3.096239
4.755507 4.670367 302.500000 0.063211 3.017818
4.753958 4.670219 302.600000 0.364993 2.905992
4.752459 4.669984 302.700000 0.655592 2.814078
4.751035 4.669785 302.800000 0.937000 2.851695
4.749713 4.669658 302.900000 1.222169 2.927705
4.748525 4.669369 303.000000 1.514940 2.754928
4.747487 4.669083 303.100000 1.790433 2.756981
4.746626 4.668468 303.200000 2.066131 2.368586
4.745935 4.667685 303.300000 2.302990 2.140650
4.745415 4.666736 303.400000 2.517054 1.892002
4.745059 4.665572 303.500000 2.706255 1.504304
4.744840 4.664251 303.600000 2.856685 1.142834
4.744731 4.662832 303.700000 2.970968 0.842291
4.744705 4.661337 303.800000 3.055198 0.486593
4.744729 4.659806 303.900000 3.103857 0.125435
4.744765 4.658308 304.000000 3.116400 -0.453802
4.744756 4.656900 304.100000 3.071020 -0.865783
4.744660 4.655602 304.200000 2.984442 -1.189176
4.744450 4.654414 304.300000 2.865524 -1.443363
4.744108 4.653375 304.400000 2.721188 -1.726514
4.743617 4.652571 304.500000 2.548536 -2.099323
4.742957 4.651972 304.600000 2.338604 -2.378338
4.742125 4.651335 304.700000 2.100770 -2.327856
4.741142 4.650652 304.800000 1.867985 -2.267127
4.740029 4.650151 304.900000 1.641272 -2.498960
4.738793 4.649805 305.000000 1.391376 -2.681095
4.737447 4.649667 305.100000 1.123266 -2.907832
4.736009 4.649719 305.200000 0.832483 -3.101365
4.734502 4.650031 305.300000 0.522347 -3.346985
4.732958 4.650592 305.400000 0.187648 -3.567685
4.731414 4.651269 305.500000 -0.169120 -3.666324
4.729914 4.651929 305.600000 -0.535753 -3.651990
4.728500 4.652491 305.700000 -0.900952 -3.569027
4.727212 4.652847 305.800000 -1.257854 -3.389147
4.726084 4.653088 305.900000 -1.596769 -3.282845
4.725146 4.653106 306.000000 -1.925053 -3.069324
4.724416 4.652824 306.100000 -2.231986 -2.752859
4.723900 4.652344 306.200000 -2.507272 -2.523321
4.723601 4.651689 306.300000 -2.759604 -2.300260
4.723518 4.650862 306.400000 -2.989630 -2.056522
4.723642 4.649855 306.500000 -3.195282 -1.769190
4.723956 4.648642 306.600000 -3.372201 -1.363249
4.724422 4.647273 306.700000 -3.508526 -0.946943
4.724998 4.645819 306.800000 -3.603220 -0.605784
4.725645 4.644309 306.900000 -3.663799 -0.157006
4.726311 4.642815 307.000000 -3.679499 0.336118
4.726936 4.641405 307.100000 -3.645887 0.786446
4.727468 4.640079 307.200000 -3.567243 1.065476
4.727878 4.638816 307.300000 -3.460695 1.229837
4.728152 4.637739 307.400000 -3.337712 1.630358
4.728253 4.636865 307.500000 -3.174676 1.974549
4.728157 4.636065 307.600000 -2.977221 2.085698
4.727866 4.635582 307.700000 -2.768651 2.510071
4.727360 4.635387 307.800000 -2.517644 2.840491
4.726635 4.635225 307.900000 -2.233595 2.876452
4.725715 4.635200 308.000000 -1.945950 3.019133
4.724620 4.635197 308.100000 -1.644036 3.041596
4.723379 4.635130 308.200000 -1.339877 2.976001
4.722023 4.635068 308.300000 -1.042277 2.980789
4.720583 4.635249 308.400000 -0.744198 3.223523
4.719082 4.635561 308.500000 -0.421845 3.345776
4.717554 4.636092 308.600000 -0.087268 3.542875
4.716038 4.636635 308.700000 0.267020 3.553370
4.714574 4.637209 308.800000 0.622357 3.579807
4.713204 4.637602 308.900000 0.980337 3.421705
4.711962 4.637785 309.000000 1.322508 3.225734
4.710876 4.637765 309.100000 1.645081 3.025202
4.709966 4.637568 309.200000 1.947601 2.838297
4.709248 4.637269 309.300000 2.231431 2.725194
4.708739 4.636773 309.400000 2.503950 2.490152
4.708442 4.636150 309.500000 2.752966 2.328077
4.708361 4.635424 309.600000 2.985773 2.184464
4.708499 4.634607 309.700000 3.204220 2.051912
4.708855 4.633674 309.800000 3.409411 1.866714
4.709422 4.632509 309.900000 3.596082 1.429809
4.710157 4.631156 310.000000 3.739063 0.934833
4.711006 4.629702 310.100000 3.832547 0.492452
4.711916 4.628211 310.200000 3.881792 -0.091974
4.712814 4.626754 310.300000 3.872594 -0.458626
4.713654 4.625387 310.400000 3.826732 -0.873695
4.714387 4.624094 310.500000 3.739362 -1.105059
4.714989 4.622989 310.600000 3.628856 -1.542829
4.715414 4.622116 310.700000 3.474574 -1.953724
4.715627 4.621614 310.800000 3.279201 -2.475041
4.715588 4.621466 310.900000 3.031697 -2.884168
4.715282 4.621354 311.000000 2.743280 -2.923766
4.714732 4.621497 311.100000 2.450904 -3.183038
4.713948 4.622019 311.200000 2.132600 -3.534992
4.712942 4.622629 311.300000 1.779101 -3.610889
4.711752 4.623603 311.400000 1.418012 -3.913544
4.710409 4.624571 311.500000 1.026657 -3.909070
4.708963 4.625535 311.600000 0.635750 -3.905696
4.707462 4.626715 311.700000 0.245181 -4.075881
4.705957 4.627937 311.800000 -0.162407 -4.108062
4.704502 4.629173 311.900000 -0.573214 -4.118898
4.703150 4.630172 312.000000 -0.985103 -3.936599
4.701948 4.631143 312.100000 -1.378763 -3.914794
4.700944 4.631707 312.200000 -1.770243 -3.575152
4.700164 4.631823 312.300000 -2.127758 -3.160957
4.699615 4.631745 312.400000 -2.443854 -2.962375
4.699313 4.631407 312.500000 -2.740091 -2.674235
4.699256 4.630947 312.600000 -3.007515 -2.526667
4.699453 4.630173 312.700000 -3.260181 -2.101881
4.699875 4.629277 312.800000 -3.470369 -1.911605
4.700515 4.628214 312.900000 -3.661530 -1.613095
4.701348 4.626952 313.000000 -3.822839 -1.165020
4.702324 4.625541 313.100000 -3.939341 -0.643425
4.703382 4.624066 313.200000 -4.003684 0.090564
4.704427 4.622659 313.300000 -3.994628 0.653731
4.705388 4.621342 313.400000 -3.929254 0.994324
4.706227 4.620093 313.500000 -3.829822 1.187862
4.706921 4.618923 313.600000 -3.711036 1.378084
4.707456 4.617925 313.700000 -3.573227 1.724793
4.707798 4.617175 313.800000 -3.400748 2.127111
4.707917 4.616673 313.900000 -3.188037 2.466128
4.707796 4.616303 314.000000 -2.941424 2.629357
4.707439 4.616038 314.100000 -2.678489 2.749897
4.706860 4.615837 314.200000 -2.403499 2.823760
4.706079 4.615463 314.300000 -2.121123 2.622365
4.705132 4.615414 314.400000 -1.858886 2.987643
4.704023 4.615714 314.500000 -1.560122 3.333864
4.702767 4.616227 314.600000 -1.226736 3.529985
4.701395 4.616611 314.700000 -0.873737 3.413626
4.699947 4.617053 314.800000 -0.532375 3.466236
4.698460 4.617682 314.900000 -0.185751 3.632398
4.696974 4.618170 315.000000 0.177489 3.509279
4.695528 4.618571 315.100000 0.528417 3.429203
4.694159 4.619134 315.200000 0.871337 3.576400
4.692910 4.619377 315.300000 1.228977 3.281988
4.691807 4.619499 315.400000 1.557176 3.163671
4.690877 4.619396 315.500000 1.873543 2.930640
4.690134 4.619104 315.600000 2.166607 2.719104
4.689591 4.618609 315.700000 2.438517 2.472702
4.689248 4.617808 315.800000 2.685787 2.042564
4.689086 4.616855 315.900000 2.890044 1.793833
4.689092 4.615736 316.000000 3.069427 1.468628
4.689245 4.614366 316.100000 3.216290 0.752282
4.689475 4.612945 316.200000 3.291518 0.490678
4.689757 4.611519 316.300000 3.340586 0.449696
4.690086 4.610071 316.400000 3.385556 0.236657
4.690440 4.608615 316.500000 3.409221 0.012242
4.690795 4.607211 316.600000 3.410446 -0.573016
4.691089 4.605915 316.700000 3.353144 -0.999900
4.691278 4.604684 316.800000 3.253154 -1.188785
4.691348 4.603662 316.900000 3.134276 -1.652345
4.691259 4.602819 317.000000 2.969041 -1.963827
4.690991 4.602130 317.100000 2.772658 -2.199854
4.690540 4.601547 317.200000 2.552673 -2.345128
4.689908 4.601013 317.300000 2.318160 -2.411048
4.689111 4.600520 317.400000 2.077055 -2.464613
4.688162 4.600138 317.500000 1.830594 -2.602429
4.687074 4.599822 317.600000 1.570351 -2.681856
4.685866 4.599686 317.700000 1.302166 -2.887221
4.684554 4.599671 317.800000 1.013443 -3.017547
4.683160 4.599625 317.900000 0.711689 -2.984704
4.681715 4.599524 318.000000 0.413218 -2.924809
4.680246 4.599429 318.100000 0.120737 -2.931619
4.678780 4.599330 318.200000 -0.172424 -2.927189
4.677345 4.599041 318.300000 -0.465143 -2.712688
4.675961 4.598815 318.400000 -0.736412 -2.785311
4.674655 4.598534 318.500000 -1.014943 -2.721246
4.673448 4.598261 318.600000 -1.287068 -2.730924
4.672364 4.597883 318.700000 -1.560160 -2.604929
4.671419 4.597185 318.800000 -1.820653 -2.178637
4.670606 4.596266 318.900000 -2.038517 -1.825107
4.669915 4.595216 319.000000 -2.221028 -1.577431
4.669338 4.594112 319.100000 -2.378771 -1.465065
4.668875 4.592933 319.200000 -2.525277 -1.287515
4.668515 4.591668 319.300000 -2.654029 -1.052219
4.668246 4.590372 319.400000 -2.759251 -0.947582
4.668059 4.589025 319.500000 -2.854009 -0.755387
4.667941 4.587625 319.600000 -2.929547 -0.479281
4.667868 4.586192 319.700000 -2.977475 0.074148
4.667788 4.584794 319.800000 -2.970061 0.483292
4.667663 4.583483 319.900000 -2.921732 0.881382
4.667459 4.582271 320.000000 -2.833593 1.187329
4.667152 4.581250 320.100000 -2.714860 1.620729
4.666712 4.580239 320.200000 -2.552788 1.637599
4.666146 4.579286 320.300000 -2.389028 1.748736
4.665455 4.578326 320.400000 -2.214154 1.731768
4.664650 4.577574 320.500000 -2.040977 2.082770
4.663719 4.577046 320.600000 -1.832700 2.402139
4.662660 4.576754 320.700000 -1.592486 2.698442
4.661480 4.576837 320.800000 -1.322642 3.111930
4.660187 4.577008 320.900000 -1.011449 3.201444
4.658810 4.577063 321.000000 -0.691305 3.083271
4.657382 4.576898 321.100000 -0.382978 2.844945
4.655934 4.576953 321.200000 -0.098483 3.083657
4.654493 4.577182 321.300000 0.209882 3.259537
4.653090 4.577441 321.400000 0.535836 3.290154
4.651759 4.577829 321.500000 0.864852 3.412740
4.650539 4.578405 321.600000 1.206126 3.586431
4.649474 4.578813 321.700000 1.564769 3.433021
4.648595 4.579430 321.800000 1.908071 3.623069
4.647952 4.579872 321.900000 2.270378 3.464634
4.647572 4.580127 322.000000 2.616841 3.286878
4.647476 4.580092 322.100000 2.945529 2.989535
4.647667 4.579968 322.200000 3.244482 2.891128
4.648162 4.579462 322.300000 3.533595 2.428451
4.648932 4.578518 322.400000 3.776440 1.751469
4.649911 4.577423 322.500000 3.951587 1.447852
4.651070 4.576181 322.600000 4.096372 1.065668
4.652365 4.574795 322.700000 4.202939 0.456018
4.653720 4.573380 322.800000 4.248541 -0.105178
4.655059 4.572024 322.900000 4.238023 -0.622962
4.656317 4.570732 323.000000 4.175727 -0.889366
4.657460 4.569502 323.100000 4.086790 -1.093185
4.658466 4.568349 323.200000 3.977472 -1.296241
4.659315 4.567364 323.300000 3.847848 -1.662992
4.659969 4.566733 323.400000 3.681548 -2.247510
4.660375 4.566242 323.500000 3.456797 -2.441104
4.660530 4.566073 323.600000 3.212687 -2.834606
4.660416 4.566215 323.700000 2.929226 -3.170812
4.660030 4.566648 323.800000 2.612145 -3.454789
4.659385 4.567454 323.900000 2.266666 -3.789497
4.658497 4.568611 324.000000 1.887717 -4.078564
4.657398 4.569949 324.100000 1.479860 -4.220449
4.656134 4.571447 324.200000 1.057815 -4.342187
4.654759 4.573145 324.300000 0.623597 -4.489711
4.653329 4.574900 324.400000 0.174626 -4.531784
4.651907 4.576647 324.500000 -0.278553 -4.526597
4.650557 4.578121 324.600000 -0.731213 -4.327443
4.649334 4.579428 324.700000 -1.163957 -4.201004
4.648289 4.580471 324.800000 -1.584057 -3.991439
4.647464 4.581308 324.900000 -1.983201 -3.821382
4.646895 4.581851 325.000000 -2.365339 -3.563162
4.646605 4.581791 325.100000 -2.721656 -2.961852
4.646576 4.581588 325.200000 -3.017841 -2.800466
4.646819 4.581159 325.300000 -3.297887 -2.523953
4.647328 4.580654 325.400000 -3.550283 -2.423982
4.648109 4.579963 325.500000 -3.792681 -2.159038
4.649149 4.578946 325.600000 -4.008585 -1.591425
4.650388 4.577753 325.700000 -4.167727 -1.177620
4.651779 4.576518 325.800000 -4.285489 -1.052606
4.653308 4.575192 325.900000 -4.390750 -0.711142
4.654934 4.573794 326.000000 -4.461864 -0.182355
4.656583 4.572395 326.100000 -4.480100 0.146505
4.658212 4.571124 326.200000 -4.465449 0.920568
4.659715 4.569970 326.300000 -4.373392 1.269331
4.661049 4.568999 326.400000 -4.246459 1.673274
4.662169 4.568212 326.500000 -4.079132 1.999339
4.663045 4.567878 326.600000 -3.879198 2.636974
4.663618 4.567930 326.700000 -3.615501 3.077490
4.663865 4.568516 326.800000 -3.307752 3.601252
4.663767 4.569608 326.900000 -2.947626 4.034606
4.663331 4.571053 327.000000 -2.544166 4.311920
4.662588 4.572737 327.100000 -2.112974 4.490632
4.661586 4.574688 327.200000 -1.663910 4.681441
4.660381 4.577251 327.300000 -1.195766 5.092530
4.659030 4.579703 327.400000 -0.686513 5.021075
4.657613 4.582098 327.500000 -0.184406 4.985234
4.656207 4.584176 327.600000 0.314117 4.772927
4.654882 4.586428 327.700000 0.791410 4.892266
4.653712 4.588126 327.800000 1.280637 4.506454
4.652750 4.589392 327.900000 1.731282 4.181137
4.652036 4.590282 328.000000 2.149396 3.875318
4.651599 4.590632 328.100000 2.536928 3.388175
4.651442 4.590784 328.200000 2.875745 3.190091
4.651580 4.590620 328.300000 3.194754 2.846711
4.652006 4.590212 328.400000 3.479425 2.549631
4.652713 4.589623 328.500000 3.734388 2.304172
4.653688 4.588830 328.600000 3.964806 1.991883
4.654910 4.587875 328.700000 4.163994 1.702179
4.656350 4.586702 328.800000 4.334212 1.209053
4.657951 4.585409 328.900000 4.455117 0.816687
4.659663 4.584016 329.000000 4.536786 -0.019448
4.661371 4.582674 329.100000 4.534841 -0.578319
4.662999 4.581457 329.200000 4.477009 -1.071105
4.664482 4.580528 329.300000 4.369898 -1.743836
4.665737 4.579696 329.400000 4.195515 -1.917827
4.666753 4.579337 329.500000 4.003732 -2.606452
4.667463 4.579504 329.600000 3.743087 -3.203831
4.667823 4.579988 329.700000 3.422704 -3.514200
4.667838 4.580334 329.800000 3.071284 -3.382961
4.667555 4.580552 329.900000 2.732988 -3.254966
4.667019 4.580928 330.000000 2.407491 -3.412966
4.666252 4.581656 330.100000 2.066195 -3.737304
4.665273 4.582735 330.200000 1.692464 -4.036048
4.664113 4.584077 330.300000 1.288859 -4.246856
4.662814 4.585588 330.400000 0.864174 -4.376491
4.661431 4.587030 330.500000 0.426525 -4.325013
4.660022 4.588413 330.600000 -0.005977 -4.280288
4.658642 4.589678 330.700000 -0.434005 -4.189228
4.657344 4.590758 330.800000 -0.852928 -4.040084
4.656175 4.591813 330.900000 -1.256937 -4.020738
4.655185 4.592456 331.000000 -1.659010 -3.666526
4.654399 4.592915 331.100000 -2.025663 -3.496057
4.653845 4.593332 331.200000 -2.375269 -3.457177
4.653558 4.593474 331.300000 -2.720986 -3.181764
4.653547 4.593069 331.400000 -3.039163 -2.550736
4.653780 4.592399 331.500000 -3.294236 -2.177492
4.654236 4.591390 331.600000 -3.511986 -1.578959
4.654863 4.590276 331.700000 -3.669882 -1.336566
4.655640 4.589011 331.800000 -3.803538 -0.886806
4.656519 4.587669 331.900000 -3.892219 -0.515610
4.657459 4.586289 332.000000 -3.943780 -0.089167
4.658408 4.584944 332.100000 -3.952697 0.487745
4.659300 4.583674 332.200000 -3.903922 0.853737
4.660091 4.582619 332.300000 -3.818548 1.467904
4.660717 4.581770 332.400000 -3.671758 1.875812
4.661141 4.581192 332.500000 -3.484177 2.305603
4.661331 4.580994 332.600000 -3.253616 2.801576
4.661259 4.580863 332.700000 -2.973459 2.879237
4.660942 4.580964 332.800000 -2.685535 3.135473
4.660387 4.581332 332.900000 -2.371988 3.408253
4.659607 4.581733 333.000000 -2.031162 3.439979
4.658636 4.582211 333.100000 -1.687165 3.513839
4.657505 4.583180 333.200000 -1.335781 3.952959
4.656241 4.584630 333.300000 -0.940485 4.340151
4.654883 4.586163 333.400000 -0.506470 4.403942
4.653489 4.587284 333.500000 -0.066075 4.080294
4.652112 4.588351 333.600000 0.341954 4.036795
4.650801 4.589569 333.700000 0.745633 4.160056
4.649611 4.590648 333.800000 1.161639 4.047614
4.648586 4.591609 333.900000 1.566400 3.949911
4.647770 4.592391 334.000000 1.961392 3.796209
4.647199 4.592939 334.100000 2.341012 3.584193
4.646899 4.593278 334.200000 2.699432 3.384230
4.646889 4.593389 334.300000 3.037855 3.150532
4.647181 4.593288 334.400000 3.352908 2.918066
4.647777 4.592762 334.500000 3.644714 2.380849
4.648640 4.591866 334.600000 3.882799 1.784448
4.649715 4.590739 334.700000 4.061244 1.279770
4.650947 4.589458 334.800000 4.189221 0.776127
4.652276 4.588095 334.900000 4.266834 0.210256
4.653631 4.586736 335.000000 4.287859 -0.265523
4.654951 4.585447 335.100000 4.261307 -0.729705
4.656179 4.584285 335.200000 4.188337 -1.173671
4.657261 4.583450 335.300000 4.070969 -1.888476
4.658119 4.582862 335.400000 3.882122 -2.285786
4.658720 4.582311 335.500000 3.653543 -2.337602
4.659074 4.582035 335.600000 3.419783 -2.703803
4.659163 4.581921 335.700000 3.149403 -2.898250
4.658993 4.582028 335.800000 2.859578 -3.143406
4.658571 4.582521 335.900000 2.545237 -3.532296
4.657899 4.583443 336.000000 2.192008 -3.920090
4.656996 4.584667 336.100000 1.799999 -4.170955
4.655895 4.586070 336.200000 1.382903 -4.313463
4.654646 4.587400 336.300000 0.951557 -4.256620
4.653304 4.588756 336.400000 0.525895 -4.277959
4.651923 4.590448 336.500000 0.098099 -4.534887
4.650560 4.592165 336.600000 -0.355390 -4.554576
4.649277 4.593875 336.700000 -0.810847 -4.549963
4.648134 4.595512 336.800000 -1.265844 -4.496534
4.647192 4.597307 336.900000 -1.715497 -4.614082
4.646516 4.598882 337.000000 -2.176905 -4.451211
4.646158 4.600315 337.100000 -2.622026 -4.342822
4.646165 4.601758 337.200000 -3.056309 -4.351749
4.646594 4.602955 337.300000 -3.491484 -4.157031
4.647479 4.603661 337.400000 -3.907187 -3.738185
4.648817 4.604013 337.500000 -4.281005 -3.402952
4.650602 4.603972 337.600000 -4.621300 -2.988676
4.652809 4.603597 337.700000 -4.920168 -2.583067
4.655400 4.602801 337.800000 -5.178475 -1.956145
4.658295 4.601695 337.900000 -5.374089 -1.315775
4.661400 4.600421 338.000000 -5.505667 -0.769798
4.664629 4.599062 338.100000 -5.582646 -0.068649
4.667868 4.597733 338.200000 -5.589511 0.455732
4.671030 4.596582 338.300000 -5.543938 1.185227
4.673998 4.595641 338.400000 -5.425415 1.679778
4.676699 4.595014 338.500000 -5.257438 2.224374
4.679061 4.594598 338.600000 -5.035000 2.523761
4.681055 4.594469 338.700000 -4.782624 2.883628
4.682654 4.594567 338.800000 -4.494261 3.139064
4.683850 4.595284 338.900000 -4.180355 3.748298
4.684604 4.596514 339.000000 -3.805525 4.186905
4.684914 4.598266 339.100000 -3.386835 4.591532
4.684796 4.600737 339.200000 -2.927682 5.095366
4.684277 4.603668 339.300000 -2.418145 5.394562
4.683417 4.606774 339.400000 -1.878689 5.504096
4.682298 4.610265 339.500000 -1.328279 5.738213
4.681004 4.613914 339.600000 -0.754458 5.831844
4.679630 4.617551 339.700000 -0.171273 5.825992
4.678278 4.620785 339.800000 0.411326 5.587558
4.677041 4.624124 339.900000 0.970082 5.652276
4.676012 4.627232 340.000000 1.535309 5.512674
4.675278 4.629585 340.100000 2.086577 5.026124
4.674889 4.631527 340.200000 2.589189 4.741207
4.674894 4.633031 340.300000 3.063310 4.416118
4.675325 4.634004 340.400000 3.504921 3.986445
4.676189 4.634494 340.500000 3.903566 3.550280
4.677478 4.634392 340.600000 4.258594 2.927680
4.679145 4.633869 340.700000 4.551362 2.389202
4.681138 4.633038 340.800000 4.790282 1.897630
4.683401 4.632025 340.900000 4.980045 1.535451
4.685891 4.630823 341.000000 5.133590 1.031340
4.688537 4.629506 341.100000 5.236724 0.521267
4.691261 4.628158 341.200000 5.288851 -0.237026
4.693947 4.626883 341.300000 5.265148 -0.746175
4.696517 4.625715 341.400000 5.190531 -1.129256
4.698916 4.624640 341.500000 5.077605 -1.380988
4.701111 4.623890 341.600000 4.939506 -2.030666
4.703017 4.623448 341.700000 4.736440 -2.494451
4.704586 4.623184 341.800000 4.486995 -2.728931
4.705806 4.623375 341.900000 4.214102 -3.247861
4.706642 4.624123 342.000000 3.889316 -3.790166
4.707067 4.625058 342.100000 3.510299 -3.955937
4.707109 4.626171 342.200000 3.114705 -4.107431
4.706802 4.627858 342.300000 2.703962 -4.561246
4.706165 4.629860 342.400000 2.247838 -4.792325
4.705248 4.632163 342.500000 1.768605 -5.004264
4.704109 4.634758 342.600000 1.268179 -5.200855
4.702819 4.637384 342.700000 0.748093 -5.222523
4.701455 4.640197 342.800000 0.225841 -5.344235
4.700098 4.642976 342.900000 -0.308583 -5.324365
4.698831 4.645644 343.000000 -0.841019 -5.252883
4.697734 4.648099 343.100000 -1.366307 -5.112771
4.696879 4.649993 343.200000 -1.877584 -4.722412
4.696315 4.651255 343.300000 -2.349826 -4.238441
4.696068 4.652145 343.400000 -2.773670 -3.927097
4.696160 4.652455 343.500000 -3.166379 -3.381348
4.696580 4.652423 343.600000 -3.504514 -3.014012
4.697321 4.652164 343.700000 -3.805915 -2.743287
4.698376 4.651670 343.800000 -4.080244 -2.430094
4.699726 4.650816 343.900000 -4.323253 -1.850694
4.701314 4.649759 344.000000 -4.508323 -1.425741
4.703090 4.648509 344.100000 -4.650897 -0.832853
4.704979 4.647189 344.200000 -4.734182 -0.454185
4.706930 4.645842 344.300000 -4.779601 0.112373
4.708863 4.644538 344.400000 -4.768363 0.557767
4.710719 4.643432 344.500000 -4.712587 1.290184
4.712400 4.642462 344.600000 -4.583568 1.613317
4.713869 4.641840 344.700000 -4.422237 2.235141
4.715058 4.641683 344.800000 -4.198723 2.862726
4.715910 4.641838 344.900000 -3.912450 3.218285
4.716411 4.642294 345.000000 -3.590621 3.525228
4.716564 4.643309 345.100000 -3.238099 4.036252
4.716361 4.644548 345.200000 -2.834473 4.224568
4.715838 4.646134 345.300000 -2.412017 4.499262
4.715030 4.648146 345.400000 -1.962090 4.816063
4.713983 4.650489 345.500000 -1.480484 5.048999
4.712757 4.653009 345.600000 -0.975584 5.169297
4.711425 4.655322 345.700000 -0.458655 5.030362
4.710063 4.657903 345.800000 0.044382 5.211963
4.708748 4.660322 345.900000 0.565578 5.104403
4.707554 4.662570 346.000000 1.076018 4.988461
4.706553 4.664242 346.100000 1.574864 4.571783
4.705790 4.665788 346.200000 2.032043 4.476061
4.705319 4.667013 346.300000 2.479649 4.221610
4.705176 4.667757 346.400000 2.901810 3.806470
4.705373 4.668016 346.500000 3.282457 3.336507
4.705902 4.668001 346.600000 3.616107 3.038201
4.706760 4.667722 346.700000 3.919928 2.720192
4.707936 4.667114 346.800000 4.191947 2.262414
4.709392 4.666281 346.900000 4.418188 1.885387
4.711092 4.665255 347.000000 4.606727 1.484672
4.712992 4.664080 347.100000 4.755194 1.082392
4.715040 4.662760 347.200000 4.863433 0.398354
4.717143 4.661429 347.300000 4.903269 -0.278645
4.719205 4.660163 347.400000 4.875404 -0.726973
4.721166 4.658964 347.500000 4.802707 -0.993018
4.722989 4.658000 347.600000 4.703405 -1.615480
4.724597 4.657268 347.700000 4.541857 -2.055578
4.725941 4.656869 347.800000 4.336299 -2.557071
4.726975 4.656824 347.900000 4.080592 -3.000506
4.727670 4.657227 348.000000 3.780542 -3.480863
4.728005 4.658093 348.100000 3.432455 -3.917734
4.727974 4.658972 348.200000 3.040682 -3.928808
4.727623 4.660834 348.300000 2.647801 -4.721395
4.726946 4.662895 348.400000 2.175662 -4.867083
4.725999 4.665059 348.500000 1.688953 -4.941316
4.724849 4.667253 348.600000 1.194822 -4.962793
4.723564 4.669371 348.700000 0.698542 -4.910159
4.722216 4.671159 348.800000 0.207526 -4.670282
4.720873 4.672996 348.900000 -0.259502 -4.708399
4.719597 4.674575 349.000000 -0.730342 -4.513127
4.718445 4.675853 349.100000 -1.181654 -4.275113
4.717465 4.676930 349.200000 -1.609166 -4.107890
4.716699 4.677808 349.300000 -2.019955 -3.935198
4.716183 4.678365 349.400000 -2.413474 -3.640038
4.715937 4.678655 349.500000 -2.777478 -3.374420
4.715976 4.678559 349.600000 -3.114920 -2.947544
4.716289 4.678204 349.700000 -3.409675 -2.621828
4.716868 4.677608 349.800000 -3.671857 -2.276524
4.717693 4.676688 349.900000 -3.899510 -1.708187
4.718711 4.675717 350.000000 -4.070329 -1.596545
4.719918 4.674594 350.100000 -4.229983 -1.219363
4.721274 4.673338 350.200000 -4.351920 -0.740830
4.722722 4.672008 350.300000 -4.426002 -0.176956
4.724192 4.670676 350.400000 -4.443698 0.040313
4.725655 4.669347 350.500000 -4.439667 0.166837
4.727097 4.668053 350.600000 -4.422983 0.513397
4.728473 4.666833 350.700000 -4.371643 0.878702
4.729741 4.665689 350.800000 -4.283773 1.142074
4.730870 4.664696 350.900000 -4.169566 1.536525
4.731819 4.663891 351.000000 -4.015913 1.918436
4.732553 4.663332 351.100000 -3.824070 2.323489
4.733042 4.663352 351.200000 -3.591721 3.077193
4.733230 4.663602 351.300000 -3.284001 3.328652
4.733122 4.663989 351.400000 -2.951136 3.471577
4.732740 4.664644 351.500000 -2.603979 3.732776
4.732102 4.665427 351.600000 -2.230701 3.851826
4.731241 4.666530 351.700000 -1.845518 4.134229
4.730188 4.667755 351.800000 -1.432096 4.237285
4.728989 4.669274 351.900000 -1.008367 4.475410
4.727690 4.670591 352.000000 -0.560826 4.314010
4.726350 4.671832 352.100000 -0.129425 4.252787
4.725021 4.672854 352.200000 0.295854 4.067460
4.723750 4.673722 352.300000 0.702600 3.932188
4.722581 4.674702 352.400000 1.095818 4.031548
4.721560 4.675588 352.500000 1.498973 3.949903
4.720730 4.676281 352.600000 1.893964 3.773055
4.720123 4.676897 352.700000 2.271269 3.700984
4.719774 4.677396 352.800000 2.641367 3.588876
4.719712 4.677744 352.900000 3.000255 3.436853
4.719958 4.677759 353.000000 3.343940 3.076291
4.720510 4.677499 353.100000 3.651570 2.741371
4.721355 4.677078 353.200000 3.925707 2.526640
4.722489 4.676365 353.300000 4.178371 2.075697
4.723874 4.675334 353.400000 4.385940 1.436250
4.725439 4.674086 353.500000 4.529565 0.725017
4.727097 4.672774 353.600000 4.602067 0.267164
4.728789 4.671454 353.700000 4.628783 0.045533
4.730485 4.670159 353.800000 4.633337 -0.422106
4.732126 4.668925 353.900000 4.591126 -0.776953
4.733666 4.667790 354.000000 4.513431 -1.140421
4.735062 4.666793 354.100000 4.399389 -1.508439
4.736273 4.665990 354.200000 4.248545 -1.908734
4.737259 4.665618 354.300000 4.057671 -2.586934
4.737959 4.665542 354.400000 3.798978 -2.965009
4.738352 4.665893 354.500000 3.502477 -3.438061
4.738423 4.666636 354.600000 3.158671 -3.821567
4.738174 4.667172 354.700000 2.776514 -3.623967
4.737660 4.667879 354.800000 2.414118 -3.788458
4.736909 4.668858 354.900000 2.035272 -4.036031
4.735950 4.670130 355.000000 1.631669 -4.286426
4.734820 4.671111 355.100000 1.203026 -4.038693
4.733577 4.672087 355.200000 0.799157 -4.034547
4.732267 4.673005 355.300000 0.395702 -3.983082
4.730936 4.673911 355.400000 -0.002606 -3.973725
4.729628 4.674904 355.500000 -0.399979 -4.051061
4.728390 4.675948 355.600000 -0.805085 -4.095330
4.727268 4.676695 355.700000 -1.214618 -3.830228
4.726298 4.677370 355.800000 -1.597640 -3.762623
4.725518 4.677789 355.900000 -1.973903 -3.512991
4.724950 4.678106 356.000000 -2.325202 -3.407212
4.724621 4.678203 356.100000 -2.665923 -3.170130
4.724544 4.678236 356.200000 -2.982936 -3.096534
4.724739 4.677990 356.300000 -3.292589 -2.757747
4.725200 4.677490 356.400000 -3.568364 -2.405725
4.725909 4.676858 356.500000 -3.808937 -2.201748
4.726860 4.675934 356.600000 -4.029111 -1.662803
4.728001 4.674798 356.700000 -4.195392 -1.116667
4.729275 4.673547 356.800000 -4.307059 -0.646340
4.730627 4.672240 356.900000 -4.371693 -0.137232
4.731995 4.670938 357.000000 -4.385416 0.199687
4.733338 4.669706 357.100000 -4.365447 0.736728
4.734591 4.668590 357.200000 -4.291774 1.168701
4.735705 4.667604 357.300000 -4.174904 1.513501
4.736644 4.666903 357.400000 -4.023554 2.079262
4.737355 4.666548 357.500000 -3.815628 2.606224
4.737798 4.666295 357.600000 -3.555005 2.742514
4.737978 4.666417 357.700000 -3.280754 3.195247
4.737879 4.666706 357.800000 -2.961229 3.375737
4.737517 4.667476 357.900000 -2.623656 3.853346
4.736893 4.668526 358.000000 -2.238321 4.105906
4.736037 4.669757 358.100000 -1.827730 4.260749
4.734990 4.671275 358.200000 -1.401656 4.496271
4.733795 4.672839 358.300000 -0.952029 4.533677
4.732509 4.674464 358.400000 -0.498661 4.582601
4.731190 4.676096 358.500000 -0.040401 4.587752
4.729895 4.677531 358.600000 0.418374 4.433013
4.728680 4.679089 358.700000 0.861676 4.531507
4.727604 4.680727 358.800000 1.314826 4.594705
4.726725 4.682210 358.900000 1.774297 4.473268
4.726096 4.683449 359.000000 2.221624 4.273588
4.725757 4.684230 359.100000 2.648983 3.870378
4.725725 4.685024 359.200000 3.036020 3.882225
4.726041 4.685419 359.300000 3.424243 3.494242
4.726707 4.685276 359.400000 3.773667 2.888119
4.727687 4.684888 359.500000 4.062479 2.565764
4.728966 4.684192 359.600000 4.319055 2.089551
4.730501 4.683281 359.700000 4.528010 1.676785
4.732250 4.682258 359.800000 4.695689 1.413584
4.734185 4.681006 359.900000 4.837047 0.592375
4.736199 4.679706 360.000000 4.896285 -0.040479
4.738206 4.678466 360.100000 4.892237 -0.651093
4.740125 4.677303 360.200000 4.827128 -0.989267
4.741911 4.676222 360.300000 4.728201 -1.250348
4.743534 4.675488 360.400000 4.603166 -2.014173
4.744906 4.675019 360.500000 4.401749 -2.443399
4.745986 4.674773 360.600000 4.157409 -2.752420
4.746759 4.674811 360.700000 3.882167 -3.102375
4.747212 4.675170 360.800000 3.571929 -3.455056
4.747338 4.676110 360.900000 3.226424 -4.017401
4.747128 4.677435 361.000000 2.824684 -4.350189
4.746605 4.678891 361.100000 2.389665 -4.458062
4.745814 4.680607 361.200000 1.943859 -4.663903
4.744803 4.682375 361.300000 1.477468 -4.705884
4.743630 4.684414 361.400000 1.006880 -4.909687
4.742355 4.686447 361.500000 0.515911 -4.906150
4.741044 4.688419 361.600000 0.025296 -4.862019
4.739763 4.689785 361.700000 -0.460906 -4.388696
4.738565 4.691020 361.800000 -0.899775 -4.280233
4.737500 4.692098 361.900000 -1.327799 -4.145411
4.736611 4.692987 362.000000 -1.742340 -3.977534
4.735935 4.693346 362.100000 -2.140093 -3.462585
4.735481 4.693231 362.200000 -2.486352 -2.924494
4.735240 4.692901 362.300000 -2.778801 -2.644381
4.735211 4.692311 362.400000 -3.043239 -2.260849
4.735379 4.691530 362.500000 -3.269324 -1.928565
4.735726 4.690611 362.600000 -3.462181 -1.648851
4.736234 4.689603 362.700000 -3.627066 -1.438059
4.736888 4.688420 362.800000 -3.770872 -0.890793
4.737635 4.687131 362.900000 -3.859951 -0.132685
4.738396 4.685871 363.000000 -3.873219 0.470523
4.739107 4.684700 363.100000 -3.826167 0.931693
4.739720 4.683581 363.200000 -3.732998 1.112101
4.740221 4.682566 363.300000 -3.621788 1.411229
4.740583 4.681775 363.400000 -3.480665 1.901628
4.740768 4.681103 363.500000 -3.290502 2.115276
4.740768 4.680626 363.600000 -3.078974 2.426738
4.740570 4.680229 363.700000 -2.836300 2.544972
4.740184 4.679946 363.800000 -2.581803 2.701719
4.739615 4.680035 363.900000 -2.311631 3.163221
4.738860 4.680464 364.000000 -1.995309 3.533520
4.737929 4.681201 364.100000 -1.641957 3.837937
4.736846 4.682025 364.200000 -1.258164 3.919744
4.735649 4.682720 364.300000 -0.866189 3.798893
4.734382 4.683501 364.400000 -0.486300 3.880307
4.733085 4.684381 364.500000 -0.098269 3.973082
4.731800 4.685345 364.600000 0.299039 4.049668
4.730570 4.686094 364.700000 0.704006 3.851633
4.729437 4.686536 364.800000 1.089169 3.549632
4.728426 4.686848 364.900000 1.444132 3.412615
4.727568 4.687010 365.000000 1.785394 3.249837
4.726883 4.686910 365.100000 2.110377 2.940131
4.726380 4.686683 365.200000 2.404391 2.776653
4.726071 4.686268 365.300000 2.682056 2.519160
4.725956 4.685651 365.400000 2.933972 2.204254
4.726024 4.684943 365.500000 3.154397 2.048277
4.726275 4.684142 365.600000 3.359225 1.873088
4.726702 4.683168 365.700000 3.546534 1.497743
4.727277 4.682081 365.800000 3.696308 1.190497
4.727974 4.680944 365.900000 3.815358 1.018151
4.728778 4.679751 366.000000 3.917173 0.790736
4.729667 4.678501 366.100000 3.996246 0.453955
4.730606 4.677224 366.200000 4.041642 0.078566
4.731553 4.675975 366.300000 4.049499 -0.448890
4.732449 4.674845 366.400000 4.004610 -1.031257
4.733235 4.673843 366.500000 3.901484 -1.415787
4.733871 4.672979 366.600000 3.759905 -1.734770
4.734334 4.672327 366.700000 3.586428 -2.137395
4.734594 4.671830 366.800000 3.372689 -2.386766
4.734642 4.671469 366.900000 3.134012 -2.587340
4.734478 4.671410 367.000000 2.875278 -2.984402
4.734093 4.671481 367.100000 2.576838 -3.140809
4.733501 4.671778 367.200000 2.262757 -3.395213
4.732716 4.672179 367.300000 1.923236 -3.504865
4.731765 4.672592 367.400000 1.572749 -3.518757
4.730680 4.673065 367.500000 1.220873 -3.581553
4.729495 4.673441 367.600000 0.862718 -3.480028
4.728245 4.673686 367.700000 0.514715 -3.338331
4.726964 4.673861 367.800000 0.180882 -3.261724
4.725683 4.674101 367.900000 -0.145290 -3.333235
4.724430 4.674416 368.000000 -0.478614 -3.415886
4.723238 4.674749 368.100000 -0.820202 -3.435696
4.722140 4.675169 368.200000 -1.163772 -3.527457
4.721170 4.675444 368.300000 -1.516518 -3.372608
4.720355 4.675408 368.400000 -1.853778 -3.014789
4.719705 4.675278 368.500000 -2.155257 -2.896941
4.719235 4.675178 368.600000 -2.444951 -2.934882
4.718972 4.674814 368.700000 -2.738440 -2.581745
4.718910 4.674284 368.800000 -2.996614 -2.332344
4.719045 4.673580 368.900000 -3.229849 -2.036270
4.719363 4.672665 369.000000 -3.433476 -1.611787
4.719835 4.671589 369.100000 -3.594654 -1.183849
4.720424 4.670397 369.200000 -3.713039 -0.732651
4.721086 4.669148 369.300000 -3.786304 -0.332252
4.721783 4.667893 369.400000 -3.819530 0.251165
4.722453 4.666664 369.500000 -3.794413 0.500744
4.723072 4.665520 369.600000 -3.744339 0.937468
4.723596 4.664423 369.700000 -3.650592 1.102381
4.724013 4.663363 369.800000 -3.540354 1.219243
4.724316 4.662351 369.900000 -3.418429 1.355207
4.724495 4.661417 370.000000 -3.282909 1.553167
4.724540 4.660480 370.100000 -3.127592 1.543984
4.724458 4.659710 370.200000 -2.973194 1.902008
4.724228 4.659100 370.300000 -2.782993 2.191594
4.723840 4.658755 370.400000 -2.563833 2.599992
4.723282 4.658570 370.500000 -2.303834 2.819253
4.722559 4.658370 370.600000 -2.021909 2.799230
4.721694 4.658281 370.700000 -1.741986 2.942400
4.720704 4.658186 370.800000 -1.447746 2.933973
4.719611 4.657837 370.900000 -1.154349 2.594276
4.718447 4.657616 371.000000 -0.894921 2.770227
4.717227 4.657329 371.100000 -0.617898 2.680381
4.715973 4.657103 371.200000 -0.349860 2.762907
4.714704 4.656899 371.300000 -0.073570 2.793562
4.713441 4.656612 371.400000 0.205787 2.680064
4.712203 4.656361 371.500000 0.473793 2.729049
4.711010 4.656082 371.600000 0.746698 2.689223
4.709882 4.655941 371.700000 1.015620 2.875566
4.708844 4.655850 371.800000 1.303177 2.938207
4.707921 4.655701 371.900000 1.596997 2.863858
4.707132 4.655389 372.000000 1.883383 2.643893
4.706487 4.654986 372.100000 2.147772 2.511917
4.705996 4.654532 372.200000 2.398964 2.436044
4.705670 4.653941 372.300000 2.642569 2.214073
4.705507 4.653262 372.400000 2.863976 2.061536
4.705509 4.652493 372.500000 3.070130 1.891601
4.705672 4.651590 372.600000 3.259290 1.605031
4.705978 4.650561 372.700000 3.419793 1.277283
4.706404 4.649417 372.800000 3.547521 0.876460
4.706913 4.648202 372.900000 3.635167 0.479214
4.707470 4.646956 373.000000 3.683088 0.056487
4.708031 4.645711 373.100000 3.688737 -0.032785
4.708589 4.644490 373.200000 3.685459 -0.418710
4.709106 4.643327 373.300000 3.643588 -0.777736
4.709547 4.642283 373.400000 3.565814 -1.218854
4.709874 4.641387 373.500000 3.443929 -1.608702
4.710056 4.640588 373.600000 3.283058 -1.820593
4.710082 4.639951 373.700000 3.100999 -2.125247
4.709938 4.639309 373.800000 2.888474 -2.116493
4.709637 4.638882 373.900000 2.676825 -2.466998
4.709167 4.638656 374.000000 2.430125 -2.753505
4.708529 4.638572 374.100000 2.154775 -2.941255
4.707733 4.638511 374.200000 1.860649 -2.970563
4.706802 4.638790 374.300000 1.563593 -3.371105
4.705746 4.639023 374.400000 1.226482 -3.320048
4.704597 4.639430 374.500000 0.894478 -3.510596
4.703381 4.640006 374.600000 0.543418 -3.687154
4.702130 4.640435 374.700000 0.174703 -3.534926
4.700880 4.641043 374.800000 -0.178790 -3.720209
4.699667 4.641797 374.900000 -0.550811 -3.865518
4.698531 4.642360 375.000000 -0.937363 -3.674940
4.697506 4.642761 375.100000 -1.304857 -3.506137
4.696619 4.643042 375.200000 -1.655470 -3.376005
4.695897 4.643216 375.300000 -1.993071 -3.254026
4.695362 4.643172 375.400000 -2.318474 -2.993348
4.695025 4.642901 375.500000 -2.617808 -2.692294
4.694884 4.642336 375.600000 -2.887038 -2.244653
4.694923 4.641605 375.700000 -3.111503 -1.948089
4.695128 4.640728 375.800000 -3.306312 -1.639817
4.695481 4.639754 375.900000 -3.470294 -1.398783
4.695965 4.638613 376.000000 -3.610172 -0.834006
4.696530 4.637406 376.100000 -3.693573 -0.441935
4.697138 4.636180 376.200000 -3.737766 -0.211843
4.697767 4.634949 376.300000 -3.758950 0.093559
4.698387 4.633741 376.400000 -3.749594 0.418683
4.698964 4.632592 376.500000 -3.707726 0.781650
4.699465 4.631519 376.600000 -3.629561 1.086528
4.699863 4.630562 376.700000 -3.520908 1.432239
4.700130 4.629793 376.800000 -3.377684 1.861819
4.700234 4.629326 376.900000 -3.191502 2.395237
4.700143 4.628925 377.000000 -2.951979 2.497056
4.699865 4.628796 377.100000 -2.702273 2.878123
4.699392 4.628818 377.200000 -2.414461 3.069905
4.698735 4.628862 377.300000 -2.107470 3.096713
4.697918 4.628997 377.400000 -1.797799 3.205286
4.696963 4.629453 377.500000 -1.477270 3.564533
4.695886 4.629980 377.600000 -1.120817 3.638633
4.694719 4.630817 377.700000 -0.756954 3.947666
4.693494 4.631655 377.800000 -0.362187 3.948835
4.692252 4.632535 377.900000 0.032696 3.989171
4.691036 4.633241 378.000000 0.431613 3.821986
4.689883 4.633855 378.100000 0.813812 3.729778
4.688830 4.634358 378.200000 1.186790 3.616001
4.687907 4.634640 378.300000 1.548390 3.376158
4.687139 4.634765 378.400000 1.886006 3.196750
4.686543 4.634716 378.500000 2.205681 2.982705
4.686133 4.634548 378.600000 2.503951 2.827389
4.685921 4.634118 378.700000 2.786690 2.452589
4.685898 4.633495 378.800000 3.031949 2.131353
4.686051 4.632695 378.900000 3.245084 1.791646
4.686361 4.631780 379.000000 3.424249 1.524953
4.686812 4.630704 379.100000 3.576744 1.050394
4.687363 4.629555 379.200000 3.681783 0.735964
4.687986 4.628351 379.300000 3.755380 0.352125
4.688644 4.627132 379.400000 3.790592 -0.083619
4.689293 4.625943 379.500000 3.782230 -0.476321
4.689895 4.624776 379.600000 3.734598 -0.625363
4.690435 4.623644 379.700000 3.672062 -0.804551
4.690898 4.622533 379.800000 3.591607 -0.897696
4.691277 4.621462 379.900000 3.501837 -1.053833
4.691561 4.620439 380.000000 3.396454 -1.209878
4.691738 4.619671 380.100000 3.275466 -1.843148
4.691760 4.619102 380.200000 3.091151 -2.215956
4.691609 4.618764 380.300000 2.869556 -2.582269
4.691272 4.618768 380.400000 2.611329 -3.045208
4.690739 4.618997 380.500000 2.306808 -3.313108
4.690019 4.619419 380.600000 1.975497 -3.528610
4.689133 4.619839 380.700000 1.622636 -3.526607
4.688114 4.620427 380.800000 1.269976 -3.704082
4.686989 4.621015 380.900000 0.899567 -3.704674
4.685796 4.621711 381.000000 0.529100 -3.813532
4.684570 4.622358 381.100000 0.147747 -3.765241
4.683348 4.623054 381.200000 -0.228777 -3.815243
4.682169 4.623465 381.300000 -0.610302 -3.518378
4.681063 4.623703 381.400000 -0.962139 -3.326264
4.680056 4.624034 381.500000 -1.294766 -3.430354
4.679181 4.624014 381.600000 -1.637801 -3.016870
4.678448 4.623822 381.700000 -1.939488 -2.788754
4.677868 4.623635 381.800000 -2.218364 -2.796127
4.677460 4.623448 381.900000 -2.497976 -2.797267
4.677245 4.623138 382.000000 -2.777703 -2.621980
4.677231 4.622737 382.100000 -3.039901 -2.486361
4.677421 4.622148 382.200000 -3.288537 -2.176858
4.677806 4.621260 382.300000 -3.506223 -1.568226
4.678337 4.620295 382.400000 -3.663045 -1.361436
4.679000 4.619247 382.500000 -3.799189 -1.105016
4.679775 4.618086 382.600000 -3.909691 -0.593318
4.680610 4.616891 382.700000 -3.969022 -0.303552
4.681476 4.615695 382.800000 -3.999378 0.269559
4.682314 4.614518 382.900000 -3.972422 0.466699
4.683103 4.613388 383.000000 -3.925752 0.756077
4.683815 4.612453 383.100000 -3.850144 1.435730
4.684385 4.611728 383.200000 -3.706571 1.913291
4.684775 4.611164 383.300000 -3.515242 2.214556
4.684968 4.610813 383.400000 -3.293786 2.554385
4.684950 4.610532 383.500000 -3.038348 2.658981
4.684730 4.610302 383.600000 -2.772450 2.729820
4.684324 4.610397 383.700000 -2.499468 3.154783
4.683725 4.610780 383.800000 -2.183989 3.486845
4.682944 4.611015 383.900000 -1.835305 3.321233
4.682019 4.611418 384.000000 -1.503182 3.509803
4.680973 4.611890 384.100000 -1.152201 3.584980
4.679837 4.612390 384.200000 -0.793703 3.613997
4.678643 4.612915 384.300000 -0.432304 3.642063
4.677427 4.613326 384.400000 -0.068097 3.519458
4.676222 4.613934 384.500000 0.283848 3.729010
4.675062 4.614503 384.600000 0.656749 3.688548
4.673984 4.614948 384.700000 1.025604 3.556996
4.673017 4.615254 384.800000 1.381304 3.402954
4.672188 4.615404 384.900000 1.721599 3.222887
4.671518 4.615452 385.000000 2.043888 3.098644
4.671024 4.615265 385.100000 2.353752 2.790809
4.670711 4.614883 385.200000 2.632833 2.507716
4.670578 4.614343 385.300000 2.883605 2.250660
4.670620 4.613712 385.400000 3.108671 2.090141
4.670836 4.613018 385.500000 3.317685 1.967235
4.671226 4.612179 385.600000 3.514408 1.661331
4.671771 4.611194 385.700000 3.680541 1.272539
4.672439 4.610156 385.800000 3.807795 1.100583
4.673217 4.608990 385.900000 3.917854 0.470555
4.674042 4.607805 386.000000 3.964909 0.249980
4.674893 4.606612 386.100000 3.989907 0.078086
4.675751 4.605450 386.200000 3.997716 -0.482423
4.676560 4.604325 386.300000 3.949473 -0.719391
4.677295 4.603242 386.400000 3.877534 -0.913474
4.677939 4.602277 386.500000 3.786187 -1.323142
4.678455 4.601477 386.600000 3.653873 -1.735391
4.678812 4.600936 386.700000 3.480334 -2.240408
4.678973 4.600745 386.800000 3.256293 -2.778953
4.678910 4.600830 386.900000 2.978397 -3.139980
4.678618 4.601230 387.000000 2.664399 -3.507102
4.678101 4.601920 387.100000 2.313689 -3.814204
4.677375 4.602737 387.200000 1.932269 -3.941141
4.676473 4.603683 387.300000 1.538155 -4.066554
4.675431 4.604893 387.400000 1.131499 -4.310980
4.674288 4.606307 387.500000 0.700401 -4.490826
4.673091 4.607845 387.600000 0.251319 -4.597883
4.671892 4.609172 387.700000 -0.208470 -4.416557
4.670742 4.610368 387.800000 -0.650125 -4.301223
4.669688 4.611287 387.900000 -1.080248 -4.043549
4.668769 4.611868 388.000000 -1.484603 -3.706139
4.668010 4.612355 388.100000 -1.855216 -3.605495
4.667440 4.612688 388.200000 -2.215766 -3.437348
4.667081 4.612797 388.300000 -2.559501 -3.172552
4.666945 4.612817 388.400000 -2.876756 -3.062852
4.667048 4.612470 388.500000 -3.183041 -2.556533
4.667368 4.611871 388.600000 -3.438694 -2.136784
4.667883 4.611009 388.700000 -3.652373 -1.586907
4.668550 4.610054 388.800000 -3.811064 -1.340060
4.669350 4.608984 388.900000 -3.945070 -0.947353
4.670248 4.607818 389.000000 -4.039805 -0.373840
4.671183 4.606635 389.100000 -4.077189 -0.099321
4.672129 4.605474 389.200000 -4.087121 0.414469
4.673031 4.604374 389.300000 -4.045674 0.801771
4.673849 4.603393 389.400000 -3.965497 1.254230
4.674542 4.602473 389.500000 -3.840074 1.427702
4.675097 4.601653 389.600000 -3.697304 1.676540
4.675495 4.601050 389.700000 -3.529650 2.122655
4.675707 4.600600 389.800000 -3.317384 2.384589
4.675724 4.600545 389.900000 -3.078925 2.962338
4.675518 4.600753 390.000000 -2.782691 3.290425
4.675091 4.601238 390.100000 -2.453649 3.603427
4.674455 4.602227 390.200000 -2.093306 4.113397
4.673620 4.603573 390.300000 -1.681966 4.440128
4.672619 4.605087 390.400000 -1.237954 4.585814
4.671500 4.606934 390.500000 -0.779372 4.862267
4.670316 4.608675 390.600000 -0.293145 4.776407
4.669125 4.610442 390.700000 0.184495 4.799132
4.667987 4.612213 390.800000 0.664408 4.802560
4.666961 4.613640 390.900000 1.144664 4.515028
4.666093 4.615014 391.000000 1.596167 4.468964
4.665434 4.616183 391.100000 2.043064 4.287484
4.665022 4.617307 391.200000 2.471812 4.245668
4.664902 4.618007 391.300000 2.896379 3.835595
4.665084 4.618166 391.400000 3.279938 3.237519
4.665551 4.617964 391.500000 3.603690 2.766580
4.666282 4.617510 391.600000 3.880348 2.383381
4.667256 4.616838 391.700000 4.118686 1.992570
4.668444 4.615916 391.800000 4.317944 1.415671
4.669790 4.614811 391.900000 4.459511 0.754972
4.671221 4.613661 392.000000 4.535008 0.463031
4.672706 4.612486 392.100000 4.581311 -0.087908
4.674180 4.611333 392.200000 4.572520 -0.423947
4.675603 4.610250 392.300000 4.530126 -0.851506
4.676929 4.609237 392.400000 4.444975 -1.124539
4.678128 4.608300 392.500000 4.332521 -1.365056
4.679179 4.607486 392.600000 4.196015 -1.680328
4.680053 4.606987 392.700000 4.027983 -2.301028
4.680697 4.606774 392.800000 3.797880 -2.745268
4.681086 4.606807 392.900000 3.523353 -3.078595
4.681210 4.607250 393.000000 3.215494 -3.563049
4.681059 4.607867 393.100000 2.859189 -3.751021
4.680653 4.608768 393.200000 2.484087 -4.037406
4.680013 4.609878 393.300000 2.080346 -4.236815
4.679173 4.611223 393.400000 1.656665 -4.450071
4.678171 4.612529 393.500000 1.211657 -4.416625
4.677058 4.613924 393.600000 0.769995 -4.495575
4.675883 4.615286 393.700000 0.320437 -4.466721
4.674698 4.616757 393.800000 -0.126235 -4.562708
4.673554 4.618218 393.900000 -0.582505 -4.555298
4.672505 4.619711 394.000000 -1.038035 -4.582678
4.671604 4.621060 394.100000 -1.496303 -4.457710
4.670897 4.621832 394.200000 -1.942074 -3.916264
4.670404 4.622337 394.300000 -2.333700 -3.636165
4.670142 4.622875 394.400000 -2.697317 -3.673270
4.670148 4.623057 394.500000 -3.064644 -3.268143
4.670422 4.622913 394.600000 -3.391458 -2.847725
4.670951 4.622555 394.700000 -3.676231 -2.534187
4.671723 4.621927 394.800000 -3.929649 -2.069521
4.672707 4.621048 394.900000 -4.136602 -1.516689
4.673851 4.620051 395.000000 -4.288270 -1.167050
4.675123 4.618930 395.100000 -4.404975 -0.616217
4.676464 4.617764 395.200000 -4.466597 0.133257
4.677789 4.616632 395.300000 -4.453271 0.532689
4.679054 4.615593 395.400000 -4.400003 1.006860
4.680207 4.614695 395.500000 -4.299317 1.458638
4.681204 4.614081 395.600000 -4.153453 2.090597
4.681987 4.613587 395.700000 -3.944393 2.306600
4.682546 4.613390 395.800000 -3.713733 2.768350
4.682855 4.613333 395.900000 -3.436898 2.963121
4.682918 4.613408 396.000000 -3.140586 3.133528
4.682745 4.613770 396.100000 -2.827233 3.477769
4.682339 4.614359 396.200000 -2.479456 3.727294
4.681718 4.615247 396.300000 -2.106727 4.033902
4.680903 4.616320 396.400000 -1.703337 4.211551
4.679930 4.617796 396.500000 -1.282182 4.576251
4.678836 4.619458 396.600000 -0.824556 4.734766
4.677672 4.621258 396.700000 -0.351080 4.850637
4.676496 4.623035 396.800000 0.133984 4.832207
4.675366 4.624664 396.900000 0.617204 4.709492
4.674337 4.626045 397.000000 1.088154 4.495854
4.673458 4.627237 397.100000 1.537739 4.327283
4.672771 4.628193 397.200000 1.970467 4.105156
4.672308 4.628711 397.300000 2.380983 3.656659
4.672082 4.629065 397.400000 2.746649 3.474516
4.672110 4.629209 397.500000 3.094100 3.224529
4.672403 4.629035 397.600000 3.416553 2.806995
4.672947 4.628610 397.700000 3.697253 2.423814
4.673723 4.627999 397.800000 3.939634 2.095985
4.674711 4.627170 397.900000 4.149233 1.630018
4.675873 4.626148 398.000000 4.312235 1.057417
4.677149 4.625072 398.100000 4.417976 0.829418
4.678518 4.623937 398.200000 4.500918 0.451883
4.679937 4.622777 398.300000 4.546106 -0.083072
4.681347 4.621652 398.400000 4.537799 -0.530651
4.682695 4.620625 398.500000 4.484734 -1.025295
4.683929 4.619738 398.600000 4.382204 -1.474015
4.685003 4.619141 398.700000 4.234803 -2.114909
4.685857 4.618622 398.800000 4.023312 -2.258407
4.686490 4.618310 398.900000 3.797471 -2.597514
4.686884 4.618216 399.000000 3.537720 -2.912803
4.687030 4.618437 399.100000 3.246440 -3.317370
4.686920 4.618853 399.200000 2.914703 -3.543175
4.686567 4.619512 399.300000 2.560385 -3.808287
4.685988 4.620373 399.400000 2.179556 -4.014794
4.685211 4.621463 399.500000 1.778077 -4.237381
4.684269 4.622635 399.600000 1.354339 -4.313734
4.683203 4.624022 399.700000 0.922966 -4.510127
4.682060 4.625586 399.800000 0.471953 -4.663776
4.680890 4.627008 399.900000 0.005575 -4.542256
4.679745 4.628440 400.000000 -0.448650 -4.551282
4.678678 4.629425 400.100000 -0.903778 -4.139705
4.677726 4.630150 400.200000 -1.317749 -3.881425
4.676921 4.630901 400.300000 -1.705891 -3.907755
4.676302 4.631418 400.400000 -2.096667 -3.661432
4.675892 4.631630 400.500000 -2.462810 -3.310930
4.675699 4.631688 400.600000 -2.793903 -3.118235
4.675735 4.631522 400.700000 -3.105727 -2.817562
4.676000 4.630976 400.800000 -3.387483 -2.209204
4.676458 4.630318 400.900000 -3.608403 -1.996548
4.677099 4.629411 401.000000 -3.808058 -1.409759
4.677877 4.628382 401.100000 -3.949034 -0.998241
4.678754 4.627267 401.200000 -4.048858 -0.559282
4.679687 4.626121 401.300000 -4.104786 -0.221707
4.680643 4.624990 401.400000 -4.126957 0.419192
4.681555 4.623937 401.500000 -4.085038 0.890087
4.682377 4.622971 401.600000 -3.996029 1.217132
4.683080 4.622073 401.700000 -3.874316 1.426926
4.683647 4.621382 401.800000 -3.731623 1.919826
4.684040 4.620856 401.900000 -3.539640 2.238638
4.684242 4.620565 402.000000 -3.315777 2.627063
4.684236 4.620392 402.100000 -3.053070 2.801537
4.684028 4.620611 402.200000 -2.772917 3.317620
4.683604 4.620734 402.300000 -2.441155 3.199022
4.682999 4.620849 402.400000 -2.121252 3.188681
4.682240 4.621036 402.500000 -1.802384 3.278322
4.681347 4.621239 402.600000 -1.474552 3.297576
4.680347 4.621552 402.700000 -1.144794 3.429905
4.679265 4.621945 402.800000 -0.801804 3.523110
4.678129 4.622381 402.900000 -0.449493 3.571806
4.676970 4.622777 403.000000 -0.092312 3.526554
4.675818 4.623116 403.100000 0.260343 3.460829
4.674705 4.623398 403.200000 0.606426 3.394770
4.673657 4.623756 403.300000 0.945903 3.483132
4.672706 4.624114 403.400000 1.294216 3.483355
4.671882 4.624152 403.500000 1.642552 3.091227
4.671197 4.624094 403.600000 1.951674 2.963276
4.670666 4.623977 403.700000 2.248002 2.881900
4.670306 4.623568 403.800000 2.536192 2.437432
4.670106 4.622925 403.900000 2.779935 2.014202
4.670050 4.622117 404.000000 2.981355 1.646803
4.670119 4.621143 404.100000 3.146035 1.170147
4.670281 4.620050 404.200000 3.263050 0.634828
4.670494 4.618907 404.300000 3.326533 0.032249
4.670710 4.617780 404.400000 3.329758 -0.341938
4.670898 4.616683 404.500000 3.295564 -0.601952
4.671037 4.615658 404.600000 3.235369 -0.965752
4.671100 4.614725 404.700000 3.138794 -1.294895
4.671065 4.613978 404.800000 3.009304 -1.783298
4.670901 4.613348 404.900000 2.830974 -2.031051
4.670600 4.612869 405.000000 2.627869 -2.312416
4.670156 4.612563 405.100000 2.396628 -2.597460
4.669567 4.612447 405.200000 2.136882 -2.877902
4.668837 4.612665 405.300000 1.849092 -3.316268
4.667969 4.612966 405.400000 1.517465 -3.415343
4.666989 4.613284 405.500000 1.175931 -3.435571
4.665924 4.613576 405.600000 0.832373 -3.405952
4.664804 4.613727 405.700000 0.491778 -3.232880
4.663658 4.613848 405.800000 0.168490 -3.195173
4.662512 4.613936 405.900000 -0.151027 -3.152914
4.661391 4.613989 406.000000 -0.466318 -3.107399
4.660318 4.613917 406.100000 -0.777058 -2.940115
4.659312 4.613734 406.200000 -1.071070 -2.782269
4.658390 4.613439 406.300000 -1.349297 -2.613556
4.657563 4.613021 406.400000 -1.610652 -2.414747
4.656839 4.612528 406.500000 -1.852127 -2.282958
4.656226 4.611906 406.600000 -2.080423 -2.040785
4.655723 4.611370 406.700000 -2.284501 -2.205293
4.655350 4.610624 406.800000 -2.505031 -1.776033
4.655090 4.609784 406.900000 -2.682634 -1.544782
4.654935 4.608842 407.000000 -2.837112 -1.245295
4.654869 4.607815 407.100000 -2.961642 -0.923339
4.654871 4.606737 407.200000 -3.053976 -0.658381
4.654923 4.605619 407.300000 -3.119814 -0.316830
4.655000 4.604493 407.400000 -3.151497 -0.192647
4.655091 4.603370 407.500000 -3.170761 0.229073
4.655164 4.602287 407.600000 -3.147854 0.615285
4.655191 4.601266 407.700000 -3.086326 0.935429
4.655147 4.600362 407.800000 -2.992783 1.350903
4.655007 4.599609 407.900000 -2.857693 1.748165
4.654748 4.599016 408.000000 -2.682876 2.088294
4.654358 4.598644 408.100000 -2.474047 2.482815
4.653824 4.598548 408.200000 -2.225765 2.900363
4.653144 4.598650 408.300000 -1.935729 3.166551
4.652325 4.598902 408.400000 -1.619074 3.355510
4.651388 4.599167 408.500000 -1.283523 3.371413
4.650360 4.599433 408.600000 -0.946381 3.371515
4.649268 4.599678 408.700000 -0.609230 3.346936
4.648140 4.599989 408.800000 -0.274536 3.427276
4.647004 4.600182 408.900000 0.068191 3.283245
4.645887 4.600420 409.000000 0.396516 3.338880
4.644817 4.600638 409.100000 0.730404 3.314264
4.643820 4.600840 409.200000 1.061830 3.293846
4.642922 4.600816 409.300000 1.391215 3.001902
4.642138 4.600605 409.400000 1.691405 2.733500
4.641476 4.600285 409.500000 1.964755 2.564343
4.640945 4.599653 409.600000 2.221189 2.006754
4.640528 4.598834 409.700000 2.421865 1.577089
4.640207 4.597991 409.800000 2.579574 1.510378
4.639985 4.597055 409.900000 2.730611 1.235120
4.639847 4.596058 410.000000 2.854123 1.007477
4.639780 4.594991 410.100000 2.954871 0.664544
4.639762 4.593888 410.200000 3.021325 0.370296
4.639771 4.592773 410.300000 3.058355 -0.174288
4.639767 4.591682 410.400000 3.040926 -0.478593
4.639727 4.590631 410.500000 2.993067 -0.747559
4.639635 4.589705 410.600000 2.918311 -1.253529
4.639455 4.588947 410.700000 2.792958 -1.717619
4.639162 4.588291 410.800000 2.621196 -1.946494
4.638749 4.587740 410.900000 2.426547 -2.156555
4.638215 4.587395 411.000000 2.210891 -2.517102
4.637554 4.587070 411.100000 1.959181 -2.549356
4.636780 4.586875 411.200000 1.704245 -2.751190
4.635901 4.586641 411.300000 1.429126 -2.693129
4.634938 4.586482 411.400000 1.159814 -2.804645
4.633905 4.586434 411.500000 0.879349 -2.961843
4.632821 4.586540 411.600000 0.583165 -3.169333
4.631705 4.586758 411.700000 0.266232 -3.313023
4.630581 4.586981 411.800000 -0.065071 -3.317567
4.629476 4.587257 411.900000 -0.396827 -3.382960
4.628418 4.587566 412.000000 -0.735123 -3.424137
4.627436 4.587723 412.100000 -1.077537 -3.235555
4.626552 4.587801 412.200000 -1.401093 -3.133316
4.625786 4.587819 412.300000 -1.714424 -3.053500
4.625159 4.587607 412.400000 -2.019774 -2.726194
4.624675 4.587298 412.500000 -2.292394 -2.572945
4.624342 4.586944 412.600000 -2.549688 -2.501562
4.624172 4.586531 412.700000 -2.799844 -2.399838
4.624171 4.585893 412.800000 -3.039828 -1.976066
4.624320 4.585175 412.900000 -3.237435 -1.800553
4.624614 4.584390 413.000000 -3.417490 -1.638960
4.625047 4.583454 413.100000 -3.581386 -1.196967
4.625585 4.582406 413.200000 -3.701083 -0.709038
4.626187 4.581305 413.300000 -3.771986 -0.248705
4.626811 4.580197 413.400000 -3.796857 0.019614
4.627434 4.579099 413.500000 -3.794895 0.286783
4.628029 4.578085 413.600000 -3.766217 0.875909
4.628546 4.577135 413.700000 -3.678626 1.135200
4.628963 4.576422 413.800000 -3.565106 1.803671
4.629229 4.575890 413.900000 -3.384739 2.179869
4.629322 4.575471 414.000000 -3.166752 2.382492
4.629239 4.575281 414.100000 -2.928503 2.753519
4.628972 4.575203 414.200000 -2.653151 2.916010
4.628527 4.575330 414.300000 -2.361550 3.193794
4.627914 4.575550 414.400000 -2.042171 3.312938
4.627151 4.575914 414.500000 -1.710877 3.488637
4.626258 4.576184 414.600000 -1.362013 3.374749
4.625270 4.576582 414.700000 -1.024538 3.529447
4.624209 4.577148 414.800000 -0.671594 3.721785
4.623106 4.577826 414.900000 -0.299415 3.843852
4.621993 4.578412 415.000000 0.084970 3.745130
4.620905 4.578859 415.100000 0.459483 3.587172
4.619873 4.579209 415.200000 0.818200 3.473242
4.618924 4.579561 415.300000 1.165524 3.475612
4.618088 4.579708 415.400000 1.513086 3.222737
4.617382 4.579698 415.500000 1.835359 3.012601
4.616821 4.579485 415.600000 2.136619 2.717478
4.616408 4.579121 415.700000 2.408367 2.477029
4.616146 4.578392 415.800000 2.656070 1.759278
4.616000 4.577497 415.900000 2.831998 1.308493
4.615946 4.576579 416.000000 2.962847 1.229572
4.615981 4.575599 416.100000 3.085804 0.997312
4.616091 4.574524 416.200000 3.185536 0.445125
4.616235 4.573427 416.300000 3.230048 0.134942
4.616390 4.572340 416.400000 3.243542 -0.301822
4.616521 4.571286 416.500000 3.213360 -0.603128
4.616606 4.570283 416.600000 3.153047 -0.885605
4.616625 4.569402 416.700000 3.064487 -1.340741
4.616547 4.568634 416.800000 2.930413 -1.653605
4.616357 4.567922 416.900000 2.765052 -1.788897
4.616052 4.567319 417.000000 2.586162 -2.024616
4.615626 4.566988 417.100000 2.383701 -2.525186
4.615064 4.566622 417.200000 2.131182 -2.465858
4.614384 4.566296 417.300000 1.884596 -2.531922
4.613598 4.566080 417.400000 1.631404 -2.707404
4.612715 4.565901 417.500000 1.360664 -2.762616
4.611751 4.565870 417.600000 1.084402 -2.979544
4.610721 4.565886 417.700000 0.786448 -3.043744
4.609646 4.565848 417.800000 0.482074 -2.968615
4.608547 4.565859 417.900000 0.185212 -3.037665
4.607447 4.565817 418.000000 -0.118554 -2.962265
4.606365 4.565854 418.100000 -0.414781 -3.072485
4.605326 4.565752 418.200000 -0.722029 -2.877893
4.604348 4.565451 418.300000 -1.009819 -2.571367
4.603439 4.565166 418.400000 -1.266955 -2.597004
4.602618 4.564719 418.500000 -1.526656 -2.320789
4.601888 4.564323 418.600000 -1.758735 -2.411326
4.601267 4.563826 418.700000 -1.999867 -2.229200
4.600758 4.563126 418.800000 -2.222787 -1.805409
4.600349 4.562215 418.900000 -2.403328 -1.221677
4.600012 4.561255 419.000000 -2.525496 -1.038253
4.599740 4.560222 419.100000 -2.629321 -0.679053
4.599510 4.559140 419.200000 -2.697226 -0.226779
4.599295 4.558053 419.300000 -2.719904 -0.009408
4.599081 4.556994 419.400000 -2.720845 0.476978
4.598837 4.555962 419.500000 -2.673147 0.674745
4.598550 4.555029 419.600000 -2.605673 1.132513
4.598194 4.554218 419.700000 -2.492422 1.516344
4.597752 4.553475 419.800000 -2.340787 1.692521
4.597219 4.552873 419.900000 -2.171535 2.014294
4.596586 4.552446 420.000000 -1.970106 2.349064
4.595851 4.552101 420.100000 -1.735199 2.490140
4.595020 4.551853 420.200000 -1.486185 2.649013
4.594104 4.551613 420.300000 -1.221284 2.662621
4.593120 4.551383 420.400000 -0.955022 2.678081
4.592084 4.551323 420.500000 -0.687214 2.931079
4.591011 4.551314 420.600000 -0.394106 3.005509
4.589921 4.551384 420.700000 -0.093555 3.112253
4.588836 4.551469 420.800000 0.217670 3.133912
4.587780 4.551505 420.900000 0.531061 3.066531
4.586774 4.551337 421.000000 0.837715 2.772697
4.585832 4.551039 421.100000 1.114984 2.568779
4.584967 4.550643 421.200000 1.371862 2.399733
4.584187 4.550182 421.300000 1.611835 2.283816
4.583501 4.549592 421.400000 1.840217 2.031249
4.582909 4.548996 421.500000 2.043342 2.018174
4.582420 4.548296 421.600000 2.245159 1.787846
4.582030 4.547566 421.700000 2.423944 1.713993
4.581743 4.546729 421.800000 2.595343 1.426227
4.581545 4.545749 421.900000 2.737966 0.907150
4.581408 4.544703 422.000000 2.828681 0.511451
4.581305 4.543635 422.100000 2.879826 0.260971
4.581220 4.542560 422.200000 2.905923 0.081654
4.581140 4.541484 422.300000 2.914089 0.011570
4.581062 4.540420 422.400000 2.915246 -0.307497
4.580962 4.539350 422.500000 2.884496 -0.191317
4.580849 4.538317 422.600000 2.865364 -0.582273
4.580698 4.537339 422.700000 2.807137 -0.899971
4.580488 4.536444 422.800000 2.717140 -1.228574
4.580200 4.535596 422.900000 2.594282 -1.377568
4.579831 4.534858 423.000000 2.456526 -1.680520
4.579367 4.534286 423.100000 2.288474 -2.055238
4.578798 4.533831 423.200000 2.082950 -2.284448
4.578123 4.533369 423.300000 1.854505 -2.271489
4.577355 4.532978 423.400000 1.627356 -2.398730
4.576501 4.532785 423.500000 1.387483 -2.724924
4.575568 4.532667 423.600000 1.114991 -2.840442
4.574570 4.532639 423.700000 0.830947 -2.971981
4.573524 4.532612 423.800000 0.533748 -2.971952
4.572452 4.532601 423.900000 0.236553 -2.995416
4.571374 4.532616 424.000000 -0.062988 -3.032114
4.570312 4.532799 424.100000 -0.366200 -3.257998
4.569292 4.532707 424.200000 -0.691999 -2.878146
4.568328 4.532439 424.300000 -0.979814 -2.606134
4.567433 4.531960 424.400000 -1.240427 -2.236352
4.566610 4.531563 424.500000 -1.464063 -2.384872
4.565876 4.531038 424.600000 -1.702550 -2.145842
4.565234 4.530544 424.700000 -1.917134 -2.206204
4.564697 4.529849 424.800000 -2.137755 -1.777402
4.564254 4.529127 424.900000 -2.315495 -1.709061
4.563907 4.528354 425.000000 -2.486401 -1.575500
4.563656 4.527481 425.100000 -2.643951 -1.279650
4.563486 4.526502 425.200000 -2.771916 -0.852024
4.563373 4.525518 425.300000 -2.857118 -0.823136
4.563316 4.524476 425.400000 -2.939432 -0.426726
4.563288 4.523413 425.500000 -2.982105 0.050528
4.563257 4.522367 425.600000 -2.977052 0.383422
4.563200 4.521370 425.700000 -2.938710 0.743331
4.563091 4.520367 425.800000 -2.864376 0.707476
4.562936 4.519463 425.900000 -2.793629 1.155476
4.562707 4.518569 426.000000 -2.678081 1.191074
4.562405 4.517731 426.100000 -2.558974 1.376340
4.562022 4.517010 426.200000 -2.421340 1.700909
4.561547 4.516464 426.300000 -2.251249 2.091487
4.560966 4.516105 426.400000 -2.042100 2.444350
4.560276 4.515731 426.500000 -1.797665 2.416343
4.559490 4.515245 426.600000 -1.556031 2.210561
4.558631 4.514890 426.700000 -1.334975 2.449393
4.557702 4.514602 426.800000 -1.090035 2.562560
4.556716 4.514279 426.900000 -0.833779 2.504507
4.555689 4.514010 427.000000 -0.583329 2.594431
4.554635 4.513781 427.100000 -0.323886 2.659564
4.553570 4.513489 427.200000 -0.057929 2.555230
4.552509 4.513041 427.300000 0.197594 2.280215
4.551465 4.512609 427.400000 0.425615 2.307933
4.550451 4.512205 427.500000 0.656409 2.361652
4.549480 4.511828 427.600000 0.892574 2.406724
4.548567 4.511375 427.700000 1.133246 2.269748
4.547720 4.510858 427.800000 1.360221 2.143391
4.546947 4.510349 427.900000 1.574560 2.160103
4.546259 4.509792 428.000000 1.790570 2.063567
4.545663 4.509160 428.100000 1.996927 1.898804
4.545160 4.508371 428.200000 2.186807 1.502033
4.544737 4.507504 428.300000 2.337011 1.261614
4.544384 4.506574 428.400000 2.463172 1.022836
4.544092 4.505567 428.500000 2.565456 0.612015
4.543836 4.504531 428.600000 2.626657 0.358520
4.543603 4.503485 428.700000 2.662509 0.197281
4.543383 4.502435 428.800000 2.682237 -0.077546
4.543157 4.501398 428.900000 2.674483 -0.321870
4.542912 4.500366 429.000000 2.642296 -0.382145
4.542644 4.499352 429.100000 2.604081 -0.543280
4.542343 4.498395 429.200000 2.549753 -0.887634
4.541990 4.497503 429.300000 2.460990 -1.154430
4.541573 4.496694 429.400000 2.345547 -1.430665
4.541080 4.495991 429.500000 2.202480 -1.718241
4.540503 4.495321 429.600000 2.030656 -1.799143
4.539845 4.494716 429.700000 1.850742 -1.946464
4.539108 4.494152 429.800000 1.656096 -2.033322
4.538298 4.493656 429.900000 1.452763 -2.174630
4.537420 4.493214 430.000000 1.235300 -2.276651
4.536484 4.492874 430.100000 1.007635 -2.461171
4.535497 4.492563 430.200000 0.761518 -2.512937
4.534473 4.492287 430.300000 0.510224 -2.570399
4.533427 4.492076 430.400000 0.253185 -2.676622
4.532375 4.491884 430.500000 -0.014478 -2.707662
4.531332 4.491595 430.600000 -0.285244 -2.548565
4.530314 4.491208 430.700000 -0.540100 -2.376305
4.529333 4.490892 430.800000 -0.777731 -2.502335
4.528404 4.490377 430.900000 -1.027964 -2.132590
4.527533 4.489774 431.000000 -1.241223 -1.942493
4.526721 4.489228 431.100000 -1.435473 -2.068158
4.525985 4.488623 431.200000 -1.642289 -1.938289
4.525326 4.487844 431.300000 -1.836117 -1.502227
4.524735 4.486950 431.400000 -1.986340 -1.122866
4.524197 4.485996 431.500000 -2.098627 -0.861810
4.523701 4.485001 431.600000 -2.184808 -0.616027
4.523238 4.483968 431.700000 -2.246410 -0.205856
4.522786 4.482930 431.800000 -2.266996 0.089450
4.522329 4.481913 431.900000 -2.258051 0.417832
4.521851 4.480934 432.000000 -2.216268 0.712247
4.521337 4.480015 432.100000 -2.145043 1.007239
4.520774 4.479163 432.200000 -2.044319 1.263654
4.520154 4.478354 432.300000 -1.917954 1.399028
4.519475 4.477604 432.400000 -1.778051 1.572246
4.518733 4.477021 432.500000 -1.620826 1.978623
4.517923 4.476543 432.600000 -1.422964 2.194384
4.517047 4.476158 432.700000 -1.203526 2.371234
4.516111 4.475802 432.800000 -0.966402 2.422229
4.515129 4.475418 432.900000 -0.724179 2.372063
4.514113 4.475012 433.000000 -0.486973 2.331229
4.513079 4.474676 433.100000 -0.253850 2.456672
4.512037 4.474264 433.200000 -0.008183 2.320068
4.511002 4.473676 433.300000 0.223824 1.961176
4.509982 4.473014 433.400000 0.419941 1.792531
4.508983 4.472314 433.500000 0.599195 1.695242
4.508011 4.471511 433.600000 0.768719 1.406992
4.507068 4.470691 433.700000 0.909418 1.352122
4.506155 4.469881 433.800000 1.044630 1.383923
4.505278 4.469040 433.900000 1.183023 1.278550
4.504438 4.468238 434.000000 1.310877 1.406174
4.503643 4.467379 434.100000 1.451495 1.216977
4.502891 4.466520 434.200000 1.573193 1.211341
4.502185 4.465618 434.300000 1.694327 1.048438
4.501521 4.464621 434.400000 1.799170 0.516509
4.500879 4.463626 434.500000 1.850821 0.528015
4.500261 4.462624 434.600000 1.903623 0.468942
4.499663 4.461605 434.700000 1.950517 0.255405
4.499077 4.460580 434.800000 1.976058 0.081859
4.498496 4.459556 434.900000 1.984243 0.112243
4.497919 4.458531 435.000000 1.995468 -0.016052
4.497343 4.457522 435.100000 1.993863 -0.357135
4.496750 4.456554 435.200000 1.958149 -0.700352
4.496127 4.455640 435.300000 1.888114 -0.976887
4.495462 4.454721 435.400000 1.790425 -0.951657
4.494760 4.453849 435.500000 1.695259 -1.145560
4.494015 4.453003 435.600000 1.580703 -1.241485
4.493227 4.452157 435.700000 1.456555 -1.237674
4.492400 4.451327 435.800000 1.332788 -1.289100
4.491536 4.450603 435.900000 1.203878 -1.611185
4.490631 4.449936 436.000000 1.042759 -1.755711
4.489688 4.449295 436.100000 0.867188 -1.817848
4.488712 4.448691 436.200000 0.685403 -1.904337
4.487712 4.448168 436.300000 0.494969 -2.082792
4.486693 4.447651 436.400000 0.286690 -2.092659
4.485666 4.447188 436.500000 0.077424 -2.202320
4.484641 4.446830 436.600000 -0.142808 -2.402704
4.483631 4.446303 436.700000 -0.383078 -2.071145
4.482645 4.445749 436.800000 -0.590192 -2.011669
4.481691 4.445210 436.900000 -0.791359 -2.046360
4.480779 4.444575 437.000000 -0.995995 -1.826659
4.479913 4.443917 437.100000 -1.178661 -1.769480
4.479099 4.443251 437.200000 -1.355609 -1.750914
4.478343 4.442549 437.300000 -1.530701 -1.656726
4.477648 4.441765 437.400000 -1.696373 -1.424039
4.477011 4.440959 437.500000 -1.838777 -1.350603
4.476433 4.440060 437.600000 -1.973838 -1.007854
4.475902 4.439102 437.700000 -2.074623 -0.700009
4.475405 4.438118 437.800000 -2.144624 -0.511860
4.474934 4.437108 437.900000 -2.195810 -0.178816
4.474472 4.436097 438.000000 -2.213691 -0.125537
4.474016 4.435087 438.100000 -2.226245 0.121918
4.473555 4.434089 438.200000 -2.214053 0.351740
4.473076 4.433111 438.300000 -2.178879 0.544824
4.472570 4.432136 438.400000 -2.124397 0.555272
4.472038 4.431190 438.500000 -2.068870 0.754055
4.471472 4.430248 438.600000 -1.993464 0.775763
4.470871 4.429356 438.700000 -1.915888 1.013553
4.470228 4.428536 438.800000 -1.814533 1.290130
4.469533 4.427757 438.900000 -1.685520 1.419402
4.468786 4.427099 439.000000 -1.543579 1.754933
4.467982 4.426608 439.100000 -1.368086 2.131056
4.467117 4.426131 439.200000 -1.154981 2.158536
4.466200 4.425709 439.300000 -0.939127 2.269187
4.465242 4.425353 439.400000 -0.712208 2.390350
4.464252 4.425053 439.500000 -0.473173 2.493756
4.463242 4.424828 439.600000 -0.223798 2.621514
4.462227 4.424627 439.700000 0.038354 2.660397
4.461223 4.424455 439.800000 0.304393 2.708621
4.460247 4.424339 439.900000 0.575256 2.798154
4.459317 4.424205 440.000000 0.855071 2.769092
4.458449 4.424019 440.100000 1.131980 2.686163
4.457659 4.423671 440.200000 1.400596 2.403881
4.456953 4.423226 440.300000 1.640984 2.220043
4.456335 4.422737 440.400000 1.862989 2.129949
4.455813 4.422158 440.500000 2.075984 1.935434
4.455386 4.421445 440.600000 2.269527 1.599686
4.455045 4.420577 440.700000 2.429496 1.092067
4.454765 4.419637 440.800000 2.538702 0.741988
4.454529 4.418653 440.900000 2.612901 0.405086
4.454317 4.417672 441.000000 2.653410 0.421120
4.454131 4.416675 441.100000 2.695522 0.202028
4.453958 4.415677 441.200000 2.715725 -0.139521
4.453775 4.414719 441.300000 2.701772 -0.616444
4.453556 4.413778 441.400000 2.640128 -0.717879
4.453294 4.412856 441.500000 2.568340 -0.829849
4.452985 4.411928 441.600000 2.485355 -0.792664
4.452633 4.411034 441.700000 2.406089 -0.962106
4.452229 4.410210 441.800000 2.309878 -1.239144
4.451762 4.409468 441.900000 2.185964 -1.504490
4.451224 4.408908 442.000000 2.035515 -1.967040
4.450599 4.408537 442.100000 1.838811 -2.352394
4.449884 4.408273 442.200000 1.603572 -2.545648
4.449084 4.408109 442.300000 1.349007 -2.713476
4.448209 4.407865 442.400000 1.077659 -2.581586
4.447280 4.407613 442.500000 0.819501 -2.565692
4.446311 4.407457 442.600000 0.562931 -2.725801
4.445317 4.407323 442.700000 0.290351 -2.763110
4.444313 4.407295 442.800000 0.014040 -2.926088
4.443319 4.407189 442.900000 -0.278568 -2.805741
4.442351 4.406973 443.000000 -0.559143 -2.628208
4.441425 4.406718 443.100000 -0.821963 -2.560196
4.440554 4.406414 443.200000 -1.077983 -2.472978
4.439751 4.405902 443.300000 -1.325281 -2.067352
4.439014 4.405321 443.400000 -1.532016 -1.912322
4.438348 4.404615 443.500000 -1.723248 -1.594747
4.437748 4.403847 443.600000 -1.882723 -1.411293
4.437209 4.403017 443.700000 -2.023852 -1.201187
4.436727 4.402121 443.800000 -2.143971 -0.925229
4.436291 4.401189 443.900000 -2.236494 -0.722030
4.435892 4.400207 444.000000 -2.308697 -0.288503
4.435509 4.399216 444.100000 -2.337547 -0.029630
4.435127 4.398226 444.200000 -2.340510 0.009960
4.434745 4.397246 444.300000 -2.339514 0.289656
4.434348 4.396314 444.400000 -2.310549 0.713801
4.433914 4.395413 444.500000 -2.239168 0.883108
4.433437 4.394506 444.600000 -2.150858 0.849531
4.432920 4.393642 444.700000 -2.065905 1.049728
4.432356 4.392918 444.800000 -1.960932 1.533519
4.431727 4.392204 444.900000 -1.807580 1.558370
4.431038 4.391576 445.000000 -1.651743 1.787278
4.430286 4.390945 445.100000 -1.473015 1.778496
4.429480 4.390310 445.200000 -1.295165 1.768670
4.428626 4.389738 445.300000 -1.118298 1.918863
4.427728 4.389263 445.400000 -0.926412 2.133924
4.426791 4.388775 445.500000 -0.713020 2.103980
4.425826 4.388409 445.600000 -0.502622 2.348286
4.424842 4.388173 445.700000 -0.267793 2.583763
4.423849 4.388000 445.800000 -0.009417 2.689376
4.422865 4.387780 445.900000 0.259521 2.610100
4.421904 4.387463 446.000000 0.520531 2.439289
4.420978 4.387036 446.100000 0.764460 2.227887
4.420097 4.386574 446.200000 0.987248 2.155342
4.419269 4.386076 446.300000 1.202783 2.081475
4.418502 4.385556 446.400000 1.410930 2.030945
4.417804 4.384981 446.500000 1.614025 1.906612
4.417180 4.384323 446.600000 1.804686 1.698994
4.416628 4.383570 446.700000 1.974585 1.430935
4.416141 4.382803 446.800000 2.117679 1.380677
4.415722 4.381900 446.900000 2.255746 0.831035
4.415346 4.380967 447.000000 2.338850 0.652148
4.415005 4.379999 447.100000 2.404065 0.324223
4.414682 4.379023 447.200000 2.436487 -0.157255
4.414350 4.378066 447.300000 2.420761 -0.441955
4.413995 4.377117 447.400000 2.376566 -0.510914
4.413612 4.376229 447.500000 2.325475 -0.897314
4.413185 4.375352 447.600000 2.235743 -0.950953
4.412711 4.374495 447.700000 2.140648 -1.034614
4.412189 4.373641 447.800000 2.037186 -1.050760
4.411621 4.372800 447.900000 1.932110 -1.100617
4.411007 4.371976 448.000000 1.822049 -1.166994
4.410347 4.371228 448.100000 1.705349 -1.428344
4.409636 4.370537 448.200000 1.562515 -1.594764
4.408872 4.369898 448.300000 1.403039 -1.736580
4.408057 4.369313 448.400000 1.229381 -1.866782
4.407196 4.368859 448.500000 1.042702 -2.160114
4.406290 4.368480 448.600000 0.826691 -2.310932
4.405347 4.368177 448.700000 0.595598 -2.452121
4.404380 4.367894 448.800000 0.350386 -2.489621
4.403400 4.367711 448.900000 0.101423 -2.663552
4.402422 4.367641 449.000000 -0.164932 -2.846585
4.401465 4.367362 449.100000 -0.449590 -2.496750
4.400540 4.367164 449.200000 -0.699265 -2.636033
4.399664 4.366731 449.300000 -0.962869 -2.200698
4.398840 4.366233 449.400000 -1.182938 -2.062901
4.398077 4.365604 449.500000 -1.389228 -1.753947
4.397371 4.364966 449.600000 -1.564623 -1.731557
4.396729 4.364218 449.700000 -1.737779 -1.415130
4.396144 4.363439 449.800000 -1.879292 -1.309125
4.395616 4.362582 449.900000 -2.010204 -1.007750
4.395135 4.361695 450.000000 -2.110979 -0.858677
4.394694 4.360777 450.100000 -2.196847 -0.680694
4.394288 4.359838 450.200000 -2.264916 -0.508655
4.393908 4.358876 450.300000 -2.315782 -0.243724
4.393540 4.357920 450.400000 -2.340154 -0.321552
4.393190 4.356953 450.500000 -2.372310 0.043878
4.392837 4.356007 450.600000 -2.367922 0.433676
4.392462 4.355096 450.700000 -2.324554 0.705663
4.392051 4.354178 450.800000 -2.253988 0.653090
4.391608 4.353280 450.900000 -2.188679 0.780820
4.391128 4.352380 451.000000 -2.110597 0.768071
4.390614 4.351498 451.100000 -2.033790 0.865288
4.390061 4.350696 451.200000 -1.947261 1.208646
4.389458 4.349904 451.300000 -1.826396 1.243944
4.388806 4.349195 451.400000 -1.702002 1.516266
4.388101 4.348559 451.500000 -1.550375 1.719270
4.387340 4.347922 451.600000 -1.378448 1.715191
4.386530 4.347412 451.700000 -1.206929 2.020871
4.385671 4.346837 451.800000 -1.004842 1.871875
4.384774 4.346351 451.900000 -0.817655 2.072430
4.383846 4.345957 452.000000 -0.610412 2.265413
4.382893 4.345694 452.100000 -0.383870 2.513309
4.381926 4.345605 452.200000 -0.132539 2.807266
4.380959 4.345569 452.300000 0.148187 2.893124
4.380012 4.345703 452.400000 0.437500 3.146574
4.379107 4.345771 452.500000 0.752157 3.050917
4.378263 4.345795 452.600000 1.057249 2.984803
4.377499 4.345625 452.700000 1.355729 2.673575
4.376824 4.345460 452.800000 1.623086 2.683824
4.376252 4.345232 452.900000 1.891469 2.573241
4.375796 4.344867 453.000000 2.148793 2.319695
4.375456 4.344504 453.100000 2.380762 2.324369
4.375244 4.344045 453.200000 2.613199 2.126998
4.375159 4.343488 453.300000 2.825899 1.907349
4.375198 4.342719 453.400000 3.016634 1.308451
4.375325 4.341839 453.500000 3.147479 0.840837
4.375512 4.340937 453.600000 3.231563 0.704719
4.375749 4.339992 453.700000 3.302035 0.320287
4.376009 4.339037 453.800000 3.334064 -0.132431
4.376260 4.338105 453.900000 3.320820 -0.459353
4.376477 4.337269 454.000000 3.274885 -1.041215
4.376620 4.336511 454.100000 3.170764 -1.336259
4.376672 4.335901 454.200000 3.037138 -1.771250
4.376609 4.335550 454.300000 2.860013 -2.339682
4.376405 4.335372 454.400000 2.626045 -2.656861
4.376055 4.335141 454.500000 2.360359 -2.563388
4.375579 4.334999 454.600000 2.104020 -2.715881
4.374986 4.334884 454.700000 1.832432 -2.761851
4.374291 4.334846 454.800000 1.556247 -2.883929
4.373506 4.334830 454.900000 1.267854 -2.919874
4.372650 4.334810 455.000000 0.975866 -2.914508
4.371741 4.334818 455.100000 0.684415 -2.956542
4.370797 4.334809 455.200000 0.388761 -2.930478
4.369838 4.334757 455.300000 0.095713 -2.863038
4.368883 4.334752 455.400000 -0.190590 -2.936745
4.367950 4.334799 455.500000 -0.484265 -3.015556
4.367059 4.334759 455.600000 -0.785820 -2.881975
4.366227 4.334608 455.700000 -1.074018 -2.699562
4.365468 4.334352 455.800000 -1.343974 -2.517227
4.364790 4.334044 455.900000 -1.595697 -2.421029
4.364203 4.333720 456.000000 -1.837800 -2.390620
4.363719 4.333244 456.100000 -2.076862 -2.079087
4.363335 4.332671 456.200000 -2.284770 -1.853454
4.363047 4.332010 456.300000 -2.470116 -1.622801
4.362850 4.331240 456.400000 -2.632396 -1.279150
4.362729 4.330413 456.500000 -2.760311 -1.052729
4.362673 4.329536 456.600000 -2.865584 -0.807577
4.362668 4.328607 456.700000 -2.946342 -0.412811
4.362690 4.327660 456.800000 -2.987623 -0.033186
4.362714 4.326720 456.900000 -2.990941 0.251687
4.362722 4.325793 457.000000 -2.965773 0.428807
4.362702 4.324902 457.100000 -2.922892 0.707087
4.362637 4.324083 457.200000 -2.852183 1.078069
4.362507 4.323340 457.300000 -2.744376 1.361156
4.362297 4.322588 457.400000 -2.608261 1.328612
4.362013 4.321950 457.500000 -2.475399 1.673415
4.361642 4.321332 457.600000 -2.308058 1.730311
4.361187 4.320821 457.700000 -2.135027 1.990656
4.360644 4.320360 457.800000 -1.935961 2.101249
4.360017 4.319935 457.900000 -1.725836 2.179165
4.359313 4.319611 458.000000 -1.507920 2.382054
4.358538 4.319506 458.100000 -1.269714 2.770699
4.357694 4.319543 458.200000 -0.992645 2.996033
4.356796 4.319822 458.300000 -0.693041 3.346222
4.355860 4.320197 458.400000 -0.358419 3.475009
4.354910 4.320664 458.500000 -0.010918 3.595127
4.353974 4.321209 458.600000 0.348595 3.693376
4.353081 4.321716 458.700000 0.717932 3.646669
4.352260 4.322178 458.800000 1.082599 3.589072
4.351538 4.322649 458.900000 1.441506 3.601499
4.350944 4.323006 459.000000 1.801656 3.452972
4.350498 4.323165 459.100000 2.146954 3.178711
4.350213 4.323175 459.200000 2.464825 2.955460
4.350095 4.323121 459.300000 2.760371 2.855559
4.350158 4.322784 459.400000 3.045927 2.354747
4.350383 4.322196 459.500000 3.281401 1.800618
4.350740 4.321516 459.600000 3.461463 1.546433
4.351215 4.320692 459.700000 3.616106 1.034135
4.351773 4.319808 459.800000 3.719520 0.716814
4.352390 4.318876 459.900000 3.791201 0.251153
4.353026 4.317941 460.000000 3.816317 -0.179622
4.353648 4.317035 460.100000 3.798354 -0.544112
4.354225 4.316170 460.200000 3.743943 -0.820621
4.354735 4.315403 460.300000 3.661881 -1.252384
4.355148 4.314659 460.400000 3.536643 -1.333933
4.355459 4.313979 460.500000 3.403249 -1.537257
4.355660 4.313472 460.600000 3.249524 -1.990020
4.355725 4.313121 460.700000 3.050522 -2.321831
4.355641 4.312807 460.800000 2.818339 -2.392967
4.355418 4.312592 460.900000 2.579042 -2.577747
4.355057 4.312419 461.000000 2.321267 -2.652534
4.354571 4.312340 461.100000 2.056014 -2.809021
4.353969 4.312376 461.200000 1.775112 -2.993251
4.353261 4.312806 461.300000 1.475787 -3.548060
4.352454 4.313427 461.400000 1.120981 -3.789455
4.351571 4.314277 461.500000 0.742035 -4.058633
4.350641 4.314891 461.600000 0.336172 -3.781356
4.349699 4.315679 461.700000 -0.041964 -3.988585
4.348778 4.316332 461.800000 -0.440822 -3.829918
4.347910 4.316976 461.900000 -0.823814 -3.818119
4.347127 4.317565 462.000000 -1.205626 -3.751646
4.346456 4.317964 462.100000 -1.580791 -3.511055
4.345920 4.318189 462.200000 -1.931896 -3.273178
4.345532 4.318360 462.300000 -2.259214 -3.196547
4.345311 4.318479 462.400000 -2.578869 -3.121371
4.345275 4.318361 462.500000 -2.891006 -2.746048
4.345419 4.318037 462.600000 -3.165610 -2.375697
4.345732 4.317609 462.700000 -3.403180 -2.160371
4.346208 4.316970 462.800000 -3.619217 -1.648916
4.346815 4.316212 462.900000 -3.784109 -1.272023
4.347528 4.315344 463.000000 -3.911311 -0.772988
4.348307 4.314430 463.100000 -3.988610 -0.395401
4.349120 4.313499 463.200000 -4.028150 0.064058
4.349926 4.312618 463.300000 -4.021744 0.680278
4.350674 4.311831 463.400000 -3.953716 1.153165
4.351325 4.311142 463.500000 -3.838400 1.496137
4.351853 4.310547 463.600000 -3.688786 1.760579
4.352245 4.310186 463.700000 -3.512728 2.296373
4.352469 4.310032 463.800000 -3.283091 2.682436
4.352510 4.310034 463.900000 -3.014847 2.939402
4.352370 4.310170 464.000000 -2.720907 3.142897
4.352056 4.310461 464.100000 -2.406618 3.364716
4.351581 4.310889 464.200000 -2.070146 3.549468
4.350960 4.311513 464.300000 -1.715199 3.796126
4.350216 4.312310 464.400000 -1.335587 4.004359
4.349373 4.313134 464.500000 -0.935151 4.034550
4.348468 4.314248 464.600000 -0.531696 4.356571
4.347533 4.315233 464.700000 -0.096039 4.216945
4.346610 4.316307 464.800000 0.325656 4.314880
4.345736 4.317688 464.900000 0.757144 4.634229
4.344962 4.318924 465.000000 1.220567 4.486831
4.344328 4.320158 465.100000 1.669250 4.485784
4.343876 4.321084 465.200000 2.117828 4.154341
4.343632 4.321984 465.300000 2.533262 4.124985
4.343631 4.322847 465.400000 2.945761 4.083863
4.343906 4.323653 465.500000 3.354147 4.018666
4.344488 4.324163 465.600000 3.756014 3.660847
4.345379 4.324352 465.700000 4.122098 3.226271
4.346567 4.324266 465.800000 4.444726 2.800570
4.348029 4.323987 465.900000 4.724783 2.460721
4.349747 4.323450 466.000000 4.970855 1.908834
4.351672 4.322641 466.100000 5.161738 1.047643
4.353712 4.321732 466.200000 5.266502 0.413422
4.355799 4.320807 466.300000 5.307845 0.106022
4.357897 4.319888 466.400000 5.318447 -0.257970
4.359965 4.319012 466.500000 5.292650 -0.684638
4.361955 4.318213 466.600000 5.224186 -1.085173
4.363823 4.317606 466.700000 5.115669 -1.722999
4.365506 4.317289 466.800000 4.943369 -2.382426
4.366941 4.317320 466.900000 4.705126 -2.986987
4.368085 4.317604 467.000000 4.406427 -3.359874
4.368923 4.318253 467.100000 4.070440 -3.834866
4.369443 4.319107 467.200000 3.686953 -4.075582
4.369658 4.320355 467.300000 3.279395 -4.506342
4.369579 4.322110 467.400000 2.828761 -5.005051
4.369224 4.324244 467.500000 2.328256 -5.347891
4.368634 4.326444 467.600000 1.793467 -5.406683
4.367868 4.328848 467.700000 1.252798 -5.580828
4.366986 4.331424 467.800000 0.694716 -5.723943
4.366055 4.334047 467.900000 0.122321 -5.762506
4.365144 4.336564 468.000000 -0.453929 -5.677912
4.364323 4.339223 468.100000 -1.021720 -5.794056
4.363665 4.341446 468.200000 -1.601126 -5.430916
4.363224 4.343496 468.300000 -2.144218 -5.280740
4.363055 4.345292 468.400000 -2.672292 -5.051736
4.363201 4.346919 468.500000 -3.177465 -4.892553
4.363704 4.348124 468.600000 -3.666721 -4.471578
4.364579 4.348936 468.700000 -4.113878 -4.038509
4.365824 4.349226 468.800000 -4.517729 -3.378382
4.367407 4.349359 468.900000 -4.855567 -3.154351
4.369326 4.349061 469.000000 -5.171003 -2.428903
4.371518 4.348598 469.100000 -5.413893 -2.086661
4.373955 4.347914 469.200000 -5.622559 -1.509312
4.376573 4.347094 469.300000 -5.773490 -0.996001
4.379315 4.346181 469.400000 -5.873090 -0.356948
4.382099 4.345260 469.500000 -5.908785 0.193162
4.384859 4.344403 469.600000 -5.889469 0.800020
4.387517 4.343695 469.700000 -5.809467 1.426651
4.390001 4.343263 469.800000 -5.666802 2.152810
4.392228 4.343166 469.900000 -5.451521 2.787847
4.394140 4.343347 470.000000 -5.172736 3.222672
4.395707 4.343800 470.100000 -4.850469 3.598419
4.396916 4.344647 470.200000 -4.490627 4.080858
4.397753 4.345863 470.300000 -4.082541 4.486746
4.398222 4.347434 470.400000 -3.633867 4.844986
4.398341 4.349197 470.500000 -3.149368 5.028739
4.398151 4.351423 470.600000 -2.646494 5.445407
4.397686 4.353746 470.700000 -2.101953 5.530092
4.397006 4.356479 470.800000 -1.548944 5.868927
4.396171 4.359209 470.900000 -0.962051 5.867577
4.395253 4.361847 471.000000 -0.375294 5.794066
4.394325 4.364488 471.100000 0.204113 5.797448
4.393457 4.366829 471.200000 0.783858 5.549652
4.392715 4.369238 471.300000 1.338823 5.607260
4.392166 4.371393 471.400000 1.899549 5.391256
4.391866 4.373249 471.500000 2.438675 5.123277
4.391858 4.374830 471.600000 2.951002 4.864586
4.392179 4.375929 471.700000 3.437461 4.371957
4.392839 4.376617 471.800000 3.874656 3.905009
4.393835 4.377018 471.900000 4.265157 3.541449
4.395165 4.377121 472.000000 4.619302 3.118691
4.396809 4.376816 472.100000 4.931171 2.423006
4.398711 4.376215 472.200000 5.173472 1.753041
4.400808 4.375470 472.300000 5.348776 1.308894
4.403054 4.374589 472.400000 5.479665 0.655320
4.405376 4.373666 472.500000 5.545197 0.139304
4.407713 4.372755 472.600000 5.559128 -0.368960
4.410005 4.371906 472.700000 5.522232 -0.849238
4.412199 4.371192 472.800000 5.437308 -1.411570
4.414231 4.370669 472.900000 5.296151 -1.946604
4.416048 4.370361 473.000000 5.101491 -2.414735
4.417611 4.370393 473.100000 4.860017 -3.007538
4.418873 4.370772 473.200000 4.559263 -3.510271
4.419810 4.371453 473.300000 4.208236 -3.898139
4.420417 4.372413 473.400000 3.818422 -4.222593
4.420701 4.373800 473.500000 3.396163 -4.677834
4.420673 4.375321 473.600000 2.928379 -4.812373
4.420372 4.377277 473.700000 2.447142 -5.223852
4.419830 4.379379 473.800000 1.924757 -5.354839
4.419101 4.381623 473.900000 1.389273 -5.480302
4.418244 4.383718 474.000000 0.841243 -5.350643
4.417322 4.385805 474.100000 0.306178 -5.344259
4.416396 4.387752 474.200000 -0.228247 -5.218916
4.415524 4.389637 474.300000 -0.750139 -5.163661
4.414763 4.391561 474.400000 -1.266505 -5.199896
4.414169 4.393274 474.500000 -1.786495 -5.003619
4.413790 4.394584 474.600000 -2.286857 -4.607393
4.413655 4.395658 474.700000 -2.747596 -4.357924
4.413793 4.396270 474.800000 -3.183388 -3.821454
4.414202 4.396608 474.900000 -3.565534 -3.463502
4.414883 4.396731 475.000000 -3.911884 -3.157266
4.415834 4.396462 475.100000 -4.227610 -2.497216
4.417014 4.395900 475.200000 -4.477332 -1.857183
4.418372 4.395173 475.300000 -4.663050 -1.372071
4.419866 4.394324 475.400000 -4.800258 -0.843255
4.421445 4.393418 475.500000 -4.884583 -0.415677
4.423066 4.392495 475.600000 -4.926151 -0.017028
4.424688 4.391582 475.700000 -4.927854 0.317606
4.426277 4.390713 475.800000 -4.896093 0.713831
4.427792 4.389976 475.900000 -4.824710 1.330653
4.429174 4.389451 476.000000 -4.691645 1.944831
4.430367 4.389024 476.100000 -4.497162 2.169523
4.431360 4.388772 476.200000 -4.280209 2.525635
4.432133 4.388763 476.300000 -4.027646 2.947957
4.432665 4.389032 476.400000 -3.732850 3.368254
4.432945 4.389649 476.500000 -3.396025 3.827871
4.432967 4.390602 476.600000 -3.013238 4.227095
4.432741 4.391719 476.700000 -2.590528 4.408725
4.432296 4.393240 476.800000 -2.149656 4.825658
4.431658 4.394962 476.900000 -1.667090 5.021580
4.430872 4.397120 477.000000 -1.164932 5.420238
4.429984 4.399513 477.100000 -0.622908 5.624158
4.429056 4.401646 477.200000 -0.060492 5.400232
4.428152 4.403668 477.300000 0.479531 5.301933
4.427332 4.405598 477.400000 1.009724 5.218948
4.426650 4.407182 477.500000 1.531619 4.893106
4.426151 4.408519 477.600000 2.020930 4.646073
4.425871 4.409524 477.700000 2.485537 4.292677
4.425834 4.410126 477.800000 2.914805 3.816679
4.426045 4.410642 477.900000 3.296473 3.708522
4.426526 4.410722 478.000000 3.667325 3.096381
4.427254 4.410652 478.100000 3.976963 2.854904
4.428227 4.410262 478.200000 4.262453 2.257361
4.429407 4.409658 478.300000 4.488190 1.744484
4.430753 4.408875 478.400000 4.662638 1.150560
4.432212 4.408008 478.500000 4.777694 0.717395
4.433742 4.407088 478.600000 4.849433 0.120443
4.435284 4.406177 478.700000 4.861478 -0.290348
4.436796 4.405335 478.800000 4.832443 -0.865913
4.438221 4.404668 478.900000 4.745851 -1.555069
4.439494 4.404140 479.000000 4.590345 -1.936823
4.440584 4.403892 479.100000 4.396662 -2.536497
4.441449 4.403830 479.200000 4.143013 -2.866249
4.442073 4.403958 479.300000 3.856388 -3.167908
4.442453 4.404460 479.400000 3.539597 -3.689741
4.442575 4.405113 479.500000 3.170623 -3.882934
4.442456 4.405858 479.600000 2.782329 -3.994490
4.442122 4.406898 479.700000 2.382880 -4.335145
4.441592 4.408249 479.800000 1.949366 -4.666476
4.440895 4.409798 479.900000 1.482718 -4.867502
4.440074 4.411382 480.000000 0.995968 -4.901944
4.439176 4.412978 480.100000 0.505774 -4.913718
4.438252 4.414662 480.200000 0.014402 -5.000650
4.437352 4.416465 480.300000 -0.485663 -5.114037
4.436532 4.418231 480.400000 -0.997067 -5.079325
4.435845 4.419790 480.500000 -1.504999 -4.881210
4.435335 4.420972 480.600000 -1.993120 -4.494702
4.435033 4.422026 480.700000 -2.442590 -4.356596
4.434972 4.422932 480.800000 -2.878250 -4.189608
4.435180 4.423570 480.900000 -3.297211 -3.871801
4.435669 4.423889 481.000000 -3.684391 -3.451819
4.436435 4.423995 481.100000 -4.029573 -3.140113
4.437473 4.423792 481.200000 -4.343584 -2.625935
4.438755 4.423358 481.300000 -4.606178 -2.161805
4.440248 4.422706 481.400000 -4.822358 -1.601395
4.441903 4.421941 481.500000 -4.982498 -1.217724
4.443685 4.421066 481.600000 -5.104270 -0.640693
4.445535 4.420149 481.700000 -5.168339 0.103522
4.447373 4.419264 481.800000 -5.157987 0.549260
4.449152 4.418417 481.900000 -5.103061 0.820375
4.450843 4.417629 482.000000 -5.021024 1.115474
4.452420 4.416964 482.100000 -4.909476 1.554630
4.453840 4.416536 482.200000 -4.754013 2.169424
4.455050 4.416357 482.300000 -4.537071 2.666311
4.456016 4.416459 482.400000 -4.270440 3.133765
4.456715 4.416898 482.500000 -3.957063 3.614217
4.457131 4.417694 482.600000 -3.595642 4.064984
4.457261 4.418681 482.700000 -3.189143 4.285601
4.457127 4.419684 482.800000 -2.760583 4.303776
4.456767 4.421151 482.900000 -2.330206 4.797082
4.456199 4.422879 483.000000 -1.850497 5.053803
4.455464 4.424495 483.100000 -1.345117 4.945552
4.454617 4.426085 483.200000 -0.850562 4.921616
4.453708 4.427853 483.300000 -0.358400 5.093573
4.452790 4.429732 483.400000 0.150957 5.198297
4.451915 4.431200 483.500000 0.670787 4.801387
4.451132 4.432770 483.600000 1.150925 4.904789
4.450490 4.434024 483.700000 1.641404 4.582775
4.450026 4.435222 483.800000 2.099682 4.522670
4.449779 4.436341 483.900000 2.551949 4.439254
4.449787 4.437168 484.000000 2.995874 4.107941
4.450067 4.437557 484.100000 3.406668 3.555298
4.450609 4.437714 484.200000 3.762198 3.224220
4.451412 4.437674 484.300000 4.084620 2.914316
4.452470 4.437449 484.400000 4.376052 2.586953
4.453767 4.437066 484.500000 4.634747 2.271631
4.455287 4.436447 484.600000 4.861910 1.696357
4.456979 4.435655 484.700000 5.031546 1.091985
4.458785 4.434748 484.800000 5.140744 0.269096
4.460619 4.433839 484.900000 5.167654 -0.242090
4.462426 4.432964 485.000000 5.143445 -0.610596
4.464168 4.432158 485.100000 5.082385 -1.026139
4.465803 4.431505 485.200000 4.979771 -1.588004
4.467277 4.431016 485.300000 4.820971 -2.029519
4.468553 4.430760 485.400000 4.618019 -2.524103
4.469595 4.430844 485.500000 4.365609 -3.110479
4.470368 4.431216 485.600000 4.054561 -3.532193
4.470857 4.431671 485.700000 3.701342 -3.644485
4.471083 4.432257 485.800000 3.336893 -3.815987
4.471062 4.433094 485.900000 2.955294 -4.122788
4.470807 4.434064 486.000000 2.543016 -4.277775
4.470348 4.435342 486.100000 2.115238 -4.614660
4.469710 4.436835 486.200000 1.653772 -4.836970
4.468931 4.438597 486.300000 1.170075 -5.099850
4.468058 4.440278 486.400000 0.660090 -5.023753
4.467142 4.441776 486.500000 0.157715 -4.842928
4.466235 4.443223 486.600000 -0.326578 -4.793045
4.465384 4.444791 486.700000 -0.805883 -4.914135
4.464640 4.446361 486.800000 -1.297296 -4.917727
4.464052 4.447830 486.900000 -1.789069 -4.816487
4.463665 4.449064 487.000000 -2.270717 -4.573756
4.463512 4.450075 487.100000 -2.728093 -4.329767
4.463622 4.450733 487.200000 -3.161070 -3.913586
4.464000 4.451090 487.300000 -3.552428 -3.517808
4.464648 4.451024 487.400000 -3.904209 -2.874483
4.465534 4.450673 487.500000 -4.191658 -2.339458
4.466626 4.450160 487.600000 -4.425603 -1.974775
4.467901 4.449544 487.700000 -4.623081 -1.702100
4.469340 4.448824 487.800000 -4.793291 -1.366168
4.470915 4.447992 487.900000 -4.929908 -0.883061
4.472578 4.447104 488.000000 -5.018214 -0.479791
4.474291 4.446194 488.100000 -5.066193 -0.044586
4.476007 4.445344 488.200000 -5.070651 0.773886
4.477643 4.444619 488.300000 -4.993263 1.342285
4.479143 4.444015 488.400000 -4.859034 1.728959
4.480474 4.443576 488.500000 -4.686138 2.144874
4.481603 4.443382 488.600000 -4.471651 2.644153
4.482497 4.443296 488.700000 -4.207236 2.835936
4.483154 4.443461 488.800000 -3.923642 3.240636
4.483562 4.443859 488.900000 -3.599578 3.575500
4.483720 4.444359 489.000000 -3.242028 3.711088
4.483646 4.445196 489.100000 -2.870920 4.132295
4.483347 4.446097 489.200000 -2.457690 4.208714
4.482854 4.446904 489.300000 -2.036819 4.097831
4.482209 4.447569 489.400000 -1.627036 3.924087
4.481449 4.448227 489.500000 -1.234627 3.917399
4.480607 4.448930 489.600000 -0.842887 3.972085
4.479712 4.449533 489.700000 -0.445679 3.847741
4.478798 4.450024 489.800000 -0.060905 3.702606
4.477894 4.450517 489.900000 0.309356 3.705513
4.477027 4.450891 490.000000 0.679907 3.545340
4.476223 4.451240 490.100000 1.034441 3.510044
4.475506 4.451560 490.200000 1.385446 3.469638
4.474899 4.451681 490.300000 1.732409 3.177666
4.474415 4.451640 490.400000 2.050176 2.914814
4.474062 4.451486 490.500000 2.341657 2.718872
4.473847 4.451246 490.600000 2.613545 2.559064
4.473774 4.450855 490.700000 2.869451 2.249926
4.473838 4.450265 490.800000 3.094444 1.763586
4.474016 4.449513 490.900000 3.270802 1.230262
4.474278 4.448685 491.000000 3.393828 0.878527
4.474601 4.447788 491.100000 3.481681 0.288516
4.474944 4.446883 491.200000 3.510533 -0.072745
4.475282 4.446011 491.300000 3.503258 -0.567383
4.475580 4.445200 491.400000 3.446520 -0.959419
4.475812 4.444457 491.500000 3.350578 -1.257767
4.475959 4.443757 491.600000 3.224801 -1.418097
4.476015 4.443099 491.700000 3.082992 -1.553285
4.475976 4.442470 491.800000 2.927663 -1.641360
4.475843 4.442047 491.900000 2.763527 -2.173331
4.475592 4.441715 492.000000 2.546194 -2.371184
4.475224 4.441657 492.100000 2.309076 -2.881994
4.474730 4.441836 492.200000 2.020876 -3.262507
4.474113 4.442235 492.300000 1.694626 -3.580503
4.473386 4.442705 492.400000 1.336575 -3.675878
4.472573 4.443260 492.500000 0.968988 -3.788360
4.471700 4.443744 492.600000 0.590152 -3.694977
4.470798 4.444112 492.700000 0.220654 -3.537928
4.469893 4.444588 492.800000 -0.133139 -3.685439
4.469012 4.444974 492.900000 -0.501683 -3.562872
4.468180 4.445334 493.000000 -0.857970 -3.526660
4.467423 4.445716 493.100000 -1.210636 -3.558380
4.466766 4.445998 493.200000 -1.566474 -3.416956
4.466229 4.446182 493.300000 -1.908170 -3.271508
4.465831 4.446131 493.400000 -2.235320 -2.896486
4.465572 4.446097 493.500000 -2.524969 -2.925012
4.465471 4.445894 493.600000 -2.817470 -2.625463
4.465527 4.445559 493.700000 -3.080016 -2.362456
4.465736 4.444998 493.800000 -3.316262 -1.830351
4.466072 4.444388 493.900000 -3.499297 -1.691345
4.466530 4.443738 494.000000 -3.668432 -1.569993
4.467107 4.443016 494.100000 -3.825431 -1.324336
4.467787 4.442217 494.200000 -3.957864 -0.993548
4.468548 4.441336 494.300000 -4.057219 -0.420851
4.469344 4.440440 494.400000 -4.099304 0.135630
4.470128 4.439607 494.500000 -4.085741 0.802109
4.470846 4.438856 494.600000 -4.005531 1.204183
4.471468 4.438138 494.700000 -3.885112 1.329666
4.471986 4.437599 494.800000 -3.752146 1.881111
4.472366 4.437186 494.900000 -3.564035 2.189418
4.472593 4.437021 495.000000 -3.345093 2.689269
4.472645 4.437016 495.100000 -3.076166 2.970786
4.472522 4.437115 495.200000 -2.779087 3.139005
4.472232 4.437437 495.300000 -2.465187 3.473463
4.471782 4.438007 495.400000 -2.117840 3.811111
4.471184 4.438819 495.500000 -1.736729 4.114849
4.470459 4.439643 495.600000 -1.325244 4.127734
4.469642 4.440565 495.700000 -0.912471 4.246226
4.468764 4.441540 495.800000 -0.487848 4.306240
4.467864 4.442767 495.900000 -0.057224 4.588700
4.466979 4.443900 496.000000 0.401645 4.486062
4.466152 4.444969 496.100000 0.850252 4.415906
4.465420 4.445891 496.200000 1.291842 4.247781
4.464818 4.446520 496.300000 1.716620 3.890357
4.464365 4.446912 496.400000 2.105656 3.575427
4.464077 4.447275 496.500000 2.463199 3.535724
4.463977 4.447396 496.600000 2.816771 3.177425
4.464067 4.447240 496.700000 3.134514 2.710889
4.464336 4.446886 496.800000 3.405603 2.318356
4.464768 4.446382 496.900000 3.637438 1.970018
4.465349 4.445659 497.000000 3.834440 1.307086
4.466032 4.444841 497.100000 3.965149 0.868908
4.466785 4.443967 497.200000 4.052039 0.445213
4.467574 4.443074 497.300000 4.096561 -0.009724
4.468362 4.442186 497.400000 4.095588 -0.219724
4.469131 4.441330 497.500000 4.073616 -0.610347
4.469851 4.440539 497.600000 4.012581 -1.003159
4.470490 4.439851 497.700000 3.912265 -1.425163
4.471019 4.439210 497.800000 3.769749 -1.581254
4.471431 4.438732 497.900000 3.611623 -2.028894
4.471700 4.438370 498.000000 3.408734 -2.296254
4.471817 4.438315 498.100000 3.179109 -2.885993
4.471757 4.438520 498.200000 2.890509 -3.304319
4.471518 4.438918 498.300000 2.560077 -3.584091
4.471107 4.439616 498.400000 2.201668 -3.979389
4.470537 4.440418 498.500000 1.803729 -4.107537
4.469835 4.441515 498.600000 1.392976 -4.452350
4.469029 4.442976 498.700000 0.947741 -4.843823
4.468154 4.444546 498.800000 0.463358 -4.954915
4.467259 4.446378 498.900000 -0.032133 -5.212434
4.466395 4.447947 499.000000 -0.553376 -4.955635
4.465610 4.449285 499.100000 -1.048940 -4.717470
4.464947 4.450550 499.200000 -1.520687 -4.640155
4.464448 4.451685 499.300000 -1.984702 -4.497929
4.464147 4.452485 499.400000 -2.434495 -4.110916
4.464064 4.453069 499.500000 -2.845587 -3.838359
4.464214 4.453428 499.600000 -3.229423 -3.535090
4.464605 4.453556 499.700000 -3.582932 -3.192633
4.465235 4.453456 499.800000 -3.902195 -2.810422
4.466092 4.453153 499.900000 -4.183237 -2.424633
4.467157 4.452674 500.000000 -4.425701 -2.029275
4.468406 4.452098 500.100000 -4.628628 -1.771897
4.469821 4.451352 500.200000 -4.805818 -1.200676
4.471352 4.450511 500.300000 -4.925885 -0.697180
4.472952 4.449622 500.400000 -4.995603 -0.009229
4.474552 4.448758 500.500000 -4.996526 0.504167
4.476101 4.448007 500.600000 -4.946110 1.172752
4.477535 4.447358 500.700000 -4.828834 1.547901
4.478822 4.446800 500.800000 -4.674044 1.818786
4.479942 4.446450 500.900000 -4.492166 2.320489
4.480859 4.446277 501.000000 -4.260117 2.675364
4.481555 4.446325 501.100000 -3.992580 3.062140
4.482017 4.446634 501.200000 -3.686366 3.461766
4.482235 4.447245 501.300000 -3.340190 3.876147
4.482211 4.447959 501.400000 -2.952575 4.006293
4.481966 4.448694 501.500000 -2.551946 4.034287
4.481533 4.449635 501.600000 -2.148517 4.282374
4.480935 4.450492 501.700000 -1.720280 4.182589
4.480211 4.451693 501.800000 -1.302021 4.578493
4.479389 4.452929 501.900000 -0.844171 4.616288
4.478512 4.454253 502.000000 -0.382543 4.711556
4.477621 4.455855 502.100000 0.088613 5.000531
4.476764 4.457562 502.200000 0.588666 5.104593
4.475993 4.458861 502.300000 1.099125 4.687479
4.475347 4.460053 502.400000 1.567873 4.571461
4.474864 4.461194 502.500000 2.025019 4.514806
4.474584 4.462185 502.600000 2.476500 4.345492
4.474537 4.462952 502.700000 2.911049 4.079297
4.474742 4.463493 502.800000 3.318979 3.790770
4.475212 4.463610 502.900000 3.698056 3.179101
4.475926 4.463514 503.000000 4.015966 2.820828
4.476872 4.463190 503.100000 4.298049 2.380378
4.478026 4.462667 503.200000 4.536087 1.914764
4.479357 4.461922 503.300000 4.727563 1.190287
4.480800 4.461101 503.400000 4.846592 0.810635
4.482321 4.460228 503.500000 4.927655 0.365411
4.483877 4.459345 503.600000 4.964196 0.138681
4.485446 4.458486 503.700000 4.978064 -0.514206
4.486965 4.457776 503.800000 4.926644 -1.328194
4.488354 4.457190 503.900000 4.793824 -1.734118
4.489581 4.456917 504.000000 4.620413 -2.481858
4.490587 4.456888 504.100000 4.372227 -2.937044
4.491345 4.457171 504.200000 4.078522 -3.430093
4.491838 4.458010 504.300000 3.735513 -4.168803
4.492039 4.459210 504.400000 3.318633 -4.585796
4.491960 4.460423 504.500000 2.860053 -4.599223
4.491640 4.461782 504.600000 2.400131 -4.757860
4.491117 4.463676 504.700000 1.924345 -5.296609
4.490420 4.465570 504.800000 1.394684 -5.296140
4.489605 4.467544 504.900000 0.865070 -5.372928
4.488727 4.469648 505.000000 0.327777 -5.494576
4.487843 4.471572 505.100000 -0.221680 -5.327443
4.487012 4.473611 505.200000 -0.754425 -5.435577
4.486291 4.475435 505.300000 -1.297982 -5.233493
4.485731 4.477012 505.400000 -1.821332 -4.988467
4.485376 4.478507 505.500000 -2.320178 -4.906934
4.485271 4.479599 505.600000 -2.810872 -4.471792
4.485433 4.480525 505.700000 -3.258051 -4.281628
4.485889 4.481240 505.800000 -3.686214 -4.024115
4.486655 4.481667 505.900000 -4.088625 -3.644791
4.487727 4.481759 506.000000 -4.453104 -3.145535
4.489086 4.481520 506.100000 -4.767658 -2.557928
4.490691 4.481004 506.200000 -5.023451 -1.932734
4.492492 4.480279 506.300000 -5.216724 -1.272226
4.494424 4.479474 506.400000 -5.343947 -0.897313
4.496451 4.478614 506.500000 -5.433678 -0.496954
4.498530 4.477732 506.600000 -5.483373 -0.130574
4.500623 4.476875 506.700000 -5.496431 0.526186
4.502658 4.476102 506.800000 -5.443812 1.053320
4.504581 4.475430 506.900000 -5.338480 1.462542
4.506351 4.475026 507.000000 -5.192226 2.202927
4.507899 4.474728 507.100000 -4.971933 2.435545
4.509214 4.474751 507.200000 -4.728379 3.030729
4.510255 4.474973 507.300000 -4.425306 3.345837
4.511015 4.475302 507.400000 -4.090722 3.506729
4.511504 4.475854 507.500000 -3.740049 3.814107
4.511727 4.476749 507.600000 -3.358639 4.247909
4.511686 4.477865 507.700000 -2.933848 4.503566
4.511405 4.479245 507.800000 -2.483491 4.793608
4.510912 4.480705 507.900000 -2.004130 4.877928
4.510250 4.482268 508.000000 -1.516338 4.983580
4.509465 4.483789 508.100000 -1.017980 4.942641
4.508605 4.485475 508.200000 -0.523715 5.109925
4.507718 4.487128 508.300000 -0.012723 5.076879
4.506856 4.488644 508.400000 0.494965 4.939228
4.506066 4.490181 508.500000 0.988888 4.960106
4.505396 4.491693 508.600000 1.484898 4.936002
4.504896 4.492991 508.700000 1.978499 4.710879
4.504600 4.494175 508.800000 2.449586 4.586532
4.504546 4.495083 508.900000 2.908240 4.269780
4.504753 4.495953 509.000000 3.335218 4.225796
4.505255 4.496506 509.100000 3.757797 3.823931
4.506054 4.496754 509.200000 4.140190 3.393314
4.507139 4.496805 509.300000 4.479522 3.083970
4.508504 4.496615 509.400000 4.787919 2.657135
4.510125 4.496262 509.500000 5.053632 2.322274
4.511981 4.495695 509.600000 5.285860 1.794535
4.514025 4.495012 509.700000 5.465313 1.423711
4.516224 4.494195 509.800000 5.607684 0.811470
4.518511 4.493319 509.900000 5.688831 0.208756
4.520821 4.492460 510.000000 5.709707 -0.476535
4.523076 4.491671 510.100000 5.662053 -0.966939
4.525225 4.491008 510.200000 5.565360 -1.488018
4.527212 4.490443 510.300000 5.416558 -1.794815
4.529012 4.490169 510.400000 5.237076 -2.485996
4.530562 4.490239 510.500000 4.988477 -3.114350
4.531816 4.490559 510.600000 4.677042 -3.498887
4.532762 4.491020 510.700000 4.327153 -3.700293
4.533407 4.491947 510.800000 3.957124 -4.296087
4.533737 4.493096 510.900000 3.527515 -4.552144
4.533774 4.494586 511.000000 3.072301 -4.921446
4.533538 4.496341 511.100000 2.580156 -5.189369
4.533067 4.498353 511.200000 2.061219 -5.437742
4.532405 4.500885 511.300000 1.517445 -5.907519
4.531603 4.503650 511.400000 0.926693 -6.105838
4.530727 4.506594 511.500000 0.316109 -6.255533
4.529851 4.509340 511.600000 -0.309444 -6.092596
4.529049 4.511711 511.700000 -0.918704 -5.769433
4.528382 4.513758 511.800000 -1.495647 -5.474919
4.527906 4.515481 511.900000 -2.043139 -5.164647
4.527661 4.516901 512.000000 -2.559604 -4.855507
4.527682 4.518075 512.100000 -3.045154 -4.588965
4.527997 4.518941 512.200000 -3.504051 -4.232749
4.528618 4.519627 512.300000 -3.927326 -4.008483
4.529562 4.519882 512.400000 -4.328174 -3.413611
4.530805 4.519865 512.500000 -4.669535 -2.976312
4.532328 4.519669 512.600000 -4.967166 -2.651538
4.534113 4.519214 512.700000 -5.232320 -2.090339
4.536116 4.518545 512.800000 -5.441354 -1.476337
4.538276 4.517763 512.900000 -5.588988 -1.005252
4.540546 4.516895 513.000000 -5.689513 -0.362123
4.542855 4.516022 513.100000 -5.725725 0.268710
4.545134 4.515274 513.200000 -5.698854 1.166527
4.547283 4.514733 513.300000 -5.582201 1.863305
4.549233 4.514397 513.400000 -5.395871 2.361596
4.550939 4.514300 513.500000 -5.159711 2.834569
4.552367 4.514543 513.600000 -4.876254 3.395188
4.553484 4.515114 513.700000 -4.536736 3.859527
4.554274 4.516019 513.800000 -4.150783 4.281630
4.554736 4.517169 513.900000 -3.722620 4.566267
4.554888 4.518514 514.000000 -3.265993 4.781026
4.554758 4.520060 514.100000 -2.787891 4.993920
4.554381 4.521985 514.200000 -2.288499 5.370491
4.553794 4.523965 514.300000 -1.751450 5.423443
4.553051 4.526354 514.400000 -1.209105 5.798801
4.552205 4.529012 514.500000 -0.629225 6.034127
4.551320 4.531756 514.600000 -0.025812 6.108209
4.550469 4.534624 514.700000 0.585008 6.211904
4.549727 4.537458 514.800000 1.206199 6.184930
4.549167 4.540219 514.900000 1.824692 6.125363
4.548860 4.542781 515.000000 2.437228 5.955907
4.548870 4.545088 515.100000 3.032819 5.731422
4.549249 4.546712 515.200000 3.605961 5.082608
4.550008 4.548000 515.300000 4.114222 4.729854
4.551167 4.548892 515.400000 4.587207 4.277070
4.552723 4.549562 515.500000 5.014914 4.000694
4.554683 4.549920 515.600000 5.414984 3.576632
4.557030 4.549898 515.700000 5.772647 2.979150
4.559718 4.549561 515.800000 6.070562 2.370704
4.562690 4.548932 515.900000 6.307632 1.614183
4.565860 4.548141 516.000000 6.469051 0.964521
4.569151 4.547261 516.100000 6.565503 0.134411
4.572458 4.546426 516.200000 6.578944 -0.686609
4.575676 4.545732 516.300000 6.510283 -1.387380
4.578720 4.545280 516.400000 6.371545 -2.101796
4.581508 4.545279 516.500000 6.161365 -3.014003
4.583944 4.545630 516.600000 5.859965 -3.566495
4.585988 4.546524 516.700000 5.503316 -4.281581
4.587592 4.547894 516.800000 5.075158 -4.821564
4.588745 4.549909 516.900000 4.593001 -5.471595
4.589440 4.552273 517.000000 4.045842 -5.791738
4.589714 4.555214 517.100000 3.466668 -6.286674
4.589606 4.558859 517.200000 2.838000 -6.843035
4.589167 4.562822 517.300000 2.153697 -7.079725
4.588482 4.566982 517.400000 1.445724 -7.223918
4.587646 4.571450 517.500000 0.723333 -7.441879
4.586760 4.575486 517.600000 -0.020855 -7.137077
4.585926 4.579734 517.700000 -0.734563 -7.289777
4.585248 4.583790 517.800000 -1.463541 -7.153642
4.584821 4.587556 517.900000 -2.178905 -6.941063
4.584732 4.591433 518.000000 -2.873011 -7.024773
4.585081 4.594434 518.100000 -3.575489 -6.347359
4.585906 4.596799 518.200000 -4.210225 -5.805722
4.587236 4.598861 518.300000 -4.790797 -5.528956
4.589104 4.600340 518.400000 -5.343692 -4.953508
4.591507 4.601384 518.500000 -5.839043 -4.475532
4.594431 4.601927 518.600000 -6.286596 -3.850875
4.597835 4.602012 518.700000 -6.671684 -3.177014
4.601657 4.601841 518.800000 -6.989385 -2.724400
4.605850 4.601300 518.900000 -7.261825 -1.894794
4.610311 4.600581 519.000000 -7.451305 -1.319806
4.614961 4.599719 519.100000 -7.583285 -0.496918
4.619682 4.598837 519.200000 -7.632977 0.192546
4.624373 4.598013 519.300000 -7.613722 0.800206
4.628945 4.597328 519.400000 -7.533702 1.441975
4.633309 4.596928 519.500000 -7.389504 2.245301
4.637356 4.596861 519.600000 -7.164974 2.914159
4.641009 4.597287 519.700000 -6.873558 3.691733
4.644185 4.598215 519.800000 -6.504385 4.340551
4.646835 4.599594 519.900000 -6.070330 4.851512
4.648941 4.601503 520.000000 -5.585178 5.390873
4.650494 4.604114 520.100000 -5.046091 6.029776
4.651498 4.607439 520.200000 -4.443114 6.619131
4.651977 4.611421 520.300000 -3.781200 7.117379
4.651989 4.615931 520.400000 -3.069463 7.495114
4.651612 4.620739 520.500000 -2.319951 7.700003
4.650949 4.625787 520.600000 -1.549951 7.862000
4.650112 4.630814 520.700000 -0.763751 7.849685
4.649220 4.635649 520.800000 0.021218 7.721735
4.648388 4.640557 520.900000 0.793391 7.772615
4.647732 4.645003 521.000000 1.570653 7.457527
4.647355 4.648906 521.100000 2.316405 7.069669
4.647341 4.652564 521.200000 3.023372 6.887147
4.647771 4.655602 521.300000 3.712087 6.401937
4.648696 4.658048 521.400000 4.352281 5.901480
4.650146 4.659948 521.500000 4.942429 5.397700
4.652135 4.661285 521.600000 5.482199 4.824126
4.654653 4.661920 521.700000 5.964611 3.993759
4.657641 4.662177 521.800000 6.363987 3.464797
4.661062 4.661975 521.900000 6.710467 2.686735
4.664834 4.661492 522.000000 6.979140 2.068440
4.668885 4.660776 522.100000 7.185984 1.356656
4.673123 4.659923 522.200000 7.321650 0.645717
4.677450 4.659031 522.300000 7.386222 -0.008542
4.681774 4.658179 522.400000 7.385367 -0.638754
4.686007 4.657439 522.500000 7.321492 -1.260491
4.690063 4.656985 522.600000 7.195443 -2.136038
4.693828 4.656790 522.700000 6.981839 -2.698087
4.697238 4.656882 522.800000 6.712031 -3.204784
4.700245 4.657410 522.900000 6.391552 -3.851726
4.702795 4.658400 523.000000 6.006380 -4.435806
4.704854 4.659835 523.100000 5.562799 -4.932486
4.706410 4.661713 523.200000 5.069550 -5.383654
4.707472 4.663725 523.300000 4.531185 -5.511869
4.708086 4.666444 523.400000 3.979998 -6.147453
4.708268 4.669282 523.500000 3.365253 -6.249811
4.708086 4.672501 523.600000 2.740272 -6.561208
4.707602 4.676282 523.700000 2.084151 -6.996480
4.706886 4.680167 523.800000 1.384503 -7.075387
4.706032 4.684387 523.900000 0.676964 -7.320724
4.705134 4.688483 524.000000 -0.055108 -7.231887
4.704294 4.692432 524.100000 -0.778297 -7.125900
4.703609 4.695903 524.200000 -1.490887 -6.766171
4.703160 4.699024 524.300000 -2.167504 -6.489948
4.703020 4.701718 524.400000 -2.816499 -6.136745
4.703244 4.704040 524.500000 -3.430173 -5.811227
4.703881 4.705846 524.600000 -4.011296 -5.325548
4.704952 4.707146 524.700000 -4.543851 -4.801536
4.706460 4.708015 524.800000 -5.024004 -4.304839
4.708397 4.708361 524.900000 -5.454488 -3.612493
4.710721 4.708347 525.000000 -5.815738 -3.045589
4.713390 4.708096 525.100000 -6.120296 -2.602712
4.716368 4.707608 525.200000 -6.380568 -2.072154
4.719600 4.706906 525.300000 -6.587783 -1.427004
4.723012 4.706069 525.400000 -6.730483 -0.783124
4.726524 4.705173 525.500000 -6.808796 -0.020133
4.730037 4.704312 525.600000 -6.810809 0.594933
4.733472 4.703642 525.700000 -6.751316 1.538704
4.736710 4.703165 525.800000 -6.597445 2.094485
4.739688 4.702967 525.900000 -6.387997 2.705853
4.742344 4.703099 526.000000 -6.117412 3.286639
4.744627 4.703667 526.100000 -5.788748 3.921145
4.746492 4.704470 526.200000 -5.396633 4.225920
4.747941 4.705681 526.300000 -4.974041 4.707324
4.748965 4.707288 526.400000 -4.503309 5.131691
4.749575 4.709475 526.500000 -3.990140 5.696971
4.749783 4.712079 526.600000 -3.420443 6.070208
4.749633 4.714989 526.700000 -2.813422 6.330611
4.749183 4.718364 526.800000 -2.180361 6.708287
4.748498 4.721963 526.900000 -1.509532 6.882893
4.747661 4.725445 527.000000 -0.821243 6.793494
4.746762 4.729252 527.100000 -0.141893 7.041899
4.745892 4.732914 527.200000 0.562296 6.933467
4.745142 4.736210 527.300000 1.255643 6.651084
4.744592 4.739291 527.400000 1.920752 6.479120
4.744318 4.742037 527.500000 2.568664 6.200804
4.744382 4.744255 527.600000 3.188744 5.735176
4.744824 4.746031 527.700000 3.762262 5.313575
4.745671 4.747455 527.800000 4.293619 4.952632
4.746944 4.748522 527.900000 4.788882 4.556725
4.748650 4.749103 528.000000 5.244555 3.953861
4.750762 4.749154 528.100000 5.639941 3.167528
4.753221 4.748895 528.200000 5.956694 2.600874
4.755978 4.748399 528.300000 6.216781 2.064640
4.758982 4.747638 528.400000 6.423245 1.204978
4.762132 4.746752 528.500000 6.543743 0.356812
4.765325 4.745864 528.600000 6.579424 -0.311145
4.768478 4.745073 528.700000 6.548310 -1.062795
4.771500 4.744438 528.800000 6.442030 -1.666061
4.774320 4.744048 528.900000 6.275424 -2.315547
4.776870 4.744068 529.000000 6.043869 -3.114532
4.779072 4.744435 529.100000 5.732416 -3.657220
4.780890 4.745160 529.200000 5.366694 -4.142179
4.782303 4.746169 529.300000 4.952476 -4.491194
4.783315 4.747556 529.400000 4.503357 -4.918112
4.783931 4.749057 529.500000 4.011546 -5.039151
4.784189 4.750932 529.600000 3.507630 -5.418809
4.784116 4.753328 529.700000 2.965750 -5.906449
4.783746 4.755840 529.800000 2.375105 -6.010402
4.783140 4.758320 529.900000 1.774064 -5.983452
4.782368 4.761005 530.000000 1.175719 -6.163667
4.781496 4.763617 530.100000 0.559353 -6.100306
4.780594 4.765981 530.200000 -0.050678 -5.882565
4.779731 4.768352 530.300000 -0.638935 -5.888801
4.778972 4.770624 530.400000 -1.227815 -5.800617
4.778380 4.772710 530.500000 -1.807876 -5.627898
4.778009 4.774661 530.600000 -2.370666 -5.500336
4.777912 4.776517 530.700000 -2.920700 -5.408386
4.778141 4.777949 530.800000 -3.461538 -4.975951
4.778717 4.779025 530.900000 -3.959133 -4.581314
4.779654 4.779871 531.000000 -4.417265 -4.306357
4.780966 4.780521 531.100000 -4.847900 -4.057162
4.782664 4.780876 531.200000 -5.253617 -3.652073
4.784735 4.780708 531.300000 -5.618824 -2.786899
4.787106 4.780283 531.400000 -5.897514 -2.246408
4.789731 4.779651 531.500000 -6.122154 -1.685427
4.792552 4.778893 531.600000 -6.290697 -1.225951
4.795517 4.778028 531.700000 -6.413292 -0.594843
4.798554 4.777130 531.800000 -6.472777 0.028734
4.801586 4.776306 531.900000 -6.469903 0.889976
4.804510 4.775599 532.000000 -6.380906 1.424568
4.807264 4.775139 532.100000 -6.238449 2.158455
4.809768 4.774959 532.200000 -6.022603 2.761806
4.811965 4.774865 532.300000 -5.746423 2.924060
4.813855 4.775020 532.400000 -5.454017 3.346950
4.815411 4.775617 532.500000 -5.119322 3.988148
4.816599 4.776371 532.600000 -4.720507 4.194112
4.817431 4.777425 532.700000 -4.301096 4.558376
4.817914 4.778541 532.800000 -3.845258 4.632040
4.818083 4.779957 532.900000 -3.382054 4.964377
4.817961 4.781619 533.000000 -2.885616 5.223049
4.817581 4.783473 533.100000 -2.363311 5.416297
4.816988 4.785397 533.200000 -1.821682 5.485601
4.816237 4.787626 533.300000 -1.273122 5.774795
4.815380 4.789946 533.400000 -0.695642 5.858609
4.814479 4.792557 533.500000 -0.109781 6.119656
4.813600 4.795177 533.600000 0.502184 6.127728
4.812815 4.797729 533.700000 1.114957 6.068852
4.812191 4.800191 533.800000 1.721842 5.990520
4.811794 4.802447 533.900000 2.320894 5.804676
4.811681 4.804229 534.000000 2.901362 5.352079
4.811886 4.805588 534.100000 3.436570 4.912155
4.812429 4.806523 534.200000 3.927785 4.427294
4.813316 4.807100 534.300000 4.370515 3.972105
4.814542 4.807473 534.400000 4.767725 3.688235
4.816109 4.807517 534.500000 5.136549 3.175998
4.817990 4.807310 534.600000 5.454148 2.720861
4.820154 4.806798 534.700000 5.726234 2.032902
4.822540 4.806101 534.800000 5.929525 1.471317
4.825089 4.805261 534.900000 6.076656 0.785338
4.827728 4.804368 535.000000 6.155190 0.231484
4.830392 4.803490 535.100000 6.178339 -0.462961
4.833002 4.802688 535.200000 6.132043 -1.007782
4.835496 4.802132 535.300000 6.031264 -1.911642
4.837778 4.801839 535.400000 5.840100 -2.542781
4.839787 4.801596 535.500000 5.585822 -2.646482
4.841527 4.801634 535.600000 5.321174 -3.163030
4.842961 4.801888 535.700000 5.004871 -3.511956
4.844077 4.802581 535.800000 4.653675 -4.125891
4.844852 4.803436 535.900000 4.241086 -4.333308
4.845300 4.804567 536.000000 3.807755 -4.662116
4.845438 4.806064 536.100000 3.341544 -5.064964
4.845284 4.807536 536.200000 2.835047 -5.040071
4.844887 4.809306 536.300000 2.331040 -5.348400
4.844284 4.811251 536.400000 1.796200 -5.521773
4.843526 4.813505 536.500000 1.244023 -5.814469
4.842664 4.815700 536.600000 0.662576 -5.760918
4.841763 4.817976 536.700000 0.086484 -5.837039
4.840884 4.820266 536.800000 -0.497220 -5.850636
4.840092 4.822648 536.900000 -1.082283 -5.934648
4.839452 4.824790 537.000000 -1.675748 -5.714108
4.839021 4.826600 537.100000 -2.247159 -5.393935
4.838843 4.827841 537.200000 -2.786552 -4.794581
4.838935 4.828857 537.300000 -3.266010 -4.536962
4.839322 4.829461 537.400000 -3.719707 -4.018006
4.840002 4.829916 537.500000 -4.121507 -3.815118
4.840987 4.830019 537.600000 -4.503019 -3.281402
4.842257 4.829814 537.700000 -4.831159 -2.729432
4.843778 4.829395 537.800000 -5.104102 -2.269784
4.845519 4.828737 537.900000 -5.331081 -1.608199
4.847421 4.827991 538.000000 -5.491901 -1.275130
4.849454 4.827155 538.100000 -5.619414 -0.810535
4.851572 4.826259 538.200000 -5.700467 -0.077197
4.853696 4.825394 538.300000 -5.708187 0.580729
4.855759 4.824666 538.400000 -5.650114 1.346790
4.857682 4.824140 538.500000 -5.515435 1.994647
4.859403 4.823799 538.600000 -5.315970 2.445600
4.860888 4.823667 538.700000 -5.071410 2.866647
4.862110 4.823908 538.800000 -4.784746 3.500147
4.863032 4.824653 538.900000 -4.434731 4.204547
4.863625 4.825667 539.000000 -4.014276 4.536979
4.863898 4.826902 539.100000 -3.560578 4.792583
4.863877 4.828568 539.200000 -3.081320 5.255906
4.863580 4.830243 539.300000 -2.555730 5.265732
4.863060 4.832137 539.400000 -2.029156 5.485966
4.862362 4.834543 539.500000 -1.480560 5.968352
4.861534 4.837293 539.600000 -0.883725 6.273213
4.860639 4.839783 539.700000 -0.256403 6.046829
4.859750 4.842280 539.800000 0.348280 6.052707
4.858934 4.844608 539.900000 0.953550 5.901906
4.858255 4.846674 540.000000 1.543741 5.657487
4.857768 4.848560 540.100000 2.109490 5.483789
4.857523 4.850136 540.200000 2.657868 5.169195
4.857556 4.851568 540.300000 3.174788 5.017798
4.857908 4.852620 540.400000 3.676568 4.591395
4.858591 4.853376 540.500000 4.135707 4.227593
4.859614 4.853908 540.600000 4.558467 3.931856
4.860983 4.854088 540.700000 4.951652 3.414962
4.862674 4.853985 540.800000 5.293148 2.929901
4.864659 4.853636 540.900000 5.586139 2.436399
4.866900 4.853048 541.000000 5.829778 1.830033
4.869341 4.852266 541.100000 6.012782 1.111096
4.871906 4.851400 541.200000 6.123891 0.573420
4.874535 4.850504 541.300000 6.181233 0.019726
4.877165 4.849650 541.400000 6.183206 -0.674582
4.879717 4.848915 541.500000 6.115748 -1.318169
4.882121 4.848281 541.600000 5.983931 -1.680927
4.884342 4.847860 541.700000 5.815838 -2.267424
4.886323 4.847638 541.800000 5.589096 -2.699301
4.888031 4.847782 541.900000 5.319166 -3.354466
4.889420 4.848191 542.000000 4.983719 -3.758999
4.890476 4.848902 542.100000 4.607819 -4.172928
4.891194 4.850001 542.200000 4.190526 -4.649093
4.891571 4.851182 542.300000 3.725617 -4.744908
4.891644 4.852386 542.400000 3.251126 -4.771324
4.891452 4.853755 542.500000 2.773994 -4.956255
4.891028 4.855286 542.600000 2.278368 -5.129945
4.890414 4.857267 542.700000 1.765374 -5.587284
4.889648 4.859502 542.800000 1.206645 -5.829688
4.888783 4.861963 542.900000 0.623677 -6.036997
4.887883 4.864483 543.000000 0.019977 -6.090935
4.887015 4.866850 543.100000 -0.589117 -5.953404
4.886245 4.869119 543.200000 -1.184457 -5.863782
4.885634 4.871289 543.300000 -1.770835 -5.772386
4.885242 4.873233 543.400000 -2.348074 -5.556993
4.885119 4.875024 543.500000 -2.903773 -5.404875
4.885312 4.876525 543.600000 -3.444261 -5.106246
4.885851 4.877538 543.700000 -3.954885 -4.557345
4.886741 4.878331 543.800000 -4.410620 -4.288104
4.887996 4.878762 543.900000 -4.839430 -3.800225
4.889601 4.878873 544.000000 -5.219453 -3.310679
4.891533 4.878582 544.100000 -5.550521 -2.567107
4.893732 4.878077 544.200000 -5.807231 -2.065313
4.896155 4.877338 544.300000 -6.013762 -1.306378
4.898722 4.876497 544.400000 -6.144400 -0.772858
4.901377 4.875613 544.500000 -6.221686 -0.358272
4.904071 4.874749 544.600000 -6.257513 0.576935
4.906699 4.873982 544.700000 -6.199820 1.181018
4.909192 4.873416 544.800000 -6.081718 1.892830
4.911477 4.873195 544.900000 -5.892435 2.707646
4.913475 4.873241 545.000000 -5.621670 3.201979
4.915151 4.873574 545.100000 -5.301472 3.657394
4.916484 4.874244 545.200000 -4.935733 4.129971
4.917457 4.875450 545.300000 -4.522736 4.785444
4.918055 4.877011 545.400000 -4.044191 5.174787
4.918293 4.878918 545.500000 -3.526713 5.528508
4.918202 4.881087 545.600000 -2.973862 5.782043
4.917827 4.883526 545.700000 -2.395658 6.032423
4.917221 4.886356 545.800000 -1.792415 6.376690
4.916442 4.889385 545.900000 -1.154746 6.545752
4.915565 4.892434 546.000000 -0.500171 6.563539
4.914667 4.895400 546.100000 0.156183 6.495548
4.913827 4.898199 546.200000 0.805738 6.353478
4.913117 4.900763 546.300000 1.441085 6.149919
4.912605 4.903032 546.400000 2.056077 5.881787
4.912346 4.905114 546.500000 2.644256 5.707409
4.912393 4.907086 546.600000 3.214997 5.600138
4.912798 4.908769 546.700000 3.775011 5.312386
4.913595 4.910376 546.800000 4.306249 5.234679
4.914829 4.911529 546.900000 4.829717 4.736648
4.916501 4.912276 547.000000 5.303382 4.241368
4.918600 4.912535 547.100000 5.727519 3.558355
4.921082 4.912322 547.200000 6.083354 2.738145
4.923874 4.911835 547.300000 6.357169 2.117677
4.926916 4.911140 547.400000 6.568937 1.488248
4.930136 4.910291 547.500000 6.717761 0.728499
4.933446 4.909395 547.600000 6.790611 0.064860
4.936762 4.908549 547.700000 6.797097 -0.742027
4.939986 4.907777 547.800000 6.722895 -1.162301
4.943067 4.907159 547.900000 6.606665 -1.745642
4.945939 4.906756 548.000000 6.432100 -2.322606
4.948543 4.906755 548.100000 6.199840 -3.131859
4.950800 4.907006 548.200000 5.886654 -3.543766
4.952688 4.907725 548.300000 5.532277 -4.207958
4.954167 4.908718 548.400000 5.111482 -4.549817
4.955240 4.910021 548.500000 4.656500 -4.910961
4.955918 4.911807 548.600000 4.165404 -5.424221
4.956211 4.913985 548.700000 3.622982 -5.807027
4.956151 4.916377 548.800000 3.042279 -6.007896
4.955791 4.919165 548.900000 2.441489 -6.359320
4.955185 4.922227 549.000000 1.805557 -6.592636
4.954403 4.925379 549.100000 1.146294 -6.668174
4.953522 4.928722 549.200000 0.479476 -6.825097
4.952624 4.931925 549.300000 -0.203033 -6.712087
4.951792 4.934945 549.400000 -0.874242 -6.561632
4.951104 4.937682 549.500000 -1.530405 -6.320505
4.950629 4.940122 549.600000 -2.162456 -6.058549
4.950425 4.942338 549.700000 -2.768311 -5.852058
4.950548 4.944154 549.800000 -3.353517 -5.464140
4.951030 4.945650 549.900000 -3.899931 -5.133064
4.951900 4.946703 550.000000 -4.413237 -4.633642
4.953162 4.947344 550.100000 -4.876601 -4.116356
4.954802 4.947647 550.200000 -5.288237 -3.638024
4.956804 4.947522 550.300000 -5.652039 -2.918574
4.959113 4.947109 550.400000 -5.943897 -2.313137
4.961675 4.946436 550.500000 -6.175210 -1.575117
4.964415 4.945609 550.600000 -6.332722 -0.883754
4.967256 4.944715 550.700000 -6.421097 -0.215398
4.970122 4.943826 550.800000 -6.442637 0.303343
4.972951 4.943015 550.900000 -6.412303 0.975000
4.975667 4.942356 551.000000 -6.314803 1.621274
4.978198 4.941942 551.100000 -6.152676 2.305592
4.980476 4.941809 551.200000 -5.922116 2.900770
4.982449 4.942049 551.300000 -5.632039 3.540377
4.984071 4.942653 551.400000 -5.278002 4.068027
4.985318 4.943644 551.500000 -4.871199 4.562979
4.986181 4.945143 551.600000 -4.414901 5.140193
4.986656 4.946854 551.700000 -3.900882 5.364290
4.986778 4.949166 551.800000 -3.364453 5.950540
4.986570 4.951696 551.900000 -2.769399 6.150848
4.986087 4.954566 552.000000 -2.154314 6.449512
4.985390 4.957779 552.100000 -1.509363 6.737426
4.984551 4.961222 552.200000 -0.835620 6.923951
4.983650 4.964317 552.300000 -0.143225 6.642140
4.982773 4.967405 552.400000 0.520989 6.636979
4.981998 4.970344 552.500000 1.184687 6.513311
4.981402 4.972979 552.600000 1.836018 6.249691
4.981048 4.975136 552.700000 2.460987 5.813930
4.980984 4.976982 552.800000 3.042380 5.509945
4.981251 4.978542 552.900000 3.593375 5.216729
4.981881 4.979628 553.000000 4.115047 4.686219
4.982880 4.980217 553.100000 4.583669 4.059913
4.984229 4.980524 553.200000 4.989661 3.655215
4.985919 4.980596 553.300000 5.355182 3.279826
4.987936 4.980361 553.400000 5.683165 2.712096
4.990237 4.979870 553.500000 5.954375 2.125654
4.992771 4.979143 553.600000 6.166940 1.382683
4.995458 4.978293 553.700000 6.305208 0.741027
4.998230 4.977396 553.800000 6.379311 0.147509
5.001018 4.976527 553.900000 6.394062 -0.568169
5.003739 4.975773 554.000000 6.337245 -1.261730
5.006317 4.975263 554.100000 6.211072 -2.073704
5.008665 4.975139 554.200000 6.003702 -2.928232
5.010703 4.975306 554.300000 5.710878 -3.435753
5.012397 4.975850 554.400000 5.367303 -3.998214
5.013718 4.976572 554.500000 4.967482 -4.237708
5.014675 4.977582 554.600000 4.543711 -4.600029
5.015274 4.978788 554.700000 4.083708 -4.831023
5.015538 4.980239 554.800000 3.600606 -5.104241
5.015495 4.982142 554.900000 3.090182 -5.576161
5.015169 4.984253 555.000000 2.532565 -5.779068
5.014610 4.986407 555.100000 1.954659 -5.820663
5.013876 4.988661 555.200000 1.372592 -5.916665
5.013028 4.990663 555.300000 0.780926 -5.675753
5.012130 4.992522 555.400000 0.213350 -5.535695
5.011238 4.994274 555.500000 -0.340219 -5.426634
5.010407 4.995867 555.600000 -0.882882 -5.262362
5.009684 4.997216 555.700000 -1.409119 -4.998259
5.009111 4.998457 555.800000 -1.908945 -4.878552
5.008726 4.999416 555.900000 -2.396800 -4.545645
5.008557 5.000114 556.000000 -2.851364 -4.214042
5.008619 5.000669 556.100000 -3.272768 -4.021189
5.008932 5.000986 556.200000 -3.674887 -3.677722
5.009501 5.001051 556.300000 -4.042659 -3.275482
5.010317 5.000768 556.400000 -4.370208 -2.617736
5.011344 5.000189 556.500000 -4.631981 -1.886153
5.012531 4.999444 556.600000 -4.820597 -1.307938
5.013832 4.998623 556.700000 -4.951390 -0.923375
5.015216 4.997736 556.800000 -5.043728 -0.343980
5.016630 4.996843 556.900000 -5.078126 -0.221238
5.018064 4.995949 557.000000 -5.100250 0.174115
5.019482 4.995125 557.100000 -5.082838 0.899106
5.020818 4.994370 557.200000 -4.992927 1.256142
5.022042 4.993764 557.300000 -4.867313 1.796073
5.023112 4.993377 557.400000 -4.687706 2.382251
5.023987 4.993134 557.500000 -4.449481 2.698873
5.024652 4.993057 557.600000 -4.179594 3.019986
5.025099 4.993242 557.700000 -3.877595 3.471264
5.025315 4.993690 557.800000 -3.530469 3.871624
5.025300 4.994155 557.900000 -3.143306 3.894764
5.025079 4.994998 558.000000 -2.753830 4.404343
5.024658 4.995986 558.100000 -2.313396 4.584773
5.024066 4.997166 558.200000 -1.854918 4.813612
5.023336 4.998559 558.300000 -1.373557 5.055274
5.022504 4.999849 558.400000 -0.868030 4.939751
5.021617 5.001135 558.500000 -0.374055 4.936992
5.020720 5.002530 558.600000 0.119645 5.058553
5.019856 5.003838 558.700000 0.625500 4.961500
5.019070 5.004946 558.800000 1.121650 4.732998
5.018400 5.005828 558.900000 1.594950 4.457654
5.017875 5.006448 559.000000 2.040715 4.116425
5.017515 5.006952 559.100000 2.452358 3.955197
5.017343 5.007281 559.200000 2.847877 3.700069
5.017372 5.007284 559.300000 3.217884 3.170779
5.017592 5.007170 559.400000 3.534962 2.955373
5.018006 5.006926 559.500000 3.830500 2.700316
5.018612 5.006486 559.600000 4.100531 2.254740
5.019387 5.005821 559.700000 4.326005 1.602947
5.020288 5.005020 559.800000 4.486300 1.021025
5.021271 5.004149 559.900000 4.588402 0.502101
5.022295 5.003256 560.000000 4.638613 -0.040052
5.023316 5.002380 560.100000 4.634607 -0.448205
5.024299 5.001534 560.200000 4.589787 -0.719463
5.025224 5.000725 560.300000 4.517841 -0.970713
5.026071 5.000053 560.400000 4.420769 -1.570549
5.026795 4.999481 560.500000 4.263714 -1.893237
5.027379 4.999145 560.600000 4.074391 -2.496596
5.027787 4.998971 560.700000 3.824731 -2.835682
5.028008 4.999074 560.800000 3.541163 -3.339578
5.028029 4.999237 560.900000 3.207205 -3.440295
5.027863 4.999362 561.000000 2.863176 -3.376359
5.027536 4.999636 561.100000 2.525540 -3.615879
5.027057 4.999959 561.200000 2.163952 -3.691271
5.026449 5.000436 561.300000 1.794825 -3.918643
5.025729 5.000837 561.400000 1.402960 -3.808444
5.024927 5.001235 561.500000 1.022116 -3.803134
5.024069 5.001612 561.600000 0.641803 -3.773507
5.023181 5.001923 561.700000 0.264452 -3.674374
5.022288 5.002190 561.800000 -0.102985 -3.606602
5.021413 5.002564 561.900000 -0.463646 -3.768530
5.020583 5.002656 562.000000 -0.840499 -3.323403
5.019812 5.002686 562.100000 -1.172839 -3.215645
5.019118 5.002598 562.200000 -1.494403 -3.001543
5.018512 5.002532 562.300000 -1.794558 -3.045041
5.018011 5.002384 562.400000 -2.099062 -2.887556
5.017626 5.002064 562.500000 -2.387818 -2.530267
5.017354 5.001591 562.600000 -2.640844 -2.163320
5.017188 5.000979 562.700000 -2.857176 -1.763282
5.017114 5.000280 562.800000 -3.033504 -1.461206
5.017121 4.999499 562.900000 -3.179625 -1.097983
5.017191 4.998677 563.000000 -3.289423 -0.861243
5.017311 4.997851 563.100000 -3.375548 -0.835382
5.017483 4.996974 563.200000 -3.459086 -0.342878
5.017675 4.996088 563.300000 -3.493374 0.113166
5.017860 4.995238 563.400000 -3.482057 0.635503
5.018007 4.994416 563.500000 -3.418507 0.856220
5.018102 4.993640 563.600000 -3.332885 1.111135
5.018132 4.992980 563.700000 -3.221771 1.595933
5.018074 4.992435 563.800000 -3.062178 1.959246
5.017913 4.992031 563.900000 -2.866253 2.329537
5.017638 4.991761 564.000000 -2.633300 2.635079
5.017246 4.991606 564.100000 -2.369792 2.868007
5.016741 4.991627 564.200000 -2.082991 3.198036
5.016128 4.991821 564.300000 -1.763187 3.489159
5.015416 4.992167 564.400000 -1.414272 3.726251
5.014624 4.992487 564.500000 -1.041646 3.687897
5.013776 4.992804 564.600000 -0.672857 3.683561
5.012897 4.993126 564.700000 -0.304501 3.690785
5.012010 4.993542 564.800000 0.064578 3.831163
5.011140 4.993927 564.900000 0.447694 3.787706
5.010314 4.994322 565.000000 0.826465 3.801592
5.009556 4.994864 565.100000 1.206624 4.014272
5.008899 4.995147 565.200000 1.608051 3.631820
5.008357 4.995152 565.300000 1.971233 3.168902
5.007934 4.995104 565.400000 2.288123 3.073936
5.007644 4.994882 565.500000 2.595517 2.733955
5.007486 4.994625 565.600000 2.868913 2.661485
5.007470 4.994272 565.700000 3.135061 2.447611
5.007594 4.993764 565.800000 3.379822 2.059804
5.007845 4.993175 565.900000 3.585803 1.821413
5.008215 4.992557 566.000000 3.767944 1.730526
5.008702 4.991810 566.100000 3.940996 1.234348
5.009276 4.990966 566.200000 4.064431 0.654135
5.009897 4.990105 566.300000 4.129845 0.480864
5.010553 4.989226 566.400000 4.177931 0.138740
5.011220 4.988369 566.500000 4.191805 -0.516728
5.011848 4.987559 566.600000 4.140132 -0.892650
5.012411 4.986802 566.700000 4.050867 -1.181306
5.012891 4.986142 566.800000 3.932737 -1.576286
5.013264 4.985600 566.900000 3.775108 -1.955841
5.013509 4.985166 567.000000 3.579524 -2.248085
5.013617 4.984873 567.100000 3.354716 -2.577725
5.013579 4.984780 567.200000 3.096943 -2.984644
5.013385 4.984820 567.300000 2.798479 -3.229248
5.013042 4.985119 567.400000 2.475554 -3.656116
5.012551 4.985703 567.500000 2.109942 -4.074054
5.011923 4.986503 567.600000 1.702537 -4.364660
5.011182 4.987494 567.700000 1.266071 -4.607967
5.010356 4.988602 567.800000 0.805274 -4.748907
5.009484 4.989712 567.900000 0.330384 -4.752957
5.008604 4.991151 568.000000 -0.144912 -5.131332
5.007761 4.992377 568.100000 -0.658045 -4.889998
5.006995 4.993555 568.200000 -1.147045 -4.835156
5.006348 4.994906 568.300000 -1.630561 -5.034238
5.005868 4.996130 568.400000 -2.133985 -4.888896
5.005593 4.997309 568.500000 -2.622874 -4.837801
5.005561 4.998014 568.600000 -3.106654 -4.244577
5.005777 4.998601 568.700000 -3.531112 -4.083371
5.006261 4.998857 568.800000 -3.939449 -3.592833
5.007005 4.998930 568.900000 -4.298732 -3.290262
5.008007 4.998815 569.000000 -4.627759 -2.946808
5.009255 4.998490 569.100000 -4.922439 -2.510661
5.010726 4.997905 569.200000 -5.173505 -1.826809
5.012366 4.997209 569.300000 -5.356186 -1.439363
5.014141 4.996409 569.400000 -5.500123 -0.937445
5.016008 4.995534 569.500000 -5.593867 -0.137994
5.017887 4.994670 569.600000 -5.607667 0.393181
5.019727 4.993885 569.700000 -5.568348 1.017556
5.021468 4.993285 569.800000 -5.466593 1.775427
5.023041 4.992831 569.900000 -5.289050 2.193293
5.024414 4.992554 570.000000 -5.069721 2.613244
5.025561 4.992492 570.100000 -4.808396 3.046535
5.026458 4.992724 570.200000 -4.503743 3.553846
5.027085 4.993224 570.300000 -4.148358 3.960259
5.027438 4.993929 570.400000 -3.752332 4.247161
5.027527 4.995072 570.500000 -3.327616 4.798334
5.027357 4.996294 570.600000 -2.847783 4.893632
5.026963 4.997842 570.700000 -2.358420 5.258840
5.026377 4.999670 570.800000 -1.832536 5.555882
5.025639 5.001315 570.900000 -1.276947 5.365253
5.024807 5.003169 571.000000 -0.740422 5.583763
5.023930 5.004944 571.100000 -0.182046 5.503519
5.023063 5.006774 571.200000 0.368306 5.560196
5.022259 5.008711 571.300000 0.924326 5.670253
5.021574 5.010512 571.400000 1.491351 5.532317
5.021062 5.012111 571.500000 2.044583 5.319726
5.020764 5.013418 571.600000 2.576555 4.996603
5.020713 5.014430 571.700000 3.076216 4.647855
5.020932 5.015242 571.800000 3.541001 4.395192
5.021439 5.015803 571.900000 3.980520 4.055841
5.022243 5.015894 572.000000 4.386104 3.326977
5.023311 5.015777 572.100000 4.718802 2.948750
5.024629 5.015472 572.200000 5.013677 2.556467
5.026177 5.014995 572.300000 5.269324 2.138906
5.027924 5.014321 572.400000 5.483214 1.521510
5.029819 5.013583 572.500000 5.635365 1.253838
5.031838 5.012745 572.600000 5.760749 0.651043
5.033923 5.011870 572.700000 5.825853 -0.049698
5.036001 5.011039 572.800000 5.820884 -0.712956
5.038007 5.010356 572.900000 5.749588 -1.480454
5.039865 5.009856 573.000000 5.601543 -2.070198
5.041525 5.009575 573.100000 5.394523 -2.607582
5.042944 5.009629 573.200000 5.133765 -3.261529
5.044080 5.010036 573.300000 4.807612 -3.833577
5.044907 5.010679 573.400000 4.424254 -4.169899
5.045427 5.011676 573.500000 4.007264 -4.632136
5.045642 5.013126 573.600000 3.544050 -5.163775
5.045562 5.015080 573.700000 3.027673 -5.696614
5.045209 5.017078 573.800000 2.458012 -5.741550
5.044639 5.019299 573.900000 1.883857 -5.960843
5.043905 5.021876 574.000000 1.287772 -6.295181
5.043064 5.024714 574.100000 0.658254 -6.529128
5.042186 5.027552 574.200000 0.005341 -6.530708
5.041345 5.030453 574.300000 -0.647729 -6.585912
5.040616 5.032917 574.400000 -1.306321 -6.194650
5.040061 5.035336 574.500000 -1.925786 -6.153876
5.039746 5.037460 574.600000 -2.541173 -5.871730
5.039720 5.039105 574.700000 -3.128346 -5.384238
5.040013 5.040214 574.800000 -3.666770 -4.778311
5.040630 5.040899 574.900000 -4.144601 -4.237534
5.041568 5.041301 575.000000 -4.568355 -3.834426
5.042823 5.041367 575.100000 -4.951797 -3.292381
5.044371 5.041168 575.200000 -5.281035 -2.791598
5.046180 5.040669 575.300000 -5.560195 -2.084399
5.048195 5.039989 575.400000 -5.768635 -1.502290
5.050361 5.039178 575.500000 -5.918864 -0.861527
5.052616 5.038322 575.600000 -6.005017 -0.467991
5.054918 5.037448 575.700000 -6.051816 0.117690
5.057208 5.036594 575.800000 -6.040047 0.491511
5.059446 5.035825 575.900000 -5.990896 1.100412
5.061569 5.035214 576.000000 -5.880855 1.742367
5.063516 5.034738 576.100000 -5.706618 2.139151
5.065255 5.034527 576.200000 -5.492703 2.764840
5.066737 5.034615 576.300000 -5.216219 3.328846
5.067926 5.034982 576.400000 -4.883334 3.781434
5.068807 5.035644 576.500000 -4.505191 4.208577
5.069375 5.036622 576.600000 -4.084333 4.620480
5.069633 5.037743 576.700000 -3.622285 4.795744
5.069610 5.039030 576.800000 -3.142711 4.992753
5.069337 5.040607 576.900000 -2.643435 5.317275
5.068845 5.042609 577.000000 -2.111708 5.760947
5.068171 5.044691 577.100000 -1.535613 5.841344
5.067372 5.047003 577.200000 -0.951479 6.064721
5.066504 5.049558 577.300000 -0.345007 6.293156
5.065634 5.052063 577.400000 0.284309 6.247842
5.064829 5.054521 577.500000 0.909093 6.204131
5.064154 5.056841 577.600000 1.529506 6.076100
5.063673 5.058922 577.700000 2.137116 5.844981
5.063438 5.060752 577.800000 2.721614 5.591706
5.063493 5.062301 577.900000 3.280785 5.294351
5.063873 5.063644 578.000000 3.810220 5.064414
5.064608 5.064466 578.100000 4.316661 4.431584
5.065691 5.065074 578.200000 4.759820 4.142458
5.067130 5.065373 578.300000 5.174066 3.686528
5.068909 5.065352 578.400000 5.542718 3.144149
5.070998 5.065027 578.500000 5.857133 2.522199
5.073346 5.064421 578.600000 6.109353 1.768195
5.075883 5.063649 578.700000 6.286173 1.087650
5.078539 5.062795 578.800000 6.394938 0.496313
5.081248 5.061922 578.900000 6.444569 -0.098159
5.083946 5.061100 579.000000 6.434753 -0.779200
5.086556 5.060357 579.100000 6.356833 -1.233300
5.089032 5.059823 579.200000 6.233503 -1.982064
5.091297 5.059407 579.300000 6.035297 -2.301401
5.093326 5.059183 579.400000 5.805157 -2.743625
5.095086 5.059245 579.500000 5.530794 -3.292042
5.096541 5.059726 579.600000 5.201590 -3.961354
5.097653 5.060430 579.700000 4.805455 -4.275886
5.098427 5.061341 579.800000 4.377866 -4.548248
5.098874 5.062678 579.900000 3.923041 -5.063055
5.099002 5.064291 580.000000 3.416736 -5.370112
5.098837 5.066359 580.100000 2.879724 -5.841449
5.098413 5.068420 580.200000 2.295580 -5.835482
5.097787 5.071139 580.300000 1.712031 -6.457142
5.097007 5.074203 580.400000 1.066317 -6.761372
5.096142 5.077227 580.500000 0.390180 -6.728205
5.095271 5.080136 580.600000 -0.282641 -6.628652
5.094471 5.082914 580.700000 -0.945506 -6.513564
5.093813 5.085374 580.800000 -1.596862 -6.224948
5.093361 5.087548 580.900000 -2.219357 -5.952185
5.093166 5.089326 581.000000 -2.814575 -5.553483
5.093266 5.090838 581.100000 -3.369924 -5.268775
5.093696 5.092159 581.200000 -3.896801 -5.053235
5.094487 5.093290 581.300000 -4.402125 -4.830756
5.095663 5.093973 581.400000 -4.885200 -4.258379
5.097211 5.094276 581.500000 -5.311038 -3.702916
5.099110 5.094340 581.600000 -5.681330 -3.305670
5.101339 5.094132 581.700000 -6.011897 -2.787218
5.103863 5.093654 581.800000 -6.290619 -2.152216
5.106622 5.092968 581.900000 -6.505840 -1.482328
5.109548 5.092121 582.000000 -6.654073 -0.570896
5.112539 5.091258 582.100000 -6.711163 0.371333
5.115485 5.090497 582.200000 -6.674029 1.146036
5.118301 5.089856 582.300000 -6.559426 1.648353
5.120932 5.089458 582.400000 -6.394590 2.355370
5.123309 5.089376 582.500000 -6.159053 3.035453
5.125371 5.089583 582.600000 -5.855508 3.548386
5.127088 5.090159 582.700000 -5.500670 4.110894
5.128430 5.091085 582.800000 -5.089580 4.579360
5.129390 5.092382 582.900000 -4.631644 5.030634
5.129972 5.094233 583.000000 -4.128581 5.636276
5.130182 5.096581 583.100000 -3.564953 6.130333
5.130050 5.099341 583.200000 -2.951920 6.511093
5.129624 5.102382 583.300000 -2.300811 6.758426
5.128971 5.105672 583.400000 -1.624968 6.971380
5.128166 5.109325 583.500000 -0.927830 7.269426
5.127291 5.112976 583.600000 -0.200887 7.269345
5.126436 5.116453 583.700000 0.526047 7.128945
5.125690 5.119774 583.800000 1.238941 7.001192
5.125134 5.122908 583.900000 1.939061 6.844807
5.124846 5.125694 584.000000 2.623541 6.541539
5.124888 5.127957 584.100000 3.277695 6.056631
5.125302 5.129874 584.200000 3.883358 5.715304
5.126123 5.131305 584.300000 4.454889 5.194884
5.127362 5.132497 584.400000 4.974377 4.918986
5.129041 5.133496 584.500000 5.466276 4.684938
5.131175 5.134120 584.600000 5.934770 4.190439
5.133750 5.134269 584.700000 6.353814 3.466309
5.136710 5.133971 584.800000 6.700444 2.603269
5.139973 5.133450 584.900000 6.960771 2.041539
5.143482 5.132781 585.000000 7.164925 1.564455
5.147183 5.131933 585.100000 7.321371 0.574531
5.150954 5.131067 585.200000 7.378824 -0.360441
5.154679 5.130270 585.300000 7.342780 -0.965076
5.158283 5.129624 585.400000 7.246272 -1.641492
5.161685 5.129232 585.500000 7.082123 -2.381228
5.164802 5.129151 585.600000 6.844000 -3.051389
5.167570 5.129601 585.700000 6.538861 -3.941521
5.169910 5.130408 585.800000 6.144709 -4.439806
5.171801 5.131774 585.900000 5.700728 -5.124914
5.173215 5.133563 586.000000 5.188237 -5.588629
5.174160 5.135775 586.100000 4.629374 -6.017055
5.174661 5.138663 586.200000 4.027669 -6.643544
5.174743 5.142177 586.300000 3.363314 -7.175433
5.174458 5.145938 586.400000 2.645771 -7.375845
5.173886 5.150014 586.500000 1.908187 -7.622910
5.173116 5.154476 586.600000 1.145895 -7.916095
5.172245 5.158904 586.700000 0.354286 -7.891094
5.171380 5.163381 586.800000 -0.434823 -7.928977
5.170627 5.167610 586.900000 -1.227721 -7.744921
5.170088 5.171316 587.000000 -2.002213 -7.338276
5.169845 5.174750 587.100000 -2.736041 -7.117733
5.169977 5.177820 587.200000 -3.447814 -6.813226
5.170548 5.180312 587.300000 -4.129137 -6.295104
5.171595 5.182327 587.400000 -4.758647 -5.833936
5.173143 5.184177 587.500000 -5.342041 -5.665707
5.175233 5.185561 587.600000 -5.908611 -5.161336
5.177864 5.186266 587.700000 -6.424745 -4.319695
5.180982 5.186514 587.800000 -6.856714 -3.644776
5.184535 5.186340 587.900000 -7.221192 -2.885587
5.188448 5.185901 588.000000 -7.509751 -2.282496
5.192656 5.185174 588.100000 -7.738000 -1.348560
5.197041 5.184325 588.200000 -7.872856 -0.617976
5.201508 5.183455 588.300000 -7.934654 0.373986
5.205923 5.182660 588.400000 -7.897255 1.000560
5.210203 5.182080 588.500000 -7.797199 1.882335
5.214235 5.181709 588.600000 -7.608966 2.449322
5.217954 5.181681 588.700000 -7.364034 3.166718
5.221285 5.182020 588.800000 -7.047362 3.789712
5.224173 5.182794 588.900000 -6.668391 4.413431
5.226578 5.183973 589.000000 -6.227048 4.925056
5.228481 5.185627 589.100000 -5.734542 5.464070
5.229878 5.187908 589.200000 -5.188135 6.104282
5.230768 5.190694 589.300000 -4.577707 6.573965
5.231184 5.193968 589.400000 -3.920310 6.998622
5.231177 5.197721 589.500000 -3.220448 7.391579
5.230812 5.201695 589.600000 -2.481290 7.567392
5.230177 5.205791 589.700000 -1.724551 7.662869
5.229368 5.210151 589.800000 -0.958264 7.864963
5.228484 5.214312 589.900000 -0.171768 7.714947
5.227629 5.218439 590.000000 0.599727 7.689829
5.226902 5.222608 590.100000 1.368710 7.722757
5.226404 5.226456 590.200000 2.140985 7.475610
5.226226 5.230006 590.300000 2.888546 7.236592
5.226446 5.233008 590.400000 3.612206 6.775365
5.227119 5.235794 590.500000 4.289742 6.586528
5.228306 5.238233 590.600000 4.948395 6.267265
5.230052 5.240264 590.700000 5.575121 5.872349
5.232380 5.241654 590.800000 6.162356 5.186636
5.235271 5.242529 590.900000 6.681020 4.563587
5.238694 5.243012 591.000000 7.137379 4.024472
5.242616 5.243066 591.100000 7.539826 3.336033
5.246972 5.242687 591.200000 7.873429 2.448679
5.251656 5.242017 591.300000 8.118297 1.599912
5.256562 5.241166 591.400000 8.278288 0.645004
5.261556 5.240280 591.500000 8.342789 0.041006
5.266554 5.239431 591.600000 8.346889 -0.660817
5.271457 5.238747 591.700000 8.280808 -1.543656
5.276145 5.238330 591.800000 8.126442 -2.353435
5.280513 5.238367 591.900000 7.891099 -3.304570
5.284448 5.238750 592.000000 7.560642 -3.874414
5.287901 5.239692 592.100000 7.173200 -4.651210
5.290806 5.241201 592.200000 6.708079 -5.324441
5.293132 5.243113 592.300000 6.175635 -5.756901
5.294885 5.245626 592.400000 5.599945 -6.345012
5.296072 5.248393 592.500000 4.965444 -6.579843
5.296744 5.251819 592.600000 4.307459 -7.148783
5.296939 5.255423 592.700000 3.592581 -7.295890
5.296737 5.259728 592.800000 2.862992 -7.846099
5.296208 5.264518 592.900000 2.078382 -8.205323
5.295448 5.269160 593.000000 1.257850 -8.098622
5.294572 5.273887 593.100000 0.447988 -8.162356
5.293691 5.278631 593.200000 -0.368248 -8.175301
5.292918 5.283242 593.300000 -1.185778 -8.079757
5.292361 5.287549 593.400000 -1.993754 -7.854704
5.292120 5.291312 593.500000 -2.779224 -7.433012
5.292273 5.294657 593.600000 -3.522525 -7.092374
5.292890 5.297661 593.700000 -4.231763 -6.801463
5.294030 5.300129 593.800000 -4.911909 -6.317645
5.295726 5.301872 593.900000 -5.543673 -5.595533
5.297969 5.302953 594.000000 -6.103227 -4.842593
5.300729 5.303495 594.100000 -6.587486 -4.128357
5.303960 5.303653 594.200000 -7.000322 -3.533198
5.307617 5.303427 594.300000 -7.353641 -2.813250
5.311627 5.302890 594.400000 -7.634966 -2.055791
5.315903 5.302119 594.500000 -7.840545 -1.198266
5.320336 5.301236 594.600000 -7.960372 -0.324600
5.324812 5.300362 594.700000 -7.992832 0.447225
5.329227 5.299601 594.800000 -7.948110 1.243842
5.333475 5.299047 594.900000 -7.823725 2.002744
5.337461 5.298801 595.000000 -7.623451 2.768622
5.341099 5.298803 595.100000 -7.346589 3.260473
5.344341 5.299252 595.200000 -7.020542 3.992278
5.347125 5.300024 595.300000 -6.621314 4.449162
5.349430 5.301432 595.400000 -6.176398 5.231750
5.351215 5.303412 595.500000 -5.653223 5.846466
5.352473 5.305674 595.600000 -5.068576 6.128273
5.353241 5.308211 595.700000 -4.455749 6.391316
5.353565 5.311209 595.800000 -3.816617 6.807714
5.353492 5.314729 595.900000 -3.135846 7.251065
5.353081 5.318417 596.000000 -2.410739 7.388869
5.352418 5.322166 596.100000 -1.671852 7.439044
5.351592 5.325944 596.200000 -0.927948 7.463239
5.350698 5.329732 596.300000 -0.181624 7.472637
5.349827 5.333411 596.400000 0.565640 7.385431
5.349073 5.336677 596.500000 1.304183 7.045956
5.348515 5.339810 596.600000 2.008779 6.932373
5.348230 5.342510 596.700000 2.702016 6.550067
5.348278 5.345026 596.800000 3.357023 6.381816
5.348719 5.346824 596.900000 3.995204 5.670283
5.349566 5.348303 597.000000 4.562232 5.324899
5.350844 5.349500 597.100000 5.094722 5.000291
5.352568 5.350509 597.200000 5.594752 4.769102
5.354758 5.351033 597.300000 6.071662 4.118938
5.357379 5.351222 597.400000 6.483555 3.600747
5.360401 5.351088 597.500000 6.843630 3.016788
5.363776 5.350625 597.600000 7.145309 2.273279
5.367425 5.349913 597.700000 7.372637 1.478416
5.371257 5.349042 597.800000 7.520478 0.527516
5.375154 5.348160 597.900000 7.573230 -0.392764
5.379000 5.347375 598.000000 7.533954 -1.143446
5.382702 5.346724 598.100000 7.419609 -1.705478
5.386194 5.346243 598.200000 7.249061 -2.220012
5.389420 5.346057 598.300000 7.027060 -2.909569
5.392310 5.346330 598.400000 6.736103 -3.737178
5.394791 5.347153 598.500000 6.362385 -4.533128
5.396806 5.348583 598.600000 5.909073 -5.274191
5.398323 5.350410 598.700000 5.381653 -5.707302
5.399354 5.352545 598.800000 4.810923 -6.023124
5.399931 5.355304 598.900000 4.208611 -6.614825
5.400080 5.358413 599.000000 3.547128 -6.925358
5.399858 5.362311 599.100000 2.854592 -7.578491
5.399324 5.366738 599.200000 2.096743 -7.986115
5.398564 5.371285 599.300000 1.298132 -8.077344
5.397683 5.375489 599.400000 0.490397 -7.819937
5.396790 5.380023 599.500000 -0.291596 -8.069608
5.395991 5.384431 599.600000 -1.098557 -7.976780
5.395391 5.388197 599.700000 -1.896235 -7.480237
5.395074 5.391404 599.800000 -2.644259 -7.018182
5.395108 5.394202 599.900000 -3.346077 -6.660034
5.395550 5.396371 600.000000 -4.012080 -6.067821
5.396429 5.398053 600.100000 -4.618862 -5.566073
5.397761 5.399319 600.200000 -5.175470 -5.099141
5.399554 5.400195 600.300000 -5.685384 -4.616765
5.401801 5.400544 600.400000 -6.147060 -3.871655
5.404456 5.400583 600.500000 -6.534226 -3.357177
5.407484 5.400210 600.600000 -6.869944 -2.515563
5.410805 5.399625 600.700000 -7.121500 -1.941761
5.414358 5.398861 600.800000 -7.315676 -1.269341
5.418065 5.397976 600.900000 -7.442610 -0.402166
5.421821 5.397095 601.000000 -7.482827 0.452606
5.425520 5.396325 601.100000 -7.437566 1.240181
5.429066 5.395743 601.200000 -7.313548 1.947422
5.432376 5.395412 601.300000 -7.118806 2.609244
5.435382 5.395382 601.400000 -6.857881 3.228838
5.438028 5.395745 601.500000 -6.534998 3.894262
5.440263 5.396311 601.600000 -6.145571 4.195503
5.442083 5.397331 601.700000 -5.726021 4.802622
5.443465 5.398585 601.800000 -5.245759 5.089013
5.444424 5.400276 601.900000 -4.736858 5.581757
5.444970 5.402468 602.000000 -4.178682 6.098783
5.445123 5.405108 602.100000 -3.568804 6.526587
5.444925 5.408012 602.200000 -2.916145 6.767279
5.444438 5.410874 602.300000 -2.239417 6.729780
5.443738 5.414137 602.400000 -1.566439 7.081622
5.442895 5.417474 602.500000 -0.858277 7.144763
5.441994 5.420531 602.600000 -0.143801 6.904663
5.441116 5.423493 602.700000 0.546666 6.823503
5.440339 5.426300 602.800000 1.229016 6.684578
5.439735 5.428942 602.900000 1.897474 6.535606
5.439373 5.431119 603.000000 2.551034 6.093009
5.439299 5.432981 603.100000 3.160335 5.772697
5.439555 5.434343 603.200000 3.737605 5.225140
5.440157 5.435330 603.300000 4.260119 4.772366
5.441115 5.435923 603.400000 4.737356 4.245723
5.442421 5.436265 603.500000 5.161928 3.873842
5.444070 5.436368 603.600000 5.549312 3.479669
5.446048 5.436289 603.700000 5.897279 3.150436
5.448342 5.435802 603.800000 6.212323 2.232917
5.450868 5.435183 603.900000 6.435614 1.841790
5.453593 5.434354 604.000000 6.619793 0.927346
5.456419 5.433473 604.100000 6.712528 0.470741
5.459297 5.432581 604.200000 6.759602 -0.289101
5.462141 5.431737 604.300000 6.730692 -0.816580
5.464895 5.430966 604.400000 6.649034 -1.239672
5.467512 5.430350 604.500000 6.525067 -1.847362
5.469931 5.429916 604.600000 6.340331 -2.370374
5.472107 5.429866 604.700000 6.103293 -3.202457
5.473966 5.430332 604.800000 5.783048 -4.061798
5.475451 5.431331 604.900000 5.376868 -4.790270
5.476528 5.432714 605.000000 4.897841 -5.253195
5.477203 5.434222 605.100000 4.372521 -5.396310
5.477512 5.436092 605.200000 3.832890 -5.788479
5.477481 5.438234 605.300000 3.254042 -6.066546
5.477155 5.440616 605.400000 2.647388 -6.303101
5.476587 5.443126 605.500000 2.017078 -6.425273
5.475839 5.446049 605.600000 1.374550 -6.803916
5.474975 5.449008 605.700000 0.694159 -6.836945
5.474071 5.452129 605.800000 0.010464 -6.979992
5.473207 5.455375 605.900000 -0.687535 -7.088623
5.472464 5.458418 606.000000 -1.396397 -6.913259
5.471921 5.461105 606.100000 -2.087723 -6.594633
5.471641 5.463618 606.200000 -2.747186 -6.433848
5.471687 5.465955 606.300000 -3.390571 -6.267232
5.472115 5.467676 606.400000 -4.017295 -5.639037
5.472943 5.468919 606.500000 -4.581198 -5.101229
5.474177 5.469699 606.600000 -5.091321 -4.516255
5.475807 5.470053 606.700000 -5.542947 -3.904029
5.477805 5.470097 606.800000 -5.933350 -3.387811
5.480143 5.469863 606.900000 -6.272131 -2.846098
5.482781 5.469409 607.000000 -6.556740 -2.327678
5.485674 5.468777 607.100000 -6.789508 -1.807998
5.488770 5.468014 607.200000 -6.970308 -1.290311
5.492016 5.467129 607.300000 -7.099339 -0.438267
5.495311 5.466249 607.400000 -7.143166 0.490463
5.498548 5.465476 607.500000 -7.094120 1.241361
5.501640 5.464850 607.600000 -6.969984 1.823322
5.504525 5.464384 607.700000 -6.787651 2.293258
5.507158 5.464153 607.800000 -6.558326 2.849168
5.509488 5.464131 607.900000 -6.273409 3.265959
5.511490 5.464429 608.000000 -5.946813 3.814575
5.513130 5.465269 608.100000 -5.565355 4.598526
5.514366 5.466529 608.200000 -5.105503 5.123829
5.515194 5.468284 608.300000 -4.593120 5.682290
5.515619 5.470332 608.400000 -4.024891 5.988822
5.515677 5.472747 608.500000 -3.426009 6.351217
5.515410 5.475501 608.600000 -2.790887 6.668580
5.514875 5.478345 608.700000 -2.124029 6.751651
5.514142 5.481268 608.800000 -1.448864 6.822496
5.513284 5.484318 608.900000 -0.766614 6.936193
5.512380 5.487454 609.000000 -0.072995 7.012676
5.511507 5.490520 609.100000 0.628273 6.951434
5.510746 5.493587 609.200000 1.323416 6.953924
5.510176 5.496565 609.300000 2.018808 6.876504
5.509873 5.499287 609.400000 2.706459 6.646473
5.509902 5.501398 609.500000 3.371106 6.060813
5.510295 5.503100 609.600000 3.977187 5.635816
5.511082 5.504346 609.700000 4.540769 5.118352
5.512271 5.504952 609.800000 5.052604 4.288935
5.513830 5.505153 609.900000 5.481498 3.669443
5.515730 5.505134 610.000000 5.848442 3.284438
5.517952 5.504858 610.100000 6.176886 2.762547
5.520460 5.504269 610.200000 6.453141 1.954956
5.523176 5.503553 610.300000 6.648636 1.507184
5.526058 5.502721 610.400000 6.799355 0.923562
5.529042 5.501823 610.500000 6.891711 0.196121
5.532048 5.500948 610.600000 6.911323 -0.555232
5.534990 5.500161 610.700000 6.855800 -1.181397
5.537799 5.499597 610.800000 6.737660 -2.024833
5.540388 5.499339 610.900000 6.535177 -2.802513
5.542682 5.499474 611.000000 6.254925 -3.555802
5.544622 5.499963 611.100000 5.899345 -4.121164
5.546178 5.501000 611.200000 5.487229 -4.864858
5.547316 5.502666 611.300000 5.000743 -5.602286
5.548021 5.504841 611.400000 4.440514 -6.132143
5.548312 5.507295 611.500000 3.827300 -6.404628
5.548235 5.510434 611.600000 3.186837 -7.030304
5.547832 5.513499 611.700000 2.483807 -6.965537
5.547186 5.516704 611.800000 1.787253 -7.089006
5.546375 5.519831 611.900000 1.078353 -7.021508
5.545480 5.522833 612.000000 0.376202 -6.913485
5.544583 5.525788 612.100000 -0.315147 -6.871690
5.543759 5.528303 612.200000 -1.002316 -6.469955
5.543076 5.530592 612.300000 -1.649311 -6.251854
5.542593 5.532930 612.400000 -2.274497 -6.300726
5.542377 5.535100 612.500000 -2.904569 -6.136191
5.542483 5.537061 612.600000 -3.518188 -5.924537
5.542957 5.538525 612.700000 -4.110642 -5.387460
5.543816 5.539607 612.800000 -4.649388 -4.933089
5.545069 5.540410 612.900000 -5.142697 -4.574279
5.546722 5.540914 613.000000 -5.600125 -4.154745
5.548768 5.541115 613.100000 -6.015599 -3.680831
5.551186 5.540857 613.200000 -6.383682 -2.813388
5.553902 5.540399 613.300000 -6.665021 -2.336807
5.556875 5.539721 613.400000 -6.898702 -1.662050
5.560037 5.538880 613.500000 -7.064907 -0.870676
5.563298 5.537978 613.600000 -7.151974 -0.088628
5.566569 5.537113 613.700000 -7.160837 0.677964
5.569760 5.536430 613.800000 -7.093041 1.637641
5.572763 5.535928 613.900000 -6.929277 2.216419
5.575519 5.535806 614.000000 -6.707635 3.094962
5.577943 5.536113 614.100000 -6.398139 3.851331
5.579978 5.536992 614.200000 -6.013006 4.677903
5.581572 5.538361 614.300000 -5.545215 5.280998
5.582712 5.540146 614.400000 -5.017116 5.746369
5.583409 5.542537 614.500000 -4.442479 6.360824
5.583680 5.545480 614.600000 -3.806396 6.875784
5.583562 5.548848 614.700000 -3.118818 7.245295
5.583120 5.552906 614.800000 -2.394288 7.810827
5.582424 5.557311 614.900000 -1.613206 8.079639
5.581569 5.561821 615.000000 -0.805242 8.160669
5.580662 5.566361 615.100000 0.010825 8.184563
5.579811 5.570913 615.200000 0.829281 8.194754
5.579125 5.575294 615.300000 1.648757 8.066366
5.578709 5.579169 615.400000 2.455393 7.671081
5.578646 5.582645 615.500000 3.222502 7.345162
5.579011 5.585524 615.600000 3.957018 6.827996
5.579853 5.588437 615.700000 4.639817 6.859586
5.581250 5.590706 615.800000 5.325776 6.254748
5.583219 5.592342 615.900000 5.951251 5.597577
5.585753 5.593228 616.000000 6.511008 4.701151
5.588801 5.593860 616.100000 6.981124 4.355890
5.592357 5.594106 616.200000 7.416713 3.771660
5.596377 5.593886 616.300000 7.793879 2.910409
5.600771 5.593384 616.400000 8.084919 2.236168
5.605460 5.592668 616.500000 8.308536 1.537340
5.610357 5.591847 616.600000 8.462270 1.029173
5.615394 5.590942 616.700000 8.565187 0.111348
5.620446 5.590131 616.800000 8.576322 -1.087552
5.625345 5.589678 616.900000 8.467567 -2.365008
5.629923 5.589646 617.000000 8.231066 -3.282338
5.634070 5.590069 617.100000 7.902832 -4.050811
5.637711 5.590897 617.200000 7.497751 -4.625645
5.640806 5.592242 617.300000 7.035187 -5.272077
5.643322 5.594267 617.400000 6.507979 -6.015788
5.645233 5.597262 617.500000 5.906401 -6.941781
5.646518 5.600877 617.600000 5.212222 -7.473021
5.647217 5.604978 617.700000 4.464920 -7.866293
5.647398 5.609400 617.800000 3.678291 -8.114864
5.647149 5.613912 617.900000 2.866805 -8.185246
5.646575 5.618926 618.000000 2.048280 -8.556280
5.645777 5.624105 618.100000 1.192652 -8.675255
5.644872 5.629316 618.200000 0.325127 -8.699922
5.643983 5.634525 618.300000 -0.544866 -8.699593
5.643233 5.639692 618.400000 -1.414825 -8.671118
5.642741 5.644529 618.500000 -2.281937 -8.433405
5.642618 5.648883 618.600000 -3.125277 -8.072570
5.642956 5.652730 618.700000 -3.932534 -7.675073
5.643829 5.656449 618.800000 -4.700042 -7.572437
5.645323 5.659671 618.900000 -5.457285 -7.155724
5.647488 5.662205 619.000000 -6.172858 -6.534264
5.650339 5.664171 619.100000 -6.826284 -5.972421
5.653876 5.665427 619.200000 -7.423526 -5.184361
5.658055 5.666059 619.300000 -7.941962 -4.377247
5.662809 5.666176 619.400000 -8.379687 -3.576532
5.668056 5.665973 619.500000 -8.737340 -2.968830
5.673726 5.665433 619.600000 -9.034223 -2.153046
5.679712 5.664627 619.700000 -9.249528 -1.157728
5.685871 5.663715 619.800000 -9.365300 -0.134138
5.692047 5.662845 619.900000 -9.378714 0.733950
5.698111 5.662100 620.000000 -9.305319 1.444248
5.703958 5.661624 620.100000 -9.160894 2.329199
5.709463 5.661666 620.200000 -8.927974 3.441252
5.714481 5.662192 620.300000 -8.583849 4.224614
5.718928 5.663350 620.400000 -8.161388 5.069546
5.722727 5.665518 620.500000 -7.654433 6.183228
5.725793 5.668192 620.600000 -7.036110 6.672718
5.728137 5.671696 620.700000 -6.368839 7.405822
5.729766 5.675837 620.800000 -5.628256 7.922265
5.730726 5.680596 620.900000 -4.836030 8.394354
5.731089 5.685598 621.000000 -3.996595 8.573015
5.730960 5.691046 621.100000 -3.139293 8.891407
5.730445 5.696822 621.200000 -2.250152 9.118775
5.729667 5.702744 621.300000 -1.338275 9.218894
5.728759 5.709123 621.400000 -0.416385 9.523426
5.727860 5.715258 621.500000 0.535957 9.364585
5.727113 5.721344 621.600000 1.472416 9.333101
5.726658 5.727120 621.700000 2.405726 9.124842
5.726622 5.731976 621.800000 3.318210 8.477207
5.727097 5.736067 621.900000 4.165931 7.896048
5.728150 5.739724 622.000000 4.955536 7.548249
5.729850 5.742742 622.100000 5.710360 7.002592
5.732231 5.745108 622.200000 6.410620 6.397997
5.735303 5.746791 622.300000 7.050419 5.695949
5.739046 5.747796 622.400000 7.620014 4.898794
5.743406 5.748281 622.500000 8.109894 4.187448
5.748324 5.748288 622.600000 8.528638 3.403902
5.753716 5.747863 622.700000 8.869029 2.490593
5.759466 5.747101 622.800000 9.118088 1.414604
5.765422 5.746197 622.900000 9.259548 0.478779
5.771449 5.745295 623.000000 9.307426 -0.507267
5.777397 5.744551 623.100000 9.256699 -1.487052
5.783125 5.744100 623.200000 9.107994 -2.423141
5.788501 5.744108 623.300000 8.865680 -3.404234
5.793401 5.744663 623.400000 8.525257 -4.290649
5.797728 5.745680 623.500000 8.096192 -4.916418
5.801434 5.747503 623.600000 7.604550 -5.850322
5.804454 5.749953 623.700000 7.019518 -6.485374
5.806776 5.753108 623.800000 6.370980 -7.132898
5.808411 5.756691 623.900000 5.657691 -7.498172
5.809410 5.761131 624.000000 4.907873 -8.180719
5.809819 5.766503 624.100000 4.089802 -8.865339
5.809710 5.772630 624.200000 3.203268 -9.382380
5.809190 5.778885 624.300000 2.265030 -9.468848
5.808399 5.785721 624.400000 1.318145 -9.845533
5.807478 5.792887 624.500000 0.333592 -10.054507
5.806585 5.799900 624.600000 -0.671859 -9.960174
5.805878 5.806715 624.700000 -1.667877 -9.837044
5.805511 5.812934 624.800000 -2.651581 -9.451670
5.805617 5.818537 624.900000 -3.596748 -9.036408
5.806309 5.823554 625.000000 -4.500389 -8.623742
5.807680 5.828126 625.100000 -5.362763 -8.295212
5.809817 5.831930 625.200000 -6.192284 -7.696036
5.812763 5.834850 625.300000 -6.961888 -6.941764
5.816519 5.836820 625.400000 -7.656064 -6.025662
5.821041 5.838110 625.500000 -8.258630 -5.273882
5.826279 5.838665 625.600000 -8.786019 -4.316354
5.832137 5.838717 625.700000 -9.217654 -3.510038
5.838519 5.838258 625.800000 -9.568658 -2.437544
5.845277 5.837496 625.900000 -9.812412 -1.458840
5.852263 5.836582 626.000000 -9.958296 -0.486041
5.859324 5.835650 626.100000 -10.006900 0.056477
5.866374 5.834808 626.200000 -10.001253 1.054819
5.873254 5.834153 626.300000 -9.895771 1.861825
5.879840 5.833938 626.400000 -9.709588 2.995554
5.885968 5.834272 626.500000 -9.410033 3.982843
5.891508 5.835154 626.600000 -9.011748 4.765900
5.896379 5.836738 626.700000 -8.535158 5.615382
5.900509 5.838889 626.800000 -7.973620 6.215891
5.903879 5.841669 626.900000 -7.352031 6.822131
5.906484 5.845287 627.000000 -6.669818 7.554097
5.908331 5.849280 627.100000 -5.914408 7.859796
5.909486 5.853801 627.200000 -5.128429 8.271874
5.910018 5.858968 627.300000 -4.301241 8.748413
5.910012 5.864562 627.400000 -3.426400 9.051054
5.909576 5.870475 627.500000 -2.521295 9.271335
5.908837 5.876545 627.600000 -1.594161 9.377704
5.907931 5.882682 627.700000 -0.656391 9.423609
5.906996 5.889008 627.800000 0.285970 9.550505
5.906178 5.895445 627.900000 1.241021 9.624107
5.905624 5.901196 628.000000 2.203431 9.167142
5.905459 5.906297 628.100000 3.120146 8.711653
5.905787 5.911065 628.200000 3.991311 8.469274
5.906710 5.915165 628.300000 4.838238 7.959549
5.908295 5.918719 628.400000 5.634193 7.516292
5.910599 5.921883 628.500000 6.385822 7.184937
5.913673 5.924205 628.600000 7.104316 6.406177
5.917502 5.925625 628.700000 7.744934 5.449772
5.922025 5.926380 628.800000 8.289911 4.620284
5.927172 5.926569 628.900000 8.751939 3.772308
5.932854 5.926312 629.000000 9.129170 2.937044
5.938967 5.925653 629.100000 9.422874 1.885244
5.945363 5.924769 629.200000 9.611399 0.856992
5.951888 5.923828 629.300000 9.697098 -0.047775
5.958404 5.922947 629.400000 9.692321 -0.870250
5.964785 5.922296 629.500000 9.605296 -1.907569
5.970876 5.921971 629.600000 9.414539 -2.785021
5.976554 5.922032 629.700000 9.136037 -3.551605
5.981725 5.922436 629.800000 8.780876 -4.115196
5.986335 5.923220 629.900000 8.369356 -4.660338
5.990342 5.924787 630.000000 7.903323 -5.621227
5.993667 5.927079 630.100000 7.341200 -6.381921
5.996280 5.930098 630.200000 6.703008 -7.065647
5.998181 5.934092 630.300000 5.996443 -7.887437
5.999380 5.938654 630.400000 5.207699 -8.330577
5.999946 5.943772 630.500000 4.374642 -8.742034
5.999966 5.949453 630.600000 3.500438 -9.140247
5.999546 5.955640 630.700000 2.586414 -9.484437
5.998807 5.962041 630.800000 1.637970 -9.627198
5.997893 5.968576 630.900000 0.675250 -9.715377
5.996949 5.975294 631.000000 -0.296288 -9.835129
5.996129 5.982063 631.100000 -1.279800 -9.869509
5.995586 5.988804 631.200000 -2.266751 -9.852694
5.995474 5.994951 631.300000 -3.252021 -9.465744
5.995920 6.000674 631.400000 -4.198595 -9.180008
5.997043 6.005478 631.500000 -5.116596 -8.525992
5.998914 6.009318 631.600000 -5.969195 -7.779247
6.001568 6.012496 631.700000 -6.747120 -7.223626
6.005033 6.014877 631.800000 -7.469482 -6.490080
6.009297 6.016569 631.900000 -8.118490 -5.780460
6.014328 6.017561 632.000000 -8.696536 -4.956655
6.020060 6.017879 632.100000 -9.192202 -4.006846
6.026385 6.017633 632.200000 -9.592886 -2.987582
6.033168 6.016983 632.300000 -9.891645 -1.952120
6.040257 6.016125 632.400000 -10.086857 -1.090999
6.047519 6.015179 632.500000 -10.195957 -0.253921
6.054819 6.014266 632.600000 -10.221349 0.691499
6.062006 6.013533 632.700000 -10.152199 1.658597
6.068927 6.013113 632.800000 -9.986339 2.588691
6.075442 6.013183 632.900000 -9.727470 3.594733
6.081414 6.013914 633.000000 -9.367997 4.612369
6.086718 6.015075 633.100000 -8.906760 5.170966
6.091314 6.016952 633.200000 -8.389663 5.983351
6.095144 6.019462 633.300000 -7.791328 6.620286
6.098193 6.022900 633.400000 -7.129299 7.456466
6.100447 6.026982 633.500000 -6.383653 7.986064
6.101945 6.031751 633.600000 -5.585046 8.513897
6.102750 6.037326 633.700000 -4.733657 9.096070
6.102941 6.043515 633.800000 -3.824050 9.515154
6.102629 6.049879 633.900000 -2.872534 9.632643
6.101954 6.056384 634.000000 -1.909270 9.726078
6.101061 6.063196 634.100000 -0.936662 9.924988
6.100099 6.070035 634.200000 0.055837 9.944385
6.099225 6.076492 634.300000 1.050275 9.698648
6.098585 6.082752 634.400000 2.020140 9.570658
6.098322 6.088704 634.500000 2.977206 9.365452
6.098568 6.094291 634.600000 3.913751 9.115763
6.099442 6.099275 634.700000 4.825327 8.686769
6.101034 6.103236 634.800000 5.694004 7.905217
6.103384 6.106838 634.900000 6.484526 7.612848
6.106557 6.109418 635.000000 7.245811 6.706795
6.110528 6.111373 635.100000 7.916490 6.088190
6.115287 6.112435 635.200000 8.525309 5.070673
6.120744 6.112791 635.300000 9.032376 4.092865
6.126795 6.112668 635.400000 9.441663 3.264879
6.133337 6.112069 635.500000 9.768151 2.147404
6.140211 6.111178 635.600000 9.982891 0.945359
6.147231 6.110217 635.700000 10.077427 0.059732
6.154259 6.109368 635.800000 10.083400 -1.190434
6.161097 6.108690 635.900000 9.964357 -1.897700
6.167639 6.108295 636.000000 9.774587 -2.681676
6.173772 6.108203 636.100000 9.506419 -3.323440
6.179415 6.108676 636.200000 9.174075 -4.269678
6.184455 6.109926 636.300000 8.747107 -5.303844
6.188787 6.112046 636.400000 8.216723 -6.262132
6.192340 6.114957 636.500000 7.590510 -7.020246
6.195094 6.118796 636.600000 6.888485 -7.817888
6.197049 6.123690 636.700000 6.106696 -8.635209
6.198234 6.129504 636.800000 5.243175 -9.290016
6.198722 6.136213 636.900000 4.314174 -9.886008
6.198617 6.143350 637.000000 3.325573 -10.159098
6.198063 6.150831 637.100000 2.309663 -10.374186
6.197218 6.158447 637.200000 1.272244 -10.458036
6.196249 6.165948 637.300000 0.226441 -10.389900
6.195329 6.173413 637.400000 -0.812549 -10.368234
6.194626 6.180853 637.500000 -1.849373 -10.355285
6.194307 6.188055 637.600000 -2.884901 -10.208288
6.194532 6.194557 637.700000 -3.905730 -9.763399
6.195429 6.200053 637.800000 -4.882070 -9.082714
6.197085 6.204851 637.900000 -5.790341 -8.580863
6.199578 6.208708 638.000000 -6.648428 -7.850621
6.202935 6.211686 638.100000 -7.433490 -7.101071
6.207158 6.213905 638.200000 -8.143597 -6.383254
6.212226 6.215346 638.300000 -8.781922 -5.552743
6.218081 6.215946 638.400000 -9.337196 -4.482771
6.224604 6.215889 638.500000 -9.785474 -3.419785
6.231659 6.215441 638.600000 -10.127452 -2.590636
6.239127 6.214721 638.700000 -10.386516 -1.797130
6.246888 6.213837 638.800000 -10.566229 -1.067613
6.254824 6.212867 638.900000 -10.672990 0.173314
6.262728 6.212016 639.000000 -10.655658 1.247128
6.270423 6.211414 639.100000 -10.530946 2.174531
6.277762 6.211363 639.200000 -10.313493 3.429510
6.284554 6.211959 639.300000 -9.970542 4.476824
6.290661 6.213135 639.400000 -9.522859 5.241812
6.296008 6.215027 639.500000 -8.998678 6.052006
6.300530 6.217652 639.600000 -8.393477 6.783356
6.304197 6.221137 639.700000 -7.715142 7.551253
6.306997 6.225654 639.800000 -6.960016 8.381477
6.308939 6.231060 639.900000 -6.121869 9.036031
6.310081 6.236902 640.000000 -5.218266 9.341365
6.310529 6.243618 640.100000 -4.284129 9.922608
6.310389 6.250907 640.200000 -3.291868 10.287609
6.309804 6.258799 640.300000 -2.263107 10.657199
6.308931 6.266996 640.400000 -1.197388 10.840718
6.307947 6.275735 640.500000 -0.113316 11.157991
6.307041 6.284395 640.600000 1.002483 11.114158
6.306405 6.292462 640.700000 2.113899 10.767950
6.306215 6.299787 640.800000 3.190694 10.319103
6.306622 6.306739 640.900000 4.222604 10.085958
6.307773 6.312975 641.000000 5.231200 9.621196
6.309780 6.318484 641.100000 6.193320 9.125447
6.312733 6.323299 641.200000 7.105864 8.625340
6.316699 6.327101 641.300000 7.968398 7.837050
6.321684 6.329887 641.400000 8.752103 6.956276
6.327655 6.331867 641.500000 9.447731 6.170222
6.334562 6.332927 641.600000 10.064753 5.124912
6.342291 6.333297 641.700000 10.577244 4.174011
6.350719 6.332995 641.800000 10.994646 2.963644
6.359658 6.332277 641.900000 11.291010 1.855970
6.368924 6.331305 642.000000 11.476607 0.430791
6.378265 6.330364 642.100000 11.519686 -0.763263
6.387465 6.329728 642.200000 11.443360 -2.116907
6.396290 6.329490 642.300000 11.231669 -3.100058
6.404577 6.329966 642.400000 10.921663 -4.332334
6.412140 6.331377 642.500000 10.488430 -5.549037
6.418819 6.333827 642.600000 9.933526 -6.645163
6.424503 6.337142 642.700000 9.269010 -7.435845
6.429156 6.341461 642.800000 8.525425 -8.258346
6.432766 6.346751 642.900000 7.699591 -8.984279
6.435363 6.353100 643.000000 6.801163 -9.713598
6.437004 6.360658 643.100000 5.829803 -10.484858
6.437780 6.368745 643.200000 4.781317 -10.805532
6.437844 6.377147 643.300000 3.700764 -10.993592
6.437369 6.386296 643.400000 2.601405 -11.423932
6.436535 6.396089 643.500000 1.459012 -11.782302
6.435541 6.405978 643.600000 0.280782 -11.836876
6.434604 6.415686 643.700000 -0.902906 -11.739229
6.433940 6.425218 643.800000 -2.076829 -11.643825
6.433757 6.434184 643.900000 -3.241211 -11.328349
6.434243 6.442227 644.000000 -4.374046 -10.792495
6.435552 6.449548 644.100000 -5.453296 -10.354449
6.437821 6.455997 644.200000 -6.488741 -9.797559
6.441150 6.461108 644.300000 -7.468497 -8.876428
6.445567 6.465042 644.400000 -8.356139 -7.976755
6.451067 6.467994 644.500000 -9.153815 -7.140569
6.457618 6.469980 644.600000 -9.867872 -6.208441
6.465148 6.471069 644.700000 -10.488716 -5.194242
6.473540 6.471472 644.800000 -11.008140 -4.259470
6.482671 6.471222 644.900000 -11.434087 -3.116656
6.492360 6.470552 645.000000 -11.745753 -2.073962
6.502426 6.469641 645.100000 -11.953149 -1.089160
6.512691 6.468641 645.200000 -12.062065 0.174372
6.522921 6.467829 645.300000 -12.044628 1.567478
6.532857 6.467566 645.400000 -11.887880 3.088714
6.542229 6.468042 645.500000 -11.579009 4.368363
6.550829 6.469259 645.600000 -11.142172 5.352916
6.558526 6.471658 645.700000 -10.606881 6.627559
6.565165 6.475005 645.800000 -9.944125 7.495496
6.570692 6.479436 645.900000 -9.194575 8.378604
6.575079 6.485069 646.000000 -8.356715 9.259626
6.578334 6.491448 646.100000 -7.430752 9.767843
6.580539 6.498904 646.200000 -6.453968 10.457387
6.581783 6.507391 646.300000 -5.408229 11.078153
6.582196 6.516402 646.400000 -4.300414 11.380940
6.581951 6.525575 646.500000 -3.162320 11.474268
6.581247 6.534895 646.600000 -2.014893 11.558416
6.580287 6.544283 646.700000 -0.859052 11.597933
6.579276 6.553709 646.800000 0.300742 11.620460
6.578425 6.562811 646.900000 1.462788 11.440973
6.577933 6.571444 647.000000 2.606885 11.173442
6.577989 6.579364 647.100000 3.724229 10.755023
6.578752 6.586672 647.200000 4.799731 10.381060
6.580368 6.592892 647.300000 5.837837 9.680418
6.582928 6.598193 647.400000 6.805879 9.045865
6.586502 6.602477 647.500000 7.710466 8.287707
6.591114 6.605572 647.600000 8.539237 7.300604
6.596728 6.607595 647.700000 9.269297 6.278411
6.603269 6.608913 647.800000 9.897138 5.504241
6.610673 6.609388 647.900000 10.447562 4.401405
6.618798 6.609160 648.000000 10.887703 3.202848
6.627467 6.608450 648.100000 11.207988 2.002830
6.636482 6.607488 648.200000 11.408271 0.867467
6.645648 6.606471 648.300000 11.495017 -0.149698
6.654784 6.605536 648.400000 11.480048 -1.041172
6.663735 6.604906 648.500000 11.375930 -2.246565
6.672292 6.604787 648.600000 11.151274 -3.414209
6.680269 6.605365 648.700000 10.809853 -4.550658
6.687501 6.606827 648.800000 10.354787 -5.673574
6.693851 6.609107 648.900000 9.787430 -6.542529
6.699245 6.612887 649.000000 9.133177 -7.892697
6.703575 6.617757 649.100000 8.343907 -8.743660
6.706839 6.623732 649.200000 7.469541 -9.530489
6.709076 6.630549 649.300000 6.516492 -10.088936
6.710378 6.638429 649.400000 5.507599 -10.752625
6.710857 6.647205 649.500000 4.432336 -11.282652
6.710664 6.656873 649.600000 3.304071 -11.786663
6.709979 6.666530 649.700000 2.125405 -11.781990
6.709016 6.676052 649.800000 0.947206 -11.709058
6.707988 6.685065 649.900000 -0.223700 -11.424616
6.707099 6.693677 650.000000 -1.366162 -11.195431
6.706543 6.701851 650.100000 -2.485705 -10.939980
6.706497 6.709178 650.200000 -3.579703 -10.426098
6.707108 6.715754 650.300000 -4.622313 -9.947403
6.708502 6.721448 650.400000 -5.617053 -9.354471
6.710771 6.726321 650.500000 -6.552500 -8.766650
6.713981 6.730086 650.600000 -7.429165 -7.902971
6.718139 6.732967 650.700000 -8.219462 -7.138484
6.723238 6.735130 650.800000 -8.933310 -6.451843
6.729251 6.736305 650.900000 -9.578495 -5.363247
6.736075 6.736722 651.000000 -10.114819 -4.347959
6.743586 6.736574 651.100000 -10.549615 -3.397392
6.751653 6.736012 651.200000 -10.889354 -2.481847
6.760138 6.735120 651.300000 -11.137539 -1.356139
6.768854 6.734088 651.400000 -11.273153 -0.152826
6.777593 6.733125 651.500000 -11.288436 0.963049
6.786164 6.732394 651.600000 -11.192131 1.985270
6.794394 6.732106 651.700000 -10.993604 3.115799
6.802103 6.732367 651.800000 -10.682024 4.106925
6.809150 6.733134 651.900000 -10.271331 4.844462
6.815451 6.734723 652.000000 -9.786885 5.847173
6.820897 6.737238 652.100000 -9.202168 6.802369
6.825418 6.740670 652.200000 -8.521931 7.631831
6.828986 6.745133 652.300000 -7.758748 8.468208
6.831600 6.750602 652.400000 -6.911927 9.212226
6.833303 6.757063 652.500000 -5.990704 9.890674
6.834172 6.764532 652.600000 -5.001637 10.536865
6.834319 6.772377 652.700000 -3.947950 10.767594
6.833904 6.780860 652.800000 -2.871191 11.150011
6.833093 6.789707 652.900000 -1.756190 11.362378
6.832077 6.798752 653.000000 -0.619952 11.477162
6.831052 6.807662 653.100000 0.527764 11.401811
6.830219 6.816229 653.200000 1.667945 11.204653
6.829769 6.824379 653.300000 2.788410 10.960771
6.829878 6.831883 653.400000 3.884487 10.570423
6.830701 6.838739 653.500000 4.941530 10.162716
6.832371 6.844388 653.600000 5.957801 9.356104
6.834960 6.849546 653.700000 6.893412 9.007184
6.838560 6.853733 653.800000 7.794130 8.274006
6.843197 6.857236 653.900000 8.621531 7.714926
6.848896 6.859772 654.000000 9.393023 6.848291
6.855611 6.861335 654.100000 10.077852 5.844519
6.863251 6.861974 654.200000 10.662304 4.699475
6.871671 6.861957 654.300000 11.132252 3.674770
6.880723 6.861389 654.400000 11.499728 2.507569
6.890219 6.860516 654.500000 11.750485 1.517686
6.899985 6.859472 654.600000 11.902254 0.199413
6.909785 6.858459 654.700000 11.922195 -0.672744
6.919460 6.857657 654.800000 11.854921 -1.793913
6.928809 6.857182 654.900000 11.675530 -2.738438
6.937674 6.857290 655.000000 11.401686 -3.888603
6.945870 6.858317 655.100000 11.012826 -5.212964
6.953209 6.860160 655.200000 10.491529 -6.153606
6.959589 6.862979 655.300000 9.876168 -7.118340
6.964934 6.866811 655.400000 9.164334 -7.997747
6.969207 6.871717 655.500000 8.364560 -8.835578
6.972412 6.877268 655.600000 7.481002 -9.302416
6.974621 6.883977 655.700000 6.550760 -10.086901
6.975899 6.891853 655.800000 5.542070 -10.820829
6.976351 6.900620 655.900000 4.459987 -11.349508
6.976131 6.910260 656.000000 3.325037 -11.844544
6.975417 6.919989 656.100000 2.140582 -11.895466
6.974423 6.929835 656.200000 0.951036 -11.961518
6.973365 6.939920 656.300000 -0.245116 -12.093782
6.972464 6.949460 656.400000 -1.454494 -11.795973
6.971930 6.958579 656.500000 -2.634092 -11.560254
6.971962 6.967091 656.600000 -3.790117 -11.212126
6.972737 6.974780 656.700000 -4.911330 -10.721183
6.974401 6.981629 656.800000 -5.983448 -10.194812
6.977071 6.987597 656.900000 -7.002929 -9.611679
6.980836 6.992569 657.000000 -7.964097 -8.905435
6.985739 6.996081 657.100000 -8.854641 -7.755746
6.991730 6.998448 657.200000 -9.630215 -6.716809
6.998739 7.000061 657.300000 -10.301896 -5.932744
7.006701 7.000731 657.400000 -10.895170 -4.776099
7.015470 7.000637 657.500000 -11.372780 -3.572369
7.024864 6.999980 657.600000 -11.730017 -2.314895
7.034671 6.998972 657.700000 -11.961507 -0.859771
7.044633 6.997920 657.800000 -12.047484 0.400614
7.054518 6.997049 657.900000 -12.007423 1.590535
7.064112 6.996587 658.000000 -11.848369 2.812402
7.073202 6.996746 658.100000 -11.567129 4.011623
7.081598 6.997918 658.200000 -11.165967 5.424194
7.089093 7.000433 658.300000 -10.623547 6.863923
7.095514 7.003991 658.400000 -9.937155 7.801527
7.100803 7.008763 658.500000 -9.157002 8.767244
7.104929 7.015071 658.600000 -8.280278 9.854633
7.107889 7.022521 658.700000 -7.294814 10.592112
7.109761 7.030982 658.800000 -6.235603 11.204594
7.110667 7.040503 658.900000 -5.115144 11.813197
7.110762 7.051182 659.000000 -3.933824 12.444131
7.110232 7.062043 659.100000 -2.689411 12.541494
7.109310 7.073019 659.200000 -1.435262 12.603865
7.108234 7.084342 659.300000 -0.174875 12.785455
7.107249 7.095749 659.400000 1.103670 12.830894
7.106603 7.106619 659.500000 2.386760 12.553316
7.106531 7.116805 659.600000 3.642091 12.190592
7.107245 7.126283 659.700000 4.861151 11.802356
7.108933 7.134593 659.800000 6.041386 11.132317
7.111734 7.141599 659.900000 7.154618 10.332458
7.115735 7.147340 660.000000 8.187864 9.490848
7.120980 7.151764 660.100000 9.136949 8.526267
7.127458 7.155104 660.200000 9.989575 7.643233
7.135134 7.157278 660.300000 10.753899 6.558791
7.143909 7.158395 660.400000 11.409778 5.391890
7.153634 7.158637 660.500000 11.948967 4.184861
7.164127 7.158156 660.600000 12.367453 2.821721
7.175150 7.157252 660.700000 12.649625 1.540558
7.186467 7.156176 660.800000 12.803681 0.292229
7.197837 7.155169 660.900000 12.832903 -1.001996
7.209009 7.154501 661.000000 12.732704 -2.339831
7.219732 7.154261 661.100000 12.498721 -3.337405
7.229830 7.154729 661.200000 12.164980 -4.527385
7.239107 7.155981 661.300000 11.712242 -5.556880
7.247420 7.158187 661.400000 11.156554 -6.595303
7.254652 7.161594 661.500000 10.497024 -7.706509
7.260704 7.166213 661.600000 9.726373 -8.686204
7.265535 7.172035 661.700000 8.857752 -9.560191
7.269154 7.179066 661.800000 7.901733 -10.364181
7.271616 7.187484 661.900000 6.865315 -11.216955
7.273009 7.196923 662.000000 5.743620 -11.804963
7.273483 7.207311 662.100000 4.563123 -12.327894
7.273222 7.218008 662.200000 3.330334 -12.494034
7.272451 7.228902 662.300000 2.080930 -12.599942
7.271404 7.239990 662.400000 0.820936 -12.703423
7.270321 7.250949 662.500000 -0.449406 -12.637576
7.269446 7.261124 662.600000 -1.713164 -12.221423
7.268999 7.270442 662.700000 -2.935306 -11.749049
7.269177 7.279184 662.800000 -4.110211 -11.421108
7.270161 7.286858 662.900000 -5.252322 -10.785293
7.272087 7.293423 663.000000 -6.330851 -10.081587
7.275051 7.299032 663.100000 -7.339010 -9.432750
7.279125 7.303477 663.200000 -8.282285 -8.577386
7.284324 7.306936 663.300000 -9.140023 -7.778107
7.290638 7.309227 663.400000 -9.917834 -6.709656
7.297988 7.310561 663.500000 -10.588799 -5.685624
7.306267 7.310883 663.600000 -11.157362 -4.345810
7.315287 7.310517 663.700000 -11.591943 -3.125877
7.324859 7.309679 663.800000 -11.904531 -1.867870
7.334765 7.308613 663.900000 -12.091318 -0.677034
7.344791 7.307545 664.000000 -12.159021 0.657420
7.354695 7.306684 664.100000 -12.093279 1.782295
7.364273 7.306237 664.200000 -11.915049 2.946621
7.373327 7.306404 664.300000 -11.620387 4.101754
7.381673 7.307476 664.400000 -11.210212 5.372639
7.389132 7.309376 664.500000 -10.672948 6.314660
7.395605 7.312307 664.600000 -10.041482 7.319894
7.401011 7.316001 664.700000 -9.309493 7.983534
7.405345 7.320463 664.800000 -8.511139 8.600122
7.408633 7.326162 664.900000 -7.651127 9.510387
7.410894 7.332784 665.000000 -6.700088 10.136049
7.412211 7.340101 665.100000 -5.686483 10.582925
7.412706 7.348427 665.200000 -4.628191 11.201336
7.412517 7.357511 665.300000 -3.508057 11.644212
7.411816 7.366839 665.400000 -2.343636 11.784666
7.410804 7.376707 665.500000 -1.165170 12.086860
7.409691 7.386538 665.600000 0.043516 12.068465
7.408696 7.395643 665.700000 1.250363 11.662069
7.408022 7.404171 665.800000 2.416570 11.329973
7.407855 7.411923 665.900000 3.549567 10.865889
7.408356 7.419125 666.000000 4.636156 10.524433
7.409673 7.425204 666.100000 5.688599 9.789778
7.411897 7.430583 666.200000 6.667577 9.302022
7.415116 7.434837 666.300000 7.597779 8.459203
7.419352 7.437687 666.400000 8.443700 7.270470
7.424547 7.439492 666.500000 9.170747 6.241118
7.430629 7.440484 666.600000 9.794858 5.300800
7.437508 7.440846 666.700000 10.324938 4.439366
7.445088 7.440529 666.800000 10.768875 3.264595
7.453200 7.439756 666.900000 11.095335 2.136012
7.461668 7.438684 667.000000 11.308936 0.762147
7.470264 7.437578 667.100000 11.385150 -0.352680
7.478796 7.436626 667.200000 11.349882 -1.473703
7.487078 7.435961 667.300000 11.202512 -2.448635
7.494950 7.435724 667.400000 10.957649 -3.420637
7.502267 7.436224 667.500000 10.615585 -4.642284
7.508861 7.437609 667.600000 10.151357 -5.776822
7.514599 7.439829 667.700000 9.573674 -6.672597
7.519412 7.443036 667.800000 8.906415 -7.597198
7.523254 7.447292 667.900000 8.146695 -8.470320
7.526116 7.452114 668.000000 7.299663 -8.906697
7.528063 7.457541 668.100000 6.408993 -9.350126
7.529178 7.463363 668.200000 5.473981 -9.629584
7.529574 7.470234 668.300000 4.511022 -10.333302
7.529352 7.477800 668.400000 3.477692 -10.775004
7.528657 7.485879 668.500000 2.400192 -11.090270
7.527656 7.494406 668.600000 1.291165 -11.358131
7.526532 7.503033 668.700000 0.155352 -11.418553
7.525480 7.511448 668.800000 -0.986504 -11.295015
7.524689 7.519577 668.900000 -2.116005 -11.126504
7.524344 7.527338 669.000000 -3.228656 -10.903828
7.524613 7.534317 669.100000 -4.319038 -10.414343
7.525636 7.540587 669.200000 -5.360473 -9.950029
7.527528 7.545994 669.300000 -6.355476 -9.352063
7.530374 7.550141 669.400000 -7.290682 -8.404221
7.534186 7.553192 669.500000 -8.131104 -7.480274
7.538947 7.555542 669.600000 -8.879131 -6.825341
7.544646 7.557039 669.700000 -9.561666 -5.929496
7.551217 7.557789 669.800000 -10.154615 -5.016257
7.558564 7.557733 669.900000 -10.656241 -3.790723
7.566522 7.557248 670.000000 -11.035313 -2.935900
7.574968 7.556378 670.100000 -11.328903 -1.856517
7.583728 7.555274 670.200000 -11.514555 -0.565377
7.592583 7.554174 670.300000 -11.571092 0.594977
7.601332 7.553269 670.400000 -11.511595 1.722974
7.609786 7.552746 670.500000 -11.339297 2.845955
7.617762 7.552881 670.600000 -11.054702 4.112296
7.625070 7.553797 670.700000 -10.643472 5.233791
7.631566 7.555832 670.800000 -10.120093 6.512880
7.637110 7.558721 670.900000 -9.468805 7.340782
7.641656 7.562621 671.000000 -8.734727 8.213374
7.645183 7.567463 671.100000 -7.913390 8.950936
7.647712 7.573019 671.200000 -7.018296 9.472697
7.649318 7.579421 671.300000 -6.071026 10.055536
7.650090 7.586064 671.400000 -5.065473 10.216712
7.650168 7.593103 671.500000 -4.043801 10.474132
7.649697 7.601022 671.600000 -2.996388 11.025898
7.648826 7.609225 671.700000 -1.893798 11.199429
7.647732 7.617511 671.800000 -0.773855 11.250125
7.646603 7.625624 671.900000 0.351157 11.147973
7.645625 7.633742 672.000000 1.465954 11.151750
7.644983 7.641661 672.100000 2.581129 11.033316
7.644856 7.649109 672.200000 3.684461 10.743957
7.645403 7.655650 672.300000 4.758857 10.161472
7.646745 7.661309 672.400000 5.775004 9.561587
7.648977 7.666157 672.500000 6.731163 8.974330
7.652165 7.670433 672.600000 7.628596 8.536407
7.656375 7.673385 672.700000 8.482236 7.420422
7.661559 7.675554 672.800000 9.224279 6.672889
7.667690 7.677069 672.900000 9.891567 5.979387
7.674724 7.677942 673.000000 10.489506 5.206297
7.682588 7.678140 673.100000 11.010136 4.244431
7.691156 7.677705 673.200000 11.434579 3.082921
7.700253 7.676854 673.300000 11.742871 1.973736
7.709694 7.675753 673.400000 11.940245 0.717003
7.719259 7.674631 673.500000 12.011945 -0.487967
7.728735 7.673653 673.600000 11.963148 -1.474680
7.737948 7.673097 673.700000 11.815680 -2.802727
7.746673 7.673122 673.800000 11.535408 -3.960812
7.754728 7.673730 673.900000 11.139326 -4.851217
7.761998 7.675197 674.000000 10.654205 -5.927276
7.768354 7.677588 674.100000 10.061477 -6.898551
7.773714 7.681125 674.200000 9.371622 -7.940438
7.778017 7.685537 674.300000 8.577578 -8.652816
7.781273 7.690821 674.400000 7.712297 -9.308459
7.783528 7.697044 674.500000 6.781451 -9.967059
7.784854 7.703994 674.600000 5.784745 -10.449281
7.785365 7.711475 674.700000 4.739817 -10.787629
7.785204 7.719835 674.800000 3.661054 -11.324986
7.784525 7.728471 674.900000 2.528555 -11.490579
7.783512 7.737560 675.000000 1.379497 -11.754608
7.782363 7.746609 675.100000 0.204036 -11.733309
7.781280 7.755636 675.200000 -0.969294 -11.722483
7.780467 7.764178 675.300000 -2.141543 -11.441328
7.780115 7.772168 675.400000 -3.285676 -11.111365
7.780394 7.779149 675.500000 -4.396812 -10.481893
7.781436 7.785201 675.600000 -5.445001 -9.866903
7.783345 7.790131 675.700000 -6.431692 -9.066247
7.786177 7.793988 675.800000 -7.338316 -8.229209
7.789952 7.796878 675.900000 -8.161237 -7.393057
7.794658 7.798858 676.000000 -8.900543 -6.509352
7.800251 7.800085 676.100000 -9.551478 -5.673621
7.806668 7.800406 676.200000 -10.118840 -4.465550
7.813765 7.800093 676.300000 -10.565395 -3.372056
7.821396 7.799304 676.400000 -10.902601 -2.217673
7.829385 7.798260 676.500000 -11.124368 -1.213765
7.837572 7.797108 676.600000 -11.245745 -0.092711
7.845773 7.796013 676.700000 -11.255016 0.876804
7.853825 7.795081 676.800000 -11.167335 1.725096
7.861593 7.794429 676.900000 -10.994826 2.601366
7.868942 7.794188 677.000000 -10.734689 3.510168
7.875741 7.794576 677.100000 -10.383673 4.564952
7.881853 7.795578 677.200000 -9.927177 5.400535
7.887193 7.797081 677.300000 -9.387124 5.996212
7.891728 7.799549 677.400000 -8.787503 7.003129
7.895390 7.802776 677.500000 -8.087190 7.701876
7.898175 7.806968 677.600000 -7.317002 8.510260
7.900093 7.812164 677.700000 -6.465976 9.276715
7.901190 7.818099 677.800000 -5.538305 9.802305
7.901557 7.824808 677.900000 -4.558074 10.325610
7.901308 7.832216 678.000000 -3.525513 10.775794
7.900585 7.840239 678.100000 -2.447934 11.157507
7.899551 7.848463 678.200000 -1.332183 11.279889
7.898390 7.856630 678.300000 -0.204194 11.247780
7.897288 7.864705 678.400000 0.920584 11.193669
7.896431 7.872497 678.500000 2.039951 11.021830
7.895995 7.879691 678.600000 3.142134 10.648631
7.896135 7.886248 678.700000 4.206997 10.235941
7.896987 7.891898 678.800000 5.230591 9.617168
7.898648 7.896660 678.900000 6.192308 8.969147
7.901185 7.900276 679.000000 7.089223 8.056473
7.904610 7.902910 679.100000 7.894870 7.182349
7.908907 7.904667 679.200000 8.613105 6.298669
7.914030 7.905583 679.300000 9.242972 5.315268
7.919896 7.905804 679.400000 9.774499 4.338744
7.926397 7.905569 679.500000 10.208373 3.551430
7.933440 7.904831 679.600000 10.563516 2.403759
7.940858 7.903791 679.700000 10.803892 1.292904
7.948481 7.902630 679.800000 10.933182 0.155851
7.956126 7.901555 679.900000 10.948767 -1.084745
7.963596 7.900666 680.000000 10.840293 -1.928492
7.970758 7.900212 680.100000 10.647444 -3.102453
7.977440 7.900167 680.200000 10.337198 -3.897273
7.983540 7.900675 680.300000 9.947471 -4.765778
7.988957 7.901800 680.400000 9.470893 -5.577455
7.993619 7.903805 680.500000 8.913148 -6.565082
7.997453 7.906727 680.600000 8.256640 -7.455595
8.000421 7.910860 680.700000 7.511080 -8.490193
8.002505 7.915850 680.800000 6.662061 -9.152825
8.003755 7.921663 680.900000 5.746778 -9.747580
8.004252 7.928500 681.000000 4.772020 -10.439164
8.004097 7.936078 681.100000 3.728104 -10.913043
8.003432 7.943881 681.200000 2.636800 -11.053904
8.002430 7.951808 681.300000 1.531409 -11.132296
8.001268 7.960069 681.400000 0.418180 -11.335567
8.000132 7.968404 681.500000 -0.715377 -11.381669
7.999210 7.976417 681.600000 -1.853544 -11.188437
7.998685 7.984022 681.700000 -2.972388 -10.938900
7.998725 7.990940 681.800000 -4.066278 -10.503490
7.999471 7.997324 681.900000 -5.116627 -10.151826
8.001054 8.002588 682.000000 -6.131809 -9.369977
8.003544 8.006834 682.100000 -7.068807 -8.599004
8.006978 8.009934 682.200000 -7.928707 -7.636621
8.011340 8.012242 682.300000 -8.692369 -6.892966
8.016615 8.013657 682.400000 -9.381666 -5.944737
8.022730 8.014240 682.500000 -9.976140 -4.897393
8.029577 8.014139 682.600000 -10.465879 -3.828441
8.037020 8.013578 682.700000 -10.848723 -2.892015
8.044926 8.012641 682.800000 -11.137925 -1.798489
8.053125 8.011521 682.900000 -11.317773 -0.847907
8.061463 8.010351 683.000000 -11.402564 0.217344
8.069762 8.009281 683.100000 -11.380830 1.182221
8.077863 8.008514 683.200000 -11.262608 2.352290
8.085578 8.008113 683.300000 -11.027379 3.246172
8.092775 8.008351 683.400000 -10.702762 4.389678
8.099296 8.009336 683.500000 -10.263794 5.429923
8.105022 8.011365 683.600000 -9.720801 6.614940
8.109838 8.014245 683.700000 -9.059307 7.444375
8.113706 8.017725 683.800000 -8.314870 7.976096
8.116651 8.021771 683.900000 -7.517260 8.449227
8.118718 8.026741 684.000000 -6.672338 9.167743
8.119953 8.032413 684.100000 -5.755563 9.677954
8.120441 8.038807 684.200000 -4.787768 10.177172
8.120293 8.046065 684.300000 -3.770051 10.743815
8.119637 8.053939 684.400000 -2.695669 11.130239
8.118634 8.062189 684.500000 -1.582645 11.360811
8.117463 8.070775 684.600000 -0.446564 11.562830
8.116314 8.079295 684.700000 0.709719 11.525113
8.115383 8.087533 684.800000 1.862230 11.358203
8.114854 8.095505 684.900000 2.998051 11.197837
8.114907 8.102583 685.000000 4.117834 10.638452
8.115682 8.109410 685.100000 5.181679 10.476390
8.117329 8.115236 685.200000 6.229318 9.802067
8.119936 8.119969 685.300000 7.209525 9.005989
8.123549 8.123946 685.400000 8.110124 8.411980
8.128208 8.127052 685.500000 8.951322 7.670268
8.133909 8.129130 685.600000 9.718349 6.689447
8.140590 8.130113 685.700000 10.387294 5.454481
8.148116 8.130350 685.800000 10.932742 4.416416
8.156358 8.130031 685.900000 11.374383 3.447886
8.165178 8.129237 686.000000 11.719172 2.314974
8.174394 8.128126 686.100000 11.950669 1.008355
8.183785 8.126942 686.200000 12.051505 -0.056806
8.193162 8.125879 686.300000 12.045824 -1.290273
8.202312 8.125152 686.400000 11.916797 -2.504388
8.211028 8.125006 686.500000 11.666358 -3.773841
8.219112 8.125641 686.600000 11.288974 -4.996612
8.226390 8.127120 686.700000 10.789313 -6.047828
8.232743 8.129807 686.800000 10.184530 -7.291164
8.238051 8.133645 686.900000 9.455414 -8.306113
8.242265 8.138600 687.000000 8.624802 -9.184912
8.245387 8.144154 687.100000 7.706311 -9.623529
8.247496 8.150905 687.200000 6.743958 -10.444256
8.248659 8.158759 687.300000 5.699533 -11.147895
8.248988 8.167021 687.400000 4.584743 -11.398557
8.248651 8.176186 687.500000 3.444887 -11.932069
8.247820 8.185294 687.600000 2.251681 -11.900351
8.246703 8.194421 687.700000 1.061645 -11.913000
8.245505 8.203434 687.800000 -0.129655 -11.848879
8.244433 8.212549 687.900000 -1.314543 -11.909051
8.243690 8.221621 688.000000 -2.505448 -11.885887
8.243484 8.230227 688.100000 -3.694036 -11.614670
8.243999 8.237636 688.200000 -4.855503 -10.883612
8.245368 8.244026 688.300000 -5.943864 -10.219948
8.247694 8.249301 688.400000 -6.965859 -9.440555
8.251039 8.253559 688.500000 -7.909915 -8.668816
8.255434 8.256799 688.600000 -8.776796 -7.818291
8.260867 8.259098 688.700000 -9.558625 -6.941829
8.267298 8.260320 688.800000 -10.252808 -5.775124
8.274610 8.260582 688.900000 -10.830321 -4.487609
8.282640 8.260187 689.000000 -11.279082 -3.326913
8.291220 8.259364 689.100000 -11.611773 -2.276092
8.300185 8.258245 689.200000 -11.839382 -1.042039
8.309327 8.257047 689.300000 -11.943586 0.097971
8.318449 8.256045 689.400000 -11.933789 1.639481
8.327287 8.255431 689.500000 -11.769841 2.835825
8.335644 8.255140 689.600000 -11.486258 3.535807
8.343419 8.255536 689.700000 -11.132678 4.687131
8.350452 8.256809 689.800000 -10.663965 5.838249
8.356604 8.259195 689.900000 -10.080140 7.031342
8.361764 8.262583 690.000000 -9.377005 7.954312
8.365888 8.266993 690.100000 -8.581574 8.797961
8.368972 8.272402 690.200000 -7.701778 9.550791
8.371056 8.278920 690.300000 -6.746699 10.321513
8.372209 8.286522 690.400000 -5.714548 11.024552
8.372537 8.294634 690.500000 -4.612093 11.341055
8.372200 8.303752 690.600000 -3.477987 11.939585
8.371366 8.313646 690.700000 -2.284029 12.381165
8.370233 8.323594 690.800000 -1.045912 12.413552
8.369025 8.333237 690.900000 0.195443 12.243950
8.367960 8.342644 691.000000 1.419838 12.111475
8.367250 8.351562 691.100000 2.630986 11.830839
8.367091 8.359779 691.200000 3.814069 11.415122
8.367657 8.367027 691.300000 4.955582 10.814235
8.369082 8.373377 691.400000 6.037005 10.224884
8.371475 8.378816 691.500000 7.059494 9.590984
8.374913 8.383272 691.600000 8.018592 8.854585
8.379432 8.386583 691.700000 8.904051 7.910516
8.385014 8.388662 691.800000 9.695102 6.748481
8.391572 8.389734 691.900000 10.369950 5.622485
8.398994 8.389982 692.000000 10.932199 4.495466
8.407138 8.389608 692.100000 11.381745 3.406181
8.415848 8.388745 692.200000 11.722363 2.197298
8.424931 8.387672 692.300000 11.942093 1.388167
8.434252 8.386463 692.400000 12.080910 0.152219
8.443597 8.385354 692.500000 12.096132 -1.192391
8.452732 8.384654 692.600000 11.976893 -2.657019
8.461410 8.384491 692.700000 11.711191 -3.810097
8.469453 8.384938 692.800000 11.330181 -4.792320
8.476726 8.386103 692.900000 10.850949 -5.736574
8.483122 8.388224 693.000000 10.277292 -6.795064
8.488543 8.391358 693.100000 9.597785 -7.761145
8.492931 8.395501 693.200000 8.821671 -8.615733
8.496275 8.400938 693.300000 7.960097 -9.601342
8.498583 8.407556 693.400000 6.999963 -10.421125
8.499916 8.414927 693.500000 5.957851 -10.911827
8.500398 8.423236 693.600000 4.866668 -11.493413
8.500169 8.432214 693.700000 3.717327 -11.892290
8.499404 8.441544 693.800000 2.528098 -12.097408
8.498305 8.451459 693.900000 1.318357 -12.430247
8.497081 8.461638 694.000000 0.075332 -12.577988
8.495958 8.471652 694.100000 -1.182467 -12.488336
8.495160 8.481396 694.200000 -2.431300 -12.338781
8.494904 8.490285 694.300000 -3.665178 -11.849450
8.495374 8.498076 694.400000 -4.850123 -11.189487
8.496716 8.504991 694.500000 -5.969072 -10.632565
8.499052 8.510937 694.600000 -7.032329 -9.980946
8.502469 8.515537 694.700000 -8.030423 -8.996979
8.506984 8.518625 694.800000 -8.930121 -7.742488
8.512535 8.520230 694.900000 -9.704370 -6.273383
8.518989 8.521042 695.000000 -10.331708 -5.322695
8.526252 8.521039 695.100000 -10.863978 -4.122516
8.534170 8.520458 695.200000 -11.276229 -2.993456
8.542577 8.519379 695.300000 -11.575575 -1.426274
8.551220 8.518157 695.400000 -11.718202 -0.194691
8.559894 8.517035 695.500000 -11.737671 1.198791
8.568364 8.516178 695.600000 -11.617792 2.260696
8.576458 8.515744 695.700000 -11.391723 3.315030
8.584015 8.515794 695.800000 -11.060220 4.210467
8.590913 8.516615 695.900000 -10.639173 5.334089
8.597015 8.518164 696.000000 -10.105764 6.212997
8.602240 8.520537 696.100000 -9.484465 7.076764
8.606536 8.523906 696.200000 -8.776788 7.997476
8.609869 8.528143 696.300000 -7.977041 8.721502
8.612257 8.533371 696.400000 -7.104890 9.480554
8.613741 8.539366 696.500000 -6.156835 10.029271
8.614411 8.546075 696.600000 -5.153908 10.514931
8.614383 8.553420 696.700000 -4.102415 10.929445
8.613796 8.561259 696.800000 -3.009470 11.240903
8.612815 8.569297 696.900000 -1.885380 11.365300
8.611620 8.577725 697.000000 -0.748850 11.603859
8.610397 8.586245 697.100000 0.411536 11.660013
8.609341 8.594841 697.200000 1.577537 11.707083
8.608648 8.603148 697.300000 2.748245 11.534711
8.608505 8.610905 697.400000 3.901717 11.199292
8.609078 8.617932 697.500000 5.021646 10.735807
8.610507 8.623918 697.600000 6.095226 10.038510
8.612884 8.628968 697.700000 7.099077 9.365851
8.616276 8.633025 697.800000 8.035663 8.595730
8.620709 8.635883 697.900000 8.895236 7.560316
8.626146 8.637658 698.000000 9.651267 6.485386
8.632508 8.638576 698.100000 10.299806 5.485215
8.639698 8.638700 698.200000 10.848327 4.360809
8.647577 8.638220 698.300000 11.284408 3.250473
8.655987 8.637278 698.400000 11.609455 2.030549
8.664735 8.636096 698.500000 11.812510 0.870588
8.673628 8.634875 698.600000 11.899569 -0.459114
8.682440 8.633923 698.700000 11.853658 -1.992462
8.690915 8.633363 698.800000 11.654412 -3.071059
8.698882 8.633473 698.900000 11.347306 -4.337032
8.706156 8.634323 699.000000 10.913603 -5.398874
8.712607 8.636241 699.100000 10.373715 -6.639736
8.718102 8.639207 699.200000 9.709742 -7.665197
8.722573 8.643337 699.300000 8.943222 -8.663646
8.725989 8.648367 699.400000 8.076857 -9.362468
8.728386 8.654571 699.500000 7.140610 -10.202966
8.729815 8.662327 699.600000 6.120314 -11.218096
8.730353 8.670767 699.700000 4.998504 -11.638525
8.730156 8.679777 699.800000 3.834652 -11.977162
8.729406 8.689142 699.900000 2.636935 -12.185010
8.728302 8.698589 700.000000 1.418435 -12.233429
8.727059 8.708523 700.100000 0.195092 -12.510488
8.725892 8.718082 700.200000 -1.055957 -12.300132
8.725019 8.727266 700.300000 -2.285970 -12.086857
8.724645 8.735396 700.400000 -3.494656 -11.461001
8.724937 8.742730 700.500000 -4.640756 -10.965002
8.726041 8.749303 700.600000 -5.737256 -10.469274
8.728079 8.755041 700.700000 -6.784184 -9.895823
8.731145 8.759725 700.800000 -7.773766 -9.119159
8.735280 8.763326 700.900000 -8.685682 -8.246785
8.740485 8.765775 701.000000 -9.510360 -7.201633
8.746702 8.767051 701.100000 -10.230524 -5.952288
8.753810 8.767605 701.200000 -10.825753 -5.030737
8.761711 8.767586 701.300000 -11.328826 -4.154781
8.770293 8.766982 701.400000 -11.744304 -3.011807
8.779383 8.765990 701.500000 -12.045485 -1.899211
8.788799 8.764771 701.600000 -12.235406 -0.647779
8.798326 8.763550 701.700000 -12.300184 0.633397
8.807739 8.762546 701.800000 -12.236844 1.851605
8.816830 8.762184 701.900000 -12.051684 3.527562
8.825321 8.762472 702.000000 -11.698928 4.644820
8.833051 8.763519 702.100000 -11.234446 5.676312
8.839894 8.765404 702.200000 -10.666815 6.633405
8.845758 8.768461 702.300000 -10.003474 7.776585
8.850557 8.772827 702.400000 -9.225816 8.881304
8.854245 8.778608 702.500000 -8.337685 9.938949
8.856822 8.785630 702.600000 -7.343790 10.781868
8.858355 8.793174 702.700000 -6.265603 11.117674
8.858984 8.801117 702.800000 -5.153836 11.369144
8.858872 8.809818 702.900000 -4.016922 11.829503
8.858183 8.818860 703.000000 -2.833971 12.031633
8.857112 8.828118 703.100000 -1.630808 12.159569
8.855865 8.837364 703.200000 -0.414851 12.153552
8.854652 8.846591 703.300000 0.800504 12.143815
8.853681 8.854745 703.400000 2.014886 11.507367
8.853135 8.861902 703.500000 3.165622 10.882243
8.853163 8.868306 703.600000 4.253847 10.385723
8.853895 8.873692 703.700000 5.292419 9.671829
8.855420 8.878073 703.800000 6.259602 8.911842
8.857794 8.881681 703.900000 7.150786 8.280137
8.861057 8.884392 704.000000 7.978800 7.479243
8.865206 8.886332 704.100000 8.726724 6.715119
8.870218 8.887359 704.200000 9.398236 5.678073
8.876008 8.887649 704.300000 9.966043 4.674344
8.882474 8.887385 704.400000 10.433478 3.749832
8.889504 8.886633 704.500000 10.808461 2.679860
8.896947 8.885523 704.600000 11.076447 1.459699
8.904620 8.884270 704.700000 11.222417 0.315175
8.912340 8.883095 704.800000 11.253934 -1.099604
8.919883 8.882188 704.900000 11.143974 -2.231368
8.927076 8.881618 705.000000 10.920837 -3.118702
8.933790 8.881654 705.100000 10.608967 -4.273629
8.939872 8.882572 705.200000 10.181604 -5.542143
8.945175 8.884352 705.300000 9.627390 -6.547999
8.949612 8.887174 705.400000 8.972590 -7.589070
8.953125 8.891206 705.500000 8.213683 -8.641447
8.955683 8.896108 705.600000 7.349538 -9.325775
8.957331 8.901785 705.700000 6.416961 -9.895317
8.958149 8.908137 705.800000 5.427429 -10.367538
8.958245 8.914985 705.900000 4.390675 -10.701157
8.957757 8.922251 706.000000 3.320560 -10.974199
8.956839 8.929826 706.100000 2.223140 -11.173338
8.955657 8.937749 706.200000 1.105806 -11.392041
8.954390 8.946169 706.300000 -0.033398 -11.697125
8.953225 8.954349 706.400000 -1.203111 -11.553156
8.952351 8.961915 706.500000 -2.358426 -11.173250
8.951939 8.968826 706.600000 -3.475751 -10.751640
8.952138 8.974830 706.700000 -4.550915 -10.139898
8.953062 8.980391 706.800000 -5.564905 -9.826615
8.954827 8.985100 706.900000 -6.547567 -9.194812
8.957503 8.989341 707.000000 -7.467048 -8.828621
8.961166 8.992690 707.100000 -8.349910 -8.083925
8.965828 8.995075 707.200000 -9.158303 -7.191895
8.971457 8.996413 707.300000 -9.877492 -6.076863
8.977958 8.996926 707.400000 -10.485178 -5.025336
8.985221 8.996574 707.500000 -10.987712 -3.606413
8.993050 8.995761 707.600000 -11.348353 -2.546618
9.001290 8.994595 707.700000 -11.603015 -1.221037
9.009728 8.993327 707.800000 -11.725119 -0.192631
9.018197 8.992145 707.900000 -11.744382 1.115582
9.026478 8.991229 708.000000 -11.632824 2.239196
9.034394 8.990675 708.100000 -11.408904 3.184022
9.041801 8.990742 708.200000 -11.090502 4.349635
9.048538 8.991398 708.300000 -10.655538 5.223427
9.054508 8.992912 708.400000 -10.133196 6.279784
9.059605 8.995295 708.500000 -9.505217 7.193791
9.063773 8.998678 708.600000 -8.785838 8.120582
9.066979 9.003117 708.700000 -7.973780 8.996095
9.069230 9.008811 708.800000 -7.074170 9.936626
9.070558 9.015019 708.900000 -6.080508 10.297460
9.071077 9.022042 709.000000 -5.050762 10.846055
9.070907 9.029800 709.100000 -3.966156 11.317468
9.070195 9.038045 709.200000 -2.834409 11.619779
9.069113 9.046302 709.300000 -1.672431 11.628563
9.067853 9.054639 709.400000 -0.509575 11.678818
9.066606 9.063018 709.500000 0.658307 11.705994
9.065564 9.071122 709.600000 1.828906 11.539229
9.064914 9.078614 709.700000 2.982829 11.157587
9.064820 9.085302 709.800000 4.098588 10.635864
9.065420 9.091601 709.900000 5.162174 10.373660
9.066850 9.097194 710.000000 6.199540 9.880276
9.069210 9.101757 710.100000 7.187567 9.110312
9.072550 9.104922 710.200000 8.098599 7.947867
9.076840 9.107016 710.300000 8.893385 6.925454
9.082029 9.108129 710.400000 9.585931 5.833406
9.088027 9.108447 710.500000 10.169271 4.769219
9.094722 9.108113 710.600000 10.646193 3.668869
9.101975 9.107296 710.700000 11.013080 2.570929
9.109628 9.106122 710.800000 11.270173 1.234021
9.117476 9.104848 710.900000 11.393575 0.307589
9.125370 9.103636 711.000000 11.424334 -0.981948
9.133106 9.102650 711.100000 11.326139 -2.047192
9.140516 9.101994 711.200000 11.121420 -2.978152
9.147465 9.101799 711.300000 10.823605 -3.928098
9.153825 9.102278 711.400000 10.430795 -5.001483
9.159468 9.103458 711.500000 9.930647 -5.916842
9.164309 9.105375 711.600000 9.338962 -6.744246
9.168295 9.108306 711.700000 8.664538 -7.742101
9.171380 9.112078 711.800000 7.890328 -8.480613
9.173574 9.116603 711.900000 7.042267 -9.091944
9.174927 9.121661 712.000000 6.133072 -9.501088
9.175525 9.127582 712.100000 5.182963 -10.128123
9.175457 9.133934 712.200000 4.170151 -10.427845
9.174856 9.140809 712.300000 3.127366 -10.781015
9.173863 9.147585 712.400000 2.049265 -10.715896
9.172642 9.154216 712.500000 0.977675 -10.621287
9.171356 9.160682 712.600000 -0.084453 -10.510729
9.170160 9.166699 712.700000 -1.135526 -10.202478
9.169199 9.172583 712.800000 -2.155774 -10.111061
9.168617 9.178103 712.900000 -3.166880 -9.851524
9.168540 9.183031 713.000000 -4.152033 -9.415078
9.169073 9.187153 713.100000 -5.093540 -8.784204
9.170287 9.190499 713.200000 -5.971961 -8.130799
9.172229 9.193281 713.300000 -6.785041 -7.620567
9.174935 9.195246 713.400000 -7.547097 -6.814156
9.178393 9.196612 713.500000 -8.228513 -6.154802
9.182587 9.197273 713.600000 -8.843993 -5.275551
9.187452 9.197270 713.700000 -9.371548 -4.282622
9.192891 9.196708 713.800000 -9.799811 -3.221352
9.198778 9.195710 713.900000 -10.121946 -2.033776
9.204955 9.194510 714.000000 -10.325323 -1.123960
9.211293 9.193223 714.100000 -10.437719 -0.014726
9.217632 9.191999 714.200000 -10.439192 0.949240
9.223831 9.190901 714.300000 -10.344268 1.642725
9.229792 9.190015 714.400000 -10.179996 2.391303
9.235415 9.189526 714.500000 -9.940865 3.375799
9.240574 9.189461 714.600000 -9.603285 4.177137
9.245184 9.189944 714.700000 -9.185572 5.027728
9.249163 9.190923 714.800000 -8.682799 5.690442
9.252473 9.192509 714.900000 -8.113755 6.408059
9.255084 9.194578 715.000000 -7.472949 6.926621
9.257004 9.197188 715.100000 -6.780287 7.464077
9.258255 9.200397 715.200000 -6.033879 8.019220
9.258874 9.204225 715.300000 -5.231957 8.553776
9.258918 9.208501 715.400000 -4.376579 8.922162
9.258473 9.213334 715.500000 -3.484363 9.358830
9.257633 9.218592 715.600000 -2.548480 9.679098
9.256514 9.224287 715.700000 -1.580570 9.998270
9.255245 9.230020 715.800000 -0.580743 10.026717
9.253965 9.235846 715.900000 0.421928 10.094295
9.252815 9.241374 716.000000 1.431358 9.881545
9.251932 9.246479 716.100000 2.419512 9.571057
9.251436 9.250891 716.200000 3.376618 9.038535
9.251424 9.255022 716.300000 4.280472 8.814571
9.251992 9.258502 716.400000 5.161929 8.268392
9.253203 9.261415 716.500000 5.988768 7.763632
9.255105 9.263385 716.600000 6.765131 6.837837
9.257684 9.264814 716.700000 7.448915 6.246596
9.260939 9.265641 716.800000 8.073574 5.512146
9.264835 9.265769 716.900000 8.624789 4.512717
9.269287 9.265397 717.000000 9.076061 3.633393
9.274206 9.264795 717.100000 9.439400 3.146219
9.279545 9.263837 717.200000 9.754022 2.185402
9.285183 9.262638 717.300000 9.972562 1.150640
9.290980 9.261349 717.400000 10.087626 0.184566
9.296802 9.260089 717.500000 10.106083 -0.664762
9.302528 9.259002 717.600000 10.039607 -1.707617
9.308016 9.258280 717.700000 9.868845 -2.853950
9.313116 9.257942 717.800000 9.583450 -3.696834
9.317731 9.257946 717.900000 9.213766 -4.309677
9.321805 9.258526 718.000000 8.782799 -5.180943
9.325262 9.259849 718.100000 8.264704 -6.126236
9.328040 9.261796 718.200000 7.652081 -6.818180
9.330123 9.264485 718.300000 6.970263 -7.560174
9.331511 9.267905 718.400000 6.214246 -8.226679
9.332235 9.271753 718.500000 5.391578 -8.592717
9.332366 9.276140 718.600000 4.532306 -9.033247
9.331984 9.281040 718.700000 3.628981 -9.433607
9.331187 9.286420 718.800000 2.685621 -9.793754
9.330092 9.291619 718.900000 1.706245 -9.661390
9.328833 9.296870 719.000000 0.740106 -9.700596
9.327539 9.302318 719.100000 -0.229953 -9.846297
9.326345 9.307434 719.200000 -1.214583 -9.602527
9.325377 9.312321 719.300000 -2.174836 -9.430463
9.324757 9.316634 719.400000 -3.117882 -8.982366
9.324582 9.320347 719.500000 -4.016119 -8.489922
9.324930 9.323653 719.600000 -4.865111 -8.137384
9.325875 9.326013 719.700000 -5.678849 -7.253930
9.327428 9.327690 719.800000 -6.404242 -6.542057
9.329593 9.328869 719.900000 -7.058448 -5.970171
9.332366 9.329540 720.000000 -7.655465 -5.321141
9.335724 9.329542 720.100000 -8.187579 -4.323421
9.339586 9.329148 720.200000 -8.619921 -3.603763
9.343887 9.328368 720.300000 -8.980298 -2.723483
9.348531 9.327284 720.400000 -9.252646 -1.740993
9.353400 9.326036 720.500000 -9.426745 -0.822285
9.358375 9.324744 720.600000 -9.508974 0.144822
9.363330 9.323563 720.700000 -9.494491 1.276754
9.368116 9.322602 720.800000 -9.366816 2.187135
9.372621 9.321918 720.900000 -9.148103 2.963826
9.376754 9.321795 721.000000 -8.851720 4.107893
9.380393 9.322166 721.100000 -8.440931 4.898000
9.383475 9.323144 721.200000 -7.951131 5.723531
9.385948 9.324779 721.300000 -7.378778 6.498418
9.387785 9.326970 721.400000 -6.728936 7.090016
9.388995 9.329447 721.500000 -6.019934 7.375850
9.389627 9.332595 721.600000 -5.282349 8.006403
9.389718 9.336585 721.700000 -4.481709 8.732677
9.389319 9.341015 721.800000 -3.608441 9.090376
9.388523 9.345596 721.900000 -2.699404 9.210571
9.387442 9.350226 722.000000 -1.778346 9.249240
9.386193 9.355077 722.100000 -0.853422 9.422126
9.384894 9.359656 722.200000 0.088790 9.211629
9.383665 9.364270 722.300000 1.009953 9.240010
9.382625 9.368379 722.400000 1.933954 8.838225
9.381876 9.372209 722.500000 2.817776 8.607128
9.381514 9.375687 722.600000 3.678489 8.307810
9.381623 9.378495 722.700000 4.509270 7.703447
9.382253 9.380637 722.800000 5.279615 7.051460
9.383432 9.381986 722.900000 5.984761 6.186126
9.385150 9.382774 723.000000 6.603374 5.491396
9.387389 9.383095 723.100000 7.152513 4.838103
9.390122 9.382983 723.200000 7.636323 4.141885
9.393304 9.382466 723.300000 8.050512 3.358907
9.396866 9.381618 723.400000 8.386403 2.546836
9.400727 9.380551 723.500000 8.641086 1.825806
9.404807 9.379309 723.600000 8.823667 0.881665
9.408994 9.378014 723.700000 8.911833 -0.127980
9.413164 9.376795 723.800000 8.899035 -1.049475
9.417205 9.375773 723.900000 8.794088 -1.987824
9.421006 9.375045 724.000000 8.595306 -2.866832
9.424471 9.374747 724.100000 8.308622 -3.799284
9.427509 9.374974 724.200000 7.928694 -4.693753
9.430048 9.375559 724.300000 7.459319 -5.218441
9.432068 9.376478 724.400000 6.937475 -5.662137
9.433568 9.377789 724.500000 6.371261 -6.144142
9.434553 9.379957 724.600000 5.756847 -7.084338
9.435009 9.382947 724.700000 5.048413 -7.880470
9.434959 9.386500 724.800000 4.260366 -8.382671
9.434466 9.390275 724.900000 3.422099 -8.574473
9.433618 9.394200 725.000000 2.564651 -8.700347
9.432515 9.398491 725.100000 1.694617 -9.001673
9.431258 9.402745 725.200000 0.794449 -8.972308
9.429959 9.407112 725.300000 -0.102781 -9.063800
9.428729 9.411213 725.400000 -1.009161 -8.850033
9.427677 9.415086 725.500000 -1.894165 -8.661924
9.426903 9.418610 725.600000 -2.760357 -8.365082
9.426495 9.421581 725.700000 -3.596865 -7.871771
9.426521 9.423834 725.800000 -4.384042 -7.180026
9.427015 9.425502 725.900000 -5.102045 -6.563182
9.428000 9.426676 726.000000 -5.758363 -5.990788
9.429485 9.427371 726.100000 -6.357442 -5.380449
9.431460 9.427665 726.200000 -6.895487 -4.809108
9.433906 9.427350 726.300000 -7.376398 -3.778178
9.436746 9.426629 726.400000 -7.754216 -2.895534
9.439900 9.425579 726.500000 -8.043769 -1.895410
9.443265 9.424368 726.600000 -8.233310 -1.121958
9.446757 9.423075 726.700000 -8.345506 -0.213846
9.450273 9.421824 726.800000 -8.366890 0.814824
9.453694 9.420733 726.900000 -8.285408 1.726843
9.456920 9.419801 727.000000 -8.112724 2.298361
9.459892 9.419112 727.100000 -7.882888 2.970368
9.462547 9.418705 727.200000 -7.585851 3.593928
9.464836 9.418769 727.300000 -7.226458 4.445659
9.466696 9.419371 727.400000 -6.781892 5.253839
9.468085 9.420515 727.500000 -6.256508 5.957196
9.468986 9.422429 727.600000 -5.660789 6.833602
9.469387 9.424989 727.700000 -4.977428 7.490097
9.469314 9.427884 727.800000 -4.228419 7.810388
9.468829 9.431327 727.900000 -3.447380 8.305545
9.467999 9.435104 728.000000 -2.616825 8.594057
9.466911 9.438926 728.100000 -1.757420 8.633184
9.465666 9.442994 728.200000 -0.894101 8.839253
9.464366 9.446908 728.300000 -0.010176 8.712843
9.463118 9.450567 728.400000 0.861108 8.497540
9.462020 9.453824 728.500000 1.710862 8.146074
9.461159 9.456886 728.600000 2.525470 7.970718
9.460619 9.459549 728.700000 3.322541 7.597517
9.460464 9.461832 728.800000 4.082293 7.225316
9.460749 9.463695 728.900000 4.804825 6.788272
9.461514 9.465102 729.000000 5.483652 6.281320
9.462778 9.466090 729.100000 6.111784 5.774064
9.464548 9.466389 729.200000 6.689190 4.825783
9.466776 9.466359 729.300000 7.171769 4.299925
9.469439 9.465968 729.400000 7.601761 3.638834
9.472490 9.465283 729.500000 7.965645 2.987576
9.475872 9.464273 729.600000 8.264402 2.049614
9.479488 9.463078 729.700000 8.469364 1.217681
9.483245 9.461795 729.800000 8.591132 0.439013
9.487053 9.460522 729.900000 8.635033 -0.580792
9.490791 9.459370 730.000000 8.576954 -1.448162
9.494360 9.458428 730.100000 8.432138 -2.271997
9.497669 9.457791 730.200000 8.204938 -3.102246
9.500636 9.457599 730.300000 7.894713 -4.012651
9.503178 9.457888 730.400000 7.493448 -4.810287
9.505243 9.458610 730.500000 7.012420 -5.428806
9.506806 9.459814 730.600000 6.469539 -6.042027
9.507859 9.461428 730.700000 5.865336 -6.520473
9.508417 9.463586 730.800000 5.213289 -7.103313
9.508504 9.466319 730.900000 4.502958 -7.673773
9.508157 9.469560 731.000000 3.735580 -8.143783
9.507440 9.473372 731.100000 2.921202 -8.642237
9.506430 9.477384 731.200000 2.056978 -8.810697
9.505224 9.481645 731.300000 1.175909 -9.015683
9.503930 9.485927 731.400000 0.274341 -9.033998
9.502658 9.490184 731.500000 -0.629059 -9.014420
9.501520 9.494081 731.600000 -1.530501 -8.718211
9.500615 9.497756 731.700000 -2.402322 -8.530690
9.500041 9.501272 731.800000 -3.255391 -8.394319
9.499889 9.504596 731.900000 -4.094823 -8.226013
9.500243 9.507652 732.000000 -4.917425 -7.984762
9.501176 9.510282 732.100000 -5.715901 -7.585044
9.502741 9.512189 732.200000 -6.474405 -6.851328
9.504943 9.513447 732.300000 -7.159538 -6.120014
9.507768 9.514025 732.400000 -7.771540 -5.244197
9.511167 9.514096 732.500000 -8.295959 -4.478654
9.515086 9.513679 732.600000 -8.743825 -3.593875
9.519442 9.512910 732.700000 -9.103212 -2.787513
9.524148 9.511882 732.800000 -9.381963 -1.989128
9.529110 9.510659 732.900000 -9.580876 -1.043686
9.534208 9.509371 733.000000 -9.685245 -0.375113
9.539355 9.508086 733.100000 -9.722756 0.407546
9.544445 9.506925 733.200000 -9.682001 1.410634
9.549350 9.506022 733.300000 -9.540938 2.402203
9.553945 9.505616 733.400000 -9.300718 3.613764
9.558089 9.505907 733.500000 -8.939341 4.824119
9.561660 9.506617 733.600000 -8.456929 5.426150
9.564625 9.507711 733.700000 -7.914315 5.921706
9.566974 9.509470 733.800000 -7.322144 6.695063
9.568686 9.511919 733.900000 -6.652638 7.414416
9.569762 9.514826 734.000000 -5.911196 7.855197
9.570248 9.518561 734.100000 -5.125676 8.594916
9.570184 9.523095 734.200000 -4.266185 9.253944
9.569641 9.527692 734.300000 -3.340790 9.303982
9.568733 9.532425 734.400000 -2.410392 9.411960
9.567578 9.537513 734.500000 -1.469196 9.685761
9.566293 9.542711 734.600000 -0.500620 9.769708
9.565006 9.547974 734.700000 0.476351 9.820279
9.563849 9.552931 734.800000 1.458379 9.589476
9.562946 9.557656 734.900000 2.417326 9.410849
9.562412 9.561934 735.000000 3.358411 9.055592
9.562348 9.565883 735.100000 4.263971 8.785560
9.562846 9.569042 735.200000 5.142527 8.099024
9.563954 9.571509 735.300000 5.952429 7.444868
9.565703 9.573321 735.400000 6.696916 6.766715
9.568098 9.574622 735.500000 7.373587 6.187367
9.571139 9.575358 735.600000 7.992324 5.475531
9.574794 9.575322 735.700000 8.539877 4.316374
9.578961 9.574734 735.800000 8.971514 3.239821
9.583530 9.573846 735.900000 9.295497 2.463476
9.588412 9.572683 736.000000 9.541844 1.425200
9.593479 9.571391 736.100000 9.684364 0.353127
9.598592 9.570105 736.200000 9.719677 -0.448059
9.603644 9.568918 736.300000 9.674871 -1.288581
9.608526 9.567935 736.400000 9.546013 -2.157733
9.613131 9.567161 736.500000 9.330240 -2.780199
9.617388 9.566753 736.600000 9.052220 -3.622837
9.621207 9.566880 736.700000 8.689936 -4.583065
9.624499 9.567389 736.800000 8.231629 -5.160789
9.627232 9.568518 736.900000 7.715551 -5.981899
9.629362 9.570328 737.000000 7.117361 -6.768412
9.630869 9.572876 737.100000 6.440519 -7.531188
9.631756 9.576021 737.200000 5.687401 -8.093876
9.632064 9.579896 737.300000 4.878013 -8.735277
9.631845 9.584170 737.400000 4.004485 -9.066385
9.631189 9.588829 737.500000 3.097847 -9.375775
9.630200 9.593978 737.600000 2.160269 -9.754218
9.628990 9.599484 737.700000 1.184848 -10.021455
9.627687 9.604942 737.800000 0.182702 -9.987640
9.626428 9.609953 737.900000 -0.816062 -9.652347
9.625339 9.614639 738.000000 -1.781297 -9.402299
9.624536 9.619141 738.100000 -2.721527 -9.256984
9.624134 9.623329 738.200000 -3.647225 -9.003941
9.624231 9.626826 738.300000 -4.547619 -8.419659
9.624894 9.629896 738.400000 -5.389585 -8.037943
9.626188 9.632252 738.500000 -6.193379 -7.352729
9.628134 9.633934 738.600000 -6.928652 -6.641242
9.630732 9.635068 738.700000 -7.592776 -6.002114
9.633971 9.635772 738.800000 -8.192988 -5.447965
9.637833 9.635904 738.900000 -8.737784 -4.606068
9.642253 9.635498 739.000000 -9.198391 -3.642231
9.647134 9.634663 739.100000 -9.562614 -2.633688
9.652359 9.633573 739.200000 -9.825983 -1.773503
9.657820 9.632299 739.300000 -10.003333 -0.650446
9.663368 9.631002 739.400000 -10.068378 0.304002
9.668874 9.629849 739.500000 -10.037978 1.485775
9.674177 9.629081 739.600000 -9.889400 2.808460
9.679109 9.628700 739.700000 -9.608554 3.690971
9.683570 9.628864 739.800000 -9.239457 4.657848
9.687463 9.629576 739.900000 -8.773672 5.458071
9.690727 9.630947 740.000000 -8.227865 6.288534
9.693319 9.632956 740.100000 -7.599012 7.000262
9.695224 9.635662 740.200000 -6.898986 7.702689
9.696451 9.639271 740.300000 -6.128717 8.527273
9.697021 9.643375 740.400000 -5.275990 8.947802
9.697008 9.648452 740.500000 -4.381209 9.720538
9.696483 9.653868 740.600000 -3.409156 9.975948
9.695567 9.659471 740.700000 -2.411561 10.115438
9.694390 9.665114 740.800000 -1.400017 10.145945
9.693092 9.670506 740.900000 -0.385422 9.962332
9.691809 9.675696 741.000000 0.610811 9.811441
9.690673 9.680597 741.100000 1.591955 9.591568
9.689804 9.685545 741.200000 2.551112 9.629650
9.689330 9.690030 741.300000 3.514077 9.266573
9.689353 9.694058 741.400000 4.440734 8.894277
9.689962 9.697560 741.500000 5.330162 8.445652
9.691226 9.700607 741.600000 6.174727 8.037520
9.693202 9.703002 741.700000 6.978479 7.411567
9.695912 9.704595 741.800000 7.719636 6.561205
9.699332 9.705541 741.900000 8.375756 5.782571
9.703427 9.705883 742.000000 8.954013 4.949436
9.708135 9.705684 742.100000 9.448957 4.056423
9.713368 9.704993 742.200000 9.854599 3.026000
9.719008 9.703931 742.300000 10.157199 1.905562
9.724910 9.702676 742.400000 10.347755 0.879997
9.730933 9.701369 742.500000 10.435755 -0.007342
9.736953 9.700156 742.600000 10.435021 -1.173423
9.742808 9.699198 742.700000 10.317679 -2.272776
9.748349 9.698546 742.800000 10.090401 -3.117007
9.753472 9.698541 742.900000 9.778700 -4.396156
9.758028 9.699201 743.000000 9.339085 -5.403928
9.761924 9.700394 743.100000 8.798692 -6.094012
9.765121 9.702465 743.200000 8.189291 -7.083691
9.767572 9.705340 743.300000 7.480922 -7.883383
9.769270 9.708845 743.400000 6.692583 -8.458358
9.770255 9.712972 743.500000 5.846748 -8.988472
9.770587 9.717734 743.600000 4.947900 -9.499947
9.770348 9.722889 743.700000 3.997906 -9.803903
9.769647 9.728407 743.800000 3.017515 -10.076920
9.768605 9.733941 743.900000 2.009823 -10.090039
9.767360 9.739484 744.000000 1.000819 -10.097253
9.766047 9.745054 744.100000 -0.008906 -10.118767
9.764805 9.750560 744.200000 -1.020783 -10.072143
9.763770 9.756068 744.300000 -2.027997 -10.074988
9.763077 9.761330 744.400000 -3.035496 -9.892787
9.762853 9.766256 744.500000 -4.024774 -9.637326
9.763213 9.770463 744.600000 -4.988507 -9.065476
9.764235 9.773994 744.700000 -5.895055 -8.493818
9.765978 9.776613 744.800000 -6.744436 -7.653263
9.768452 9.778316 744.900000 -7.509763 -6.702660
9.771631 9.779266 745.000000 -8.180029 -5.806204
9.775469 9.779504 745.100000 -8.760649 -4.806753
9.779887 9.779255 745.200000 -9.241324 -3.980063
9.784808 9.778496 745.300000 -9.639331 -2.873063
9.790104 9.777416 745.400000 -9.926637 -1.857133
9.795649 9.776130 745.500000 -10.112350 -0.619082
9.801276 9.774828 745.600000 -10.174259 0.368445
9.806851 9.773652 745.700000 -10.137414 1.414482
9.812235 9.772726 745.800000 -9.995966 2.395765
9.817299 9.772139 745.900000 -9.756389 3.283500
9.821940 9.772091 746.000000 -9.428040 4.339808
9.826044 9.772556 746.100000 -8.994059 5.146306
9.829545 9.773651 746.200000 -8.479428 5.990262
9.832388 9.775331 746.300000 -7.880402 6.680176
9.834555 9.777656 746.400000 -7.212384 7.366211
9.836046 9.780538 746.500000 -6.475763 7.911081
9.836893 9.783867 746.600000 -5.684655 8.323556
9.837152 9.787578 746.700000 -4.852300 8.660361
9.836898 9.791668 746.800000 -3.986264 8.981184
9.836220 9.795843 746.900000 -3.088145 9.053161
9.835222 9.800127 747.000000 -2.182829 9.143396
9.834014 9.804617 747.100000 -1.268489 9.311483
9.832705 9.809337 747.200000 -0.337341 9.494930
9.831415 9.813659 747.300000 0.612152 9.177531
9.830256 9.817898 747.400000 1.529905 9.110536
9.829340 9.821700 747.500000 2.440959 8.744939
9.828760 9.825240 747.600000 3.315452 8.519770
9.828607 9.828214 747.700000 4.167429 8.008152
9.828943 9.830457 747.800000 4.968245 7.294431
9.829799 9.832232 747.900000 5.697688 6.798102
9.831203 9.833311 748.000000 6.377498 5.983709
9.833142 9.833914 748.100000 6.975869 5.357066
9.835598 9.833909 748.200000 7.511575 4.424931
9.838510 9.833447 748.300000 7.954069 3.571759
9.841810 9.832654 748.400000 8.311244 2.792972
9.845424 9.831657 748.500000 8.590542 2.177302
9.849291 9.830429 748.600000 8.808272 1.127979
9.853290 9.829117 748.700000 8.921070 0.045371
9.857293 9.827827 748.800000 8.925607 -0.579945
9.861226 9.826631 748.900000 8.867612 -1.319193
9.865003 9.825556 749.000000 8.735693 -1.884370
9.868562 9.824698 749.100000 8.547256 -2.606462
9.871827 9.824171 749.200000 8.286610 -3.428189
9.874720 9.823928 749.300000 7.943791 -4.001271
9.877199 9.824077 749.400000 7.543664 -4.677355
9.879221 9.824675 749.500000 7.075928 -5.350078
9.880757 9.825725 749.600000 6.540921 -5.949151
9.881797 9.827211 749.700000 5.946006 -6.475099
9.882351 9.829281 749.800000 5.298496 -7.120227
9.882435 9.831782 749.900000 4.586473 -7.561612
9.882096 9.834674 750.000000 3.830312 -7.940249
9.881393 9.838136 750.100000 3.036287 -8.462235
9.880396 9.841986 750.200000 2.190063 -8.801113
9.879193 9.845664 750.300000 1.309952 -8.653638
9.877890 9.849229 750.400000 0.444588 -8.555880
9.876585 9.852767 750.500000 -0.411000 -8.532107
9.875376 9.856093 750.600000 -1.264210 -8.345859
9.874354 9.858970 750.700000 -2.098796 -7.931142
9.873596 9.861410 750.800000 -2.891911 -7.507540
9.873165 9.863318 750.900000 -3.642665 -6.955675
9.873103 9.864917 751.000000 -4.338232 -6.614701
9.873453 9.866305 751.100000 -4.999702 -6.370288
9.874253 9.867090 751.200000 -5.636731 -5.615140
9.875495 9.867562 751.300000 -6.198245 -5.178923
9.877182 9.867637 751.400000 -6.716137 -4.568118
9.879291 9.867272 751.500000 -7.172949 -3.774743
9.881769 9.866511 751.600000 -7.550423 -2.879837
9.884540 9.865462 751.700000 -7.838407 -1.991285
9.887522 9.864233 751.800000 -8.037536 -1.113285
9.890622 9.862926 751.900000 -8.148864 -0.262681
9.893750 9.861650 752.000000 -8.175132 0.733723
9.896798 9.860487 752.100000 -8.101760 1.491346
9.899686 9.859550 752.200000 -7.952625 2.372205
9.902326 9.858874 752.300000 -7.715405 3.089053
9.904655 9.858550 752.400000 -7.406500 3.853030
9.906614 9.858732 752.500000 -7.021197 4.738880
9.908145 9.859518 752.600000 -6.547309 5.617387
9.909209 9.860701 752.700000 -5.985570 6.125978
9.909810 9.862050 752.800000 -5.372972 6.327419
9.909986 9.863597 752.900000 -4.740230 6.559065
9.909777 9.865620 753.000000 -4.084324 7.085091
9.909218 9.867905 753.100000 -3.375815 7.358602
9.908365 9.870479 753.200000 -2.639954 7.649182
9.907284 9.873125 753.300000 -1.875036 7.721000
9.906049 9.875713 753.400000 -1.102936 7.664858
9.904742 9.878275 753.500000 -0.336450 7.639470
9.903440 9.880486 753.600000 0.427497 7.285806
9.902215 9.882496 753.700000 1.156077 7.075585
9.901132 9.884640 753.800000 1.863636 7.217283
9.900262 9.886542 753.900000 2.585364 6.961004
9.899663 9.888111 754.000000 3.281464 6.591273
9.899380 9.889260 754.100000 3.940592 6.091244
9.899440 9.890110 754.200000 4.549716 5.709334
9.899866 9.890490 754.300000 5.120650 5.050872
9.900651 9.890474 754.400000 5.625737 4.420252
9.901778 9.890027 754.500000 6.067762 3.611249
9.903205 9.889226 754.600000 6.428887 2.773806
9.904872 9.888256 754.700000 6.706267 2.264624
9.906743 9.887125 754.800000 6.932730 1.643795
9.908767 9.885844 754.900000 7.097109 0.657283
9.910852 9.884535 755.000000 7.162838 -0.037524
9.912933 9.883262 755.100000 7.159085 -0.737675
9.914943 9.882098 755.200000 7.085318 -1.480260
9.916816 9.881149 755.300000 6.937292 -2.326625
9.918479 9.880339 755.400000 6.704629 -2.743194
9.919902 9.879793 755.500000 6.430310 -3.394229
9.921044 9.879611 755.600000 6.090887 -4.123316
9.921865 9.879786 755.700000 5.678555 -4.733479
9.922344 9.880253 755.800000 5.205208 -5.178444
9.922485 9.881110 755.900000 4.687363 -5.719850
9.922293 9.882212 756.000000 4.115378 -6.035795
9.921796 9.883554 756.100000 3.511799 -6.329340
9.921032 9.885300 756.200000 2.878865 -6.795366
9.920040 9.887256 756.300000 2.199328 -7.025584
9.918877 9.889307 756.400000 1.496770 -7.127575
9.917607 9.891621 756.500000 0.784012 -7.402362
9.916296 9.893776 756.600000 0.043776 -7.238795
9.915016 9.895821 756.700000 -0.680104 -7.123781
9.913834 9.897505 756.800000 -1.392482 -6.729345
9.912807 9.898817 756.900000 -2.065416 -6.296684
9.911977 9.899818 757.000000 -2.695085 -5.912072
9.911381 9.900760 757.100000 -3.286292 -5.836780
9.911061 9.901318 757.200000 -3.869970 -5.316317
9.911032 9.901568 757.300000 -4.401601 -4.856201
9.911300 9.901532 757.400000 -4.887222 -4.388617
9.911864 9.901224 757.500000 -5.326083 -3.890274
9.912711 9.900639 757.600000 -5.715111 -3.307138
9.913814 9.899868 757.700000 -6.045824 -2.848854
9.915150 9.898913 757.800000 -6.330710 -2.306448
9.916682 9.897864 757.900000 -6.561355 -1.973367
9.918387 9.896654 758.000000 -6.758691 -1.206098
9.920200 9.895355 758.100000 -6.879301 -0.305024
9.922040 9.894063 758.200000 -6.909804 0.442521
9.923839 9.892828 758.300000 -6.865551 1.028158
9.925545 9.891778 758.400000 -6.762736 1.966282
9.927079 9.890887 758.500000 -6.566108 2.500933
9.928399 9.890282 758.600000 -6.316014 3.256233
9.929455 9.889922 758.700000 -5.990391 3.783957
9.930222 9.889802 758.800000 -5.611995 4.237948
9.930687 9.890020 758.900000 -5.188200 4.805585
9.930838 9.890514 759.000000 -4.707642 5.222144
9.930684 9.891206 759.100000 -4.185428 5.504345
9.930246 9.892224 759.200000 -3.634993 5.936547
9.929547 9.893269 759.300000 -3.041338 5.970548
9.928633 9.894525 759.400000 -2.444284 6.234610
9.927545 9.896106 759.500000 -1.820823 6.618044
9.926326 9.897663 759.600000 -1.159018 6.592230
9.925036 9.899298 759.700000 -0.499795 6.680830
9.923732 9.900932 759.800000 0.168288 6.681390
9.922472 9.902553 759.900000 0.836427 6.666140
9.921315 9.904092 760.000000 1.503041 6.572732
9.920317 9.905559 760.100000 2.160314 6.489627
9.919531 9.907058 760.200000 2.809277 6.527070
9.919015 9.908232 760.300000 3.461984 6.137195
9.918803 9.908976 760.400000 4.075703 5.579595
9.918910 9.909304 760.500000 4.633663 4.980663
9.919337 9.909237 760.600000 5.131729 4.335821
9.920069 9.908935 760.700000 5.565311 3.902061
9.921096 9.908288 760.800000 5.955517 3.158199
9.922376 9.907412 760.900000 6.271337 2.544890
9.923870 9.906307 761.000000 6.525826 1.730043
9.925514 9.905096 761.100000 6.698831 1.177624
9.927262 9.903808 761.200000 6.816593 0.443343
9.929050 9.902507 761.300000 6.860927 -0.003119
9.930836 9.901247 761.400000 6.860616 -0.784347
9.932552 9.900067 761.500000 6.782181 -1.353170
9.934148 9.899013 761.600000 6.646864 -1.932033
9.935578 9.898080 761.700000 6.453661 -2.362848
9.936811 9.897419 761.800000 6.217376 -3.118168
9.937795 9.897062 761.900000 5.905559 -3.788420
9.938495 9.896956 762.000000 5.526717 -4.263547
9.938898 9.897110 762.100000 5.100362 -4.706459
9.939000 9.897647 762.200000 4.629716 -5.289649
9.938799 9.898416 762.300000 4.100751 -5.614877
9.938317 9.899483 762.400000 3.539264 -6.005702
9.937580 9.900796 762.500000 2.938694 -6.309926
9.936626 9.902134 762.600000 2.307701 -6.340893
9.935507 9.903776 762.700000 1.673612 -6.698217
9.934271 9.905738 762.800000 1.003790 -7.052801
9.932974 9.907939 762.900000 0.298510 -7.307685
9.931685 9.910337 763.000000 -0.432259 -7.510609
9.930475 9.912723 763.100000 -1.183320 -7.499766
9.929419 9.914919 763.200000 -1.933296 -7.303323
9.928583 9.916860 763.300000 -2.663628 -7.033076
9.928025 9.918445 763.400000 -3.366936 -6.636501
9.927789 9.919803 763.500000 -4.030586 -6.369397
9.927915 9.920962 763.600000 -4.667526 -6.127818
9.928441 9.921921 763.700000 -5.280307 -5.872367
9.929394 9.922405 763.800000 -5.867544 -5.219045
9.930766 9.922518 763.900000 -6.389449 -4.644299
9.932541 9.922274 764.000000 -6.853879 -4.015675
9.934685 9.921630 764.100000 -7.255446 -3.161848
9.937136 9.920671 764.200000 -7.571631 -2.276901
9.939815 9.919515 764.300000 -7.799321 -1.472833
9.942645 9.918245 764.400000 -7.946604 -0.646195
9.945541 9.916948 764.500000 -8.011224 -0.043322
9.948442 9.915707 764.600000 -8.015556 0.926631
9.951245 9.914599 764.700000 -7.922893 1.697603
9.953873 9.913665 764.800000 -7.753133 2.353874
9.956266 9.912937 764.900000 -7.517745 2.946647
9.958374 9.912509 765.000000 -7.223081 3.644232
9.960146 9.912439 765.100000 -6.858657 4.330655
9.961542 9.912705 765.200000 -6.425592 4.888107
9.962543 9.913532 765.300000 -5.936781 5.699819
9.963123 9.914805 765.400000 -5.366799 6.270093
9.963289 9.916749 765.500000 -4.739790 7.042891
9.963051 9.919102 765.600000 -4.035501 7.474892
9.962456 9.922090 765.700000 -3.288012 8.098826
9.961556 9.925486 765.800000 -2.478129 8.477799
9.960429 9.928864 765.900000 -1.630349 8.461808
9.959169 9.932242 766.000000 -0.784168 8.462081
9.957870 9.935574 766.100000 0.062040 8.422041
9.956624 9.938744 766.200000 0.904244 8.273230
9.955520 9.941845 766.300000 1.731567 8.210203
9.954646 9.944632 766.400000 2.552587 7.912766
9.954077 9.947163 766.500000 3.343864 7.661663
9.953880 9.949258 766.600000 4.110030 7.212522
9.954104 9.951037 766.700000 4.831282 6.868286
9.954791 9.952239 766.800000 5.518111 6.192506
9.955949 9.952800 766.900000 6.137362 5.339452
9.957552 9.952963 767.000000 6.671307 4.732851
9.959581 9.952878 767.100000 7.144592 4.313273
9.962023 9.952369 767.200000 7.575919 3.476686
9.964815 9.951486 767.300000 7.923588 2.522512
9.967872 9.950320 767.400000 8.175839 1.415222
9.971079 9.949048 767.500000 8.317361 0.607624
9.974352 9.947753 767.600000 8.378124 -0.105275
9.977613 9.946559 767.700000 8.367596 -1.252021
9.980737 9.945574 767.800000 8.242394 -2.182931
9.983629 9.944857 767.900000 8.024101 -2.978841
9.986215 9.944375 768.000000 7.726217 -3.533079
9.988453 9.944237 768.100000 7.372909 -4.216174
9.990298 9.944439 768.200000 6.951292 -4.794884
9.991723 9.944931 768.300000 6.471803 -5.239848
9.992725 9.945831 768.400000 5.947818 -5.806421
9.993299 9.947115 768.500000 5.367176 -6.295707
9.993458 9.948618 768.600000 4.737605 -6.557594
9.993242 9.950570 768.700000 4.081846 -7.064208
9.992683 9.952859 768.800000 3.375425 -7.422784
9.991835 9.955522 768.900000 2.633147 -7.802265
9.990759 9.958442 769.000000 1.852920 -8.050926
9.989531 9.961555 769.100000 1.047828 -8.234480
9.988236 9.964942 769.200000 0.224380 -8.487786
9.986963 9.968325 769.300000 -0.624399 -8.484407
9.985806 9.971232 769.400000 -1.472840 -8.041961
9.984846 9.973785 769.500000 -2.277036 -7.697087
9.984151 9.976020 769.600000 -3.046744 -7.372294
9.983784 9.977987 769.700000 -3.783974 -7.087614
9.983799 9.979473 769.800000 -4.492735 -6.544667
9.984222 9.980494 769.900000 -5.147202 -5.974140
9.985068 9.981222 770.000000 -5.744616 -5.582781
9.986351 9.981579 770.100000 -6.302894 -5.045639
9.988063 9.981549 770.200000 -6.807458 -4.416391
9.990177 9.981063 770.300000 -7.249097 -3.530940
9.992630 9.980220 770.400000 -7.602191 -2.641209
9.995349 9.979207 770.500000 -7.866312 -2.086512
9.998282 9.977998 770.600000 -8.074963 -1.150517
10.001336 9.976718 770.700000 -8.190015 -0.463225
10.004439 9.975432 770.800000 -8.236337 0.361586
10.007502 9.974229 770.900000 -8.200179 1.184775
10.010439 9.973205 771.000000 -8.081701 2.037484
10.013165 9.972478 771.100000 -7.877953 2.956617
10.015593 9.971977 771.200000 -7.582291 3.493873
10.017686 9.971826 771.300000 -7.232904 4.196497
10.019396 9.971944 771.400000 -6.813254 4.666076
10.020708 9.972420 771.500000 -6.346647 5.224252
10.021607 9.973532 771.600000 -5.824221 6.091527
10.022070 9.975162 771.700000 -5.215069 6.715522
10.022109 9.977437 771.800000 -4.543517 7.421180
10.021747 9.980028 771.900000 -3.801399 7.744062
10.021042 9.982930 772.000000 -3.026992 8.047836
10.020064 9.985953 772.100000 -2.222209 8.163950
10.018895 9.989154 772.200000 -1.405814 8.331578
10.017619 9.992456 772.300000 -0.572656 8.425573
10.016327 9.995999 772.400000 0.269901 8.644210
10.015114 9.999332 772.500000 1.134322 8.455427
10.014071 10.002566 772.600000 1.979865 8.365586
10.013289 10.005391 772.700000 2.816424 7.979206
10.012838 10.007805 772.800000 3.614344 7.570584
10.012779 10.009806 772.900000 4.371403 7.138670
10.013156 10.011177 773.000000 5.085270 6.419468
10.013982 10.012256 773.100000 5.727217 6.059098
10.015281 10.012917 773.200000 6.333126 5.500251
10.017049 10.013180 773.300000 6.883151 4.908912
10.019269 10.012954 773.400000 7.374043 4.065130
10.021886 10.012367 773.500000 7.780556 3.307480
10.024843 10.011462 773.600000 8.111304 2.455049
10.028060 10.010302 773.700000 8.356808 1.436412
10.031432 10.009025 773.800000 8.500450 0.506042
10.034860 10.007733 773.900000 8.551054 -0.154154
10.038269 10.006484 774.000000 8.535638 -0.824892
10.041588 10.005392 774.100000 8.453149 -1.761187
10.044715 10.004477 774.200000 8.277031 -2.416210
10.047586 10.003907 774.300000 8.035410 -3.343380
10.050118 10.003571 774.400000 7.701072 -3.848541
10.052276 10.003573 774.500000 7.316218 -4.475430
10.054023 10.003958 774.600000 6.868675 -5.096971
10.055335 10.004859 774.700000 6.358977 -5.827907
10.056190 10.006339 774.800000 5.776187 -6.553965
10.056584 10.008127 774.900000 5.120790 -6.907442
10.056553 10.010272 775.000000 4.430046 -7.299281
10.056138 10.012825 775.100000 3.700118 -7.720353
10.055394 10.015855 775.200000 2.928083 -8.185991
10.054384 10.019111 775.300000 2.109484 -8.397168
10.053192 10.022536 775.400000 1.269767 -8.553529
10.051907 10.026222 775.500000 0.414414 -8.787490
10.050625 10.029776 775.600000 -0.464335 -8.671756
10.049444 10.033252 775.700000 -1.331511 -8.601447
10.048458 10.036498 775.800000 -2.191656 -8.392610
10.047755 10.039150 775.900000 -3.030916 -7.825508
10.047397 10.041369 776.000000 -3.813467 -7.383464
10.047437 10.043008 776.100000 -4.551814 -6.747442
10.047903 10.044336 776.200000 -5.226558 -6.380260
10.048823 10.045176 776.300000 -5.864584 -5.756555
10.050200 10.045411 776.400000 -6.440239 -4.872060
10.051996 10.045219 776.500000 -6.927445 -4.136788
10.054171 10.044638 776.600000 -7.341124 -3.325973
10.056667 10.043788 776.700000 -7.673722 -2.622182
10.059425 10.042740 776.800000 -7.935940 -1.950651
10.062385 10.041503 776.900000 -8.131005 -0.934347
10.065442 10.040221 777.000000 -8.224439 -0.387406
10.068540 10.038947 777.100000 -8.263180 0.532710
10.071580 10.037787 777.200000 -8.209909 1.428478
10.074470 10.036784 777.300000 -8.067061 2.117297
10.077143 10.036040 777.400000 -7.855332 2.915567
10.079526 10.035592 777.500000 -7.563775 3.620141
10.081564 10.035497 777.600000 -7.201761 4.311225
10.083215 10.035833 777.700000 -6.770638 5.029800
10.084444 10.036662 777.800000 -6.267658 5.742267
10.085231 10.037817 777.900000 -5.693432 6.168312
10.085591 10.039210 778.000000 -5.076600 6.461391
10.085556 10.040960 778.100000 -4.430461 6.878462
10.085160 10.042865 778.200000 -3.742615 7.053146
10.084457 10.045106 778.300000 -3.037301 7.414345
10.083500 10.047831 778.400000 -2.295866 7.906119
10.082350 10.050652 778.500000 -1.505254 8.001470
10.081087 10.053723 778.600000 -0.705107 8.242612
10.079794 10.056884 778.700000 0.119154 8.326528
10.078558 10.059986 778.800000 0.951807 8.272852
10.077467 10.062668 778.900000 1.779092 7.867931
10.076596 10.065010 779.000000 2.565885 7.524448
10.076010 10.067333 779.100000 3.318330 7.505302
10.075779 10.069337 779.200000 4.068860 7.167637
10.075956 10.071119 779.300000 4.785624 6.922209
10.076588 10.072206 779.400000 5.477845 6.089974
10.077671 10.072795 779.500000 6.086842 5.415090
10.079196 10.072951 779.600000 6.628351 4.751646
10.081139 10.072781 779.700000 7.103516 4.183305
10.083474 10.072130 779.800000 7.521846 3.160174
10.086119 10.071166 779.900000 7.837863 2.260068
10.088994 10.069992 780.000000 8.063870 1.354538
10.092009 10.068737 780.100000 8.199324 0.739423
10.095102 10.067450 780.200000 8.273266 -0.226269
10.098170 10.066225 780.300000 8.250639 -1.013334
10.101130 10.065168 780.400000 8.149306 -1.904237
10.103894 10.064400 780.500000 7.958882 -2.852876
10.106371 10.064045 780.600000 7.673595 -3.819742
10.108481 10.064029 780.700000 7.291620 -4.457925
10.110187 10.064363 780.800000 6.845828 -5.035071
10.111468 10.064989 780.900000 6.342321 -5.468924
10.112323 10.065988 781.000000 5.795428 -5.977141
10.112758 10.067335 781.100000 5.197714 -6.417500
10.112792 10.069161 781.200000 4.555964 -6.975759
10.112450 10.071203 781.300000 3.858388 -7.214585
10.111786 10.073515 781.400000 3.136930 -7.501746
10.110857 10.075988 781.500000 2.386755 -7.669129
10.109731 10.078622 781.600000 1.619842 -7.831203
10.108483 10.081207 781.700000 0.836722 -7.783230
10.107190 10.083850 781.800000 0.058399 -7.842147
10.105931 10.086264 781.900000 -0.725815 -7.609955
10.104781 10.088316 782.000000 -1.486811 -7.230211
10.103801 10.090148 782.100000 -2.209832 -6.988678
10.103050 10.091790 782.200000 -2.908700 -6.771746
10.102581 10.093171 782.300000 -3.585875 -6.465059
10.102434 10.094188 782.400000 -4.232380 -6.009179
10.102636 10.094796 782.500000 -4.833298 -5.449273
10.103193 10.094951 782.600000 -5.378226 -4.756456
10.104091 10.094904 782.700000 -5.853871 -4.409864
10.105331 10.094601 782.800000 -6.294858 -3.930366
10.106897 10.094081 782.900000 -6.687894 -3.470983
10.108766 10.093170 783.000000 -7.034993 -2.432982
10.110857 10.092050 783.100000 -7.278291 -1.624349
10.113100 10.090805 783.200000 -7.440726 -0.832319
10.115422 10.089518 783.300000 -7.523958 -0.084436
10.117752 10.088248 783.400000 -7.532401 0.526538
10.120031 10.087115 783.500000 -7.479747 1.558930
10.122162 10.086178 783.600000 -7.323854 2.342485
10.124077 10.085505 783.700000 -7.089606 3.102056
10.125717 10.085131 783.800000 -6.779400 3.781757
10.127038 10.085040 783.900000 -6.401225 4.328701
10.128018 10.085247 784.000000 -5.968355 4.840027
10.128644 10.085965 784.100000 -5.484352 5.606009
10.128899 10.087109 784.200000 -4.923751 6.173379
10.128789 10.088475 784.300000 -4.306413 6.450334
10.128353 10.090044 784.400000 -3.661380 6.693086
10.127632 10.091669 784.500000 -2.992071 6.759104
10.126683 10.093404 784.600000 -2.316161 6.885228
10.125562 10.095407 784.700000 -1.627638 7.184656
10.124325 10.097551 784.800000 -0.909172 7.339063
10.123037 10.099916 784.900000 -0.175266 7.570345
10.121769 10.102127 785.000000 0.581769 7.410685
10.120591 10.104188 785.100000 1.322837 7.250617
10.119570 10.106062 785.200000 2.047899 7.046151
10.118763 10.107613 785.300000 2.752514 6.675825
10.118220 10.108743 785.400000 3.420096 6.162477
10.117969 10.109738 785.500000 4.036344 5.987118
10.118048 10.110429 785.600000 4.635056 5.575545
10.118476 10.110648 785.700000 5.192610 4.863278
10.119240 10.110549 785.800000 5.678938 4.320668
10.120329 10.110150 785.900000 6.111005 3.734335
10.121716 10.109384 786.000000 6.484438 2.860444
10.123344 10.108333 786.100000 6.770483 1.923240
10.125139 10.107179 786.200000 6.962807 1.435542
10.127062 10.105930 786.300000 7.106361 0.757864
10.129054 10.104645 786.400000 7.182147 0.025559
10.131047 10.103374 786.500000 7.184703 -0.465134
10.132998 10.102167 786.600000 7.138190 -1.101819
10.134849 10.101115 786.700000 7.028008 -1.911125
10.136531 10.100267 786.800000 6.836896 -2.618900
10.137990 10.099605 786.900000 6.575006 -3.126944
10.139193 10.099330 787.000000 6.262311 -3.983268
10.140089 10.099354 787.100000 5.863985 -4.536597
10.140660 10.099687 787.200000 5.410325 -5.044246
10.140900 10.100377 787.300000 4.905900 -5.572765
10.140813 10.101394 787.400000 4.348624 -6.017805
10.140417 10.102679 787.500000 3.746843 -6.360366
10.139744 10.104041 787.600000 3.110807 -6.453944
10.138843 10.105809 787.700000 2.465412 -6.933313
10.137755 10.107738 787.800000 1.772081 -7.113949
10.136540 10.109713 787.900000 1.060686 -7.164945
10.135261 10.111891 788.000000 0.344191 -7.386104
10.133985 10.113730 788.100000 -0.394419 -7.015284
10.132776 10.115549 788.200000 -1.095947 -6.993730
10.131695 10.117226 788.300000 -1.795320 -6.831210
10.130800 10.118697 788.400000 -2.478441 -6.590870
10.130139 10.120003 788.500000 -3.137528 -6.389689
10.129759 10.121036 788.600000 -3.776497 -6.044589
10.129691 10.121578 788.700000 -4.380956 -5.365667
10.129940 10.121803 788.800000 -4.917523 -4.878620
10.130508 10.121664 788.900000 -5.405385 -4.248410
10.131378 10.121201 789.000000 -5.830226 -3.596906
10.132521 10.120399 789.100000 -6.189916 -2.751974
10.133885 10.119460 789.200000 -6.465114 -2.328522
10.135443 10.118377 789.300000 -6.697966 -1.772497
10.137153 10.117203 789.400000 -6.875216 -1.304549
10.138977 10.115955 789.500000 -7.005671 -0.722893
10.140865 10.114674 789.600000 -7.077960 0.021256
10.142751 10.113426 789.700000 -7.075834 0.715717
10.144572 10.112302 789.800000 -7.004263 1.571762
10.146255 10.111374 789.900000 -6.847086 2.360212
10.147737 10.110708 790.000000 -6.611065 3.114138
10.148964 10.110379 790.100000 -6.299651 3.875206
10.149891 10.110302 790.200000 -5.912131 4.358340
10.150504 10.110620 790.300000 -5.476297 5.025633
10.150785 10.111247 790.400000 -4.973733 5.489019
10.150739 10.112364 790.500000 -4.424831 6.155001
10.150373 10.113735 790.600000 -3.809331 6.473794
10.149721 10.115624 790.700000 -3.161952 7.078349
10.148819 10.117822 790.800000 -2.454117 7.416555
10.147721 10.120269 790.900000 -1.712462 7.677569
10.146495 10.122674 791.000000 -0.944705 7.634479
10.145215 10.125063 791.100000 -0.181257 7.618904
10.143954 10.127187 791.200000 0.580634 7.339079
10.142781 10.129286 791.300000 1.314542 7.313039
10.141764 10.131347 791.400000 2.045846 7.272557
10.140969 10.133085 791.500000 2.773101 6.912383
10.140446 10.134559 791.600000 3.464340 6.602971
10.140239 10.135481 791.700000 4.124637 5.905107
10.140363 10.136034 791.800000 4.715147 5.387762
10.140825 10.136263 791.900000 5.253923 4.888698
10.141626 10.136068 792.000000 5.742793 4.144940
10.142739 10.135525 792.100000 6.157287 3.417782
10.144124 10.134820 792.200000 6.499065 3.014901
10.145762 10.133871 792.300000 6.800556 2.287263
10.147600 10.132722 792.400000 7.029282 1.433860
10.149565 10.131466 792.500000 7.172668 0.601495
10.151584 10.130191 792.600000 7.232817 -0.196257
10.153585 10.128962 792.700000 7.213192 -0.883172
10.155506 10.127839 792.800000 7.124874 -1.565331
10.157287 10.126878 792.900000 6.968341 -2.238897
10.158874 10.126158 793.000000 6.744452 -2.972400
10.160213 10.125755 793.100000 6.447212 -3.722415
10.161258 10.125627 793.200000 6.074970 -4.268857
10.161988 10.125772 793.300000 5.648084 -4.747865
10.162394 10.126283 793.400000 5.173298 -5.326595
10.162470 10.127041 793.500000 4.640638 -5.682119
10.162234 10.128091 793.600000 4.072426 -6.075583
10.161710 10.129472 793.700000 3.464868 -6.494387
10.160930 10.131089 793.800000 2.815430 -6.777837
10.159938 10.132902 793.900000 2.137646 -7.004097
10.158788 10.134845 794.000000 1.437236 -7.149586
10.157542 10.136727 794.100000 0.722277 -7.082795
10.156263 10.138261 794.200000 0.013998 -6.681173
10.155012 10.139830 794.300000 -0.654119 -6.723559
10.153844 10.141046 794.400000 -1.326475 -6.293196
10.152807 10.142261 794.500000 -1.955795 -6.292136
10.151950 10.143132 794.600000 -2.585008 -5.842572
10.151305 10.143760 794.700000 -3.169266 -5.500701
10.150898 10.144120 794.800000 -3.719336 -5.100676
10.150746 10.144391 794.900000 -4.229403 -4.960148
10.150873 10.144383 795.000000 -4.725418 -4.489855
10.151280 10.144131 795.100000 -5.174404 -4.033889
10.151960 10.143518 795.200000 -5.577793 -3.248040
10.152874 10.142611 795.300000 -5.902597 -2.418519
10.153970 10.141558 795.400000 -6.144448 -1.881958
10.155214 10.140396 795.500000 -6.332644 -1.339191
10.156566 10.139146 795.600000 -6.466563 -0.612405
10.157967 10.137874 795.700000 -6.527804 0.176915
10.159353 10.136639 795.800000 -6.510112 0.787576
10.160675 10.135474 795.900000 -6.431355 1.317768
10.161891 10.134399 796.000000 -6.299578 1.774254
10.162969 10.133392 796.100000 -6.122153 2.059249
10.163890 10.132548 796.200000 -5.916228 2.611099
10.164622 10.131877 796.300000 -5.655118 3.095964
10.165139 10.131419 796.400000 -5.345521 3.599536
10.165423 10.131186 796.500000 -4.985568 4.068955
10.165463 10.131166 796.600000 -4.578672 4.466566
10.165259 10.131380 796.700000 -4.132015 4.864932
10.164817 10.131753 796.800000 -3.645522 5.119788
10.164157 10.132197 796.900000 -3.133543 5.228026
10.163310 10.132696 797.000000 -2.610741 5.312981
10.162306 10.133307 797.100000 -2.079443 5.477488
10.161179 10.133911 797.200000 -1.531694 5.467357
10.159965 10.134651 797.300000 -0.984958 5.663144
10.158702 10.135490 797.400000 -0.418644 5.800515
10.157430 10.136372 797.500000 0.161408 5.860109
10.156192 10.137376 797.600000 0.747419 6.025176
10.155033 10.138412 797.700000 1.349936 6.066413
10.154000 10.139195 797.800000 1.956578 5.724881
10.153129 10.139879 797.900000 2.529066 5.585124
10.152454 10.140444 798.000000 3.087578 5.412564
10.152007 10.140911 798.100000 3.628834 5.266928
10.151817 10.141072 798.200000 4.155527 4.779384
10.151890 10.141009 798.300000 4.633466 4.391762
10.152229 10.140692 798.400000 5.072642 3.899643
10.152826 10.140154 798.500000 5.462606 3.419022
10.153664 10.139392 798.600000 5.804508 2.848629
10.154714 10.138476 798.700000 6.089371 2.376711
10.155949 10.137396 798.800000 6.327042 1.734166
10.157322 10.136192 798.900000 6.500459 1.024827
10.158779 10.134934 799.000000 6.602942 0.390536
10.160268 10.133667 799.100000 6.641995 -0.136525
10.161745 10.132443 799.200000 6.628343 -0.839836
10.163153 10.131312 799.300000 6.544359 -1.480537
10.164440 10.130293 799.400000 6.396305 -1.991491
10.165570 10.129442 799.500000 6.197156 -2.577460
10.166505 10.128878 799.600000 5.939410 -3.352426
10.167197 10.128534 799.700000 5.604168 -3.841727
10.167629 10.128429 799.800000 5.219995 -4.310708
10.167792 10.128507 799.900000 4.788924 -4.635983
10.167690 10.128809 800.000000 4.325326 -5.009852
10.167333 10.129392 800.100000 3.824341 -5.439567
10.166735 10.130076 800.200000 3.280384 -5.586608
10.165928 10.130936 800.300000 2.721723 -5.832453
10.164943 10.132104 800.400000 2.138478 -6.241595
10.163817 10.133300 800.500000 1.514319 -6.278327
10.162596 10.134572 800.600000 0.886486 -6.374731
10.161331 10.135871 800.700000 0.249013 -6.409303
10.160072 10.137207 800.800000 -0.391918 -6.455019
10.158871 10.138383 800.900000 -1.037419 -6.253746
10.157775 10.139530 801.000000 -1.662794 -6.217718
10.156833 10.140544 801.100000 -2.284566 -6.043508
10.156086 10.141267 801.200000 -2.888917 -5.645479
10.155563 10.141749 801.300000 -3.453465 -5.291885
10.155286 10.142038 801.400000 -3.982653 -4.992600
10.155272 10.142220 801.500000 -4.481913 -4.816128
10.155542 10.142112 801.600000 -4.963526 -4.308254
10.156090 10.141785 801.700000 -5.394351 -3.877055
10.156908 10.141361 801.800000 -5.782057 -3.672632
10.157999 10.140650 801.900000 -6.149320 -2.978636
10.159323 10.139614 802.000000 -6.447184 -1.916034
10.160804 10.138400 802.100000 -6.638787 -0.892501
10.162359 10.137138 802.200000 -6.728037 -0.178622
10.163928 10.135887 802.300000 -6.745899 0.440221
10.165460 10.134732 802.400000 -6.701877 1.318376
10.166882 10.133665 802.500000 -6.570040 1.771450
10.168161 10.132777 802.600000 -6.392895 2.449879
10.169249 10.132084 802.700000 -6.147907 3.025071
10.170110 10.131601 802.800000 -5.845400 3.536877
10.170721 10.131396 802.900000 -5.491712 4.118891
10.171062 10.131425 803.000000 -5.079823 4.553734
10.171127 10.131696 803.100000 -4.624449 4.960733
10.170921 10.132107 803.200000 -4.128376 5.183827
10.170466 10.132764 803.300000 -3.609993 5.550611
10.169781 10.133488 803.400000 -3.054932 5.648178
10.168902 10.134365 803.500000 -2.490115 5.862772
10.167862 10.135447 803.600000 -1.903837 6.135683
10.166700 10.136567 803.700000 -1.290269 6.187342
10.165464 10.137785 803.800000 -0.671535 6.313096
10.164199 10.139098 803.900000 -0.040225 6.433206
10.162958 10.140474 804.000000 0.603095 6.512250
10.161792 10.141794 804.100000 1.254320 6.443078
10.160753 10.142901 804.200000 1.898628 6.171632
10.159883 10.143931 804.300000 2.515791 6.071458
10.159226 10.144741 804.400000 3.122937 5.771916
10.158814 10.145230 804.500000 3.700129 5.307099
10.158664 10.145483 804.600000 4.230839 4.935681
10.158789 10.145476 804.700000 4.724407 4.490841
10.159189 10.145195 804.800000 5.173491 3.970928
10.159855 10.144660 804.900000 5.570584 3.418978
10.160764 10.143924 805.000000 5.912481 2.904023
10.161891 10.142956 805.100000 6.202884 2.166256
10.163188 10.141849 805.200000 6.419509 1.570745
10.164611 10.140661 805.300000 6.576584 1.069579
10.166122 10.139416 805.400000 6.683542 0.475820
10.167672 10.138160 805.500000 6.731124 -0.205076
10.169205 10.136952 805.600000 6.710616 -0.895112
10.170663 10.135915 805.700000 6.621105 -1.889605
10.171968 10.135064 805.800000 6.432145 -2.559589
10.173072 10.134393 805.900000 6.176186 -3.073879
10.173946 10.134015 806.000000 5.868798 -3.765915
10.174555 10.133917 806.100000 5.492206 -4.322412
10.174881 10.134043 806.200000 5.059965 -4.722463
10.174924 10.134472 806.300000 4.587719 -5.214606
10.174688 10.135301 806.400000 4.066258 -5.799992
10.174180 10.136398 806.500000 3.486259 -6.161646
10.173429 10.137565 806.600000 2.870094 -6.253153
10.172480 10.138926 806.700000 2.244779 -6.499228
10.171377 10.140408 806.800000 1.594856 -6.646782
10.170170 10.142011 806.900000 0.930178 -6.794712
10.168914 10.143650 807.000000 0.250707 -6.836314
10.167666 10.145100 807.100000 -0.432925 -6.609815
10.166481 10.146297 807.200000 -1.093906 -6.294158
10.165406 10.147436 807.300000 -1.723322 -6.220278
10.164487 10.148310 807.400000 -2.345350 -5.866317
10.163761 10.148919 807.500000 -2.931981 -5.488182
10.163253 10.149279 807.600000 -3.480800 -5.110992
10.162981 10.149529 807.700000 -3.991899 -4.933339
10.162968 10.149505 807.800000 -4.485233 -4.461786
10.163215 10.149204 807.900000 -4.931411 -3.928544
10.163711 10.148681 808.000000 -5.324266 -3.442888
10.164442 10.148003 808.100000 -5.668555 -3.053957
10.165392 10.147181 808.200000 -5.973950 -2.647317
10.166541 10.146123 808.300000 -6.238682 -1.786852
10.167831 10.144949 808.400000 -6.417367 -1.145898
10.169212 10.143738 808.500000 -6.531957 -0.835747
10.170660 10.142496 808.600000 -6.615532 -0.446667
10.172145 10.141244 808.700000 -6.660198 0.182761
10.173614 10.140043 808.800000 -6.641922 0.929030
10.175007 10.138976 808.900000 -6.549019 1.736588
10.176262 10.138019 809.000000 -6.375360 2.188363
10.177346 10.137152 809.100000 -6.156524 2.499509
10.178244 10.136478 809.200000 -5.906573 3.059497
10.178924 10.136137 809.300000 -5.600624 3.840769
10.179347 10.135984 809.400000 -5.216547 4.217775
10.179510 10.136228 809.500000 -4.794769 4.921389
10.179396 10.136675 809.600000 -4.302630 5.245522
10.179020 10.137166 809.700000 -3.778078 5.313459
10.178414 10.137864 809.800000 -3.246732 5.618940
10.177603 10.138706 809.900000 -2.684838 5.824655
10.176619 10.139648 810.000000 -2.102373 5.961175
10.175503 10.140929 810.100000 -1.506255 6.405531
10.174293 10.142344 810.200000 -0.865702 6.574343
10.173041 10.143789 810.300000 -0.208268 6.610410
10.171798 10.145265 810.400000 0.452773 6.649295
10.170620 10.146571 810.500000 1.117703 6.439175
10.169557 10.147528 810.600000 1.761620 5.984858
10.168646 10.148375 810.700000 2.360106 5.833470
10.167927 10.149053 810.800000 2.943453 5.593941
10.167429 10.149534 810.900000 3.502847 5.300587
10.167178 10.149871 811.000000 4.032906 5.075630
10.167196 10.149957 811.100000 4.540469 4.658833
10.167487 10.149600 811.200000 5.006352 3.807762
10.168022 10.148998 811.300000 5.387128 3.245240
10.168780 10.148219 811.400000 5.711652 2.766750
10.169736 10.147208 811.500000 5.988327 1.970136
10.170840 10.146080 811.600000 6.185341 1.412469
10.172052 10.144853 811.700000 6.326588 0.603095
10.173311 10.143604 811.800000 6.386897 -0.002933
10.174570 10.142386 811.900000 6.386604 -0.719157
10.175772 10.141227 812.000000 6.314688 -1.206097
10.176881 10.140146 812.100000 6.194079 -1.648926
10.177866 10.139155 812.200000 6.029186 -2.048253
10.178701 10.138363 812.300000 5.824361 -2.719386
10.179345 10.137788 812.400000 5.552422 -3.308125
10.179770 10.137455 812.500000 5.221610 -3.854062
10.179957 10.137287 812.600000 4.836203 -4.188839
10.179905 10.137305 812.700000 4.417319 -4.535445
10.179619 10.137392 812.800000 3.963775 -4.657857
10.179119 10.137755 812.900000 3.497989 -5.115623
10.178416 10.138246 813.000000 2.986427 -5.316793
10.177535 10.139047 813.100000 2.454748 -5.769845
10.176500 10.140004 813.200000 1.877763 -5.987823
10.175349 10.141178 813.300000 1.278981 -6.275340
10.174125 10.142477 813.400000 0.651447 -6.435637
10.172874 10.143762 813.500000 0.007883 -6.417725
10.171649 10.144962 813.600000 -0.633889 -6.309909
10.170497 10.146028 813.700000 -1.264880 -6.135294
10.169464 10.146721 813.800000 -1.878410 -5.619790
10.168581 10.147225 813.900000 -2.440388 -5.338128
10.167875 10.147417 814.000000 -2.974201 -4.839777
10.167360 10.147423 814.100000 -3.458179 -4.515890
10.167050 10.147418 814.200000 -3.909768 -4.495178
10.166969 10.147230 814.300000 -4.359286 -4.151043
10.167120 10.146785 814.400000 -4.774390 -3.612543
10.167491 10.146233 814.500000 -5.135644 -3.361612
10.168080 10.145552 814.600000 -5.471806 -3.031949
10.168879 10.144724 814.700000 -5.775001 -2.608518
10.169866 10.143698 814.800000 -6.035852 -1.885115
10.170995 10.142535 814.900000 -6.224364 -1.157115
10.172213 10.141296 815.000000 -6.340075 -0.289431
10.173453 10.140070 815.100000 -6.369019 0.538773
10.174651 10.138914 815.200000 -6.315141 1.200052
10.175757 10.137884 815.300000 -6.195136 1.863056
10.176723 10.136960 815.400000 -6.008830 2.282424
10.177524 10.136189 815.500000 -5.780588 2.773279
10.178132 10.135564 815.600000 -5.503260 3.174273
10.178533 10.135203 815.700000 -5.185833 3.792951
10.178701 10.135032 815.800000 -4.806538 4.181457
10.178634 10.135067 815.900000 -4.388392 4.564099
10.178334 10.135284 816.000000 -3.931982 4.879965
10.177813 10.135687 816.100000 -3.443986 5.182472
10.177091 10.136388 816.200000 -2.925738 5.631162
10.176186 10.137189 816.300000 -2.362622 5.775878
10.175135 10.138201 816.400000 -1.785034 6.065267
10.173974 10.139196 816.500000 -1.178508 6.044218
10.172748 10.140121 816.600000 -0.574086 5.948794
10.171503 10.141065 816.700000 0.020794 5.974648
10.170281 10.141922 816.800000 0.618258 5.855913
10.169125 10.142628 816.900000 1.203850 5.640803
10.168072 10.143169 817.000000 1.767930 5.395980
10.167153 10.143493 817.100000 2.307528 5.058713
10.166394 10.143708 817.200000 2.813399 4.878518
10.165817 10.143694 817.300000 3.301251 4.478119
10.165433 10.143469 817.400000 3.749063 4.075945
10.165246 10.142924 817.500000 4.156657 3.371628
10.165238 10.142171 817.600000 4.493820 2.824692
10.165389 10.141272 817.700000 4.776289 2.361082
10.165682 10.140206 817.800000 5.012398 1.686124
10.166080 10.139054 817.900000 5.181010 1.202033
10.166555 10.137850 818.000000 5.301213 0.757398
10.167080 10.136614 818.100000 5.376953 0.214565
10.167618 10.135388 818.200000 5.398410 -0.467122
10.168125 10.134204 818.300000 5.351697 -0.942689
10.168571 10.133072 818.400000 5.257429 -1.314966
10.168934 10.132086 818.500000 5.125932 -2.032563
10.169172 10.131246 818.600000 4.922676 -2.550479
10.169261 10.130520 818.700000 4.667628 -2.895224
10.169189 10.129909 818.800000 4.378105 -3.200523
10.168953 10.129431 818.900000 4.058053 -3.525766
10.168549 10.129200 819.000000 3.705476 -4.059254
10.167973 10.129143 819.100000 3.299551 -4.396273
10.167231 10.129218 819.200000 2.859924 -4.635003
10.166340 10.129269 819.300000 2.396423 -4.593095
10.165329 10.129301 819.400000 1.937114 -4.558371
10.164222 10.129409 819.500000 1.481277 -4.694257
10.163045 10.129608 819.600000 1.011851 -4.850076
10.161822 10.129872 819.700000 0.526844 -4.957394
10.160583 10.130197 819.800000 0.031104 -5.059236
10.159357 10.130467 819.900000 -0.474819 -4.968220
10.158176 10.130750 820.000000 -0.971641 -4.990131
10.157069 10.130919 820.100000 -1.470655 -4.799260
10.156063 10.130925 820.200000 -1.950581 -4.512756
10.155177 10.130789 820.300000 -2.401856 -4.246026
10.154426 10.130511 820.400000 -2.826459 -3.962809
10.153821 10.130107 820.500000 -3.222740 -3.691473
10.153370 10.129535 820.600000 -3.591887 -3.297986
10.153070 10.128763 820.700000 -3.921686 -2.752759
10.152906 10.127968 820.800000 -4.196961 -2.684245
10.152884 10.127095 820.900000 -4.465386 -2.433297
10.152997 10.126102 821.000000 -4.708716 -1.990539
10.153228 10.124995 821.100000 -4.907770 -1.437259
10.153545 10.123807 821.200000 -5.051495 -0.859838
10.153915 10.122576 821.300000 -5.137479 -0.139105
10.154294 10.121345 821.400000 -5.151390 0.127611
10.154665 10.120152 821.500000 -5.138629 0.802998
10.154987 10.119033 821.600000 -5.058329 1.357748
10.155225 10.117987 821.700000 -4.922554 1.746030
10.155361 10.117099 821.800000 -4.747951 2.376555
10.155363 10.116408 821.900000 -4.510296 2.977043
10.155207 10.115966 822.000000 -4.212591 3.601682
10.154874 10.115651 822.100000 -3.852423 3.879976
10.154369 10.115485 822.200000 -3.464426 4.183316
10.153699 10.115480 822.300000 -3.046094 4.488023
10.152874 10.115590 822.400000 -2.597292 4.695698
10.151915 10.116040 822.500000 -2.127722 5.255726
10.150837 10.116656 822.600000 -1.602149 5.510730
10.149671 10.117175 822.700000 -1.051076 5.364250
10.148453 10.117654 822.800000 -0.514651 5.303604
10.147220 10.118224 822.900000 0.015709 5.442185
10.146006 10.118711 823.000000 0.559928 5.314182
10.144846 10.119132 823.100000 1.091346 5.213722
10.143772 10.119512 823.200000 1.612718 5.147351
10.142815 10.119734 823.300000 2.127453 4.888107
10.141999 10.119899 823.400000 2.616264 4.790471
10.141349 10.119882 823.500000 3.095311 4.467788
10.140879 10.119560 823.600000 3.542090 3.865077
10.140585 10.119106 823.700000 3.928597 3.571701
10.140469 10.118457 823.800000 4.285767 3.088270
10.140519 10.117701 823.900000 4.594594 2.790715
10.140730 10.116738 824.000000 4.873666 2.088733
10.141067 10.115676 824.100000 5.082539 1.648892
10.141507 10.114489 824.200000 5.247428 0.813542
10.141999 10.113272 824.300000 5.328783 0.412492
10.142517 10.112045 824.400000 5.370032 0.002116
10.143036 10.110845 824.500000 5.370243 -0.647752
10.143513 10.109684 824.600000 5.305468 -1.038149
10.143923 10.108647 824.700000 5.201653 -1.765513
10.144224 10.107728 824.800000 5.025102 -2.247858
10.144391 10.106941 824.900000 4.800316 -2.688117
10.144406 10.106310 825.000000 4.531505 -3.130398
10.144255 10.105704 825.100000 4.218465 -3.197456
10.143947 10.105206 825.200000 3.898719 -3.461765
10.143482 10.104942 825.300000 3.552543 -3.981182
10.142856 10.104867 825.400000 3.154424 -4.355047
10.142075 10.104902 825.500000 2.718920 -4.560237
10.141157 10.105114 825.600000 2.262896 -4.869978
10.140120 10.105543 825.700000 1.775898 -5.224467
10.138987 10.105871 825.800000 1.253452 -5.061782
10.137794 10.106122 825.900000 0.747273 -4.935727
10.136570 10.106162 826.000000 0.253701 -4.569160
10.135346 10.106197 826.100000 -0.203215 -4.558273
10.134146 10.106328 826.200000 -0.659043 -4.731021
10.132997 10.106518 826.300000 -1.132145 -4.832057
10.131929 10.106552 826.400000 -1.615350 -4.558730
10.130962 10.106471 826.500000 -2.071223 -4.343971
10.130117 10.106204 826.600000 -2.505621 -3.975051
10.129401 10.105692 826.700000 -2.903126 -3.428158
10.128813 10.105069 826.800000 -3.245941 -3.147403
10.128355 10.104332 826.900000 -3.560682 -2.830861
10.128024 10.103477 827.000000 -3.843768 -2.463550
10.127810 10.102580 827.100000 -4.090123 -2.315132
10.127715 10.101569 827.200000 -4.321636 -1.864748
10.127719 10.100501 827.300000 -4.508111 -1.593275
10.127812 10.099344 827.400000 -4.667438 -1.025297
10.127962 10.098139 827.500000 -4.769968 -0.504445
10.128142 10.096919 827.600000 -4.820412 -0.007549
10.128323 10.095711 827.700000 -4.821167 0.430937
10.128478 10.094539 827.800000 -4.778074 0.890190
10.128583 10.093372 827.900000 -4.689055 0.926995
10.128635 10.092277 828.000000 -4.596355 1.435957
10.128609 10.091312 828.100000 -4.452759 2.047509
10.128476 10.090420 828.200000 -4.248009 2.325305
10.128226 10.089609 828.300000 -4.015478 2.595394
10.127855 10.088920 828.400000 -3.755939 2.960235
10.127355 10.088387 828.500000 -3.459915 3.370371
10.126722 10.088003 828.600000 -3.122878 3.715598
10.125956 10.087744 828.700000 -2.751318 3.985533
10.125069 10.087607 828.800000 -2.352765 4.230930
10.124072 10.087416 828.900000 -1.929672 4.123773
10.122990 10.087195 829.000000 -1.517295 4.063841
10.121843 10.086903 829.100000 -1.110911 3.916448
10.120654 10.086714 829.200000 -0.719266 4.126119
10.119439 10.086538 829.300000 -0.306654 4.154710
10.118220 10.086271 829.400000 0.108817 3.966932
10.117016 10.085941 829.500000 0.505510 3.834341
10.115844 10.085495 829.600000 0.888944 3.573216
10.114719 10.084953 829.700000 1.246266 3.344358
10.113650 10.084316 829.800000 1.580702 3.098443
10.112647 10.083598 829.900000 1.890546 2.872383
10.111715 10.082866 830.000000 2.177784 2.829924
10.110861 10.082051 830.100000 2.460777 2.574896
10.110089 10.081220 830.200000 2.718266 2.524537
10.109402 10.080318 830.300000 2.970720 2.275916
10.108801 10.079320 830.400000 3.198312 1.893739
10.108275 10.078250 830.500000 3.387685 1.543786
10.107813 10.077127 830.600000 3.542064 1.220409
10.107405 10.075961 830.700000 3.664105 0.882569
10.107035 10.074768 830.800000 3.752362 0.579343
10.106693 10.073556 830.900000 3.810296 0.055440
10.106353 10.072354 831.000000 3.815840 -0.398419
10.105994 10.071165 831.100000 3.775998 -0.624185
10.105608 10.070037 831.200000 3.713580 -1.174479
10.105170 10.068941 831.300000 3.596132 -1.385549
10.104674 10.067878 831.400000 3.457577 -1.569678
10.104114 10.066859 831.500000 3.300609 -1.783154
10.103485 10.065911 831.600000 3.122294 -2.089992
10.102781 10.065018 831.700000 2.913295 -2.297912
10.101999 10.064213 831.800000 2.683503 -2.594043
10.101138 10.063486 831.900000 2.424099 -2.833263
10.100199 10.062823 832.000000 2.140773 -3.017446
10.099189 10.062303 832.100000 1.839028 -3.387405
10.098111 10.061880 832.200000 1.500288 -3.615976
10.096976 10.061654 832.300000 1.138690 -4.045784
10.095795 10.061269 832.400000 0.734112 -3.703357
10.094590 10.060863 832.500000 0.363776 -3.653982
10.093378 10.060534 832.600000 -0.001622 -3.827754
10.092175 10.060220 832.700000 -0.384397 -3.856930
10.090999 10.059883 832.800000 -0.770090 -3.810539
10.089867 10.059433 832.900000 -1.151144 -3.552291
10.088792 10.058869 833.000000 -1.506374 -3.273916
10.087783 10.058227 833.100000 -1.833765 -3.070216
10.086848 10.057504 833.200000 -2.140787 -2.839155
10.085990 10.056684 833.300000 -2.424702 -2.537785
10.085210 10.055827 833.400000 -2.678481 -2.415147
10.084512 10.054886 833.500000 -2.919995 -2.104160
10.083890 10.053904 833.600000 -3.130411 -1.934432
10.083343 10.052917 833.700000 -3.323855 -1.908602
10.082875 10.051836 833.800000 -3.514715 -1.438484
10.082468 10.050695 833.900000 -3.658563 -1.034856
10.082108 10.049494 834.000000 -3.762049 -0.261369
10.081759 10.048290 834.100000 -3.788186 0.089753
10.081407 10.047102 834.200000 -3.779210 0.527555
10.081031 10.045931 834.300000 -3.726455 0.743344
10.080622 10.044818 834.400000 -3.652121 1.232671
10.080160 10.043762 834.500000 -3.528853 1.566670
10.079633 10.042735 834.600000 -3.372186 1.718889
10.079039 10.041797 834.700000 -3.200298 2.102670
10.078368 10.040905 834.800000 -2.990031 2.279485
10.077618 10.040064 834.900000 -2.762082 2.457047
10.076790 10.039280 835.000000 -2.516377 2.642629
10.075887 10.038519 835.100000 -2.252114 2.712483
10.074916 10.037825 835.200000 -1.980866 2.914180
10.073880 10.037223 835.300000 -1.689448 3.163634
10.072788 10.036650 835.400000 -1.373085 3.241392
10.071648 10.036097 835.500000 -1.048946 3.291777
10.070474 10.035599 835.600000 -0.719768 3.425838
10.069277 10.035067 835.700000 -0.377184 3.345219
10.068073 10.034565 835.800000 -0.042662 3.416738
10.066874 10.033989 835.900000 0.299012 3.229351
10.065693 10.033392 836.000000 0.621947 3.177016
10.064542 10.032716 836.100000 0.939648 2.958158
10.063430 10.031996 836.200000 1.235464 2.832884
10.062365 10.031121 836.300000 1.518753 2.332165
10.061345 10.030251 836.400000 1.751969 2.346747
10.060378 10.029271 836.500000 1.986644 1.910492
10.059459 10.028262 836.600000 2.177693 1.783541
10.058589 10.027198 836.700000 2.356047 1.500992
10.057762 10.026120 836.800000 2.506146 1.417460
10.056979 10.024989 836.900000 2.647892 1.060205
10.056231 10.023839 837.000000 2.753913 0.892509
10.055513 10.022670 837.100000 2.843164 0.678536
10.054818 10.021473 837.200000 2.911017 0.110871
10.054127 10.020278 837.300000 2.922104 -0.142507
10.053431 10.019092 837.400000 2.907854 -0.426877
10.052721 10.017938 837.500000 2.865166 -0.834618
10.051983 10.016836 837.600000 2.781704 -1.254676
10.051204 10.015800 837.700000 2.656237 -1.637787
10.050375 10.014778 837.800000 2.492458 -1.704732
10.049498 10.013775 837.900000 2.321985 -1.792479
10.048572 10.012796 838.000000 2.142737 -1.904291
10.047601 10.011850 838.100000 1.952308 -2.039861
10.046585 10.010924 838.200000 1.748322 -2.118918
10.045527 10.010091 838.300000 1.536430 -2.461192
10.044428 10.009358 838.400000 1.290311 -2.779276
10.043292 10.008663 838.500000 1.012383 -2.893268
10.042125 10.008026 838.600000 0.723056 -3.055182
10.040939 10.007367 838.700000 0.417538 -2.991618
10.039743 10.006822 838.800000 0.118376 -3.298370
10.038549 10.006286 838.900000 -0.211461 -3.320125
10.037370 10.005774 839.000000 -0.543473 -3.377781
10.036220 10.005287 839.100000 -0.881251 -3.441797
10.035114 10.004792 839.200000 -1.225431 -3.420049
10.034065 10.004196 839.300000 -1.567436 -3.163432
10.033081 10.003627 839.400000 -1.883779 -3.233720
10.032176 10.002959 839.500000 -2.207151 -2.965429
10.031354 10.002242 839.600000 -2.503694 -2.819747
10.030622 10.001520 839.700000 -2.785669 -2.807556
10.029987 10.000655 839.800000 -3.066425 -2.341434
10.029442 9.999735 839.900000 -3.300568 -2.128712
10.028983 9.998746 840.000000 -3.513439 -1.842718
10.028603 9.997651 840.100000 -3.697711 -1.259123
10.028279 9.996506 840.200000 -3.823623 -0.871840
10.027996 9.995347 840.300000 -3.910807 -0.717765
10.027746 9.994172 840.400000 -3.982584 -0.476563
10.027519 9.992985 840.500000 -4.030240 -0.216426
10.027303 9.991807 840.600000 -4.051883 0.411346
10.027067 9.990636 840.700000 -4.010748 0.540559
10.026806 9.989501 840.800000 -3.956692 0.945090
10.026500 9.988401 840.900000 -3.862183 1.215674
10.026140 9.987391 841.000000 -3.740616 1.728002
10.025705 9.986481 841.100000 -3.567815 2.159380
10.025181 9.985727 841.200000 -3.351877 2.700241
10.024553 9.985104 841.300000 -3.081853 3.079786
10.023819 9.984555 841.400000 -2.773875 3.276066
10.022984 9.984040 841.500000 -2.446268 3.360341
10.022058 9.983674 841.600000 -2.110234 3.716435
10.021047 9.983362 841.700000 -1.738591 3.836939
10.019965 9.983314 841.800000 -1.354897 4.376888
10.018825 9.983350 841.900000 -0.917208 4.536038
10.017648 9.983449 842.000000 -0.463604 4.650477
10.016459 9.983560 842.100000 0.001444 4.673177
10.015283 9.983637 842.200000 0.468761 4.611846
10.014145 9.983531 842.300000 0.929946 4.263055
10.013066 9.983592 842.400000 1.356251 4.582627
10.012073 9.983446 842.500000 1.814514 4.183856
10.011180 9.983190 842.600000 2.232900 3.956905
10.010402 9.982781 842.700000 2.628590 3.614130
10.009745 9.982268 842.800000 2.990003 3.363780
10.009214 9.981616 842.900000 3.326381 2.997232
10.008807 9.980794 843.000000 3.626104 2.467618
10.008509 9.979832 843.100000 3.872866 1.935453
10.008303 9.978768 843.200000 4.066411 1.421220
10.008166 9.977647 843.300000 4.208533 1.020494
10.008081 9.976484 843.400000 4.310583 0.573695
10.008025 9.975301 843.500000 4.367952 0.063923
10.007973 9.974125 843.600000 4.374345 -0.336033
10.007904 9.972974 843.700000 4.340741 -0.716190
10.007798 9.971858 843.800000 4.269122 -1.058580
10.007639 9.970781 843.900000 4.163264 -1.323375
10.007415 9.969771 844.000000 4.030927 -1.703451
10.007113 9.968857 844.100000 3.860582 -2.122361
10.006716 9.968011 844.200000 3.648346 -2.377798
10.006219 9.967332 844.300000 3.410566 -2.910173
10.005611 9.966719 844.400000 3.119549 -3.094391
10.004894 9.966072 844.500000 2.810109 -3.001163
10.004082 9.965561 844.600000 2.509993 -3.360161
10.003178 9.965185 844.700000 2.173977 -3.684782
10.002187 9.964992 844.800000 1.805499 -4.083841
10.001118 9.964818 844.900000 1.397115 -4.122003
9.999992 9.964697 845.000000 0.984914 -4.228325
9.998828 9.964706 845.100000 0.562082 -4.481051
9.997646 9.964670 845.200000 0.113977 -4.396484
9.996469 9.964623 845.300000 -0.325672 -4.373008
9.995322 9.964633 845.400000 -0.762972 -4.483365
9.994226 9.964497 845.500000 -1.211309 -4.199668
9.993202 9.964253 845.600000 -1.631276 -3.974085
9.992264 9.963882 845.700000 -2.028684 -3.696929
9.991422 9.963430 845.800000 -2.398377 -3.502906
9.990688 9.962867 845.900000 -2.748668 -3.225561
9.990065 9.962162 846.000000 -3.071224 -2.828332
9.989549 9.961345 846.100000 -3.354057 -2.469013
9.989134 9.960448 846.200000 -3.600958 -2.175900
9.988816 9.959420 846.300000 -3.818548 -1.588226
9.988570 9.958357 846.400000 -3.977371 -1.386378
9.988391 9.957226 846.500000 -4.116009 -0.878655
9.988255 9.956071 846.600000 -4.203874 -0.592103
9.988148 9.954896 846.700000 -4.263084 0.093270
9.988037 9.953731 846.800000 -4.253757 0.421735
9.987905 9.952608 846.900000 -4.211584 0.938577
9.987727 9.951555 847.000000 -4.117726 1.440061
9.987480 9.950565 847.100000 -3.973720 1.765715
9.987152 9.949588 847.200000 -3.797149 1.829215
9.986744 9.948749 847.300000 -3.614227 2.382948
9.986238 9.947986 847.400000 -3.375932 2.639467
9.985631 9.947356 847.500000 -3.111986 3.037086
9.984918 9.946902 847.600000 -2.808277 3.491615
9.984097 9.946587 847.700000 -2.459116 3.815875
9.983174 9.946312 847.800000 -2.077528 3.902530
9.982165 9.946170 847.900000 -1.687275 4.180446
9.981083 9.946176 848.000000 -1.269230 4.471390
9.979946 9.946374 848.100000 -0.822091 4.822056
9.978776 9.946590 848.200000 -0.339886 4.853317
9.977601 9.946892 848.300000 0.145446 5.003111
9.976450 9.947045 848.400000 0.645757 4.741468
9.975348 9.947131 848.500000 1.119904 4.621252
9.974320 9.947161 848.600000 1.582029 4.517360
9.973389 9.947039 848.700000 2.033765 4.220613
9.972569 9.946747 848.800000 2.455826 3.866391
9.971870 9.946219 848.900000 2.842465 3.303506
9.971289 9.945604 849.000000 3.172816 3.075646
9.970828 9.944854 849.100000 3.480381 2.672863
9.970481 9.944061 849.200000 3.747667 2.533626
9.970249 9.943206 849.300000 4.001030 2.317130
9.970130 9.942230 849.400000 4.232743 1.818306
9.970103 9.941150 849.500000 4.414573 1.240679
9.970142 9.940010 849.600000 4.538641 0.707556
9.970219 9.938841 849.700000 4.609397 0.142423
9.970304 9.937677 849.800000 4.623639 -0.297765
9.970372 9.936546 849.900000 4.593862 -0.800363
9.970397 9.935465 850.000000 4.513826 -1.220876
9.970359 9.934451 850.100000 4.391738 -1.622819
9.970238 9.933472 850.200000 4.229457 -1.793831
9.970030 9.932672 850.300000 4.050073 -2.503723
9.969707 9.932053 850.400000 3.799701 -3.056007
9.969252 9.931460 850.500000 3.494100 -3.125839
9.968676 9.930979 850.600000 3.181517 -3.418025
9.967978 9.930622 850.700000 2.839714 -3.712353
9.967164 9.930361 850.800000 2.468479 -3.925758
9.966246 9.930121 850.900000 2.075903 -3.972811
9.965241 9.929931 851.000000 1.678622 -4.076637
9.964165 9.929801 851.100000 1.270958 -4.202292
9.963037 9.929638 851.200000 0.850729 -4.131700
9.961878 9.929602 851.300000 0.437559 -4.388861
9.960708 9.929600 851.400000 -0.001327 -4.451034
9.959550 9.929582 851.500000 -0.446431 -4.422779
9.958427 9.929576 851.600000 -0.888708 -4.445581
9.957362 9.929497 851.700000 -1.333267 -4.301754
9.956376 9.929356 851.800000 -1.763442 -4.177836
9.955487 9.929119 851.900000 -2.181226 -3.978589
9.954709 9.928704 852.000000 -2.579085 -3.574165
9.954047 9.928165 852.100000 -2.936501 -3.267467
9.953503 9.927387 852.200000 -3.263248 -2.568167
9.953062 9.926496 852.300000 -3.520064 -2.160046
9.952714 9.925482 852.400000 -3.736069 -1.602017
9.952437 9.924386 852.500000 -3.896271 -1.077322
9.952209 9.923249 852.600000 -4.004003 -0.669168
9.952014 9.922086 852.700000 -4.070920 -0.132093
9.951825 9.920931 852.800000 -4.084129 0.380798
9.951618 9.919804 852.900000 -4.046049 0.782086
9.951374 9.918681 853.000000 -3.967841 0.819608
9.951093 9.917657 853.100000 -3.885880 1.537456
9.950743 9.916720 853.200000 -3.732134 1.961900
9.950309 9.915841 853.300000 -3.535944 2.200063
9.949788 9.915029 853.400000 -3.315938 2.443388
9.949175 9.914422 853.500000 -3.071599 3.075309
9.948457 9.913949 853.600000 -2.764068 3.428532
9.947635 9.913555 853.700000 -2.421215 3.619069
9.946718 9.913211 853.800000 -2.059308 3.735063
9.945720 9.912835 853.900000 -1.685802 3.660847
9.944657 9.912480 854.000000 -1.319717 3.711171
9.943546 9.912199 854.100000 -0.948600 3.875308
9.942400 9.912008 854.200000 -0.561069 4.069137
9.941238 9.911934 854.300000 -0.154155 4.308444
9.940079 9.911984 854.400000 0.276689 4.546956
9.938947 9.912275 854.500000 0.731385 4.980762
9.937873 9.912408 854.600000 1.229461 4.701026
9.936879 9.912423 854.700000 1.699563 4.480106
9.935987 9.912273 854.800000 2.147574 4.155557
9.935209 9.912015 854.900000 2.563130 3.926344
9.934558 9.911669 855.000000 2.955764 3.729322
9.934044 9.911261 855.100000 3.328696 3.581834
9.933677 9.910665 855.200000 3.686880 3.104591
9.933450 9.909949 855.300000 3.997339 2.750423
9.933355 9.909063 855.400000 4.272381 2.160358
9.933372 9.908088 855.500000 4.488417 1.767525
9.933482 9.907023 855.600000 4.665169 1.264366
9.933663 9.905911 855.700000 4.791606 0.884306
9.933894 9.904767 855.800000 4.880037 0.482285
9.934152 9.903613 855.900000 4.928265 -0.212754
9.934398 9.902479 856.000000 4.906990 -0.627514
9.934608 9.901386 856.100000 4.844238 -1.042742
9.934760 9.900369 856.200000 4.739964 -1.545992
9.934827 9.899451 856.300000 4.585365 -2.016134
9.934789 9.898714 856.400000 4.383751 -2.678141
9.934618 9.898217 856.500000 4.115937 -3.361341
9.934292 9.897869 856.600000 3.779803 -3.718206
9.933811 9.897679 856.700000 3.407983 -4.067102
9.933177 9.897613 856.800000 3.001272 -4.321061
9.932403 9.897702 856.900000 2.569166 -4.617505
9.931503 9.897877 857.000000 2.107416 -4.772835
9.930500 9.898261 857.100000 1.630132 -5.136711
9.929414 9.898702 857.200000 1.116461 -5.230675
9.928276 9.899183 857.300000 0.593394 -5.294873
9.927119 9.899690 857.400000 0.063906 -5.338931
9.925974 9.900167 857.500000 -0.469987 -5.288852
9.924875 9.900603 857.600000 -0.998872 -5.223179
9.923853 9.901005 857.700000 -1.521190 -5.166770
9.922938 9.901139 857.800000 -2.037867 -4.701249
9.922148 9.901107 857.900000 -2.507992 -4.389428
9.921498 9.900976 858.000000 -2.946935 -4.189196
9.921002 9.900718 858.100000 -3.365854 -3.920803
9.920669 9.900377 858.200000 -3.757934 -3.734919
9.920507 9.899800 858.300000 -4.131426 -3.146346
9.920503 9.899111 858.400000 -4.446061 -2.821816
9.920649 9.898274 858.500000 -4.728243 -2.329443
9.920927 9.897348 858.600000 -4.961187 -1.972911
9.921321 9.896278 858.700000 -5.158478 -1.189839
9.921788 9.895152 858.800000 -5.277462 -0.673703
9.922295 9.894001 858.900000 -5.344832 0.089241
9.922797 9.892876 859.000000 -5.335908 0.683072
9.923257 9.891845 859.100000 -5.267601 1.434929
9.923630 9.890940 859.200000 -5.124108 2.058409
9.923883 9.890170 859.300000 -4.918267 2.559252
9.923993 9.889542 859.400000 -4.662342 2.997115
9.923945 9.889149 859.500000 -4.362630 3.608861
9.923722 9.889009 859.600000 -4.001744 4.168402
9.923316 9.889018 859.700000 -3.584904 4.464037
9.922734 9.889125 859.800000 -3.138500 4.649566
9.921996 9.889407 859.900000 -2.673544 4.962359
9.921118 9.889750 860.000000 -2.177308 5.067492
9.920127 9.890150 860.100000 -1.670558 5.163520
9.919051 9.890679 860.200000 -1.154207 5.374466
9.917921 9.891153 860.300000 -0.616760 5.285569
9.916768 9.891492 860.400000 -0.088203 5.060863
9.915626 9.891900 860.500000 0.417883 5.177789
9.914525 9.892223 860.600000 0.935662 5.034204
9.913494 9.892465 860.700000 1.439083 4.894214
9.912558 9.892646 860.800000 1.928504 4.784399
9.911743 9.892625 860.900000 2.406944 4.407516
9.911063 9.892444 861.000000 2.847695 4.082770
9.910528 9.892167 861.100000 3.255973 3.875622
9.910148 9.891800 861.200000 3.643535 3.668431
9.909931 9.891313 861.300000 4.010378 3.374553
9.909878 9.890614 861.400000 4.347833 2.783245
9.909969 9.889740 861.500000 4.626158 2.173976
9.910181 9.888787 861.600000 4.843555 1.831093
9.910497 9.887718 861.700000 5.026664 1.160784
9.910881 9.886599 861.800000 5.142743 0.692616
9.911307 9.885454 861.900000 5.212004 0.193859
9.911745 9.884313 862.000000 5.231390 -0.308245
9.912163 9.883199 862.100000 5.200566 -0.756560
9.912537 9.882112 862.200000 5.124910 -1.005751
9.912851 9.881119 862.300000 5.024335 -1.625887
9.913072 9.880187 862.400000 4.861746 -1.916582
9.913187 9.879387 862.500000 4.670088 -2.443153
9.913173 9.878727 862.600000 4.425773 -2.893721
9.913016 9.878204 862.700000 4.136400 -3.274826
9.912707 9.877921 862.800000 3.808918 -3.856254
9.912238 9.877649 862.900000 3.423292 -3.882307
9.911623 9.877486 863.000000 3.035062 -4.116006
9.910873 9.877424 863.100000 2.623461 -4.321671
9.910003 9.877488 863.200000 2.191294 -4.567834
9.909030 9.877854 863.300000 1.734511 -5.105453
9.907969 9.878358 863.400000 1.223965 -5.335885
9.906849 9.879058 863.500000 0.690377 -5.643057
9.905703 9.879536 863.600000 0.126071 -5.293356
9.904566 9.880209 863.700000 -0.403265 -5.600921
9.903473 9.880629 863.800000 -0.963357 -5.199178
9.902454 9.881019 863.900000 -1.483274 -5.147027
9.901539 9.881325 864.000000 -1.997977 -5.004457
9.900755 9.881455 864.100000 -2.498423 -4.692878
9.900119 9.881414 864.200000 -2.967711 -4.363431
9.899644 9.881132 864.300000 -3.404054 -3.859924
9.899329 9.880658 864.400000 -3.790046 -3.401273
9.899171 9.880086 864.500000 -4.130173 -3.140732
9.899168 9.879323 864.600000 -4.444247 -2.561200
9.899301 9.878447 864.700000 -4.700367 -2.147827
9.899553 9.877436 864.800000 -4.915149 -1.503740
9.899892 9.876330 864.900000 -5.065523 -0.795771
9.900277 9.875193 865.000000 -5.145100 -0.280657
9.900680 9.874055 865.100000 -5.173166 0.248666
9.901067 9.872940 865.200000 -5.148300 0.669159
9.901415 9.871864 865.300000 -5.081384 1.057532
9.901701 9.870877 865.400000 -4.975631 1.632327
9.901895 9.870012 865.500000 -4.812398 2.182244
9.901970 9.869283 865.600000 -4.594173 2.666646
9.901908 9.868735 865.700000 -4.327509 3.203439
9.901691 9.868374 865.800000 -4.007165 3.672764
9.901313 9.868259 865.900000 -3.639889 4.211245
9.900768 9.868299 866.000000 -3.218764 4.520519
9.900067 9.868623 866.100000 -2.766712 5.034509
9.899220 9.869017 866.200000 -2.263261 5.154662
9.898253 9.869467 866.300000 -1.747795 5.247571
9.897197 9.869861 866.400000 -1.223038 5.153520
9.896084 9.870466 866.500000 -0.707686 5.497764
9.894944 9.871056 866.600000 -0.157910 5.474455
9.893811 9.871581 866.700000 0.389536 5.370836
9.892719 9.871798 866.800000 0.926620 4.848155
9.891693 9.872025 866.900000 1.411435 4.865383
9.890760 9.872101 867.000000 1.897973 4.590520
9.889940 9.872113 867.100000 2.357025 4.465695
9.889253 9.871990 867.200000 2.803595 4.197326
9.888711 9.871720 867.300000 3.223327 3.881046
9.888323 9.871355 867.400000 3.611432 3.660484
9.888095 9.870742 867.500000 3.977480 3.019113
9.888011 9.870103 867.600000 4.279392 2.941759
9.888077 9.869321 867.700000 4.573568 2.483544
9.888277 9.868387 867.800000 4.821922 1.877222
9.888583 9.867370 867.900000 5.009644 1.441882
9.888974 9.866276 868.000000 5.153832 0.858559
9.889416 9.865149 868.100000 5.239688 0.406423
9.889883 9.864017 868.200000 5.280331 -0.274539
9.890333 9.862909 868.300000 5.252877 -0.689657
9.890741 9.861833 868.400000 5.183911 -1.021622
9.891089 9.860831 868.500000 5.081749 -1.523853
9.891349 9.859945 868.600000 4.929363 -2.078435
9.891493 9.859192 868.700000 4.721520 -2.574805
9.891501 9.858579 868.800000 4.464040 -3.013463
9.891360 9.858168 868.900000 4.162693 -3.545335
9.891056 9.857950 869.000000 3.808160 -3.991052
9.890587 9.857815 869.100000 3.409055 -4.166661
9.889964 9.857708 869.200000 2.992388 -4.226912
9.889206 9.857727 869.300000 2.569697 -4.477154
9.888328 9.857818 869.400000 2.121982 -4.615152
9.887349 9.858108 869.500000 1.660467 -4.975583
9.886290 9.858497 869.600000 1.162908 -5.145204
9.885178 9.858837 869.700000 0.648388 -5.063088
9.884043 9.859166 869.800000 0.142079 -5.043506
9.882914 9.859493 869.900000 -0.362272 -5.041221
9.881821 9.859725 870.000000 -0.866394 -4.873706
9.880791 9.859961 870.100000 -1.353764 -4.881590
9.879851 9.860209 870.200000 -1.841923 -4.902503
9.879028 9.860297 870.300000 -2.332174 -4.610952
9.878341 9.860268 870.400000 -2.793269 -4.382831
9.877806 9.860151 870.500000 -3.231552 -4.204438
9.877438 9.859701 870.600000 -3.651996 -3.448694
9.877221 9.859085 870.700000 -3.996865 -2.998199
9.877147 9.858330 870.800000 -4.296685 -2.562586
9.877203 9.857475 870.900000 -4.552944 -2.194534
9.877376 9.856503 871.000000 -4.772397 -1.668031
9.877642 9.855457 871.100000 -4.939200 -1.224201
9.877979 9.854342 871.200000 -5.061620 -0.518803
9.878346 9.853211 871.300000 -5.113501 -0.004756
9.878713 9.852097 871.400000 -5.113976 0.535661
9.879048 9.851018 871.500000 -5.060410 0.948347
9.879329 9.849982 871.600000 -4.965575 1.283883
9.879538 9.849082 871.700000 -4.837187 2.001716
9.879638 9.848281 871.800000 -4.637015 2.390904
9.879614 9.847691 871.900000 -4.397925 3.067379
9.879441 9.847256 872.000000 -4.091187 3.481431
9.879111 9.846930 872.100000 -3.743044 3.741883
9.878629 9.846820 872.200000 -3.368856 4.215542
9.877995 9.846824 872.300000 -2.947302 4.445070
9.877222 9.847052 872.400000 -2.502795 4.866193
9.876323 9.847467 872.500000 -2.016175 5.189467
9.875319 9.848045 872.600000 -1.497228 5.458547
9.874240 9.848704 872.700000 -0.951374 5.585712
9.873117 9.849332 872.800000 -0.392803 5.536704
9.871988 9.849945 872.900000 0.160868 5.513564
9.870886 9.850572 873.000000 0.712224 5.536713
9.869848 9.851157 873.100000 1.265896 5.468814
9.868905 9.851708 873.200000 1.812777 5.415698
9.868093 9.852173 873.300000 2.354347 5.275484
9.867439 9.852555 873.400000 2.881895 5.134796
9.866969 9.852746 873.500000 3.395375 4.801807
9.866699 9.852728 873.600000 3.875555 4.402953
9.866636 9.852460 873.700000 4.315851 3.875865
9.866772 9.852089 873.800000 4.703437 3.635037
9.867112 9.851482 873.900000 5.066941 3.015711
9.867632 9.850734 874.000000 5.368512 2.575705
9.868314 9.849822 874.100000 5.626082 1.938219
9.869122 9.848802 874.200000 5.819904 1.364095
9.870022 9.847686 874.300000 5.956314 0.425862
9.870951 9.846560 874.400000 5.998900 0.041707
9.871883 9.845449 874.500000 6.003071 -0.508527
9.872779 9.844392 874.600000 5.952218 -1.092080
9.873602 9.843374 874.700000 5.843010 -1.373073
9.874334 9.842453 874.800000 5.705703 -1.888564
9.874945 9.841649 874.900000 5.516846 -2.371120
9.875409 9.841002 875.000000 5.279734 -2.891407
9.875703 9.840537 875.100000 4.990594 -3.396579
9.875811 9.840326 875.200000 4.650936 -3.997801
9.875715 9.840447 875.300000 4.251156 -4.669343
9.875405 9.840898 875.400000 3.784221 -5.251876
9.874883 9.841631 875.500000 3.259034 -5.702455
9.874168 9.842553 875.600000 2.688788 -5.986079
9.873290 9.843620 875.700000 2.090180 -6.193864
9.872287 9.844773 875.800000 1.470794 -6.316159
9.871200 9.846126 875.900000 0.839178 -6.587382
9.870075 9.847362 876.000000 0.180440 -6.430025
9.868961 9.848529 876.100000 -0.462563 -6.336053
9.867903 9.849497 876.200000 -1.096168 -6.055651
9.866942 9.850305 876.300000 -1.701733 -5.819299
9.866114 9.851163 876.400000 -2.283663 -5.892876
9.865459 9.852036 876.500000 -2.872951 -5.917955
9.865019 9.852726 876.600000 -3.464746 -5.638167
9.864819 9.853195 876.700000 -4.028563 -5.284849
9.864878 9.853462 876.800000 -4.557048 -4.939552
9.865208 9.853432 876.900000 -5.051003 -4.379430
9.865801 9.853171 877.000000 -5.488946 -3.889082
9.866645 9.852696 877.100000 -5.877854 -3.371504
9.867722 9.851981 877.200000 -6.215005 -2.676323
9.868992 9.851097 877.300000 -6.482637 -2.048387
9.870416 9.850098 877.400000 -6.687476 -1.471420
9.871953 9.849020 877.500000 -6.834618 -0.881056
9.873558 9.847898 877.600000 -6.922723 -0.103166
9.875171 9.846806 877.700000 -6.933040 0.718101
9.876727 9.845778 877.800000 -6.861230 1.282055
9.878184 9.844860 877.900000 -6.733024 1.891456
9.879497 9.844091 878.000000 -6.543879 2.487252
9.880629 9.843533 878.100000 -6.295153 3.144157
9.881540 9.843247 878.200000 -5.980738 3.829716
9.882199 9.843136 878.300000 -5.597766 4.211859
9.882599 9.843407 878.400000 -5.176580 4.943202
9.882722 9.844073 878.500000 -4.682260 5.603991
9.882564 9.845005 878.600000 -4.121861 6.005730
9.882145 9.846010 878.700000 -3.521288 6.111705
9.881502 9.847113 878.800000 -2.910117 6.250620
9.880675 9.848351 878.900000 -2.285055 6.439573
9.879704 9.849753 879.000000 -1.641098 6.659309
9.878635 9.850941 879.100000 -0.975167 6.370073
9.877518 9.852233 879.200000 -0.338160 6.514232
9.876400 9.853518 879.300000 0.313263 6.504097
9.875330 9.854880 879.400000 0.963673 6.606944
9.874357 9.856314 879.500000 1.624368 6.703626
9.873534 9.857451 879.600000 2.294730 6.302177
9.872898 9.858377 879.700000 2.924948 6.000895
9.872482 9.859001 879.800000 3.525037 5.540056
9.872306 9.859374 879.900000 4.079043 5.128135
9.872382 9.859456 880.000000 4.591856 4.598729
9.872710 9.859325 880.100000 5.051729 4.173942
9.873287 9.859061 880.200000 5.469124 3.881150
9.874114 9.858518 880.300000 5.857239 3.188135
9.875159 9.857748 880.400000 6.176052 2.481455
9.876381 9.856825 880.500000 6.424198 1.860683
9.877740 9.855787 880.600000 6.610266 1.192906
9.879189 9.854694 880.700000 6.729556 0.680726
9.880691 9.853577 880.800000 6.797629 0.148308
9.882203 9.852471 880.900000 6.812460 -0.467714
9.883679 9.851420 881.000000 6.765688 -1.087365
9.885072 9.850494 881.100000 6.656952 -1.840002
9.886327 9.849698 881.200000 6.472952 -2.383944
9.887411 9.849181 881.300000 6.234557 -3.251125
9.888270 9.848902 881.400000 5.909445 -3.846248
9.888879 9.848982 881.500000 5.524820 -4.593499
9.889213 9.849422 881.600000 5.065470 -5.239988
9.889261 9.850217 881.700000 4.541471 -5.806489
9.889029 9.851236 881.800000 3.960822 -6.137986
9.888543 9.852510 881.900000 3.347024 -6.495111
9.887834 9.853983 882.000000 2.697513 -6.759606
9.886945 9.855545 882.100000 2.021552 -6.874306
9.885925 9.857195 882.200000 1.334122 -6.987392
9.884828 9.859011 882.300000 0.635382 -7.195317
9.883708 9.861113 882.400000 -0.084149 -7.537310
9.882628 9.863319 882.500000 -0.837880 -7.659257
9.881654 9.865420 882.600000 -1.603806 -7.538193
9.880850 9.867071 882.700000 -2.357626 -6.991317
9.880260 9.868504 882.800000 -3.056757 -6.710622
9.879928 9.869694 882.900000 -3.727819 -6.383809
9.879888 9.870498 883.000000 -4.366200 -5.825681
9.880156 9.870974 883.100000 -4.948768 -5.305569
9.880737 9.871237 883.200000 -5.479325 -4.939005
9.881638 9.871284 883.300000 -5.973226 -4.534869
9.882857 9.871006 883.400000 -6.426713 -3.851765
9.884364 9.870363 883.500000 -6.811889 -2.895613
9.886099 9.869492 883.600000 -7.101451 -2.085903
9.888003 9.868443 883.700000 -7.310041 -1.089348
9.889998 9.867332 883.800000 -7.418976 -0.312511
9.892019 9.866220 883.900000 -7.450227 0.279864
9.894016 9.865159 884.000000 -7.422240 0.983422
9.895930 9.864198 884.100000 -7.323898 1.653066
9.897708 9.863405 884.200000 -7.158592 2.389449
9.899296 9.862842 884.300000 -6.919647 3.126430
9.900645 9.862623 884.400000 -6.607004 3.980140
9.901704 9.862695 884.500000 -6.208990 4.582602
9.902454 9.863089 884.600000 -5.750730 5.167869
9.902883 9.863816 884.700000 -5.233943 5.707868
9.902993 9.865011 884.800000 -4.663156 6.393465
9.902789 9.866355 884.900000 -4.023809 6.596866
9.902309 9.867905 885.000000 -3.364123 6.868141
9.901595 9.869666 885.100000 -2.677309 7.135433
9.900695 9.871645 885.200000 -1.963765 7.401229
9.899661 9.873609 885.300000 -1.223642 7.383600
9.898556 9.875579 885.400000 -0.485282 7.392290
9.897442 9.877503 885.500000 0.253947 7.337273
9.896380 9.879523 885.600000 0.987674 7.452070
9.895432 9.881222 885.700000 1.732881 7.060598
9.894651 9.882756 885.800000 2.438941 6.851562
9.894085 9.884340 885.900000 3.124097 6.916494
9.893790 9.885802 886.000000 3.815746 6.758313
9.893812 9.886985 886.100000 4.491578 6.383068
9.894180 9.887654 886.200000 5.129884 5.624591
9.894891 9.887983 886.300000 5.692343 5.060165
9.895942 9.887949 886.400000 6.198360 4.378780
9.897310 9.887630 886.500000 6.636238 3.755686
9.898966 9.887073 886.600000 7.011807 3.146726
9.900876 9.886307 886.700000 7.326479 2.487624
9.902995 9.885360 886.800000 7.575242 1.723473
9.905262 9.884321 886.900000 7.747589 1.163461
9.907631 9.883213 887.000000 7.863935 0.310739
9.910027 9.882114 887.100000 7.895009 -0.529824
9.912376 9.881111 887.200000 7.842026 -1.398977
9.914601 9.880272 887.300000 7.702129 -2.206118
9.916637 9.879703 887.400000 7.481517 -3.108722
9.918417 9.879481 887.500000 7.170645 -3.977551
9.919883 9.879507 887.600000 6.772890 -4.496550
9.921017 9.879824 887.700000 6.323235 -5.038044
9.921807 9.880326 887.800000 5.819430 -5.354855
9.922262 9.881177 887.900000 5.283945 -5.906052
9.922385 9.882225 888.000000 4.693339 -6.194306
9.922202 9.883639 888.100000 4.073909 -6.699547
9.921737 9.885479 888.200000 3.403954 -7.242917
9.921025 9.887568 888.300000 2.679662 -7.542719
9.920117 9.889979 888.400000 1.925390 -7.913054
9.919073 9.892473 888.500000 1.134085 -8.005965
9.917963 9.895214 888.600000 0.333489 -8.277305
9.916860 9.897914 888.700000 -0.494242 -8.232503
9.915842 9.900529 888.800000 -1.317492 -8.142199
9.914983 9.903117 888.900000 -2.131712 -8.112154
9.914355 9.905681 889.000000 -2.942928 -8.087639
9.914031 9.907814 889.100000 -3.751691 -7.599334
9.914061 9.909464 889.200000 -4.511625 -7.011499
9.914474 9.910730 889.300000 -5.212775 -6.506542
9.915291 9.911657 889.400000 -5.863429 -6.026235
9.916527 9.912127 889.500000 -6.466052 -5.308914
9.918164 9.912377 889.600000 -6.996944 -4.926775
9.920201 9.912262 889.700000 -7.489621 -4.216451
9.922603 9.911804 889.800000 -7.911266 -3.415474
9.925314 9.911105 889.900000 -8.252814 -2.715972
9.928281 9.910223 890.000000 -8.524411 -2.031295
9.931444 9.909177 890.100000 -8.727541 -1.091519
9.934714 9.908069 890.200000 -8.836692 -0.305717
9.938014 9.906991 890.300000 -8.867264 0.792232
9.941234 9.906034 890.400000 -8.788041 1.663996
9.944291 9.905291 890.500000 -8.621641 2.564971
9.947102 9.904877 890.600000 -8.365144 3.524732
9.949589 9.904856 890.700000 -8.012671 4.410239
9.951690 9.905357 890.800000 -7.571647 5.359086
9.953351 9.906339 890.900000 -7.035739 6.108697
9.954550 9.907879 891.000000 -6.424869 6.874621
9.955280 9.909991 891.100000 -5.737407 7.580517
9.955554 9.912436 891.200000 -4.979355 7.962539
9.955419 9.915349 891.300000 -4.183101 8.470663
9.954926 9.918569 891.400000 -3.336035 8.789020
9.954148 9.922171 891.500000 -2.457133 9.169012
9.953165 9.925839 891.600000 -1.540232 9.233731
9.952070 9.929651 891.700000 -0.616859 9.372219
9.950960 9.933591 891.800000 0.320363 9.494524
9.949935 9.937172 891.900000 1.269816 9.151640
9.949087 9.940742 892.000000 2.184980 9.141432
9.948510 9.943775 892.100000 3.099123 8.601913
9.948274 9.946280 892.200000 3.959314 8.037544
9.948430 9.948337 892.300000 4.763069 7.523657
9.949020 9.950058 892.400000 5.515434 7.114566
9.950077 9.951442 892.500000 6.226891 6.678991
9.951625 9.952269 892.600000 6.894790 5.886935
9.953647 9.952571 892.700000 7.483484 5.031080
9.956104 9.952373 892.800000 7.986592 4.045329
9.958931 9.951839 892.900000 8.391124 3.219111
9.962066 9.951002 893.000000 8.713036 2.225519
9.965421 9.949994 893.100000 8.935587 1.380550
9.968913 9.948887 893.200000 9.073642 0.335851
9.972439 9.947791 893.300000 9.107228 -0.558876
9.975908 9.946816 893.400000 9.051340 -1.573573
9.979218 9.945980 893.500000 8.893983 -2.223473
9.982308 9.945454 893.600000 8.671635 -3.240839
9.985089 9.945224 893.700000 8.347552 -3.970751
9.987508 9.945361 893.800000 7.950477 -4.728349
9.989518 9.945833 893.900000 7.477642 -5.321856
9.991098 9.946484 894.000000 6.945456 -5.615581
9.992260 9.947518 894.100000 6.383898 -6.195878
9.993000 9.949058 894.200000 5.764310 -6.887160
9.993323 9.950918 894.300000 5.075594 -7.291969
9.993262 9.953192 894.400000 4.346397 -7.783482
9.992856 9.955735 894.500000 3.568049 -8.087355
9.992165 9.958577 894.600000 2.759313 -8.412605
9.991254 9.961753 894.700000 1.918053 -8.760385
9.990198 9.964869 894.800000 1.042014 -8.700147
9.989084 9.968059 894.900000 0.172000 -8.776486
9.987995 9.971317 895.000000 -0.705649 -8.846668
9.987021 9.974642 895.100000 -1.590316 -8.915462
9.986249 9.977944 895.200000 -2.481862 -8.892171
9.985769 9.980986 895.300000 -3.371079 -8.626804
9.985654 9.983730 895.400000 -4.233759 -8.313741
9.985972 9.986130 895.500000 -5.065134 -7.933995
9.986773 9.988184 895.600000 -5.858533 -7.534813
9.988098 9.989565 895.700000 -6.612014 -6.687660
9.989942 9.990404 895.800000 -7.280780 -5.915799
9.992285 9.990730 895.900000 -7.872360 -5.082550
9.995089 9.990644 896.000000 -8.380615 -4.293191
9.998304 9.990095 896.100000 -8.809934 -3.186759
10.001837 9.989205 896.200000 -9.128610 -2.004915
10.005576 9.988176 896.300000 -9.329102 -1.240356
10.009444 9.987063 896.400000 -9.453137 -0.120961
10.013324 9.985977 896.500000 -9.465234 0.701672
10.017129 9.985032 896.600000 -9.395066 1.740910
10.020752 9.984278 896.700000 -9.220975 2.540195
10.024117 9.983852 896.800000 -8.966956 3.509689
10.027138 9.983751 896.900000 -8.615987 4.261282
10.029758 9.984096 897.000000 -8.189859 5.115109
10.031926 9.985001 897.100000 -7.678348 6.016022
10.033599 9.986336 897.200000 -7.076746 6.627785
10.034773 9.988241 897.300000 -6.413967 7.359929
10.035451 9.990537 897.400000 -5.677974 7.822512
10.035668 9.993050 897.500000 -4.895723 8.067541
10.035481 9.995911 897.600000 -4.088969 8.448019
10.034950 9.999241 897.700000 -3.244167 8.932200
10.034140 10.002944 897.800000 -2.350947 9.300378
10.033135 10.006764 897.900000 -1.420909 9.412775
10.032030 10.010607 898.000000 -0.479632 9.436296
10.030925 10.014547 898.100000 0.463998 9.528634
10.029921 10.018334 898.200000 1.416861 9.384775
10.029113 10.021839 898.300000 2.355339 9.111500
10.028590 10.025013 898.400000 3.266489 8.779473
10.028430 10.027772 898.500000 4.144436 8.344490
10.028693 10.030185 898.600000 4.978885 7.963879
10.029433 10.032155 898.700000 5.775273 7.448780
10.030682 10.033553 898.800000 6.520151 6.722143
10.032443 10.034367 898.900000 7.192365 5.891419
10.034695 10.034840 899.000000 7.781507 5.345152
10.037424 10.034834 899.100000 8.316022 4.468056
10.040578 10.034434 899.200000 8.762828 3.588356
10.044087 10.033710 899.300000 9.121664 2.655719
10.047868 10.032760 899.400000 9.387235 1.721132
10.051830 10.031661 899.500000 9.559349 0.548781
10.055850 10.030563 899.600000 9.614227 -0.550847
10.059810 10.029594 899.700000 9.559142 -1.618055
10.063599 10.028858 899.800000 9.397337 -2.609285
10.067118 10.028474 899.900000 9.136408 -3.626214
10.070276 10.028425 900.000000 8.773787 -4.379683
10.073017 10.028823 900.100000 8.335818 -5.216782
10.075289 10.029694 900.200000 7.814140 -5.978164
10.077062 10.031133 900.300000 7.216324 -6.780767
10.078316 10.032995 900.400000 6.538247 -7.321481
10.079069 10.035278 900.500000 5.806099 -7.822323
10.079351 10.037894 900.600000 5.023867 -8.196708
10.079213 10.041028 900.700000 4.204196 -8.749285
10.078709 10.044401 900.800000 3.329267 -8.991348
10.077919 10.048285 900.900000 2.430133 -9.491284
10.076922 10.052236 901.000000 1.481004 -9.554610
10.075819 10.056439 901.100000 0.525543 -9.791211
10.074713 10.060843 901.200000 -0.453578 -9.975045
10.073712 10.065061 901.300000 -1.451083 -9.805921
10.072922 10.069041 901.400000 -2.431675 -9.586014
10.072442 10.072537 901.500000 -3.390276 -9.120873
10.072352 10.075563 901.600000 -4.302363 -8.643522
10.072715 10.078327 901.700000 -5.166715 -8.366739
10.073596 10.080666 901.800000 -6.003389 -7.896259
10.075037 10.082463 901.900000 -6.793015 -7.251286
10.077053 10.083683 902.000000 -7.518144 -6.493317
10.079633 10.084219 902.100000 -8.167475 -5.463613
10.082724 10.084257 902.200000 -8.713837 -4.566644
10.086266 10.083967 902.300000 -9.170501 -3.863605
10.090209 10.083346 902.400000 -9.556862 -2.993154
10.094472 10.082443 902.500000 -9.856177 -1.965105
10.098951 10.081378 902.600000 -10.052688 -0.972657
10.103538 10.080262 902.700000 -10.149953 -0.010835
10.108126 10.079213 902.800000 -10.151037 1.106774
10.112588 10.078333 902.900000 -10.040359 2.064530
10.116822 10.077740 903.000000 -9.833906 3.075020
10.120726 10.077569 903.100000 -9.526404 4.129397
10.124203 10.077839 903.200000 -9.113465 5.003595
10.127188 10.078777 903.300000 -8.613105 6.091699
10.129613 10.080251 903.400000 -8.003935 6.840004
10.131457 10.082254 903.500000 -7.319935 7.507535
10.132723 10.084998 903.600000 -6.569181 8.352435
10.133421 10.088294 903.700000 -5.733938 8.930031
10.133596 10.092003 903.800000 -4.840935 9.339734
10.133319 10.096569 903.900000 -3.906961 10.136196
10.132662 10.101397 904.000000 -2.893342 10.367514
10.131731 10.106270 904.100000 -1.856590 10.408033
10.130648 10.111221 904.200000 -0.815787 10.476817
10.129531 10.115767 904.300000 0.231895 10.121263
10.128496 10.120207 904.400000 1.244021 10.027406
10.127656 10.124771 904.500000 2.246762 10.140056
10.127124 10.129080 904.600000 3.260767 9.910343
10.127004 10.132921 904.700000 4.251801 9.474058
10.127378 10.136156 904.800000 5.199207 8.878403
10.128306 10.138991 904.900000 6.087048 8.460925
10.129843 10.141265 905.000000 6.933140 7.837405
10.132013 10.142858 905.100000 7.716880 7.009218
10.134807 10.143867 905.200000 8.417802 6.209145
10.138200 10.144332 905.300000 9.038717 5.357873
10.142142 10.144219 905.400000 9.574504 4.270885
10.146545 10.143677 905.500000 10.001593 3.236774
10.151310 10.142818 905.600000 10.325270 2.173525
10.156325 10.141781 905.700000 10.542623 1.228654
10.161482 10.140663 905.800000 10.665488 0.118876
10.166652 10.139592 905.900000 10.677376 -0.934642
10.171712 10.138671 906.000000 10.583911 -1.897778
10.176550 10.138056 906.100000 10.394134 -3.021497
10.181046 10.137952 906.200000 10.091984 -4.287235
10.185074 10.138378 906.300000 9.663260 -5.292113
10.188552 10.139386 906.400000 9.134049 -6.209680
10.191425 10.140890 906.500000 8.513081 -6.895160
10.193677 10.143135 906.600000 7.823565 -7.809733
10.195287 10.146129 906.700000 7.042592 -8.635786
10.196268 10.149989 906.800000 6.179013 -9.503062
10.196651 10.154240 906.900000 5.228707 -9.869657
10.196519 10.159113 907.000000 4.241741 -10.426751
10.195959 10.164399 907.100000 3.199066 -10.780770
10.195083 10.169826 907.200000 2.120989 -10.899971
10.194018 10.175525 907.300000 1.030992 -11.125570
10.192895 10.181512 907.400000 -0.081565 -11.358143
10.191854 10.187376 907.500000 -1.217379 -11.260489
10.191033 10.192865 907.600000 -2.343428 -10.955950
10.190562 10.198120 907.700000 -3.439023 -10.760922
10.190562 10.202925 907.800000 -4.515115 -10.374528
10.191138 10.206864 907.900000 -5.552568 -9.588672
10.192350 10.210154 908.000000 -6.511435 -8.953911
10.194248 10.212611 908.100000 -7.406827 -8.064675
10.196839 10.214317 908.200000 -8.213294 -7.171661
10.200106 10.215501 908.300000 -8.930460 -6.475821
10.204033 10.216204 908.400000 -9.578042 -5.762462
10.208584 10.216399 908.500000 -10.154289 -4.896432
10.213694 10.216110 908.600000 -10.643932 -3.894895
10.219268 10.215386 908.700000 -11.033421 -2.699276
10.225172 10.214413 908.800000 -11.303349 -1.653664
10.231282 10.213306 908.900000 -11.468715 -0.546433
10.237460 10.212204 909.000000 -11.523359 0.634627
10.243556 10.211268 909.100000 -11.459896 1.840687
10.249421 10.210607 909.200000 -11.275827 2.900203
10.254930 10.210314 909.300000 -10.985807 3.884898
10.259976 10.210578 909.400000 -10.597317 5.023041
10.264450 10.211397 909.500000 -10.095013 5.941825
10.268283 10.212828 909.600000 -9.500830 6.817016
10.271429 10.214776 909.700000 -8.819129 7.473744
10.273880 10.217286 909.800000 -8.071754 8.130819
10.275646 10.220630 909.900000 -7.258673 9.016217
10.276737 10.224483 910.000000 -6.357051 9.517367
10.277213 10.228866 910.100000 -5.405314 10.011958
10.277149 10.233572 910.200000 -4.404118 10.301805
10.276646 10.238631 910.300000 -3.373938 10.610815
10.275811 10.244212 910.400000 -2.312856 11.050412
10.274762 10.249829 910.500000 -1.207815 11.080895
10.273635 10.255349 910.600000 -0.099726 11.001180
10.272562 10.260861 910.700000 1.000392 10.996836
10.271676 10.266026 910.800000 2.100076 10.705550
10.271100 10.271042 910.900000 3.170631 10.579596
10.270954 10.275538 911.000000 4.228590 10.122433
10.271334 10.279441 911.100000 5.240834 9.574859
10.272315 10.282784 911.200000 6.198320 9.027731
10.273954 10.285396 911.300000 7.101093 8.256970
10.276274 10.287273 911.400000 7.926790 7.401158
10.279267 10.288358 911.500000 8.666906 6.352976
10.282885 10.288824 911.600000 9.302203 5.391566
10.287068 10.288718 911.700000 9.841360 4.318902
10.291727 10.288187 911.800000 10.273250 3.298832
10.296762 10.287367 911.900000 10.603133 2.371079
10.302075 10.286310 912.000000 10.840241 1.139110
10.307523 10.285182 912.100000 10.954152 -0.019060
10.312967 10.284098 912.200000 10.952246 -0.887813
10.318304 10.283274 912.300000 10.863465 -2.349632
10.323363 10.282751 912.400000 10.628502 -3.322144
10.328040 10.282563 912.500000 10.296287 -4.138345
10.332259 10.282847 912.600000 9.882453 -5.074658
10.335941 10.283574 912.700000 9.374987 -5.817587
10.339044 10.284827 912.800000 8.793228 -6.591288
10.341535 10.286642 912.900000 8.134099 -7.328027
10.343402 10.289110 913.000000 7.401297 -8.102368
10.344648 10.292120 913.100000 6.591060 -8.692340
10.345307 10.295897 913.200000 5.721826 -9.463960
10.345423 10.300321 913.300000 4.775430 -10.070386
10.345068 10.305221 913.400000 3.768391 -10.494016
10.344340 10.310203 913.500000 2.718990 -10.566303
10.343359 10.315512 913.600000 1.662360 -10.845471
10.342246 10.320794 913.700000 0.577812 -10.824385
10.341128 10.326177 913.800000 -0.504626 -10.909983
10.340136 10.331381 913.900000 -1.595624 -10.760525
10.339395 10.336159 914.000000 -2.671677 -10.392641
10.339017 10.340654 914.100000 -3.710941 -10.142433
10.339107 10.344557 914.200000 -4.725184 -9.594456
10.339744 10.348022 914.300000 -5.684630 -9.168247
10.340996 10.351107 914.400000 -6.601455 -8.781721
10.342924 10.353434 914.500000 -7.479627 -7.953857
10.345536 10.355066 914.600000 -8.275012 -7.111212
10.348819 10.356020 914.700000 -8.986134 -6.177393
10.352728 10.356448 914.800000 -9.603873 -5.343373
10.357213 10.356420 914.900000 -10.138210 -4.493508
10.362206 10.355812 915.000000 -10.587561 -3.097516
10.367562 10.354876 915.100000 -10.897313 -1.891701
10.373143 10.353766 915.200000 -11.086483 -0.619012
10.378799 10.352641 915.300000 -11.148384 0.340884
10.384411 10.351586 915.400000 -11.114296 1.178453
10.389881 10.350784 915.500000 -10.996450 2.452727
10.395058 10.350295 915.600000 -10.751178 3.425401
10.399837 10.350239 915.700000 -10.408638 4.436037
10.404123 10.350683 915.800000 -9.965034 5.369416
10.407839 10.351647 915.900000 -9.428092 6.193757
10.410938 10.353019 916.000000 -8.808717 6.770721
10.413410 10.354850 916.100000 -8.131644 7.366577
10.415258 10.357364 916.200000 -7.394987 8.171595
10.416482 10.360320 916.300000 -6.577827 8.653705
10.417126 10.363993 916.400000 -5.712457 9.384136
10.417233 10.368349 916.500000 -4.774043 10.028957
10.416872 10.372891 916.600000 -3.771147 10.198195
10.416149 10.377762 916.700000 -2.751328 10.491175
10.415171 10.382923 916.800000 -1.702210 10.742559
10.414056 10.388113 916.900000 -0.627954 10.767839
10.412932 10.393109 917.000000 0.448829 10.602316
10.411921 10.398073 917.100000 1.509061 10.575977
10.411145 10.402412 917.200000 2.566659 10.019474
10.410704 10.406407 917.300000 3.568606 9.701083
10.410692 10.410017 917.400000 4.538714 9.330522
10.411189 10.413226 917.500000 5.471767 8.927472
10.412261 10.415775 917.600000 6.364514 8.223237
10.413940 10.417782 917.700000 7.186838 7.594560
10.416245 10.419147 917.800000 7.946294 6.773876
10.419161 10.419839 917.900000 8.623681 5.791941
10.422639 10.419979 918.000000 9.202875 4.838544
10.426613 10.419635 918.100000 9.686730 3.809384
10.430997 10.418978 918.200000 10.067668 2.962448
10.435709 10.418052 918.300000 10.363913 1.956799
10.440642 10.416958 918.400000 10.559593 0.859470
10.445674 10.415824 918.500000 10.645540 -0.019867
10.450703 10.414745 918.600000 10.643553 -1.006934
10.455614 10.413863 918.700000 10.542860 -2.148359
10.460280 10.413284 918.800000 10.328024 -3.192422
10.464592 10.413224 918.900000 10.008782 -4.441322
10.468431 10.413571 919.000000 9.564649 -5.215385
10.471740 10.414279 919.100000 9.043111 -5.817172
10.474495 10.415450 919.200000 8.461394 -6.508957
10.476673 10.417156 919.300000 7.810498 -7.224483
10.478266 10.419418 919.400000 7.088050 -7.901158
10.479283 10.422228 919.500000 6.297934 -8.516209
10.479756 10.425488 919.600000 5.446313 -8.989042
10.479741 10.429165 919.700000 4.547409 -9.407347
10.479309 10.433408 919.800000 3.606674 -9.946203
10.478541 10.438106 919.900000 2.612054 -10.358981
10.477537 10.442847 920.000000 1.576156 -10.398009
10.476414 10.447912 920.100000 0.536355 -10.682207
10.475291 10.452754 920.200000 -0.531866 -10.488878
10.474288 10.457594 920.300000 -1.580754 -10.488071
10.473526 10.462037 920.400000 -2.629561 -10.134461
10.473109 10.466159 920.500000 -3.643007 -9.839224
10.473134 10.470173 920.600000 -4.626929 -9.739246
10.473700 10.473329 920.700000 -5.600854 -8.891521
10.474850 10.475974 920.800000 -6.490006 -8.346698
10.476625 10.477809 920.900000 -7.324676 -7.399639
10.479018 10.479018 921.000000 -8.064640 -6.574282
10.482010 10.479662 921.100000 -8.722068 -5.729315
10.485561 10.479768 921.200000 -9.294999 -4.787191
10.489607 10.479332 921.300000 -9.773719 -3.595635
10.494040 10.478567 921.400000 -10.133282 -2.617930
10.498764 10.477552 921.500000 -10.395075 -1.500102
10.503657 10.476428 921.600000 -10.545085 -0.488314
10.508605 10.475310 921.700000 -10.593917 0.580626
10.513485 10.474326 921.800000 -10.535854 1.675826
10.518175 10.473552 921.900000 -10.368271 2.581861
10.522577 10.473062 922.000000 -10.110085 3.451058
10.526606 10.473082 922.100000 -9.764980 4.618540
10.530156 10.473704 922.200000 -9.303126 5.692956
10.533150 10.475023 922.300000 -8.733830 6.729360
10.535530 10.477007 922.400000 -8.060894 7.585890
10.537278 10.479518 922.500000 -7.302305 8.202886
10.538412 10.482824 922.600000 -6.482016 9.053903
10.538955 10.486786 922.700000 -5.576626 9.699733
10.538963 10.490903 922.800000 -4.606653 9.846855
10.538532 10.495203 922.900000 -3.621967 10.018113
10.537762 10.499574 923.000000 -2.620156 10.084616
10.536761 10.504118 923.100000 -1.611694 10.242055
10.535639 10.508636 923.200000 -0.587489 10.219144
10.534508 10.513240 923.300000 0.434426 10.298069
10.533484 10.517391 923.400000 1.464232 9.884282
10.532669 10.521513 923.500000 2.452661 9.856998
10.532168 10.525547 923.600000 3.438360 9.776510
10.532084 10.529429 923.700000 4.416011 9.631888
10.532510 10.532952 923.800000 5.379200 9.281803
10.533523 10.535849 923.900000 6.307381 8.637366
10.535165 10.537987 924.000000 7.171117 7.783347
10.537444 10.539528 924.100000 7.949452 7.039865
10.540355 10.540473 924.200000 8.653438 6.208900
10.543867 10.540758 924.300000 9.274328 5.133379
10.547908 10.540668 924.400000 9.787666 4.406081
10.552424 10.540042 924.500000 10.228274 3.083796
10.557286 10.539126 924.600000 10.536654 2.036329
10.562381 10.538031 924.700000 10.740287 0.901652
10.567580 10.536898 924.800000 10.830452 -0.343700
10.572738 10.535887 924.900000 10.796082 -1.539916
10.577717 10.535033 925.000000 10.642090 -2.296113
10.582432 10.534537 925.100000 10.412479 -3.447708
10.586766 10.534472 925.200000 10.067708 -4.457422
10.590624 10.534908 925.300000 9.621966 -5.398982
10.593936 10.535900 925.400000 9.082068 -6.278759
10.596652 10.537516 925.500000 8.454192 -7.140835
10.598744 10.539569 925.600000 7.740109 -7.686703
10.600224 10.541991 925.700000 6.971438 -8.119039
10.601128 10.544981 925.800000 6.159534 -8.744417
10.601491 10.548410 925.900000 5.285093 -9.197493
10.601375 10.552462 926.000000 4.365343 -9.805566
10.600849 10.557002 926.100000 3.384787 -10.256659
10.600005 10.561743 926.200000 2.359121 -10.437660
10.598954 10.566619 926.300000 1.315355 -10.557257
10.597814 10.571590 926.400000 0.259629 -10.641762
10.596705 10.576672 926.500000 -0.804547 -10.739312
10.595752 10.581576 926.600000 -1.878478 -10.584642
10.595074 10.585910 926.700000 -2.936943 -10.075205
10.594770 10.589998 926.800000 -3.944463 -9.846052
10.594938 10.593874 926.900000 -4.929068 -9.646057
10.595668 10.597319 927.000000 -5.893674 -9.222799
10.597031 10.600010 927.100000 -6.815954 -8.432024
10.599051 10.601941 927.200000 -7.659156 -7.550468
10.601725 10.603008 927.300000 -8.414203 -6.403398
10.605002 10.603709 927.400000 -9.054543 -5.848727
10.608867 10.603822 927.500000 -9.639416 -4.826831
10.613246 10.603468 927.600000 -10.122099 -3.826574
10.618048 10.602748 927.700000 -10.504756 -2.802239
10.623172 10.601765 927.800000 -10.784980 -1.719668
10.628496 10.600644 927.900000 -10.956947 -0.638156
10.633894 10.599514 928.000000 -11.020763 0.459052
10.639236 10.598476 928.100000 -10.974857 1.391177
10.644414 10.597663 928.200000 -10.835740 2.472059
10.649306 10.597302 928.300000 -10.588534 3.806431
10.653770 10.597564 928.400000 -10.207891 5.104628
10.657687 10.598465 928.500000 -9.697428 6.159024
10.660979 10.599917 928.600000 -9.081525 6.939990
10.663619 10.601984 928.700000 -8.387526 7.720115
10.665592 10.604633 928.800000 -7.615515 8.390748
10.666916 10.607763 928.900000 -6.776440 8.908660
10.667632 10.611420 929.000000 -5.885574 9.443498
10.667798 10.615692 929.100000 -4.941224 10.030134
10.667484 10.620587 929.200000 -3.938211 10.593111
10.666782 10.625980 929.300000 -2.878900 11.022289
10.665804 10.631577 929.400000 -1.776671 11.193326
10.664680 10.637230 929.500000 -0.657338 11.241429
10.663545 10.642765 929.600000 0.466805 11.144153
10.662533 10.648167 929.700000 1.581220 11.033927
10.661773 10.653335 929.800000 2.684613 10.835067
10.661390 10.658239 929.900000 3.768119 10.607609
10.661498 10.662656 930.000000 4.828880 10.172510
10.662189 10.666484 930.100000 5.846131 9.620687
10.663534 10.669580 930.200000 6.808200 8.883975
10.665571 10.672021 930.300000 7.696597 8.171386
10.668320 10.673766 930.400000 8.513736 7.335829
10.671768 10.674722 930.500000 9.247319 6.256525
10.675858 10.675141 930.600000 9.872971 5.397755
10.680535 10.674888 930.700000 10.412747 4.079325
10.685677 10.674175 930.800000 10.820679 2.841843
10.691152 10.673198 930.900000 11.104864 1.777605
10.696840 10.672069 931.000000 11.282624 0.577980
10.702596 10.670939 931.100000 11.340422 -0.533995
10.708287 10.669919 931.200000 11.287023 -1.535122
10.713791 10.669122 931.300000 11.133511 -2.546652
10.718994 10.668640 931.400000 10.878845 -3.514650
10.723791 10.668507 931.500000 10.527380 -4.344315
10.728107 10.668849 931.600000 10.092949 -5.263374
10.731867 10.669723 931.700000 9.566611 -6.133792
10.735016 10.671348 931.800000 8.953232 -7.185566
10.737502 10.673844 931.900000 8.234676 -8.237570
10.739296 10.677002 932.000000 7.410919 -8.957215
10.740421 10.680763 932.100000 6.515197 -9.563587
10.740926 10.685244 932.200000 5.558838 -10.242651
10.740877 10.690004 932.300000 4.534573 -10.495279
10.740376 10.695237 932.400000 3.485045 -10.907343
10.739532 10.700558 932.500000 2.394311 -10.983375
10.738470 10.706010 932.600000 1.295974 -11.095005
10.737321 10.711362 932.700000 0.186473 -11.011907
10.736215 10.716670 932.800000 -0.914718 -10.975056
10.735281 10.721842 932.900000 -2.012223 -10.860613
10.734645 10.726753 933.000000 -3.098284 -10.634345
10.734423 10.730877 933.100000 -4.161719 -9.920906
10.734696 10.734565 933.200000 -5.153810 -9.502321
10.735541 10.737586 933.300000 -6.104042 -8.824737
10.737006 10.739816 933.400000 -6.986515 -7.943404
10.739098 10.741511 933.500000 -7.780856 -7.289827
10.741826 10.742635 933.600000 -8.509839 -6.517208
10.745170 10.743118 933.700000 -9.161559 -5.522299
10.749071 10.743038 933.800000 -9.713789 -4.472524
10.753447 10.742608 933.900000 -10.161042 -3.667014
10.758229 10.741848 934.000000 -10.527743 -2.699348
10.763317 10.740801 934.100000 -10.797678 -1.384424
10.768566 10.739652 934.200000 -10.936120 -0.120234
10.773827 10.738548 934.300000 -10.948144 0.924519
10.778979 10.737611 934.400000 -10.855692 1.990649
10.783902 10.737042 934.500000 -10.656627 3.291111
10.788453 10.736950 934.600000 -10.327516 4.444858
10.792524 10.737338 934.700000 -9.883030 5.360462
10.796042 10.738402 934.800000 -9.346984 6.431464
10.798938 10.740187 934.900000 -8.703837 7.407118
10.801174 10.742437 935.000000 -7.963126 7.972507
10.802764 10.745203 935.100000 -7.165875 8.555928
10.803738 10.748373 935.200000 -6.310282 8.988226
10.804148 10.752127 935.300000 -5.411460 9.577649
10.804054 10.756625 935.400000 -4.453695 10.279115
10.803526 10.761573 935.500000 -3.425783 10.682418
10.802669 10.766667 935.600000 -2.357541 10.809753
10.801601 10.771797 935.700000 -1.276566 10.841857
10.800449 10.776739 935.800000 -0.192380 10.678871
10.799336 10.781380 935.900000 0.875507 10.413444
10.798379 10.785755 936.000000 1.916851 10.172193
10.797685 10.789768 936.100000 2.934070 9.833732
10.797351 10.793352 936.200000 3.917444 9.417695
10.797459 10.796615 936.300000 4.859213 9.093993
10.798083 10.799450 936.400000 5.768613 8.641911
10.799278 10.801914 936.500000 6.632804 8.231890
10.801093 10.803708 936.600000 7.455993 7.430235
10.803528 10.805078 936.700000 8.199016 6.875486
10.806589 10.805736 936.800000 8.886565 5.827110
10.810221 10.805917 936.900000 9.469276 4.999114
10.814370 10.805607 937.000000 9.969187 3.975872
10.818950 10.804936 937.100000 10.366774 3.006267
10.823866 10.803946 937.200000 10.667401 1.746684
10.828981 10.802812 937.300000 10.842069 0.590219
10.834164 10.801672 937.400000 10.901091 -0.480107
10.839290 10.800677 937.500000 10.853081 -1.715269
10.844218 10.800026 937.600000 10.681554 -3.063275
10.848800 10.799774 937.700000 10.375226 -4.108196
10.852937 10.800054 937.800000 9.964406 -5.181300
10.856536 10.800793 937.900000 9.446276 -5.955095
10.859554 10.802153 938.000000 8.850767 -6.864918
10.861949 10.803903 938.100000 8.164275 -7.379025
10.863730 10.806291 938.200000 7.426373 -8.149798
10.864902 10.809125 938.300000 6.611393 -8.648838
10.865503 10.812435 938.400000 5.746509 -9.150754
10.865589 10.816118 938.500000 4.831434 -9.527225
10.865233 10.819977 938.600000 3.878711 -9.699726
10.864526 10.824217 938.700000 2.908739 -10.061550
10.863562 10.828477 938.800000 1.902584 -10.082210
10.862448 10.833015 938.900000 0.894363 -10.338586
10.861292 10.837401 939.000000 -0.139496 -10.199909
10.860207 10.841425 939.100000 -1.159487 -9.862177
10.859296 10.845247 939.200000 -2.145705 -9.668268
10.858656 10.848677 939.300000 -3.112532 -9.280663
10.858369 10.851663 939.400000 -4.040598 -8.820770
10.858503 10.854214 939.500000 -4.922675 -8.345590
10.859111 10.856161 939.600000 -5.757234 -7.635794
10.860217 10.857706 939.700000 -6.520813 -7.123628
10.861845 10.858670 939.800000 -7.233176 -6.311397
10.863979 10.859006 939.900000 -7.864316 -5.295842
10.866571 10.858943 940.000000 -8.393900 -4.530305
10.869578 10.858438 940.100000 -8.846930 -3.495785
10.872919 10.857565 940.200000 -9.196509 -2.304264
10.876488 10.856513 940.300000 -9.426935 -1.385216
10.880196 10.855366 940.400000 -9.565457 -0.381448
10.883942 10.854228 940.500000 -9.603602 0.549167
10.887631 10.853214 940.600000 -9.548685 1.621884
10.891156 10.852326 940.700000 -9.386496 2.236342
10.894460 10.851713 940.800000 -9.162862 3.188974
10.897458 10.851435 940.900000 -8.843965 4.057391
10.900083 10.851601 941.000000 -8.438226 4.983340
10.902274 10.852221 941.100000 -7.939892 5.776422
10.903995 10.853395 941.200000 -7.362250 6.619266
10.905221 10.855041 941.300000 -6.700323 7.259197
10.905959 10.857173 941.400000 -5.974403 7.864648
10.906230 10.859694 941.500000 -5.187938 8.317478
10.906079 10.862491 941.600000 -4.356191 8.625478
10.905569 10.865681 941.700000 -3.493643 9.045471
10.904767 10.869044 941.800000 -2.589096 9.224407
10.903757 10.872773 941.900000 -1.666655 9.590878
10.902626 10.876626 942.000000 -0.707567 9.712831
10.901473 10.880432 942.100000 0.263716 9.668906
10.900396 10.884016 942.200000 1.230606 9.450017
10.899491 10.887348 942.300000 2.175608 9.196170
10.898842 10.890493 942.400000 3.095225 9.003315
10.898533 10.893166 942.500000 3.995557 8.495107
10.898622 10.895490 942.600000 4.845067 8.099113
10.899162 10.897351 942.700000 5.654979 7.542743
10.900184 10.898791 942.800000 6.409253 6.996190
10.901708 10.899888 942.900000 7.108872 6.518000
10.903745 10.900449 943.000000 7.760672 5.690741
10.906267 10.900554 943.100000 8.329746 4.876378
10.909232 10.900272 943.200000 8.817384 4.058684
10.912584 10.899676 943.300000 9.223252 3.250165
10.916259 10.898777 943.400000 9.548269 2.197348
10.920158 10.897687 943.500000 9.768003 1.108938
10.924172 10.896532 943.600000 9.878897 0.016910
10.928186 10.895473 943.700000 9.880588 -1.342396
10.932060 10.894597 943.800000 9.746349 -2.293452
10.935699 10.894010 943.900000 9.517003 -3.271866
10.939014 10.893729 944.000000 9.189817 -4.058742
10.941941 10.893821 944.100000 8.783943 -4.850083
10.944429 10.894523 944.200000 8.298934 -5.920610
10.946415 10.895771 944.300000 7.706873 -6.734249
10.947875 10.897625 944.400000 7.033448 -7.537512
10.948803 10.899921 944.500000 6.279697 -8.073011
10.949229 10.902671 944.600000 5.472396 -8.588891
10.949197 10.905579 944.700000 4.613507 -8.760710
10.948777 10.908849 944.800000 3.737436 -9.143931
10.948040 10.912424 944.900000 2.823043 -9.454014
10.947068 10.916456 945.000000 1.877641 -9.901863
10.945952 10.920412 945.100000 0.887455 -9.829145
10.944794 10.924278 945.200000 -0.095459 -9.743115
10.943697 10.928399 945.300000 -1.069771 -9.988627
10.942766 10.932175 945.400000 -2.068634 -9.657355
10.942096 10.935617 945.500000 -3.034369 -9.324827
10.941770 10.938575 945.600000 -3.966852 -8.821266
10.941857 10.941028 945.700000 -4.848978 -8.263072
10.942402 10.943022 945.800000 -5.675286 -7.720198
10.943443 10.944489 945.900000 -6.447305 -7.046659
10.944989 10.945432 946.000000 -7.151971 -6.303420
10.947033 10.946015 946.100000 -7.782313 -5.737616
10.949565 10.946021 946.200000 -8.356075 -4.691472
10.952523 10.945486 946.300000 -8.825222 -3.428438
10.955806 10.944689 946.400000 -9.168066 -2.610321
10.959345 10.943709 946.500000 -9.429098 -1.825597
10.963067 10.942585 946.600000 -9.611658 -0.773763
10.966866 10.941431 946.700000 -9.689034 0.202552
10.970645 10.940354 946.800000 -9.668779 1.220390
10.974298 10.939446 946.900000 -9.546740 2.160425
10.977736 10.938821 947.000000 -9.330697 3.170107
10.980865 10.938600 947.100000 -9.013687 4.206202
10.983604 10.938709 947.200000 -8.593066 4.893024
10.985910 10.939219 947.300000 -8.103764 5.615815
10.987753 10.940218 947.400000 -7.542182 6.388506
10.989108 10.941867 947.500000 -6.903332 7.289341
10.989959 10.943992 947.600000 -6.174398 7.883897
10.990330 10.946650 947.700000 -5.386008 8.501852
10.990256 10.949821 947.800000 -4.535823 9.055791
10.989792 10.953354 947.900000 -3.630244 9.427954
10.989014 10.957318 948.000000 -2.687448 9.852505
10.988007 10.961403 948.100000 -1.702198 9.969213
10.986875 10.965306 948.200000 -0.705277 9.794685
10.985720 10.969260 948.300000 0.274192 9.845743
10.984646 10.973066 948.400000 1.258766 9.701857
10.983750 10.977002 948.500000 2.228952 9.829818
10.983136 10.980494 948.600000 3.211934 9.392607
10.982886 10.983494 948.700000 4.151194 8.880981
10.983067 10.986006 948.800000 5.039292 8.345811
10.983727 10.987997 948.900000 5.873874 7.730170
10.984898 10.989509 949.000000 6.646891 7.119357
10.986593 10.990533 949.100000 7.358826 6.434816
10.988808 10.990859 949.200000 8.002308 5.308825
10.991486 10.990781 949.300000 8.533190 4.527370
10.994580 10.990437 949.400000 8.985927 3.930049
10.998054 10.989725 949.500000 9.378932 2.907577
11.001819 10.988768 949.600000 9.669690 1.949809
11.005783 10.987646 949.700000 9.864671 0.821283
11.009832 10.986491 949.800000 9.946799 0.177600
11.013899 10.985358 949.900000 9.964559 -0.669517
11.017895 10.984349 950.000000 9.897608 -1.668775
11.021718 10.983557 950.100000 9.730730 -2.630477
11.025275 10.983052 950.200000 9.467682 -3.518277
11.028487 10.982911 950.300000 9.115855 -4.390685
11.031287 10.983361 950.400000 8.676786 -5.524590
11.033598 10.984407 950.500000 8.124327 -6.469510
11.035378 10.986117 950.600000 7.477376 -7.381880
11.036606 10.988238 950.700000 6.739188 -7.893270
11.037306 10.990954 950.800000 5.949861 -8.580370
11.037509 10.994063 950.900000 5.091824 -9.005988
11.037272 10.997541 951.000000 4.191225 -9.388668
11.036668 11.001193 951.100000 3.252358 -9.564009
11.035784 11.005133 951.200000 2.295958 -9.847685
11.034715 11.009001 951.300000 1.311189 -9.778180
11.033561 11.012795 951.400000 0.333371 -9.706151
11.032423 11.016564 951.500000 -0.637244 -9.682566
11.031399 11.020077 951.600000 -1.605501 -9.428803
11.030581 11.023539 951.700000 -2.548381 -9.377806
11.030061 11.026952 951.800000 -3.486161 -9.328710
11.029928 11.030086 951.900000 -4.419032 -9.040321
11.030257 11.032637 952.000000 -5.323064 -8.404466
11.031094 11.034714 952.100000 -6.163511 -7.849784
11.032470 11.036164 952.200000 -6.948490 -7.048768
11.034387 11.037162 952.300000 -7.653366 -6.409317
11.036840 11.037658 952.400000 -8.294298 -5.615357
11.039798 11.037781 952.500000 -8.855834 -4.940687
11.043227 11.037505 952.600000 -9.349902 -4.102325
11.047067 11.036800 952.700000 -9.760135 -2.937523
11.051211 11.035850 952.800000 -10.053887 -1.993730
11.055567 11.034762 952.900000 -10.253260 -1.152409
11.060047 11.033604 953.000000 -10.368501 -0.022147
11.064529 11.032479 953.100000 -10.370716 0.784315
11.068924 11.031463 953.200000 -10.292284 1.644425
11.073142 11.030668 953.300000 -10.127842 2.624468
11.077085 11.030226 953.400000 -9.865395 3.694276
11.080651 11.030271 953.500000 -9.495967 4.787161
11.083752 11.030770 953.600000 -9.017251 5.618921
11.086338 11.031689 953.700000 -8.455359 6.292628
11.088386 11.033069 953.800000 -7.826096 6.956257
11.089888 11.035006 953.900000 -7.130471 7.682009
11.090847 11.037659 954.000000 -6.362270 8.526415
11.091276 11.040688 954.100000 -5.509628 8.938231
11.091230 11.044222 954.200000 -4.615805 9.461925
11.090773 11.048072 954.300000 -3.669613 9.775792
11.089991 11.052436 954.400000 -2.692033 10.267138
11.088974 11.056541 954.500000 -1.665320 10.023625
11.087836 11.060666 954.600000 -0.662957 10.043723
11.086681 11.064851 954.700000 0.341415 10.101612
11.085615 11.068912 954.800000 1.351576 9.984656
11.084744 11.072689 954.900000 2.350042 9.708878
11.084160 11.076014 955.000000 3.320930 9.255552
11.083944 11.078996 955.100000 4.246485 8.894971
11.084164 11.081580 955.200000 5.135982 8.457900
11.084877 11.083824 955.300000 5.981772 8.064186
11.086128 11.085401 955.400000 6.788191 7.232274
11.087920 11.086498 955.500000 7.511418 6.567366
11.090250 11.087023 955.600000 8.168155 5.676338
11.093082 11.087157 955.700000 8.735788 4.973905
11.096381 11.086907 955.800000 9.233179 4.170151
11.100091 11.086275 955.900000 9.650194 3.176145
11.104126 11.085339 956.000000 9.967808 2.066846
11.108378 11.084221 956.100000 10.174493 0.888543
11.112724 11.083069 956.200000 10.263347 -0.367424
11.117029 11.082008 956.300000 10.226605 -1.371359
11.121188 11.081134 956.400000 10.089469 -2.330768
11.125103 11.080535 956.500000 9.856392 -3.271457
11.128686 11.080342 956.600000 9.529247 -4.298132
11.131850 11.080570 956.700000 9.099433 -5.150016
11.134537 11.081371 956.800000 8.584432 -6.123538
11.136694 11.082716 956.900000 7.972078 -6.921258
11.138300 11.084632 957.000000 7.279952 -7.670185
11.139352 11.087008 957.100000 6.512934 -8.226001
11.139879 11.089943 957.200000 5.690333 -8.852047
11.139922 11.093210 957.300000 4.805129 -9.204994
11.139546 11.096874 957.400000 3.884629 -9.610760
11.138829 11.100848 957.500000 2.923553 -9.914685
11.137861 11.104865 957.600000 1.932085 -9.956563
11.136744 11.108879 957.700000 0.936429 -9.955266
11.135581 11.112814 957.800000 -0.059098 -9.879604
11.134476 11.116726 957.900000 -1.047059 -9.857719
11.133530 11.120531 958.000000 -2.032830 -9.754132
11.132840 11.124137 958.100000 -3.008244 -9.557967
11.132498 11.127231 958.200000 -3.964040 -9.030514
11.132572 11.129845 958.300000 -4.867092 -8.506154
11.133116 11.132086 958.400000 -5.717707 -8.075727
11.134176 11.133715 958.500000 -6.525280 -7.313402
11.135761 11.134796 958.600000 -7.256620 -6.558103
11.137864 11.135344 958.700000 -7.912430 -5.724045
11.140457 11.135350 958.800000 -8.484835 -4.731397
11.143479 11.135048 958.900000 -8.957974 -4.059815
11.146888 11.134502 959.000000 -9.363956 -3.435741
11.150638 11.133623 959.100000 -9.707530 -2.322692
11.154625 11.132567 959.200000 -9.939799 -1.421376
11.158760 11.131410 959.300000 -10.081937 -0.237746
11.162919 11.130285 959.400000 -10.105711 0.818685
11.166991 11.129279 959.500000 -10.023843 1.722856
11.170884 11.128478 959.600000 -9.851557 2.623823
11.174510 11.127978 959.700000 -9.589175 3.555984
11.177787 11.127821 959.800000 -9.233577 4.386148
11.180651 11.127900 959.900000 -8.794962 4.876280
11.183081 11.128413 960.000000 -8.307334 5.666765
11.185036 11.129295 960.100000 -7.740657 6.260897
11.186507 11.130593 960.200000 -7.114568 6.868407
11.187493 11.132277 960.300000 -6.427727 7.390126
11.188013 11.134478 960.400000 -5.688714 8.033507
11.188091 11.137103 960.500000 -4.885363 8.527458
11.187772 11.140257 960.600000 -4.032618 9.102934
11.187115 11.143617 960.700000 -3.122324 9.319639
11.186201 11.147253 960.800000 -2.190360 9.599639
11.185115 11.150933 960.900000 -1.230396 9.645369
11.183955 11.154716 961.000000 -0.265860 9.747423
11.182818 11.158434 961.100000 0.708883 9.684656
11.181801 11.162142 961.200000 1.677348 9.674813
11.181002 11.165616 961.300000 2.644830 9.440852
11.180509 11.168600 961.400000 3.588915 8.927846
11.180390 11.171110 961.500000 4.481699 8.402521
11.180700 11.173193 961.600000 5.321952 7.899965
11.181480 11.174711 961.700000 6.111948 7.179149
11.182742 11.175879 961.800000 6.829863 6.695645
11.184503 11.176479 961.900000 7.499427 5.821099
11.186735 11.176614 962.000000 8.081537 4.995004
11.189398 11.176328 962.100000 8.581038 4.106492
11.192436 11.175684 962.200000 8.991687 3.153579
11.195774 11.174790 962.300000 9.307045 2.270702
11.199333 11.173734 962.400000 9.534115 1.417848
11.203032 11.172585 962.500000 9.675900 0.480093
11.206779 11.171431 962.600000 9.723909 -0.352063
11.210490 11.170352 962.700000 9.688703 -1.256414
11.214075 11.169403 962.800000 9.563061 -2.011952
11.217461 11.168707 962.900000 9.361866 -2.988769
11.220560 11.168323 963.000000 9.062989 -3.866398
11.223303 11.168274 963.100000 8.676350 -4.626091
11.225640 11.168640 963.200000 8.213740 -5.420381
11.227529 11.169429 963.300000 7.671702 -6.127204
11.228950 11.170737 963.400000 7.058982 -6.895441
11.229890 11.172429 963.500000 6.369438 -7.411941
11.230368 11.174439 963.600000 5.628244 -7.815724
11.230421 11.176864 963.700000 4.846671 -8.312358
11.230093 11.179700 963.800000 4.015435 -8.776968
11.229438 11.182795 963.900000 3.137739 -9.057275
11.228532 11.185900 964.000000 2.232011 -9.068313
11.227458 11.189024 964.100000 1.325180 -9.089192
11.226303 11.192253 964.200000 0.416261 -9.200923
11.225152 11.195174 964.300000 -0.503832 -8.872665
11.224089 11.197948 964.400000 -1.391098 -8.712009
11.223190 11.200604 964.500000 -2.262299 -8.581304
11.222532 11.202937 964.600000 -3.120429 -8.210301
11.222173 11.205084 964.700000 -3.941460 -7.989013
11.222175 11.206869 964.800000 -4.740361 -7.540794
11.222576 11.208265 964.900000 -5.494440 -7.025911
11.223403 11.209096 965.000000 -6.197031 -6.201327
11.224648 11.209452 965.100000 -6.817164 -5.411281
11.226289 11.209408 965.200000 -7.358292 -4.645387
11.228296 11.209131 965.300000 -7.822831 -4.130785
11.230646 11.208562 965.400000 -8.235909 -3.381095
11.233289 11.207747 965.500000 -8.574019 -2.584720
11.236165 11.206726 965.600000 -8.832491 -1.637293
11.239192 11.205589 965.700000 -8.996220 -0.674024
11.242281 11.204432 965.800000 -9.063622 0.262215
11.245344 11.203325 965.900000 -9.037401 1.006171
11.248314 11.202325 966.000000 -8.936784 1.759077
11.251121 11.201516 966.100000 -8.760876 2.602312
11.253696 11.201030 966.200000 -8.500645 3.607841
11.255960 11.200776 966.300000 -8.139861 4.180401
11.257880 11.200949 966.400000 -7.721821 5.074575
11.259407 11.201574 966.500000 -7.214363 5.873224
11.260514 11.202608 966.600000 -6.627041 6.510763
11.261196 11.204048 966.700000 -5.975965 7.087770
11.261466 11.205763 966.800000 -5.267188 7.455955
11.261359 11.207986 966.900000 -4.521592 8.086560
11.260907 11.210430 967.000000 -3.712936 8.347645
11.260171 11.212981 967.100000 -2.878172 8.471980
11.259220 11.215647 967.200000 -2.030974 8.602052
11.258127 11.218375 967.300000 -1.170768 8.673225
11.256968 11.221041 967.400000 -0.303446 8.602863
11.255821 11.223574 967.500000 0.556840 8.453657
11.254759 11.226072 967.600000 1.402206 8.413932
11.253857 11.228154 967.700000 2.243599 7.921770
11.253170 11.229921 967.800000 3.035776 7.527515
11.252749 11.231389 967.900000 3.788528 7.133581
11.252633 11.232544 968.000000 4.501886 6.694196
11.252852 11.233389 968.100000 5.171306 6.230992
11.253424 11.233992 968.200000 5.794405 5.843544
11.254362 11.234240 968.300000 6.378759 5.223549
11.255659 11.234092 968.400000 6.901114 4.426486
11.257281 11.233575 968.500000 7.343763 3.530150
11.259176 11.232753 968.600000 7.696778 2.557487
11.261278 11.231758 968.700000 7.952526 1.781758
11.263528 11.230629 968.800000 8.130702 0.764139
11.265841 11.229470 968.900000 8.207116 -0.039873
11.268150 11.228368 969.000000 8.203129 -1.051843
11.270370 11.227369 969.100000 8.097944 -1.759569
11.272445 11.226480 969.200000 7.921988 -2.284664
11.274335 11.225786 969.300000 7.693521 -3.000078
11.275991 11.225295 969.400000 7.393513 -3.595906
11.277380 11.225091 969.500000 7.033923 -4.299214
11.278466 11.225127 969.600000 6.604001 -4.812130
11.279235 11.225334 969.700000 6.122788 -5.144463
11.279694 11.225824 969.800000 5.608342 -5.652318
11.279842 11.226717 969.900000 5.043110 -6.307605
11.279683 11.227972 970.000000 4.412350 -6.841307
11.279237 11.229597 970.100000 3.728219 -7.346595
11.278536 11.231670 970.200000 2.993559 -7.917837
11.277623 11.233842 970.300000 2.201776 -8.038572
11.276562 11.236222 970.400000 1.397919 -8.286711
11.275417 11.238790 970.500000 0.569247 -8.503430
11.274259 11.241307 970.600000 -0.281096 -8.447070
11.273163 11.243740 970.700000 -1.125803 -8.349811
11.272200 11.245953 970.800000 -1.960784 -8.090283
11.271434 11.248075 970.900000 -2.769812 -7.982127
11.270929 11.249598 971.000000 -3.568025 -7.216407
11.270716 11.250691 971.100000 -4.289665 -6.613040
11.270817 11.251500 971.200000 -4.950969 -6.180983
11.271254 11.251858 971.300000 -5.569068 -5.427768
11.272016 11.251957 971.400000 -6.111844 -4.943503
11.273102 11.251690 971.500000 -6.606195 -4.160257
11.274479 11.251107 971.600000 -7.022220 -3.342563
11.276103 11.250258 971.700000 -7.356477 -2.450336
11.277916 11.249243 971.800000 -7.601510 -1.662268
11.279859 11.248128 971.900000 -7.767737 -0.909831
11.281875 11.246971 972.000000 -7.858720 0.002143
11.283891 11.245844 972.100000 -7.858506 0.759428
11.285845 11.244809 972.200000 -7.782563 1.542202
11.287677 11.243883 972.300000 -7.628343 2.116198
11.289344 11.243144 972.400000 -7.416723 2.846750
11.290798 11.242648 972.500000 -7.132048 3.583477
11.291996 11.242528 972.600000 -6.773701 4.488763
11.292891 11.242735 972.700000 -6.324824 5.149906
11.293465 11.243388 972.800000 -5.809834 5.932185
11.293703 11.244294 972.900000 -5.216615 6.333114
11.293622 11.245463 973.000000 -4.583304 6.725922
11.293247 11.246909 973.100000 -3.910712 7.116858
11.292613 11.248482 973.200000 -3.199026 7.287289
11.291766 11.249990 973.300000 -2.470297 7.201110
11.290763 11.251774 973.400000 -1.750186 7.564786
11.289654 11.253491 973.500000 -0.993707 7.479275
11.288498 11.255238 973.600000 -0.245780 7.518436
11.287352 11.256764 973.700000 0.506064 7.227763
11.286271 11.258175 973.800000 1.228840 7.070675
11.285304 11.259620 973.900000 1.935908 7.117381
11.284505 11.260902 974.000000 2.647646 6.891464
11.283919 11.262026 974.100000 3.336792 6.665046
11.283583 11.262928 974.200000 4.003297 6.333305
11.283528 11.263510 974.300000 4.636627 5.819786
11.283767 11.263822 974.400000 5.218606 5.348690
11.284308 11.263682 974.500000 5.753475 4.449250
11.285121 11.263320 974.600000 6.198400 3.934302
11.286192 11.262701 974.700000 6.591830 3.233816
11.287487 11.261870 974.800000 6.915212 2.512628
11.288963 11.260868 974.900000 7.166474 1.728289
11.290567 11.259743 975.000000 7.339303 0.760833
11.292229 11.258588 975.100000 7.415387 -0.058514
11.293886 11.257493 975.200000 7.409535 -1.069649
11.295462 11.256531 975.300000 7.302570 -1.939009
11.296894 11.255721 975.400000 7.108669 -2.588607
11.298140 11.255131 975.500000 6.849809 -3.318112
11.299160 11.254816 975.600000 6.517998 -4.044418
11.299917 11.254628 975.700000 6.113556 -4.339719
11.300412 11.254697 975.800000 5.679584 -4.883838
11.300634 11.254956 975.900000 5.191200 -5.250572
11.300592 11.255491 976.000000 4.666143 -5.740983
11.300292 11.256137 976.100000 4.092045 -5.926328
11.299762 11.257035 976.200000 3.499412 -6.328725
11.299025 11.258098 976.300000 2.866539 -6.578176
11.298118 11.259300 976.400000 2.208722 -6.781455
11.297081 11.260769 976.500000 1.530576 -7.155536
11.295958 11.262434 976.600000 0.815023 -7.420562
11.294802 11.264207 976.700000 0.072966 -7.559915
11.293670 11.265826 976.800000 -0.683025 -7.358753
11.292617 11.267423 976.900000 -1.418900 -7.331674
11.291698 11.268996 977.000000 -2.152068 -7.299001
11.290968 11.270269 977.100000 -2.881968 -6.885318
11.290465 11.271277 977.200000 -3.570500 -6.499055
11.290221 11.271982 977.300000 -4.220405 -6.028262
11.290255 11.272404 977.400000 -4.823231 -5.548267
11.290580 11.272525 977.500000 -5.378058 -4.991546
11.291192 11.272278 977.600000 -5.877213 -4.207874
11.292065 11.271745 977.700000 -6.298000 -3.481007
11.293169 11.270989 977.800000 -6.646101 -2.787531
11.294466 11.270078 977.900000 -6.924854 -2.170525
11.295918 11.269011 978.000000 -7.141906 -1.291705
11.297466 11.267878 978.100000 -7.271077 -0.614394
11.299059 11.266727 978.200000 -7.332516 0.134126
11.300642 11.265615 978.300000 -7.319104 0.880291
11.302159 11.264580 978.400000 -7.231075 1.505583
11.303565 11.263663 978.500000 -7.080516 2.140569
11.304819 11.262914 978.600000 -6.866459 2.806336
11.305880 11.262378 978.700000 -6.585826 3.468855
11.306713 11.262055 978.800000 -6.238940 4.025572
11.307298 11.262066 978.900000 -5.836383 4.767024
11.307610 11.262359 979.000000 -5.359681 5.317170
11.307645 11.263117 979.100000 -4.827964 6.112545
11.307398 11.263949 979.200000 -4.216709 6.230778
11.306903 11.264854 979.300000 -3.593631 6.344967
11.306196 11.265931 979.400000 -2.959135 6.604930
11.305311 11.267146 979.500000 -2.298642 6.806666
11.304291 11.268481 979.600000 -1.617975 6.978099
11.303181 11.269989 979.700000 -0.920165 7.217617
11.302029 11.271591 979.800000 -0.198404 7.343801
11.300890 11.273339 979.900000 0.535977 7.537170
11.299822 11.274908 980.000000 1.289694 7.300361
11.298878 11.276350 980.100000 2.019730 7.128616
11.298106 11.277474 980.200000 2.732591 6.677671
11.297543 11.278363 980.300000 3.400358 6.323906
11.297220 11.279139 980.400000 4.032749 6.145861
11.297169 11.279626 980.500000 4.647335 5.667159
11.297403 11.279980 980.600000 5.214051 5.431327
11.297941 11.279981 980.700000 5.757184 4.751468
11.298769 11.279694 980.800000 6.232330 4.115583
11.299867 11.279177 980.900000 6.643889 3.522151
11.301210 11.278433 981.000000 6.996104 2.820917
11.302758 11.277507 981.100000 7.278195 2.093688
11.304463 11.276454 981.200000 7.487564 1.378692
11.306273 11.275320 981.300000 7.625433 0.534268
11.308125 11.274178 981.400000 7.678860 -0.365169
11.309948 11.273107 981.500000 7.642343 -1.235735
11.311675 11.272175 981.600000 7.518770 -2.063137
11.313246 11.271416 981.700000 7.312456 -2.762764
11.314615 11.270922 981.800000 7.036180 -3.583577
11.315733 11.270729 981.900000 6.677822 -4.331058
11.316567 11.270875 982.000000 6.244716 -5.040594
11.317092 11.271393 982.100000 5.740657 -5.718839
11.317300 11.272472 982.200000 5.168773 -6.613893
11.317182 11.274007 982.300000 4.507383 -7.259985
11.316758 11.275593 982.400000 3.781385 -7.328641
11.316079 11.277568 982.500000 3.048521 -7.833900
11.315188 11.279595 982.600000 2.265131 -7.898552
11.314148 11.281382 982.700000 1.475276 -7.594804
11.313023 11.283311 982.800000 0.715795 -7.777792
11.311872 11.285426 982.900000 -0.061984 -8.008719
11.310759 11.287459 983.000000 -0.862856 -7.908859
11.309748 11.289640 983.100000 -1.653742 -8.090845
11.308906 11.291821 983.200000 -2.462826 -8.091289
11.308301 11.293601 983.300000 -3.271955 -7.589299
11.307977 11.295188 983.400000 -4.030885 -7.334524
11.307981 11.296534 983.500000 -4.764338 -7.005367
11.308349 11.297556 983.600000 -5.464874 -6.534327
11.309102 11.298088 983.700000 -6.118307 -5.749448
11.310230 11.298304 983.800000 -6.693252 -5.182683
11.311723 11.298178 983.900000 -7.211520 -4.483947
11.313555 11.297687 984.000000 -7.659915 -3.596106
11.315672 11.296882 984.100000 -8.019525 -2.598188
11.318005 11.295913 984.200000 -8.279344 -1.879261
11.320496 11.294801 984.300000 -8.467270 -0.831247
11.323060 11.293656 984.400000 -8.550395 -0.210198
11.325641 11.292523 984.500000 -8.571415 0.527289
11.328175 11.291531 984.600000 -8.518686 1.743166
11.330560 11.290693 984.700000 -8.344369 2.468958
11.332738 11.290112 984.800000 -8.097474 3.337243
11.334647 11.289852 984.900000 -7.763749 4.177311
11.336236 11.289915 985.000000 -7.346018 4.880392
11.337472 11.290285 985.100000 -6.857979 5.466070
11.338343 11.290957 985.200000 -6.311372 5.985301
11.338848 11.292027 985.300000 -5.712842 6.607973
11.338993 11.293462 985.400000 -5.052044 7.131997
11.338797 11.295169 985.500000 -4.338845 7.498424
11.338300 11.297125 985.600000 -3.589002 7.819980
11.337550 11.299349 985.700000 -2.807004 8.152010
11.336601 11.301871 985.800000 -1.991803 8.504431
11.335517 11.304620 985.900000 -1.141360 8.763954
11.334371 11.307382 986.000000 -0.264965 8.780091
11.333241 11.310047 986.100000 0.613044 8.670702
11.332203 11.312525 986.200000 1.480114 8.455306
11.331328 11.314784 986.300000 2.325645 8.196700
11.330681 11.316685 986.400000 3.145315 7.755685
11.330312 11.318305 986.500000 3.920884 7.388227
11.330264 11.319799 986.600000 4.659706 7.219442
11.330583 11.321027 986.700000 5.381651 6.846617
11.331299 11.321885 986.800000 6.066312 6.291376
11.332422 11.322402 986.900000 6.695450 5.731682
11.333950 11.322485 987.000000 7.268618 4.928529
11.335853 11.322203 987.100000 7.761471 4.131228
11.338089 11.321511 987.200000 8.174594 2.995329
11.340577 11.320624 987.300000 8.474127 2.267342
11.343262 11.319571 987.400000 8.700861 1.354804
11.346067 11.318441 987.500000 8.836341 0.567445
11.348922 11.317305 987.600000 8.893086 -0.447497
11.351736 11.316244 987.700000 8.848336 -1.293043
11.354434 11.315356 987.800000 8.719032 -2.253295
11.356936 11.314757 987.900000 8.493702 -3.285469
11.359160 11.314341 988.000000 8.165156 -3.797902
11.361077 11.314337 988.100000 7.785365 -4.748023
11.362632 11.314693 988.200000 7.310563 -5.446788
11.363798 11.315560 988.300000 6.765884 -6.305478
11.364552 11.316929 988.400000 6.135337 -7.049431
11.364894 11.318637 988.500000 5.430393 -7.510793
11.364852 11.320868 988.600000 4.679314 -8.170220
11.364457 11.323354 988.700000 3.862292 -8.473842
11.363767 11.326086 988.800000 3.014908 -8.756162
11.362850 11.329031 988.900000 2.139292 -8.994746
11.361779 11.332026 989.000000 1.239817 -9.050413
11.360636 11.334888 989.100000 0.334776 -8.904047
11.359503 11.337698 989.200000 -0.555629 -8.847156
11.358460 11.340690 989.300000 -1.440344 -9.048568
11.357590 11.343409 989.400000 -2.345201 -8.746636
11.356966 11.345836 989.500000 -3.219865 -8.409088
11.356651 11.348041 989.600000 -4.060774 -8.145125
11.356705 11.349801 989.700000 -4.875286 -7.585728
11.357161 11.351100 989.800000 -5.633859 -6.958147
11.358037 11.351877 989.900000 -6.329674 -6.171523
11.359327 11.352106 990.000000 -6.946826 -5.217595
11.360996 11.352066 990.100000 -7.468585 -4.681839
11.363029 11.351540 990.200000 -7.936769 -3.505510
11.365349 11.350754 990.300000 -8.287320 -2.669711
11.367896 11.349794 990.400000 -8.554291 -1.918569
11.370609 11.348710 990.500000 -8.746148 -1.110197
11.373421 11.347568 990.600000 -8.857168 -0.241880
11.376254 11.346466 990.700000 -8.881356 0.934041
11.379002 11.345455 990.800000 -8.787952 1.628307
11.381608 11.344651 990.900000 -8.625121 2.600351
11.383989 11.344121 991.000000 -8.365086 3.491026
11.386082 11.343881 991.100000 -8.015984 4.233126
11.387841 11.344007 991.200000 -7.592671 5.018260
11.389228 11.344427 991.300000 -7.090845 5.568746
11.390233 11.345072 991.400000 -6.533970 5.956440
11.390862 11.345997 991.500000 -5.938326 6.406756
11.391128 11.347310 991.600000 -5.297651 6.981126
11.391046 11.348987 991.700000 -4.599538 7.480633
11.390646 11.350741 991.800000 -3.851475 7.581734
11.389980 11.352790 991.900000 -3.093301 7.959924
11.389098 11.354916 992.000000 -2.297309 8.055130
11.388062 11.357090 992.100000 -1.491796 8.115033
11.386938 11.359290 992.200000 -0.680293 8.147519
11.385791 11.361431 992.300000 0.134459 8.074656
11.384689 11.363463 992.400000 0.941925 7.940863
11.383694 11.365219 992.500000 1.736011 7.589595
11.382860 11.366803 992.600000 2.494970 7.360557
11.382240 11.368013 992.700000 3.231026 6.837269
11.381865 11.369091 992.800000 3.914753 6.644387
11.381775 11.369942 992.900000 4.579192 6.296476
11.381995 11.370426 993.000000 5.208840 5.687112
11.382529 11.370532 993.100000 5.777551 4.984847
11.383366 11.370529 993.200000 6.276035 4.762625
11.384515 11.370304 993.300000 6.752298 4.275708
11.385963 11.369845 993.400000 7.179869 3.690440
11.387685 11.369115 993.500000 7.548913 2.867568
11.389628 11.368196 993.600000 7.835669 2.114626
11.391740 11.367137 993.700000 8.047132 1.302362
11.393958 11.366013 993.800000 8.177368 0.624407
11.396227 11.364871 993.900000 8.239809 -0.172834
11.398481 11.363767 994.000000 8.222526 -0.886403
11.400662 11.362736 994.100000 8.133885 -1.486476
11.402722 11.361890 994.200000 7.985238 -2.431428
11.404589 11.361279 994.300000 7.742095 -3.252677
11.406208 11.360834 994.400000 7.416827 -3.723047
11.407556 11.360628 994.500000 7.044522 -4.314721
11.408607 11.360657 994.600000 6.613050 -4.827091
11.409349 11.360934 994.700000 6.130341 -5.313365
11.409778 11.361568 994.800000 5.599005 -5.944295
11.409890 11.362651 994.900000 5.004575 -6.654608
11.409689 11.364019 995.000000 4.339115 -7.067666
11.409206 11.365788 995.100000 3.632348 -7.611229
11.408474 11.367973 995.200000 2.871225 -8.138239
11.407540 11.370447 995.300000 2.057401 -8.484595
11.406468 11.372981 995.400000 1.208942 -8.554821
11.405328 11.375580 995.500000 0.353460 -8.631782
11.404196 11.377917 995.600000 -0.509719 -8.324418
11.403141 11.380261 995.700000 -1.342160 -8.332531
11.402234 11.382534 995.800000 -2.175413 -8.248761
11.401541 11.384630 995.900000 -3.000290 -8.031378
11.401122 11.386347 996.000000 -3.803427 -7.548448
11.401021 11.387791 996.100000 -4.558272 -7.179527
11.401273 11.389039 996.200000 -5.276225 -6.902575
11.401915 11.389792 996.300000 -5.966482 -6.146086
11.402944 11.390018 996.400000 -6.581091 -5.224687
11.404332 11.390007 996.500000 -7.103560 -4.748484
11.406069 11.389742 996.600000 -7.578408 -4.182864
11.408132 11.389125 996.700000 -7.996694 -3.237221
11.410460 11.388340 996.800000 -8.320417 -2.669275
11.413014 11.387372 996.900000 -8.587344 -1.867076
11.415730 11.386267 997.000000 -8.774052 -0.861046
11.418521 11.385128 997.100000 -8.860156 0.210857
11.421293 11.384012 997.200000 -8.839071 0.722864
11.424001 11.383023 997.300000 -8.766784 1.740555
11.426556 11.382226 997.400000 -8.592729 2.622543
11.428889 11.381700 997.500000 -8.330474 3.501018
11.430935 11.381683 997.600000 -7.980373 4.737110
11.432613 11.382071 997.700000 -7.506662 5.521646
11.433891 11.382832 997.800000 -6.954497 6.161377
11.434758 11.384069 997.900000 -6.338359 6.887991
11.435211 11.385655 998.000000 -5.649560 7.377614
11.435274 11.387560 998.100000 -4.911799 7.798251
11.434984 11.389534 998.200000 -4.131974 7.886148
11.434398 11.391659 998.300000 -3.343359 8.074990
11.433575 11.394159 998.400000 -2.535860 8.526489
11.432572 11.396775 998.500000 -1.683211 8.663285
11.431461 11.399483 998.600000 -0.816883 8.768319
11.430317 11.402267 998.700000 0.059949 8.854111
11.429217 11.405000 998.800000 0.945360 8.797883
11.428240 11.407532 998.900000 1.825149 8.567910
11.427456 11.409829 999.000000 2.681940 8.289149
11.426929 11.411917 999.100000 3.510855 8.034197
11.426717 11.413593 999.200000 4.314274 7.504400
11.426857 11.414901 999.300000 5.064714 6.998358
11.427376 11.415800 999.400000 5.764550 6.387307
11.428283 11.416334 999.500000 6.403281 5.789011
11.429579 11.416416 999.600000 6.982182 4.947628
11.431231 11.416150 999.700000 7.476945 4.183349
11.433205 11.415626 999.800000 7.895280 3.515803
11.435462 11.414818 999.900000 8.246860 2.582745
