0.873512 3.307105 0.000000 -1.321750 2.571811
0.788732 1.802535 0.100000 -1.186551 -0.771964
0.773569 1.228949 0.200000 -1.219216 -0.404421
0.770318 0.922258 0.300000 -1.233341 0.066097
0.766040 0.743755 0.400000 -1.223870 0.243898
0.759481 0.632255 0.500000 -1.205556 -0.386668
0.757099 0.568222 0.600000 -1.218861 -0.606670
0.759043 0.556212 0.700000 -1.243100 -0.971744
0.766507 0.494551 0.800000 -1.285472 0.050239
0.771333 0.445498 0.900000 -1.276533 0.089651
0.774026 0.405056 1.000000 -1.265668 -0.035784
0.775793 0.504478 1.100000 -1.261128 -1.787801
0.785613 0.473834 1.200000 -1.344213 0.460660
0.791205 0.474262 1.300000 -1.314459 0.979627
0.791286 0.637945 1.400000 -1.258905 -2.420540
0.800795 0.618100 1.500000 -1.373638 -0.800533
0.811898 0.677806 1.600000 -1.406796 -1.807263
0.828472 0.901515 1.700000 -1.490125 -3.067432
0.855307 0.903485 1.800000 -1.636046 -1.370352
0.884484 0.871085 1.900000 -1.696384 0.714828
0.907357 0.840215 2.000000 -1.652160 0.667561
0.925063 0.802943 2.100000 -1.610521 -0.201101
0.941370 0.794667 2.200000 -1.612524 1.106895
0.952141 0.921694 2.300000 -1.549116 2.772472
0.953409 0.906380 2.400000 -1.402747 1.038113
0.951468 0.877210 2.500000 -1.343828 -0.544022
0.950698 0.851299 2.600000 -1.364310 -0.595972
0.951112 0.823527 2.700000 -1.387287 0.383902
0.950259 0.887284 2.800000 -1.361155 -2.311913
0.954596 0.861388 2.900000 -1.469945 0.469908
0.957206 0.850875 3.000000 -1.439100 1.034880
0.957056 0.994297 3.100000 -1.380161 3.298600
0.950177 0.971004 3.200000 -1.208330 -0.671784
0.944692 1.038773 3.300000 -1.235877 -2.559347
0.944033 1.015341 3.400000 -1.357665 -0.661287
0.944411 1.169829 3.500000 -1.383941 -3.626822
0.951704 1.154920 3.600000 -1.558363 -1.111935
0.960603 1.161656 3.700000 -1.606168 -1.679813
0.972249 1.131871 3.800000 -1.682127 0.010089
0.982938 1.108872 3.900000 -1.673212 0.651006
0.991457 1.097325 4.000000 -1.632296 1.127346
0.997111 1.135518 4.100000 -1.567767 2.324393
0.998159 1.114891 4.200000 -1.443709 0.705110
0.997785 1.129255 4.300000 -1.401235 1.869159
0.994412 1.104409 4.400000 -1.300771 0.149789
0.990792 1.105066 4.500000 -1.286777 1.506401
0.985159 1.092832 4.600000 -1.205023 1.029617
0.978352 1.113065 4.700000 -1.147517 2.031768
0.969426 1.172640 4.800000 -1.040191 2.839798
0.958012 1.164298 4.900000 -0.893000 1.229266
0.945934 1.164091 5.000000 -0.827072 1.519020
0.933108 1.158957 5.100000 -0.746986 1.339496
0.919817 1.137204 5.200000 -0.676276 0.109867
0.906908 1.116533 5.300000 -0.667401 0.204877
0.894305 1.140389 5.400000 -0.653821 -2.203908
0.883502 1.136437 5.500000 -0.760747 -1.355805
0.873969 1.116690 5.600000 -0.824733 0.147336
0.864602 1.109322 5.700000 -0.813243 -1.174182
0.856331 1.090799 5.800000 -0.867886 -0.181271
0.848404 1.082673 5.900000 -0.872610 -1.098431
0.841481 1.215967 6.000000 -0.923168 -4.292692
0.838265 1.283501 6.100000 -1.133187 -3.287267
0.838205 1.287251 6.200000 -1.291885 -1.743412
0.839827 1.275943 6.300000 -1.372596 1.061639
0.840160 1.268876 6.400000 -1.312651 -1.277973
0.841649 1.252944 6.500000 -1.369986 -0.659354
0.843633 1.234493 6.600000 -1.396104 -0.182901
0.845603 1.226413 6.700000 -1.398269 -1.170496
0.848579 1.209718 6.800000 -1.449802 -0.385861
0.851721 1.207134 6.900000 -1.461846 1.434470
0.853191 1.192473 7.000000 -1.382813 0.576502
0.853942 1.206863 7.100000 -1.347074 2.111213
0.852687 1.209361 7.200000 -1.234778 1.666844
0.850027 1.253569 7.300000 -1.145262 -2.993587
0.849774 1.237347 7.400000 -1.289215 -0.271570
0.849649 1.280951 7.500000 -1.296347 -3.017041
0.852092 1.269319 7.600000 -1.440718 -0.877813
0.855160 1.257302 7.700000 -1.477405 -0.814888
0.858781 1.256127 7.800000 -1.510762 -1.526092
0.863639 1.253858 7.900000 -1.579513 -1.466035
0.869679 1.269488 8.000000 -1.644917 2.244922
0.873243 1.279421 8.100000 -1.524447 2.041590
0.874780 1.287848 8.200000 -1.414745 1.989383
0.874552 1.330694 8.300000 -1.308202 3.126312
0.871980 1.352124 8.400000 -1.145345 2.510879
0.867820 1.336428 8.500000 -1.014075 -0.067595
0.863735 1.321976 8.600000 -1.012384 -0.397725
0.859915 1.308451 8.700000 -1.027208 0.513356
0.855831 1.310562 8.800000 -0.996404 -1.729908
0.852777 1.302456 8.900000 -1.077918 -1.078040
0.850377 1.290507 9.000000 -1.126430 0.655909
0.847567 1.278744 9.100000 -1.088003 -0.645419
0.845136 1.265754 9.200000 -1.114834 0.375976
0.842470 1.264143 9.300000 -1.090461 1.492845
0.838975 1.275502 9.400000 -1.010366 2.164834
0.834427 1.265744 9.500000 -0.897072 0.823083
0.829561 1.279780 9.600000 -0.851433 -2.292284
0.825816 1.287736 9.700000 -0.961790 -2.029502
0.823132 1.275518 9.800000 -1.058456 -0.395242
0.820657 1.294647 9.900000 -1.072926 2.525236
0.816918 1.294607 10.000000 -0.941300 1.606637
0.812503 1.301190 10.100000 -0.856261 1.982982
0.807366 1.297017 10.200000 -0.752831 1.320102
0.801846 1.284822 10.300000 -0.683062 -0.239696
0.796487 1.274250 10.400000 -0.691631 0.591219
0.791019 1.267617 10.500000 -0.658612 -1.068830
0.785974 1.269183 10.600000 -0.708760 -1.694206
0.781585 1.305571 10.700000 -0.789927 -3.224604
0.778530 1.361674 10.800000 -0.947207 -3.852492
0.777309 1.460585 10.900000 -1.135096 -4.948103
0.778845 1.449632 11.000000 -1.376826 0.699644
0.779847 1.450320 11.100000 -1.334959 1.747413
0.779760 1.459592 11.200000 -1.240914 2.235214
0.778450 1.453044 11.300000 -1.122949 1.194280
0.776545 1.440636 11.400000 -1.057620 0.228253
0.774521 1.429466 11.500000 -1.040919 0.538413
0.772250 1.417870 11.600000 -1.008794 -0.381511
0.770138 1.412708 11.700000 -1.022825 1.271749
0.767491 1.435390 11.800000 -0.954124 -2.867703
0.766071 1.453391 11.900000 -1.092738 -2.681642
0.765904 1.443575 12.000000 -1.221357 -0.728816
0.766047 1.458112 12.100000 -1.251691 -2.536583
0.767474 1.517359 12.200000 -1.372262 -4.182214
0.771281 1.538314 12.300000 -1.574511 -2.869064
0.776808 1.526479 12.400000 -1.710092 -0.343367
0.782365 1.523909 12.500000 -1.718709 -1.550958
0.788787 1.524618 12.600000 -1.787664 1.796638
0.793766 1.543802 12.700000 -1.688894 2.821368
0.796798 1.531843 12.800000 -1.539381 -0.046508
0.799719 1.520199 12.900000 -1.534009 0.190359
0.802396 1.510754 13.000000 -1.516821 -0.752198
0.805381 1.499407 13.100000 -1.546847 -0.161360
0.808324 1.494747 13.200000 -1.547181 1.326320
0.810389 1.507459 13.300000 -1.473129 2.529123
0.811030 1.506488 13.400000 -1.339307 1.659124
0.810808 1.496152 13.500000 -1.249654 0.448969
0.810330 1.486394 13.600000 -1.220958 -0.564564
0.810057 1.479641 13.700000 -1.243081 1.053045
0.809274 1.489655 13.800000 -1.184213 2.396497
0.807494 1.480195 13.900000 -1.058467 -0.574740
0.805918 1.469785 14.000000 -1.081912 0.157960
0.804264 1.461460 14.100000 -1.068605 0.758348
0.802316 1.454027 14.200000 -1.025344 0.892881
0.800049 1.445867 14.300000 -0.975573 -0.747037
0.798035 1.438998 14.400000 -1.008047 -0.948506
0.796348 1.494166 14.500000 -1.050432 4.357423
0.793258 1.484041 14.600000 -0.827309 -0.106829
0.790218 1.487556 14.700000 -0.828514 -2.002148
0.787782 1.485679 14.800000 -0.924479 -1.554306
0.785847 1.475806 14.900000 -0.997572 -0.095887
0.783937 1.467578 15.000000 -0.997378 0.683312
0.781800 1.464990 15.100000 -0.958226 1.465689
0.779222 1.465208 15.200000 -0.880150 1.731120
0.776184 1.467655 15.300000 -0.789193 1.919376
0.772709 1.458212 15.400000 -0.689279 0.089273
0.769244 1.448936 15.500000 -0.681369 -0.149441
0.765840 1.449613 15.600000 -0.685434 -1.763679
0.762870 1.441566 15.700000 -0.770191 -0.597040
0.760066 1.433055 15.800000 -0.796192 0.420139
0.757174 1.425175 15.900000 -0.771204 0.587084
0.754163 1.416673 16.000000 -0.737994 0.335518
0.751096 1.409454 16.100000 -0.717528 0.703093
0.747902 1.401255 16.200000 -0.678785 0.382060
0.744655 1.394946 16.300000 -0.656288 0.856316
0.741270 1.386555 16.400000 -0.610191 -0.144946
0.737941 1.394497 16.500000 -0.614388 -2.325874
0.735108 1.399994 16.600000 -0.727609 -2.150607
0.732790 1.396923 16.700000 -0.831502 -1.329654
0.730817 1.390035 16.800000 -0.893827 -0.682423
0.729027 1.382371 16.900000 -0.923479 0.417464
0.727121 1.381104 17.000000 -0.897988 -1.526936
0.725628 1.384474 17.100000 -0.969845 -1.980257
0.724706 1.394068 17.200000 -1.064009 -2.467521
0.724556 1.387264 17.300000 -1.182065 0.648357
0.724153 1.383484 17.400000 -1.143737 1.204714
0.723339 1.375837 17.500000 -1.077782 0.274568
0.722418 1.368297 17.600000 -1.058665 0.286837
0.721392 1.360985 17.700000 -1.039030 -0.365745
0.720454 1.356389 17.800000 -1.052122 -1.037461
0.719805 1.349427 17.900000 -1.098734 -0.454397
0.719268 1.369222 18.000000 -1.115960 3.140801
0.717813 1.364973 18.100000 -0.953341 1.091723
0.716074 1.359012 18.200000 -0.893988 -0.740391
0.714515 1.351637 18.300000 -0.926537 -0.063105
0.712966 1.344547 18.400000 -0.925060 0.283347
0.711340 1.350084 18.500000 -0.906267 -2.179175
0.710268 1.350184 18.600000 -1.010695 -1.654545
0.709640 1.343041 18.700000 -1.088368 -0.120140
0.709022 1.338262 18.800000 -1.088934 0.937953
0.708118 1.331281 18.900000 -1.036591 -0.154261
0.707238 1.324445 19.000000 -1.039121 -0.226301
0.706399 1.318088 19.100000 -1.045241 -0.455626
0.705665 1.314414 19.200000 -1.062796 -1.103764
0.705219 1.311026 19.300000 -1.112670 1.146427
0.704428 1.304925 19.400000 -1.049785 0.492470
0.703488 1.307259 19.500000 -1.019913 -1.877461
0.703036 1.307517 19.600000 -1.108687 1.648093
0.702117 1.303026 19.700000 -1.020738 -0.914542
0.701419 1.296745 19.800000 -1.061362 -0.326255
0.700787 1.291122 19.900000 -1.072368 -0.586765
0.700290 1.297937 20.000000 -1.096344 2.306923
0.699179 1.291522 20.100000 -0.975516 0.063914
0.698040 1.285685 20.200000 -0.967443 -0.461657
0.697000 1.280046 20.300000 -0.985689 0.520382
0.695823 1.273806 20.400000 -0.954741 0.041523
0.694626 1.267649 20.500000 -0.947891 -0.103083
0.693442 1.261612 20.600000 -0.948306 -0.189975
0.692292 1.256631 20.700000 -0.953063 0.671781
0.690981 1.290917 20.800000 -0.914709 4.104229
0.688874 1.288522 20.900000 -0.704924 1.255298
0.686576 1.283733 21.000000 -0.638634 0.745757
0.684181 1.283103 21.100000 -0.598153 1.516766
0.681602 1.280888 21.200000 -0.519324 1.273784
0.678896 1.274957 21.300000 -0.453038 -0.152909
0.676227 1.270344 21.400000 -0.458419 -0.752589
0.673661 1.281599 21.500000 -0.493756 -2.720786
0.671463 1.275761 21.600000 -0.627327 -0.172175
0.669302 1.287394 21.700000 -0.632799 -2.761026
0.667591 1.288560 21.800000 -0.767686 -1.756573
0.666205 1.282747 21.900000 -0.851676 0.140013
0.664789 1.281086 22.000000 -0.840417 1.353209
0.663124 1.275461 22.100000 -0.768555 0.254398
0.661419 1.270433 22.200000 -0.751992 0.555146
0.659625 1.266897 22.300000 -0.720475 0.978311
0.657684 1.261482 22.400000 -0.667957 0.311184
0.655706 1.258038 22.500000 -0.649058 -0.983111
0.653882 1.252532 22.600000 -0.694968 -0.126383
0.652082 1.249433 22.700000 -0.697813 1.045132
0.650134 1.244187 22.800000 -0.642067 -0.310177
0.648238 1.254098 22.900000 -0.654365 -2.654704
0.646762 1.255020 23.000000 -0.783829 -1.712844
0.645589 1.249636 23.100000 -0.865552 0.109119
0.644390 1.262530 23.200000 -0.855768 -2.916800
0.643761 1.257333 23.300000 -0.997329 0.305247
0.643053 1.258475 23.400000 -0.977080 1.746743
0.641987 1.263075 23.500000 -0.884858 -2.165266
0.641341 1.259744 23.600000 -0.988697 -0.973239
0.640885 1.256501 23.700000 -1.032415 -0.987841
0.640629 1.252254 23.800000 -1.076645 0.695065
0.640197 1.249414 23.900000 -1.036509 -1.068245
0.639982 1.252784 24.000000 -1.084738 -2.030543
0.640219 1.247648 24.100000 -1.180842 -0.140850
0.640459 1.249208 24.200000 -1.181980 -1.803719
0.641120 1.294265 24.300000 -1.266256 -4.948367
0.643140 1.289971 24.400000 -1.507343 -0.696076
0.645312 1.284735 24.500000 -1.534610 -0.060780
0.647438 1.279538 24.600000 -1.529976 0.048746
0.649485 1.277767 24.700000 -1.519889 1.296231
0.651083 1.272835 24.800000 -1.447478 -0.315929
0.652719 1.289350 24.900000 -1.456037 3.286769
0.653405 1.313948 25.000000 -1.284418 3.863555
0.653147 1.333140 25.100000 -1.084819 3.507207
0.652181 1.328671 25.200000 -0.904034 0.636682
0.651095 1.330484 25.300000 -0.867680 -1.891632
0.650341 1.325571 25.400000 -0.957923 -0.393754
0.649649 1.332096 25.500000 -0.972821 2.447908
0.648512 1.328803 25.600000 -0.845562 0.985633
0.647214 1.324094 25.700000 -0.792052 0.477305
0.645843 1.319134 25.800000 -0.764227 -0.280435
0.644512 1.315383 25.900000 -0.774427 0.829261
0.643061 1.315670 26.000000 -0.729092 -1.667538
0.641855 1.312986 26.100000 -0.808823 1.106852
0.640482 1.316107 26.200000 -0.749437 2.065787
0.638838 1.311265 26.300000 -0.642400 0.275089
0.637165 1.306317 26.400000 -0.625434 -0.002545
0.635498 1.301687 26.500000 -0.622434 -0.386797
0.633882 1.301000 26.600000 -0.638662 -1.495531
0.632458 1.296202 26.700000 -0.710245 -0.172917
0.631058 1.293865 26.800000 -0.715339 -1.155591
0.629817 1.292742 26.900000 -0.769542 -1.407614
0.628783 1.288663 27.000000 -0.836075 -0.612125
0.627839 1.284798 27.100000 -0.862501 -0.688980
0.626998 1.281097 27.200000 -0.892638 -0.740664
0.626272 1.279577 27.300000 -0.925208 -1.315008
0.625763 1.278869 27.400000 -0.986332 -1.473139
0.625513 1.274750 27.500000 -1.055057 0.532506
0.625144 1.271972 27.600000 -1.023157 1.005319
0.624580 1.267399 27.700000 -0.967775 0.036472
0.623997 1.268868 27.800000 -0.961112 1.831629
0.623104 1.273855 27.900000 -0.864725 2.308737
0.621874 1.278159 28.000000 -0.744965 2.228576
0.620372 1.285695 28.100000 -0.629811 2.608973
0.618615 1.290488 28.200000 -0.496214 2.298717
0.616689 1.290831 28.300000 -0.378797 1.666048
0.614676 1.286948 28.400000 -0.293600 -0.607071
0.612709 1.283497 28.500000 -0.322486 0.774395
0.610713 1.281188 28.600000 -0.282154 -1.114386
0.608789 1.281496 28.700000 -0.336462 -1.655179
0.606984 1.282624 28.800000 -0.417539 -1.793098
0.605331 1.279389 28.900000 -0.505106 -0.829948
0.603759 1.274995 29.000000 -0.544078 0.035280
0.602190 1.270675 29.100000 -0.539594 0.165280
0.600612 1.266740 29.200000 -0.528632 -0.485249
0.599084 1.265564 29.300000 -0.550251 -1.357281
0.597695 1.274960 29.400000 -0.615364 -2.841544
0.596637 1.270704 29.500000 -0.754364 0.173930
0.595554 1.267891 29.600000 -0.741896 -0.932968
0.594589 1.263798 29.700000 -0.784835 0.310930
0.593580 1.260880 29.800000 -0.765364 -0.884808
0.592684 1.257331 29.900000 -0.805778 -0.626181
0.591868 1.253288 30.000000 -0.833058 -0.284605
0.591085 1.250004 30.100000 -0.843123 -0.723179
0.590398 1.245922 30.200000 -0.875066 -0.161211
0.589726 1.245534 30.300000 -0.878751 1.501946
0.588839 1.241611 30.400000 -0.799260 -0.313465
0.587990 1.237562 30.500000 -0.810937 0.073411
0.587125 1.241763 30.600000 -0.803212 2.248234
0.585984 1.240700 30.700000 -0.686784 1.352273
0.584702 1.236910 30.800000 -0.615737 0.372958
0.583385 1.234009 30.900000 -0.594010 -0.821778
0.582151 1.248675 31.000000 -0.632129 -3.404395
0.581309 1.262015 31.100000 -0.799188 -3.289598
0.580923 1.266064 31.200000 -0.959672 -2.249193
0.580887 1.271376 31.300000 -1.067333 -2.422498
0.581265 1.268481 31.400000 -1.183122 0.847568
0.581463 1.274391 31.500000 -1.134828 2.504403
0.581218 1.272121 31.600000 -1.003933 1.053602
0.580798 1.279365 31.700000 -0.946233 2.674134
0.580000 1.280493 31.800000 -0.807796 1.810692
0.578983 1.276662 31.900000 -0.713222 0.330516
0.577927 1.272719 32.000000 -0.693130 -0.146861
0.576887 1.268766 32.100000 -0.697008 0.017067
0.575844 1.264937 32.200000 -0.692669 0.251780
0.574773 1.261065 32.300000 -0.676617 0.144228
0.573687 1.259092 32.400000 -0.666022 -1.113607
0.572718 1.259387 32.500000 -0.718373 1.646303
0.571579 1.261436 32.600000 -0.632466 1.964442
0.570266 1.268265 32.700000 -0.531081 2.646176
0.568771 1.272090 32.800000 -0.396117 2.248005
0.567168 1.273671 32.900000 -0.281736 1.894071
0.565506 1.272133 33.000000 -0.185624 1.236715
0.563826 1.268660 33.100000 -0.122860 0.488014
0.562147 1.280084 33.200000 -0.097845 3.185246
0.560470 1.287892 33.300000 0.061907 2.788492
0.558857 1.296375 33.400000 0.201022 2.873988
0.557369 1.303915 33.500000 0.343716 2.767566
0.556058 1.324587 33.600000 0.480376 4.067005
0.555099 1.335831 33.700000 0.681324 3.201613
0.554498 1.332182 33.800000 0.837998 0.444309
0.553945 1.329745 33.900000 0.856023 -1.003691
0.553262 1.326344 34.000000 0.801559 -0.583121
0.552508 1.340897 34.100000 0.768395 -3.550639
0.551399 1.345411 34.200000 0.587021 -2.403830
0.550109 1.342917 34.300000 0.463894 -0.987273
0.548761 1.344444 34.400000 0.412211 1.933835
0.547546 1.341366 34.500000 0.506842 0.747356
0.546391 1.340170 34.600000 0.541676 -1.361310
0.545139 1.336711 34.700000 0.470902 -0.522183
0.543858 1.332962 34.800000 0.442438 0.238488
0.542596 1.330110 34.900000 0.452150 -0.818279
0.541288 1.334534 35.000000 0.408975 -2.401104
0.539867 1.335072 35.100000 0.286875 -1.745787
0.538394 1.332076 35.200000 0.198152 -0.745242
0.536909 1.342790 35.300000 0.159899 -3.201460
0.535397 1.342191 35.400000 -0.000974 -1.503423
0.533901 1.338695 35.500000 -0.076140 -0.442149
0.532419 1.336673 35.600000 -0.097867 -1.110628
0.530964 1.333021 35.700000 -0.152909 -0.241609
0.529523 1.347424 35.800000 -0.164225 3.606664
0.528052 1.344251 35.900000 0.016930 0.640475
0.526593 1.350742 36.000000 0.048869 2.715648
0.525185 1.350244 36.100000 0.184407 1.530108
0.523831 1.352492 36.200000 0.259990 2.081365
0.522573 1.355574 36.300000 0.362758 -2.224683
0.521227 1.352867 36.400000 0.249710 0.857175
0.519919 1.357673 36.500000 0.291321 2.494687
0.518736 1.357104 36.600000 0.414598 -1.515828
0.517480 1.358532 36.700000 0.336734 1.940545
0.516331 1.356079 36.800000 0.432078 0.952195
0.515244 1.353570 36.900000 0.477527 -0.924760
0.514103 1.349993 37.000000 0.428901 -0.229983
0.512953 1.346453 37.100000 0.415258 -0.257678
0.511792 1.346829 37.200000 0.400297 1.724421
0.510738 1.345431 37.300000 0.484517 1.283657
0.509774 1.341848 37.400000 0.546277 0.056713
0.508815 1.338698 37.500000 0.546382 0.561333
0.507899 1.335954 37.600000 0.571716 0.779915
0.507044 1.332451 37.700000 0.607853 0.155327
0.506201 1.329212 37.800000 0.612580 -0.457892
0.505322 1.334173 37.900000 0.586623 -2.535510
0.504269 1.341009 38.000000 0.456914 -2.806612
0.503079 1.341099 38.100000 0.314299 -1.658541
0.501834 1.337599 38.200000 0.229801 -0.034789
0.500594 1.334116 38.300000 0.226912 -0.027441
0.499359 1.337983 38.400000 0.224406 2.376012
0.498217 1.340022 38.500000 0.342084 2.061502
0.497184 1.340679 38.600000 0.443449 1.785716
0.496265 1.337264 38.700000 0.530517 -0.176418
0.495336 1.334160 38.800000 0.519044 -0.510053
0.494375 1.331562 38.900000 0.490946 0.800840
0.493467 1.330131 39.000000 0.528533 1.242798
0.492650 1.344641 39.100000 0.588030 3.746426
0.492155 1.345452 39.200000 0.772412 1.824073
0.491844 1.342438 39.300000 0.859753 -0.561856
0.491465 1.340737 39.400000 0.827362 -1.158043
0.490964 1.341072 39.500000 0.765323 -1.716625
0.490302 1.340103 39.600000 0.675665 1.383070
0.489761 1.350303 39.700000 0.741440 -3.286178
0.488945 1.349614 39.800000 0.573424 -1.466767
0.488032 1.346639 39.900000 0.497218 -0.564433
0.487086 1.345150 40.000000 0.466511 -1.224575
0.486077 1.348041 40.100000 0.402949 -2.239281
0.484974 1.346321 40.200000 0.288971 -1.144442
0.483839 1.347704 40.300000 0.230304 -1.952030
0.482666 1.344794 40.400000 0.131551 0.581143
0.481509 1.341759 40.500000 0.159950 0.474571
0.480367 1.338603 40.600000 0.182879 0.338727
0.479238 1.337371 40.700000 0.198901 1.292914
0.478150 1.334768 40.800000 0.262552 0.738880
0.477093 1.331718 40.900000 0.298183 -0.410120
0.476025 1.332479 41.000000 0.276186 1.813666
0.475031 1.330265 41.100000 0.365489 0.916830
0.474084 1.343377 41.200000 0.409503 3.672947
0.473361 1.343064 41.300000 0.591102 1.558321
0.472755 1.345304 41.400000 0.666063 2.131907
0.472330 1.359438 41.500000 0.769328 -3.801339
0.471594 1.369104 41.600000 0.575414 -3.283335
0.470665 1.367103 41.700000 0.408371 -1.032090
0.469692 1.386538 41.800000 0.354724 -4.361283
0.468596 1.397111 41.900000 0.134886 -3.413815
0.467484 1.395191 42.000000 -0.036479 -1.085223
0.466386 1.393036 42.100000 -0.090557 -0.985578
0.465306 1.390397 42.200000 -0.139384 0.744392
0.464221 1.390740 42.300000 -0.101467 1.752576
0.463129 1.391613 42.400000 -0.013331 1.876959
0.462050 1.390948 42.500000 0.080584 1.488825
0.460995 1.393352 42.600000 0.154622 2.199000
0.460000 1.390750 42.700000 0.263799 0.747887
0.459032 1.389156 42.800000 0.299874 -1.188963
0.458031 1.389561 42.900000 0.238927 -1.768282
0.456994 1.386625 43.000000 0.149318 0.497961
0.455971 1.383799 43.100000 0.173470 -0.576010
0.454942 1.380912 43.200000 0.143802 -0.517310
0.453910 1.377741 43.300000 0.117217 -0.096044
0.452881 1.374771 43.400000 0.111829 0.414551
0.451862 1.372637 43.500000 0.131997 -0.942385
0.450836 1.370237 43.600000 0.084218 0.804858
0.449824 1.373602 43.700000 0.124040 2.384952
0.448867 1.372844 43.800000 0.242667 -1.442952
0.447879 1.373503 43.900000 0.169306 -1.823578
0.446870 1.370476 44.000000 0.077281 -0.278572
0.445864 1.372676 44.100000 0.062966 2.164687
0.444890 1.372652 44.200000 0.170885 1.650445
0.443960 1.369916 44.300000 0.252553 0.561916
0.443050 1.367728 44.400000 0.279386 0.889825
0.442173 1.369286 44.500000 0.322480 -2.031080
0.441238 1.367768 44.600000 0.219314 -1.175310
0.440281 1.364764 44.700000 0.159452 -0.211410
0.439325 1.365084 44.800000 0.148084 -1.736885
0.438353 1.362365 44.900000 0.060500 -0.532273
0.437382 1.362423 45.000000 0.033583 -1.666280
0.436417 1.360846 45.100000 -0.049898 -1.139794
0.435466 1.358045 45.200000 -0.106639 0.429408
0.434515 1.356917 45.300000 -0.084635 1.300816
0.433561 1.372084 45.400000 -0.019171 4.063894
0.432647 1.369363 45.500000 0.184119 0.512948
0.431748 1.366802 45.600000 0.208846 0.630218
0.430868 1.363972 45.700000 0.239313 0.376851
0.430001 1.361521 45.800000 0.256959 -0.691285
0.429119 1.359393 45.900000 0.221110 -0.874859
0.428222 1.357205 46.000000 0.176261 -0.837232
0.427315 1.354325 46.100000 0.133518 0.231653
0.426414 1.351630 46.200000 0.144433 0.461438
0.425525 1.348733 46.300000 0.166783 0.120333
0.424642 1.345948 46.400000 0.171966 0.327885
0.423768 1.347947 46.500000 0.187500 2.134199
0.422953 1.345132 46.600000 0.293273 -0.259249
0.422132 1.342282 46.700000 0.278844 -0.149526
0.421310 1.339683 46.800000 0.269974 0.496966
0.420505 1.338102 46.900000 0.293472 1.092380
0.419740 1.335638 47.000000 0.346624 -0.595650
0.418956 1.333627 47.100000 0.315108 -0.879467
0.418147 1.330821 47.200000 0.269559 -0.110390
0.417338 1.329148 47.300000 0.262692 1.037150
0.416562 1.326654 47.400000 0.313236 -0.537741
0.415772 1.329240 47.500000 0.284783 2.261757
0.415065 1.327173 47.600000 0.396447 0.828134
0.414396 1.325383 47.700000 0.435871 0.971442
0.413773 1.329401 47.800000 0.482264 2.549473
0.413296 1.329395 47.900000 0.607326 1.628699
0.412925 1.327629 48.000000 0.685724 0.980004
0.412623 1.325404 48.100000 0.731296 0.713974
0.412372 1.323339 48.200000 0.763338 0.809998
0.412181 1.330877 48.300000 0.800021 3.153306
0.412269 1.330933 48.400000 0.953687 1.648295
0.412515 1.333318 48.500000 1.031333 2.231556
0.412997 1.335376 48.600000 1.137754 2.161368
0.413727 1.333562 48.700000 1.240134 0.948697
0.414559 1.335447 48.800000 1.281368 2.123879
0.415660 1.338679 48.900000 1.381155 -2.416169
0.416413 1.336539 49.000000 1.253441 -0.758813
0.417053 1.334900 49.100000 1.209233 1.029591
0.417803 1.332193 49.200000 1.254666 0.027748
0.418539 1.334750 49.300000 1.249780 2.278435
0.419554 1.332376 49.400000 1.357453 0.564744
0.420625 1.330098 49.500000 1.378903 -0.636279
0.421586 1.333910 49.600000 1.340195 -2.539663
0.422201 1.331303 49.700000 1.206510 -0.265780
0.422767 1.339654 49.800000 1.187189 -3.316196
0.422952 1.338053 49.900000 1.015443 -1.038274
0.423025 1.342951 50.000000 0.958452 2.753994
0.423369 1.343569 50.100000 1.091360 1.818243
0.423904 1.341118 50.200000 1.176815 0.470650
0.424478 1.346412 50.300000 1.194463 2.831665
0.425389 1.344589 50.400000 1.330074 0.923098
0.426402 1.342223 50.500000 1.369579 0.542775
0.427466 1.339621 50.600000 1.389870 -0.213960
0.428478 1.337770 50.700000 1.372222 0.893927
0.429589 1.335757 50.800000 1.410058 0.790866
0.430787 1.337382 50.900000 1.442551 2.080823
0.432263 1.339206 51.000000 1.539379 2.130389
0.434039 1.337168 51.100000 1.638202 0.769260
0.435906 1.334604 51.200000 1.668474 0.207432
0.437773 1.332370 51.300000 1.670503 -0.611097
0.439507 1.330006 51.400000 1.631596 0.479307
0.441285 1.327439 51.500000 1.647403 -0.104294
0.443014 1.325288 51.600000 1.633951 -0.656390
0.444608 1.322789 51.700000 1.592962 -0.247708
0.446134 1.331189 51.800000 1.572612 -3.371149
0.447150 1.335337 51.900000 1.396191 -2.641152
0.447809 1.335026 52.000000 1.257153 1.531985
0.448639 1.335140 52.100000 1.327466 1.670173
0.449666 1.335105 52.200000 1.404337 1.622769
0.450894 1.332861 52.300000 1.478454 -0.564708
0.452018 1.331528 52.400000 1.442827 -1.124997
0.452967 1.332471 52.500000 1.379363 -1.911760
0.453654 1.331048 52.600000 1.276878 1.079715
0.454456 1.328685 52.700000 1.324479 -0.408016
0.455188 1.326759 52.800000 1.297456 0.787325
0.455999 1.324505 52.900000 1.330335 -0.513552
0.456727 1.322024 53.000000 1.298006 0.121065
0.457451 1.320600 53.100000 1.297569 1.062369
0.458287 1.324146 53.200000 1.344199 2.534109
0.459437 1.335600 53.300000 1.464184 3.857575
0.461121 1.333388 53.400000 1.649742 -0.551398
0.462691 1.343034 53.500000 1.613923 -3.606587
0.463721 1.340536 53.600000 1.425524 0.057828
0.464737 1.339447 53.700000 1.421288 1.228701
0.465894 1.337084 53.800000 1.475617 0.362487
0.467077 1.355012 53.900000 1.486363 4.694225
0.468928 1.353079 54.000000 1.713642 0.786583
0.470870 1.351033 54.100000 1.744403 0.699057
0.472890 1.349096 54.200000 1.770634 0.773717
0.475000 1.350097 54.300000 1.800467 1.946114
0.477401 1.352249 54.400000 1.888770 2.246153
0.480159 1.350608 54.500000 1.991634 -0.955632
0.482700 1.355908 54.600000 1.933894 -2.915261
0.484705 1.357235 54.700000 1.778462 -2.041274
0.486355 1.356110 54.800000 1.667506 -1.215931
0.487793 1.354480 54.900000 1.598372 -0.959107
0.489066 1.353917 55.000000 1.542424 1.444895
0.490520 1.351482 55.100000 1.606957 0.142626
0.491965 1.349815 55.200000 1.606053 0.926556
0.493517 1.347398 55.300000 1.644351 -0.149518
0.495017 1.351607 55.400000 1.628653 -2.714182
0.496110 1.352027 55.500000 1.484801 -1.780316
0.496949 1.350260 55.600000 1.388361 -0.857910
0.497664 1.348320 55.700000 1.338524 -0.731781
0.498274 1.348763 55.800000 1.295242 1.786703
0.499080 1.347558 55.900000 1.378101 1.160729
0.500011 1.346100 56.000000 1.429247 1.029243
0.501053 1.344514 56.100000 1.473563 0.953937
0.502199 1.342781 56.200000 1.513892 0.858955
0.503436 1.345357 56.300000 1.549270 2.364429
0.504983 1.343361 56.400000 1.659746 -0.659913
0.506405 1.342408 56.500000 1.618451 -1.267932
0.507622 1.340638 56.600000 1.546962 0.823311
0.508927 1.338418 56.700000 1.580393 -0.398985
0.510151 1.336095 56.800000 1.552542 0.182833
0.511374 1.334659 56.900000 1.553921 1.017642
0.512712 1.332330 57.000000 1.597033 0.094669
0.514036 1.331017 57.100000 1.593782 -1.078491
0.515186 1.340539 57.200000 1.531888 3.684246
0.516831 1.339338 57.300000 1.708441 1.141261
0.518617 1.340013 57.400000 1.756962 1.858670
0.520659 1.337686 57.500000 1.841111 0.003847
0.522665 1.335588 57.600000 1.832097 0.504233
0.524715 1.333334 57.700000 1.848148 -0.256221
0.526689 1.335473 57.800000 1.826097 2.267780
0.528993 1.333866 57.900000 1.930355 -0.898338
0.531111 1.336171 58.000000 1.875786 2.312248
0.533573 1.336247 58.100000 1.982020 1.661604
0.536280 1.337509 58.200000 2.055190 -2.035651
0.538595 1.336157 58.300000 1.943132 1.046981
0.541044 1.333988 58.400000 1.985765 0.367166
0.543514 1.332536 58.500000 1.994194 -0.982647
0.545778 1.331796 58.600000 1.935091 1.340182
0.548225 1.329673 58.700000 1.992425 0.409301
0.550700 1.327718 58.800000 2.002928 0.596551
0.553234 1.326256 58.900000 2.022741 0.964446
0.555891 1.324196 59.000000 2.060849 0.466440
0.558585 1.322086 59.100000 2.073867 0.388307
0.561301 1.320903 59.200000 2.082913 1.113700
0.564168 1.319394 59.300000 2.128183 0.921671
0.567154 1.320632 59.400000 2.163626 2.027761
0.570465 1.318607 59.500000 2.254196 0.477070
0.573813 1.316933 59.600000 2.266778 0.798825
0.577259 1.314742 59.700000 2.295386 0.120812
0.580672 1.313096 59.800000 2.289950 0.810504
0.584186 1.311918 59.900000 2.319025 1.101359
0.587858 1.313388 60.000000 2.362498 2.095287
0.591889 1.337582 60.100000 2.455450 5.635257
0.597064 1.347930 60.200000 2.724935 3.892915
0.603066 1.347279 60.300000 2.905956 1.382021
0.609313 1.345387 60.400000 2.960528 0.636247
0.615622 1.343535 60.500000 2.977537 0.668169
0.622002 1.341826 60.600000 2.996058 0.782802
0.628481 1.340004 60.700000 3.020218 -0.683731
0.634695 1.337808 60.800000 2.970930 0.078464
0.640836 1.335715 60.900000 2.959999 0.348294
0.646970 1.333655 61.000000 2.962614 0.393666
0.653107 1.332053 61.100000 2.967484 -0.840479
0.658952 1.330110 61.200000 2.910622 0.530828
0.664835 1.328163 61.300000 2.922611 -0.518600
0.670507 1.326962 61.400000 2.882068 1.085741
0.676348 1.325673 61.500000 2.921944 1.032353
0.682347 1.323780 61.600000 2.958952 0.561553
0.688390 1.322401 61.700000 2.972235 0.971348
0.694577 1.320288 61.800000 3.005941 -0.169934
0.700630 1.321420 61.900000 2.982415 2.010934
0.707080 1.330767 62.000000 3.068050 3.775259
0.714390 1.336863 62.100000 3.241472 3.200788
0.722441 1.335298 62.200000 3.385304 -0.850823
0.730146 1.336784 62.300000 3.325837 -2.127066
0.737185 1.339626 62.400000 3.202854 -2.495298
0.743496 1.340292 62.500000 3.062075 -1.874093
0.749264 1.339314 62.600000 2.953060 -1.206350
0.754666 1.337326 62.700000 2.877977 0.425553
0.760082 1.342706 62.800000 2.884865 3.072881
0.766133 1.341492 62.900000 3.024085 1.075197
0.772352 1.339384 63.000000 3.062724 0.148471
0.778513 1.337327 63.100000 3.054834 0.281949
0.784649 1.342007 63.200000 3.053657 2.932450
0.791411 1.340897 63.300000 3.185011 1.129727
0.798357 1.339793 63.400000 3.225573 1.131520
0.805488 1.338844 63.500000 3.266021 1.213322
0.812825 1.337500 63.600000 3.310357 -0.982486
0.819802 1.341752 63.700000 3.244681 -2.846212
0.825971 1.342636 63.800000 3.086147 -1.952649
0.831586 1.340543 63.900000 2.973084 -0.077423
0.837097 1.346478 64.000000 2.954347 3.207898
0.843278 1.345877 64.100000 3.099970 1.386016
0.849700 1.343873 64.200000 3.153771 -0.337866
0.855944 1.345626 64.300000 3.121109 -2.223816
0.861567 1.357102 64.400000 2.994313 -4.182840
0.866173 1.355993 64.500000 2.770199 -1.132019
0.870467 1.353955 64.600000 2.699747 -0.272563
0.874635 1.354542 64.700000 2.672620 -1.862289
0.878361 1.354542 64.800000 2.566143 -1.646289
0.881706 1.354730 64.900000 2.470998 -1.718498
0.884676 1.352684 65.000000 2.372718 -0.212611
0.887555 1.354096 65.100000 2.350224 2.132304
0.890774 1.353700 65.200000 2.445088 1.480088
0.894216 1.351784 65.300000 2.506867 -0.449627
0.897515 1.349779 65.400000 2.471851 -0.276825
0.900706 1.348929 65.500000 2.445650 -1.258853
0.903611 1.346876 65.600000 2.370479 -0.003784
0.906464 1.347425 65.700000 2.358438 1.848218
0.909603 1.349473 65.800000 2.439057 2.322518
0.913124 1.352428 65.900000 2.542987 2.568857
0.917089 1.350383 66.000000 2.658715 -0.039525
0.920982 1.348520 66.100000 2.643445 -0.484489
0.924714 1.347896 66.200000 2.606004 -1.367355
0.928121 1.346670 66.300000 2.524606 -1.032928
0.931277 1.345611 66.400000 2.460336 -1.133500
0.934171 1.345611 66.500000 2.391360 -1.640832
0.936727 1.344342 66.600000 2.297361 0.999140
0.939409 1.343714 66.700000 2.335832 -1.360060
0.941809 1.341856 66.800000 2.256149 0.448439
0.944240 1.340790 66.900000 2.267291 1.120409
0.946815 1.338805 67.000000 2.311975 0.133644
0.949367 1.337324 67.100000 2.307097 -0.828512
0.951731 1.336032 67.200000 2.254136 -0.967452
0.953892 1.334444 67.300000 2.194493 -0.728977
0.955893 1.334704 67.400000 2.147071 -1.737671
0.957586 1.333079 67.500000 2.049452 0.687974
0.959347 1.332060 67.600000 2.073604 -1.134202
0.960901 1.331257 67.700000 2.006526 -1.254737
0.962240 1.331728 67.800000 1.933756 1.817430
0.963810 1.333510 67.900000 2.014959 -2.255334
0.965023 1.341354 68.000000 1.892117 -3.653862
0.965727 1.347673 68.100000 1.699964 -3.361772
0.966012 1.347896 68.200000 1.523375 -1.732226
0.966093 1.350397 68.300000 1.429147 -2.473289
0.965913 1.348847 68.400000 1.298337 -0.759053
0.965651 1.347713 68.500000 1.253893 -1.068696
0.965283 1.353032 68.600000 1.194188 3.162907
0.965197 1.352030 68.700000 1.346363 1.151914
0.965213 1.351606 68.800000 1.397227 -1.455852
0.965072 1.349664 68.900000 1.317448 -0.155163
0.964904 1.351602 69.000000 1.303103 -2.318818
0.964517 1.355322 69.100000 1.180646 -2.802088
0.963897 1.356434 69.200000 1.034639 -2.062149
0.963127 1.354787 69.300000 0.926358 0.653427
0.962396 1.352900 69.400000 0.954397 0.293719
0.961682 1.351327 69.500000 0.964311 -0.718592
0.960914 1.350396 69.600000 0.923560 -1.185024
0.960066 1.349600 69.700000 0.859691 -1.260865
0.959142 1.352569 69.800000 0.792349 -2.617209
0.958081 1.358141 69.900000 0.657527 -3.241453
0.956887 1.357940 70.000000 0.492167 -1.560202
0.955644 1.357125 70.100000 0.411696 -1.253262
0.954371 1.356399 70.200000 0.346974 -1.301755
0.953071 1.359488 70.300000 0.280152 -2.657284
0.951734 1.360921 70.400000 0.145887 -2.177105
0.950387 1.366033 70.500000 0.036302 -3.152737
0.949053 1.368132 70.600000 -0.121516 -2.387672
0.947753 1.366219 70.700000 -0.240292 -0.164692
0.946460 1.367371 70.800000 -0.247325 -2.089512
0.945213 1.365673 70.900000 -0.350564 0.569089
0.943956 1.364948 71.000000 -0.320357 -1.303591
0.942734 1.365186 71.100000 -0.383935 -1.751788
0.941566 1.365534 71.200000 -0.469605 -1.796521
0.940465 1.364075 71.300000 -0.557083 -0.804375
0.939397 1.362445 71.400000 -0.594516 0.630043
0.938304 1.360542 71.500000 -0.560041 0.001354
0.937211 1.358692 71.600000 -0.557173 -0.262226
0.936130 1.356957 71.700000 -0.567499 -0.475689
0.935069 1.356481 71.800000 -0.588446 -1.424299
0.934070 1.359762 71.900000 -0.656718 -2.727263
0.933207 1.359366 72.000000 -0.789798 1.465798
0.932266 1.358362 72.100000 -0.712559 -1.126130
0.931382 1.356872 72.200000 -0.765303 -0.749743
0.930536 1.356034 72.300000 -0.798963 -1.225003
0.929758 1.355790 72.400000 -0.856219 1.536004
0.928891 1.355066 72.500000 -0.775137 1.288123
0.927957 1.353231 72.600000 -0.706856 -0.204423
0.927032 1.351514 72.700000 -0.713542 -0.454408
0.926129 1.350054 72.800000 -0.732695 -0.758657
0.925263 1.348882 72.900000 -0.766964 -0.994043
0.924449 1.349961 73.000000 -0.812832 -2.067760
0.923755 1.358072 73.100000 -0.912156 -3.817665
0.923318 1.360630 73.200000 -1.098478 -2.542926
0.923074 1.359150 73.300000 -1.220132 -0.740054
0.922883 1.357486 73.400000 -1.251034 -0.522130
0.922726 1.356672 73.500000 -1.270885 -1.231728
0.922667 1.356579 73.600000 -1.326117 1.604869
0.922457 1.355657 73.700000 -1.239243 1.162899
0.922143 1.354369 73.800000 -1.174902 0.898801
0.921750 1.353537 73.900000 -1.124088 1.215190
0.921261 1.351776 74.000000 -1.057708 -0.313468
0.920789 1.350062 74.100000 -1.068093 -0.399374
0.920338 1.352681 74.200000 -1.082721 -2.567595
0.920078 1.351165 74.300000 -1.205687 0.670104
0.919756 1.352694 74.400000 -1.166153 2.231802
0.919260 1.351003 74.500000 -1.048732 0.426263
0.918729 1.349719 74.600000 -1.022176 0.885118
0.918133 1.347960 74.700000 -0.972809 -0.261572
0.917550 1.346460 74.800000 -0.981023 0.670113
0.916919 1.347143 74.900000 -0.942613 -1.928206
0.916410 1.348464 75.000000 -1.034310 -2.162751
0.916051 1.346670 75.100000 -1.137276 -0.000405
0.915685 1.345023 75.200000 -1.131610 0.460653
0.915277 1.343626 75.300000 -1.102919 -0.763377
0.914919 1.342143 75.400000 -1.135573 0.670221
0.914504 1.340679 75.500000 -1.096384 -0.685460
0.914132 1.339184 75.600000 -1.125175 0.646239
0.913706 1.342090 75.700000 -1.087238 -2.661708
0.913474 1.340427 75.800000 -1.214887 -0.399312
0.913266 1.338990 75.900000 -1.228778 -0.704833
0.913105 1.337231 76.000000 -1.257876 0.029082
0.912932 1.335506 76.100000 -1.250132 0.211530
0.912733 1.337213 76.200000 -1.233305 2.297107
0.912348 1.344789 76.300000 -1.112283 3.774978
0.911706 1.352145 76.400000 -0.917973 3.734196
0.910860 1.352021 76.500000 -0.726673 1.585406
0.909943 1.353154 76.600000 -0.643769 2.107701
0.908944 1.351420 76.700000 -0.535166 0.209063
0.907940 1.356545 76.800000 -0.522037 3.253497
0.906843 1.360997 76.900000 -0.356752 3.093250
0.905693 1.359567 77.000000 -0.200305 -0.719363
0.904556 1.359820 77.100000 -0.235272 -1.763211
0.903453 1.358608 77.200000 -0.322256 -0.920235
0.902372 1.357047 77.300000 -0.366657 -0.547725
0.901307 1.355505 77.400000 -0.392210 0.569996
0.900230 1.353937 77.500000 -0.361749 -0.526201
0.899167 1.354131 77.600000 -0.386250 1.734620
0.898069 1.352396 77.700000 -0.297588 0.099755
0.896970 1.350710 77.800000 -0.291112 -0.277282
0.895879 1.348982 77.900000 -0.303521 -0.082907
0.894792 1.347900 78.000000 -0.306148 1.003513
0.893689 1.349240 78.100000 -0.254442 2.189060
0.892561 1.348468 78.200000 -0.143717 1.220569
0.891427 1.349168 78.300000 -0.081970 1.947868
0.890292 1.358987 78.400000 0.015833 4.256108
0.889192 1.357417 78.500000 0.228560 0.498994
0.888103 1.357121 78.600000 0.252367 -1.499624
0.886995 1.356001 78.700000 0.176124 -0.974547
0.885881 1.354576 78.800000 0.126516 0.680467
0.884776 1.355213 78.900000 0.159906 1.927542
0.883699 1.357382 79.000000 0.255484 -2.478427
0.882594 1.360360 79.100000 0.130285 -2.726119
0.881481 1.358762 79.200000 -0.006672 -0.430553
0.880371 1.362276 79.300000 -0.028167 -2.880805
0.879282 1.361490 79.400000 -0.172066 -1.214131
0.878211 1.359784 79.500000 -0.231912 -0.087939
0.877144 1.358432 79.600000 -0.235150 -0.750634
0.876091 1.356778 79.700000 -0.271505 0.279589
0.875036 1.361636 79.800000 -0.256169 -3.236756
0.874051 1.366949 79.900000 -0.416725 -3.350237
0.873171 1.371792 80.000000 -0.582154 -3.239113
0.872425 1.370111 80.100000 -0.741199 -0.217278
0.871687 1.368989 80.200000 -0.748356 0.968941
0.870904 1.367824 80.300000 -0.696168 0.929173
0.870082 1.371548 80.400000 -0.646228 2.954868
0.869154 1.370137 80.500000 -0.495254 0.685571
0.868208 1.369100 80.600000 -0.458499 -1.032731
0.867293 1.368782 80.700000 -0.507843 -1.491356
0.866428 1.367738 80.800000 -0.579871 -1.023668
0.865602 1.367150 80.900000 -0.628155 -1.335512
0.864830 1.367133 81.000000 -0.691790 -1.645127
0.864131 1.365567 81.100000 -0.770588 0.436314
0.863409 1.366827 81.200000 -0.744919 2.186296
0.862594 1.369239 81.300000 -0.631880 -2.580830
0.861887 1.367562 81.400000 -0.757762 0.066224
0.861176 1.365931 81.500000 -0.750662 -0.273335
0.860476 1.367032 81.600000 -0.760575 -2.128587
0.859880 1.379201 81.700000 -0.863202 -4.758274
0.859564 1.385500 81.800000 -1.096799 -3.616128
0.859503 1.389263 81.900000 -1.272122 -2.990534
0.859676 1.390161 82.000000 -1.415288 -2.062251
0.860019 1.388826 82.100000 -1.511324 0.765228
0.860279 1.388828 82.200000 -1.465506 1.667627
0.860382 1.389854 82.300000 -1.374797 -2.113875
0.860655 1.392391 82.400000 -1.473617 -2.639066
0.861160 1.390975 82.500000 -1.598202 -0.667723
0.861712 1.394949 82.600000 -1.623597 -3.058518
0.862560 1.395657 82.700000 -1.768405 -1.990905
0.863604 1.401116 82.800000 -1.859108 -3.441226
0.865026 1.401902 82.900000 -2.021874 -2.026411
0.866672 1.400336 83.000000 -2.113085 -0.449558
0.868344 1.398730 83.100000 -2.124998 -0.357907
0.870030 1.398490 83.200000 -2.132268 1.548135
0.871492 1.397342 83.300000 -2.044200 -0.939152
0.873042 1.396075 83.400000 -2.080937 -0.823968
0.874664 1.394570 83.500000 -2.111730 0.525179
0.876191 1.396251 83.600000 -2.074913 -2.367175
0.877989 1.395185 83.700000 -2.182897 -1.003132
0.879885 1.396245 83.800000 -2.222139 -2.137625
0.882036 1.395637 83.900000 -2.317910 -1.330344
0.884334 1.397109 84.000000 -2.372837 -2.295119
0.886924 1.396272 84.100000 -2.475729 -1.176567
0.889645 1.394694 84.200000 -2.522179 0.364795
0.892267 1.393644 84.300000 -2.491328 -1.008418
0.894997 1.395554 84.400000 -2.529292 -2.452613
0.898056 1.393982 84.500000 -2.639276 0.362121
0.901011 1.400906 84.600000 -2.607974 3.810070
0.903357 1.400311 84.700000 -2.404431 1.338797
0.905478 1.398662 84.800000 -2.325469 -0.038447
0.907567 1.398236 84.900000 -2.315764 1.439921
0.909428 1.396624 85.000000 -2.232189 -0.229313
0.911286 1.400169 85.100000 -2.232493 -2.972091
0.913510 1.398742 85.200000 -2.369936 -0.605060
0.915780 1.397384 85.300000 -2.388339 -0.691022
0.918108 1.401063 85.400000 -2.410948 -3.014399
0.920832 1.399477 85.500000 -2.549613 -0.294773
0.923556 1.397850 85.600000 -2.551604 0.102624
0.926221 1.396608 85.700000 -2.533715 0.815313
0.928723 1.395465 85.800000 -2.480281 -0.910364
0.931316 1.394118 85.900000 -2.513397 -0.688060
0.933967 1.393350 86.000000 -2.535233 -1.210599
0.936754 1.392433 86.100000 -2.583087 -1.098583
0.939661 1.391734 86.200000 -2.625101 1.256300
0.942334 1.390124 86.300000 -2.549160 0.028117
0.944959 1.388598 86.400000 -2.535009 -0.374252
0.947596 1.389145 86.500000 -2.541046 -1.930155
0.950476 1.387595 86.600000 -2.624849 0.300623
0.953266 1.386539 86.700000 -2.596693 -0.970972
0.956155 1.385049 86.800000 -2.632259 0.427867
0.958934 1.388163 86.900000 -2.597704 -2.861546
0.962105 1.387469 87.000000 -2.727793 -1.251682
0.965423 1.386747 87.100000 -2.776738 1.231163
0.968496 1.386276 87.200000 -2.701296 -1.397157
0.971738 1.384731 87.300000 -2.757647 0.266609
0.974888 1.383243 87.400000 -2.730529 -0.406329
0.978052 1.381783 87.500000 -2.737192 -0.457350
0.981237 1.381239 87.600000 -2.746374 1.345089
0.984165 1.379669 87.700000 -2.665388 -0.075607
0.987057 1.378513 87.800000 -2.655841 0.852367
0.989776 1.376989 87.900000 -2.599944 -0.273695
0.992491 1.376547 88.000000 -2.600629 1.405615
0.994959 1.375030 88.100000 -2.517345 -0.276661
0.997424 1.373649 88.200000 -2.518591 0.557947
0.999769 1.372230 88.300000 -2.478101 0.488859
1.002006 1.370728 88.400000 -2.441267 -0.291360
1.004245 1.369570 88.500000 -2.443629 -0.830454
1.006560 1.368145 88.600000 -2.472933 -0.459932
1.008900 1.366681 88.700000 -2.483565 -0.370479
1.011251 1.366070 88.800000 -2.489672 -1.283094
1.013743 1.367818 88.900000 -2.541378 -2.417279
1.016545 1.367339 89.000000 -2.649535 -1.371806
1.019506 1.369390 89.100000 -2.704878 -2.528779
1.022810 1.377223 89.200000 -2.817792 -4.090016
1.026727 1.378157 89.300000 -3.008204 -2.103462
1.030943 1.376921 89.400000 -3.098336 -0.737591
1.035224 1.377183 89.500000 -3.119724 1.795034
1.039135 1.376242 89.600000 -3.014374 -1.032831
1.043160 1.374826 89.700000 -3.050943 -0.457634
1.047203 1.373330 89.800000 -3.058570 -0.244325
1.051226 1.371806 89.900000 -3.055494 -0.057805
1.055198 1.370285 90.000000 -3.043106 -0.054622
1.059120 1.368777 90.100000 -3.030622 -0.144675
1.063006 1.367584 90.200000 -3.022703 0.763464
1.066707 1.366134 90.300000 -2.969416 0.337050
1.070296 1.367630 90.400000 -2.937716 2.332412
1.073461 1.370981 90.500000 -2.806407 2.967473
1.076132 1.369689 90.600000 -2.644001 0.630928
1.078667 1.368567 90.700000 -2.599235 0.837811
1.081041 1.368701 90.800000 -2.544348 -1.726912
1.083619 1.368272 90.900000 -2.617972 -1.398374
1.086356 1.367539 91.000000 -2.674801 -1.184123
1.089223 1.370799 91.100000 -2.720633 -2.946172
1.092492 1.369399 91.200000 -2.854339 -0.431327
1.095776 1.368673 91.300000 -2.861633 1.188163
1.098826 1.367271 91.400000 -2.787917 0.414622
1.101764 1.366023 91.500000 -2.753246 0.668690
1.104555 1.364561 91.600000 -2.706046 0.227751
1.107267 1.366284 91.700000 -2.681128 2.427309
1.109590 1.366098 91.800000 -2.546357 1.546447
1.111663 1.364660 91.900000 -2.456303 -0.292329
1.113738 1.367650 92.000000 -2.458638 -2.869906
1.116167 1.368627 92.100000 -2.589840 -2.130012
1.118859 1.371956 92.200000 -2.683391 -2.980623
1.121948 1.375557 92.300000 -2.819005 -3.065591
1.125465 1.374741 92.400000 -2.958190 -1.114455
1.129107 1.373721 92.500000 -2.999122 -0.927524
1.132842 1.373476 92.600000 -3.030502 1.514142
1.136277 1.372911 92.700000 -2.939643 1.302906
1.139456 1.371528 92.800000 -2.859799 0.419752
1.142520 1.373120 92.900000 -2.824512 -2.388567
1.145903 1.372555 93.000000 -2.929818 1.301853
1.149031 1.371087 93.100000 -2.850076 0.091797
1.152095 1.370130 93.200000 -2.831236 -0.977540
1.155259 1.370916 93.300000 -2.865957 -2.051343
1.158690 1.370168 93.400000 -2.954194 -1.158879
1.162252 1.369089 93.500000 -2.997367 0.849567
1.165623 1.367646 93.600000 -2.939902 0.182483
1.168913 1.366850 93.700000 -2.916079 1.114760
1.171981 1.365454 93.800000 -2.845760 0.334140
1.174948 1.364715 93.900000 -2.814824 -1.158141
1.178042 1.365681 94.000000 -2.858657 2.132678
1.180770 1.364437 94.100000 -2.737730 0.621585
1.183363 1.363238 94.200000 -2.692962 -0.683769
1.186010 1.361794 94.300000 -2.713686 -0.032058
1.188617 1.360409 94.400000 -2.701720 0.324954
1.191134 1.359212 94.500000 -2.671964 0.675668
1.193514 1.358840 94.600000 -2.624821 -1.419087
1.196050 1.360815 94.700000 -2.682651 -2.542075
1.198910 1.361296 94.800000 -2.796342 -1.906441
1.202006 1.360947 94.900000 -2.877682 -1.434908
1.205271 1.359821 95.000000 -2.935039 0.762114
1.208369 1.358458 95.100000 -2.882258 0.352420
1.211363 1.361060 95.200000 -2.850226 2.770693
1.213907 1.360288 95.300000 -2.697440 1.117837
1.216251 1.365354 95.400000 -2.628061 3.520671
1.218090 1.369307 95.500000 -2.438887 3.207820
1.219501 1.370544 95.600000 -2.266302 2.259552
1.220623 1.370253 95.700000 -2.141992 -1.478084
1.221885 1.372474 95.800000 -2.205187 -2.645491
1.223431 1.382760 95.900000 -2.326435 -4.742832
1.225546 1.389693 96.000000 -2.551945 -4.011340
1.228174 1.391361 96.100000 -2.739752 -2.447430
1.231111 1.393548 96.200000 -2.848425 -2.644615
1.234398 1.392104 96.300000 -2.966413 -0.049371
1.237640 1.390662 96.400000 -2.954050 -0.031139
1.240836 1.389228 96.500000 -2.940837 0.108513
1.243963 1.387944 96.600000 -2.920707 0.542357
1.246960 1.386835 96.700000 -2.878985 -0.793196
1.250025 1.387363 96.800000 -2.904250 -1.948644
1.253336 1.385955 96.900000 -2.987161 -0.207215
1.256626 1.394462 97.000000 -2.982586 4.392310
1.259218 1.399066 97.100000 -2.748058 3.426229
1.261299 1.408211 97.200000 -2.563006 4.538080
1.262775 1.408912 97.300000 -2.323287 2.045220
1.263983 1.409787 97.400000 -2.209410 2.126806
1.264930 1.408406 97.500000 -2.092022 0.351729
1.265816 1.407248 97.600000 -2.063976 -0.744384
1.266756 1.405833 97.700000 -2.090875 0.217815
1.267650 1.404701 97.800000 -2.069530 -0.771619
1.268602 1.403597 97.900000 -2.097763 -0.802932
1.269615 1.403192 98.000000 -2.127421 1.419136
1.270453 1.401812 98.100000 -2.045827 -0.308365
1.271301 1.401027 98.200000 -2.051016 -1.122411
1.272243 1.400526 98.300000 -2.096882 -1.347650
1.273306 1.400381 98.400000 -2.153780 -1.586319
1.274519 1.403101 98.500000 -2.222327 -2.857335
1.276035 1.401749 98.600000 -2.354082 -0.370771
1.277564 1.400514 98.700000 -2.360850 0.603102
1.278991 1.399191 98.800000 -2.318891 0.428482
1.280338 1.402078 98.900000 -2.285872 -2.917940
1.282002 1.400940 99.000000 -2.420340 -0.740506
1.283723 1.400147 99.100000 -2.445263 -1.108309
1.285548 1.398826 99.200000 -2.488453 0.421656
1.287287 1.398232 99.300000 -2.454928 1.271119
1.288837 1.396843 99.400000 -2.379097 -0.181299
1.290378 1.395617 99.500000 -2.376266 0.593467
1.291817 1.395662 99.600000 -2.334712 1.697411
1.293032 1.394599 99.700000 -2.238168 0.818200
1.294130 1.401285 99.800000 -2.186067 4.018396
1.294785 1.403478 99.900000 -1.974217 2.681279
1.295164 1.403584 100.000000 -1.830282 1.737062
1.295373 1.402204 100.100000 -1.734277 0.203590
1.295548 1.402281 100.200000 -1.715426 1.720558
1.295566 1.401354 100.300000 -1.620821 -0.970585
1.295650 1.400967 100.400000 -1.661246 -1.423348
1.295839 1.399585 100.500000 -1.724107 -0.143009
1.296026 1.398302 100.600000 -1.722637 0.464891
1.296158 1.397072 100.700000 -1.690780 0.563036
1.296230 1.396554 100.800000 -1.654174 1.322296
1.296182 1.396994 100.900000 -1.579788 1.918687
1.295977 1.396139 101.000000 -1.475955 1.032702
1.295688 1.396504 101.100000 -1.416940 -1.878761
1.295526 1.397511 101.200000 -1.503793 -2.198585
1.295520 1.396197 101.300000 -1.606204 -0.361595
1.295530 1.396563 101.400000 -1.616252 -1.879934
1.295681 1.396120 101.500000 -1.702168 -1.376385
1.295934 1.397391 101.600000 -1.762476 2.318812
1.295979 1.399865 101.700000 -1.637723 2.798547
1.295796 1.401631 101.800000 -1.489607 2.529591
1.295426 1.400695 101.900000 -1.355680 0.945665
1.294987 1.402604 102.000000 -1.301618 -2.588129
1.294713 1.401235 102.100000 -1.424517 0.080377
1.294424 1.399877 102.200000 -1.413375 -0.157795
1.294136 1.398523 102.300000 -1.414198 0.163069
1.293828 1.398725 102.400000 -1.398974 -1.792207
1.293637 1.398097 102.500000 -1.481589 -1.228308
1.293525 1.398656 102.600000 -1.535596 1.986021
1.293260 1.397768 102.700000 -1.428617 0.985006
1.292918 1.396485 102.800000 -1.372224 0.395064
1.292541 1.395129 102.900000 -1.345610 0.003060
1.292157 1.394201 103.000000 -1.338729 -0.936341
1.291826 1.394082 103.100000 -1.378852 -1.594199
1.291595 1.392765 103.200000 -1.451668 -0.261683
1.291374 1.391626 103.300000 -1.457494 -0.655155
1.291188 1.390406 103.400000 -1.482964 -0.507474
1.291029 1.389251 103.500000 -1.500923 -0.623874
1.290905 1.389884 103.600000 -1.524612 2.022702
1.290627 1.393713 103.700000 -1.415854 3.275432
1.290131 1.392377 103.800000 -1.245003 0.103564
1.289622 1.391079 103.900000 -1.233600 -0.290462
1.289124 1.389757 104.000000 -1.241955 0.174794
1.288609 1.389161 104.100000 -1.227005 -1.240020
1.288163 1.387850 104.200000 -1.282871 -0.207379
1.287722 1.386547 104.300000 -1.286826 -0.232593
1.287288 1.389814 104.400000 -1.292021 -3.098822
1.287049 1.388766 104.500000 -1.440502 -0.766404
1.286854 1.387482 104.600000 -1.471620 0.296422
1.286629 1.386279 104.700000 -1.449441 0.502867
1.286359 1.385089 104.800000 -1.417050 0.526107
1.286046 1.383811 104.900000 -1.383660 0.292590
1.285705 1.382545 105.000000 -1.362112 -0.327525
1.285377 1.381547 105.100000 -1.371677 0.815650
1.284989 1.380318 105.200000 -1.324037 -0.417865
1.284619 1.379063 105.300000 -1.338310 -0.340483
1.284264 1.379023 105.400000 -1.348642 -1.635170
1.284007 1.377906 105.500000 -1.423658 0.630538
1.283700 1.376632 105.600000 -1.385012 0.250183
1.283368 1.380857 105.700000 -1.365578 3.419716
1.282822 1.384886 105.800000 -1.187764 3.360615
1.282097 1.384272 105.900000 -1.013795 1.211949
1.281312 1.386848 106.000000 -0.948128 2.869482
1.280407 1.387144 106.100000 -0.799914 1.844577
1.279435 1.385840 106.200000 -0.703685 -0.060458
1.278465 1.384905 106.300000 -0.703190 0.884242
1.277466 1.384547 106.400000 -0.655462 -1.416392
1.276513 1.383370 106.500000 -0.723004 -0.510646
1.275577 1.382074 106.600000 -0.744921 0.007935
1.274639 1.380783 106.700000 -0.740800 0.086836
1.273698 1.379680 106.800000 -0.732754 -0.635415
1.272778 1.378501 106.900000 -0.760861 -0.484919
1.271875 1.377592 107.000000 -0.781303 -0.899550
1.271004 1.379285 107.100000 -0.822374 -2.527225
1.270235 1.383313 107.200000 -0.944623 -3.376541
1.269624 1.386483 107.300000 -1.108727 -3.094623
1.269179 1.388287 107.400000 -1.257915 2.579131
1.268586 1.387712 107.500000 -1.122668 1.240597
1.267924 1.393904 107.600000 -1.055025 4.014155
1.267083 1.392792 107.700000 -0.849042 -0.624341
1.266264 1.391989 107.800000 -0.876014 1.025750
1.265403 1.392212 107.900000 -0.820347 1.807178
1.264476 1.391737 108.000000 -0.725886 1.325360
1.263506 1.392124 108.100000 -0.655989 -1.902992
1.262598 1.390897 108.200000 -0.747858 -0.356056
1.261701 1.389660 108.300000 -0.761922 -0.316239
1.260814 1.389212 108.400000 -0.773924 1.344116
1.259881 1.388113 108.500000 -0.702849 -0.625527
1.258967 1.387403 108.600000 -0.730611 -1.110375
1.258091 1.387267 108.700000 -0.782477 1.574596
1.257161 1.392539 108.800000 -0.699834 3.775789
1.256126 1.391598 108.900000 -0.507546 0.856943
1.255072 1.391387 109.000000 -0.462161 1.523643
1.253990 1.391314 109.100000 -0.383668 1.620027
1.252884 1.392213 109.200000 -0.300748 2.179004
1.251756 1.391219 109.300000 -0.190294 0.781214
1.250623 1.391455 109.400000 -0.150282 -1.815873
1.249508 1.392586 109.500000 -0.240324 -2.293869
1.248426 1.392500 109.600000 -0.353816 -1.611527
1.247374 1.391248 109.700000 -0.432623 0.188910
1.246320 1.391434 109.800000 -0.421015 1.786799
1.245236 1.392260 109.900000 -0.329570 2.144752
1.244127 1.391021 110.000000 -0.220684 0.233790
1.243018 1.389872 110.100000 -0.207891 0.500135
1.241906 1.388917 110.200000 -0.181845 0.819943
1.240790 1.387882 110.300000 -0.139939 -0.703137
1.239681 1.387123 110.400000 -0.174396 1.047177
1.238567 1.385923 110.500000 -0.121165 -0.347926
1.237456 1.386077 110.600000 -0.137956 -1.764140
1.236363 1.385070 110.700000 -0.225473 0.735021
1.235264 1.384995 110.800000 -0.187595 -1.613646
1.234183 1.385070 110.900000 -0.267339 -1.713548
1.233128 1.384046 111.000000 -0.351680 -0.704619
1.232085 1.382805 111.100000 -0.385152 -0.084907
1.231046 1.381906 111.200000 -0.387472 0.874142
1.229993 1.381373 111.300000 -0.341827 1.255315
1.228925 1.380441 111.400000 -0.277352 -0.828069
1.227869 1.379218 111.500000 -0.317369 -0.173358
1.226816 1.377983 111.600000 -0.324450 0.035312
1.225765 1.386183 111.700000 -0.321062 -4.592459
1.224805 1.388514 111.800000 -0.549080 -2.826585
1.223922 1.388514 111.900000 -0.687664 -1.665929
1.223093 1.388906 112.000000 -0.767522 -1.912018
1.222332 1.388563 112.100000 -0.859285 -1.417135
1.221625 1.387329 112.200000 -0.925845 0.084113
1.220912 1.386099 112.300000 -0.917011 0.093797
1.220193 1.384924 112.400000 -0.907736 0.358787
1.219458 1.384917 112.500000 -0.885258 1.659335
1.218658 1.385116 112.600000 -0.797865 1.794258
1.217797 1.387111 112.700000 -0.704162 2.696348
1.216861 1.386818 112.800000 -0.565824 1.453699
1.215890 1.387264 112.900000 -0.490310 1.944628
1.214883 1.387367 113.000000 -0.390627 1.734223
1.213850 1.386294 113.100000 -0.301963 0.586403
1.212811 1.385214 113.200000 -0.271133 -0.571563
1.211780 1.389360 113.300000 -0.298355 -3.488893
1.210811 1.394388 113.400000 -0.471308 -3.767445
1.209935 1.398528 113.500000 -0.657324 -3.491930
1.209173 1.404197 113.600000 -0.828634 -3.960868
1.208570 1.402970 113.700000 -1.022534 -0.131552
1.207969 1.401832 113.800000 -1.023999 -0.461387
1.207385 1.400604 113.900000 -1.041948 -0.061127
1.206801 1.400175 114.000000 -1.039795 1.350239
1.206154 1.400365 114.100000 -0.967084 1.798298
1.205431 1.399660 114.200000 -0.872334 -1.090305
1.204750 1.400456 114.300000 -0.922487 -2.149641
1.204156 1.399295 114.400000 -1.025357 0.375007
1.203543 1.398411 114.500000 -1.001480 0.878919
1.202890 1.400428 114.600000 -0.952526 -2.724801
1.202354 1.400258 114.700000 -1.084004 -1.552567
1.201889 1.399360 114.800000 -1.156212 0.857994
1.201377 1.398466 114.900000 -1.107531 -0.861769
1.200903 1.397373 115.000000 -1.145082 0.530326
1.200398 1.396161 115.100000 -1.112841 0.049458
1.199886 1.395264 115.200000 -1.104803 -0.850536
1.199411 1.394492 115.300000 -1.141806 1.004243
1.198883 1.393320 115.400000 -1.085885 0.287336
1.198338 1.392538 115.500000 -1.066089 -0.988783
1.197835 1.392388 115.600000 -1.110197 -1.562036
1.197404 1.391317 115.700000 -1.182748 -0.551183
1.196997 1.391994 115.800000 -1.204394 -2.085953
1.196696 1.390801 115.900000 -1.302669 0.128026
1.196382 1.389741 116.000000 -1.289755 -0.566755
1.196093 1.388841 116.100000 -1.311644 0.828555
1.195751 1.387884 116.200000 -1.263658 -0.742510
1.195443 1.386692 116.300000 -1.294465 -0.043069
1.195132 1.387739 116.400000 -1.290146 -2.283287
1.194944 1.389578 116.500000 -1.397860 -2.657660
1.194915 1.388443 116.600000 -1.523753 -0.362125
1.194900 1.391267 116.700000 -1.534241 3.061559
1.194685 1.391980 116.800000 -1.373492 2.109377
1.194343 1.390838 116.900000 -1.261155 -0.333533
1.194014 1.390762 117.000000 -1.271526 1.613496
1.193593 1.389590 117.100000 -1.184494 -0.189627
1.193178 1.388453 117.200000 -1.188053 -0.331297
1.192773 1.387613 117.300000 -1.198677 0.897929
1.192319 1.388425 117.400000 -1.147787 -2.164065
1.191969 1.395242 117.500000 -1.250252 -4.337032
1.191863 1.394512 117.600000 -1.460852 -1.035581
1.191813 1.393656 117.700000 -1.505327 -0.878736
1.191810 1.392548 117.800000 -1.541737 0.418425
1.191771 1.391789 117.900000 -1.513107 -0.996245
1.191786 1.390642 118.000000 -1.555354 0.273073
1.191773 1.389948 118.100000 -1.533923 1.068705
1.191682 1.389720 118.200000 -1.472819 1.496431
1.191492 1.388565 118.300000 -1.390633 -0.209117
1.191307 1.387524 118.400000 -1.394136 -0.558175
1.191147 1.393288 118.500000 -1.415074 -4.055316
1.191236 1.392389 118.600000 -1.610764 -0.808493
1.191370 1.391280 118.700000 -1.643135 0.388111
1.191465 1.390223 118.800000 -1.615514 -0.517263
1.191585 1.390036 118.900000 -1.633299 1.528143
1.191591 1.389433 119.000000 -1.548726 1.159557
1.191514 1.388762 119.100000 -1.483004 1.085361
1.191362 1.387602 119.200000 -1.421321 0.106632
1.191195 1.386577 119.300000 -1.408883 0.572450
1.190988 1.385645 119.400000 -1.373216 0.737841
1.190731 1.386327 119.500000 -1.329458 2.098141
1.190355 1.386136 119.600000 -1.217904 -1.521552
1.190054 1.392875 119.700000 -1.287892 -4.349808
1.189999 1.392934 119.800000 -1.498943 -1.710368
1.190043 1.398664 119.900000 -1.576966 -4.066770
1.190360 1.399906 120.000000 -1.772420 -2.404293
1.190846 1.402753 120.100000 -1.883773 -3.105372
1.191568 1.405284 120.200000 -2.029622 -2.982720
1.192531 1.404742 120.300000 -2.168610 -1.227173
1.193585 1.403843 120.400000 -2.219126 0.800477
1.194544 1.402696 120.500000 -2.168006 -0.205965
1.195501 1.402770 120.600000 -2.167465 -1.727512
1.196593 1.401867 120.700000 -2.243003 0.789437
1.197591 1.400716 120.800000 -2.192316 -0.142431
1.198581 1.401425 120.900000 -2.188476 2.125293
1.199362 1.401797 121.000000 -2.071269 1.924624
1.199965 1.400663 121.100000 -1.964681 -0.236577
1.200570 1.399521 121.200000 -1.966687 -0.175550
1.201172 1.398378 121.300000 -1.965631 -0.155414
1.201771 1.397345 121.400000 -1.963573 -0.534043
1.202395 1.396976 121.500000 -1.980458 1.377282
1.202893 1.396683 121.600000 -1.901691 1.442699
1.203265 1.395549 121.700000 -1.820048 -0.173494
1.203636 1.394406 121.800000 -1.819622 -0.080150
1.203999 1.394169 121.900000 -1.814532 -1.486654
1.204460 1.393782 122.000000 -1.879792 -1.357421
1.205011 1.392792 122.100000 -1.938264 -0.606104
1.205595 1.391714 122.200000 -1.958878 0.386375
1.206131 1.392669 122.300000 -1.929765 2.263320
1.206479 1.393999 122.400000 -1.806950 2.457984
1.206639 1.393229 122.500000 -1.675016 -0.949579
1.206853 1.392364 122.600000 -1.714120 0.814821
1.206999 1.391300 122.700000 -1.664808 -0.412642
1.207161 1.390383 122.800000 -1.677116 -0.727531
1.207362 1.389277 122.900000 -1.705107 0.246211
1.207533 1.392900 123.000000 -1.684271 -3.420170
1.207937 1.393587 123.100000 -1.846858 -2.116374
1.208489 1.393514 123.200000 -1.943443 -1.614676
1.209154 1.392390 123.300000 -2.014459 0.107041
1.209793 1.391264 123.400000 -1.999035 -0.064126
1.210420 1.390193 123.500000 -1.992246 0.369641
1.211000 1.390583 123.600000 -1.963803 1.934899
1.211415 1.389538 123.700000 -1.857239 0.441652
1.211782 1.391152 123.800000 -1.825870 2.603230
1.211952 1.391084 123.900000 -1.686579 1.616971
1.212004 1.390309 124.000000 -1.597298 0.926381
1.211986 1.389875 124.100000 -1.542992 -1.304894
1.212042 1.389244 124.200000 -1.600522 -1.099980
1.212158 1.388142 124.300000 -1.647518 0.192922
1.212251 1.387209 124.400000 -1.629635 0.673952
1.212290 1.386255 124.500000 -1.587789 0.630035
1.212279 1.385697 124.600000 -1.548348 -1.174732
1.212332 1.385071 124.700000 -1.599343 1.099692
1.212307 1.386119 124.800000 -1.536362 2.321193
1.212135 1.385029 124.900000 -1.412620 -0.215807
1.211968 1.387251 125.000000 -1.416347 -2.886115
1.211964 1.387212 125.100000 -1.553571 -1.636330
1.212054 1.386574 125.200000 -1.627620 -1.083978
1.212204 1.385556 125.300000 -1.673681 0.468439
1.212312 1.385211 125.400000 -1.641890 1.380694
1.212321 1.384108 125.500000 -1.564646 0.001908
1.212321 1.384129 125.600000 -1.556728 -1.679567
1.212417 1.384207 125.700000 -1.632922 -1.721988
1.212617 1.383991 125.800000 -1.710857 -1.491131
1.212907 1.384465 125.900000 -1.776859 -1.990613
1.213328 1.383377 126.000000 -1.867506 0.158227
1.213723 1.382337 126.100000 -1.850257 0.375807
1.214076 1.381325 126.200000 -1.822215 0.456961
1.214384 1.380867 126.300000 -1.790256 -1.266550
1.214769 1.381060 126.400000 -1.844632 -1.802709
1.215274 1.379970 126.500000 -1.925545 0.061496
1.215758 1.378945 126.600000 -1.912842 0.401531
1.216198 1.377892 126.700000 -1.883201 0.295464
1.216601 1.377538 126.800000 -1.859012 1.362865
1.216893 1.376822 126.900000 -1.781574 0.967699
1.217105 1.377256 127.000000 -1.724281 1.964133
1.217177 1.376176 127.100000 -1.617453 -0.084250
1.217243 1.376174 127.200000 -1.613578 1.657477
1.217198 1.375324 127.300000 -1.522637 0.766163
1.217098 1.374763 127.400000 -1.476715 1.149189
1.216925 1.373688 127.500000 -1.411872 0.066696
1.216741 1.372643 127.600000 -1.401478 -0.282430
1.216566 1.373072 127.700000 -1.408592 -1.959594
1.216493 1.372468 127.800000 -1.499529 -1.096193
1.216478 1.371412 127.900000 -1.546841 -0.208081
1.216465 1.370451 128.000000 -1.549511 -0.528345
1.216475 1.369498 128.100000 -1.568180 0.545735
1.216443 1.368855 128.200000 -1.533053 -1.043861
1.216465 1.368779 128.300000 -1.577581 -1.594138
1.216577 1.368360 128.400000 -1.649400 -1.288598
1.216762 1.367438 128.500000 -1.705583 0.606159
1.216896 1.366688 128.600000 -1.666747 0.895687
1.216962 1.367853 128.700000 -1.613629 2.394691
1.216874 1.366818 128.800000 -1.485826 0.261288
1.216763 1.366105 128.900000 -1.465332 0.945594
1.216591 1.365265 129.000000 -1.410726 0.750871
1.216372 1.365846 129.100000 -1.366129 2.056938
1.216042 1.365152 129.200000 -1.256451 -0.967836
1.215753 1.364269 129.300000 -1.298561 0.667249
1.215426 1.363701 129.400000 -1.258706 1.121028
1.215041 1.362665 129.500000 -1.196361 0.208707
1.214641 1.362966 129.600000 -1.179943 1.872529
1.214154 1.363759 129.700000 -1.080417 2.187285
1.213579 1.362726 129.800000 -0.965651 0.206724
1.212993 1.361680 129.900000 -0.950487 -0.082263
1.212407 1.360657 130.000000 -0.949847 0.248098
1.211810 1.359958 130.100000 -0.932693 -0.948673
1.211245 1.358917 130.200000 -0.975463 0.088245
1.210674 1.358762 130.300000 -0.966174 1.521017
1.210047 1.357857 130.400000 -0.885292 0.595481
1.209397 1.358423 130.500000 -0.851091 -2.048317
1.208817 1.357481 130.600000 -0.949252 0.503710
1.208216 1.357042 130.700000 -0.919320 1.251538
1.207570 1.356008 130.800000 -0.852147 0.086144
1.206920 1.355670 130.900000 -0.843579 1.351598
1.206226 1.355414 131.000000 -0.771781 -1.428121
1.205576 1.355027 131.100000 -0.839328 -1.302325
1.204966 1.354165 131.200000 -0.900248 0.668384
1.204332 1.353564 131.300000 -0.862327 -1.062060
1.203732 1.352562 131.400000 -0.911119 -0.268785
1.203139 1.351958 131.500000 -0.920002 1.056594
1.202508 1.352169 131.600000 -0.862572 -1.804962
1.201936 1.351156 131.700000 -0.948508 0.186683
1.201356 1.350168 131.800000 -0.934431 0.310230
1.200763 1.352475 131.900000 -0.914247 2.964912
1.200073 1.354435 132.000000 -0.761431 2.807494
1.199309 1.356724 132.100000 -0.617249 2.959886
1.198485 1.355739 132.200000 -0.466168 -0.327731
1.197667 1.356472 132.300000 -0.480224 -2.157242
1.196893 1.355464 132.400000 -0.585685 -0.206365
1.196123 1.354446 132.500000 -0.593075 -0.102654
1.195355 1.353586 132.600000 -0.595242 -0.653273
1.194602 1.353101 132.700000 -0.624929 1.191242
1.193822 1.354519 132.800000 -0.562243 2.544415
1.192994 1.355839 132.900000 -0.432211 2.494030
1.192133 1.357599 133.000000 -0.305348 2.719760
1.191249 1.358599 133.100000 -0.167833 2.319319
1.190356 1.358517 133.200000 -0.051028 1.580981
1.189464 1.357510 133.300000 0.028276 -0.168833
1.188573 1.356493 133.400000 0.019693 0.010449
1.187684 1.355625 133.500000 0.020117 -0.628719
1.186795 1.355573 133.600000 -0.011420 -1.603880
1.185911 1.354719 133.700000 -0.091557 -0.651796
1.185031 1.354470 133.800000 -0.123689 1.429461
1.184148 1.353466 133.900000 -0.051597 0.132222
1.183266 1.352571 134.000000 -0.044728 0.553817
1.182384 1.352593 134.100000 -0.016814 1.662250
1.181505 1.351671 134.200000 0.066383 0.479646
1.180629 1.350686 134.300000 0.090033 -0.237271
1.179754 1.350577 134.400000 0.077720 -1.551808
1.178877 1.349984 134.500000 -0.000259 -1.049974
1.178003 1.348992 134.600000 -0.052757 0.168156
1.177130 1.347991 134.700000 -0.044085 -0.019075
1.176258 1.347414 134.800000 -0.044818 -1.066464
1.175390 1.347540 134.900000 -0.097917 1.742398
1.174520 1.348049 135.000000 -0.010308 2.017639
1.173655 1.347071 135.100000 0.090625 0.225672
1.172791 1.349036 135.200000 0.101456 2.830458
1.171947 1.351999 135.300000 0.242472 3.274623
1.171142 1.351403 135.400000 0.404990 -1.043147
1.170324 1.350996 135.500000 0.350808 -1.264483
1.169492 1.350414 135.600000 0.285830 -1.059785
1.168650 1.349422 135.700000 0.231411 -0.078116
1.167809 1.348452 135.800000 0.226349 0.249524
1.166971 1.348236 135.900000 0.237693 1.452114
1.166149 1.349025 136.000000 0.309110 -2.201004
1.165307 1.348044 136.100000 0.197514 0.161658
1.164467 1.348104 136.200000 0.204610 -1.690936
1.163619 1.350801 136.300000 0.119040 -3.170882
1.162767 1.353988 136.400000 -0.040099 -3.376655
1.161932 1.353187 136.500000 -0.208732 -0.720392
1.161103 1.352270 136.600000 -0.243708 -0.447166
1.160280 1.351377 136.700000 -0.264847 -0.511970
1.159463 1.350550 136.800000 -0.289122 0.662372
1.158641 1.349818 136.900000 -0.254557 -0.832332
1.157827 1.350793 137.000000 -0.294901 -2.318301
1.157044 1.349851 137.100000 -0.409342 0.340561
1.156257 1.349001 137.200000 -0.390267 0.605179
1.155462 1.348535 137.300000 -0.358057 1.191009
1.154654 1.347574 137.400000 -0.296716 -0.228285
1.153849 1.348026 137.500000 -0.306647 1.985162
1.153026 1.348887 137.600000 -0.205855 2.251121
1.152193 1.347912 137.700000 -0.092270 0.091731
1.151360 1.346953 137.800000 -0.087222 0.228110
1.150528 1.350109 137.900000 -0.075380 -3.377077
1.149716 1.351489 138.000000 -0.243857 -2.551730
1.148934 1.350542 138.100000 -0.370225 0.293337
1.148148 1.349992 138.200000 -0.353707 1.086345
1.147351 1.349514 138.300000 -0.297621 1.172723
1.146543 1.348777 138.400000 -0.237497 0.810995
1.145729 1.348275 138.500000 -0.195759 1.143277
1.144910 1.347314 138.600000 -0.137617 0.172609
1.144091 1.347389 138.700000 -0.128298 1.703753
1.143268 1.346674 138.800000 -0.042469 0.842173
1.142446 1.348020 138.900000 -0.000148 2.536868
1.141630 1.347775 139.000000 0.126696 1.418835
1.140824 1.352395 139.100000 0.197004 3.944591
1.140060 1.356029 139.200000 0.393249 3.581658
1.139359 1.355256 139.300000 0.570366 -0.745760
1.138643 1.354512 139.400000 0.530226 0.797667
1.137943 1.355587 139.500000 0.567458 2.389229
1.137296 1.355020 139.600000 0.684082 1.061941
1.136675 1.355831 139.700000 0.733759 2.231113
1.136116 1.355602 139.800000 0.841646 1.439462
1.135599 1.354966 139.900000 0.909410 0.964545
1.135113 1.354967 140.000000 0.953091 1.646550
1.134682 1.354026 140.100000 1.030653 0.270064
1.134258 1.353641 140.200000 1.039003 1.275763
1.133879 1.355354 140.300000 1.097596 2.741623
1.133610 1.359679 140.400000 1.229189 3.855362
1.133517 1.361915 140.500000 1.415811 3.001032
1.133574 1.362098 140.600000 1.558784 1.799678
1.133726 1.361936 140.700000 1.640974 1.506116
1.133956 1.361940 140.800000 1.708074 1.653611
1.134278 1.361608 140.900000 1.782215 1.337457
1.134674 1.360657 141.000000 1.840176 0.197574
1.135071 1.359762 141.100000 1.840854 0.440196
1.135483 1.359575 141.200000 1.853660 -1.480240
1.135789 1.358810 141.300000 1.770379 -0.745202
1.136037 1.358103 141.400000 1.724267 0.847740
1.136326 1.358314 141.500000 1.758033 1.820476
1.136719 1.357864 141.600000 1.840267 1.200140
1.137178 1.357756 141.700000 1.891072 1.551695
1.137729 1.357273 141.800000 1.959202 -1.160465
1.138188 1.356589 141.900000 1.891383 0.877650
1.138692 1.355960 142.000000 1.925808 -0.961950
1.139118 1.355405 142.100000 1.868082 -1.065673
1.139463 1.355493 142.200000 1.805458 -1.720782
1.139690 1.354806 142.300000 1.710391 0.867589
1.139959 1.354217 142.400000 1.745219 1.015631
1.140279 1.353608 142.500000 1.787274 -0.986157
1.140528 1.356241 142.600000 1.729030 -3.197215
1.140582 1.360017 142.700000 1.560524 -3.673684
1.140439 1.360763 142.800000 1.369037 -2.202912
1.140190 1.360154 142.900000 1.252046 0.989811
1.139979 1.359796 143.000000 1.295277 1.301557
1.139823 1.358933 143.100000 1.353878 0.499910
1.139685 1.358138 143.200000 1.372104 -0.661772
1.139509 1.357346 143.300000 1.332155 0.668037
1.139358 1.356421 143.400000 1.358896 0.240563
1.139213 1.356153 143.500000 1.364130 -1.394669
1.138997 1.356081 143.600000 1.287576 -1.582464
1.138707 1.357051 143.700000 1.202015 -2.345594
1.138320 1.356108 143.800000 1.078725 -0.017790
1.137929 1.355261 143.900000 1.072442 0.522848
1.137554 1.354691 144.000000 1.093222 -1.033751
1.137137 1.354233 144.100000 1.036068 -1.178251
1.136676 1.353472 144.200000 0.971976 0.714887
1.136238 1.352535 144.300000 1.002860 -0.022298
1.135795 1.351827 144.400000 0.996731 0.812899
1.135378 1.351179 144.500000 1.032392 0.909440
1.134991 1.350580 144.600000 1.072702 -0.985476
1.134565 1.351904 144.700000 1.018065 -2.555982
1.134052 1.351272 144.800000 0.885175 -0.935093
1.133510 1.350833 144.900000 0.833995 -1.195232
1.132933 1.350171 145.000000 0.770063 0.884071
1.132379 1.353740 145.100000 0.810417 3.614398
1.131935 1.359864 145.200000 0.987084 4.528117
1.131659 1.365029 145.300000 1.208555 4.211660
1.131567 1.364758 145.400000 1.413095 1.393648
1.131538 1.365063 145.500000 1.475712 1.901815
1.131600 1.364135 145.600000 1.563424 -0.162194
1.131645 1.363291 145.700000 1.547497 -0.518556
1.131655 1.362825 145.800000 1.513832 1.168439
1.131718 1.362195 145.900000 1.564685 0.941274
1.131824 1.361290 146.000000 1.603925 0.286705
1.131937 1.360551 146.100000 1.610241 -0.749206
1.132000 1.359907 146.200000 1.564729 0.914283
1.132104 1.358992 146.300000 1.602620 -0.203611
1.132188 1.358113 146.400000 1.584426 -0.376326
1.132243 1.357594 146.500000 1.557688 1.092669
1.132349 1.357775 146.600000 1.604533 1.801861
1.132546 1.356974 146.700000 1.686603 0.604418
1.132769 1.357079 146.800000 1.708391 1.738410
1.133084 1.357770 146.900000 1.786769 2.177954
1.133524 1.357416 147.000000 1.886733 1.293787
1.134035 1.357497 147.100000 1.941989 -1.718593
1.134422 1.357607 147.200000 1.846349 -1.743678
1.134691 1.358373 147.300000 1.749934 -2.230281
1.134822 1.357959 147.400000 1.629670 -1.222124
1.134878 1.358122 147.500000 1.560416 -1.788496
1.134835 1.359404 147.600000 1.463189 -2.550279
1.134664 1.358733 147.700000 1.328359 0.857537
1.134526 1.358438 147.800000 1.364594 1.358202
1.134446 1.357529 147.900000 1.425681 -0.154002
1.134352 1.356710 148.000000 1.410852 -0.539184
1.134226 1.356328 148.100000 1.376839 -1.257369
1.134037 1.355481 148.200000 1.307086 0.447211
1.133863 1.354573 148.300000 1.322911 -0.122227
1.133677 1.353732 148.400000 1.310186 0.460106
1.133507 1.353210 148.500000 1.326640 1.075965
1.133379 1.353469 148.600000 1.373805 1.864144
1.133334 1.352856 148.700000 1.460143 -0.940305
1.133236 1.354619 148.800000 1.405827 -2.820407
1.133006 1.353799 148.900000 1.257778 0.515591
1.132794 1.354762 149.000000 1.277268 -2.361906
1.132480 1.354285 149.100000 1.152787 -1.134058
1.132119 1.353931 149.200000 1.090320 1.285434
1.131804 1.353051 149.300000 1.149140 -0.283190
1.131473 1.352245 149.400000 1.129235 0.542474
1.131159 1.352156 149.500000 1.150712 1.561785
1.130903 1.352288 149.600000 1.223048 1.760283
1.130717 1.354274 149.700000 1.304947 2.941835
1.130659 1.353619 149.800000 1.445514 0.864083
1.130637 1.352843 149.900000 1.481490 0.615564
1.130638 1.352598 150.000000 1.504861 1.403098
1.130703 1.351977 150.100000 1.567492 0.917363
1.130809 1.352131 150.200000 1.605523 -1.779071
1.130813 1.352014 150.300000 1.508541 -1.533903
1.130736 1.351942 150.400000 1.424303 1.577350
1.130728 1.351963 150.500000 1.496049 1.663196
1.130797 1.351725 150.600000 1.571729 1.409610
1.130933 1.351479 150.700000 1.634351 1.400396
1.131137 1.351616 150.800000 1.696199 1.765505
1.131432 1.353713 150.900000 1.775993 -3.005915
1.131549 1.352903 151.000000 1.616817 -0.508983
1.131629 1.353704 151.100000 1.583284 2.264583
1.131824 1.352827 151.200000 1.688597 0.231680
1.132021 1.351965 151.300000 1.691738 0.308753
1.132226 1.351550 151.400000 1.698717 1.203331
1.132490 1.351940 151.500000 1.750390 -1.970895
1.132633 1.351277 151.600000 1.643093 -0.832300
1.132723 1.351201 151.700000 1.593263 -1.572518
1.132725 1.350850 151.800000 1.506671 -1.278927
1.132657 1.352911 151.900000 1.435191 -2.994403
1.132450 1.353991 152.000000 1.278295 -2.447723
1.132140 1.353418 152.100000 1.149517 -0.981317
1.131790 1.352692 152.200000 1.094704 0.705491
1.131462 1.353359 152.300000 1.124505 -2.176515
1.131055 1.358073 152.400000 1.010056 -4.133335
1.130522 1.359068 152.500000 0.798339 -2.398621
1.129931 1.358691 152.600000 0.674417 1.252014
1.129367 1.358975 152.700000 0.733645 1.892937
1.128851 1.358606 152.800000 0.824624 -1.261278
1.128301 1.359345 152.900000 0.757437 2.230830
1.127808 1.359158 153.000000 0.865191 1.464969
1.127357 1.358789 153.100000 0.934114 1.260701
1.126943 1.357928 153.200000 0.992478 -0.276709
1.126517 1.357860 153.300000 0.973680 1.583410
1.126141 1.357155 153.400000 1.047982 -0.742362
1.125737 1.357349 153.500000 1.005624 -1.819379
1.125274 1.356883 153.600000 0.909627 1.132928
1.124843 1.356078 153.700000 0.961726 0.487839
1.124425 1.355889 153.800000 0.981309 1.459126
1.124052 1.355294 153.900000 1.049359 -0.937969
1.123645 1.357516 154.000000 0.997213 -3.092007
1.123144 1.356755 154.100000 0.837627 -0.605801
1.122625 1.355880 154.200000 0.803149 -0.109021
1.122102 1.355283 154.300000 0.793682 0.931685
1.121602 1.354930 154.400000 0.836298 1.273359
1.121136 1.354211 154.500000 0.895784 0.696348
1.120689 1.353982 154.600000 0.926123 1.414199
1.120283 1.353437 154.700000 0.992202 -1.011006
1.119843 1.357819 154.800000 0.936691 -4.035172
1.119292 1.359770 154.900000 0.730249 -2.960105
1.118679 1.358893 155.000000 0.578592 0.033904
1.118065 1.358454 155.100000 0.577395 1.163620
1.117474 1.358290 155.200000 0.632689 1.485776
1.116914 1.358594 155.300000 0.703814 1.913477
1.116400 1.358089 155.400000 0.795969 1.071418
1.115912 1.357219 155.500000 0.845560 0.082285
1.115425 1.356916 155.600000 0.845446 1.331214
1.114973 1.357265 155.700000 0.907780 1.949367
1.114579 1.356666 155.800000 1.000709 0.921002
1.114213 1.355800 155.900000 1.041756 -0.108299
1.113840 1.355684 156.000000 1.031132 1.532535
1.113516 1.354978 156.100000 1.102603 0.710179
1.113214 1.354578 156.200000 1.132599 1.208909
1.112953 1.353825 156.300000 1.187381 0.595548
1.112710 1.353201 156.400000 1.211222 -0.867703
1.112431 1.354476 156.500000 1.161781 -2.588504
1.112057 1.354250 156.600000 1.026547 -1.413776
1.111636 1.353429 156.700000 0.950725 -0.369917
1.111202 1.352697 156.800000 0.927476 0.639472
1.110784 1.353692 156.900000 0.954812 -2.414147
1.110296 1.352833 157.000000 0.829330 -0.094398
1.109804 1.352268 157.100000 0.820464 0.964479
1.109336 1.351482 157.200000 0.864585 0.480515
1.108879 1.350823 157.300000 0.884288 0.792688
1.108444 1.351065 157.400000 0.919501 1.861350
1.108063 1.350208 157.500000 1.007971 -0.024071
1.107678 1.349354 157.600000 1.001728 0.085067
1.107294 1.348547 157.700000 1.000973 -0.388310
1.106895 1.347807 157.800000 0.976552 0.599630
1.106511 1.347162 157.900000 1.001651 0.811606
1.106152 1.346346 158.000000 1.037223 0.338224
1.105800 1.346168 158.100000 1.048948 1.458971
1.105496 1.345342 158.200000 1.116652 0.281364
1.105197 1.344503 158.300000 1.125137 0.177698
1.104902 1.344129 158.400000 1.128396 -1.226485
1.104560 1.343509 158.500000 1.061430 -0.849203
1.104188 1.342734 158.600000 1.013663 0.477588
1.103828 1.342107 158.700000 1.032474 0.831538
1.103493 1.342166 158.800000 1.068888 1.694654
1.103214 1.342525 158.900000 1.148276 -1.956317
1.102863 1.342007 159.000000 1.044719 -1.018370
1.102478 1.341186 159.100000 0.988577 0.263293
1.102097 1.340345 159.200000 0.996799 0.054158
1.101716 1.341185 159.300000 0.994523 -2.315130
1.101265 1.342919 159.400000 0.873794 -2.865765
1.100740 1.346675 159.500000 0.726136 -3.830813
1.100139 1.346547 159.600000 0.530965 -1.511442
1.099515 1.345726 159.700000 0.452738 0.263491
1.098894 1.344942 159.800000 0.463649 0.429484
1.098280 1.345505 159.900000 0.482805 2.119187
1.097702 1.346148 160.000000 0.586350 2.179763
1.097166 1.345416 160.100000 0.692407 0.587746
1.096643 1.344583 160.200000 0.718332 -0.141494
1.096115 1.343865 160.300000 0.707666 0.621508
1.095600 1.343041 160.400000 0.735203 -0.207870
1.095080 1.342462 160.500000 0.721133 -0.908429
1.094539 1.342933 160.600000 0.672106 -2.049625
1.093958 1.342320 160.700000 0.566264 -0.844049
1.093363 1.343471 160.800000 0.521230 -2.527606
1.092732 1.343008 160.900000 0.392244 -1.094166
1.092088 1.343800 161.000000 0.335575 -2.288404
1.091426 1.342985 161.100000 0.219476 -0.245199
1.090762 1.342976 161.200000 0.206119 -1.629595
1.090091 1.342265 161.300000 0.123609 -0.625163
1.089419 1.341516 161.400000 0.091733 0.516538
1.088749 1.342024 161.500000 0.117101 -2.079624
1.088076 1.341475 161.600000 0.012534 -0.952529
1.087403 1.341311 161.700000 -0.035155 1.467050
1.086732 1.340817 161.800000 0.038373 1.040947
1.086064 1.341079 161.900000 0.090229 -1.879246
1.085394 1.340379 162.000000 -0.004185 -0.642141
1.084725 1.339553 162.100000 -0.036271 0.012566
1.084057 1.339319 162.200000 -0.035461 -1.386227
1.083393 1.338497 162.300000 -0.104595 0.094685
1.082729 1.337984 162.400000 -0.099338 -1.003646
1.082070 1.337175 162.500000 -0.149024 -0.214147
1.081413 1.338561 162.600000 -0.158986 -2.680358
1.080775 1.338064 162.700000 -0.292209 -1.029461
1.080147 1.338472 162.800000 -0.342221 2.001096
1.079503 1.340337 162.900000 -0.240455 2.959435
1.078843 1.340877 163.000000 -0.091281 2.107183
1.078182 1.340186 163.100000 0.014535 -0.653662
1.077522 1.340071 163.200000 -0.018221 -1.518089
1.076865 1.339254 163.300000 -0.094034 0.099507
1.076209 1.338438 163.400000 -0.088589 0.105690
1.075553 1.337670 163.500000 -0.082861 -0.404179
1.074900 1.337529 163.600000 -0.102656 -1.487658
1.074253 1.337200 163.700000 -0.176526 -1.264153
1.073615 1.337772 163.800000 -0.238851 2.133230
1.072965 1.337045 163.900000 -0.130995 0.539810
1.072315 1.336232 164.000000 -0.103350 -0.058123
1.071665 1.336967 164.100000 -0.105739 -2.255111
1.071027 1.340859 164.200000 -0.217966 -3.932694
1.070428 1.345635 164.300000 -0.413511 -4.287770
1.069896 1.350709 164.400000 -0.625832 -4.402843
1.069462 1.350026 164.500000 -0.842845 -0.671019
1.069044 1.350251 164.600000 -0.872181 -1.855500
1.068675 1.349438 164.700000 -0.960595 -0.139483
1.068308 1.350324 164.800000 -0.962767 -2.371144
1.068012 1.349979 164.900000 -1.076510 -1.249959
1.067754 1.351220 165.000000 -1.133625 -2.606877
1.067587 1.350412 165.100000 -1.258301 0.180009
1.067408 1.349873 165.200000 -1.243009 0.958619
1.067190 1.350476 165.300000 -1.188863 -2.166920
1.067049 1.349867 165.400000 -1.291265 -0.828509
1.066936 1.349435 165.500000 -1.326234 1.125476
1.066774 1.348669 165.600000 -1.263329 0.401650
1.066592 1.348418 165.700000 -1.236930 1.366172
1.066356 1.347615 165.800000 -1.162437 0.176569
1.066110 1.347333 165.900000 -1.147796 1.326000
1.065817 1.346966 166.000000 -1.075757 -1.215391
1.065560 1.346307 166.100000 -1.131148 -0.708945
1.065325 1.345566 166.200000 -1.160939 0.479231
1.065069 1.345057 166.300000 -1.131173 -0.997697
1.064844 1.344303 166.400000 -1.175402 -0.425857
1.064631 1.343583 166.500000 -1.190818 -0.535493
1.064432 1.342783 166.600000 -1.211638 0.148033
1.064225 1.342012 166.700000 -1.198179 0.334562
1.064001 1.342220 166.800000 -1.175460 1.838616
1.063712 1.342004 166.900000 -1.077651 1.400005
1.063376 1.341238 167.000000 -1.002263 -0.353239
1.063048 1.340691 167.100000 -1.014914 0.923945
1.062690 1.339890 167.200000 -0.963642 -0.055967
1.062331 1.339117 167.300000 -0.961622 0.300200
1.061962 1.338718 167.400000 -0.941804 -1.157957
1.061623 1.337924 167.500000 -0.994993 -0.134972
1.061287 1.338750 167.600000 -0.996766 -2.333099
1.061020 1.338594 167.700000 -1.108437 -1.467847
1.060800 1.337797 167.800000 -1.176288 0.021593
1.060576 1.337014 167.900000 -1.169326 -0.216814
1.060355 1.336300 168.000000 -1.174320 0.523210
1.060113 1.337402 168.100000 -1.142288 -2.525861
1.059956 1.336821 168.200000 -1.262870 -0.846303
1.059828 1.336386 168.300000 -1.298871 -1.100093
1.059738 1.335647 168.400000 -1.347381 -0.425869
1.059659 1.335018 168.500000 -1.361938 -0.742436
1.059606 1.334296 168.600000 -1.392250 -0.482629
1.059566 1.334073 168.700000 -1.409420 1.384341
1.059465 1.333813 168.800000 -1.333156 1.338408
1.059308 1.333221 168.900000 -1.259570 0.815133
1.059116 1.332527 169.000000 -1.212515 0.566463
1.058900 1.331965 169.100000 -1.178129 0.873305
1.058651 1.331186 169.200000 -1.128573 -0.162913
1.058403 1.330567 169.300000 -1.131076 0.752009
1.058128 1.330207 169.400000 -1.087820 -1.200377
1.057889 1.330236 169.500000 -1.142400 1.660337
1.057593 1.329466 169.600000 -1.053671 -0.217354
1.057300 1.328692 169.700000 -1.059271 0.179447
1.056999 1.328873 169.800000 -1.045002 -1.808480
1.056753 1.328094 169.900000 -1.130201 -0.096832
1.056507 1.327931 170.000000 -1.129392 1.450204
1.056211 1.327446 170.100000 -1.051234 1.002009
1.055882 1.326687 170.200000 -0.995878 -0.267569
1.055558 1.325932 170.300000 -1.004277 0.283197
1.055223 1.325293 170.400000 -0.985096 -0.686981
1.054907 1.325348 170.500000 -1.014519 1.684404
1.054539 1.326786 170.600000 -0.925226 2.749527
1.054101 1.326019 170.700000 -0.783124 -0.184064
1.053667 1.325495 170.800000 -0.788411 -0.928536
1.053252 1.324988 170.900000 -0.830896 -0.956608
1.052860 1.324214 171.000000 -0.874572 0.053496
1.052465 1.325775 171.100000 -0.867524 -2.826992
1.052145 1.325185 171.200000 -1.004536 -0.793730
1.051846 1.324427 171.300000 -1.039200 -0.234826
1.051552 1.324516 171.400000 -1.045746 -1.718130
1.051309 1.326180 171.500000 -1.126423 -2.891356
1.051163 1.327087 171.600000 -1.265359 -2.401518
1.051104 1.326517 171.700000 -1.379108 -0.834040
1.051074 1.325747 171.800000 -1.413914 0.086834
1.051035 1.324977 171.900000 -1.402503 0.008093
1.050990 1.325201 172.000000 -1.395086 1.850252
1.050867 1.324550 172.100000 -1.295598 0.637544
1.050716 1.325387 172.200000 -1.257243 2.352128
1.050479 1.326710 172.300000 -1.133350 2.685778
1.050156 1.326450 172.400000 -0.993395 -1.325343
1.049870 1.325751 172.500000 -1.054695 -0.489980
1.049596 1.325009 172.600000 -1.073920 0.299068
1.049309 1.324379 172.700000 -1.053597 -0.687347
1.049042 1.324003 172.800000 -1.082697 -1.161655
1.048808 1.323894 172.900000 -1.135366 -1.506057
1.048621 1.324420 173.000000 -1.204992 2.113964
1.048361 1.323756 173.100000 -1.093269 -0.592117
1.048116 1.327918 173.200000 -1.117408 -4.131993
1.048013 1.327437 173.300000 -1.318421 -0.993955
1.047943 1.327177 173.400000 -1.361526 -1.323136
1.047921 1.326462 173.500000 -1.420876 -0.416776
1.047910 1.325721 173.600000 -1.434610 0.277481
1.047882 1.324967 173.700000 -1.413563 -0.179682
1.047855 1.324308 173.800000 -1.415479 -0.598570
1.047848 1.323548 173.900000 -1.438330 0.050274
1.047832 1.322973 174.000000 -1.428625 0.802483
1.047778 1.322484 174.100000 -1.381358 0.970584
1.047681 1.322465 174.200000 -1.325922 1.606569
1.047521 1.323458 174.300000 -1.238964 2.471629
1.047273 1.323379 174.400000 -1.109187 1.539769
1.046975 1.327664 174.500000 -1.026653 4.196403
1.046564 1.326969 174.600000 -0.811700 0.476351
1.046141 1.328246 174.700000 -0.783824 -2.667709
1.045782 1.328110 174.800000 -0.913290 1.477150
1.045383 1.328264 174.900000 -0.834866 -1.787580
1.045028 1.327564 175.000000 -0.920071 -0.451851
1.044682 1.327677 175.100000 -0.938063 1.746397
1.044291 1.327057 175.200000 -0.846053 0.695589
1.043881 1.326385 175.300000 -0.807043 -0.544505
1.043483 1.325856 175.400000 -0.830233 0.890934
1.043062 1.325112 175.500000 -0.781535 0.199836
1.042636 1.326683 175.600000 -0.767636 -2.858437
1.042277 1.327607 175.700000 -0.906719 -2.429624
1.041982 1.327314 175.800000 -1.023667 -1.274901
1.041723 1.326973 175.900000 -1.082294 -1.204720
1.041499 1.326257 176.000000 -1.137118 -0.366792
1.041283 1.325928 176.100000 -1.149772 -1.221467
1.041104 1.325227 176.200000 -1.205097 -0.424652
1.040936 1.324486 176.300000 -1.220304 -0.189978
1.040770 1.324049 176.400000 -1.223701 -1.052117
1.040638 1.323765 176.500000 -1.270188 1.282630
1.040456 1.324583 176.600000 -1.199706 2.353020
1.040195 1.324664 176.700000 -1.076057 1.713242
1.039881 1.324368 176.800000 -0.985014 -1.266983
1.039601 1.323762 176.900000 -1.043438 0.707512
1.039298 1.323068 177.000000 -1.002845 0.436818
1.038981 1.323680 177.100000 -0.975990 2.194287
1.038604 1.328821 177.200000 -0.861396 4.569243
1.038130 1.331212 177.300000 -0.628627 3.337919
1.037604 1.331038 177.400000 -0.458588 1.429953
1.037061 1.330314 177.500000 -0.384797 0.299798
1.036516 1.329602 177.600000 -0.367883 -0.361253
1.035974 1.330606 177.700000 -0.384107 -2.495332
1.035464 1.330234 177.800000 -0.506953 -1.156626
1.034971 1.330220 177.900000 -0.562249 -1.615727
1.034505 1.329517 178.000000 -0.640224 -0.399044
1.034046 1.329226 178.100000 -0.656975 -1.272421
1.033610 1.331830 178.200000 -0.717312 -3.456295
1.033251 1.331686 178.300000 -0.886540 -1.466705
1.032928 1.331559 178.400000 -0.955442 1.486047
1.032565 1.330854 178.500000 -0.876363 -0.380098
1.032209 1.330306 178.600000 -0.890986 -0.838138
1.031873 1.329575 178.700000 -0.928438 -0.221091
1.031540 1.329895 178.800000 -0.934850 -1.950057
1.031259 1.329197 178.900000 -1.027679 0.399350
1.030964 1.328952 179.000000 -1.002573 1.335375
1.030630 1.328211 179.100000 -0.930791 0.008489
1.030294 1.328430 179.200000 -0.925713 1.855886
1.029911 1.329737 179.300000 -0.828290 2.710023
1.029470 1.329511 179.400000 -0.688647 1.359741
1.029002 1.329773 179.500000 -0.617217 1.897448
1.028505 1.331007 179.600000 -0.519259 2.663454
1.027974 1.330283 179.700000 -0.383490 0.242514
1.027440 1.329806 179.800000 -0.369447 -0.972349
1.026918 1.329461 179.900000 -0.416217 -1.189636
1.026410 1.329144 180.000000 -0.473617 -1.232933
1.025919 1.329578 180.100000 -0.532896 2.054654
1.025401 1.330586 180.200000 -0.427499 2.508968
1.024857 1.331450 180.300000 -0.299913 2.403488
1.024298 1.332403 180.400000 -0.178239 2.470425
1.023732 1.331734 180.500000 -0.053827 0.499886
1.023165 1.331165 180.600000 -0.028563 0.779273
1.022600 1.331339 180.700000 0.010543 -1.813624
1.022036 1.331071 180.800000 -0.080191 -1.300952
1.021477 1.330391 180.900000 -0.144837 -0.449472
1.020921 1.329722 181.000000 -0.166587 -0.486998
1.020367 1.329013 181.100000 -0.190104 0.302199
1.019813 1.328510 181.200000 -0.174043 -0.913175
1.019264 1.327974 181.300000 -0.218832 -0.843771
1.018721 1.327324 181.400000 -0.259926 0.543537
1.018175 1.327104 181.500000 -0.231450 -1.362891
1.017639 1.326374 181.600000 -0.298437 0.000767
1.017103 1.325851 181.700000 -0.296906 -0.867278
1.016576 1.325152 181.800000 -0.338786 -0.330020
1.016052 1.324443 181.900000 -0.353593 -0.259717
1.015530 1.323892 182.000000 -0.364811 -0.801398
1.015017 1.324270 182.100000 -0.403057 -2.006706
1.014529 1.324054 182.200000 -0.501377 -1.364521
1.014061 1.323334 182.300000 -0.567096 -0.136510
1.013595 1.322847 182.400000 -0.571086 -0.933616
1.013144 1.322157 182.500000 -0.614911 0.354566
1.012686 1.321775 182.600000 -0.594108 1.117322
1.012210 1.321052 182.700000 -0.535272 0.022427
1.011734 1.320702 182.800000 -0.531474 -1.167247
1.011275 1.319984 182.900000 -0.587179 -0.116267
1.010818 1.319303 183.000000 -0.590056 0.379993
1.010354 1.318588 183.100000 -0.568106 -0.138746
1.009892 1.318886 183.200000 -0.572203 -1.931100
1.009463 1.319115 183.300000 -0.665897 -1.864684
1.009068 1.318458 183.400000 -0.755802 0.478774
1.008663 1.317857 183.500000 -0.728084 0.656092
1.008244 1.317394 183.600000 -0.691639 0.965266
1.007807 1.317349 183.700000 -0.639918 1.571450
1.007344 1.317287 183.800000 -0.558146 1.551505
1.006858 1.316602 183.900000 -0.477780 0.336756
1.006368 1.316208 184.000000 -0.458553 -1.087456
1.005893 1.316295 184.100000 -0.510633 1.718437
1.005395 1.317408 184.200000 -0.422158 -2.595128
1.004932 1.316753 184.300000 -0.549803 0.468276
1.004462 1.316047 184.400000 -0.523641 -0.167293
1.003993 1.316666 184.500000 -0.529387 2.217744
1.003497 1.318495 184.600000 -0.415853 3.064329
1.002972 1.318709 184.700000 -0.260557 -1.851636
1.002463 1.319612 184.800000 -0.351836 -2.444781
1.001981 1.319695 184.900000 -0.472316 -1.716411
1.001524 1.319073 185.000000 -0.555775 -0.579162
1.001074 1.318588 185.100000 -0.581954 -0.918114
1.000639 1.318718 185.200000 -0.624950 1.766304
1.000176 1.319120 185.300000 -0.533510 2.031494
0.999687 1.318454 185.400000 -0.429268 0.407153
0.999193 1.319560 185.500000 -0.406764 -2.597060
0.998732 1.319129 185.600000 -0.534583 -1.019324
0.998286 1.318485 185.700000 -0.582877 -0.494162
0.997847 1.317949 185.800000 -0.604670 0.802166
0.997395 1.317487 185.900000 -0.561539 0.957776
0.996929 1.318554 186.000000 -0.510842 2.570378
0.996433 1.317947 186.100000 -0.379769 0.614295
0.995930 1.319665 186.200000 -0.347155 3.005925
0.995406 1.322077 186.300000 -0.195123 3.410696
0.994873 1.322903 186.400000 -0.023613 2.392162
0.994342 1.325274 186.500000 0.096113 3.390378
0.993828 1.329334 186.600000 0.265152 4.220510
0.993356 1.332069 186.700000 0.474851 3.588030
0.992939 1.332190 186.800000 0.651878 1.765335
0.992553 1.332042 186.900000 0.736886 1.453976
0.992196 1.333600 187.000000 0.805900 2.913925
0.991906 1.334172 187.100000 0.947567 2.193167
0.991672 1.334005 187.200000 1.052487 1.429659
0.991477 1.333419 187.300000 1.118708 -0.686787
0.991258 1.332884 187.400000 1.078775 0.811648
0.991061 1.332463 187.500000 1.113964 -1.042927
0.990830 1.333905 187.600000 1.056247 -2.842420
0.990522 1.333257 187.700000 0.908845 -0.480479
0.990201 1.332562 187.800000 0.880277 0.240239
0.989884 1.331932 187.900000 0.887888 0.542634
0.989578 1.331594 188.000000 0.910580 1.179811
0.989300 1.331107 188.100000 0.965017 -0.911985
0.988997 1.330895 188.200000 0.914593 -1.364538
0.988660 1.331976 188.300000 0.841793 -2.595200
0.988268 1.331383 188.400000 0.707824 -0.655109
0.987864 1.331103 188.500000 0.671530 -1.268124
0.987437 1.330421 188.600000 0.604766 0.296793
0.987015 1.330003 188.700000 0.616582 -1.039756
0.986576 1.329572 188.800000 0.561511 -1.016373
0.986122 1.330476 188.900000 0.507885 2.464663
0.985705 1.329874 189.000000 0.628578 0.619901
0.985298 1.329220 189.100000 0.656431 0.429928
0.984897 1.328681 189.200000 0.674645 -0.786173
0.984483 1.327993 189.300000 0.631963 0.226206
0.984071 1.327323 189.400000 0.640113 -0.340723
0.983654 1.327098 189.500000 0.619877 1.342588
0.983259 1.326632 189.600000 0.683907 0.942377
0.982880 1.326018 189.700000 0.727606 0.564760
0.982511 1.325620 189.800000 0.752206 1.068021
0.982163 1.325269 189.900000 0.801846 -1.148501
0.981791 1.324677 190.000000 0.740412 0.632931
0.981430 1.324071 190.100000 0.768356 -0.586436
0.981056 1.324591 190.200000 0.735193 -2.150492
0.980643 1.324055 190.300000 0.623992 0.781892
0.980243 1.324464 190.400000 0.659967 2.050936
0.979880 1.323936 190.500000 0.759214 0.795712
0.979532 1.325034 190.600000 0.795203 2.614866
0.979241 1.324342 190.700000 0.921971 0.097063
0.978951 1.323663 190.800000 0.922214 0.237573
0.978664 1.323143 190.900000 0.929481 0.813239
0.978396 1.322518 191.000000 0.965496 0.506733
0.978139 1.321926 191.100000 0.986005 0.615882
0.977895 1.321254 191.200000 1.011869 -0.272031
0.977642 1.321226 191.300000 0.993208 1.592789
0.977429 1.321244 191.400000 1.067882 1.646055
0.977261 1.324682 191.500000 1.144845 3.976944
0.977218 1.325623 191.600000 1.337968 2.501387
0.977261 1.328857 191.700000 1.456348 3.880546
0.977456 1.330105 191.800000 1.643093 2.728883
0.977764 1.333100 191.900000 1.771322 3.762985
0.978245 1.335585 192.000000 1.950615 3.495059
0.978900 1.334907 192.100000 2.115614 0.254852
0.979557 1.334238 192.200000 2.117779 0.308385
0.980219 1.336760 192.300000 2.122609 -3.517968
0.980684 1.336951 192.400000 1.936098 -1.845817
0.981048 1.337318 192.500000 1.834127 -2.021675
0.981310 1.336629 192.600000 1.723872 0.144275
0.981570 1.335977 192.700000 1.722467 0.396893
0.981840 1.335320 192.800000 1.733699 0.373649
0.982119 1.335711 192.900000 1.743713 -2.044284
0.982301 1.335023 193.000000 1.632780 0.120366
0.982481 1.334390 193.100000 1.630634 0.473959
0.982674 1.333765 193.200000 1.646179 -0.502792
0.982838 1.333392 193.300000 1.612809 -1.106518
0.982950 1.332704 193.400000 1.549419 -0.046187
0.983055 1.332016 193.500000 1.539362 0.045050
0.983154 1.331373 193.600000 1.533918 0.416499
0.983265 1.330691 193.700000 1.547073 -0.145952
0.983363 1.330481 193.800000 1.532040 1.358861
0.983509 1.330224 193.900000 1.592323 1.288911
0.983703 1.330231 194.000000 1.648807 1.639476
0.983960 1.329639 194.100000 1.722537 -0.600777
0.984184 1.328981 194.200000 1.683885 0.322731
0.984413 1.331578 194.300000 1.691602 3.571053
0.984798 1.331236 194.400000 1.861697 1.155050
0.985230 1.330583 194.500000 1.910141 -0.350114
0.985634 1.330142 194.600000 1.883085 -0.970101
0.985983 1.330689 194.700000 1.825164 -2.189570
0.986225 1.330182 194.800000 1.706560 -0.826730
0.986422 1.329516 194.900000 1.656691 0.248197
0.986624 1.328884 195.000000 1.660817 0.442540
0.986837 1.329412 195.100000 1.674640 -2.171940
0.986953 1.329205 195.200000 1.557670 -1.360274
0.987009 1.328566 195.300000 1.481868 -0.403021
0.987045 1.327897 195.400000 1.454307 0.202645
0.987084 1.327280 195.500000 1.457168 -0.493161
0.987098 1.326844 195.600000 1.425224 0.973622
0.987143 1.326173 195.700000 1.466779 -0.151874
0.987178 1.326391 195.800000 1.451851 -1.873158
0.987139 1.325745 195.900000 1.350934 0.344260
0.987109 1.325262 196.000000 1.361393 0.870617
0.987104 1.324592 196.100000 1.398117 0.146822
0.987099 1.323924 196.200000 1.398467 0.169726
0.987095 1.323347 196.300000 1.399961 0.615647
0.987109 1.323730 196.400000 1.423744 2.038194
0.987193 1.323081 196.500000 1.518535 -0.309100
0.987260 1.322568 196.600000 1.495487 0.790602
0.987351 1.321896 196.700000 1.527540 -0.024565
0.987435 1.321719 196.800000 1.518674 1.395238
0.987568 1.321074 196.900000 1.580842 -0.320441
0.987682 1.320633 197.000000 1.556916 -0.950574
0.987753 1.320011 197.100000 1.501603 -0.432540
0.987802 1.319896 197.200000 1.472468 -1.479750
0.987792 1.319229 197.300000 1.391118 0.062407
0.987779 1.318630 197.400000 1.387283 -0.523738
0.987743 1.318017 197.500000 1.354159 -0.463990
0.987687 1.319771 197.600000 1.324189 -3.093385
0.987529 1.320826 197.700000 1.162899 -2.610205
0.987296 1.320582 197.800000 1.026574 -1.294133
0.987029 1.319986 197.900000 0.956734 0.530911
0.986772 1.320372 198.000000 0.978496 -2.041779
0.986466 1.320925 198.100000 0.871515 -2.198782
0.986113 1.321119 198.200000 0.757218 -1.847025
0.985726 1.320461 198.300000 0.661081 0.176752
0.985342 1.319990 198.400000 0.666613 -0.877352
0.984942 1.319341 198.500000 0.619412 -0.250078
0.984538 1.319700 198.600000 0.603811 2.015879
0.984167 1.319948 198.700000 0.701586 1.904668
0.983830 1.320030 198.800000 0.793312 1.721553
0.983528 1.319424 198.900000 0.875423 -0.479790
0.983214 1.321863 199.000000 0.847056 -3.514100
0.982832 1.321249 199.100000 0.667116 0.446746
0.982457 1.321361 199.200000 0.686118 -1.757992
0.982053 1.321382 199.300000 0.594788 -1.650866
0.981626 1.322533 199.400000 0.509270 -2.689874
0.981169 1.325168 199.500000 0.372230 -3.628087
0.980687 1.325538 199.600000 0.188965 -2.032095
0.980198 1.325286 199.700000 0.086415 -1.282066
0.979708 1.327472 199.800000 0.021880 -3.374595
0.979223 1.327308 199.900000 -0.146959 -1.414883
0.978745 1.327626 200.000000 -0.216969 1.981170
0.978260 1.327090 200.100000 -0.116825 0.712668
0.977773 1.327424 200.200000 -0.080608 1.998899
0.977285 1.327581 200.300000 0.019740 1.811488
0.976801 1.327903 200.400000 0.110216 1.986424
0.976325 1.333602 200.500000 0.208986 -5.052059
0.975839 1.333004 200.600000 -0.044662 -0.513221
0.975354 1.332385 200.700000 -0.070100 -0.425707
0.974871 1.333464 200.800000 -0.091035 -2.645804
0.974398 1.332815 200.900000 -0.222870 0.243866
0.973925 1.332364 201.000000 -0.209562 0.921780
0.973447 1.331731 201.100000 -0.162425 0.343514
0.972969 1.335379 201.200000 -0.144437 4.165621
0.972487 1.337463 201.300000 0.064566 3.326499
0.972017 1.336870 201.400000 0.230568 0.532195
0.971551 1.336210 201.500000 0.256025 -0.104754
0.971085 1.336239 201.600000 0.249507 -1.670962
0.970611 1.337130 201.700000 0.164711 -2.503737
0.970130 1.338613 201.800000 0.038701 -2.943022
0.969653 1.337965 201.900000 -0.108644 0.239840
0.969175 1.337346 202.000000 -0.096108 -0.420424
0.968699 1.337302 202.100000 -0.116649 -1.580257
0.968230 1.338083 202.200000 -0.195079 -2.414992
0.967776 1.337422 202.300000 -0.314853 0.039183
0.967322 1.338614 202.400000 -0.311319 2.738945
0.966852 1.339205 202.500000 -0.172816 2.252050
0.966376 1.338855 202.600000 -0.059349 1.121686
0.965899 1.338196 202.700000 -0.002968 0.087863
0.965423 1.338509 202.800000 0.001440 -1.986566
0.964950 1.338435 202.900000 -0.097895 -1.540945
0.964482 1.337776 203.000000 -0.174453 -0.013545
0.964015 1.337817 203.100000 -0.174258 1.686640
0.963543 1.337665 203.200000 -0.089055 -1.434189
0.963076 1.337248 203.300000 -0.160319 -0.989013
0.962613 1.336593 203.400000 -0.208968 0.103520
0.962150 1.336117 203.500000 -0.202747 0.857171
0.961684 1.335901 203.600000 -0.158875 1.337329
0.961214 1.335662 203.700000 -0.091214 1.303007
0.960743 1.335283 203.800000 -0.025608 1.061127
0.960272 1.335460 203.900000 0.027577 1.842834
0.959805 1.335092 204.000000 0.119580 1.080201
0.959343 1.334564 204.100000 0.172993 -0.716834
0.958878 1.334250 204.200000 0.136286 -1.176828
0.958410 1.335141 204.300000 0.076763 -2.512406
0.957942 1.335254 204.400000 -0.049241 -1.770120
0.957478 1.335056 204.500000 -0.137501 -1.362952
0.957021 1.334567 204.600000 -0.204961 -0.817475
0.956568 1.335170 204.700000 -0.244810 2.267635
0.956106 1.334556 204.800000 -0.130204 0.388249
0.955642 1.333954 204.900000 -0.110141 0.451202
0.955178 1.333426 205.000000 -0.087030 -0.708410
0.954716 1.332859 205.100000 -0.122015 0.581935
0.954253 1.333293 205.200000 -0.092308 2.109203
0.953789 1.333036 205.300000 0.013613 1.269841
0.953326 1.332394 205.400000 0.077037 0.160307
0.952864 1.331755 205.500000 0.084667 0.192203
0.952403 1.331409 205.600000 0.093854 -1.112931
0.951940 1.332314 205.700000 0.037738 -2.527595
0.951480 1.332266 205.800000 -0.088830 -1.570472
0.951025 1.331621 205.900000 -0.166909 0.086431
0.950570 1.330975 206.000000 -0.161753 0.039825
0.950115 1.330392 206.100000 -0.158953 0.508112
0.949659 1.330878 206.200000 -0.132753 2.159697
0.949199 1.331234 206.300000 -0.024104 2.033292
0.948741 1.331106 206.400000 0.077681 1.460497
0.948287 1.332381 206.500000 0.150317 2.816018
0.947848 1.334482 206.600000 0.290367 3.369067
0.947441 1.335183 206.700000 0.457368 2.359292
0.947062 1.334770 206.800000 0.573046 0.980687
0.946697 1.334125 206.900000 0.619215 0.038125
0.946332 1.333486 207.000000 0.618025 -0.136401
0.945965 1.332947 207.100000 0.608115 0.658176
0.945607 1.332828 207.200000 0.637983 1.475131
0.945272 1.332440 207.300000 0.708550 1.026845
0.944954 1.332186 207.400000 0.756349 1.269124
0.944659 1.332128 207.500000 0.816024 -1.556317
0.944334 1.332543 207.600000 0.734128 -2.095076
0.943974 1.332718 207.700000 0.625703 -1.841973
0.943588 1.332089 207.800000 0.530476 -0.219846
0.943198 1.332244 207.900000 0.516831 -1.819405
0.942788 1.332657 208.000000 0.423277 -2.093996
0.942359 1.332375 208.100000 0.316461 -1.221408
0.941922 1.332777 208.200000 0.253808 -2.082798
0.941475 1.332441 208.300000 0.148399 -1.124039
0.941026 1.331908 208.400000 0.091455 0.664638
0.940579 1.331274 208.500000 0.124230 -0.137328
0.940131 1.330636 208.600000 0.116742 0.011970
0.939684 1.330988 208.700000 0.116757 -2.032946
0.939234 1.331595 208.800000 0.014526 -2.279716
0.938787 1.330973 208.900000 -0.099532 -0.250800
0.938341 1.330907 209.000000 -0.111575 -1.544336
0.937901 1.330621 209.100000 -0.188234 -1.211128
0.937468 1.330011 209.200000 -0.247849 -0.330827
0.937037 1.330211 209.300000 -0.263151 -1.869210
0.936620 1.332084 209.400000 -0.355296 3.242233
0.936181 1.332052 209.500000 -0.191408 1.589981
0.935738 1.332038 209.600000 -0.110952 -1.614085
0.935301 1.331585 209.700000 -0.191101 0.873545
0.934860 1.331758 209.800000 -0.146468 1.840577
0.934416 1.331356 209.900000 -0.053707 0.988674
0.933971 1.330730 210.000000 -0.004005 -0.173587
0.933527 1.330123 210.100000 -0.012664 -0.333231
0.933083 1.329759 210.200000 -0.029262 1.062826
0.932640 1.329131 210.300000 0.024025 -0.131278
0.932197 1.328704 210.400000 0.017341 -0.927443
0.931754 1.329510 210.500000 -0.029118 -2.460006
0.931317 1.328879 210.600000 -0.151972 0.013295
0.930881 1.329173 210.700000 -0.150548 1.974643
0.930440 1.329361 210.800000 -0.051063 1.856974
0.930000 1.328734 210.900000 0.042041 0.111665
0.929560 1.328244 211.000000 0.047414 0.768830
0.929121 1.327631 211.100000 0.085619 0.256812
0.928684 1.327080 211.200000 0.098031 -0.573123
0.928246 1.327492 211.300000 0.068885 -2.096948
0.927807 1.327121 211.400000 -0.036307 -1.040947
0.927370 1.327411 211.500000 -0.088173 1.969977
0.926932 1.327220 211.600000 0.010767 1.359672
0.926496 1.328412 211.700000 0.078697 2.775605
0.926070 1.328731 211.800000 0.217084 2.001616
0.925657 1.328418 211.900000 0.316079 1.152749
0.925253 1.327799 212.000000 0.372136 -0.175159
0.924848 1.327219 212.100000 0.361517 0.444467
0.924447 1.326911 212.200000 0.381933 1.159974
0.924056 1.326325 212.300000 0.438022 0.406824
0.923671 1.326094 212.400000 0.456173 1.292368
0.923299 1.326484 212.500000 0.518511 2.076418
0.922956 1.325864 212.600000 0.619739 0.109576
0.922613 1.325779 212.700000 0.622119 1.514027
0.922293 1.326294 212.800000 0.694710 2.200823
0.922010 1.325841 212.900000 0.801278 0.850504
0.921743 1.327691 213.000000 0.839796 -3.246174
0.921417 1.327501 213.100000 0.673289 -1.357609
0.921070 1.326880 213.200000 0.602042 -0.082981
0.920722 1.326326 213.300000 0.594883 0.537318
0.920380 1.326053 213.400000 0.618774 1.220300
0.920056 1.325652 213.500000 0.676695 -0.967210
0.919717 1.325041 213.600000 0.624951 -0.203481
0.919374 1.324422 213.700000 0.611652 -0.056996
0.919030 1.324278 213.800000 0.605744 1.425088
0.918707 1.323824 213.900000 0.673970 0.840626
0.918397 1.324090 214.000000 0.712631 1.946062
0.918120 1.324034 214.100000 0.806371 1.552139
0.917872 1.324965 214.200000 0.879946 2.576460
0.917679 1.325639 214.300000 1.004370 2.353966
0.917542 1.325484 214.400000 1.117046 1.408300
0.917440 1.325788 214.500000 1.181876 1.989199
0.917391 1.325672 214.600000 1.275426 1.468180
0.917384 1.325703 214.700000 1.342458 1.668460
0.917426 1.325601 214.800000 1.419169 -1.487557
0.917415 1.327230 214.900000 1.337695 -3.106932
0.917310 1.328242 215.000000 1.175660 -2.647404
0.917134 1.327959 215.100000 1.037412 -1.200461
0.916927 1.327351 215.200000 0.972202 -0.189598
0.916714 1.326735 215.300000 0.957861 0.049544
0.916501 1.326641 215.400000 0.955549 -1.499075
0.916254 1.326857 215.500000 0.875817 -1.893809
0.915969 1.326242 215.600000 0.776748 0.013589
0.915683 1.327585 215.700000 0.773543 -2.906744
0.915349 1.327467 215.800000 0.624338 -1.463974
0.914995 1.329512 215.900000 0.548018 -3.389712
0.914604 1.332652 216.000000 0.375792 -4.028856
0.914188 1.334367 216.100000 0.172471 -3.174783
0.913765 1.335864 216.200000 0.012869 -3.024133
0.913347 1.335458 216.300000 -0.138402 -0.955174
0.912933 1.335094 216.400000 -0.185469 1.047703
0.912516 1.335522 216.500000 -0.132156 -2.126962
0.912108 1.336043 216.600000 -0.237843 -2.220244
0.911715 1.338624 216.700000 -0.347666 -3.723161
0.911360 1.341402 216.800000 -0.532086 -3.837609
0.911060 1.341368 216.900000 -0.721306 -1.592774
0.910787 1.341340 217.000000 -0.797338 1.599909
0.910485 1.340756 217.100000 -0.713356 -0.385697
0.910188 1.340314 217.200000 -0.729074 -0.869913
0.909905 1.340454 217.300000 -0.768924 1.813566
0.909591 1.340013 217.400000 -0.674402 0.875596
0.909264 1.343523 217.500000 -0.627250 4.237206
0.908885 1.345685 217.600000 -0.412253 3.478407
0.908481 1.346806 217.700000 -0.236272 2.752619
0.908066 1.346560 217.800000 -0.097459 1.273523
0.907650 1.346183 217.900000 -0.033296 1.024052
0.907234 1.347129 218.000000 0.018073 -2.611124
0.906821 1.346565 218.100000 -0.112573 -0.481404
0.906409 1.346074 218.200000 -0.136081 0.741049
0.905997 1.346571 218.300000 -0.098348 2.205096
0.905582 1.346254 218.400000 0.012399 1.144956
0.905169 1.345974 218.500000 0.069585 1.210648
0.904759 1.345964 218.600000 0.129769 -1.627735
0.904346 1.345399 218.700000 0.047733 -0.467652
0.903933 1.345137 218.800000 0.024112 -1.242139
0.903520 1.346628 218.900000 -0.038115 -3.036671
0.903116 1.349095 219.000000 -0.189758 -3.674817
0.902736 1.352580 219.100000 -0.372550 -4.239752
0.902402 1.354145 219.200000 -0.582675 -3.093833
0.902113 1.353564 219.300000 -0.734453 -0.397971
0.901831 1.352959 219.400000 -0.750680 0.223283
0.901543 1.352552 219.500000 -0.735762 0.959757
0.901239 1.352269 219.600000 -0.684095 1.207584
0.900917 1.352013 219.700000 -0.620296 1.257671
0.900577 1.351453 219.800000 -0.554311 0.488500
0.900231 1.351838 219.900000 -0.527114 2.097012
0.899862 1.351311 220.000000 -0.419628 -0.621498
0.899499 1.350810 220.100000 -0.448605 -0.702175
0.899143 1.350232 220.200000 -0.481470 0.393657
0.898783 1.349947 220.300000 -0.459380 1.202525
0.898411 1.349442 220.400000 -0.396957 0.688582
0.898034 1.349161 220.500000 -0.360543 -1.208015
0.897666 1.348553 220.600000 -0.419141 -0.109420
0.897300 1.348042 220.700000 -0.422517 -0.663480
0.896941 1.347661 220.800000 -0.453578 -1.007900
0.896592 1.347054 220.900000 -0.501705 -0.108850
0.896244 1.346495 221.000000 -0.504639 -0.470987
0.895901 1.346151 221.100000 -0.525665 1.080912
0.895546 1.346627 221.200000 -0.468991 -2.190898
0.895216 1.346134 221.300000 -0.576191 -0.714081
0.894896 1.345527 221.400000 -0.609014 0.064492
0.894574 1.344931 221.500000 -0.602745 0.226985
0.894249 1.344550 221.600000 -0.588382 1.000250
0.893910 1.343944 221.700000 -0.535427 0.027070
0.893571 1.343348 221.800000 -0.531397 -0.201215
0.893234 1.343166 221.900000 -0.538800 -1.371244
0.892914 1.342598 222.000000 -0.604669 -0.400998
0.892599 1.341997 222.100000 -0.621695 -0.132216
0.892285 1.341394 222.200000 -0.625197 0.027396
0.891971 1.340791 222.300000 -0.620702 0.039405
0.891655 1.340228 222.400000 -0.615628 0.417118
0.891333 1.339629 222.500000 -0.591694 0.124795
0.891009 1.339573 222.600000 -0.582496 -1.558360
0.890706 1.339371 222.700000 -0.657501 -1.333589
0.890423 1.340324 222.800000 -0.720893 -2.631929
0.890186 1.341604 222.900000 -0.848885 -2.896542
0.890006 1.343625 223.000000 -0.989468 -3.421038
0.889906 1.343169 223.100000 -1.155572 -0.805373
0.889825 1.343460 223.200000 -1.190063 1.996809
0.889690 1.343673 223.300000 -1.084272 -1.907697
0.889600 1.343237 223.400000 -1.174236 0.859322
0.889485 1.344460 223.500000 -1.125398 2.855873
0.889301 1.345177 223.600000 -0.976978 2.428371
0.889066 1.344582 223.700000 -0.850674 0.162216
0.888825 1.344516 223.800000 -0.838310 -1.547603
0.888614 1.344278 223.900000 -0.911499 -1.272848
0.888428 1.345143 224.000000 -0.970584 -2.562764
0.888298 1.344581 224.100000 -1.093869 0.409550
0.888156 1.344948 224.200000 -1.067922 2.083101
0.887965 1.344368 224.300000 -0.958428 0.295175
0.887766 1.344203 224.400000 -0.938877 1.394122
0.887537 1.343785 224.500000 -0.864476 0.902697
0.887290 1.343217 224.600000 -0.815019 0.362796
0.887035 1.342657 224.700000 -0.792804 0.411282
0.886772 1.342066 224.800000 -0.768276 -0.164822
0.886511 1.341878 224.900000 -0.772676 -1.356482
0.886272 1.341282 225.000000 -0.836636 0.034658
0.886032 1.340743 225.100000 -0.830720 -0.501559
0.885800 1.340922 225.200000 -0.851645 -1.867869
0.885603 1.341115 225.300000 -0.940780 -1.884313
0.885446 1.340735 225.400000 -1.030292 -0.985010
0.885309 1.340978 225.500000 -1.074391 1.943853
0.885126 1.340418 225.600000 -0.971826 0.391936
0.884933 1.340048 225.700000 -0.947370 -1.004562
0.884759 1.339899 225.800000 -0.992861 1.417594
0.884554 1.339456 225.900000 -0.917017 0.822166
0.884330 1.340901 226.000000 -0.871324 3.034963
0.884052 1.340538 226.100000 -0.715219 1.019325
0.883758 1.339946 226.200000 -0.660677 0.050407
0.883463 1.339457 226.300000 -0.654853 0.684569
0.883157 1.339410 226.400000 -0.617350 -1.569648
0.882873 1.339010 226.500000 -0.692746 -0.931209
0.882603 1.338420 226.600000 -0.735843 -0.021146
0.882332 1.338008 226.700000 -0.733221 0.900107
0.882046 1.337424 226.800000 -0.684549 -0.162899
0.881763 1.336999 226.900000 -0.689272 -0.861582
0.881491 1.336413 227.000000 -0.728904 -0.123873
0.881221 1.336336 227.100000 -0.731453 -1.523477
0.880976 1.335770 227.200000 -0.803970 -0.316954
0.880734 1.335938 227.300000 -0.815798 -1.854089
0.880527 1.335382 227.400000 -0.904423 0.372290
0.880311 1.336827 227.500000 -0.881287 3.041222
0.880040 1.336681 227.600000 -0.724819 1.417290
0.879746 1.336864 227.700000 -0.650330 1.873142
0.879427 1.337852 227.800000 -0.553422 2.679108
0.879080 1.337269 227.900000 -0.416699 -0.135576
0.878733 1.336685 228.000000 -0.421395 -0.095788
0.878388 1.336120 228.100000 -0.424077 -0.305826
0.878045 1.336672 228.200000 -0.437248 2.278730
0.877683 1.337025 228.300000 -0.321125 2.069992
0.877309 1.336447 228.400000 -0.216020 -0.189645
0.876936 1.336237 228.500000 -0.224422 -1.308675
0.876571 1.336206 228.600000 -0.288734 -1.590733
0.876217 1.335962 228.700000 -0.366827 -1.246528
0.875874 1.335795 228.800000 -0.427319 1.381591
0.875519 1.335292 228.900000 -0.356103 0.605114
0.875160 1.334710 229.000000 -0.324067 -0.070725
0.874802 1.336910 229.100000 -0.325983 -3.571241
0.874475 1.337955 229.200000 -0.502915 -2.732445
0.874182 1.337530 229.300000 -0.637022 0.851959
0.873878 1.337204 229.400000 -0.591239 -1.085154
0.873587 1.336966 229.500000 -0.642541 -1.257652
0.873314 1.336384 229.600000 -0.702211 0.013744
0.873040 1.337439 229.700000 -0.698012 -2.742828
0.872811 1.338179 229.800000 -0.831664 -2.465223
0.872628 1.340777 229.900000 -0.950767 -3.824341
0.872530 1.340196 230.000000 -1.137230 -0.103143
0.872431 1.340579 230.100000 -1.136701 -2.107829
0.872384 1.340011 230.200000 -1.236409 -0.250307
0.872341 1.339482 230.300000 -1.242742 -0.494607
0.872307 1.338954 230.400000 -1.261259 -0.496196
0.872284 1.338489 230.500000 -1.279762 -0.728754
0.872278 1.338365 230.600000 -1.309801 1.450762
0.872228 1.338005 230.700000 -1.230714 -1.007813
0.872202 1.337493 230.800000 -1.274951 -0.557191
0.872189 1.337094 230.900000 -1.296436 -0.911916
0.872197 1.336683 231.000000 -1.335550 0.881460
0.872177 1.337881 231.100000 -1.284799 -2.865880
0.872237 1.340686 231.200000 -1.421669 -3.955806
0.872421 1.341537 231.300000 -1.612351 -2.573451
0.872693 1.340973 231.400000 -1.732962 -0.261419
0.872968 1.340431 231.500000 -1.737368 -0.417836
0.873252 1.340181 231.600000 -1.749573 1.234037
0.873483 1.340196 231.700000 -1.679123 1.658217
0.873650 1.340361 231.800000 -1.587816 -1.855401
0.873877 1.341244 231.900000 -1.672647 -2.603886
0.874194 1.343992 232.000000 -1.794479 -3.928930
0.874663 1.344340 232.100000 -1.981953 2.075042
0.875038 1.343887 232.200000 -1.868291 0.763986
0.875375 1.343350 232.300000 -1.820750 0.435734
0.875687 1.342780 232.400000 -1.789860 -0.200379
0.876000 1.342218 232.500000 -1.790929 0.264242
0.876296 1.341740 232.600000 -1.768762 -0.679184
0.876611 1.341897 232.700000 -1.793878 1.846971
0.876849 1.341334 232.800000 -1.692560 0.249349
0.877073 1.341251 232.900000 -1.671630 1.515463
0.877237 1.341579 233.000000 -1.587498 2.051492
0.877328 1.341169 233.100000 -1.476986 0.880222
0.877388 1.340598 233.200000 -1.425590 0.124504
0.877439 1.340909 233.300000 -1.412237 2.033407
0.877427 1.341765 233.400000 -1.303506 2.584245
0.877344 1.343697 233.500000 -1.167776 3.422044
0.877178 1.344137 233.600000 -0.990835 2.177938
0.876967 1.344435 233.700000 -0.876984 2.020248
0.876720 1.344238 233.800000 -0.771586 1.328733
0.876450 1.343731 233.900000 -0.701292 0.562920
0.876172 1.343289 234.000000 -0.669639 0.788200
0.875881 1.343135 234.100000 -0.626881 1.401691
0.875573 1.342741 234.200000 -0.553662 0.915357
0.875254 1.342178 234.300000 -0.505126 -0.214985
0.874937 1.341666 234.400000 -0.513350 -0.530862
0.874625 1.341094 234.500000 -0.537326 -0.031422
0.874314 1.340523 234.600000 -0.536210 0.059542
0.874002 1.341916 234.700000 -0.530552 -3.036615
0.873728 1.341355 234.800000 -0.679730 -0.223437
0.873457 1.340845 234.900000 -0.687504 0.534294
0.873177 1.340475 235.000000 -0.657351 0.970732
0.872884 1.340411 235.100000 -0.605528 1.541842
0.872571 1.340952 235.200000 -0.525408 2.286467
0.872236 1.341933 235.300000 -0.408458 2.701987
0.871881 1.343283 235.400000 -0.271316 3.007308
0.871514 1.343386 235.500000 -0.119594 1.780857
0.871145 1.343886 235.600000 -0.029953 2.245480
0.870777 1.343588 235.700000 0.082470 1.132490
0.870412 1.344895 235.800000 0.138683 2.975799
0.870060 1.347132 235.900000 0.286779 3.639457
0.869738 1.346596 236.000000 0.467318 -0.406460
0.869412 1.346378 236.100000 0.444658 1.288477
0.869098 1.346409 236.200000 0.506859 -1.685032
0.868768 1.346830 236.300000 0.420073 -2.164960
0.868421 1.347312 236.400000 0.309725 -2.230162
0.868062 1.349419 236.500000 0.196668 -3.558203
0.867695 1.352987 236.600000 0.017774 -4.426389
0.867338 1.353580 236.700000 -0.203634 -2.348003
0.866993 1.353009 236.800000 -0.320016 -0.059669
0.866649 1.352678 236.900000 -0.321399 1.065863
0.866299 1.352895 237.000000 -0.266499 1.931867
0.865939 1.352408 237.100000 -0.168573 0.630974
0.865578 1.351986 237.200000 -0.136182 0.836920
0.865216 1.351456 237.300000 -0.093655 0.436358
0.864852 1.351145 237.400000 -0.071369 1.107069
0.864488 1.350577 237.500000 -0.015658 -0.044200
0.864125 1.350895 237.600000 -0.017790 2.052027
0.863763 1.350639 237.700000 0.084900 1.218607
0.863404 1.350272 237.800000 0.145406 0.976431
0.863049 1.349763 237.900000 0.193501 -0.528444
0.862693 1.349329 238.000000 0.166111 -0.794896
0.862334 1.348822 238.100000 0.125536 -0.532185
0.861974 1.348265 238.200000 0.098299 -0.205994
0.861614 1.348303 238.300000 0.087507 1.696667
0.861259 1.347772 238.400000 0.171903 -0.409034
0.860903 1.348372 238.500000 0.150592 -2.356949
0.860542 1.347892 238.600000 0.031992 0.639089
0.860183 1.347815 238.700000 0.063786 1.524659
0.859827 1.348997 238.800000 0.139700 2.888694
0.859484 1.349680 238.900000 0.283436 2.441943
0.859158 1.350721 239.000000 0.404116 2.770907
0.858860 1.351932 239.100000 0.540641 2.914238
0.858599 1.351707 239.200000 0.683650 1.275223
0.858356 1.352709 239.300000 0.743993 -2.739628
0.858074 1.352744 239.400000 0.603291 -1.693759
0.857771 1.352214 239.500000 0.515587 0.409312
0.857473 1.351832 239.600000 0.533475 -0.934476
0.857164 1.351469 239.700000 0.484083 -0.980451
0.856846 1.350999 239.800000 0.432640 -0.668961
0.856521 1.350990 239.900000 0.397029 -1.631066
0.856185 1.350461 240.000000 0.313491 -0.405017
0.855846 1.350343 240.100000 0.291672 -1.460507
0.855500 1.350806 240.200000 0.217189 -2.218867
0.855146 1.350689 240.300000 0.105159 1.463276
0.854797 1.350180 240.400000 0.177797 0.501444
0.854451 1.349843 240.500000 0.201981 -1.038616
0.854100 1.349430 240.600000 0.149040 -0.842891
0.853748 1.348936 240.700000 0.106150 -0.566877
0.853395 1.349746 240.800000 0.077276 -2.568766
0.853041 1.353148 240.900000 -0.051549 -4.370475
0.852703 1.352971 241.000000 -0.269815 -1.360903
0.852372 1.352486 241.100000 -0.336511 -0.604504
0.852047 1.352246 241.200000 -0.365054 1.243992
0.851713 1.352475 241.300000 -0.301029 1.951360
0.851368 1.351922 241.400000 -0.201956 0.191818
0.851024 1.351376 241.500000 -0.191355 0.251228
0.850678 1.351243 241.600000 -0.177837 1.435948
0.850329 1.350902 241.700000 -0.105150 1.025253
0.849978 1.350459 241.800000 -0.053362 0.747697
0.849626 1.351267 241.900000 -0.015710 2.571069
0.849278 1.351075 242.000000 0.112922 1.331948
0.848934 1.350734 242.100000 0.178955 1.024494
0.848595 1.350204 242.200000 0.229284 0.367402
0.848257 1.349647 242.300000 0.246508 -0.028067
0.847919 1.349278 242.400000 0.243872 -0.954304
0.847578 1.349202 242.500000 0.194938 -1.526081
0.847231 1.348932 242.600000 0.117659 -1.176879
0.846883 1.349016 242.700000 0.058227 -1.762928
0.846535 1.348461 242.800000 -0.030211 -0.037199
0.846187 1.348876 242.900000 -0.031920 2.170835
0.845840 1.350595 243.000000 0.076782 3.325362
0.845504 1.350330 243.100000 0.242666 1.188597
0.845175 1.350751 243.200000 0.300882 2.179013
0.844862 1.350934 243.300000 0.408329 1.895430
0.844567 1.350708 243.400000 0.501058 1.264385
0.844285 1.350201 243.500000 0.561772 -0.483121
0.843997 1.350185 243.600000 0.534808 -1.619037
0.843693 1.350093 243.700000 0.451182 1.500879
0.843403 1.349608 243.800000 0.523970 -0.578318
0.843107 1.349295 243.900000 0.492434 1.082361
0.842822 1.351076 244.000000 0.544090 3.375175
0.842580 1.351225 244.100000 0.710128 -1.851807
0.842313 1.351507 244.200000 0.613987 -2.020327
0.842021 1.352286 244.300000 0.509901 -2.552129
0.841706 1.352592 244.400000 0.379745 -2.049489
0.841378 1.352139 244.500000 0.275372 0.698998
0.841053 1.352302 244.600000 0.308945 1.871662
0.840743 1.351790 244.700000 0.400983 0.444513
0.840435 1.352224 244.800000 0.421204 2.197164
0.840150 1.351924 244.900000 0.528956 1.111762
0.839876 1.352835 245.000000 0.581899 2.677150
0.839637 1.354738 245.100000 0.712847 3.469835
0.839453 1.354284 245.200000 0.882775 0.694581
0.839281 1.353742 245.300000 0.913090 0.213984
0.839111 1.353203 245.400000 0.919224 -0.249399
0.838936 1.353056 245.500000 0.902158 1.408552
0.838785 1.352557 245.600000 0.968075 -0.506150
0.838622 1.352011 245.700000 0.937927 -0.146489
0.838456 1.351501 245.800000 0.925913 -0.442449
0.838279 1.350976 245.900000 0.899161 -0.345506
0.838095 1.350432 246.000000 0.877389 -0.150609
0.837907 1.349898 246.100000 0.865472 -0.270734
0.837712 1.350461 246.200000 0.847608 -2.339002
0.837479 1.350125 246.300000 0.726420 1.022301
0.837261 1.349582 246.400000 0.773903 0.153468
0.837044 1.349038 246.500000 0.777707 0.135016
0.836829 1.348492 246.600000 0.780569 0.017139
0.836612 1.347996 246.700000 0.777523 -0.500979
0.836387 1.348322 246.800000 0.748587 -2.074813
0.836131 1.347855 246.900000 0.641103 -0.623192
0.835867 1.347318 247.000000 0.606738 -0.214334
0.835600 1.346776 247.100000 0.592988 0.114604
0.835334 1.346238 247.200000 0.595753 -0.173935
0.835065 1.345960 247.300000 0.584077 1.147905
0.834810 1.345445 247.400000 0.638552 0.381132
0.834560 1.344944 247.500000 0.654416 0.457754
0.834315 1.344476 247.600000 0.674032 -0.610455
0.834061 1.343934 247.700000 0.640139 -0.002706
0.833806 1.345731 247.800000 0.636803 -3.405663
0.833513 1.345487 247.900000 0.463336 -1.216858
0.833209 1.345482 248.000000 0.400176 -1.633362
0.832894 1.344958 248.100000 0.316507 0.294399
0.832580 1.344579 248.200000 0.329644 -0.900653
0.832261 1.344971 248.300000 0.282964 2.153432
0.831957 1.344564 248.400000 0.389220 0.815099
0.831659 1.344147 248.500000 0.428029 0.783953
0.831368 1.343618 248.600000 0.465087 -0.240604
0.831075 1.343091 248.700000 0.450731 -0.253825
0.830779 1.342964 248.800000 0.435786 -1.432905
0.830472 1.342654 248.900000 0.361962 -1.070103
0.830157 1.342256 249.000000 0.306647 -0.836536
0.829838 1.342064 249.100000 0.263287 -1.315332
0.829513 1.342802 249.200000 0.196204 -2.522982
0.829181 1.343286 249.300000 0.069074 -2.258004
0.828849 1.344014 249.400000 -0.044172 -2.513500
0.828523 1.343660 249.500000 -0.169626 -0.959235
0.828200 1.343357 249.600000 -0.216739 1.084007
0.827874 1.342871 249.700000 -0.161455 -0.506422
0.827550 1.342411 249.800000 -0.185969 -0.622509
0.827228 1.342515 249.900000 -0.216165 1.790654
0.826900 1.342285 250.000000 -0.125551 -1.239043
0.826577 1.341886 250.100000 -0.186876 0.827799
0.826251 1.341436 250.200000 -0.144551 0.657055
0.825923 1.341184 250.300000 -0.110976 -1.192837
0.825599 1.340797 250.400000 -0.170063 0.861495
0.825273 1.341700 250.500000 -0.126138 2.684681
0.824944 1.341566 250.600000 0.008727 1.417934
0.824616 1.341080 250.700000 0.079580 -0.494713
0.824288 1.340697 250.800000 0.054447 0.873017
0.823962 1.340913 250.900000 0.097825 1.940493
0.823641 1.341850 251.000000 0.194361 2.718306
0.823335 1.341440 251.100000 0.329304 0.789659
0.823034 1.341508 251.200000 0.367141 1.738733
0.822747 1.341123 251.300000 0.452242 0.864875
0.822468 1.340866 251.400000 0.493224 1.179474
0.822202 1.340404 251.500000 0.549732 0.596348
0.821941 1.340628 251.600000 0.576800 1.951948
0.821704 1.341759 251.700000 0.671514 2.893930
0.821509 1.342187 251.800000 0.812853 2.199652
0.821351 1.342204 251.900000 0.918771 -1.664308
0.821162 1.341706 252.000000 0.830962 -0.419967
0.820965 1.341406 252.100000 0.805809 -1.081935
0.820750 1.340917 252.200000 0.747683 -0.464170
0.820528 1.340615 252.300000 0.720736 -1.075373
0.820290 1.340328 252.400000 0.663364 -1.109427
0.820038 1.339860 252.500000 0.604575 -0.562735
0.819778 1.339557 252.600000 0.573416 -1.072528
0.819507 1.339155 252.700000 0.516922 0.803324
0.819244 1.338726 252.800000 0.554504 -0.712383
0.818972 1.338598 252.900000 0.516112 1.424711
0.818716 1.338203 253.000000 0.584767 0.823975
0.818470 1.337679 253.100000 0.623042 0.141267
0.818224 1.337154 253.200000 0.626990 -0.129607
0.817977 1.336752 253.300000 0.617375 -0.796909
0.817719 1.336313 253.400000 0.574443 0.670605
0.817469 1.336080 253.500000 0.605101 -1.220389
0.817204 1.335602 253.600000 0.541056 -0.497694
0.816934 1.335086 253.700000 0.513466 0.225435
0.816666 1.334899 253.800000 0.522170 -1.313422
0.816385 1.334939 253.900000 0.453888 1.694084
0.816120 1.335219 254.000000 0.536323 -2.023795
0.815836 1.335466 254.100000 0.432452 1.980464
0.815570 1.334942 254.200000 0.529313 0.083663
0.815305 1.334489 254.300000 0.530849 0.603993
0.815046 1.334779 254.400000 0.558395 -2.035554
0.814766 1.335788 254.500000 0.453825 -2.794206
0.814466 1.335393 254.600000 0.311845 -0.814191
0.814160 1.335192 254.700000 0.269577 -1.282341
0.813849 1.335069 254.800000 0.204112 -1.428988
0.813533 1.336217 254.900000 0.131642 2.920526
0.813229 1.337282 255.000000 0.277010 2.846503
0.812945 1.336883 255.100000 0.417950 -0.798065
0.812654 1.336394 255.200000 0.375957 0.425753
0.812367 1.335959 255.300000 0.395365 0.668122
0.812084 1.335995 255.400000 0.426794 -1.690422
0.811789 1.335771 255.500000 0.340139 -1.234984
0.811487 1.335347 255.600000 0.276689 -0.709941
0.811181 1.335501 255.700000 0.239809 -1.859876
0.810868 1.335528 255.800000 0.145616 -1.676026
0.810552 1.335549 255.900000 0.061086 1.668018
0.810239 1.335508 256.000000 0.144182 -1.568711
0.809924 1.336386 256.100000 0.065025 -2.677709
0.809609 1.336028 256.200000 -0.069185 -0.913964
0.809296 1.335530 256.300000 -0.114537 -0.340823
0.808984 1.335040 256.400000 -0.131006 0.399047
0.808671 1.334533 256.500000 -0.110399 0.260143
0.808357 1.334708 256.600000 -0.096839 1.889507
0.808043 1.335293 256.700000 -0.001880 2.381530
0.807731 1.334850 256.800000 0.117206 0.629395
0.807421 1.334353 256.900000 0.148090 -0.335130
0.807110 1.333843 257.000000 0.130593 0.218375
0.806800 1.334735 257.100000 0.140859 -2.694037
0.806487 1.334224 257.200000 0.005453 -0.192510
0.806173 1.333721 257.300000 -0.004200 -0.279790
0.805860 1.333235 257.400000 -0.018169 0.406239
0.805547 1.332723 257.500000 0.002234 -0.175377
0.805235 1.333289 257.600000 -0.006546 2.362344
0.804925 1.332783 257.700000 0.111604 -0.245336
0.804615 1.332317 257.800000 0.098779 -0.508609
0.804304 1.331835 257.900000 0.072855 0.426211
0.803994 1.331335 258.000000 0.093801 0.283394
0.803685 1.331119 258.100000 0.107502 -1.244602
0.803374 1.330741 258.200000 0.044734 0.840223
0.803065 1.330280 258.300000 0.086522 -0.530347
0.802755 1.330092 258.400000 0.059572 -1.299407
0.802444 1.330070 258.500000 -0.005697 -1.595436
0.802135 1.329558 258.600000 -0.085440 0.105821
0.801827 1.329244 258.700000 -0.079722 -1.015917
0.801520 1.328784 258.800000 -0.130119 -0.528886
0.801215 1.328329 258.900000 -0.155913 -0.546520
0.800913 1.328043 259.000000 -0.182459 1.083475
0.800607 1.327534 259.100000 -0.127373 -0.133191
0.800301 1.327042 259.200000 -0.133396 0.325805
0.799996 1.327258 259.300000 -0.116438 1.941929
0.799687 1.327702 259.400000 -0.018760 2.227591
0.799381 1.327488 259.500000 0.092714 1.242564
0.799078 1.326983 259.600000 0.154378 0.172058
0.798775 1.326496 259.700000 0.162209 0.355391
0.798474 1.326209 259.800000 0.179168 1.076420
0.798177 1.325732 259.900000 0.232093 -0.414833
0.797879 1.325233 260.000000 0.210191 -0.242351
0.797580 1.324959 260.100000 0.197022 -1.105738
0.797277 1.324994 260.200000 0.140750 -1.683481
0.796972 1.325816 260.300000 0.055873 -2.632415
0.796667 1.325326 260.400000 -0.076028 -0.316715
0.796363 1.325151 260.500000 -0.091483 1.317752
0.796057 1.324706 260.600000 -0.025138 0.574282
0.795752 1.324208 260.700000 0.003702 -0.232194
0.795447 1.323861 260.800000 -0.007927 -0.915097
0.795143 1.323356 260.900000 -0.053642 0.103832
0.794839 1.322977 261.000000 -0.048182 -0.816964
0.794536 1.322523 261.100000 -0.088789 -0.525062
0.794234 1.322065 261.200000 -0.114599 -0.497845
0.793934 1.321559 261.300000 -0.138918 0.023950
0.793634 1.321327 261.400000 -0.137026 -1.196354
0.793338 1.320822 261.500000 -0.196158 0.015196
0.793042 1.321014 261.600000 -0.194418 -1.909520
0.792755 1.320513 261.700000 -0.288922 -0.135724
0.792469 1.320041 261.800000 -0.294263 0.413208
0.792181 1.319591 261.900000 -0.272131 0.526741
0.791890 1.319490 262.000000 -0.244434 1.453248
0.791594 1.319413 262.100000 -0.170549 -1.494554
0.791303 1.319021 262.200000 -0.244424 0.765621
0.791010 1.319256 262.300000 -0.204921 -1.966587
0.790726 1.319062 262.400000 -0.302226 -1.273180
0.790450 1.319493 262.500000 -0.364374 -2.214296
0.790192 1.319720 262.600000 -0.473267 -1.957881
0.789952 1.319467 262.700000 -0.568794 -1.142321
0.789726 1.319020 262.800000 -0.623066 -0.540269
0.789505 1.318519 262.900000 -0.646965 0.033584
0.789283 1.319798 263.000000 -0.642050 3.060601
0.789028 1.319299 263.100000 -0.485810 0.122150
0.788772 1.318945 263.200000 -0.477274 -0.880294
0.788523 1.319489 263.300000 -0.518902 2.345396
0.788254 1.319879 263.400000 -0.399038 2.166952
0.787971 1.319781 263.500000 -0.288695 1.456815
0.787681 1.319447 263.600000 -0.214411 0.937707
0.787388 1.319556 263.700000 -0.166453 -1.791820
0.787102 1.319453 263.800000 -0.255212 -1.448762
0.786824 1.319565 263.900000 -0.326374 -1.797531
0.786558 1.319763 264.000000 -0.414619 -1.918765
0.786310 1.319306 264.100000 -0.508484 0.475612
0.786056 1.319224 264.200000 -0.482161 1.485376
0.785790 1.320290 264.300000 -0.405481 2.876333
0.785506 1.320243 264.400000 -0.259637 1.547497
0.785215 1.319745 264.500000 -0.180964 0.027053
0.784924 1.319420 264.600000 -0.178707 0.960945
0.784631 1.318933 264.700000 -0.129766 0.239979
0.784337 1.318836 264.800000 -0.117118 -1.457946
0.784048 1.318631 264.900000 -0.189430 -1.245146
0.783764 1.318134 265.000000 -0.250740 0.024629
0.783480 1.318218 265.100000 -0.248255 1.755346
0.783190 1.317880 265.200000 -0.159246 -0.918935
0.782903 1.317416 265.300000 -0.204397 -0.416459
0.782617 1.317608 265.400000 -0.224198 -1.910794
0.782342 1.317772 265.500000 -0.318616 -1.872958
0.782079 1.317704 265.600000 -0.410671 -1.508738
0.781829 1.317295 265.700000 -0.484055 0.678142
0.781572 1.316849 265.800000 -0.447727 0.514037
0.781312 1.316459 265.900000 -0.419787 0.745832
0.781045 1.316884 266.000000 -0.380396 2.212481
0.780765 1.316390 266.100000 -0.267870 0.058901
0.780485 1.315922 266.200000 -0.263586 0.376467
0.780203 1.315594 266.300000 -0.243445 0.940820
0.779918 1.315111 266.400000 -0.195186 0.236691
0.779632 1.315788 266.500000 -0.182376 2.498035
0.779340 1.315379 266.600000 -0.056562 0.672163
0.779048 1.315305 266.700000 -0.022671 1.494635
0.778756 1.314840 266.800000 0.052174 0.382247
0.778466 1.314411 266.900000 0.071025 0.581677
0.778176 1.313992 267.000000 0.099754 0.628342
0.777888 1.313531 267.100000 0.130672 -0.403888
0.777599 1.313192 267.200000 0.109825 -0.900828
0.777309 1.312730 267.300000 0.064234 -0.397513
0.777019 1.312348 267.400000 0.044037 0.761280
0.776730 1.312121 267.500000 0.081881 1.187510
0.776443 1.312236 267.600000 0.140847 1.800169
0.776163 1.311771 267.700000 0.230151 0.365636
0.775885 1.311541 267.800000 0.247282 1.181249
0.775613 1.311231 267.900000 0.305108 0.977922
0.775347 1.311460 268.000000 0.352479 -1.963215
0.775070 1.311141 268.100000 0.252556 0.953418
0.774797 1.311145 268.200000 0.298964 1.626167
0.774535 1.311493 268.300000 0.378777 2.119641
0.774290 1.311853 268.400000 0.482866 2.133835
0.774066 1.311433 268.500000 0.587143 0.608733
0.773849 1.310948 268.600000 0.614644 -0.121847
0.773629 1.310508 268.700000 0.605478 0.505744
0.773414 1.310049 268.800000 0.627738 0.391727
0.773204 1.309572 268.900000 0.644186 0.231779
0.772996 1.309175 269.000000 0.652554 -0.694116
0.772779 1.308771 269.100000 0.614585 0.664788
0.772569 1.308289 269.200000 0.644752 0.154587
0.772361 1.308110 269.300000 0.649257 -1.285545
0.772137 1.308860 269.400000 0.581734 -2.580610
0.771888 1.308843 269.500000 0.449795 -1.589395
0.771627 1.309553 269.600000 0.368076 2.538690
0.771386 1.309431 269.700000 0.493170 1.401185
0.771158 1.309021 269.800000 0.560764 0.633578
0.770937 1.309729 269.900000 0.589639 -2.538223
0.770691 1.310289 270.000000 0.459779 -2.376452
0.770427 1.310111 270.100000 0.338658 -1.287367
0.770155 1.310351 270.200000 0.272596 1.979390
0.769896 1.309881 270.300000 0.370203 0.281115
0.769638 1.310847 270.400000 0.382407 -2.800905
0.769365 1.312085 270.500000 0.240450 -3.053014
0.769082 1.312197 270.600000 0.086597 1.796841
0.768804 1.311994 270.700000 0.176006 1.235364
0.768530 1.311771 270.800000 0.236894 1.190589
0.768263 1.311295 270.900000 0.295239 -0.211841
0.767994 1.310867 271.000000 0.283171 0.547890
0.767728 1.310471 271.100000 0.309150 0.687112
0.767467 1.310977 271.200000 0.341960 -2.316423
0.767194 1.314126 271.300000 0.224429 -4.440661
0.766911 1.314710 271.400000 0.001274 -2.407216
0.766631 1.314247 271.500000 -0.119094 0.341145
0.766351 1.313766 271.600000 -0.101441 0.132168
0.766071 1.313284 271.700000 -0.094325 0.059000
0.765790 1.312976 271.800000 -0.090904 0.975466
0.765509 1.313656 271.900000 -0.041676 2.515623
0.765229 1.315176 272.000000 0.084314 3.301311
0.764959 1.314696 272.100000 0.248958 0.135915
0.764690 1.315681 272.200000 0.254509 -2.826688
0.764412 1.315703 272.300000 0.111902 -1.658949
0.764132 1.319135 272.400000 0.028395 -4.619315
0.763859 1.318654 272.500000 -0.202713 -0.128166
0.763587 1.318171 272.600000 -0.208108 -0.027955
0.763315 1.317780 272.700000 -0.208465 -0.708888
0.763046 1.317312 272.800000 -0.242867 0.284727
0.762776 1.316998 272.900000 -0.227416 -0.958704
0.762510 1.316565 273.000000 -0.274214 -0.520589
0.762247 1.316273 273.100000 -0.298873 -1.017300
0.761991 1.316176 273.200000 -0.348244 -1.449822
0.761744 1.315701 273.300000 -0.418993 0.186444
0.761496 1.315505 273.400000 -0.407576 1.250495
0.761239 1.315032 273.500000 -0.343014 -0.199818
0.760984 1.314670 273.600000 -0.351289 -0.805252
0.760733 1.315017 273.700000 -0.389796 -2.128382
0.760500 1.314537 273.800000 -0.494266 0.003168
0.760267 1.314152 273.900000 -0.491636 -0.720146
0.760040 1.313700 274.000000 -0.525185 -0.388630
0.759816 1.314954 274.100000 -0.541991 -3.083138
0.759627 1.314563 274.200000 -0.693438 -0.697399
0.759446 1.315065 274.300000 -0.724840 -2.320533
0.759297 1.314754 274.400000 -0.837243 0.958444
0.759132 1.314303 274.500000 -0.785134 -0.390256
0.758973 1.313874 274.600000 -0.800722 0.522976
0.758805 1.313470 274.700000 -0.770569 -0.638258
0.758645 1.313550 274.800000 -0.798629 -1.751421
0.758510 1.313198 274.900000 -0.882207 0.832439
0.758362 1.312744 275.000000 -0.836174 0.353223
0.758207 1.312286 275.100000 -0.814332 0.325035
0.758046 1.311835 275.200000 -0.794009 -0.374954
0.757889 1.311966 275.300000 -0.808786 1.828610
0.757706 1.312222 275.400000 -0.713312 2.009879
0.757499 1.312091 275.500000 -0.609251 -1.378214
0.757307 1.313962 275.600000 -0.675116 -3.597328
0.757164 1.313657 275.700000 -0.851607 -0.972002
0.757035 1.313256 275.800000 -0.895949 0.644962
0.756894 1.312806 275.900000 -0.859221 0.378211
0.756746 1.313325 276.000000 -0.836014 2.342727
0.756565 1.312887 276.100000 -0.714698 0.457880
0.756377 1.312470 276.200000 -0.688230 -0.566393
0.756195 1.312086 276.300000 -0.713109 0.708955
0.756004 1.312357 276.400000 -0.674095 2.030737
0.755789 1.312248 276.500000 -0.569188 -1.421490
0.755589 1.311781 276.600000 -0.637417 -0.204815
0.755391 1.311308 276.700000 -0.644470 -0.076243
0.755194 1.310887 276.800000 -0.645060 0.536886
0.754989 1.310553 276.900000 -0.614991 0.879978
0.754775 1.310097 277.000000 -0.567917 0.303725
0.754557 1.310067 277.100000 -0.549891 1.565515
0.754325 1.310405 277.200000 -0.468866 2.120295
0.754076 1.310020 277.300000 -0.360507 0.696404
0.753824 1.309947 277.400000 -0.323884 1.488350
0.753563 1.309480 277.500000 -0.247847 0.172531
0.753302 1.309302 277.600000 -0.237981 1.277172
0.753036 1.309116 277.700000 -0.172933 1.256942
0.752767 1.308645 277.800000 -0.109221 0.071847
0.752499 1.308220 277.900000 -0.105082 -0.502804
0.752231 1.308129 278.000000 -0.129697 1.452642
0.751961 1.308618 278.100000 -0.056417 2.309572
0.751692 1.308307 278.200000 0.059344 0.943863
0.751424 1.307878 278.300000 0.106240 -0.477491
0.751155 1.307811 278.400000 0.081835 1.496913
0.750890 1.307406 278.500000 0.156271 -0.596755
0.750623 1.310004 278.600000 0.125652 -4.135268
0.750355 1.309847 278.700000 -0.081740 -1.319758
0.750090 1.309655 278.800000 -0.147319 -1.243726
0.749829 1.309296 278.900000 -0.208768 -0.784956
0.749571 1.308914 279.000000 -0.246972 0.698739
0.749311 1.308920 279.100000 -0.210801 -1.627656
0.749058 1.308454 279.200000 -0.291129 0.141223
0.748804 1.308061 279.300000 -0.282613 -0.647603
0.748554 1.309757 279.400000 -0.313580 3.478178
0.748289 1.310393 279.500000 -0.138103 2.484197
0.748022 1.310532 279.600000 -0.013203 1.843705
0.747755 1.310189 279.700000 0.079049 0.839160
0.747491 1.309725 279.800000 0.120611 0.153697
0.747227 1.309701 279.900000 0.127693 1.576739
0.746968 1.309553 280.000000 0.205892 1.337456
0.746714 1.309257 280.100000 0.271735 0.979905
0.746466 1.308811 280.200000 0.319372 0.345380
0.746220 1.308847 280.300000 0.335044 1.678652
0.745985 1.308696 280.400000 0.417301 1.331359
0.745760 1.308453 280.500000 0.481783 1.119690
0.745546 1.308011 280.600000 0.535358 0.368012
0.745334 1.307559 280.700000 0.551082 0.270740
0.745125 1.307099 280.800000 0.561864 0.176971
0.744917 1.306860 280.900000 0.567903 -1.127586
0.744698 1.307126 281.000000 0.508684 2.027407
0.744499 1.308315 281.100000 0.607511 -3.049938
0.744271 1.308357 281.200000 0.451977 -1.688730
0.744030 1.308687 281.300000 0.365280 -2.115793
0.743778 1.309092 281.400000 0.257664 -2.212418
0.743517 1.309362 281.500000 0.145755 -2.033939
0.743254 1.310270 281.600000 0.043329 -2.781097
0.742991 1.310280 281.700000 -0.095942 -1.636091
0.742733 1.309991 281.800000 -0.177267 -0.995497
0.742479 1.309629 281.900000 -0.226156 -0.761584
0.742228 1.309229 282.000000 -0.263104 -0.601132
0.741980 1.308786 282.100000 -0.291845 -0.346203
0.741734 1.308530 282.200000 -0.307696 1.081441
0.741483 1.308132 282.300000 -0.252086 0.610511
0.741229 1.309773 282.400000 -0.220300 3.447389
0.740967 1.310539 282.500000 -0.046829 2.636693
0.740706 1.310111 282.600000 0.085240 -0.445975
0.740445 1.312079 282.700000 0.062515 -3.708829
0.740186 1.311617 282.800000 -0.123239 0.097396
0.739927 1.311222 282.900000 -0.117753 -0.621359
0.739669 1.310794 283.000000 -0.148232 0.442871
0.739411 1.311190 283.100000 -0.125347 2.205823
0.739150 1.311252 283.200000 -0.014429 1.725459
0.738890 1.310803 283.300000 0.071916 0.275890
0.738631 1.311374 283.400000 0.085351 2.420368
0.738378 1.311132 283.500000 0.205942 -1.119403
0.738121 1.310811 283.600000 0.148942 -0.894085
0.737863 1.310527 283.700000 0.103493 -1.004862
0.737604 1.310350 283.800000 0.052733 1.270830
0.737346 1.310193 283.900000 0.116011 -1.314955
0.737087 1.310971 284.000000 0.049683 -2.653424
0.736829 1.310778 284.100000 -0.083237 -1.235650
0.736574 1.311446 284.200000 -0.144603 -2.533291
0.736328 1.312929 284.300000 -0.270545 -3.325103
0.736102 1.312771 284.400000 -0.435447 -1.314134
0.735887 1.313747 284.500000 -0.498976 -2.860386
0.735701 1.314436 284.600000 -0.639501 -2.559976
0.735545 1.314829 284.700000 -0.764302 -2.205593
0.735420 1.315422 284.800000 -0.870760 -2.451088
0.735333 1.315114 284.900000 -0.988961 -0.937635
0.735262 1.314654 285.000000 -1.030898 -0.053425
0.735189 1.314193 285.100000 -1.028415 -0.032506
0.735116 1.313900 285.200000 -1.024898 0.979586
0.735023 1.313569 285.300000 -0.970794 0.857648
0.734915 1.314584 285.400000 -0.923058 2.902592
0.734762 1.314655 285.500000 -0.773313 1.741276
0.734587 1.314248 285.600000 -0.682382 0.551220
0.734404 1.313892 285.700000 -0.651410 -0.771374
0.734230 1.314089 285.800000 -0.686721 -1.937818
0.734079 1.314007 285.900000 -0.780178 -1.469093
0.733949 1.313562 286.000000 -0.849732 0.287022
0.733813 1.314307 286.100000 -0.831132 2.624919
0.733641 1.313867 286.200000 -0.695731 0.329134
0.733465 1.313507 286.300000 -0.675796 -0.752587
0.733297 1.313723 286.400000 -0.710046 -1.965810
0.733154 1.313266 286.500000 -0.804786 0.096044
0.733009 1.312932 286.600000 -0.795960 0.843490
0.732851 1.312789 286.700000 -0.749806 1.342621
0.732676 1.312607 286.800000 -0.678926 -1.257491
0.732516 1.312293 286.900000 -0.738406 -0.907111
0.732367 1.312006 287.000000 -0.780069 -0.989127
0.732230 1.312683 287.100000 -0.825625 2.552057
0.732059 1.312530 287.200000 -0.693894 1.321215
0.731872 1.312074 287.300000 -0.624364 0.065935
0.731684 1.311636 287.400000 -0.617945 0.327622
0.731492 1.311879 287.500000 -0.598475 2.004578
0.731280 1.311429 287.600000 -0.495253 0.184173
0.731067 1.311363 287.700000 -0.483568 1.498357
0.730842 1.311248 287.800000 -0.406233 1.399895
0.730607 1.311075 287.900000 -0.334207 -1.276461
0.730381 1.310621 288.000000 -0.396359 0.051443
0.730154 1.310893 288.100000 -0.391805 -2.046718
0.729943 1.310805 288.200000 -0.492182 1.454457
0.729720 1.312068 288.300000 -0.416998 3.147066
0.729478 1.312147 288.400000 -0.257560 1.755789
0.729231 1.311831 288.500000 -0.168482 0.895345
0.728981 1.311388 288.600000 -0.122873 -0.250139
0.728731 1.310969 288.700000 -0.134765 -0.453188
0.728483 1.310698 288.800000 -0.156751 -1.026890
0.728239 1.310261 288.900000 -0.207312 0.310669
0.727993 1.311865 289.000000 -0.190742 3.448662
0.727741 1.312045 289.100000 -0.017355 1.914504
0.727491 1.311680 289.200000 0.078457 -0.717426
0.727240 1.311514 289.300000 0.042194 1.288452
0.726991 1.312077 289.400000 0.106405 -2.425300
0.726740 1.311632 289.500000 -0.015392 -0.222637
0.726489 1.311522 289.600000 -0.026447 1.408275
0.726239 1.311244 289.700000 0.044099 1.007310
0.725990 1.310918 289.800000 0.094244 0.854010
0.725742 1.310469 289.900000 0.136474 0.146307
0.725496 1.310328 290.000000 0.143106 1.340937
0.725253 1.309894 290.100000 0.209438 0.320437
0.725012 1.309448 290.200000 0.224412 -0.171277
0.724771 1.308998 290.300000 0.214727 -0.102101
0.724529 1.308746 290.400000 0.208548 1.074232
0.724291 1.309222 290.500000 0.261217 2.319433
0.724066 1.310540 290.600000 0.375882 3.206591
0.723866 1.310154 290.700000 0.534332 -0.613011
0.723660 1.312508 290.800000 0.501010 -4.039295
0.723427 1.316079 290.900000 0.296540 -4.838404
0.723179 1.317186 291.000000 0.053138 -3.012357
0.722932 1.317487 291.100000 -0.097746 -2.094504
0.722691 1.317409 291.200000 -0.201982 -1.478199
0.722456 1.316973 291.300000 -0.274882 -0.305376
0.722222 1.316880 291.400000 -0.288777 -1.446619
0.721997 1.316972 291.500000 -0.359664 -1.779578
0.721784 1.316587 291.600000 -0.446845 -0.622427
0.721575 1.319127 291.700000 -0.475732 -4.178434
0.721408 1.318829 291.800000 -0.682275 -0.947789
0.721251 1.318426 291.900000 -0.726253 -0.533908
0.721100 1.317976 292.000000 -0.749317 0.059601
0.720948 1.317874 292.100000 -0.742590 -1.429271
0.720813 1.317559 292.200000 -0.810341 -0.891592
0.720691 1.317310 292.300000 -0.850869 -1.084637
0.720583 1.316966 292.400000 -0.900846 -0.789386
0.720486 1.316518 292.500000 -0.935811 -0.122199
0.720390 1.316510 292.600000 -0.937242 -1.607827
0.720319 1.316062 292.700000 -1.012947 -0.097378
0.720249 1.315686 292.800000 -1.012752 -0.654818
0.720187 1.315409 292.900000 -1.040429 -1.004278
0.720143 1.316942 293.000000 -1.085440 -3.408638
0.720164 1.316589 293.100000 -1.250445 0.749891
0.720166 1.316141 293.200000 -1.206698 -0.033777
0.720167 1.315904 293.300000 -1.202354 1.115792
0.720144 1.315512 293.400000 -1.140552 0.572616
0.720107 1.315755 293.500000 -1.106219 2.015131
0.720032 1.317142 293.600000 -0.999931 3.283243
0.719904 1.318253 293.700000 -0.830769 3.026484
0.719737 1.318078 293.800000 -0.675291 1.269340
0.719555 1.318198 293.900000 -0.608448 -1.827874
0.719393 1.317760 294.000000 -0.696799 0.241788
0.719227 1.317313 294.100000 -0.681226 -0.056118
0.719061 1.318259 294.200000 -0.680626 -2.864250
0.718932 1.318423 294.300000 -0.820435 -1.899019
0.718828 1.317987 294.400000 -0.911284 0.253830
0.718720 1.317592 294.500000 -0.894036 -0.555539
0.718619 1.317169 294.600000 -0.917343 -0.382374
0.718522 1.316747 294.700000 -0.931875 0.377849
0.718419 1.318807 294.800000 -0.908323 3.844903
0.718261 1.318939 294.900000 -0.711536 1.848255
0.718082 1.318595 295.000000 -0.615566 0.781413
0.717894 1.318149 295.100000 -0.573417 0.046235
0.717706 1.317985 295.200000 -0.568238 -1.291238
0.717530 1.317547 295.300000 -0.629959 -0.217623
0.717356 1.317150 295.400000 -0.637690 -0.541362
0.717187 1.316737 295.500000 -0.661570 0.436303
0.717013 1.316559 295.600000 -0.636447 1.257674
0.716826 1.316849 295.700000 -0.570381 2.085177
0.716620 1.317103 295.800000 -0.463270 2.034240
0.716400 1.316674 295.900000 -0.359242 0.300388
0.716177 1.316241 296.000000 -0.342426 0.265381
0.715954 1.315902 296.100000 -0.327445 0.789546
0.715726 1.315501 296.200000 -0.286331 0.507937
0.715496 1.315275 296.300000 -0.259502 1.135811
0.715261 1.316319 296.400000 -0.201414 2.970671
0.715021 1.315885 296.500000 -0.051873 0.238825
0.714780 1.315831 296.600000 -0.039673 -1.520696
0.714541 1.315497 296.700000 -0.115509 -0.803887
0.714305 1.315821 296.800000 -0.155126 -2.134895
0.714076 1.315455 296.900000 -0.261095 -0.674420
0.713850 1.315119 297.000000 -0.293511 0.798153
0.713620 1.314838 297.100000 -0.252136 0.977864
0.713387 1.314573 297.200000 -0.201982 1.026694
0.713151 1.314159 297.300000 -0.149637 0.409746
0.712914 1.314192 297.400000 -0.128402 1.680785
0.712675 1.313779 297.500000 -0.043720 0.411327
0.712436 1.314886 297.600000 -0.022935 -3.036192
0.712202 1.315938 297.700000 -0.174630 -2.982184
0.711980 1.316334 297.800000 -0.322866 -2.234064
0.711772 1.315908 297.900000 -0.432955 -0.306890
0.711567 1.315853 298.000000 -0.446135 1.519586
0.711351 1.315607 298.100000 -0.367925 -1.077010
0.711142 1.315693 298.200000 -0.419936 -1.773953
0.710947 1.315409 298.300000 -0.506534 -0.967530
0.710760 1.315663 298.400000 -0.552378 -2.035638
0.710593 1.315349 298.500000 -0.651398 -0.871521
0.710435 1.314914 298.600000 -0.691717 0.183771
0.710274 1.316235 298.700000 -0.679069 3.243563
0.710081 1.315814 298.800000 -0.513496 0.343604
0.709884 1.315387 298.900000 -0.493748 -0.278051
0.709690 1.315519 299.000000 -0.505182 -1.849877
0.709512 1.316420 299.100000 -0.595150 -2.832465
0.709364 1.316104 299.200000 -0.733798 0.858268
0.709206 1.315809 299.300000 -0.687215 0.930574
0.709037 1.315737 299.400000 -0.637250 1.484768
0.708853 1.315391 299.500000 -0.559826 -0.745601
0.708675 1.315010 299.600000 -0.594307 0.590603
0.708492 1.314596 299.700000 -0.561805 -0.379952
0.708311 1.314471 299.800000 -0.577994 1.370558
0.708118 1.314063 299.900000 -0.506576 -0.426452
0.707928 1.313660 300.000000 -0.525365 -0.459477
0.707742 1.313335 300.100000 -0.545712 0.820942
0.707548 1.312919 300.200000 -0.501937 0.362348
0.707351 1.314602 300.300000 -0.481310 3.568443
0.707131 1.315747 300.400000 -0.300481 3.084624
0.706899 1.315449 300.500000 -0.144747 -0.914187
0.706670 1.315131 300.600000 -0.189733 -0.850014
0.706444 1.314726 300.700000 -0.231285 0.438933
0.706216 1.314357 300.800000 -0.208182 -0.637511
0.705991 1.315146 300.900000 -0.239017 -2.716194
0.705780 1.315500 301.000000 -0.373631 -2.182667
0.705584 1.318220 301.100000 -0.480896 -4.360913
0.705430 1.318646 301.200000 -0.696538 -2.281647
0.705304 1.318218 301.300000 -0.807137 -0.236288
0.705180 1.317991 301.400000 -0.814916 1.126593
0.705041 1.317671 301.500000 -0.754512 -0.838308
0.704911 1.317264 301.600000 -0.792655 -0.424328
0.704786 1.316925 301.700000 -0.809908 0.767286
0.704650 1.316743 301.800000 -0.767494 1.238102
0.704499 1.317412 301.900000 -0.701751 2.583662
0.704319 1.318938 302.000000 -0.569059 3.442707
0.704112 1.319953 302.100000 -0.394079 2.962629
0.703889 1.319528 302.200000 -0.243977 0.258235
0.703665 1.319102 302.300000 -0.229845 -0.249897
0.703442 1.318666 302.400000 -0.241191 0.052435
0.703218 1.319142 302.500000 -0.237363 2.348821
0.702988 1.318958 302.600000 -0.118735 -1.234067
0.702762 1.318595 302.700000 -0.179845 -0.666479
0.702537 1.318280 302.800000 -0.212270 0.853333
0.702310 1.317887 302.900000 -0.168542 0.500776
0.702082 1.317855 303.000000 -0.142660 -1.564060
0.701858 1.317730 303.100000 -0.220150 -1.369046
0.701640 1.317757 303.200000 -0.287501 -1.673270
0.701431 1.317325 303.300000 -0.369728 -0.133799
0.701223 1.317034 303.400000 -0.374569 0.929229
0.701010 1.316717 303.500000 -0.326235 -0.843839
0.700801 1.316652 303.600000 -0.366795 -1.495558
0.700603 1.319048 303.700000 -0.439739 -4.146089
0.700440 1.319996 303.800000 -0.644845 -2.898716
0.700312 1.321175 303.900000 -0.786557 -3.131650
0.700226 1.322304 304.000000 -0.939206 -3.083535
0.700191 1.323065 304.100000 -1.088687 -2.697412
0.700205 1.322767 304.200000 -1.218114 -0.912291
0.700235 1.322444 304.300000 -1.257638 -0.822818
0.700279 1.322576 304.400000 -1.292491 -1.856992
0.700361 1.322223 304.500000 -1.378878 0.707046
0.700424 1.321877 304.600000 -1.336631 0.732409
0.700469 1.322132 304.700000 -1.293328 2.048727
0.700469 1.322184 304.800000 -1.184425 1.720808
0.700435 1.321755 304.900000 -1.092462 -0.162836
0.700402 1.321322 305.000000 -1.095142 -0.008487
0.700368 1.322071 305.100000 -1.090090 -2.685978
0.700381 1.321731 305.200000 -1.218939 -0.754546
0.700408 1.321555 305.300000 -1.250571 -1.252898
0.700458 1.321677 305.400000 -1.306963 -1.839811
0.700546 1.321261 305.500000 -1.392419 0.322333
0.700624 1.320835 305.600000 -1.369340 -0.186783
0.700703 1.320705 305.700000 -1.371833 1.360029
0.700748 1.321056 305.800000 -1.296972 2.187289
0.700747 1.320823 305.900000 -1.181123 1.103998
0.700723 1.321431 306.000000 -1.120017 2.522503
0.700654 1.321422 306.100000 -0.988292 1.608318
0.700558 1.321945 306.200000 -0.902935 2.418947
0.700428 1.321607 306.300000 -0.777473 -0.755332
0.700307 1.321822 306.400000 -0.811352 -1.990607
0.700213 1.321691 306.500000 -0.906825 -1.356634
0.700138 1.321264 306.600000 -0.970123 -0.158791
0.700064 1.320890 306.700000 -0.973212 -0.589800
0.699998 1.320558 306.800000 -0.997836 -0.774066
0.699944 1.320371 306.900000 -1.031550 -1.222906
0.699908 1.320374 307.000000 -1.087538 -1.630725
0.699901 1.320052 307.100000 -1.163636 -0.812246
0.699907 1.320648 307.200000 -1.198430 -2.510789
0.699962 1.320333 307.300000 -1.317978 -0.839770
0.700032 1.321334 307.400000 -1.353376 -2.965882
0.700167 1.320936 307.500000 -1.494903 -0.442405
0.700310 1.321147 307.600000 -1.509549 1.984245
0.700402 1.320768 307.700000 -1.402789 0.558678
0.700479 1.321561 307.800000 -1.367841 2.742831
0.700494 1.321535 307.900000 -1.223861 1.575589
0.700478 1.321283 308.000000 -1.138962 -1.045917
0.700478 1.320861 308.100000 -1.185563 0.200089
0.700473 1.320436 308.200000 -1.169631 0.131352
0.700463 1.320357 308.300000 -1.157215 -1.469569
0.700479 1.320104 308.400000 -1.224907 -1.037836
0.700514 1.319875 308.500000 -1.270675 -1.108087
0.700569 1.319473 308.600000 -1.319725 0.391484
0.700613 1.319477 308.700000 -1.293553 -1.632169
0.700689 1.320781 308.800000 -1.368693 -3.270811
0.700839 1.320824 308.900000 -1.525390 -1.704150
0.701028 1.320407 309.000000 -1.602971 0.261137
0.701206 1.320257 309.100000 -1.581899 -1.307488
0.701414 1.319989 309.200000 -1.639364 -0.993500
0.701644 1.319984 309.300000 -1.680842 1.613733
0.701826 1.319663 309.400000 -1.591751 -0.810206
0.702026 1.319244 309.500000 -1.624303 0.216332
0.702215 1.318888 309.600000 -1.605365 0.654958
0.702383 1.318597 309.700000 -1.564590 -0.913638
0.702571 1.318381 309.800000 -1.602449 1.139205
0.702726 1.317972 309.900000 -1.537477 -0.320382
0.702884 1.317709 310.000000 -1.545808 1.002847
0.703015 1.317306 310.100000 -1.487937 0.367743
0.703133 1.317149 310.200000 -1.462110 1.289340
0.703217 1.316987 310.300000 -1.390333 1.275826
0.703271 1.316810 310.400000 -1.319590 -1.238371
0.703349 1.316527 310.500000 -1.374910 0.936810
0.703404 1.316898 310.600000 -1.321195 2.221564
0.703410 1.316514 310.700000 -1.203511 0.498502
0.703405 1.316377 310.800000 -1.172568 -1.333153
0.703424 1.315995 310.900000 -1.233363 0.509639
0.703430 1.315642 311.000000 -1.201714 0.661175
0.703421 1.315246 311.100000 -1.162647 -0.406226
0.703417 1.314948 311.200000 -1.177145 -0.881440
0.703429 1.314912 311.300000 -1.215331 1.550058
0.703408 1.314534 311.400000 -1.131752 -0.526417
0.703396 1.314514 311.500000 -1.152414 -1.582898
0.703411 1.314120 311.600000 -1.225797 -0.416640
0.703432 1.313715 311.700000 -1.240500 -0.311733
0.703457 1.313307 311.800000 -1.249884 0.288921
0.703474 1.312891 311.900000 -1.229188 0.184582
0.703485 1.312484 312.000000 -1.213813 0.283554
0.703487 1.312084 312.100000 -1.193567 0.362414
0.703481 1.312371 312.200000 -1.169478 -2.100849
0.703514 1.312532 312.300000 -1.268673 -1.906206
0.703583 1.312172 312.400000 -1.357640 -0.610221
0.703663 1.311880 312.500000 -1.381363 -0.895995
0.703760 1.311979 312.600000 -1.419256 -1.799686
0.703896 1.312566 312.700000 -1.502144 -2.509496
0.704091 1.312698 312.800000 -1.620108 -1.858678
0.704330 1.312882 312.900000 -1.704941 -1.942418
0.704619 1.313091 313.000000 -1.793538 -1.984646
0.704960 1.313146 313.100000 -1.883802 1.723107
0.705246 1.313986 313.200000 -1.788228 -2.808859
0.705609 1.313839 313.300000 -1.919730 -1.306952
0.706006 1.313633 313.400000 -1.975479 1.155995
0.706361 1.314712 313.500000 -1.907801 3.065088
0.706621 1.314859 313.600000 -1.745008 1.883475
0.706826 1.315342 313.700000 -1.642109 2.380102
0.706966 1.315835 313.800000 -1.514893 2.392105
0.707048 1.315417 313.900000 -1.387714 -0.094446
0.707128 1.315233 314.000000 -1.385498 1.213673
0.707179 1.315904 314.100000 -1.317886 2.617345
0.707176 1.317717 314.200000 -1.180430 3.745384
0.707106 1.319561 314.300000 -0.987258 3.771685
0.706982 1.319872 314.400000 -0.793738 2.144756
0.706831 1.319461 314.500000 -0.682531 0.220457
0.706677 1.320006 314.600000 -0.668096 -2.463786
0.706551 1.319741 314.700000 -0.787945 -0.986120
0.706437 1.320163 314.800000 -0.833311 -2.301800
0.706354 1.320375 314.900000 -0.944234 -1.994616
0.706302 1.319981 315.000000 -1.039244 0.395569
0.706241 1.319823 315.100000 -1.014269 -1.282632
0.706199 1.319433 315.200000 -1.073330 -0.422001
0.706164 1.321074 315.300000 -1.089063 3.603997
0.706069 1.321881 315.400000 -0.903418 2.781113
0.705937 1.322977 315.500000 -0.759845 3.092640
0.705770 1.322667 315.600000 -0.601414 0.829355
0.705596 1.323716 315.700000 -0.556939 3.044621
0.705398 1.323360 315.800000 -0.401923 -0.631691
0.705205 1.324414 315.900000 -0.431498 3.050548
0.704994 1.324025 316.000000 -0.276813 -0.433538
0.704785 1.323905 316.100000 -0.297106 -1.375085
0.704583 1.323526 316.200000 -0.364375 -0.500020
0.704384 1.324116 316.300000 -0.387554 2.526882
0.704172 1.324317 316.400000 -0.259272 1.978894
0.703953 1.324514 316.500000 -0.159031 1.973901
0.703732 1.324097 316.600000 -0.059541 0.102857
0.703510 1.323679 316.700000 -0.054101 0.018653
0.703288 1.324224 316.800000 -0.052897 -2.469141
0.703072 1.323962 316.900000 -0.176090 -0.995369
0.702858 1.323833 317.000000 -0.224978 1.352236
0.702640 1.323566 317.100000 -0.156241 0.975578
0.702420 1.323155 317.200000 -0.106681 0.196652
0.702201 1.322741 317.300000 -0.096315 0.148656
0.701981 1.322380 317.400000 -0.088401 0.593364
0.701760 1.322356 317.500000 -0.058290 1.577956
0.701539 1.322118 317.600000 0.020899 1.065677
0.701319 1.321957 317.700000 0.074078 -1.273354
0.701099 1.321707 317.800000 0.010040 -1.027303
0.700879 1.321292 317.900000 -0.041375 0.011608
0.700659 1.320877 318.000000 -0.040588 -0.043109
0.700439 1.320473 318.100000 -0.042541 0.269225
0.700219 1.320899 318.200000 -0.028867 -2.313604
0.700002 1.321543 318.300000 -0.144403 -2.596863
0.699794 1.321217 318.400000 -0.273524 0.752949
0.699583 1.321203 318.500000 -0.234509 1.598280
0.699367 1.320918 318.600000 -0.153422 0.906883
0.699150 1.321549 318.700000 -0.107311 2.582047
0.698930 1.321447 318.800000 0.022328 1.411838
0.698713 1.321789 318.900000 0.092808 2.196765
0.698500 1.322318 319.000000 0.202183 -2.452990
0.698282 1.322368 319.100000 0.078522 -1.720827
0.698064 1.322319 319.200000 -0.007912 -1.527010
0.697846 1.322191 319.300000 -0.084223 -1.352854
0.697631 1.321960 319.400000 -0.151444 -1.079629
0.697420 1.321784 319.500000 -0.204669 -1.233105
0.697212 1.321503 319.600000 -0.265300 0.919740
0.697002 1.321168 319.700000 -0.217987 0.706352
0.696789 1.320856 319.800000 -0.181579 -0.807163
0.696579 1.320495 319.900000 -0.221030 0.576138
0.696367 1.320117 320.000000 -0.191118 -0.463706
0.696157 1.319804 320.100000 -0.213347 0.798426
0.695944 1.319473 320.200000 -0.172359 -0.723565
0.695734 1.319117 320.300000 -0.207676 -0.595971
0.695525 1.318827 320.400000 -0.236436 -0.881305
0.695320 1.319604 320.500000 -0.279319 -2.761265
0.695131 1.321047 320.600000 -0.415986 -3.448409
0.694968 1.320638 320.700000 -0.586326 -0.140431
0.694805 1.320227 320.800000 -0.590416 -0.009805
0.694643 1.320017 320.900000 -0.587954 1.136722
0.694470 1.319611 321.000000 -0.528178 -0.194029
0.694298 1.319304 321.100000 -0.535239 -0.813973
0.694133 1.319529 321.200000 -0.573261 2.020828
0.693951 1.319230 321.300000 -0.469354 -0.849520
0.693776 1.319360 321.400000 -0.509483 -1.863219
0.693616 1.319320 321.500000 -0.600096 -1.544286
0.693471 1.320137 321.600000 -0.674310 2.809229
0.693300 1.320326 321.700000 -0.530477 1.964693
0.693113 1.319988 321.800000 -0.429590 -0.681327
0.692931 1.319611 321.900000 -0.461509 0.460080
0.692745 1.319384 322.000000 -0.436197 1.082635
0.692552 1.319104 322.100000 -0.379884 0.914452
0.692355 1.319332 322.200000 -0.332262 2.026675
0.692148 1.319017 322.300000 -0.229267 0.779411
0.691939 1.318677 322.400000 -0.189150 0.667841
0.691728 1.318279 322.500000 -0.154813 0.259560
0.691517 1.318684 322.600000 -0.141061 2.292150
0.691303 1.318591 322.700000 -0.025748 1.427872
0.691089 1.319026 322.800000 0.045775 2.333404
0.690879 1.320554 322.900000 0.162216 3.536395
0.690683 1.321169 323.000000 0.338225 2.572093
0.690503 1.320795 323.100000 0.465138 0.476992
0.690326 1.320392 323.200000 0.486662 0.178796
0.690150 1.320267 323.300000 0.493168 -1.353583
0.689964 1.320404 323.400000 0.423023 1.879234
0.689792 1.320025 323.500000 0.514870 0.432655
0.689623 1.319815 323.600000 0.533928 -1.132372
0.689445 1.320055 323.700000 0.474640 2.047514
0.689283 1.320259 323.800000 0.574643 1.989540
0.689140 1.319973 323.900000 0.671246 0.886597
0.689005 1.319572 324.000000 0.712220 0.202790
0.688873 1.319165 324.100000 0.718799 -0.020417
0.688739 1.319299 324.200000 0.714184 1.873036
0.688626 1.320788 324.300000 0.804265 3.506963
0.688561 1.320640 324.400000 0.975591 -1.296760
0.688475 1.320391 324.500000 0.905875 1.011776
0.688402 1.320058 324.600000 0.951935 0.693890
0.688339 1.319834 324.700000 0.981870 -1.087950
0.688258 1.319895 324.800000 0.922563 -1.742593
0.688152 1.319621 324.900000 0.830820 -0.925504
0.688034 1.319367 325.000000 0.780391 0.994015
0.687928 1.319138 325.100000 0.826190 -1.071934
0.687807 1.319161 325.200000 0.768462 -1.670730
0.687667 1.319307 325.300000 0.681083 -1.894482
0.687508 1.320754 325.400000 0.582954 -3.472734
0.687322 1.321356 325.500000 0.406402 -2.561089
0.687123 1.321288 325.600000 0.276316 -1.483240
0.686918 1.320989 325.700000 0.200772 0.833848
0.686716 1.321045 325.800000 0.241461 1.733467
0.686522 1.320961 325.900000 0.326927 -1.447990
0.686321 1.320560 326.000000 0.252893 -0.156358
0.686120 1.320218 326.100000 0.243810 0.642183
0.685921 1.319820 326.200000 0.274700 0.207857
0.685723 1.319475 326.300000 0.283720 0.622018
0.685528 1.319079 326.400000 0.313402 -0.220629
0.685332 1.318683 326.500000 0.300804 -0.229148
0.685135 1.318396 326.600000 0.287842 -0.872497
0.684935 1.319191 326.700000 0.242778 -2.799373
0.684727 1.319694 326.800000 0.101596 -2.434698
0.684517 1.319326 326.900000 -0.020647 -0.482093
0.684308 1.319226 327.000000 -0.044649 -1.408943
0.684101 1.318860 327.100000 -0.114873 0.494198
0.683894 1.319252 327.200000 -0.089588 2.280887
0.683685 1.318866 327.300000 0.024904 -0.327204
0.683476 1.318468 327.400000 0.008419 0.172891
0.683267 1.318238 327.500000 0.017022 1.065260
0.683060 1.318413 327.600000 0.070200 1.944180
0.682856 1.318189 327.700000 0.167058 1.083075
0.682655 1.318316 327.800000 0.220376 -1.862179
0.682449 1.318319 327.900000 0.126165 -1.629954
0.682241 1.317922 328.000000 0.044037 0.181696
0.682034 1.317663 328.100000 0.052901 0.965100
0.681828 1.318066 328.200000 0.100892 2.299027
0.681627 1.318218 328.300000 0.215339 1.905382
0.681434 1.318404 328.400000 0.309531 1.964362
0.681252 1.318048 328.500000 0.406202 0.548012
0.681073 1.317740 328.600000 0.431571 0.781425
0.680899 1.317525 328.700000 0.468485 1.104401
0.680734 1.317255 328.800000 0.521362 0.928420
0.680575 1.316861 328.900000 0.565176 -0.191736
0.680415 1.317014 329.000000 0.552764 -1.907892
0.680239 1.316776 329.100000 0.454605 -1.034782
0.680057 1.316704 329.200000 0.400593 1.469895
0.679885 1.316309 329.300000 0.472085 0.177388
0.679713 1.315912 329.400000 0.478594 -0.130977
0.679540 1.315586 329.500000 0.469652 -0.690454
0.679363 1.315300 329.600000 0.432781 -0.864301
0.679179 1.315902 329.700000 0.387402 -2.569841
0.678984 1.315707 329.800000 0.256973 1.160611
0.678793 1.315992 329.900000 0.313719 2.124039
0.678614 1.317211 330.000000 0.418352 3.267821
0.678459 1.316822 330.100000 0.579652 0.247621
0.678306 1.318586 330.200000 0.589134 -3.779788
0.678125 1.319554 330.300000 0.397199 -3.005614
0.677929 1.319514 330.400000 0.244933 -1.542684
0.677728 1.319175 330.500000 0.166574 -0.629091
0.677525 1.318789 330.600000 0.134286 -0.293686
0.677323 1.318675 330.700000 0.118931 1.371591
0.677123 1.318280 330.800000 0.186915 0.151789
0.676924 1.317915 330.900000 0.193570 0.469106
0.676727 1.317524 331.000000 0.216058 -0.214046
0.676529 1.317541 331.100000 0.204275 1.658197
0.676337 1.317569 331.200000 0.286164 1.679770
0.676154 1.318516 331.300000 0.368721 2.985006
0.675990 1.318501 331.400000 0.516128 1.593281
0.675839 1.318722 331.500000 0.593211 2.024720
0.675707 1.318397 331.600000 0.691481 -0.697819
0.675568 1.318682 331.700000 0.653133 2.127310
0.675451 1.318289 331.800000 0.756233 0.165247
0.675334 1.317933 331.900000 0.760714 -0.522578
0.675211 1.317553 332.000000 0.730782 -0.335396
0.675084 1.317290 332.100000 0.710358 0.943272
0.674966 1.316914 332.200000 0.753970 0.368428
0.674852 1.316667 332.300000 0.768621 0.995900
0.674749 1.317023 332.400000 0.814573 2.235886
0.674674 1.317413 332.500000 0.922295 2.287130
0.674631 1.317784 332.600000 1.032040 2.258570
0.674624 1.317611 332.700000 1.139808 1.217329
0.674636 1.317225 332.800000 1.194975 -0.254803
0.674641 1.316876 332.900000 1.176260 0.558422
0.674654 1.316954 333.000000 1.198300 -1.776088
0.674634 1.316616 333.100000 1.103504 -0.618910
0.674602 1.316421 333.200000 1.067041 -1.154734
0.674551 1.316666 333.300000 1.003969 -2.065241
0.674469 1.316391 333.400000 0.895687 -0.892686
0.674375 1.316076 333.500000 0.846575 -0.727846
0.674270 1.315701 333.600000 0.805949 -0.358427
0.674160 1.318252 333.700000 0.783998 -4.434595
0.674005 1.318807 333.800000 0.558349 -2.518862
0.673830 1.319665 333.900000 0.429614 -2.893054
0.673641 1.319397 334.000000 0.282813 -0.919222
0.673447 1.320340 334.100000 0.235438 -2.989933
0.673247 1.320273 334.200000 0.084764 -1.482418
0.673046 1.320048 334.300000 0.010219 -1.063835
0.672845 1.320752 334.400000 -0.043024 -2.711642
0.672648 1.321463 334.500000 -0.178391 -2.720450
0.672462 1.321102 334.600000 -0.313521 -0.471104
0.672278 1.320707 334.700000 -0.335509 0.042177
0.672094 1.320444 334.800000 -0.331722 -0.934749
0.671914 1.320224 334.900000 -0.376801 -1.080872
0.671741 1.319884 335.000000 -0.428961 -0.601932
0.671572 1.319503 335.100000 -0.456913 -0.300165
0.671405 1.319110 335.200000 -0.469636 -0.039100
0.671237 1.318718 335.300000 -0.469243 0.087872
0.671069 1.318342 335.400000 -0.462503 -0.336345
0.670903 1.319970 335.500000 -0.477008 -3.683270
0.670768 1.320055 335.600000 -0.658786 -1.791348
0.670651 1.320584 335.700000 -0.745060 -2.488450
0.670563 1.320267 335.800000 -0.865757 0.716045
0.670465 1.319884 335.900000 -0.825626 0.251321
0.670362 1.319563 336.000000 -0.808932 0.698615
0.670251 1.319943 336.100000 -0.769956 2.278507
0.670115 1.319616 336.200000 -0.652181 0.661030
0.669972 1.319620 336.300000 -0.615869 1.633189
0.669815 1.319457 336.400000 -0.531130 1.243044
0.669648 1.319076 336.500000 -0.466322 0.268904
0.669480 1.318768 336.600000 -0.450545 -0.752454
0.669316 1.318516 336.700000 -0.485915 0.969959
0.669145 1.318146 336.800000 -0.434988 0.379642
0.668972 1.318077 336.900000 -0.413831 1.472473
0.668791 1.317726 337.000000 -0.338138 0.522415
0.668607 1.317345 337.100000 -0.310327 -0.256401
0.668424 1.316964 337.200000 -0.321595 0.254218
0.668240 1.317023 337.300000 -0.307276 1.740350
0.668049 1.316652 337.400000 -0.218722 0.366007
0.667857 1.316312 337.500000 -0.199328 0.576647
0.667663 1.315925 337.600000 -0.169499 0.145144
0.667469 1.316136 337.700000 -0.161395 2.013663
0.667272 1.315879 337.800000 -0.059905 0.946477
0.667075 1.315799 337.900000 -0.012281 1.446662
0.666878 1.315634 338.000000 0.060113 1.230587
0.666683 1.315626 338.100000 0.121342 1.606691
0.666492 1.315376 338.200000 0.201070 0.969417
0.666304 1.315273 338.300000 0.248535 -1.388747
0.666112 1.315252 338.400000 0.177855 1.579160
0.665925 1.315987 338.500000 0.255924 2.757678
0.665751 1.316713 338.600000 0.392528 2.747782
0.665596 1.318402 338.700000 0.527955 3.751831
0.665474 1.318081 338.800000 0.712907 0.681691
0.665360 1.318000 338.900000 0.743427 1.443664
0.665261 1.317806 339.000000 0.811893 1.149045
0.665175 1.317455 339.100000 0.865285 0.503628
0.665095 1.317209 339.200000 0.886140 0.982536
0.665026 1.318408 339.300000 0.930837 3.282376
0.665005 1.318115 339.400000 1.090301 0.803662
0.664996 1.317737 339.500000 1.125033 -0.267936
0.664980 1.317380 339.600000 1.106011 0.456517
0.664970 1.317096 339.700000 1.123307 0.839441
0.664972 1.316804 339.800000 1.159662 0.808291
0.664987 1.317231 339.900000 1.194278 2.352010
0.665042 1.318514 340.000000 1.305907 3.371134
0.665163 1.318258 340.100000 1.467934 0.945676
0.665302 1.317891 340.200000 1.507879 -0.374563
0.665429 1.317644 340.300000 1.481611 0.977021
0.665574 1.318413 340.400000 1.523054 2.805559
0.665781 1.318403 340.500000 1.655717 1.603321
0.666023 1.318749 340.600000 1.727604 2.233790
0.666320 1.318363 340.700000 1.830656 0.081355
0.666613 1.318274 340.800000 1.825570 -1.426284
0.666864 1.319605 340.900000 1.745128 -3.421967
0.667028 1.319228 341.000000 1.565304 -0.268357
0.667182 1.318844 341.100000 1.544060 0.110150
0.667334 1.318462 341.200000 1.541847 0.173931
0.667488 1.318080 341.300000 1.542834 -0.166693
0.667633 1.318953 341.400000 1.526785 -2.933439
0.667714 1.320893 341.500000 1.372480 -3.985920
0.667717 1.321881 341.600000 1.166321 -3.065579
0.667670 1.323072 341.700000 1.007211 -3.284191
0.667578 1.322688 341.800000 0.837965 -0.120570
0.667483 1.322987 341.900000 0.827747 2.166298
0.667415 1.322607 342.000000 0.931923 -0.215604
0.667342 1.322689 342.100000 0.916483 1.790341
0.667294 1.322305 342.200000 1.001418 0.140427
0.667246 1.321960 342.300000 1.003432 -0.530121
0.667189 1.321788 342.400000 0.971909 1.211014
0.667148 1.321442 342.500000 1.027600 0.518393
0.667114 1.321298 342.600000 1.048382 1.287494
0.667098 1.322356 342.700000 1.107514 3.145656
0.667135 1.322235 342.800000 1.259260 -1.347225
0.667145 1.322095 342.900000 1.185602 -1.298559
0.667132 1.324029 343.000000 1.114746 -3.989377
0.667058 1.326257 343.100000 0.909703 -4.235279
0.666934 1.329499 343.200000 0.693391 -4.991185
0.666768 1.329779 343.300000 0.440365 -2.140780
0.666590 1.332425 343.400000 0.331124 -4.564743
0.666397 1.334657 343.500000 0.101231 -4.243337
0.666205 1.334633 343.600000 -0.111442 -1.582426
0.666017 1.335839 343.700000 -0.190006 -3.310801
0.665841 1.335653 343.800000 -0.354596 -1.179196
0.665672 1.335297 343.900000 -0.411783 -0.473416
0.665506 1.335092 344.000000 -0.433395 -1.123178
0.665347 1.334739 344.100000 -0.487387 -0.491799
0.665192 1.334595 344.200000 -0.509540 1.294437
0.665027 1.334932 344.300000 -0.442270 -2.233014
0.664878 1.335740 344.400000 -0.551709 -2.870243
0.664755 1.335883 344.500000 -0.692463 -1.912778
0.664651 1.335604 344.600000 -0.784640 -0.866163
0.664557 1.335740 344.700000 -0.824025 -1.899399
0.664486 1.336026 344.800000 -0.914874 -2.154966
0.664443 1.335640 344.900000 -1.018048 0.094036
0.664398 1.335683 345.000000 -1.008256 1.722675
0.664327 1.335917 345.100000 -0.917081 2.069907
0.664230 1.337453 345.200000 -0.809001 3.644120
0.664094 1.338811 345.300000 -0.622750 3.472362
0.663930 1.338444 345.400000 -0.446018 0.380724
0.663764 1.338193 345.500000 -0.424751 0.968599
0.663592 1.337847 345.600000 -0.374198 -0.534097
0.663424 1.337817 345.700000 -0.399032 -1.571393
0.663264 1.337458 345.800000 -0.475606 -0.436777
0.663108 1.337245 345.900000 -0.495067 -1.095145
0.662960 1.336926 346.000000 -0.547349 -0.683084
0.662817 1.336624 346.100000 -0.578766 0.763027
0.662667 1.336264 346.200000 -0.537721 0.429618
0.662514 1.335944 346.300000 -0.513552 -0.673277
0.662366 1.335697 346.400000 -0.544648 -0.981482
0.662225 1.336167 346.500000 -0.590999 2.433871
0.662065 1.336593 346.600000 -0.466350 2.372046
0.661891 1.336716 346.700000 -0.345416 1.877818
0.661710 1.336414 346.800000 -0.249798 0.763497
0.661525 1.336031 346.900000 -0.210374 0.119991
0.661341 1.335654 347.000000 -0.203323 -0.231294
0.661157 1.335287 347.100000 -0.213871 0.353050
0.660972 1.334906 347.200000 -0.195149 -0.156777
0.660788 1.335442 347.300000 -0.202012 -2.527960
0.660613 1.335068 347.400000 -0.327400 -0.268017
0.660439 1.335871 347.500000 -0.339164 2.873303
0.660255 1.335716 347.600000 -0.193803 1.262569
0.660067 1.336221 347.700000 -0.129705 2.486416
0.659878 1.336099 347.800000 -0.004736 -1.349643
0.659689 1.335918 347.900000 -0.072195 -1.189136
0.659502 1.335922 348.000000 -0.131290 -1.642876
0.659319 1.336625 348.100000 -0.212778 -2.751071
0.659147 1.336690 348.200000 -0.349267 -1.767610
0.658985 1.336333 348.300000 -0.435902 0.433271
0.658820 1.335952 348.400000 -0.412058 -0.135984
0.658656 1.337198 348.500000 -0.416797 3.370045
0.658476 1.336818 348.600000 -0.246211 -0.155667
0.658296 1.336476 348.700000 -0.252763 -0.535972
0.658119 1.336115 348.800000 -0.278298 0.394406
0.657940 1.335740 348.900000 -0.257186 0.236015
0.657760 1.335385 349.000000 -0.244100 -0.436840
0.657582 1.335213 349.100000 -0.264721 -1.212634
0.657408 1.335489 349.200000 -0.324029 -2.144538
0.657247 1.335170 349.300000 -0.429636 0.665394
0.657081 1.335141 349.400000 -0.394218 1.569592
0.656907 1.335713 349.500000 -0.313768 2.582331
0.656724 1.335335 349.600000 -0.183082 -0.171790
0.656541 1.335449 349.700000 -0.190756 -1.862377
0.656365 1.335070 349.800000 -0.282921 -0.127186
0.656189 1.334744 349.900000 -0.287866 -0.625285
0.656016 1.334919 350.000000 -0.317691 -1.974294
0.655854 1.334621 350.100000 -0.414817 -0.760054
0.655695 1.334266 350.200000 -0.450746 0.428132
0.655534 1.333905 350.300000 -0.427085 0.371991
0.655371 1.333553 350.400000 -0.406351 0.451305
0.655205 1.333176 350.500000 -0.381753 0.140768
0.655038 1.332998 350.600000 -0.372806 1.192102
0.654865 1.333083 350.700000 -0.311337 -1.805753
0.654701 1.332932 350.800000 -0.400068 -1.266745
0.654545 1.332817 350.900000 -0.461405 -1.364560
0.654398 1.332601 351.000000 -0.527326 1.070609
0.654243 1.332473 351.100000 -0.471159 1.328378
0.654080 1.332370 351.200000 -0.402384 1.393205
0.653909 1.332037 351.300000 -0.330712 0.569504
0.653736 1.331673 351.400000 -0.300583 0.330125
0.653562 1.331582 351.500000 -0.282574 -1.422692
0.653393 1.331301 351.600000 -0.352296 0.828534
0.653221 1.331785 351.700000 -0.309108 2.462881
0.653040 1.331435 351.800000 -0.184418 -0.446916
0.652861 1.331060 351.900000 -0.205842 -0.160012
0.652682 1.331241 352.000000 -0.212813 1.983784
0.652498 1.333557 352.100000 -0.112560 4.356206
0.652315 1.333804 352.200000 0.105813 2.099043
0.652136 1.333689 352.300000 0.210236 1.362977
0.651962 1.333355 352.400000 0.277334 -0.560570
0.651786 1.333176 352.500000 0.247919 -1.184569
0.651606 1.333006 352.600000 0.187450 -1.211635
0.651423 1.332685 352.700000 0.125931 0.630936
0.651242 1.332317 352.800000 0.156849 0.265521
0.651062 1.332052 352.900000 0.169340 -0.891000
0.650880 1.331982 353.000000 0.123944 -1.473806
0.650696 1.332069 353.100000 0.049634 -1.809167
0.650512 1.334271 353.200000 -0.041073 -4.269003
0.650337 1.336066 353.300000 -0.254318 -3.919214
0.650181 1.338677 353.400000 -0.449007 -4.596678
0.650062 1.338998 353.500000 -0.676596 -2.224448
0.649966 1.338871 353.600000 -0.784435 1.334190
0.649854 1.339229 353.700000 -0.713803 2.282017
0.649720 1.338850 353.800000 -0.596133 -0.007210
0.649587 1.338649 353.900000 -0.593513 1.117592
0.649444 1.338332 354.000000 -0.534666 0.660834
0.649295 1.338369 354.100000 -0.498951 1.714778
0.649136 1.338664 354.200000 -0.410717 -2.182612
0.648991 1.338337 354.300000 -0.517794 -0.598870
0.648849 1.338025 354.400000 -0.545149 0.683860
0.648703 1.339023 354.500000 -0.508230 -3.122595
0.648582 1.339587 354.600000 -0.661819 -2.584591
0.648486 1.340000 354.700000 -0.787739 -2.368876
0.648418 1.339646 354.800000 -0.902244 -0.408322
0.648354 1.339278 354.900000 -0.918149 0.251689
0.648286 1.340638 355.000000 -0.900974 3.513217
0.648177 1.341083 355.100000 -0.720808 2.416731
0.648044 1.342317 355.200000 -0.596368 3.383815
0.647887 1.341942 355.300000 -0.424195 0.146629
0.647729 1.341897 355.400000 -0.414743 1.536156
0.647563 1.341563 355.500000 -0.335861 0.555403
0.647394 1.341195 355.600000 -0.306412 0.258865
0.647224 1.340903 355.700000 -0.291936 0.777103
0.647051 1.340899 355.800000 -0.251622 1.629854
0.646873 1.340523 355.900000 -0.168871 0.059427
0.646696 1.340494 356.000000 -0.165055 1.573046
0.646515 1.340126 356.100000 -0.085577 0.241423
0.646334 1.339755 356.200000 -0.073078 0.190613
0.646154 1.339659 356.300000 -0.063182 -1.411611
0.645975 1.339539 356.400000 -0.133447 1.351486
0.645794 1.339683 356.500000 -0.065205 1.925707
0.645613 1.340319 356.600000 0.031406 2.685366
0.645436 1.339944 356.700000 0.165517 0.064725
0.645259 1.339734 356.800000 0.167926 -1.088391
0.645080 1.341318 356.900000 0.112667 -3.739653
0.644901 1.341277 357.000000 -0.074879 -1.547265
0.644723 1.341163 357.100000 -0.151868 -1.367198
0.644550 1.340790 357.200000 -0.219469 -0.112497
0.644376 1.340748 357.300000 -0.223996 1.543209
0.644199 1.340481 357.400000 -0.145716 -0.881661
0.644024 1.340142 357.500000 -0.189070 0.506749
0.643847 1.339876 357.600000 -0.162787 0.881442
0.643669 1.339509 357.700000 -0.117901 0.220317
0.643491 1.339446 357.800000 -0.106296 1.494461
0.643312 1.339169 357.900000 -0.031042 -0.833764
0.643133 1.338795 358.000000 -0.072575 0.020524
0.642954 1.338539 358.100000 -0.071185 0.917262
0.642774 1.338500 358.200000 -0.024966 1.547541
0.642595 1.338985 358.300000 0.052536 2.481480
0.642421 1.338772 358.400000 0.176347 -1.072274
0.642244 1.338417 358.500000 0.121851 -0.357432
0.642066 1.339185 358.600000 0.103371 -2.861280
0.641887 1.339890 358.700000 -0.040210 -2.782259
0.641713 1.339793 358.800000 -0.179122 -1.408105
0.641543 1.339817 358.900000 -0.248632 -1.687738
0.641379 1.340055 359.000000 -0.331776 -2.096165
0.641227 1.339682 359.100000 -0.434925 0.008662
0.641075 1.339367 359.200000 -0.432317 0.642386
0.640918 1.339007 359.300000 -0.398036 0.302656
0.640760 1.338733 359.400000 -0.380913 -0.840864
0.640607 1.339734 359.500000 -0.421052 -3.142531
0.640475 1.342050 359.600000 -0.576073 -4.398363
0.640384 1.341681 359.700000 -0.793111 -0.165558
0.640295 1.341312 359.800000 -0.797423 -0.172276
0.640206 1.341069 359.900000 -0.802050 0.964078
0.640106 1.340708 360.000000 -0.749836 -0.286843
0.640009 1.340388 360.100000 -0.760429 -0.614710
0.639917 1.340017 360.200000 -0.787362 -0.089756
0.639826 1.340368 360.300000 -0.787913 -2.281906
0.639760 1.340051 360.400000 -0.898069 -0.630464
0.639701 1.340257 360.500000 -0.925102 -2.041119
0.639669 1.340070 360.600000 -1.022532 -1.151643
0.639652 1.339700 360.700000 -1.075002 0.113233
0.639632 1.339611 360.800000 -1.063965 -1.428110
0.639631 1.340455 360.900000 -1.130051 -2.961494
0.639678 1.340452 361.000000 -1.272475 -1.630815
0.639753 1.340875 361.100000 -1.347654 -2.394854
0.639871 1.341219 361.200000 -1.460658 -2.273503
0.640033 1.341023 361.300000 -1.567030 -1.125838
0.640217 1.340705 361.400000 -1.615487 0.620456
0.640384 1.341067 361.500000 -1.576386 -2.300922
0.640599 1.340856 361.600000 -1.683551 1.076046
0.640785 1.340622 361.700000 -1.621331 0.994191
0.640946 1.340568 361.800000 -1.563514 1.512393
0.641071 1.340596 361.900000 -1.480077 1.698375
0.641160 1.340490 362.000000 -1.387758 1.384489
0.641220 1.340122 362.100000 -1.311595 0.113055
0.641276 1.339769 362.200000 -1.299384 0.352877
0.641324 1.339580 362.300000 -1.275243 1.145468
0.641349 1.339301 362.400000 -1.211594 -0.809663
0.641387 1.339296 362.500000 -1.246019 -1.625409
0.641450 1.339316 362.600000 -1.321059 -1.679958
0.641543 1.339139 362.700000 -1.398452 1.179107
0.641611 1.338785 362.800000 -1.332504 0.334599
0.641670 1.338470 362.900000 -1.309112 0.624584
0.641716 1.338104 363.000000 -1.271337 -0.148709
0.641762 1.337736 363.100000 -1.272416 0.063819
0.641805 1.338594 363.200000 -1.262863 2.984931
0.641797 1.338278 363.300000 -1.107302 -0.617022
0.641797 1.337948 363.400000 -1.132616 0.522359
0.641787 1.338303 363.500000 -1.100835 2.293061
0.641743 1.338480 363.600000 -0.980678 1.991580
0.641672 1.338113 363.700000 -0.876196 -0.052695
0.641601 1.337751 363.800000 -0.874449 0.210675
0.641526 1.338445 363.900000 -0.859543 2.779489
0.641420 1.338193 364.000000 -0.716271 0.919086
0.641305 1.338628 364.100000 -0.666736 2.416954
0.641170 1.338285 364.200000 -0.542554 -0.420537
0.641037 1.338032 364.300000 -0.560868 0.913201
0.640897 1.337683 364.400000 -0.512404 -0.361777
0.640759 1.337327 364.500000 -0.527931 -0.286282
0.640624 1.338270 364.600000 -0.539605 3.090706
0.640468 1.338691 364.700000 -0.382372 2.397351
0.640302 1.340693 364.800000 -0.260592 4.157631
0.640127 1.340431 364.900000 -0.051408 0.879976
0.639952 1.340363 365.000000 -0.007152 1.477148
0.639777 1.340265 365.100000 0.066741 1.401305
0.639604 1.339907 365.200000 0.136473 -0.252381
0.639431 1.339640 365.300000 0.123171 -0.856485
0.639257 1.339446 365.400000 0.079731 1.122204
0.639085 1.339809 365.500000 0.135443 2.308869
0.638919 1.342112 365.600000 0.250209 4.418533
0.638774 1.342761 365.700000 0.469884 2.726056
0.638650 1.344132 365.800000 0.603838 3.566333
0.638558 1.344283 365.900000 0.779135 1.948479
0.638488 1.343918 366.000000 0.872663 0.124264
0.638418 1.343557 366.100000 0.874513 -0.205781
0.638344 1.343324 366.200000 0.859852 -0.992852
0.638259 1.344430 366.300000 0.805910 -3.284960
0.638140 1.347258 366.400000 0.637632 -4.838799
0.637987 1.349520 366.500000 0.392504 -4.390990
0.637817 1.350374 366.600000 0.170992 -2.994219
0.637643 1.350103 366.700000 0.020426 0.840877
0.637470 1.350111 366.800000 0.062368 -1.662806
0.637296 1.349837 366.900000 -0.021084 0.829733
0.637123 1.349769 367.000000 0.020508 1.481165
0.636950 1.349580 367.100000 0.094464 -1.148027
0.636777 1.349236 367.200000 0.036590 -0.407388
0.636604 1.349227 367.300000 0.016038 1.623875
0.636432 1.349262 367.400000 0.097151 1.719168
0.636263 1.350431 367.500000 0.182624 3.360413
0.636107 1.350279 367.600000 0.349731 1.257648
0.635957 1.349954 367.700000 0.410865 0.554954
0.635810 1.350241 367.800000 0.436558 -2.194858
0.635651 1.349922 367.900000 0.324633 -0.588821
0.635490 1.349803 368.000000 0.293569 1.351569
0.635335 1.349484 368.100000 0.359679 -0.591053
0.635178 1.349428 368.200000 0.328328 -1.512608
0.635014 1.349062 368.300000 0.251056 0.073229
0.634850 1.349478 368.400000 0.253462 2.399421
0.634697 1.349268 368.500000 0.372166 1.073876
0.634549 1.348916 368.600000 0.423999 -0.324937
0.634399 1.348731 368.700000 0.405632 -1.153029
0.634243 1.348367 368.800000 0.345953 0.100942
0.634088 1.348111 368.900000 0.349270 -0.902093
0.633929 1.347747 369.000000 0.302419 0.078193
0.633770 1.347382 369.100000 0.304816 0.059761
0.633611 1.347410 369.200000 0.306280 1.702419
0.633460 1.347180 369.300000 0.389870 -0.998045
0.633304 1.346844 369.400000 0.338018 -0.461023
0.633146 1.346480 369.500000 0.313277 -0.035087
0.632987 1.346220 369.600000 0.309956 -0.878707
0.632826 1.345995 369.700000 0.264471 1.013477
0.632668 1.346030 369.800000 0.313823 -1.716844
0.632504 1.345757 369.900000 0.226411 0.820194
0.632342 1.345958 370.000000 0.266289 2.044943
0.632190 1.345656 370.100000 0.367205 0.675691
0.632041 1.345414 370.200000 0.399153 0.946288
0.631897 1.345841 370.300000 0.444472 -2.420466
0.631740 1.347150 370.400000 0.321226 -3.519554
0.631572 1.346918 370.500000 0.143642 -0.988090
0.631403 1.347094 370.600000 0.093520 -1.999010
0.631233 1.348077 370.700000 -0.006898 3.159849
0.631066 1.347754 370.800000 0.151129 -0.553218
0.630898 1.348604 370.900000 0.122712 -3.000485
0.630728 1.348348 371.000000 -0.027926 0.891621
0.630558 1.348053 371.100000 0.016795 0.712822
0.630389 1.347789 371.200000 0.052352 0.855012
0.630220 1.347612 371.300000 0.094841 -1.175954
0.630051 1.347601 371.400000 0.035569 -1.617331
0.629881 1.347526 371.500000 -0.045475 -1.461501
0.629714 1.347193 371.600000 -0.118323 -0.467346
0.629547 1.346851 371.700000 -0.141099 0.391714
0.629380 1.347011 371.800000 -0.120808 -1.969547
0.629217 1.346658 371.900000 -0.218681 0.272396
0.629053 1.346312 372.000000 -0.203968 -0.334917
0.628891 1.345969 372.100000 -0.219694 -0.375271
0.628730 1.345893 372.200000 -0.237359 -1.457605
0.628574 1.345621 372.300000 -0.309052 -0.819360
0.628421 1.345335 372.400000 -0.348475 -0.747203
0.628272 1.347027 372.500000 -0.384093 -3.911220
0.628148 1.349142 372.600000 -0.577733 -4.296493
0.628064 1.348857 372.700000 -0.789669 -0.756649
0.627986 1.348705 372.800000 -0.823553 -1.252011
0.627922 1.348626 372.900000 -0.882036 -1.451631
0.627875 1.348415 373.000000 -0.950208 -1.060365
0.627840 1.348099 373.100000 -0.998475 0.581893
0.627796 1.347765 373.200000 -0.964388 0.443874
0.627746 1.347409 373.300000 -0.937372 -0.204565
0.627697 1.347495 373.400000 -0.942914 1.827013
0.627625 1.347199 373.500000 -0.846848 -0.692501
0.627560 1.346842 373.600000 -0.877239 -0.155163
0.627496 1.346504 373.700000 -0.880611 0.412674
0.627426 1.346330 373.800000 -0.855574 1.179010
0.627342 1.346899 373.900000 -0.792346 -2.636882
0.627287 1.347169 374.000000 -0.920228 -2.169907
0.627260 1.346929 374.100000 -1.024123 -0.950252
0.627244 1.346570 374.200000 -1.066514 0.046351
0.627226 1.346244 374.300000 -1.058864 -0.502661
0.627214 1.345897 374.400000 -1.078703 -0.311065
0.627205 1.345538 374.500000 -1.088863 0.029221
0.627194 1.345200 374.600000 -1.081957 0.391963
0.627176 1.344847 374.700000 -1.056949 0.210455
0.627153 1.344502 374.800000 -1.041142 0.330746
0.627124 1.344653 374.900000 -1.019399 -1.953400
0.627122 1.344379 375.000000 -1.111972 -0.799302
0.627130 1.344457 375.100000 -1.146377 1.809176
0.627110 1.344409 375.200000 -1.050187 1.524728
0.627068 1.344381 375.300000 -0.968699 1.575705
0.627005 1.344158 375.400000 -0.885071 -1.007394
0.626953 1.343869 375.500000 -0.931015 -0.717196
0.626910 1.343513 375.600000 -0.962220 -0.103119
0.626866 1.343173 375.700000 -0.962564 0.367621
0.626817 1.343098 375.800000 -0.939371 1.456232
0.626749 1.342749 375.900000 -0.861862 0.244758
0.626677 1.342446 376.000000 -0.845315 0.639111
0.626598 1.342132 376.100000 -0.809133 0.566147
0.626511 1.342472 376.200000 -0.776780 -2.289515
0.626450 1.342802 376.300000 -0.887372 -2.273606
0.626415 1.342531 376.400000 -0.996615 -0.803415
0.626390 1.342210 376.500000 -1.031803 0.522214
0.626357 1.342084 376.600000 -1.000533 1.315445
0.626305 1.341785 376.700000 -0.929758 0.657048
0.626245 1.341467 376.800000 -0.892257 -0.538101
0.626189 1.341373 376.900000 -0.914701 -1.404444
0.626151 1.341022 377.000000 -0.980349 0.183166
0.626109 1.341020 377.100000 -0.966289 1.633172
0.626045 1.340682 377.200000 -0.879799 0.361844
0.625977 1.340529 377.300000 -0.857308 1.235450
0.625894 1.340492 377.400000 -0.791249 1.551623
0.625795 1.340148 377.500000 -0.709712 -0.278685
0.625698 1.340246 377.600000 -0.720097 -1.849029
0.625619 1.339930 377.700000 -0.808948 0.544379
0.625533 1.339650 377.800000 -0.777685 0.749008
0.625439 1.339434 377.900000 -0.736346 1.024268
0.625335 1.339343 378.000000 -0.681451 1.410376
0.625219 1.339248 378.100000 -0.607525 1.400941
0.625091 1.339595 378.200000 -0.534440 -2.302961
0.624981 1.339487 378.300000 -0.646916 1.362920
0.624860 1.339859 378.400000 -0.575535 2.345405
0.624722 1.339720 378.500000 -0.455387 1.274152
0.624577 1.339401 378.600000 -0.389403 0.514921
0.624430 1.339096 378.700000 -0.361710 0.609367
0.624279 1.339665 378.800000 -0.329433 2.643469
0.624120 1.339335 378.900000 -0.195612 -0.418614
0.623961 1.339030 379.000000 -0.215565 -0.607697
0.623805 1.338704 379.100000 -0.244872 0.454652
0.623646 1.338356 379.200000 -0.220915 0.190180
0.623488 1.338004 379.300000 -0.210301 -0.070912
0.623330 1.338902 379.400000 -0.212796 -3.081010
0.623183 1.338661 379.500000 -0.365782 -0.920698
0.623041 1.338463 379.600000 -0.409988 -1.081234
0.622905 1.340008 379.700000 -0.462000 -3.797102
0.622797 1.342391 379.800000 -0.649545 -4.559319
0.622733 1.342767 379.900000 -0.874263 -2.352792
0.622698 1.342628 380.000000 -0.987531 -1.277455
0.622678 1.342335 380.100000 -1.046466 -0.677168
0.622666 1.342064 380.200000 -1.075093 0.789234
0.622642 1.341775 380.300000 -1.030255 0.695806
0.622607 1.342123 380.400000 -0.990314 2.309952
0.622543 1.344733 380.500000 -0.869865 4.748354
0.622431 1.345507 380.600000 -0.628098 2.930444
0.622298 1.345293 380.700000 -0.478435 1.028354
0.622158 1.345323 380.800000 -0.424625 1.709432
0.622010 1.345615 380.900000 -0.337030 2.215981
0.621853 1.345782 381.000000 -0.224546 1.990882
0.621692 1.346199 381.100000 -0.123879 2.423510
0.621529 1.346146 381.200000 -0.002084 1.514060
0.621367 1.345924 381.300000 0.073629 0.996550
0.621206 1.345577 381.400000 0.123088 -0.213753
0.621045 1.345235 381.500000 0.111785 0.288333
0.620884 1.344992 381.600000 0.125643 -0.913036
0.620722 1.344673 381.700000 0.079363 0.504901
0.620561 1.344332 381.800000 0.104211 -0.291208
0.620400 1.344153 381.900000 0.089130 -1.149602
0.620238 1.343860 382.000000 0.031204 -0.670844
0.620075 1.343808 382.100000 -0.002494 -1.512972
0.619914 1.343486 382.200000 -0.078130 -0.476902
0.619753 1.343416 382.300000 -0.101585 1.466666
0.619591 1.343143 382.400000 -0.027744 0.771741
0.619429 1.342914 382.500000 0.010982 0.967461
0.619268 1.342931 382.600000 0.059300 1.677656
0.619109 1.343761 382.700000 0.142887 3.007053
0.618958 1.343519 382.800000 0.292525 0.913577
0.618812 1.344117 382.900000 0.336741 2.695646
0.618679 1.345375 383.000000 0.469840 3.510625
0.618571 1.346086 383.100000 0.643022 2.853320
0.618490 1.345866 383.200000 0.782473 1.004038
0.618418 1.345524 383.300000 0.828762 0.262952
0.618348 1.345183 383.400000 0.837766 -0.268110
0.618275 1.344983 383.500000 0.820172 1.075981
0.618212 1.344633 383.600000 0.869870 -0.066961
0.618148 1.345408 383.700000 0.862172 -2.938915
0.618053 1.345386 383.800000 0.710916 -1.587304
0.617943 1.345059 383.900000 0.627996 0.427312
0.617837 1.345015 384.000000 0.646222 -1.532671
0.617718 1.344737 384.100000 0.566357 -0.747014
0.617593 1.345027 384.200000 0.526174 -2.217686
0.617454 1.344768 384.300000 0.412659 -0.836071
0.617312 1.344549 384.400000 0.368792 -1.001863
0.617164 1.344231 384.500000 0.316855 -0.494657
0.617015 1.344065 384.600000 0.290538 -1.188240
0.616861 1.343807 384.700000 0.229674 0.837476
0.616710 1.343487 384.800000 0.270399 0.475761
0.616561 1.343139 384.900000 0.292835 0.064645
0.616412 1.342880 385.000000 0.294603 -0.831431
0.616261 1.342550 385.100000 0.251559 0.380629
0.616110 1.343441 385.200000 0.269332 -3.090692
0.615952 1.343785 385.300000 0.113451 -2.309461
0.615792 1.344633 385.400000 -0.002589 -3.037939
0.615636 1.344464 385.500000 -0.154473 -1.178363
0.615482 1.344167 385.600000 -0.212619 -0.627170
0.615330 1.345494 385.700000 -0.242915 3.595761
0.615171 1.345908 385.800000 -0.061912 2.426461
0.615012 1.346215 385.900000 0.059721 2.248888
0.614857 1.345949 386.000000 0.171867 0.800187
0.614703 1.346046 386.100000 0.211017 -1.855585
0.614546 1.346129 386.200000 0.117182 -1.825385
0.614387 1.346011 386.300000 0.025327 1.333146
0.614229 1.345666 386.400000 0.091858 -0.171707
0.614071 1.345365 386.500000 0.082813 0.603550
0.613914 1.345620 386.600000 0.112577 2.159383
0.613761 1.345281 386.700000 0.219983 -0.252276
0.613608 1.344947 386.800000 0.206269 -0.334256
0.613454 1.344622 386.900000 0.188525 -0.409944
0.613299 1.344451 387.000000 0.167085 -1.168561
0.613143 1.344135 387.100000 0.107822 -0.497340
0.612985 1.344312 387.200000 0.082416 -2.013792
0.612827 1.344052 387.300000 -0.018686 0.822715
0.612669 1.344180 387.400000 0.022543 -1.919059
0.612511 1.343851 387.500000 -0.073523 0.362906
0.612354 1.343791 387.600000 -0.055010 -1.492105
0.612198 1.344325 387.700000 -0.129340 -2.613372
0.612049 1.344037 387.800000 -0.259362 -0.674013
0.611902 1.344138 387.900000 -0.291766 -1.862381
0.611763 1.343838 388.000000 -0.383426 0.602963
0.611622 1.343867 388.100000 -0.351361 -1.706145
0.611489 1.343521 388.200000 -0.434911 -0.042782
0.611355 1.343248 388.300000 -0.434876 0.750334
0.611218 1.343174 388.400000 -0.395185 1.452457
0.611074 1.343290 388.500000 -0.320586 1.894546
0.610923 1.343358 388.600000 -0.224256 -1.793224
0.610779 1.343504 388.700000 -0.312795 -1.955580
0.610643 1.343166 388.800000 -0.409011 -0.240495
0.610509 1.342864 388.900000 -0.418990 -0.582489
0.610378 1.343053 389.000000 -0.446020 -2.037579
0.610259 1.345039 389.100000 -0.545669 -4.259860
0.610176 1.345780 389.200000 -0.755933 -2.908111
0.610122 1.345445 389.300000 -0.897559 -0.296200
0.610072 1.345491 389.400000 -0.907881 -1.746026
0.610041 1.346103 389.500000 -0.990643 -2.730714
0.610046 1.345758 389.600000 -1.122226 -0.077269
0.610050 1.345530 389.700000 -1.120478 0.956590
0.610040 1.346060 389.800000 -1.067046 2.611851
0.609995 1.345765 389.900000 -0.931118 0.624350
0.609941 1.345441 390.000000 -0.895245 -0.401849
0.609891 1.345415 390.100000 -0.910861 1.578948
0.609823 1.345387 390.200000 -0.827360 1.572724
0.609737 1.345302 390.300000 -0.744587 1.423102
0.609639 1.345636 390.400000 -0.669709 2.301129
0.609521 1.345806 390.500000 -0.551304 2.005817
0.609391 1.346476 390.600000 -0.448256 2.815127
0.609247 1.346219 390.700000 -0.305259 0.825874
0.609100 1.345879 390.800000 -0.262439 0.202446
0.608952 1.345905 390.900000 -0.251004 -1.701540
0.608811 1.345597 391.000000 -0.334826 0.528749
0.608667 1.345516 391.100000 -0.306715 -1.434723
0.608530 1.345313 391.200000 -0.376917 1.048427
0.608388 1.345421 391.300000 -0.322611 -1.880311
0.608254 1.345180 391.400000 -0.415014 -0.898909
0.608126 1.345360 391.500000 -0.457884 -2.024576
0.608010 1.345871 391.600000 -0.556824 -2.587030
0.607915 1.345801 391.700000 -0.683391 1.465091
0.607806 1.345459 391.800000 -0.606719 -0.093412
0.607699 1.345258 391.900000 -0.608356 1.056646
0.607583 1.345010 392.000000 -0.552482 -0.864182
0.607472 1.345078 392.100000 -0.592929 -1.793851
0.607376 1.344801 392.200000 -0.679657 -0.721033
0.607286 1.344847 392.300000 -0.712310 -1.747407
0.607212 1.344897 392.400000 -0.796119 -1.754357
0.607156 1.344925 392.500000 -0.879856 -1.706668
0.607119 1.345003 392.600000 -0.960790 -1.816013
0.607104 1.344955 392.700000 -1.046787 -1.521508
0.607109 1.345584 392.800000 -1.117629 -2.763053
0.607153 1.346269 392.900000 -1.250193 -2.840860
0.607243 1.346284 393.000000 -1.385985 -1.677064
0.607361 1.346545 393.100000 -1.462908 -2.178646
0.607517 1.347904 393.200000 -1.564526 -3.657688
0.607747 1.348105 393.300000 -1.739588 -2.068323
0.608021 1.348155 393.400000 -1.834306 -1.759740
0.608331 1.348729 393.500000 -1.913122 -2.685925
0.608704 1.348852 393.600000 -2.037852 -1.914071
0.609122 1.349501 393.700000 -2.123367 -2.794223
0.609611 1.349213 393.800000 -2.252461 -0.657460
0.610113 1.349050 393.900000 -2.274072 -1.189100
0.610642 1.349064 394.000000 -2.322156 -1.676301
0.611214 1.349921 394.100000 -2.394360 -3.074900
0.611875 1.350283 394.200000 -2.536134 -2.356909
0.612604 1.350104 394.300000 -2.641298 -1.133453
0.613363 1.349987 394.400000 -2.684765 -1.333543
0.614157 1.349673 394.500000 -2.738018 0.467271
0.614926 1.350610 394.600000 -2.700964 -3.177414
0.615796 1.350379 394.700000 -2.846330 -0.938291
0.616689 1.350280 394.800000 -2.879013 1.385334
0.617522 1.350241 394.900000 -2.795351 1.545219
0.618291 1.351112 395.000000 -2.704114 3.095826
0.618948 1.352099 395.100000 -2.535802 3.240995
0.619497 1.352727 395.200000 -2.361073 2.769858
0.619958 1.352560 395.300000 -2.210775 1.175258
0.620381 1.352299 395.400000 -2.140958 0.800057
0.620777 1.352218 395.500000 -2.090250 -1.438567
0.621205 1.351918 395.600000 -2.151727 0.574439
0.621611 1.351640 395.700000 -2.112247 0.707007
0.621994 1.351335 395.800000 -2.066335 0.540889
0.622356 1.350996 395.900000 -2.028959 0.135026
0.622710 1.350818 396.000000 -2.012063 1.134971
0.623031 1.350534 396.100000 -1.945254 -0.670170
0.623363 1.350767 396.200000 -1.969036 -2.133655
0.623744 1.350463 396.300000 -2.065874 -0.537175
0.624133 1.350462 396.400000 -2.082403 -1.640888
0.624561 1.350121 396.500000 -2.154036 0.008366
0.624982 1.350421 396.600000 -2.142847 -2.253472
0.625459 1.350082 396.700000 -2.244807 -0.088310
0.625933 1.349746 396.800000 -2.237998 0.190305
0.626394 1.349407 396.900000 -2.217293 -0.091556
0.626852 1.349530 397.000000 -2.210784 1.916175
0.627251 1.349405 397.100000 -2.103922 1.307412
0.627611 1.349398 397.200000 -2.028031 1.626056
0.627925 1.349084 397.300000 -1.936588 0.452999
0.628223 1.349356 397.400000 -1.904255 -2.203242
0.628571 1.349090 397.500000 -2.004896 -0.766428
0.628932 1.348954 397.600000 -2.033193 -1.269855
0.629322 1.348993 397.700000 -2.086520 -1.734939
0.629751 1.349442 397.800000 -2.162834 -2.504056
0.630244 1.349244 397.900000 -2.277223 1.060957
0.630701 1.350467 398.000000 -2.212789 3.526235
0.631058 1.350703 398.100000 -2.025413 2.140773
0.631356 1.350414 398.200000 -1.908248 0.627057
0.631636 1.350266 398.300000 -1.867354 -1.234615
0.631940 1.349999 398.400000 -1.919748 -0.758512
0.632257 1.349662 398.500000 -1.948074 -0.111305
0.632572 1.349324 398.600000 -1.943899 0.053595
0.632881 1.348987 398.700000 -1.931500 -0.088750
0.633188 1.348975 398.800000 -1.926280 1.613689
0.633452 1.348903 398.900000 -1.835964 1.458190
0.633678 1.349088 399.000000 -1.753875 -2.042306
0.633947 1.348910 399.100000 -1.847221 -1.130464
0.634238 1.349450 399.200000 -1.894508 -2.647243
0.634588 1.349549 399.300000 -2.017397 1.869962
0.634888 1.349386 399.400000 -1.913812 1.179795
0.635155 1.349155 399.500000 -1.845254 0.922174
0.635397 1.349073 399.600000 -1.789919 1.429988
0.635603 1.348772 399.700000 -1.709470 0.543862
0.635795 1.348477 399.800000 -1.673729 0.581953
0.635970 1.349318 399.900000 -1.636263 3.069951
0.636083 1.349516 400.000000 -1.474584 2.069226
0.636157 1.349308 400.100000 -1.363750 1.017487
0.636211 1.349060 400.200000 -1.306057 0.841470
0.636249 1.349074 400.300000 -1.257453 1.677736
0.636261 1.348740 400.400000 -1.167279 -0.156466
0.636272 1.348599 400.500000 -1.169266 1.250936
0.636265 1.348792 400.600000 -1.100873 2.060335
0.636229 1.348999 400.700000 -0.992352 2.087317
0.636168 1.348669 400.800000 -0.883024 0.216866
0.636103 1.348422 400.900000 -0.867766 -0.848414
0.636046 1.348230 401.000000 -0.905847 -1.074739
0.636002 1.348654 401.100000 -0.955055 -2.470374
0.635987 1.348323 401.200000 -1.073798 0.186024
0.635968 1.347994 401.300000 -1.059128 -0.239839
0.635951 1.347686 401.400000 -1.065825 -0.472110
0.635939 1.347354 401.500000 -1.084101 -0.173942
0.635928 1.347080 401.600000 -1.087378 -0.702503
0.635925 1.346768 401.700000 -1.117066 -0.429742
0.635926 1.346452 401.800000 -1.132968 -0.397974
0.635932 1.346120 401.900000 -1.147202 -0.137655
0.635938 1.346350 402.000000 -1.148348 2.130599
0.635913 1.346383 402.100000 -1.036077 1.720561
0.635866 1.346049 402.200000 -0.944868 -0.065839
0.635819 1.345742 402.300000 -0.943436 -0.472894
0.635776 1.345426 402.400000 -0.962363 0.382947
0.635727 1.345545 402.500000 -0.938404 1.910493
0.635656 1.345755 402.600000 -0.838187 2.093872
0.635565 1.345620 402.700000 -0.729303 1.267207
0.635461 1.345374 402.800000 -0.662296 0.840862
0.635351 1.345046 402.900000 -0.616941 0.217296
0.635238 1.345357 403.000000 -0.602992 -2.279847
0.635144 1.345024 403.100000 -0.713969 0.077190
0.635048 1.344787 403.200000 -0.706540 0.878980
0.634945 1.344526 403.300000 -0.659058 0.768367
0.634835 1.344193 403.400000 -0.617345 -0.020350
0.634724 1.344005 403.500000 -0.615275 -1.080611
0.634622 1.343693 403.600000 -0.666230 0.411387
0.634516 1.343870 403.700000 -0.642329 -2.029738
0.634427 1.343540 403.800000 -0.740604 0.153556
0.634336 1.343602 403.900000 -0.729224 -1.783415
0.634261 1.343270 404.000000 -0.814748 -0.083411
0.634186 1.342943 404.100000 -0.814845 -0.204945
0.634112 1.343739 404.200000 -0.821018 3.021056
0.634010 1.343838 404.300000 -0.665860 1.867640
0.633894 1.344102 404.400000 -0.569149 2.195438
0.633763 1.343781 404.500000 -0.456531 -0.308551
0.633634 1.343594 404.600000 -0.469676 -1.080325
0.633511 1.343699 404.700000 -0.521344 -1.881330
0.633400 1.343668 404.800000 -0.612804 1.561008
0.633279 1.343471 404.900000 -0.531689 1.045426
0.633151 1.343531 405.000000 -0.476760 1.780432
0.633013 1.343328 405.100000 -0.385354 1.022058
0.632870 1.343023 405.200000 -0.332325 -0.462222
0.632730 1.343072 405.300000 -0.353774 -1.757229
0.632597 1.342843 405.400000 -0.439867 -0.907997
0.632470 1.343066 405.500000 -0.483067 2.120106
0.632332 1.342833 405.600000 -0.374646 0.892409
0.632189 1.342960 405.700000 -0.328153 -1.928050
0.632055 1.342742 405.800000 -0.422915 -0.955470
0.631927 1.343339 405.900000 -0.468573 -2.744488
0.631816 1.343739 406.000000 -0.603455 -2.436538
0.631725 1.343448 406.100000 -0.722265 0.566993
0.631628 1.343130 406.200000 -0.690304 -0.323001
0.631533 1.342833 406.300000 -0.703002 -0.523781
0.631443 1.342744 406.400000 -0.725676 1.400766
0.631339 1.342425 406.500000 -0.652009 -0.296650
0.631238 1.342120 406.600000 -0.663582 0.457586
0.631133 1.342322 406.700000 -0.637385 2.080029
0.631013 1.342035 406.800000 -0.530196 0.590275
0.630888 1.341821 406.900000 -0.498032 -0.970454
0.630769 1.342043 407.000000 -0.544064 -2.119813
0.630666 1.342946 407.100000 -0.647334 -3.168270
0.630590 1.343766 407.200000 -0.802511 -3.060520
0.630547 1.343489 407.300000 -0.951525 0.653646
0.630494 1.343678 407.400000 -0.914085 2.055835
0.630419 1.343350 407.500000 -0.806723 -0.127433
0.630345 1.343426 407.600000 -0.809061 1.818523
0.630253 1.343158 407.700000 -0.714089 -0.703725
0.630167 1.342882 407.800000 -0.745705 -0.663124
0.630086 1.342715 407.900000 -0.775133 -1.149401
0.630016 1.342786 408.000000 -0.828727 -1.806897
0.629964 1.342457 408.100000 -0.914928 0.055596
0.629910 1.342212 408.200000 -0.907574 -0.825762
0.629865 1.341885 408.300000 -0.944324 0.109751
0.629818 1.341653 408.400000 -0.934115 0.887241
0.629760 1.341324 408.500000 -0.885082 0.009751
0.629700 1.341000 408.600000 -0.880169 -0.168220
0.629642 1.340724 408.700000 -0.884180 0.653950
0.629576 1.340782 408.800000 -0.847061 -1.777522
0.629528 1.341380 408.900000 -0.931702 2.751841
0.629450 1.341846 409.000000 -0.789451 2.548377
0.629349 1.342099 409.100000 -0.658085 2.179463
0.629232 1.341785 409.200000 -0.545822 -0.336358
0.629116 1.341563 409.300000 -0.559910 0.930021
0.628995 1.341340 409.400000 -0.510610 0.927456
0.628867 1.341012 409.500000 -0.461684 0.012801
0.628739 1.340782 409.600000 -0.458736 -0.891930
0.628617 1.340605 409.700000 -0.501038 -1.110234
0.628501 1.341576 409.800000 -0.554045 -3.261418
0.628410 1.342143 409.900000 -0.714346 -2.707454
0.628344 1.341827 410.000000 -0.846147 0.308327
0.628274 1.342125 410.100000 -0.826499 2.263901
0.628182 1.342372 410.200000 -0.709172 2.170670
0.628072 1.342691 410.300000 -0.597092 2.303230
0.627947 1.342780 410.400000 -0.478946 -1.848328
0.627834 1.342464 410.500000 -0.568967 -0.301851
0.627722 1.342732 410.600000 -0.581215 -2.211085
0.627627 1.342419 410.700000 -0.688863 0.333097
0.627529 1.342316 410.800000 -0.668764 1.357305
0.627419 1.343098 410.900000 -0.597555 3.018107
0.627291 1.342835 411.000000 -0.443662 0.723081
0.627158 1.342821 411.100000 -0.405289 1.604323
0.627018 1.342524 411.200000 -0.323047 0.488524
0.626877 1.342368 411.300000 -0.297005 1.185396
0.626731 1.342129 411.400000 -0.236250 0.846231
0.626583 1.341869 411.500000 -0.192758 -0.738234
0.626437 1.341752 411.600000 -0.228706 -1.309739
0.626296 1.341796 411.700000 -0.293049 -1.746726
0.626161 1.341576 411.800000 -0.378920 0.933632
0.626022 1.341262 411.900000 -0.330344 -0.310463
0.625885 1.341630 412.000000 -0.344215 -2.390636
0.625759 1.342463 412.100000 -0.462026 3.089635
0.625618 1.343748 412.200000 -0.305234 3.644466
0.625468 1.343796 412.300000 -0.121485 1.756329
0.625317 1.344006 412.400000 -0.033061 2.102172
0.625166 1.344301 412.500000 0.072213 2.264384
0.625019 1.344480 412.600000 0.185071 2.039771
0.624877 1.344301 412.700000 0.286134 1.102180
0.624740 1.344015 412.800000 0.339813 0.570533
0.624605 1.345144 412.900000 0.366640 -3.465958
0.624458 1.345583 413.000000 0.191509 -2.513893
0.624308 1.345567 413.100000 0.064857 1.598335
0.624159 1.345503 413.200000 0.144449 1.471739
0.624014 1.345226 413.300000 0.217314 0.628460
0.623870 1.345128 413.400000 0.247651 -1.373784
0.623723 1.345004 413.500000 0.177723 -1.288082
0.623574 1.344689 413.600000 0.112430 0.291554
0.623425 1.344537 413.700000 0.126446 1.196568
0.623279 1.344313 413.800000 0.185642 0.915398
0.623135 1.344114 413.900000 0.230484 -1.019687
0.622988 1.344135 414.000000 0.178347 -1.691438
0.622839 1.344229 414.100000 0.092883 -1.861711
0.622688 1.343919 414.200000 -0.000667 0.348287
0.622538 1.343798 414.300000 0.016751 -1.298654
0.622388 1.343760 414.400000 -0.048265 -1.540610
0.622240 1.343578 414.500000 -0.125055 -1.083893
0.622094 1.343285 414.600000 -0.178624 -0.510035
0.621949 1.343850 414.700000 -0.203233 -2.714723
0.621813 1.343961 414.800000 -0.337953 -1.898890
0.621685 1.343642 414.900000 -0.431207 -0.210438
0.621559 1.343429 415.000000 -0.439573 -0.959367
0.621437 1.343214 415.100000 -0.485344 -0.947775
0.621322 1.342892 415.200000 -0.530306 0.121351
0.621205 1.343649 415.300000 -0.521587 2.996004
0.621072 1.343411 415.400000 -0.369178 0.843534
0.620935 1.343128 415.500000 -0.325156 0.571847
0.620796 1.343892 415.600000 -0.294938 3.006322
0.620649 1.345558 415.700000 -0.143147 4.068002
0.620500 1.345235 415.800000 0.060969 -0.049124
0.620352 1.346012 415.900000 0.058208 3.025369
0.620208 1.345777 416.000000 0.209185 0.860514
0.620066 1.345454 416.100000 0.251165 0.026413
0.619925 1.345157 416.200000 0.251230 0.463879
0.619785 1.344948 416.300000 0.273168 -0.976937
0.619642 1.344652 416.400000 0.222955 0.472353
0.619501 1.344330 416.500000 0.245458 -0.068763
0.619359 1.344030 416.600000 0.240792 -0.432668
0.619216 1.343733 416.700000 0.217955 -0.461278
0.619072 1.343617 416.800000 0.193801 1.310741
0.618932 1.343586 416.900000 0.258369 -1.560225
0.618787 1.343264 417.000000 0.179066 0.017180
0.618643 1.343140 417.100000 0.179030 -1.284351
0.618496 1.343508 417.200000 0.113917 -2.399187
0.618348 1.344086 417.300000 -0.006612 -2.741198
0.618202 1.344227 417.400000 -0.143639 -1.966139
0.618061 1.345324 417.500000 -0.241227 -3.442593
0.617933 1.345192 417.600000 -0.412151 -1.260587
0.617812 1.344875 417.700000 -0.473119 -0.205916
0.617692 1.344733 417.800000 -0.481050 -1.225945
0.617579 1.344412 417.900000 -0.539942 -0.067483
0.617466 1.344446 418.000000 -0.540616 -1.722996
0.617365 1.344241 418.100000 -0.624063 -0.988954
0.617271 1.344077 418.200000 -0.670390 1.146738
0.617168 1.344026 418.300000 -0.609701 1.504767
0.617055 1.343743 418.400000 -0.531414 -0.562247
0.616944 1.343548 418.500000 -0.556870 -1.027452
0.616841 1.343233 418.600000 -0.605458 0.229040
0.616735 1.343205 418.700000 -0.590979 1.564744
0.616619 1.343259 418.800000 -0.509787 1.772664
0.616493 1.343072 418.900000 -0.418604 1.056222
0.616361 1.342867 419.000000 -0.363700 0.983712
0.616226 1.342576 419.100000 -0.312696 0.495368
0.616089 1.342579 419.200000 -0.286364 -1.646891
0.615958 1.342267 419.300000 -0.367277 0.261624
0.615826 1.341992 419.400000 -0.352359 -0.614936
0.615696 1.341704 419.500000 -0.381344 0.517584
0.615565 1.342046 419.600000 -0.353559 2.356368
0.615425 1.341761 419.700000 -0.233972 0.535506
0.615283 1.341447 419.800000 -0.206027 0.225786
0.615141 1.341311 419.900000 -0.193708 1.239461
0.614997 1.341029 420.000000 -0.130766 -0.565109
0.614853 1.341003 420.100000 -0.158368 1.570051
0.614708 1.340712 420.200000 -0.079073 0.481026
0.614562 1.341005 420.300000 -0.054627 2.269207
0.614416 1.340877 420.400000 0.059107 1.266774
0.614272 1.340578 420.500000 0.122150 0.407979
0.614128 1.340260 420.600000 0.141938 -0.017657
0.613985 1.340579 420.700000 0.140346 2.316005
0.613846 1.340530 420.800000 0.255444 1.506921
0.613714 1.340223 420.900000 0.329513 0.315459
0.613582 1.340572 421.000000 0.343638 2.371073
0.613461 1.340262 421.100000 0.460474 0.262530
0.613342 1.339974 421.200000 0.471298 -0.497338
0.613220 1.339669 421.300000 0.444075 0.338699
0.613099 1.339706 421.400000 0.458789 -1.729083
0.612970 1.339388 421.500000 0.370041 -0.020102
0.612841 1.339729 421.600000 0.367186 -2.356652
0.612703 1.339849 421.700000 0.247517 -1.920408
0.612560 1.340345 421.800000 0.150259 -2.619852
0.612415 1.340087 421.900000 0.018515 -0.711141
0.612270 1.339932 422.000000 -0.017134 1.172399
0.612125 1.339643 422.100000 0.041571 -0.483702
0.611980 1.339345 422.200000 0.017178 0.407059
0.611836 1.339086 422.300000 0.037445 0.698441
0.611691 1.338769 422.400000 0.072180 0.055756
0.611547 1.338899 422.500000 0.074607 -1.942023
0.611403 1.338778 422.600000 -0.022867 1.288528
0.611258 1.339193 422.700000 0.041674 2.487568
0.611117 1.339116 422.800000 0.165844 -1.423766
0.610974 1.339789 422.900000 0.093826 -2.892599
0.610830 1.339533 423.000000 -0.051273 -0.720349
0.610686 1.340113 423.100000 -0.087034 -2.753413
0.610548 1.340304 423.200000 -0.224269 -2.073995
0.610416 1.340023 423.300000 -0.326848 0.548379
0.610283 1.339708 423.400000 -0.297795 -0.112402
0.610149 1.339448 423.500000 -0.301926 -0.692491
0.610018 1.339295 423.600000 -0.335041 -1.175059
0.609893 1.338989 423.700000 -0.392119 0.280422
0.609765 1.338673 423.800000 -0.376137 0.054449
0.609638 1.338653 423.900000 -0.371534 -1.583983
0.609518 1.338344 424.000000 -0.448875 0.237676
0.609397 1.338038 424.100000 -0.434747 0.287128
0.609274 1.337950 424.200000 -0.418217 1.386680
0.609144 1.337637 424.300000 -0.346792 -0.143910
0.609015 1.337400 424.400000 -0.352253 -0.815855
0.608890 1.337416 424.500000 -0.391285 1.675875
0.608757 1.337662 424.600000 -0.305535 2.182680
0.608619 1.337350 424.700000 -0.194873 0.152468
0.608479 1.337049 424.800000 -0.186275 -0.347446
0.608341 1.337029 424.900000 -0.202716 1.581996
0.608200 1.336760 425.000000 -0.122603 0.623063
0.608058 1.336499 425.100000 -0.090836 -0.672337
0.607917 1.336216 425.200000 -0.123999 -0.520099
0.607776 1.336197 425.300000 -0.149384 -1.584451
0.607640 1.336223 425.400000 -0.227860 -1.699153
0.607508 1.336041 425.500000 -0.311678 1.063136
0.607373 1.335905 425.600000 -0.256963 1.229627
0.607235 1.335676 425.700000 -0.194197 -0.847569
0.607099 1.335442 425.800000 -0.235604 0.822118
0.606961 1.335861 425.900000 -0.193320 2.498521
0.606819 1.335713 426.000000 -0.067428 1.187306
0.606677 1.335402 426.100000 -0.007725 -0.148856
0.606534 1.335346 426.200000 -0.015129 1.480030
0.606392 1.335178 426.300000 0.058948 -1.115553
0.606250 1.334865 426.400000 0.002875 -0.040994
0.606108 1.334589 426.500000 0.000811 0.555576
0.605966 1.335155 426.600000 0.028586 2.738784
0.605827 1.334971 426.700000 0.165382 1.051201
0.605691 1.334894 426.800000 0.217115 -1.417852
0.605552 1.334594 426.900000 0.145137 -0.319243
0.605412 1.334288 427.000000 0.128449 -0.244392
0.605272 1.334095 427.100000 0.115588 -1.008581
0.605130 1.333874 427.200000 0.064581 -0.884250
0.604989 1.333594 427.300000 0.020045 -0.523739
0.604847 1.333303 427.400000 -0.006242 0.424395
0.604706 1.334063 427.500000 0.015009 3.027630
0.604568 1.334260 427.600000 0.166315 2.086625
0.604435 1.333992 427.700000 0.269815 0.607217
0.604304 1.333680 427.800000 0.298827 0.022155
0.604173 1.333369 427.900000 0.298441 -0.062272
0.604042 1.333459 428.000000 0.293835 -1.855742
0.603906 1.333480 428.100000 0.199578 -1.685354
0.603767 1.333495 428.200000 0.114313 -1.671885
0.603626 1.333187 428.300000 0.030147 0.168365
0.603485 1.332971 428.400000 0.038415 -0.906131
0.603344 1.332988 428.500000 -0.007084 -1.676169
0.603204 1.334122 428.600000 -0.090857 -3.519376
0.603072 1.334336 428.700000 -0.266372 -2.122928
0.602947 1.334027 428.800000 -0.371186 0.144387
0.602822 1.333720 428.900000 -0.362111 0.180950
0.602696 1.333414 429.000000 -0.351253 -0.184930
0.602571 1.333153 429.100000 -0.358743 -0.657615
0.602448 1.333281 429.200000 -0.389830 -1.940945
0.602335 1.332982 429.300000 -0.484928 0.310912
0.602220 1.333028 429.400000 -0.466958 -1.749446
0.602116 1.332742 429.500000 -0.552095 -0.454320
0.602013 1.333046 429.600000 -0.572051 -2.297063
0.601928 1.333811 429.700000 -0.684044 -3.040993
0.601868 1.333533 429.800000 -0.832673 0.522464
0.601803 1.333978 429.900000 -0.802387 -2.549130
0.601763 1.333677 430.000000 -0.925831 0.282981
0.601719 1.333415 430.100000 -0.907053 0.640568
0.601667 1.333520 430.200000 -0.870489 -1.888221
0.601634 1.333250 430.300000 -0.960548 0.588303
0.601594 1.333088 430.400000 -0.926330 1.129669
0.601542 1.333088 430.500000 -0.865215 -1.630819
0.601505 1.334612 430.600000 -0.942430 -3.974573
0.601515 1.335067 430.700000 -1.136446 -2.567585
0.601560 1.335366 430.800000 -1.259143 -2.289701
0.601637 1.335125 430.900000 -1.367333 -0.769597
0.601724 1.334838 431.000000 -1.398976 0.447308
0.601802 1.334530 431.100000 -1.369616 -0.111952
0.601880 1.334383 431.200000 -1.368365 1.184253
0.601937 1.334220 431.300000 -1.302311 -1.121154
0.602009 1.333991 431.400000 -1.351857 0.833956
0.602067 1.333683 431.500000 -1.303400 -0.070252
0.602123 1.333668 431.600000 -1.300395 1.594086
0.602154 1.333503 431.700000 -1.214189 1.115552
0.602169 1.333208 431.800000 -1.152340 0.344268
0.602177 1.333043 431.900000 -1.129365 -1.111414
0.602198 1.332801 432.000000 -1.179289 0.759878
0.602208 1.332915 432.100000 -1.135399 -1.911063
0.602242 1.332660 432.200000 -1.225275 -0.676099
0.602285 1.332360 432.300000 -1.252954 -0.272284
0.602329 1.332084 432.400000 -1.260303 0.526539
0.602364 1.331965 432.500000 -1.227675 1.279744
0.602380 1.331658 432.600000 -1.157549 0.093695
0.602392 1.331507 432.700000 -1.147076 -1.164438
0.602420 1.331330 432.800000 -1.199563 -1.060206
0.602460 1.331128 432.900000 -1.246575 -0.956138
0.602512 1.330826 433.000000 -1.288149 -0.219829
0.602566 1.330772 433.100000 -1.292700 -1.480835
0.602641 1.331765 433.200000 -1.360278 -3.356669
0.602769 1.331472 433.300000 -1.521310 0.350921
0.602888 1.331206 433.400000 -1.496158 0.600067
0.602994 1.330944 433.500000 -1.458674 -0.623662
0.603108 1.331070 433.600000 -1.482563 -1.938709
0.603254 1.330831 433.700000 -1.572086 -0.765812
0.603411 1.330825 433.800000 -1.602516 1.615442
0.603536 1.330526 433.900000 -1.513732 0.254526
0.603654 1.330376 434.000000 -1.493437 1.163703
0.603750 1.330186 434.100000 -1.427784 -1.005283
0.603860 1.329940 434.200000 -1.470909 0.726268
0.603955 1.329639 434.300000 -1.427242 0.213394
0.604045 1.329334 434.400000 -1.409436 -0.081846
0.604133 1.329041 434.500000 -1.406481 -0.341167
0.604225 1.328911 434.600000 -1.416507 1.236653
0.604295 1.328627 434.700000 -1.347591 0.428710
0.604356 1.328328 434.800000 -1.319418 0.239085
0.604412 1.328058 434.900000 -1.300867 -0.557243
0.604474 1.327753 435.000000 -1.322225 0.001168
0.604534 1.327498 435.100000 -1.315555 -0.656979
0.604602 1.327201 435.200000 -1.341826 0.262112
0.604663 1.326959 435.300000 -1.322011 0.742368
0.604712 1.326829 435.400000 -1.278283 -1.232856
0.604778 1.326709 435.500000 -1.333534 1.268144
0.604822 1.326417 435.600000 -1.263459 -0.333316
0.604869 1.326166 435.700000 -1.273808 -0.678409
0.604925 1.326121 435.800000 -1.301359 -1.504098
0.605001 1.325910 435.900000 -1.370058 -0.902776
0.605090 1.325734 436.000000 -1.408346 1.054537
0.605160 1.325588 436.100000 -1.348577 -1.175814
0.605246 1.325325 436.200000 -1.400625 -0.595306
0.605339 1.325061 436.300000 -1.423387 -0.586717
0.605440 1.324757 436.400000 -1.445606 -0.033563
0.605539 1.324507 436.500000 -1.440056 -0.682833
0.605647 1.325008 436.600000 -1.466998 -2.650566
0.605798 1.324862 436.700000 -1.592191 -1.170763
0.605968 1.324597 436.800000 -1.642768 -0.581844
0.606146 1.324335 436.900000 -1.663647 -0.599225
0.606332 1.324046 437.000000 -1.685290 0.343833
0.606509 1.323986 437.100000 -1.659672 1.458169
0.606655 1.324076 437.200000 -1.578465 1.853539
0.606766 1.324499 437.300000 -1.477896 2.518887
0.606834 1.326012 437.400000 -1.344562 3.986318
0.606843 1.326168 437.500000 -1.138523 2.003163
0.606827 1.326292 437.600000 -1.032672 1.934021
0.606787 1.326030 437.700000 -0.930808 -0.596184
0.606753 1.325930 437.800000 -0.955963 1.332721
0.606703 1.325753 437.900000 -0.884547 1.052464
0.606643 1.325506 438.000000 -0.827501 0.694103
0.606576 1.325803 438.100000 -0.788659 2.292164
0.606488 1.325515 438.200000 -0.670107 0.362944
0.606398 1.325235 438.300000 -0.648609 -0.442184
0.606311 1.326008 438.400000 -0.667475 3.071265
0.606202 1.325740 438.500000 -0.510575 0.541628
0.606090 1.325439 438.600000 -0.480941 -0.099826
0.605979 1.325148 438.700000 -0.483527 0.311698
0.605865 1.324874 438.800000 -0.465525 -0.498630
0.605755 1.324612 438.900000 -0.488128 0.592957
0.605640 1.324457 439.000000 -0.456040 1.132934
0.605520 1.324205 439.100000 -0.397113 -0.659687
0.605403 1.325042 439.200000 -0.428112 -3.163109
0.605304 1.324805 439.300000 -0.584127 -0.754706
0.605210 1.324533 439.400000 -0.618941 -0.507146
0.605119 1.324239 439.500000 -0.641204 0.243672
0.605026 1.324240 439.600000 -0.625814 1.632713
0.604922 1.324180 439.700000 -0.541050 1.455037
0.604809 1.324896 439.800000 -0.465593 2.990561
0.604683 1.325375 439.900000 -0.313737 2.620498
0.604549 1.328036 440.000000 -0.181143 5.106309
0.604412 1.328004 440.100000 0.075078 1.540947
0.604278 1.327705 440.200000 0.151750 -0.161950
0.604143 1.327450 440.300000 0.142894 -0.636466
0.604007 1.327225 440.400000 0.110356 -0.819752
0.603871 1.327406 440.500000 0.068817 -2.062189
0.603734 1.328047 440.600000 -0.034637 -2.881535
0.603600 1.327937 440.700000 -0.178540 -1.298424
0.603470 1.327690 440.800000 -0.242569 -0.690218
0.603342 1.327389 440.900000 -0.275867 0.063086
0.603213 1.327325 441.000000 -0.271333 1.445663
0.603081 1.327027 441.100000 -0.197694 -0.147091
0.602949 1.326756 441.200000 -0.204060 -0.516483
0.602819 1.326665 441.300000 -0.228863 -1.359469
0.602692 1.326415 441.400000 -0.295693 -0.666057
0.602568 1.326116 441.500000 -0.327517 0.097716
0.602443 1.326870 441.600000 -0.320994 -3.052722
0.602332 1.326679 441.700000 -0.472025 -0.982104
0.602226 1.326432 441.800000 -0.518770 -0.686869
0.602124 1.326961 441.900000 -0.550519 2.706556
0.602007 1.327243 442.000000 -0.412439 -2.269493
0.601902 1.326996 442.100000 -0.523851 -0.681811
0.601801 1.326788 442.200000 -0.555323 0.904569
0.601694 1.326557 442.300000 -0.507318 -0.779833
0.601591 1.326298 442.400000 -0.543773 -0.599046
0.601492 1.326066 442.500000 -0.571006 0.774614
0.601388 1.325894 442.600000 -0.529420 -1.065384
0.601290 1.325597 442.700000 -0.580042 -0.125352
0.601193 1.325365 442.800000 -0.583410 0.774736
0.601090 1.327361 442.900000 -0.541756 4.509713
0.600965 1.327137 443.000000 -0.313562 0.815660
0.600838 1.327006 443.100000 -0.271211 1.223768
0.600708 1.326766 443.200000 -0.208666 0.723623
0.600575 1.326832 443.300000 -0.171442 1.798096
0.600441 1.326803 443.400000 -0.080680 1.549671
0.600305 1.326626 443.500000 -0.002793 1.041515
0.600170 1.327147 443.600000 0.049297 -2.696407
0.600036 1.326848 443.700000 -0.085770 -0.019186
0.599902 1.326551 443.800000 -0.086301 0.128333
0.599767 1.326379 443.900000 -0.079452 -1.060913
0.599634 1.326685 444.000000 -0.132101 2.318013
0.599499 1.326667 444.100000 -0.015540 1.580855
0.599365 1.326411 444.200000 0.063581 -0.609688
0.599230 1.326113 444.300000 0.032778 0.062803
0.599095 1.326009 444.400000 0.035755 -1.316148
0.598961 1.327044 444.500000 -0.030231 3.442791
0.598828 1.327514 444.600000 0.142059 2.613900
0.598702 1.327442 444.700000 0.272044 -1.419006
0.598572 1.327931 444.800000 0.199733 -2.646771
0.598438 1.327955 444.900000 0.066396 -1.696160
0.598303 1.327659 445.000000 -0.018744 0.137558
0.598169 1.327363 445.100000 -0.011772 -0.121574
0.598035 1.327131 445.200000 -0.017792 -0.767127
0.597901 1.326867 445.300000 -0.056059 -0.552204
0.597767 1.326957 445.400000 -0.083389 -1.859296
0.597637 1.326823 445.500000 -0.175937 -1.209072
0.597509 1.326854 445.600000 -0.235511 -1.710655
0.597386 1.327159 445.700000 -0.319866 -2.317964
0.597273 1.329162 445.800000 -0.434165 -4.529384
0.597188 1.328908 445.900000 -0.658464 -0.627788
0.597107 1.328943 446.000000 -0.686561 -1.724771
0.597040 1.329502 446.100000 -0.769366 2.765412
0.596950 1.329459 446.200000 -0.627249 1.507151
0.596850 1.329306 446.300000 -0.548755 -1.137687
0.596757 1.329160 446.400000 -0.602896 -1.165018
0.596672 1.329421 446.500000 -0.658132 2.232198
0.596571 1.329134 446.600000 -0.543232 0.316559
0.596469 1.328873 446.700000 -0.524687 -0.570482
0.596369 1.328578 446.800000 -0.550588 -0.136784
0.596270 1.328556 446.900000 -0.554674 -1.569303
0.596181 1.328386 447.000000 -0.630366 -1.063418
0.596099 1.328129 447.100000 -0.680385 -0.598604
0.596022 1.328112 447.200000 -0.706914 -1.583304
0.595957 1.327816 447.300000 -0.782544 -0.098793
0.595893 1.327755 447.400000 -0.783571 1.451496
0.595815 1.327613 447.500000 -0.707078 1.175988
0.595729 1.327387 447.600000 -0.644744 -0.796105
0.595648 1.327418 447.700000 -0.681325 1.712448
0.595554 1.327335 447.800000 -0.592296 1.381647
0.595451 1.327291 447.900000 -0.520252 -1.503504
0.595357 1.327417 448.000000 -0.592826 -1.945516
0.595277 1.327499 448.100000 -0.687138 -1.841315
0.595212 1.328733 448.200000 -0.775768 -3.704382
0.595181 1.328903 448.300000 -0.957108 -2.045398
0.595172 1.328639 448.400000 -1.054593 -0.532792
0.595169 1.328934 448.500000 -1.075959 -2.302656
0.595193 1.328833 448.600000 -1.185712 1.325002
0.595198 1.328628 448.700000 -1.113534 0.904318
0.595191 1.328338 448.800000 -1.062750 -0.237366
0.595186 1.328045 448.900000 -1.069305 -0.141791
0.595181 1.328256 449.000000 -1.071048 -2.133479
0.595202 1.328476 449.100000 -1.172366 -2.152503
0.595250 1.328297 449.200000 -1.274130 -1.025108
0.595311 1.328668 449.300000 -1.319014 -2.448362
0.595408 1.328438 449.400000 -1.434838 -0.763628
0.595514 1.328237 449.500000 -1.465845 0.922454
0.595604 1.329211 449.600000 -1.412393 3.378952
0.595641 1.329089 449.700000 -1.236383 1.248624
0.595660 1.329556 449.800000 -1.167770 2.619329
0.595646 1.329264 449.900000 -1.030965 0.183314
0.595628 1.328980 450.000000 -1.016644 0.320095
0.595606 1.328738 450.100000 -0.995556 0.690225
0.595575 1.328448 450.200000 -0.956067 0.210558
0.595541 1.328193 450.300000 -0.940759 -0.599072
0.595513 1.327930 450.400000 -0.966009 0.536802
0.595478 1.327899 450.500000 -0.934339 1.542165
0.595426 1.327947 450.600000 -0.852559 1.757543
0.595358 1.327840 450.700000 -0.760419 -1.301811
0.595301 1.327719 450.800000 -0.821707 1.249438
0.595232 1.327532 450.900000 -0.755127 -0.982823
0.595171 1.328225 451.000000 -0.800492 2.984742
0.595086 1.328282 451.100000 -0.647253 1.780731
0.594988 1.328174 451.200000 -0.554980 1.298433
0.594882 1.328932 451.300000 -0.487283 3.081631
0.594763 1.332370 451.400000 -0.330766 5.805454
0.594631 1.333702 451.500000 -0.038839 3.833487
0.594502 1.333461 451.600000 0.153030 -0.699326
0.594372 1.333206 451.700000 0.117298 -0.601006
0.594241 1.333002 451.800000 0.086661 -0.909060
0.594110 1.332739 451.900000 0.040775 -0.535002
0.593979 1.332445 452.000000 0.013821 0.058991
0.593848 1.332374 452.100000 0.016701 -1.423202
0.593717 1.332567 452.200000 -0.054542 -2.101208
0.593588 1.333542 452.300000 -0.159330 -3.388497
0.593469 1.333410 452.400000 -0.327958 -1.213794
0.593354 1.333116 452.500000 -0.387008 -0.081542
0.593240 1.332822 452.600000 -0.389150 -0.038848
0.593126 1.332609 452.700000 -0.389147 0.860495
0.593008 1.332423 452.800000 -0.344176 -0.990644
0.592894 1.332216 452.900000 -0.391988 0.889722
0.592776 1.331966 453.000000 -0.345542 -0.629153
0.592661 1.333605 453.100000 -0.375271 -4.186060
0.592568 1.335055 453.200000 -0.582698 -3.976329
0.592504 1.334796 453.300000 -0.778601 -0.567428
0.592444 1.334721 453.400000 -0.803079 -1.409049
0.592397 1.334434 453.500000 -0.869516 0.259252
0.592346 1.334174 453.600000 -0.852206 0.558438
0.592290 1.334056 453.700000 -0.820023 1.263601
0.592222 1.333959 453.800000 -0.752743 1.337489
0.592143 1.333677 453.900000 -0.682105 -0.327036
0.592065 1.333415 454.000000 -0.695046 0.532174
0.591984 1.333150 454.100000 -0.664962 0.507782
0.591898 1.333856 454.200000 -0.636248 3.013539
0.591793 1.333570 454.300000 -0.482390 0.264187
0.591687 1.333294 454.400000 -0.466769 -0.395015
0.591583 1.333131 454.500000 -0.484186 1.089195
0.591473 1.332972 454.600000 -0.427305 -1.104244
0.591368 1.332679 454.700000 -0.480381 -0.061736
0.591263 1.332875 454.800000 -0.481066 -2.109704
0.591171 1.332583 454.900000 -0.584146 0.081548
0.591078 1.332599 455.000000 -0.577147 -1.677584
0.590995 1.333204 455.100000 -0.658141 -2.858331
0.590936 1.333498 455.200000 -0.797767 -2.312111
0.590897 1.333786 455.300000 -0.909384 -2.298497
0.590881 1.333499 455.400000 -1.019761 -0.231957
0.590867 1.333216 455.500000 -1.026261 -0.303057
0.590855 1.332931 455.600000 -1.036282 0.268370
0.590839 1.333735 455.700000 -1.017682 3.160823
0.590790 1.333443 455.800000 -0.854553 0.050845
0.590739 1.333240 455.900000 -0.847738 -0.905636
0.590696 1.333128 456.000000 -0.888781 -1.280718
0.590665 1.332861 456.100000 -0.948373 -0.484651
0.590638 1.332674 456.200000 -0.967863 -0.977245
0.590621 1.332727 456.300000 -1.011886 -1.774714
0.590623 1.332861 456.400000 -1.095563 -1.973222
0.590648 1.332619 456.500000 -1.188746 -0.674663
0.590681 1.332331 456.600000 -1.216535 0.169958
0.590710 1.332370 456.700000 -1.201955 1.740442
0.590715 1.333283 456.800000 -1.108923 3.316702
0.590682 1.334154 456.900000 -0.937543 3.260434
0.590618 1.334025 457.000000 -0.769834 1.221164
0.590543 1.334335 457.100000 -0.704926 -2.345878
0.590487 1.334263 457.200000 -0.818696 -1.417230
0.590444 1.333985 457.300000 -0.885464 0.353620
0.590396 1.333712 457.400000 -0.863355 0.411687
0.590344 1.333628 457.500000 -0.838454 1.377170
0.590279 1.333364 457.600000 -0.765403 0.502588
0.590209 1.333154 457.700000 -0.736447 -0.864470
0.590146 1.333113 457.800000 -0.775988 -1.513470
0.590096 1.332823 457.900000 -0.847782 0.082182
0.590044 1.332685 458.000000 -0.839434 -1.182349
0.590002 1.332394 458.100000 -0.894354 0.064320
0.589959 1.332348 458.200000 -0.886666 1.496299
0.589902 1.332109 458.300000 -0.807418 -0.691175
0.589850 1.331830 458.400000 -0.837940 0.328146
0.589794 1.331549 458.500000 -0.817343 0.288527
0.589735 1.331485 458.600000 -0.798830 1.439686
0.589663 1.332401 458.700000 -0.722851 3.327464
0.589568 1.332328 458.800000 -0.552864 1.411735
0.589465 1.332233 458.900000 -0.479513 1.340086
0.589354 1.331973 459.000000 -0.410111 0.525248
0.589242 1.332126 459.100000 -0.381798 -2.016940
0.589139 1.331855 459.200000 -0.480736 0.413278
0.589033 1.331565 459.300000 -0.457668 0.066863
0.588927 1.331370 459.400000 -0.452037 -0.932350
0.588826 1.331559 459.500000 -0.496394 -2.098146
0.588737 1.331401 459.600000 -0.598819 -1.100658
0.588655 1.331124 459.700000 -0.650858 -0.333835
0.588575 1.330963 459.800000 -0.664296 -1.089434
0.588503 1.330766 459.900000 -0.715446 -0.920453
0.588437 1.330761 460.000000 -0.757891 1.615557
0.588359 1.330509 460.100000 -0.673324 -0.587510
0.588284 1.330695 460.200000 -0.699333 2.090469
0.588194 1.330406 460.300000 -0.591313 0.021590
0.588104 1.330258 460.400000 -0.587277 1.138972
0.588006 1.330073 460.500000 -0.527392 0.977724
0.587903 1.330740 460.600000 -0.475869 2.968168
0.587787 1.331854 460.700000 -0.325081 3.595916
0.587662 1.333264 460.800000 -0.143660 3.957198
0.587535 1.333164 460.900000 0.054919 1.321207
0.587409 1.332876 461.000000 0.120704 0.105580
0.587283 1.332848 461.100000 0.125380 1.549656
0.587160 1.333063 461.200000 0.202236 2.156899
0.587043 1.333036 461.300000 0.309069 1.553444
0.586932 1.332817 461.400000 0.385196 0.807660
0.586825 1.332620 461.500000 0.423653 0.920604
0.586721 1.332474 461.600000 0.467565 -1.144132
0.586612 1.332185 461.700000 0.408021 -0.000998
0.586503 1.332199 461.800000 0.405931 -1.670987
0.586387 1.332468 461.900000 0.320352 -2.269925
0.586265 1.332405 462.000000 0.205254 -1.443630
0.586140 1.332656 462.100000 0.132046 -2.232634
0.586013 1.332380 462.200000 0.019754 -0.327381
0.585886 1.332126 462.300000 0.003286 -0.566982
0.585760 1.332237 462.400000 -0.025079 -1.921353
0.585635 1.332020 462.500000 -0.121022 0.808412
0.585509 1.331946 462.600000 -0.079996 1.408510
0.585382 1.331703 462.700000 -0.009170 -0.643572
0.585256 1.332748 462.800000 -0.041303 3.512585
0.585132 1.332697 462.900000 0.134533 1.479820
0.585010 1.332426 463.000000 0.207851 0.399618
0.584889 1.332174 463.100000 0.226793 -0.569482
0.584767 1.332300 463.200000 0.197185 1.957405
0.584650 1.332014 463.300000 0.294069 -0.139286
0.584533 1.331733 463.400000 0.285634 0.230052
0.584416 1.331471 463.500000 0.295709 0.489425
0.584301 1.331348 463.600000 0.318701 -1.233145
0.584182 1.331210 463.700000 0.255451 1.175113
0.584067 1.330994 463.800000 0.312929 -0.814092
0.583949 1.331171 463.900000 0.270660 -2.074705
0.583826 1.330902 464.000000 0.165571 0.401032
0.583704 1.330918 464.100000 0.184795 1.677907
0.583586 1.330937 464.200000 0.267766 -1.684521
0.583464 1.330654 464.300000 0.182201 0.179627
0.583342 1.330526 464.400000 0.190272 1.211273
0.583223 1.330436 464.500000 0.249884 1.352905
0.583109 1.330185 464.600000 0.316280 0.573403
0.582996 1.329931 464.700000 0.343369 -0.542166
0.582881 1.329687 464.800000 0.314544 0.629101
0.582768 1.329465 464.900000 0.344426 -0.771118
0.582653 1.329299 465.000000 0.304148 -1.053619
0.582535 1.329435 465.100000 0.249946 -1.981793
0.582412 1.329331 465.200000 0.149607 -1.300658
0.582287 1.329398 465.300000 0.083826 1.812020
0.582166 1.329121 465.400000 0.174008 0.276542
0.582044 1.329014 465.500000 0.186965 1.288061
0.581926 1.329191 465.600000 0.250433 2.077056
0.581814 1.329337 465.700000 0.353034 2.004173
0.581711 1.329097 465.800000 0.451477 0.646029
0.581612 1.329031 465.900000 0.481521 -1.429817
0.581505 1.328963 466.000000 0.407623 1.422427
0.581404 1.328734 466.100000 0.476706 0.722391
0.581307 1.328567 466.200000 0.510442 1.052019
0.581216 1.328449 466.300000 0.560491 1.247245
0.581133 1.328600 466.400000 0.620051 2.015255
0.581064 1.328376 466.500000 0.717713 0.755311
0.581000 1.328121 466.600000 0.751890 -0.522194
0.580931 1.328063 466.700000 0.722021 1.455242
0.580874 1.327800 466.800000 0.791173 0.447553
0.580820 1.327535 466.900000 0.809595 0.426364
0.580768 1.327292 467.000000 0.826865 0.617416
0.580722 1.327019 467.100000 0.853601 0.326806
0.580678 1.326830 467.200000 0.865674 -0.942228
0.580625 1.326549 467.300000 0.814234 -0.155133
0.580569 1.326374 467.400000 0.802406 -1.007039
0.580505 1.326120 467.500000 0.748042 -0.532239
0.580436 1.325842 467.600000 0.717690 0.219259
0.580368 1.325578 467.700000 0.725064 0.430740
0.580303 1.327193 467.800000 0.742976 -4.214988
0.580209 1.327169 467.900000 0.528512 -1.558278
0.580106 1.327635 468.000000 0.447955 -2.648050
0.579993 1.327715 468.100000 0.313313 -1.846242
0.579874 1.327508 468.200000 0.219434 -0.842804
0.579754 1.327225 468.300000 0.176197 -0.083480
0.579633 1.328701 468.400000 0.171142 4.060128
0.579524 1.331235 468.500000 0.373293 5.138598
0.579443 1.333244 468.600000 0.628356 4.636234
0.579398 1.334594 468.700000 0.857026 3.914598
0.579391 1.334585 468.800000 1.048471 1.609664
0.579402 1.334712 468.900000 1.123712 -1.964195
0.579390 1.334428 469.000000 1.019883 -0.060598
0.579375 1.336390 469.100000 1.011754 -4.590929
0.579316 1.336980 469.200000 0.777149 -2.865374
0.579235 1.336695 469.300000 0.629994 -0.019151
0.579153 1.337882 469.400000 0.625887 -3.717080
0.579050 1.339841 469.500000 0.436903 -4.591125
0.578932 1.340014 469.600000 0.205163 -2.075355
0.578809 1.340342 469.700000 0.100369 -2.399853
0.578686 1.340097 469.800000 -0.020125 0.614956
0.578563 1.340424 469.900000 0.010723 2.397969
0.578442 1.340167 470.000000 0.130568 -0.516749
0.578320 1.339983 470.100000 0.104078 -0.976760
0.578197 1.339802 470.200000 0.054719 0.985975
0.578076 1.339525 470.300000 0.103744 -0.273528
0.577954 1.339254 470.400000 0.089549 -0.365371
0.577831 1.339003 470.500000 0.070833 -0.561714
0.577709 1.338720 470.600000 0.042393 -0.087413
0.577586 1.338709 470.700000 0.037810 -1.605804
0.577464 1.338447 470.800000 -0.042669 0.458063
0.577341 1.338719 470.900000 -0.019552 -2.288869
0.577220 1.338726 471.000000 -0.133898 -1.656444
0.577103 1.338747 471.100000 -0.216051 -1.694384
0.576990 1.338555 471.200000 -0.299690 -0.930867
0.576880 1.338274 471.300000 -0.344735 -0.172235
0.576771 1.338261 471.400000 -0.351623 1.597903
0.576656 1.338384 471.500000 -0.269969 -1.960749
0.576548 1.338180 471.600000 -0.366657 -0.866401
0.576444 1.338265 471.700000 -0.408144 1.865256
0.576332 1.338101 471.800000 -0.312840 1.062620
0.576217 1.337900 471.900000 -0.258145 -0.879945
0.576105 1.337742 472.000000 -0.300852 -1.088284
0.575996 1.337837 472.100000 -0.353762 -1.888953
0.575895 1.337761 472.200000 -0.446440 -1.400419
0.575801 1.338404 472.300000 -0.514229 -2.957793
0.575725 1.338954 472.400000 -0.659548 -2.806140
0.575671 1.339006 472.500000 -0.796557 -1.781295
0.575631 1.338764 472.600000 -0.881639 -0.627582
0.575597 1.339216 472.700000 -0.908610 2.635163
0.575538 1.338968 472.800000 -0.772309 0.579819
0.575474 1.338694 472.900000 -0.739456 0.293127
0.575407 1.338459 473.000000 -0.721102 -0.674384
0.575345 1.338184 473.100000 -0.751216 0.272346
0.575281 1.337903 473.200000 -0.733843 0.120263
0.575215 1.338046 473.300000 -0.724160 2.008170
0.575134 1.337816 473.400000 -0.620131 0.705952
0.575048 1.337882 473.500000 -0.581733 -1.817248
0.574974 1.337732 473.600000 -0.669686 1.116788
0.574892 1.337702 473.700000 -0.610499 1.546677
0.574800 1.337432 473.800000 -0.530112 0.348934
0.574706 1.337187 473.900000 -0.510015 -0.591179
0.574616 1.337359 474.000000 -0.537024 -2.075425
0.574537 1.337081 474.100000 -0.638110 -0.180369
0.574460 1.337305 474.200000 -0.643938 -2.191570
0.574398 1.337033 474.300000 -0.750297 -0.301676
0.574338 1.336822 474.400000 -0.761629 -0.822139
0.574284 1.336727 474.500000 -0.798928 -1.330907
0.574242 1.336517 474.600000 -0.861479 -0.826308
0.574206 1.336423 474.700000 -0.898487 1.331146
0.574157 1.336272 474.800000 -0.827437 1.114959
0.574098 1.335991 474.900000 -0.767552 -0.022137
0.574039 1.335717 475.000000 -0.764821 -0.264777
0.573981 1.335780 475.100000 -0.774236 1.808976
0.573909 1.335513 475.200000 -0.679916 0.363463
0.573834 1.335296 475.300000 -0.658343 -0.778661
0.573764 1.335075 475.400000 -0.693984 0.755561
0.573688 1.334819 475.500000 -0.652736 0.479905
0.573608 1.335012 475.600000 -0.625477 -2.124385
0.573544 1.334821 475.700000 -0.728569 -0.919049
0.573486 1.334573 475.800000 -0.770879 -0.557009
0.573431 1.334305 475.900000 -0.794875 -0.342757
0.573380 1.334071 476.000000 -0.808038 0.663847
0.573322 1.334261 476.100000 -0.770806 2.117330
0.573247 1.333988 476.200000 -0.661085 -0.254995
0.573174 1.333711 476.300000 -0.670530 -0.167125
0.573101 1.333806 476.400000 -0.675533 1.890952
0.573016 1.335783 476.500000 -0.577608 4.637809
0.572908 1.336239 476.600000 -0.342829 2.650483
0.572793 1.338389 476.700000 -0.208591 4.813718
0.572673 1.339651 476.800000 0.033138 3.836247
0.572558 1.339689 476.900000 0.224784 1.742106
0.572448 1.340067 477.000000 0.310766 -2.507466
0.572332 1.339877 477.100000 0.183839 -0.932222
0.572214 1.340396 477.200000 0.136308 2.762758
0.572102 1.341314 477.300000 0.273765 3.383592
0.572002 1.341110 477.400000 0.441575 0.857105
0.571907 1.341245 477.500000 0.482223 1.993257
0.571822 1.341006 477.600000 0.579475 0.630579
0.571741 1.340753 477.700000 0.608106 0.513021
0.571663 1.340661 477.800000 0.630717 1.343062
0.571594 1.340832 477.900000 0.694716 2.077541
0.571541 1.340670 478.000000 0.795120 -1.063668
0.571478 1.340522 478.100000 0.737961 -1.126335
0.571407 1.340446 478.200000 0.677954 1.396528
0.571345 1.340206 478.300000 0.744391 0.619048
0.571288 1.339975 478.400000 0.771621 0.684685
0.571236 1.339900 478.500000 0.801997 -1.401116
0.571172 1.339724 478.600000 0.727931 -0.999613
0.571100 1.339474 478.700000 0.674311 0.532291
0.571032 1.339195 478.800000 0.697554 -0.006054
0.570963 1.338971 478.900000 0.693764 0.735412
0.570899 1.338851 479.000000 0.727066 1.236036
0.570844 1.338583 479.100000 0.785232 -0.321495
0.570786 1.338460 479.200000 0.765231 -1.224673
0.570718 1.338430 479.300000 0.700171 -1.544482
0.570639 1.338508 479.400000 0.619446 -1.852944
0.570549 1.338510 479.500000 0.523702 -1.640066
0.570450 1.338314 479.600000 0.439080 -0.894933
0.570347 1.338038 479.700000 0.392138 0.148627
0.570244 1.337941 479.800000 0.397609 1.324424
0.570148 1.337736 479.900000 0.461842 0.838765
0.570055 1.337469 480.000000 0.501471 -0.337168
0.569961 1.337463 480.100000 0.482105 1.618466
0.569875 1.337204 480.200000 0.560618 0.428879
0.569791 1.336984 480.300000 0.579259 0.747629
0.569712 1.336724 480.400000 0.613744 0.420001
0.569635 1.336829 480.500000 0.631675 1.918508
0.569571 1.337027 480.600000 0.724442 2.139945
0.569524 1.337065 480.700000 0.827817 1.742582
0.569491 1.337089 480.800000 0.910807 1.705965
0.569475 1.337038 480.900000 0.991552 1.477926
0.569474 1.337224 481.000000 1.060490 2.112014
0.569495 1.337064 481.100000 1.160788 1.065241
0.569529 1.336818 481.200000 1.208246 -0.549883
0.569554 1.336800 481.300000 1.174711 -1.583250
0.569559 1.337110 481.400000 1.089675 -2.377913
0.569537 1.337060 481.500000 0.965331 -1.481565
0.569501 1.336851 481.600000 0.886426 -0.813518
0.569456 1.336786 481.700000 0.841318 1.428589
0.569423 1.337452 481.800000 0.908541 3.015918
0.569421 1.337313 481.900000 1.054794 1.154568
0.569430 1.337055 482.000000 1.107248 -0.430224
0.569433 1.336796 482.100000 1.080201 0.427886
0.569439 1.336527 482.200000 1.096194 0.283080
0.569448 1.336273 482.300000 1.104867 0.463889
0.569460 1.336898 482.400000 1.122537 -2.950368
0.569439 1.336978 482.500000 0.969406 -1.858014
0.569400 1.336747 482.600000 0.871659 0.662422
0.569366 1.336543 482.700000 0.900421 0.839975
0.569339 1.336269 482.800000 0.937918 0.154571
0.569313 1.336177 482.900000 0.940957 1.334676
0.569299 1.335956 483.000000 1.002986 0.738606
0.569292 1.335686 483.100000 1.034901 -0.237370
0.569282 1.336400 483.200000 1.017858 -3.094822
0.569240 1.336301 483.300000 0.858028 -1.308719
0.569187 1.336058 483.400000 0.788302 -0.566238
0.569128 1.336016 483.500000 0.756048 -1.505811
0.569058 1.336523 483.600000 0.676978 -2.753634
0.568970 1.337143 483.700000 0.535911 -2.944002
0.568868 1.337189 483.800000 0.386031 -1.765913
0.568759 1.336920 483.900000 0.295805 -0.263495
0.568650 1.336816 484.000000 0.281152 1.292030
0.568545 1.336735 484.100000 0.344347 -1.372949
0.568435 1.336466 484.200000 0.273978 -0.277110
0.568325 1.336275 484.300000 0.258753 -0.902976
0.568212 1.336107 484.400000 0.212310 -1.024988
0.568097 1.335931 484.500000 0.159999 -0.983492
0.567981 1.336234 484.600000 0.110025 -2.366519
0.567864 1.336134 484.700000 -0.008851 -1.307328
0.567748 1.335861 484.800000 -0.074173 0.162750
0.567631 1.337106 484.900000 -0.065665 -3.840062
0.567521 1.338814 485.000000 -0.257340 -4.386341
0.567427 1.339179 485.100000 -0.475370 -2.494238
0.567347 1.339022 485.200000 -0.597705 -1.075993
0.567274 1.338827 485.300000 -0.648516 0.886094
0.567194 1.338596 485.400000 -0.600969 0.659793
0.567110 1.338611 485.500000 -0.564975 -1.679215
0.567036 1.338388 485.600000 -0.646111 -0.718471
0.566967 1.338132 485.700000 -0.678804 -0.429475
0.566900 1.337875 485.800000 -0.696883 -0.419163
0.566836 1.337611 485.900000 -0.714357 -0.342807
0.566774 1.337337 486.000000 -0.727926 -0.076823
0.566712 1.337384 486.100000 -0.728127 -1.769569
0.566663 1.337235 486.200000 -0.812965 -1.107647
0.566624 1.337556 486.300000 -0.864282 -2.408432
0.566606 1.337416 486.400000 -0.980383 -1.146766
0.566599 1.337142 486.500000 -1.032819 -0.065286
0.566592 1.337197 486.600000 -1.030919 1.792459
0.566565 1.336924 486.700000 -0.936142 -0.129141
0.566539 1.336657 486.800000 -0.937918 -0.256565
0.566515 1.336820 486.900000 -0.946057 -2.064769
0.566511 1.336656 487.000000 -1.044565 -1.038854
0.566517 1.336430 487.100000 -1.091285 -0.686024
0.566529 1.336782 487.200000 -1.120129 -2.470087
0.566570 1.337272 487.300000 -1.238033 -2.729058
0.566646 1.337261 487.400000 -1.368296 -1.603019
0.566743 1.337119 487.500000 -1.441605 1.134186
0.566821 1.336853 487.600000 -1.377688 -0.284373
0.566902 1.336890 487.700000 -1.385018 -1.741833
0.567005 1.337294 487.800000 -1.465185 -2.572403
0.567147 1.337292 487.900000 -1.586479 -1.631545
0.567313 1.337039 488.000000 -1.660124 0.443534
0.567469 1.337140 488.100000 -1.629646 1.913088
0.567591 1.336983 488.200000 -1.525844 1.071611
0.567695 1.336713 488.300000 -1.464634 0.169703
0.567793 1.336553 488.400000 -1.448826 1.056714
0.567874 1.336348 488.500000 -1.388746 0.819821
0.567942 1.336076 488.600000 -1.340811 -0.086300
0.568009 1.336152 488.700000 -1.338422 -1.848719
0.568100 1.336051 488.800000 -1.424166 -1.299287
0.568209 1.336002 488.900000 -1.482010 -1.479314
0.568338 1.336085 489.000000 -1.548565 -1.867154
0.568495 1.336072 489.100000 -1.634180 1.593671
0.568623 1.336003 489.200000 -1.546326 1.412747
0.568727 1.335740 489.300000 -1.467957 0.320634
0.568824 1.335475 489.400000 -1.444585 0.271214
0.568915 1.335204 489.500000 -1.423801 0.149120
0.569001 1.335073 489.600000 -1.409226 1.175524
0.569069 1.336033 489.700000 -1.343404 3.474872
0.569091 1.336010 489.800000 -1.162944 1.564172
0.569094 1.336408 489.900000 -1.078920 2.563459
0.569069 1.336498 490.000000 -0.945353 1.885907
0.569026 1.336269 490.100000 -0.846331 0.653337
0.568976 1.336080 490.200000 -0.809432 -0.906556
0.568934 1.335849 490.300000 -0.850713 -0.639648
0.568897 1.336007 490.400000 -0.878442 -2.055252
0.568878 1.335851 490.500000 -0.976812 -1.068405
0.568869 1.335826 490.600000 -1.025348 1.557646
0.568844 1.336859 490.700000 -0.942339 3.579093
0.568787 1.337253 490.800000 -0.758673 2.557330
0.568711 1.338281 490.900000 -0.627013 3.573806
0.568615 1.340199 491.000000 -0.445187 4.637764
0.568504 1.340158 491.100000 -0.211073 1.509645
0.568390 1.340674 491.200000 -0.134536 2.783779
0.568274 1.341878 491.300000 0.005326 3.810225
0.568163 1.341685 491.400000 0.195811 0.886893
0.568053 1.341816 491.500000 0.239176 -1.993194
0.567939 1.341566 491.600000 0.138321 -0.473822
0.567825 1.341293 491.700000 0.113938 -0.002288
0.567711 1.341027 491.800000 0.113254 0.248360
0.567597 1.340965 491.900000 0.125106 -1.438399
0.567482 1.341112 492.000000 0.052560 -2.033486
0.567367 1.340908 492.100000 -0.049377 -0.817519
0.567253 1.340651 492.200000 -0.090006 0.387647
0.567138 1.340379 492.300000 -0.070174 0.094010
0.567023 1.340132 492.400000 -0.065122 0.492653
0.566908 1.339860 492.500000 -0.040164 -0.061378
0.566794 1.339604 492.600000 -0.043032 0.398269
0.566679 1.339654 492.700000 -0.022904 -1.780038
0.566565 1.339704 492.800000 -0.111791 1.782461
0.566450 1.339617 492.900000 -0.022109 1.349396
0.566335 1.339450 493.000000 0.045471 -1.015157
0.566221 1.339192 493.100000 -0.005514 -0.369584
0.566106 1.338924 493.200000 -0.023965 -0.167144
0.565991 1.338826 493.300000 -0.032203 -1.310444
0.565877 1.339139 493.400000 -0.097564 -2.400567
0.565768 1.340393 493.500000 -0.217105 -3.880491
0.565670 1.340401 493.600000 -0.410044 -1.662102
0.565580 1.340192 493.700000 -0.491098 0.785504
0.565486 1.339927 493.800000 -0.449368 0.253294
0.565390 1.339802 493.900000 -0.434456 -1.202025
0.565301 1.339721 494.000000 -0.492385 1.368871
0.565204 1.339532 494.100000 -0.421480 -0.899189
0.565112 1.339523 494.200000 -0.464332 -1.609600
0.565027 1.339252 494.300000 -0.542490 -0.079949
0.564943 1.338991 494.400000 -0.543775 -0.306690
0.564860 1.338732 494.500000 -0.556391 0.335100
0.564775 1.339070 494.600000 -0.536854 2.455111
0.564678 1.342043 494.700000 -0.411414 5.665154
0.564565 1.342235 494.800000 -0.126099 2.142461
0.564451 1.342006 494.900000 -0.018346 0.644754
0.564337 1.342242 495.000000 0.013984 2.239877
0.564225 1.341984 495.100000 0.125908 -0.357543
0.564112 1.342586 495.200000 0.107401 2.941984
0.564005 1.342424 495.300000 0.253963 1.036475
0.563900 1.342223 495.400000 0.304517 0.833641
0.563798 1.341955 495.500000 0.344677 -0.180172
0.563696 1.341709 495.600000 0.333945 -0.489354
0.563592 1.341701 495.700000 0.307807 1.612996
0.563493 1.341534 495.800000 0.386918 1.013713
0.563399 1.341269 495.900000 0.435669 -0.246306
0.563303 1.341349 496.000000 0.421175 -1.862438
0.563200 1.341121 496.100000 0.325948 0.654449
0.563100 1.340853 496.200000 0.357040 0.129803
0.562999 1.340772 496.300000 0.361745 -1.368959
0.562895 1.340785 496.400000 0.291489 -1.678097
0.562785 1.340516 496.500000 0.206126 0.081699
0.562677 1.340285 496.600000 0.209181 -0.622463
0.562566 1.340551 496.700000 0.177012 -2.307553
0.562454 1.340298 496.800000 0.060749 0.409295
0.562341 1.340035 496.900000 0.080910 0.256041
0.562229 1.340124 497.000000 0.093307 1.886766
0.562119 1.340889 497.100000 0.187179 3.208199
0.562018 1.342094 497.200000 0.346653 3.830047
0.561934 1.342040 497.300000 0.536422 1.465581
0.561858 1.342013 497.400000 0.607019 1.552462
0.561792 1.341758 497.500000 0.681607 0.387203
0.561728 1.341784 497.600000 0.697559 1.714611
0.561676 1.341611 497.700000 0.779802 0.981593
0.561632 1.341343 497.800000 0.824983 0.089135
0.561588 1.341076 497.900000 0.825314 0.176467
0.561544 1.341160 498.000000 0.830011 1.874297
0.561516 1.340891 498.100000 0.919576 0.092279
0.561488 1.340643 498.200000 0.919592 -0.452758
0.561455 1.340378 498.300000 0.892356 -0.197478
0.561420 1.340736 498.400000 0.878021 2.499590
0.561408 1.340487 498.500000 0.998610 -0.453429
0.561390 1.341628 498.600000 0.970945 -3.749964
0.561338 1.341363 498.700000 0.778593 0.190641
0.561287 1.341094 498.800000 0.784232 0.008067
0.561235 1.340976 498.900000 0.780714 -1.227450
0.561174 1.340730 499.000000 0.715438 -0.469245
0.561109 1.340578 499.100000 0.688398 1.079356
0.561052 1.340570 499.200000 0.738924 1.612501
0.561006 1.340311 499.300000 0.815855 0.311603
0.560962 1.340150 499.400000 0.827355 1.036434
0.560927 1.340677 499.500000 0.875040 2.817607
0.560917 1.340715 499.600000 1.011545 1.751290
0.560924 1.340701 499.700000 1.094052 1.593372
0.560948 1.340482 499.800000 1.168251 0.702059
0.560980 1.340668 499.900000 1.197512 2.130615
0.561036 1.340480 500.000000 1.298055 0.894873
0.561102 1.340265 500.100000 1.336309 -0.729731
0.561157 1.340000 500.200000 1.293141 -0.162596
0.561208 1.340605 500.300000 1.278545 2.956221
0.561298 1.340411 500.400000 1.419964 0.860076
0.561397 1.340249 500.500000 1.455868 -1.029604
0.561480 1.340082 500.600000 1.397108 -1.003434
0.561547 1.339974 500.700000 1.339951 -1.261415
0.561596 1.339711 500.800000 1.270180 -0.215711
0.561641 1.339457 500.900000 1.253044 0.376380
0.561689 1.339328 501.000000 1.265598 1.175906
0.561750 1.341034 501.100000 1.318065 4.447257
0.561872 1.340794 501.200000 1.533837 0.530110
0.562001 1.340531 501.300000 1.552674 -0.199460
0.562124 1.340267 501.400000 1.534937 0.183909
0.562247 1.340016 501.500000 1.536458 0.401475
0.562374 1.339749 501.600000 1.548850 -0.003184
0.562498 1.339497 501.700000 1.540946 0.395122
0.562627 1.339752 501.800000 1.552998 2.287019
0.562789 1.339503 501.900000 1.659584 0.433624
0.562955 1.339740 502.000000 1.672967 2.247247
0.563158 1.339509 502.100000 1.776964 0.604721
0.563368 1.339331 502.200000 1.798316 0.942665
0.563591 1.339070 502.300000 1.836457 0.246068
0.563816 1.339388 502.400000 1.839578 -2.422013
0.563994 1.339478 502.500000 1.709280 -1.892999
0.564138 1.339212 502.600000 1.606083 0.075783
0.564281 1.338959 502.700000 1.601842 -0.369279
0.564416 1.338707 502.800000 1.575369 -0.379702
0.564542 1.338774 502.900000 1.548507 -1.829936
0.564639 1.338543 503.000000 1.449268 0.599910
0.564742 1.338296 503.100000 1.472017 -0.434821
0.564836 1.338151 503.200000 1.442916 1.100810
0.564945 1.337977 503.300000 1.490742 0.963367
0.565066 1.337713 503.400000 1.531456 -0.144869
0.565182 1.337448 503.500000 1.516556 0.067038
0.565297 1.337364 503.600000 1.512325 1.351425
0.565430 1.337733 503.700000 1.572334 -2.529068
0.565523 1.337617 503.800000 1.438019 -1.226813
0.565597 1.337400 503.900000 1.369489 0.696144
0.565678 1.337206 504.000000 1.397448 -0.846366
0.565746 1.337063 504.100000 1.348143 1.112196
0.565827 1.336862 504.200000 1.397012 -0.803994
0.565896 1.337347 504.300000 1.349827 -2.751007
0.565928 1.337154 504.400000 1.205528 -0.849301
0.565948 1.337205 504.500000 1.157035 -1.787396
0.565948 1.336968 504.600000 1.061880 -0.533986
0.565941 1.336974 504.700000 1.029871 -1.652797
0.565916 1.336717 504.800000 0.942082 0.277581
0.565894 1.336865 504.900000 0.951251 2.041668
0.565891 1.336795 505.000000 1.048578 -1.401756
0.565873 1.336798 505.100000 0.973247 -1.644118
0.565838 1.336840 505.200000 0.886175 1.761750
0.565819 1.337628 505.300000 0.969832 3.261144
0.565833 1.338706 505.400000 1.128040 3.684565
0.565890 1.338558 505.500000 1.306628 1.086192
0.565960 1.338339 505.600000 1.354404 0.677362
0.566036 1.338416 505.700000 1.381500 -1.858244
0.566087 1.338152 505.800000 1.281681 -0.099406
0.566135 1.338201 505.900000 1.270302 -1.782432
0.566159 1.338868 506.000000 1.174829 -3.069948
0.566149 1.339078 506.100000 1.015457 -2.190324
0.566117 1.339772 506.200000 0.900864 -3.115702
0.566060 1.339511 506.300000 0.740574 0.206730
0.566003 1.339357 506.400000 0.747208 -1.057721
0.565938 1.339649 506.500000 0.690586 -2.373591
0.565859 1.339541 506.600000 0.568453 -1.260433
0.565772 1.339479 506.700000 0.502589 -1.430481
0.565678 1.339277 506.800000 0.428552 -0.794415
0.565582 1.339526 506.900000 0.386689 2.280890
0.565495 1.339274 507.000000 0.498800 -0.355018
0.565406 1.339131 507.100000 0.478555 1.107293
0.565322 1.338874 507.200000 0.531527 0.261935
0.565240 1.338622 507.300000 0.541966 0.356763
0.565159 1.338422 507.400000 0.557094 0.803781
0.565082 1.338189 507.500000 0.594498 -0.558164
0.565002 1.337926 507.600000 0.563617 0.003135
0.564922 1.337663 507.700000 0.560956 -0.079920
0.564841 1.337468 507.800000 0.554155 0.831368
0.564764 1.337328 507.900000 0.592953 1.119185
0.564694 1.337321 508.000000 0.645947 1.615226
0.564635 1.337186 508.100000 0.723479 -1.141260
0.564567 1.336984 508.200000 0.662798 -0.784765
0.564494 1.337280 508.300000 0.620246 -2.385728
0.564407 1.337157 508.400000 0.497859 1.189882
0.564326 1.337067 508.500000 0.554863 1.328982
0.564253 1.336811 508.600000 0.618538 0.247566
0.564181 1.336548 508.700000 0.627824 -0.061049
0.564108 1.336349 508.800000 0.621632 0.805412
0.564040 1.336088 508.900000 0.658795 0.095412
0.563972 1.335837 509.000000 0.660271 0.342144
0.563905 1.335618 509.100000 0.674077 0.664231
0.563843 1.335492 509.200000 0.703918 1.177580
0.563789 1.335316 509.300000 0.759278 -0.938212
0.563728 1.335055 509.400000 0.708571 -0.124883
0.563665 1.335374 509.500000 0.698784 2.432416
0.563620 1.335748 509.600000 0.816911 2.546436
0.563596 1.335491 509.700000 0.940148 -0.222226
0.563569 1.335413 509.800000 0.924336 -1.369807
0.563530 1.335444 509.900000 0.851224 -1.728333
0.563476 1.335208 510.000000 0.760551 -0.515157
0.563418 1.335280 510.100000 0.730990 -1.845497
0.563347 1.335058 510.200000 0.635060 -0.634683
0.563272 1.334804 510.300000 0.600151 0.285908
0.563198 1.334547 510.400000 0.611446 -0.205101
0.563123 1.334902 510.500000 0.598133 -2.509882
0.563035 1.334645 510.600000 0.469649 0.201588
0.562947 1.334386 510.700000 0.477380 0.151669
0.562859 1.334245 510.800000 0.482576 1.106438
0.562777 1.333984 510.900000 0.535485 -0.087584
0.562694 1.333845 511.000000 0.528429 -1.113495
0.562606 1.333627 511.100000 0.470112 0.664978
0.562520 1.333371 511.200000 0.501010 -0.217089
0.562434 1.333147 511.300000 0.487651 0.615976
0.562350 1.333748 511.400000 0.516011 2.969638
0.562283 1.335177 511.500000 0.661913 4.157291
0.562246 1.335071 511.600000 0.866468 1.261083
0.562220 1.334942 511.700000 0.925190 1.159648
0.562204 1.334681 511.800000 0.978546 -0.039175
0.562186 1.335357 511.900000 0.971695 3.096338
0.562199 1.335140 512.000000 1.121653 -0.670595
0.562204 1.335635 512.100000 1.082515 -2.781449
0.562180 1.335529 512.200000 0.938030 -1.259396
0.562144 1.335788 512.300000 0.870370 -2.308525
0.562089 1.335559 512.400000 0.750592 -0.568261
0.562030 1.335574 512.500000 0.718426 1.680340
0.561983 1.335550 512.600000 0.798851 1.556933
0.561947 1.335414 512.700000 0.872703 1.130654
0.561921 1.335300 512.800000 0.924873 -1.224635
0.561883 1.335579 512.900000 0.859017 -2.353284
0.561827 1.335861 513.000000 0.737057 -2.357779
0.561754 1.338209 513.100000 0.615483 -5.174689
0.561657 1.338617 513.200000 0.353671 -2.619503
0.561552 1.339392 513.300000 0.220928 -3.261976
0.561443 1.339562 513.400000 0.056724 -2.101442
0.561334 1.339391 513.500000 -0.048631 -0.963727
0.561226 1.339507 513.600000 -0.096575 -1.966377
0.561120 1.339431 513.700000 -0.194411 -1.380122
0.561018 1.339228 513.800000 -0.262445 -0.764560
0.560917 1.339121 513.900000 -0.299360 -1.256793
0.560821 1.338986 514.000000 -0.360703 -1.135016
0.560729 1.338887 514.100000 -0.415651 -1.291681
0.560642 1.338652 514.200000 -0.478156 -0.506786
0.560557 1.338399 514.300000 -0.501105 -0.263921
0.560474 1.338392 514.400000 -0.511795 1.616745
0.560383 1.338448 514.500000 -0.428399 -1.801416
0.560300 1.338265 514.600000 -0.516328 -0.894359
0.560221 1.338294 514.700000 -0.558464 1.725383
0.560134 1.338273 514.800000 -0.469403 1.566345
0.560040 1.338219 514.900000 -0.388739 1.456967
0.559941 1.338071 515.000000 -0.313947 1.074850
0.559838 1.338015 515.100000 -0.258634 1.447596
0.559733 1.337787 515.200000 -0.184961 0.567718
0.559627 1.337581 515.300000 -0.155651 -0.746610
0.559522 1.337323 515.400000 -0.192203 -0.106483
0.559417 1.337104 515.500000 -0.196566 -0.647667
0.559314 1.336987 515.600000 -0.227967 -1.212778
0.559213 1.336819 515.700000 -0.287466 0.968666
0.559110 1.336645 515.800000 -0.237595 0.934089
0.559005 1.336404 515.900000 -0.189703 -0.437102
0.558901 1.336227 516.000000 -0.210609 0.918265
0.558796 1.335989 516.100000 -0.163643 0.464446
0.558689 1.337350 516.200000 -0.139602 4.089244
0.558582 1.337278 516.300000 0.065558 1.392444
0.558475 1.337067 516.400000 0.134852 0.698283
0.558370 1.336825 516.500000 0.169092 -0.424292
0.558264 1.337031 516.600000 0.147032 2.191399
0.558162 1.337083 516.700000 0.255867 1.790374
0.558066 1.337016 516.800000 0.344106 -1.408388
0.557965 1.336896 516.900000 0.271966 -1.198659
0.557861 1.336638 517.000000 0.210674 -0.034546
0.557758 1.336606 517.100000 0.207893 1.532764
0.557658 1.336423 517.200000 0.283492 -0.878699
0.557555 1.336831 517.300000 0.238139 -2.625866
0.557449 1.336594 517.400000 0.105655 -0.479012
0.557342 1.336353 517.500000 0.081176 0.417142
0.557235 1.336142 517.600000 0.101628 -0.695795
0.557128 1.335922 517.700000 0.066330 -0.627738
0.557020 1.335852 517.800000 0.034611 -1.396803
0.556913 1.335819 517.900000 -0.035402 -1.526402
0.556806 1.335864 518.000000 -0.111545 1.772285
0.556699 1.335728 518.100000 -0.022373 -1.120384
0.556592 1.335753 518.200000 -0.078280 -1.712102
0.556487 1.335504 518.300000 -0.163494 0.296558
0.556382 1.335246 518.400000 -0.147849 -0.013493
0.556277 1.335074 518.500000 -0.147784 0.941594
0.556171 1.335033 518.600000 -0.099966 1.496753
0.556064 1.334909 518.700000 -0.024628 1.177129
0.555957 1.335053 518.800000 0.034352 -2.041364
0.555850 1.334799 518.900000 -0.067888 -0.176767
0.555743 1.335373 519.000000 -0.076387 -2.937531
0.555641 1.335465 519.100000 -0.222882 -1.905325
0.555544 1.335211 519.200000 -0.317034 0.176280
0.555446 1.335102 519.300000 -0.306635 -1.239667
0.555352 1.334857 519.400000 -0.367085 -0.354798
0.555259 1.334665 519.500000 -0.382989 0.819661
0.555164 1.334440 519.600000 -0.340091 -0.574986
0.555070 1.334189 519.700000 -0.367140 -0.237946
0.554977 1.334188 519.800000 -0.377202 1.632147
0.554878 1.334167 519.900000 -0.293708 -1.565076
0.554785 1.333969 520.000000 -0.370494 -0.776579
0.554694 1.333763 520.100000 -0.407470 0.730792
0.554600 1.333698 520.200000 -0.368893 1.408069
0.554502 1.333542 520.300000 -0.296645 1.023396
0.554402 1.333305 520.400000 -0.243992 0.441319
0.554300 1.333495 520.500000 -0.220706 2.155885
0.554194 1.333411 520.600000 -0.111808 1.339386
0.554088 1.333701 520.700000 -0.044280 2.385488
0.553982 1.333451 520.800000 0.075216 -0.248420
0.553876 1.333237 520.900000 0.062419 -0.662685
0.553770 1.333184 521.000000 0.028972 1.452423
0.553665 1.333604 521.100000 0.101448 2.653458
0.553564 1.333558 521.200000 0.233614 1.480847
0.553467 1.333386 521.300000 0.306488 -0.935545
0.553367 1.333350 521.400000 0.258179 -1.511428
0.553264 1.333222 521.500000 0.181316 1.156064
0.553164 1.333346 521.600000 0.238213 1.989465
0.553068 1.333388 521.700000 0.336495 -1.762636
0.552968 1.333667 521.800000 0.246681 -2.361974
0.552864 1.333477 521.900000 0.127349 0.828747
0.552761 1.333223 522.000000 0.168149 0.119723
0.552658 1.333007 522.100000 0.173295 0.640596
0.552556 1.332794 522.200000 0.204458 -0.661083
0.552453 1.333213 522.300000 0.170382 -2.653575
0.552347 1.333059 522.400000 0.036851 -1.027063
0.552242 1.332806 522.500000 -0.014686 -0.161902
0.552136 1.333379 522.600000 -0.022708 2.942116
0.552032 1.333734 522.700000 0.124511 2.525673
0.551932 1.334385 522.800000 0.250172 3.077428
0.551842 1.334732 522.900000 0.402793 2.511244
0.551763 1.334613 523.000000 0.526341 -1.191820
0.551678 1.334460 523.100000 0.464119 1.032012
0.551598 1.334307 523.200000 0.513399 1.036451
0.551523 1.334244 523.300000 0.562654 1.418032
0.551456 1.334666 523.400000 0.630742 2.661056
0.551406 1.335163 523.500000 0.760642 2.806083
0.551377 1.335251 523.600000 0.897142 1.896317
0.551365 1.335001 523.700000 0.987473 -0.231556
0.551350 1.334901 523.800000 0.970957 -1.271228
0.551322 1.334751 523.900000 0.902541 -1.047302
0.551285 1.335504 524.000000 0.845664 -3.250353
0.551224 1.335263 524.100000 0.678918 0.381276
0.551165 1.335052 524.200000 0.694587 -0.679301
0.551101 1.334802 524.300000 0.657149 -0.218265
0.551035 1.334749 524.400000 0.642950 1.451432
0.550979 1.334612 524.500000 0.712307 -1.110510
0.550914 1.334422 524.600000 0.653220 0.825298
0.550855 1.334200 524.700000 0.691218 -0.574542
0.550791 1.333960 524.800000 0.659035 -0.387305
0.550725 1.333781 524.900000 0.636375 -0.889022
0.550653 1.333527 525.000000 0.588742 0.054532
0.550581 1.333346 525.100000 0.588525 -0.874602
0.550504 1.333097 525.200000 0.541852 0.235395
0.550428 1.333084 525.300000 0.550913 -1.590061
0.550345 1.333442 525.400000 0.468655 -2.534926
0.550251 1.333325 525.500000 0.339565 1.200369
0.550161 1.333072 525.600000 0.397886 -0.012115
0.550071 1.332903 525.700000 0.395291 -0.946275
0.549978 1.332812 525.800000 0.346001 1.305321
0.549890 1.332560 525.900000 0.409537 -0.097222
0.549800 1.332307 526.000000 0.402628 0.108806
0.549712 1.332145 526.100000 0.406055 0.975909
0.549627 1.332237 526.200000 0.452820 -1.906437
0.549534 1.332385 526.300000 0.355234 2.054885
0.549450 1.332163 526.400000 0.456202 0.571493
0.549367 1.331915 526.500000 0.482496 -0.228598
0.549284 1.331668 526.600000 0.468654 0.258406
0.549201 1.331420 526.700000 0.479231 0.216035
0.549120 1.331410 526.800000 0.487636 -1.600009
0.549031 1.331439 526.900000 0.405198 1.722878
0.548950 1.331208 527.000000 0.489316 0.473658
0.548870 1.330982 527.100000 0.510552 0.530887
0.548793 1.330730 527.200000 0.534543 -0.092331
0.548716 1.330579 527.300000 0.527254 1.031821
0.548643 1.330395 527.400000 0.576209 0.846770
0.548575 1.330729 527.500000 0.615666 2.487097
0.548523 1.330872 527.600000 0.736943 2.041940
0.548485 1.330624 527.700000 0.835355 0.217948
0.548448 1.330376 527.800000 0.842076 -0.209201
0.548409 1.330182 527.900000 0.827405 0.779063
0.548375 1.329995 528.000000 0.862222 0.830125
0.548348 1.329867 528.100000 0.899417 1.142779
0.548330 1.329709 528.200000 0.952059 0.997757
0.548321 1.329467 528.300000 0.997186 0.313820
0.548313 1.329601 528.400000 1.007891 2.019712
0.548324 1.329410 528.500000 1.103837 -0.797494
0.548327 1.329408 528.600000 1.058443 1.625103
0.548345 1.330022 528.700000 1.134406 3.024887
0.548396 1.329805 528.800000 1.279979 -0.601251
0.548438 1.330019 528.900000 1.243516 -2.220233
0.548455 1.329769 529.000000 1.126287 -0.107872
0.548468 1.329619 529.100000 1.115262 -1.033632
0.548471 1.329367 529.200000 1.058004 -0.013928
0.548471 1.330007 529.300000 1.052018 -3.071701
0.548443 1.329951 529.400000 0.893172 -1.434564
0.548403 1.330336 529.500000 0.816978 -2.597319
0.548343 1.330682 529.600000 0.683028 -2.513305
0.548269 1.330671 529.700000 0.553947 -1.597966
0.548186 1.330421 529.800000 0.471279 -0.071751
0.548103 1.330171 529.900000 0.465335 0.137028
0.548021 1.330001 530.000000 0.469860 0.921179
0.547942 1.329788 530.100000 0.513570 -0.640518
0.547860 1.329666 530.200000 0.478976 -1.166794
0.547774 1.330353 530.300000 0.418241 -3.154117
0.547677 1.330663 530.400000 0.258444 -2.439631
0.547575 1.330927 530.500000 0.135170 -2.336509
0.547472 1.330759 530.600000 0.017669 -0.938594
0.547369 1.330552 530.700000 -0.029349 -0.676885
0.547266 1.330924 530.800000 -0.063046 -2.572631
0.547167 1.330695 530.900000 -0.191363 -0.470637
0.547068 1.330444 531.000000 -0.213938 -0.062395
0.546969 1.330519 531.100000 -0.215988 -1.857301
0.546875 1.330499 531.200000 -0.307773 1.565418
0.546777 1.330330 531.300000 -0.227963 0.928683
0.546677 1.330083 531.400000 -0.180389 -0.189202
0.546578 1.329913 531.500000 -0.188947 -0.927530
0.546480 1.330015 531.600000 -0.234379 -1.934355
0.546388 1.330475 531.700000 -0.329925 -2.748783
0.546305 1.331472 531.800000 -0.465715 -3.641544
0.546242 1.331746 531.900000 -0.645463 -2.361294
0.546194 1.331575 532.000000 -0.760301 -0.918939
0.546151 1.331325 532.100000 -0.802446 0.035186
0.546108 1.331894 532.200000 -0.796674 -2.953526
0.546089 1.331678 532.300000 -0.940367 -0.605617
0.546074 1.331517 532.400000 -0.965946 0.973751
0.546050 1.331285 532.500000 -0.912429 -0.435833
0.546028 1.331110 532.600000 -0.929659 -0.891383
0.546014 1.330870 532.700000 -0.969579 -0.324485
0.546002 1.330813 532.800000 -0.980956 1.433775
0.545976 1.331037 532.900000 -0.904362 -2.247881
0.545970 1.330829 533.000000 -1.012235 0.662643
0.545956 1.331679 533.100000 -0.974041 3.425368
0.545914 1.332191 533.200000 -0.797903 2.849679
0.545851 1.331945 533.300000 -0.651429 0.198564
0.545787 1.331987 533.400000 -0.638244 -1.765552
0.545734 1.331739 533.500000 -0.723330 -0.111761
0.545681 1.332212 533.600000 -0.725302 -2.778168
0.545648 1.332209 533.700000 -0.860583 -1.619698
0.545628 1.331963 533.800000 -0.937265 -0.194538
0.545609 1.331722 533.900000 -0.942306 -0.304242
0.545592 1.331917 534.000000 -0.952807 -2.178512
0.545594 1.332005 534.100000 -1.056968 -1.897644
0.545615 1.332295 534.200000 -1.146566 -2.400790
0.545662 1.332220 534.300000 -1.260872 -1.366059
0.545723 1.332111 534.400000 -1.322871 -1.226962
0.545799 1.331927 534.500000 -1.377605 0.832189
0.545862 1.331759 534.600000 -1.329107 -0.931936
0.545935 1.331511 534.700000 -1.369058 0.083205
0.546005 1.331272 534.800000 -1.358053 0.332793
0.546070 1.331094 534.900000 -1.334623 0.870456
0.546122 1.331292 535.000000 -1.284427 2.185012
0.546147 1.331364 535.100000 -1.168754 1.852985
0.546152 1.331144 535.200000 -1.070261 -0.556005
0.546162 1.331157 535.300000 -1.092710 -1.676049
0.546188 1.331306 535.400000 -1.171049 2.061049
0.546191 1.331132 535.500000 -1.062141 0.897446
0.546185 1.331074 535.600000 -1.011958 1.429810
0.546165 1.330946 535.700000 -0.935408 1.135401
0.546134 1.331021 535.800000 -0.873961 1.859838
0.546088 1.331244 535.900000 -0.776599 -2.247432
0.546060 1.331120 536.000000 -0.885088 -1.154289
0.546040 1.330875 536.100000 -0.938377 0.188423
0.546018 1.330632 536.200000 -0.924264 0.248499
0.545993 1.330823 536.300000 -0.907218 2.170133
0.545950 1.331229 536.400000 -0.794175 2.649342
0.545888 1.331178 536.500000 -0.657737 1.454708
0.545818 1.331060 536.600000 -0.581713 1.182220
0.545741 1.331650 536.700000 -0.519693 2.998740
0.545652 1.331743 536.800000 -0.367158 1.914629
0.545558 1.331715 536.900000 -0.269591 1.534857
0.545459 1.331490 537.000000 -0.191500 0.495711
0.545360 1.331244 537.100000 -0.165757 -0.165793
0.545262 1.331081 537.200000 -0.173218 0.951404
0.545162 1.330895 537.300000 -0.124781 0.813471
0.545061 1.330929 537.400000 -0.083484 1.741670
0.544959 1.331133 537.500000 0.004017 2.201534
0.544859 1.331252 537.600000 0.114074 1.987282
0.544762 1.331667 537.700000 0.212867 2.668461
0.544672 1.331485 537.800000 0.345226 -0.840221
0.544579 1.331327 537.900000 0.301489 -0.981508
0.544484 1.331087 538.000000 0.250906 0.284294
0.544389 1.330982 538.100000 0.263866 1.238998
0.544298 1.330795 538.200000 0.324497 -0.804342
0.544204 1.330945 538.300000 0.282657 -2.067687
0.544106 1.330942 538.400000 0.177860 -1.621846
0.544006 1.330796 538.500000 0.095878 -1.044667
0.543905 1.330764 538.600000 0.043165 -1.522610
0.543804 1.330825 538.700000 -0.033181 1.821481
0.543704 1.331439 538.800000 0.058059 -3.046614
0.543604 1.331374 538.900000 -0.094562 -1.400330
0.543505 1.331398 539.000000 -0.164106 -1.708642
0.543410 1.331162 539.100000 -0.248717 0.346854
0.543314 1.331073 539.200000 -0.230131 -1.302910
0.543222 1.331704 539.300000 -0.294126 -3.076955
0.543139 1.331620 539.400000 -0.446503 1.328005
0.543052 1.331376 539.500000 -0.377870 -0.153447
0.542965 1.331180 539.600000 -0.383653 0.742024
0.542875 1.331501 539.700000 -0.344634 -2.474382
0.542795 1.331644 539.800000 -0.466630 -2.051720
0.542724 1.332152 539.900000 -0.566882 -2.854960
0.542670 1.331990 540.000000 -0.706796 0.956875
0.542609 1.331750 540.100000 -0.655418 0.260458
0.542547 1.331536 540.200000 -0.639118 0.590266
0.542480 1.333122 540.300000 -0.606409 4.451031
0.542393 1.332971 540.400000 -0.380826 1.016990
0.542303 1.332880 540.500000 -0.328072 -1.294970
0.542217 1.332670 540.600000 -0.391180 -0.630348
0.542133 1.332614 540.700000 -0.420742 1.435427
0.542044 1.332518 540.800000 -0.346867 1.276169
0.541951 1.332385 540.900000 -0.281324 -1.106390
0.541861 1.332148 541.000000 -0.335237 -0.306230
0.541772 1.331904 541.100000 -0.348872 0.182789
0.541683 1.331692 541.200000 -0.337988 -0.604143
0.541595 1.331446 541.300000 -0.366506 0.012237
0.541507 1.331200 541.400000 -0.364061 0.014431
0.541419 1.331304 541.500000 -0.361519 -1.946448
0.541339 1.331317 541.600000 -0.457034 -1.674238
0.541266 1.331203 541.700000 -0.538461 -1.194609
0.541198 1.331012 541.800000 -0.595499 -0.767608
0.541135 1.330767 541.900000 -0.630902 -0.065378
0.541072 1.330662 542.000000 -0.631016 1.233777
0.541002 1.330457 542.100000 -0.566172 0.667315
0.540928 1.330226 542.200000 -0.529976 0.390032
0.540852 1.329986 542.300000 -0.507824 -0.249233
0.540777 1.329746 542.400000 -0.517747 0.233333
0.540701 1.330182 542.500000 -0.503491 -2.718932
0.540639 1.330390 542.600000 -0.636921 -2.215640
0.540590 1.330161 542.700000 -0.744518 0.423346
0.540538 1.330021 542.800000 -0.719628 1.067837
0.540479 1.329836 542.900000 -0.662638 0.808979
0.540415 1.329664 543.000000 -0.618876 0.885555
0.540345 1.329488 543.100000 -0.571504 0.866380
0.540271 1.329243 543.200000 -0.525327 0.030321
0.540197 1.329018 543.300000 -0.521185 0.461350
0.540120 1.329450 543.400000 -0.495511 2.710554
0.540033 1.329254 543.500000 -0.357506 0.730029
0.539943 1.329043 543.600000 -0.319217 0.601387
0.539851 1.328806 543.700000 -0.287552 0.278896
0.539758 1.328600 543.800000 -0.272169 0.646026
0.539664 1.328438 543.900000 -0.238507 0.944320
0.539569 1.328193 544.000000 -0.190098 0.011505
0.539473 1.327957 544.100000 -0.188573 0.285295
0.539376 1.327724 544.200000 -0.173365 -0.355717
0.539281 1.327758 544.300000 -0.190284 1.737418
0.539183 1.327662 544.400000 -0.102462 1.267951
0.539084 1.327591 544.500000 -0.038552 1.371562
0.538985 1.327399 544.600000 0.030219 0.755685
0.538886 1.327432 544.700000 0.067852 1.734104
0.538790 1.327193 544.800000 0.154218 -0.228745
0.538693 1.327377 544.900000 0.142010 -2.158130
0.538594 1.327594 545.000000 0.033393 -2.241123
0.538496 1.328090 545.100000 -0.078830 -2.840110
0.538401 1.327904 545.200000 -0.220441 -0.794718
0.538309 1.328011 545.300000 -0.259075 -1.955708
0.538222 1.328337 545.400000 -0.355565 -2.491188
0.538144 1.328145 545.500000 -0.478347 0.753777
0.538063 1.327930 545.600000 -0.438266 0.549656
0.537980 1.327749 545.700000 -0.408592 -0.826752
0.537899 1.327608 545.800000 -0.447886 -1.058404
0.537824 1.327383 545.900000 -0.498567 0.444000
0.537746 1.327931 546.000000 -0.473874 -2.939181
0.537682 1.327848 546.100000 -0.618464 -1.322009
0.537626 1.327607 546.200000 -0.681472 0.162983
0.537569 1.327540 546.300000 -0.669916 -1.384616
0.537520 1.328244 546.400000 -0.735797 -3.217541
0.537495 1.328060 546.500000 -0.892995 -0.803790
0.537475 1.327819 546.600000 -0.928719 -0.143043
0.537456 1.328110 546.700000 -0.931228 2.416111
0.537418 1.328599 546.800000 -0.805766 2.828616
0.537359 1.328651 546.900000 -0.660307 1.797230
0.537290 1.328432 547.000000 -0.567144 -0.503427
0.537224 1.328299 547.100000 -0.589479 1.099938
0.537152 1.328104 547.200000 -0.531535 0.718139
0.537076 1.327893 547.300000 -0.492970 0.594227
0.536997 1.328241 547.400000 -0.460794 2.541338
0.536909 1.327998 547.500000 -0.331423 0.014835
0.536821 1.328773 547.600000 -0.329024 3.338429
0.536725 1.328663 547.700000 -0.160458 1.205215
0.536628 1.328480 547.800000 -0.099395 0.806840
0.536530 1.328411 547.900000 -0.058556 1.379513
0.536433 1.328180 548.000000 0.010713 0.354030
0.536335 1.328019 548.100000 0.028360 0.940877
0.536237 1.327878 548.200000 0.075263 -1.055785
0.536140 1.328508 548.300000 0.022097 -3.093210
0.536044 1.328266 548.400000 -0.132674 -0.036749
0.535947 1.328097 548.500000 -0.133848 -0.896682
0.535853 1.327869 548.600000 -0.178013 0.387047
0.535757 1.327646 548.700000 -0.157771 -0.452493
0.535663 1.327586 548.800000 -0.179606 1.413244
0.535566 1.327350 548.900000 -0.108046 -0.262576
0.535470 1.327151 549.000000 -0.120635 0.680279
0.535373 1.326964 549.100000 -0.086018 0.775699
0.535276 1.327548 549.200000 -0.046803 3.011817
0.535179 1.327415 549.300000 0.104022 1.092781
0.535084 1.327555 549.400000 0.158141 2.047013
0.534993 1.327328 549.500000 0.259701 0.400227
0.534903 1.327182 549.600000 0.278414 -1.026860
0.534810 1.327237 549.700000 0.225679 -1.803637
0.534715 1.327004 549.800000 0.134369 -0.308302
0.534619 1.326947 549.900000 0.118282 -1.425313
0.534522 1.327093 550.000000 0.046425 -2.064157
0.534425 1.326972 550.100000 -0.057015 -1.147755
0.534329 1.327217 550.200000 -0.114118 -2.312968
0.534236 1.327104 550.300000 -0.229196 -1.187337
0.534147 1.327015 550.400000 -0.287417 1.293487
0.534054 1.326781 550.500000 -0.221305 0.276413
0.533961 1.326726 550.600000 -0.206378 1.432105
0.533866 1.326485 550.700000 -0.133741 -0.071785
0.533771 1.326249 550.800000 -0.136661 -0.219125
0.533676 1.326197 550.900000 -0.146934 -1.441644
0.533583 1.326049 551.000000 -0.218282 -1.012427
0.533493 1.326087 551.100000 -0.267812 1.750205
0.533399 1.326041 551.200000 -0.178962 1.467194
0.533303 1.326145 551.300000 -0.104708 -1.949190
0.533210 1.326793 551.400000 -0.201644 -3.129670
0.533125 1.326747 551.500000 -0.357119 -1.465948
0.533045 1.326523 551.600000 -0.428631 -0.420690
0.532967 1.326351 551.700000 -0.447522 -0.872806
0.532892 1.326482 551.800000 -0.488925 -2.024301
0.532827 1.326472 551.900000 -0.587695 -1.594097
0.532770 1.326610 552.000000 -0.664462 2.044408
0.532702 1.326531 552.100000 -0.558919 1.331787
0.532627 1.326394 552.200000 -0.489535 -1.068707
0.532557 1.327345 552.300000 -0.540523 -3.628407
0.532508 1.327140 552.400000 -0.719241 -0.618812
0.532462 1.326999 552.500000 -0.746585 -1.045711
0.532423 1.326796 552.600000 -0.795138 0.644457
0.532378 1.326669 552.700000 -0.758939 1.116735
0.532326 1.326766 552.800000 -0.699308 1.930404
0.532263 1.326839 552.900000 -0.599291 -1.859317
0.532209 1.326605 553.000000 -0.689260 -0.261181
0.532157 1.326365 553.100000 -0.698873 -0.024069
0.532105 1.326145 553.200000 -0.696582 0.463554
0.532049 1.326139 553.300000 -0.669922 1.609274
0.531984 1.326797 553.400000 -0.586108 3.152533
0.531904 1.326638 553.500000 -0.425551 0.945269
0.531821 1.326399 553.600000 -0.376160 0.059249
0.531738 1.326403 553.700000 -0.371317 -1.641930
0.531660 1.326546 553.800000 -0.451556 -2.057163
0.531591 1.326393 553.900000 -0.552157 -0.980159
0.531528 1.326167 554.000000 -0.598404 -0.390283
0.531466 1.325997 554.100000 -0.614926 -0.876219
0.531409 1.325918 554.200000 -0.655662 -1.334121
0.531360 1.326490 554.300000 -0.719090 -2.997245
0.531331 1.326451 554.400000 -0.865357 -1.491861
0.531315 1.326890 554.500000 -0.935623 2.743409
0.531276 1.326657 554.600000 -0.793775 0.250842
0.531234 1.326421 554.700000 -0.777264 -0.179248
0.531194 1.326459 554.800000 -0.782340 -1.754053
0.531166 1.326260 554.900000 -0.866131 0.664843
0.531132 1.326217 555.000000 -0.828558 1.475309
0.531087 1.326029 555.100000 -0.750650 -0.750377
0.531047 1.325794 555.200000 -0.784415 0.222181
0.531004 1.325574 555.300000 -0.769384 -0.458923
0.530965 1.325346 555.400000 -0.788483 -0.327776
0.530927 1.325219 555.500000 -0.800930 1.114593
0.530881 1.324981 555.600000 -0.741195 0.061176
0.530834 1.324745 555.700000 -0.734431 -0.175662
0.530787 1.324540 555.800000 -0.739542 0.607051
0.530737 1.324303 555.900000 -0.705491 0.128024
0.530685 1.324863 556.000000 -0.695563 2.979520
0.530616 1.324636 556.100000 -0.543109 0.357869
0.530545 1.324401 556.200000 -0.522500 -0.166560
0.530475 1.324187 556.300000 -0.528215 -0.522206
0.530407 1.323969 556.400000 -0.551685 -0.466108
0.530341 1.323760 556.500000 -0.572232 -0.570174
0.530278 1.323572 556.600000 -0.597879 0.743288
0.530210 1.323685 556.700000 -0.557725 1.976244
0.530134 1.324300 556.800000 -0.456124 3.081971
0.530047 1.324424 556.900000 -0.299745 2.008244
0.529955 1.324192 557.000000 -0.197834 -0.238635
0.529864 1.324012 557.100000 -0.208777 0.803951
0.529771 1.323871 557.200000 -0.167535 1.037515
0.529677 1.323957 557.300000 -0.114822 1.897225
0.529582 1.323743 557.400000 -0.019387 0.519353
0.529488 1.323534 557.500000 0.006678 -0.564954
0.529393 1.323823 557.600000 -0.021603 -2.422334
0.529300 1.323589 557.700000 -0.142612 -0.185144
0.529207 1.323371 557.800000 -0.151156 0.460221
0.529113 1.323283 557.900000 -0.127389 1.289829
0.529019 1.323175 558.000000 -0.062261 1.202707
0.528924 1.322945 558.100000 -0.001814 -0.275421
0.528829 1.322973 558.200000 -0.015576 1.721130
0.528735 1.322792 558.300000 0.070558 0.791589
0.528642 1.322567 558.400000 0.109785 -0.361627
0.528548 1.322331 558.500000 0.091155 0.093300
0.528454 1.322646 558.600000 0.095364 -2.483296
0.528359 1.322857 558.700000 -0.029278 -2.235162
0.528267 1.322638 558.800000 -0.140890 -0.448441
0.528174 1.322410 558.900000 -0.162607 -0.308223
0.528083 1.322186 559.000000 -0.177205 0.379769
0.527991 1.322018 559.100000 -0.157331 0.869959
0.527897 1.321798 559.200000 -0.113046 -0.435867
0.527805 1.321689 559.300000 -0.134274 -1.191883
0.527714 1.321599 559.400000 -0.193197 -1.279722
0.527625 1.321522 559.500000 -0.256217 -1.334075
0.527540 1.321288 559.600000 -0.321640 -0.149942
0.527455 1.321281 559.700000 -0.327529 -1.602831
0.527376 1.321048 559.800000 -0.406033 -0.187015
0.527297 1.321704 559.900000 -0.413353 -3.160492
0.527232 1.321517 560.000000 -0.569311 -0.740299
0.527170 1.321765 560.100000 -0.603479 2.327712
0.527097 1.321788 560.200000 -0.484076 1.705004
0.527017 1.321709 560.300000 -0.396406 1.322778
0.526933 1.321758 560.400000 -0.328285 1.786814
0.526844 1.322259 560.500000 -0.237303 2.874184
0.526750 1.322788 560.600000 -0.092407 2.929977
0.526657 1.322553 560.700000 0.054554 -0.062524
0.526563 1.322361 560.800000 0.051155 0.702555
0.526470 1.322578 560.900000 0.086027 2.252962
0.526380 1.322943 561.000000 0.198245 2.597713
0.526295 1.322809 561.100000 0.327139 -1.065967
0.526208 1.322648 561.200000 0.272205 -0.913753
0.526119 1.323032 561.300000 0.225156 2.638463
0.526037 1.323066 561.400000 0.355954 1.740824
0.525960 1.322904 561.500000 0.441215 0.908621
0.525887 1.322699 561.600000 0.484440 0.581939
0.525817 1.322471 561.700000 0.511115 -0.286957
0.525745 1.322235 561.800000 0.494212 0.015546
0.525673 1.322028 561.900000 0.492518 -0.564733
0.525599 1.321881 562.000000 0.461819 -0.993908
0.525520 1.321647 562.100000 0.409814 -0.123439
0.525441 1.321591 562.200000 0.401593 1.418609
0.525367 1.321364 562.300000 0.470516 -0.290215
0.525292 1.321139 562.400000 0.453652 0.339698
0.525218 1.320998 562.500000 0.468369 1.026703
0.525149 1.320795 562.600000 0.517362 0.602253
0.525082 1.320563 562.700000 0.544888 0.146422
0.525015 1.320331 562.800000 0.549485 0.168457
0.524949 1.320096 562.900000 0.555160 0.052771
0.524884 1.320055 563.000000 0.555023 -1.476503
0.524811 1.319958 563.100000 0.478423 -1.240600
0.524733 1.319726 563.200000 0.414001 -0.171139
0.524654 1.319747 563.300000 0.403374 1.695692
0.524582 1.319545 563.400000 0.486141 0.600429
0.524512 1.319311 563.500000 0.513732 0.076966
0.524443 1.319139 563.600000 0.515012 -0.837795
0.524369 1.318908 563.700000 0.470547 -0.172685
0.524295 1.318684 563.800000 0.459560 0.326088
0.524222 1.318450 563.900000 0.473566 0.012244
0.524149 1.318489 564.000000 0.471811 1.756602
0.524083 1.318259 564.100000 0.557282 0.197714
0.524019 1.318099 564.200000 0.564381 -0.908898
0.523950 1.317967 564.300000 0.516114 -1.073166
0.523875 1.317734 564.400000 0.459875 -0.025154
0.523801 1.317547 564.500000 0.456318 0.728181
0.523730 1.317315 564.600000 0.490446 0.085351
0.523658 1.317152 564.700000 0.492261 0.889898
0.523591 1.317540 564.800000 0.534295 2.650815
0.523537 1.318084 564.900000 0.664164 2.962371
0.523503 1.318344 565.000000 0.808962 2.362170
0.523485 1.318396 565.100000 0.923025 1.793190
0.523483 1.318162 565.200000 1.008070 -0.010732
0.523479 1.317952 565.300000 1.002493 -0.504329
0.523470 1.318029 565.400000 0.972264 1.873424
0.523477 1.317918 565.500000 1.061074 1.176473
0.523494 1.317694 565.600000 1.114592 -0.321678
0.523507 1.317492 565.700000 1.092935 0.583227
0.523525 1.317293 565.800000 1.116632 0.623325
0.523548 1.317188 565.900000 1.142215 1.200053
0.523582 1.317478 566.000000 1.196507 2.434241
0.523641 1.317814 566.100000 1.312236 -2.536820
0.523671 1.317816 566.200000 1.178834 -1.632340
0.523684 1.317584 566.300000 1.091323 0.043565
0.523696 1.317975 566.400000 1.088044 -2.658587
0.523683 1.317744 566.500000 0.949675 0.123517
0.523671 1.317526 566.600000 0.951102 -0.409341
0.523654 1.317466 566.700000 0.925880 -1.395873
0.523625 1.317282 566.800000 0.851457 -0.741750
0.523591 1.317066 566.900000 0.810112 0.436649
0.523559 1.317303 567.000000 0.827894 -2.305598
0.523511 1.317184 567.100000 0.708475 -1.135934
0.523456 1.316958 567.200000 0.648135 -0.260309
0.523399 1.316999 567.300000 0.631879 1.761953
0.523352 1.316931 567.400000 0.716818 1.364607
0.523313 1.316807 567.500000 0.781464 1.105916
0.523282 1.316833 567.600000 0.832852 1.709400
0.523264 1.316725 567.700000 0.914158 1.189078
0.523254 1.316802 567.800000 0.969041 1.872884
0.523261 1.316657 567.900000 1.057840 -0.994168
0.523257 1.316453 568.000000 1.002843 0.558739
0.523258 1.316293 568.100000 1.025765 0.901778
0.523265 1.316096 568.200000 1.065725 0.627414
0.523278 1.315886 568.300000 1.091767 0.490530
0.523295 1.315692 568.400000 1.110835 0.659765
0.523317 1.315590 568.500000 1.138269 1.213403
0.523350 1.315390 568.600000 1.193248 0.588418
0.523388 1.315245 568.700000 1.216703 -0.991418
0.523414 1.315397 568.800000 1.161048 -2.088718
0.523419 1.316422 568.900000 1.050807 -3.781209
0.523392 1.317072 569.000000 0.856493 -3.166526
0.523342 1.316856 569.100000 0.693884 -0.424701
0.523290 1.316767 569.200000 0.669179 -1.273032
0.523230 1.316601 569.300000 0.602182 -0.863198
0.523165 1.316821 569.400000 0.556011 2.264804
0.523112 1.316607 569.500000 0.666471 -0.453710
0.523056 1.316693 569.600000 0.640453 1.898347
0.523011 1.316797 569.700000 0.732168 1.954352
0.522979 1.316566 569.800000 0.826225 0.036360
0.522947 1.316696 569.900000 0.823912 2.030074
0.522930 1.317031 570.000000 0.921296 2.540214
0.522934 1.316873 570.100000 1.043700 0.908496
0.522945 1.316656 570.200000 1.083907 0.409216
0.522959 1.316426 570.300000 1.098948 0.024919
0.522973 1.316445 570.400000 1.094699 1.689243
0.523002 1.316223 570.500000 1.173688 -0.307860
0.523026 1.316291 570.600000 1.152426 -1.848143
0.523032 1.316489 570.700000 1.054257 -2.211137
0.523018 1.316691 570.800000 0.938429 2.222316
0.523022 1.319920 570.900000 1.044853 6.285875
0.523091 1.322067 571.000000 1.353922 5.211523
0.523225 1.323056 571.100000 1.607729 3.734433
0.523413 1.322829 571.200000 1.786412 -0.226184
0.523594 1.323133 571.300000 1.766170 2.474528
0.523812 1.324806 571.400000 1.881066 4.665054
0.524108 1.324699 571.500000 2.104913 1.196176
0.524422 1.324475 571.600000 2.154198 0.287516
0.524738 1.324326 571.700000 2.157802 0.972779
0.525068 1.324128 571.800000 2.195652 0.624246
0.525405 1.323956 571.900000 2.215886 -0.820531
0.525722 1.323746 572.000000 2.163780 0.498480
0.526045 1.323754 572.100000 2.177886 1.653487
0.526395 1.323589 572.200000 2.249670 -0.874644
0.526724 1.323376 572.300000 2.194690 0.459572
0.527057 1.323488 572.400000 2.206695 1.982372
0.527425 1.323561 572.500000 2.294780 1.864349
0.527826 1.323799 572.600000 2.376524 2.319432
0.528271 1.323949 572.700000 2.480613 2.089707
0.528756 1.324254 572.800000 2.572695 2.476357
0.529293 1.324022 572.900000 2.683649 -0.017263
0.529822 1.323794 573.000000 2.669368 0.173179
0.530349 1.323814 573.100000 2.664680 -1.696715
0.530831 1.323589 573.200000 2.566521 -0.263495
0.531301 1.323359 573.300000 2.540514 -0.082195
0.531764 1.323387 573.400000 2.523701 -1.720861
0.532184 1.323406 573.500000 2.425040 -1.694890
0.532563 1.323606 573.600000 2.328170 -2.221253
0.532894 1.323587 573.700000 2.205466 -1.559257
0.533192 1.323356 573.800000 2.116476 -0.016069
0.533485 1.323256 573.900000 2.105090 1.223088
0.533797 1.323299 574.000000 2.155719 1.773227
0.534138 1.323118 574.100000 2.233602 0.751438
0.534490 1.322890 574.200000 2.260006 0.177677
0.534840 1.322674 574.300000 2.257590 0.407914
0.535194 1.322466 574.400000 2.266698 0.497853
0.535554 1.322238 574.500000 2.280257 0.154025
0.535911 1.322025 574.600000 2.276557 -0.445572
0.536256 1.321845 574.700000 2.242895 -0.757564
0.536581 1.321619 574.800000 2.193803 0.203930
0.536906 1.321937 574.900000 2.193030 -2.510986
0.537180 1.321897 575.000000 2.056516 -1.478158
0.537425 1.321719 575.100000 1.972325 0.767875
0.537680 1.321900 575.200000 2.000857 -2.175041
0.537894 1.322117 575.300000 1.882101 -2.266803
0.538069 1.321905 575.400000 1.759350 -0.449310
0.538235 1.321689 575.500000 1.728088 -0.403883
0.538393 1.321460 575.600000 1.699254 0.044550
0.538548 1.321453 575.700000 1.692985 -1.600958
0.538678 1.321228 575.800000 1.604472 0.245144
0.538809 1.321029 575.900000 1.608707 0.587755
0.538946 1.320801 576.000000 1.630051 -0.125123
0.539079 1.320721 576.100000 1.615645 -1.309728
0.539192 1.320772 576.200000 1.542080 1.796982
0.539327 1.320968 576.300000 1.624219 2.214067
0.539492 1.320908 576.400000 1.726801 -1.395621
0.539634 1.321323 576.500000 1.648386 -2.726310
0.539737 1.322083 576.600000 1.503828 -3.377928
0.539796 1.322053 576.700000 1.327413 -1.513562
0.539837 1.321897 576.800000 1.245098 0.920864
0.539886 1.321669 576.900000 1.284915 0.131398
0.539936 1.321443 577.000000 1.285061 -0.164426
0.539982 1.321545 577.100000 1.270414 -1.955669
0.540006 1.322133 577.200000 1.166279 -3.071065
0.540001 1.322068 577.300000 1.006894 -1.377728
0.539983 1.321984 577.400000 0.932973 -1.293628
0.539954 1.322298 577.500000 0.863627 2.502896
0.539944 1.322206 577.600000 0.984453 1.260409
0.539945 1.322060 577.700000 1.042552 -0.978363
0.539936 1.322930 577.800000 0.988421 3.563483
0.539959 1.323076 577.900000 1.161653 2.079904
0.540003 1.323109 578.000000 1.259840 1.740953
0.540065 1.322881 578.100000 1.340588 -0.105943
0.540124 1.322751 578.200000 1.328588 -1.069386
0.540170 1.322778 578.300000 1.268476 1.718839
0.540234 1.322556 578.400000 1.348075 -0.281594
0.540292 1.322515 578.500000 1.327255 -1.472283
0.540333 1.322312 578.600000 1.247005 0.548350
0.540379 1.322092 578.700000 1.268187 0.305651
0.540427 1.322118 578.800000 1.277129 1.716412
0.540492 1.322192 578.900000 1.356564 -1.870882
0.540535 1.321964 579.000000 1.256237 0.108875
0.540578 1.321755 579.100000 1.255400 0.467577
0.540624 1.321534 579.200000 1.272501 -0.280003
0.540666 1.321422 579.300000 1.252139 1.162470
0.540720 1.321219 579.400000 1.304002 0.532464
0.540778 1.321054 579.500000 1.324105 0.853200
0.540844 1.321057 579.600000 1.360144 1.638210
0.540928 1.320938 579.700000 1.435254 1.123975
0.541025 1.320788 579.800000 1.484277 0.950192
0.541132 1.320655 579.900000 1.524365 1.045651
0.541251 1.320463 580.000000 1.569025 -0.648879
0.541359 1.321006 580.100000 1.528736 -2.988553
0.541428 1.320782 580.200000 1.371665 0.226180
0.541498 1.320827 580.300000 1.376116 1.776641
0.541587 1.320603 580.400000 1.458067 0.217637
0.541678 1.320434 580.500000 1.461659 -0.825097
0.541757 1.320221 580.600000 1.413096 -0.396721
0.541829 1.320000 580.700000 1.386194 0.286212
0.541903 1.319816 580.800000 1.393574 0.706438
0.541984 1.319910 580.900000 1.421928 1.932659
0.542087 1.319683 581.000000 1.511451 0.057942
0.542189 1.319556 581.100000 1.506791 1.075228
0.542303 1.319395 581.200000 1.553018 -0.877857
0.542404 1.320031 581.300000 1.501360 -3.167699
0.542464 1.319979 581.400000 1.335469 -1.427180
0.542506 1.319779 581.500000 1.257432 0.555918
0.542554 1.319683 581.600000 1.278941 -1.234653
0.542586 1.319538 581.700000 1.210814 0.976446
0.542628 1.319989 581.800000 1.253582 2.808374
0.542700 1.319767 581.900000 1.387733 0.240148
0.542774 1.319541 582.000000 1.392801 -0.061697
0.542845 1.319357 582.100000 1.382753 -0.704067
0.542906 1.319225 582.200000 1.340636 -1.048775
0.542954 1.319381 582.300000 1.281494 -2.110922
0.542978 1.319171 582.400000 1.169540 -0.445578
0.542997 1.318946 582.500000 1.141413 -0.105214
0.543013 1.318750 582.600000 1.130446 -0.599677
0.543023 1.318525 582.700000 1.094810 0.105714
0.543032 1.318322 582.800000 1.094621 0.525557
0.543046 1.318098 582.900000 1.115426 0.159261
0.543060 1.317882 583.000000 1.117812 -0.330462
0.543070 1.317692 583.100000 1.095700 0.650520
0.543085 1.317518 583.200000 1.122747 -0.781198
0.543091 1.317293 583.300000 1.078074 0.010124
0.543097 1.317169 583.400000 1.073189 1.089947
0.543112 1.316944 583.500000 1.122321 -0.094778
0.543124 1.317784 583.600000 1.111970 -3.528065
0.543106 1.317867 583.700000 0.930007 -1.896085
0.543072 1.317648 583.800000 0.830553 0.293712
0.543039 1.317774 583.900000 0.841086 2.024694
0.543022 1.317779 584.000000 0.938115 1.642244
0.543017 1.317562 584.100000 1.015537 0.310445
0.543014 1.317337 584.200000 1.025981 -0.081594
0.543010 1.317147 584.300000 1.016772 -0.644891
0.542999 1.317134 584.400000 0.979443 1.577224
0.543001 1.317155 584.500000 1.053407 1.696639
0.543018 1.317111 584.600000 1.132972 1.454231
0.543048 1.316894 584.700000 1.200019 0.322994
0.543080 1.316698 584.800000 1.210168 0.577710
0.543117 1.316752 584.900000 1.233003 1.808033
0.543173 1.317291 585.000000 1.317240 2.989132
0.543262 1.317304 585.100000 1.460110 1.671395
0.543371 1.317573 585.200000 1.536379 2.404568
0.543510 1.317641 585.300000 1.648926 1.852287
0.543674 1.317446 585.400000 1.733296 0.589486
0.543844 1.317248 585.500000 1.754103 0.567316
0.544020 1.317108 585.600000 1.773699 -0.999120
0.544178 1.317012 585.700000 1.714874 1.224745
0.544352 1.316891 585.800000 1.767537 1.102426
0.544539 1.316728 585.900000 1.813821 0.851965
0.544738 1.316625 586.000000 1.847350 1.197064
0.544952 1.316680 586.100000 1.897966 1.808876
0.545193 1.316499 586.200000 1.978920 0.715562
0.545443 1.316355 586.300000 2.004804 0.973991
0.545706 1.316227 586.400000 2.043479 1.064441
0.545984 1.316076 586.500000 2.086484 0.924598
0.546275 1.316212 586.600000 2.122281 2.055552
0.546599 1.316028 586.700000 2.214448 0.689409
0.546933 1.315851 586.800000 2.237846 0.747245
0.547276 1.315836 586.900000 2.264019 1.565069
0.547646 1.315807 587.000000 2.330952 1.512807
0.548041 1.316734 587.100000 2.394938 3.677702
0.548508 1.316938 587.200000 2.566848 2.242263
0.549020 1.316747 587.300000 2.666127 0.626232
0.549540 1.316566 587.400000 2.684108 0.711646
0.550070 1.316358 587.500000 2.706270 0.438429
0.550603 1.316742 587.600000 2.714660 2.671597
0.551193 1.316519 587.700000 2.834666 0.138507
0.551779 1.316474 587.800000 2.827418 -1.447714
0.552324 1.316269 587.900000 2.740895 0.473693
0.552873 1.316083 588.000000 2.750876 0.668412
0.553432 1.315890 588.100000 2.770542 -0.600404
0.553970 1.316158 588.200000 2.726669 2.406496
0.554558 1.315937 588.300000 2.833360 0.153772
0.555142 1.315864 588.400000 2.826882 -1.334411
0.555689 1.315808 588.500000 2.746027 -1.403699
0.556196 1.315708 588.600000 2.662112 -1.205679
0.556671 1.316653 588.700000 2.588518 -3.708835
0.557061 1.317457 588.800000 2.390133 -3.480016
0.557379 1.317234 588.900000 2.204182 0.043541
0.557693 1.317018 589.000000 2.195338 0.307851
0.558009 1.316858 589.100000 2.199754 -0.860830
0.558305 1.316702 589.200000 2.145714 -0.891065
0.558581 1.316496 589.300000 2.090432 -0.452742
0.558846 1.316377 589.400000 2.057343 1.112934
0.559126 1.316757 589.500000 2.102703 -2.666557
0.559356 1.317569 589.600000 1.958861 -3.494554
0.559528 1.318105 589.700000 1.774339 -2.992686
0.559655 1.318421 589.800000 1.615833 -2.521626
0.559746 1.318440 589.900000 1.481673 -1.691581
0.559815 1.319349 590.000000 1.389685 -3.656915
0.559842 1.320414 590.100000 1.199891 -3.899294
0.559832 1.320516 590.200000 0.998927 1.962211
0.559838 1.320721 590.300000 1.092043 2.248952
0.559865 1.320644 590.400000 1.199030 1.317938
0.559904 1.320422 590.500000 1.258932 -0.093357
0.559941 1.320478 590.600000 1.247969 1.818044
0.559997 1.320607 590.700000 1.332632 2.042209
0.560074 1.320396 590.800000 1.428079 0.382264
0.560155 1.320755 590.900000 1.440052 2.622532
0.560267 1.320739 591.000000 1.563978 1.566921
0.560398 1.320549 591.100000 1.634504 -0.630073
0.560519 1.320530 591.200000 1.594828 -1.555145
0.560616 1.320361 591.300000 1.509097 -0.801344
0.560702 1.321942 591.400000 1.461484 -4.619598
0.560734 1.321731 591.500000 1.223197 -0.383425
0.560760 1.321621 591.600000 1.197910 -1.161136
0.560774 1.321736 591.700000 1.133863 -1.999225
0.560769 1.322030 591.800000 1.028233 -2.474029
0.560742 1.322029 591.900000 0.899390 -1.625358
0.560704 1.321877 592.000000 0.813625 -0.915614
0.560658 1.321702 592.100000 0.763776 -0.755323
0.560608 1.321596 592.200000 0.722191 -1.177054
0.560550 1.321945 592.300000 0.659728 -2.603569
0.560478 1.321725 592.400000 0.526251 -0.188901
0.560406 1.321575 592.500000 0.514174 -0.934006
0.560330 1.321687 592.600000 0.464903 -1.991132
0.560246 1.321680 592.700000 0.363022 -1.602022
0.560159 1.321479 592.800000 0.281106 -0.514352
0.560070 1.321539 592.900000 0.253983 1.829253
0.559985 1.321338 593.000000 0.344175 0.514175
0.559902 1.321126 593.100000 0.368163 -0.350012
0.559818 1.320905 593.200000 0.348822 0.145957
0.559734 1.320853 593.300000 0.354376 -1.422766
0.559647 1.320633 593.400000 0.281465 0.159762
0.559559 1.320464 593.500000 0.288046 0.801118
0.559474 1.320256 593.600000 0.326662 -0.415839
0.559388 1.320075 593.700000 0.304237 -0.697232
0.559300 1.320040 593.800000 0.267854 -1.491532
0.559208 1.319828 593.900000 0.191938 0.348339
0.559118 1.319759 594.000000 0.208395 -1.349136
0.559026 1.319552 594.100000 0.139896 0.428776
0.558934 1.319400 594.200000 0.160636 0.909209
0.558843 1.319207 594.300000 0.205293 -0.592231
0.558752 1.319304 594.400000 0.174655 1.946733
0.558664 1.319083 594.500000 0.271118 0.110302
0.558576 1.318890 594.600000 0.275278 0.587662
0.558490 1.318867 594.700000 0.303285 1.535161
0.558408 1.319264 594.800000 0.378526 2.713052
0.558337 1.319166 594.900000 0.512286 1.215585
0.558270 1.319812 595.000000 0.570504 3.212610
0.558221 1.319714 595.100000 0.728282 1.216585
0.558179 1.319866 595.200000 0.785470 -2.107060
0.558124 1.319644 595.300000 0.676190 -0.037798
0.558068 1.319816 595.400000 0.670919 2.164269
0.558024 1.319845 595.500000 0.775778 -1.729298
0.557970 1.319656 595.600000 0.685434 -0.619021
0.557912 1.320104 595.700000 0.651056 2.825557
0.557871 1.320657 595.800000 0.789078 3.037408
0.557851 1.320666 595.900000 0.937003 1.657507
0.557844 1.320449 596.000000 1.015194 -0.232844
0.557834 1.320713 596.100000 0.998475 -2.407392
0.557804 1.321432 596.200000 0.873113 -3.348182
0.557752 1.321672 596.300000 0.701339 -2.346691
0.557687 1.321569 596.400000 0.580497 -1.192428
0.557616 1.321348 596.500000 0.517974 -0.059034
0.557544 1.321432 596.600000 0.512432 -1.909903
0.557465 1.321223 596.700000 0.414375 -0.379944
0.557385 1.321098 596.800000 0.393306 -1.068847
0.557301 1.320887 596.900000 0.337897 0.362084
0.557218 1.320754 597.000000 0.354311 -1.023780
0.557132 1.320750 597.100000 0.301351 1.611150
0.557051 1.320555 597.200000 0.380402 -0.561265
0.556968 1.320334 597.300000 0.350436 -0.036969
0.556885 1.320113 597.400000 0.346836 -0.024112
0.556802 1.319909 597.500000 0.343896 -0.450663
0.556717 1.320021 597.600000 0.319643 -1.994819
0.556628 1.319889 597.700000 0.218304 -1.025476
0.556537 1.319922 597.800000 0.165939 1.743696
0.556449 1.319706 597.900000 0.252294 -0.237970
0.556361 1.319506 598.000000 0.239134 -0.492151
0.556272 1.319302 598.100000 0.213331 -0.444821
0.556182 1.319090 598.200000 0.190023 -0.331388
0.556092 1.319035 598.300000 0.172504 1.403685
0.556004 1.318910 598.400000 0.241825 1.070100
0.555918 1.318704 598.500000 0.294121 0.412044
0.555833 1.318610 598.600000 0.313253 1.231004
0.555752 1.318392 598.700000 0.373237 0.155488
0.555671 1.318426 598.800000 0.379145 -1.744710
0.555585 1.318332 598.900000 0.290014 -1.228220
0.555497 1.318298 599.000000 0.227153 1.494238
0.555412 1.318095 599.100000 0.300729 0.447852
0.555328 1.317986 599.200000 0.321618 1.152908
0.555247 1.317771 599.300000 0.377655 0.259275
0.555167 1.317738 599.400000 0.388731 1.494917
0.555092 1.317648 599.500000 0.461533 1.248420
0.555022 1.317429 599.600000 0.521646 -0.116402
0.554952 1.317702 599.700000 0.513218 -2.428622
0.554872 1.317560 599.800000 0.389221 -0.965502
0.554789 1.317356 599.900000 0.338999 -0.433371
0.554705 1.317188 600.000000 0.315636 -0.791021
0.554619 1.317113 600.100000 0.274507 -1.315997
0.554530 1.317745 600.200000 0.207334 -3.197375
0.554438 1.318562 600.300000 0.046429 -3.528319
0.554347 1.318503 600.400000 -0.130219 -1.385111
0.554258 1.318474 600.500000 -0.198824 -1.514610
0.554172 1.318281 600.600000 -0.273560 0.559779
0.554084 1.318239 600.700000 -0.244203 1.461617
0.553995 1.318062 600.800000 -0.169902 0.717528
0.553904 1.318144 600.900000 -0.133176 -1.902078
0.553816 1.317989 601.000000 -0.227614 -0.881864
0.553730 1.319055 601.100000 -0.270569 -3.930195
0.553656 1.319229 601.200000 -0.465726 -2.174757
0.553591 1.319497 601.300000 -0.572135 -2.422702
0.553539 1.319553 601.400000 -0.690409 -1.819077
0.553497 1.319335 601.500000 -0.777911 0.133492
0.553454 1.319476 601.600000 -0.767347 2.081888
0.553398 1.319382 601.700000 -0.659416 -1.225692
0.553349 1.319167 601.800000 -0.717403 -0.239828
0.553301 1.319143 601.900000 -0.725808 1.531350
0.553244 1.319347 602.000000 -0.645611 2.258237
0.553175 1.319709 602.100000 -0.529471 2.644460
0.553096 1.319915 602.200000 -0.394601 2.262512
0.553011 1.319696 602.300000 -0.279502 0.050458
0.552925 1.319483 602.400000 -0.275582 -0.271159
0.552840 1.319611 602.500000 -0.287762 2.044165
0.552751 1.319510 602.600000 -0.184115 1.192927
0.552661 1.319428 602.700000 -0.123548 1.286640
0.552570 1.319350 602.800000 -0.058598 1.300404
0.552478 1.319131 602.900000 0.006715 -0.085883
0.552386 1.318916 603.000000 0.002387 -0.197889
0.552295 1.318704 603.100000 -0.007519 -0.274466
0.552203 1.318503 603.200000 -0.021205 -0.465970
0.552112 1.318504 603.300000 -0.044397 1.628690
0.552021 1.318398 603.400000 0.037259 -1.161836
0.551929 1.318183 603.500000 -0.021019 -0.207129
0.551838 1.318093 603.600000 -0.031270 1.247994
0.551747 1.317882 603.700000 0.031286 0.279404
0.551655 1.317969 603.800000 0.045100 1.921238
0.551566 1.318400 603.900000 0.140936 2.799609
0.551481 1.319331 604.000000 0.280212 3.727068
0.551407 1.320132 604.100000 0.465164 3.509234
0.551350 1.320784 604.200000 0.638300 3.243400
0.551311 1.321614 604.300000 0.797279 3.561492
0.551298 1.322346 604.400000 0.971367 3.389571
0.551314 1.322136 604.500000 1.135989 -0.316848
0.551325 1.322263 604.600000 1.114466 2.046796
0.551355 1.322079 604.700000 1.211234 -0.642702
0.551378 1.321934 604.800000 1.173042 -0.942935
0.551390 1.322125 604.900000 1.120030 -2.225888
0.551382 1.322189 605.000000 1.003136 -1.848153
0.551359 1.321974 605.100000 0.905713 0.215935
0.551337 1.321969 605.200000 0.911981 1.607349
0.551326 1.321953 605.300000 0.987788 1.564773
0.551328 1.321750 605.400000 1.061088 -0.437500
0.551325 1.321884 605.500000 1.033908 -2.064832
0.551305 1.321718 605.600000 0.925497 -0.795263
0.551278 1.321653 605.700000 0.881106 1.363443
0.551261 1.321443 605.800000 0.944873 0.316140
0.551245 1.321248 605.900000 0.955955 0.528761
0.551233 1.321305 606.000000 0.977613 -1.824757
0.551206 1.321089 606.100000 0.881487 -0.129918
0.551178 1.320921 606.200000 0.870584 -0.780635
0.551143 1.320905 606.300000 0.827199 -1.565121
0.551098 1.320689 606.400000 0.744807 0.149882
0.551054 1.320517 606.500000 0.748578 0.740135
0.551013 1.320646 606.600000 0.781841 2.052476
0.550986 1.320918 606.700000 0.880556 2.436615
0.550978 1.320713 606.800000 0.997984 -0.401836
0.550965 1.320573 606.900000 0.972902 0.965119
0.550959 1.320575 607.000000 1.016294 -1.633351
0.550939 1.320471 607.100000 0.929545 -1.173987
0.550911 1.320516 607.200000 0.866198 1.785488
0.550894 1.320365 607.300000 0.951141 0.897555
0.550884 1.320322 607.400000 0.991263 1.458717
0.550886 1.320114 607.500000 1.059243 0.321053
0.550890 1.320073 607.600000 1.069999 -1.465549
0.550880 1.320135 607.700000 0.991372 -1.843143
0.550855 1.319946 607.800000 0.894258 -0.580256
0.550825 1.319755 607.900000 0.860773 -0.561452
0.550791 1.319765 608.000000 0.828397 -1.664156
0.550746 1.319691 608.100000 0.741047 -1.315954
0.550692 1.319883 608.200000 0.671544 -2.231589
0.550627 1.320991 608.300000 0.556607 -4.015151
0.550547 1.321508 608.400000 0.353067 -2.988050
0.550460 1.321961 608.500000 0.201899 -2.856886
0.550370 1.321824 608.600000 0.058045 -0.987461
0.550279 1.321631 608.700000 0.008382 -0.539143
0.550189 1.321414 608.800000 -0.018617 0.047683
0.550099 1.321221 608.900000 -0.016140 0.542809
0.550008 1.321047 609.000000 0.011081 -0.721295
0.549918 1.320831 609.100000 -0.025039 0.109945
0.549828 1.320625 609.200000 -0.019417 0.368254
0.549738 1.320411 609.300000 -0.000907 0.178006
0.549648 1.320228 609.400000 0.007998 -0.633946
0.549557 1.320264 609.500000 -0.023739 -1.754509
0.549468 1.320188 609.600000 -0.111346 -1.310174
0.549381 1.320334 609.700000 -0.176298 2.104618
0.549291 1.320121 609.800000 -0.070186 0.205618
0.549201 1.320126 609.900000 -0.059554 -1.640064
0.549113 1.320328 610.000000 -0.141259 -2.260376
0.549028 1.321604 610.100000 -0.253572 -4.267196
0.548956 1.321954 610.200000 -0.465664 -2.629856
0.548895 1.322141 610.300000 -0.594828 -2.219893
0.548846 1.321985 610.400000 -0.702849 -0.864727
0.548801 1.322183 610.500000 -0.742571 -2.248372
0.548770 1.323092 610.600000 -0.851277 -3.707325
0.548768 1.323455 610.700000 -1.032387 -2.661594
0.548788 1.323626 610.800000 -1.160304 -2.175289
0.548829 1.323545 610.900000 -1.263267 1.289055
0.548855 1.323924 611.000000 -1.192498 2.699105
0.548856 1.323773 611.100000 -1.051580 0.892839
0.548848 1.324407 611.200000 -1.001681 3.224537
0.548816 1.324191 611.300000 -0.835445 0.055543
0.548782 1.324080 611.400000 -0.828491 -1.140024
0.548756 1.323877 611.500000 -0.881350 0.397941
0.548726 1.323676 611.600000 -0.857046 0.436767
0.548693 1.323469 611.700000 -0.830922 -0.347486
0.548661 1.323315 611.800000 -0.844142 -0.868486
0.548636 1.323116 611.900000 -0.883346 0.462742
0.548606 1.323114 612.000000 -0.855792 -1.617806
0.548587 1.322935 612.100000 -0.932403 -0.681626
0.548573 1.323088 612.200000 -0.961822 2.124317
0.548543 1.323002 612.300000 -0.850797 1.264441
0.548503 1.322903 612.400000 -0.783321 1.197159
0.548456 1.322688 612.500000 -0.719547 -0.043783
0.548408 1.322472 612.600000 -0.718138 0.077662
0.548360 1.322289 612.700000 -0.710665 0.633751
0.548308 1.322129 612.800000 -0.675424 -0.823902
0.548260 1.322001 612.900000 -0.713242 -1.041065
0.548218 1.321967 613.000000 -0.761729 -1.490960
0.548185 1.321764 613.100000 -0.832468 -0.386292
0.548154 1.321569 613.200000 -0.847620 -0.509140
0.548126 1.321447 613.300000 -0.868839 1.067181
0.548091 1.321327 613.400000 -0.811136 1.083519
0.548047 1.321610 613.500000 -0.752904 2.472748
0.547990 1.321953 613.600000 -0.625502 2.618960
0.547920 1.321796 613.700000 -0.491427 0.840502
0.547847 1.321629 613.800000 -0.446945 -0.775092
0.547777 1.322513 613.900000 -0.483464 3.674196
0.547695 1.322404 614.000000 -0.297337 1.140536
0.547611 1.322233 614.100000 -0.238824 -0.740542
0.547528 1.322072 614.200000 -0.274657 0.817588
0.547443 1.321863 614.300000 -0.232404 -0.272162
0.547359 1.322238 614.400000 -0.244850 2.693694
0.547271 1.322072 614.500000 -0.108941 0.769786
0.547182 1.321951 614.600000 -0.069907 -1.075442
0.547094 1.321742 614.700000 -0.123330 -0.275671
0.547007 1.321549 614.800000 -0.136497 -0.519222
0.546920 1.321383 614.900000 -0.161775 0.775997
0.546832 1.321179 615.000000 -0.122167 -0.377483
0.546745 1.320973 615.100000 -0.140430 0.321026
0.546657 1.320761 615.200000 -0.123676 -0.164924
0.546570 1.320583 615.300000 -0.131304 0.676457
0.546482 1.320370 615.400000 -0.096825 0.115777
0.546394 1.320256 615.500000 -0.090552 1.115148
0.546305 1.320087 615.600000 -0.034342 0.743369
0.546216 1.319872 615.700000 0.002998 -0.022908
0.546128 1.319873 615.800000 0.001838 -1.626302
0.546040 1.320508 615.900000 -0.079486 -3.234578
0.545956 1.320297 616.000000 -0.240818 0.201628
0.545871 1.320114 616.100000 -0.229532 -0.627592
0.545788 1.320180 616.200000 -0.259764 -1.858228
0.545710 1.321027 616.300000 -0.351377 -3.616859
0.545644 1.320902 616.400000 -0.530463 1.049411
0.545574 1.320690 616.500000 -0.475340 0.151363
0.545503 1.320528 616.600000 -0.465395 -0.805359
0.545435 1.321156 616.700000 -0.503336 3.221876
0.545356 1.320942 616.800000 -0.339726 -0.070185
0.545277 1.320731 616.900000 -0.341536 -0.193430
0.545199 1.320527 617.000000 -0.349500 -0.344391
0.545121 1.320381 617.100000 -0.364972 0.916498
0.545041 1.320231 617.200000 -0.317322 0.887576
0.544959 1.320082 617.300000 -0.271357 0.900481
0.544874 1.320058 617.400000 -0.224976 1.527995
0.544788 1.319847 617.500000 -0.147452 0.183082
0.544701 1.319679 617.600000 -0.137560 0.752949
0.544614 1.319699 617.700000 -0.099225 1.698311
0.544526 1.319664 617.800000 -0.013813 1.487330
0.544438 1.320901 617.900000 0.060622 4.234074
0.544356 1.321566 618.000000 0.272023 3.296765
0.544283 1.321526 618.100000 0.435501 1.463643
0.544216 1.321314 618.200000 0.506506 -0.152551
0.544148 1.321113 618.300000 0.496346 0.387029
0.544081 1.320993 618.400000 0.513215 -1.080880
0.544010 1.321729 618.500000 0.456605 -3.427038
0.543929 1.321577 618.600000 0.282970 -0.875535
0.543845 1.321637 618.700000 0.237779 -1.839490
0.543759 1.321549 618.800000 0.144615 -1.247030
0.543672 1.321507 618.900000 0.081541 1.454134
0.543586 1.321408 619.000000 0.153840 1.190697
0.543502 1.321531 619.100000 0.212605 2.042080
0.543422 1.321554 619.200000 0.313646 1.710446
0.543347 1.321925 619.300000 0.397601 2.690670
0.543282 1.321713 619.400000 0.530146 0.154003
0.543217 1.321609 619.500000 0.535195 1.160039
0.543158 1.321405 619.600000 0.590521 -0.340753
0.543096 1.321259 619.700000 0.570531 -0.911201
0.543031 1.321058 619.800000 0.522118 0.399621
0.542967 1.320852 619.900000 0.539489 -0.290395
0.542901 1.320656 620.000000 0.522272 0.456809
0.542837 1.320445 620.100000 0.542501 -0.145819
0.542773 1.320954 620.200000 0.532497 -2.994108
0.542697 1.321648 620.300000 0.380129 -3.353883
0.542613 1.321830 620.400000 0.210535 -2.213889
0.542526 1.322174 620.500000 0.098787 -2.629356
0.542439 1.321964 620.600000 -0.033174 -0.203299
0.542352 1.321851 620.700000 -0.043173 -1.112639
0.542265 1.322268 620.800000 -0.098589 -2.795660
0.542182 1.322398 620.900000 -0.237880 -2.063954
0.542104 1.322799 621.000000 -0.339888 -2.761859
0.542035 1.322588 621.100000 -0.476281 0.143602
0.541966 1.322387 621.200000 -0.466720 0.387953
0.541894 1.322712 621.300000 -0.444989 2.584979
0.541815 1.322527 621.400000 -0.313515 0.595794
0.541734 1.322433 621.500000 -0.282157 1.214671
0.541651 1.322245 621.600000 -0.220013 0.554034
0.541567 1.322135 621.700000 -0.191211 -1.125896
0.541485 1.321967 621.800000 -0.246550 0.746965
0.541401 1.321870 621.900000 -0.207969 -1.198124
0.541320 1.321657 622.000000 -0.266835 -0.049306
0.541239 1.321461 622.100000 -0.267967 -0.444180
0.541158 1.321543 622.200000 -0.288836 -1.914913
0.541083 1.321337 622.300000 -0.383137 -0.289301
0.541009 1.321131 622.400000 -0.395687 0.276401
0.540934 1.321141 622.500000 -0.379888 -1.660273
0.540864 1.320982 622.600000 -0.461002 -0.813870
0.540797 1.320773 622.700000 -0.499391 0.202357
0.540729 1.320564 622.800000 -0.486776 -0.191931
0.540662 1.320672 622.900000 -0.493939 1.996876
0.540587 1.320460 623.000000 -0.391625 0.078669
0.540513 1.320378 623.100000 -0.385734 1.270355
0.540434 1.321019 623.200000 -0.320287 -3.260892
0.540366 1.320989 623.300000 -0.481730 -1.504324
0.540304 1.321213 623.400000 -0.554538 -2.333145
0.540253 1.321024 623.500000 -0.668422 0.525224
0.540199 1.321341 623.600000 -0.638819 2.569724
0.540133 1.321260 623.700000 -0.507139 1.278279
0.540062 1.321057 623.800000 -0.440689 0.331313
0.539990 1.320861 623.900000 -0.421920 -0.441656
0.539919 1.320802 624.000000 -0.441893 1.379306
0.539844 1.320603 624.100000 -0.370719 -0.393488
0.539769 1.320940 624.200000 -0.388539 -2.616640
0.539704 1.321037 624.300000 -0.517429 -1.963679
0.539648 1.321107 624.400000 -0.613026 -1.875033
0.539601 1.321274 624.500000 -0.703712 -2.176110
0.539567 1.321075 624.600000 -0.808999 0.383133
0.539530 1.320867 624.700000 -0.785797 0.216093
0.539492 1.320661 624.800000 -0.771064 0.255378
0.539451 1.320461 624.900000 -0.754440 -0.378556
0.539412 1.320384 625.000000 -0.769595 -1.296453
0.539381 1.320291 625.100000 -0.830570 -1.214940
0.539357 1.320080 625.200000 -0.887164 -0.089939
0.539334 1.320020 625.300000 -0.887225 -1.373923
0.539320 1.319859 625.400000 -0.951485 -0.791619
0.539312 1.319932 625.500000 -0.986309 1.883727
0.539288 1.319726 625.600000 -0.887191 -0.240937
0.539266 1.319518 625.700000 -0.894802 0.188656
0.539242 1.319879 625.800000 -0.880895 -2.676969
0.539238 1.321021 625.900000 -1.010339 -4.114520
0.539269 1.321264 626.000000 -1.211013 -2.385945
0.539322 1.321054 626.100000 -1.324255 0.111872
0.539374 1.321489 626.200000 -1.312040 -2.843478
0.539455 1.321620 626.300000 -1.447654 -2.070751
0.539559 1.321559 626.400000 -1.543953 -1.368699
0.539678 1.321420 626.500000 -1.604669 -0.952772
0.539808 1.321273 626.600000 -1.644284 0.895772
0.539924 1.321150 626.700000 -1.591274 1.049276
0.540025 1.321070 626.800000 -1.530854 1.279765
0.540108 1.320898 626.900000 -1.459211 0.695790
0.540182 1.320701 627.000000 -1.417126 -0.413946
0.540259 1.321038 627.100000 -1.430737 -2.620511
0.540366 1.320844 627.200000 -1.554609 -0.452904
0.540476 1.320730 627.300000 -1.569481 1.103972
0.540571 1.320700 627.400000 -1.506435 1.502510
0.540646 1.320917 627.500000 -1.423778 2.315891
0.540695 1.320776 627.600000 -1.300864 0.935337
0.540733 1.321105 627.700000 -1.247593 2.603175
0.540745 1.321115 627.800000 -1.111196 1.663661
0.540742 1.320988 627.900000 -1.022457 1.024050
0.540730 1.320872 628.000000 -0.966142 1.084754
0.540710 1.320693 628.100000 -0.907074 -0.633439
0.540693 1.320560 628.200000 -0.934211 0.984654
0.540669 1.320441 628.300000 -0.880307 -1.066950
0.540651 1.320235 628.400000 -0.929253 -0.233935
0.540635 1.320045 628.500000 -0.936303 -0.495493
0.540622 1.319852 628.600000 -0.956396 0.461510
0.540604 1.319878 628.700000 -0.928539 1.722819
0.540574 1.319692 628.800000 -0.837755 -0.555350
0.540547 1.319633 628.900000 -0.861334 1.376387
0.540511 1.319775 629.000000 -0.788208 2.103494
0.540461 1.319636 629.100000 -0.679092 0.942103
0.540407 1.319966 629.200000 -0.628592 2.606002
0.540341 1.319784 629.300000 -0.495149 0.598446
0.540272 1.319666 629.400000 -0.462750 -1.070778
0.540207 1.319473 629.500000 -0.513976 -0.463217
0.540144 1.319298 629.600000 -0.534567 -0.654065
0.540083 1.319352 629.700000 -0.564597 -1.821860
0.540031 1.320107 629.800000 -0.652867 -3.485866
0.540000 1.320848 629.900000 -0.823896 -3.460334
0.539992 1.320638 630.000000 -0.992793 -0.021947
0.539984 1.320428 630.100000 -0.988927 0.022113
0.539975 1.320499 630.200000 -0.982876 -1.880566
0.539980 1.320290 630.300000 -1.071990 0.076479
0.539984 1.320439 630.400000 -1.062806 -2.123955
0.540006 1.320307 630.500000 -1.163690 -0.987211
0.540036 1.320170 630.600000 -1.207232 -0.956214
0.540074 1.320281 630.700000 -1.249007 2.009787
0.540092 1.320136 630.800000 -1.142272 0.902629
0.540101 1.319947 630.900000 -1.091430 0.500447
0.540104 1.320466 631.000000 -1.060950 3.032121
0.540083 1.320654 631.100000 -0.904039 2.239967
0.540047 1.320576 631.200000 -0.787521 1.287670
0.540002 1.320367 631.300000 -0.719200 0.017954
0.539957 1.320255 631.400000 -0.714706 -1.107558
0.539918 1.320152 631.500000 -0.766510 1.155169
0.539872 1.320012 631.600000 -0.704919 -0.932048
0.539831 1.319810 631.700000 -0.747997 0.311380
0.539788 1.319859 631.800000 -0.728688 -1.805099
0.539755 1.319656 631.900000 -0.815300 0.276685
0.539720 1.319902 632.000000 -0.797389 2.396205
0.539670 1.319698 632.100000 -0.673592 0.238728
0.539619 1.319525 632.200000 -0.658287 0.679129
0.539564 1.319422 632.300000 -0.621039 1.153450
0.539504 1.319222 632.400000 -0.560262 -0.336475
0.539445 1.319308 632.500000 -0.574284 -1.930047
0.539395 1.319449 632.600000 -0.667915 -2.102605
0.539356 1.319343 632.700000 -0.769706 -1.137686
0.539324 1.319201 632.800000 -0.822741 -0.917873
0.539298 1.319007 632.900000 -0.864521 0.430352
0.539269 1.318865 633.000000 -0.838681 -0.915598
0.539245 1.318834 633.100000 -0.880268 -1.496934
0.539231 1.318738 633.200000 -0.950713 -1.191813
0.539226 1.318543 633.300000 -1.005550 0.412783
0.539216 1.318347 633.400000 -0.979883 -0.389285
0.539209 1.318175 633.500000 -0.994448 0.681699
0.539196 1.317969 633.600000 -0.955391 -0.171170
0.539184 1.317865 633.700000 -0.959172 1.144567
0.539162 1.317966 633.800000 -0.897148 1.980599
0.539127 1.317775 633.900000 -0.793633 -0.463551
0.539094 1.317702 634.000000 -0.812842 -1.303079
0.539069 1.317824 634.100000 -0.873932 -2.045383
0.539058 1.318588 634.200000 -0.971831 -3.511146
0.539076 1.319860 634.300000 -1.142529 -4.333259
0.539136 1.319652 634.400000 -1.353480 -0.057515
0.539194 1.319504 634.500000 -1.349588 0.874670
0.539242 1.319708 634.600000 -1.299107 2.286611
0.539267 1.319511 634.700000 -1.178281 0.367178
0.539287 1.319371 634.800000 -1.154030 -0.926646
0.539314 1.319264 634.900000 -1.194592 -1.134535
0.539351 1.319656 635.000000 -1.245346 -2.759792
0.539416 1.320278 635.100000 -1.377109 -3.245242
0.539516 1.320170 635.200000 -1.532486 -1.130332
0.539627 1.320001 635.300000 -1.581340 0.696488
0.539729 1.319910 635.400000 -1.538609 1.221443
0.539814 1.319715 635.500000 -1.469843 0.401273
0.539893 1.319533 635.600000 -1.442431 -0.565506
0.539976 1.319330 635.700000 -1.463494 0.250412
0.540055 1.319132 635.800000 -1.443656 0.347539
0.540128 1.318997 635.900000 -1.419060 0.959133
0.540190 1.318799 636.000000 -1.364008 -0.345970
0.540253 1.318630 636.100000 -1.374487 0.691902
0.540308 1.318423 636.200000 -1.333019 -0.078720
0.540362 1.318216 636.300000 -1.330290 0.035808
0.540415 1.318075 636.400000 -1.321848 -0.921977
0.540475 1.318805 636.500000 -1.361338 -3.452960
0.540573 1.318717 636.600000 -1.527179 -1.230254
0.540685 1.318805 636.700000 -1.581056 -1.939097
0.540819 1.318605 636.800000 -1.670106 0.300853
0.540947 1.318991 636.900000 -1.646713 2.749050
0.541039 1.318807 637.000000 -1.501026 0.546842
0.541123 1.318681 637.100000 -1.466179 -1.013553
0.541216 1.318549 637.200000 -1.509526 0.977297
0.541297 1.318835 637.300000 -1.453113 -2.506051
0.541406 1.318916 637.400000 -1.571150 -1.916167
0.541537 1.319876 637.500000 -1.659103 -3.857442
0.541718 1.319690 637.600000 -1.843680 -0.521396
0.541905 1.319521 637.700000 -1.860531 0.692606
0.542079 1.319387 637.800000 -1.816598 -0.965844
0.542263 1.319261 637.900000 -1.855807 1.015751
0.542431 1.319784 638.000000 -1.795741 3.051207
0.542555 1.319602 638.100000 -1.634202 0.565074
0.542670 1.319423 638.200000 -1.597777 -0.597340
0.542791 1.319237 638.300000 -1.619655 -0.511947
0.542916 1.319333 638.400000 -1.637154 -1.963400
0.543064 1.319126 638.500000 -1.727138 0.000513
0.543210 1.318935 638.600000 -1.718477 -0.448180
0.543360 1.318741 638.700000 -1.732294 0.396206
0.543502 1.318783 638.800000 -1.703822 -1.781450
0.543666 1.318804 638.900000 -1.784375 -1.705396
0.543852 1.318642 639.000000 -1.860723 -0.753795
0.544046 1.318600 639.100000 -1.889109 -1.449425
0.544259 1.318428 639.200000 -1.952135 0.663772
0.544459 1.318263 639.300000 -1.909186 -0.719071
0.544667 1.318118 639.400000 -1.935593 -0.886474
0.544885 1.318177 639.500000 -1.970239 1.840087
0.545073 1.318191 639.600000 -1.868384 1.679276
0.545234 1.318010 639.700000 -1.775078 0.563863
0.545385 1.317817 639.800000 -1.738009 0.406418
0.545528 1.317626 639.900000 -1.708998 0.443202
0.545663 1.317501 640.000000 -1.678293 -1.018779
0.545809 1.317533 640.100000 -1.720841 -1.742692
0.545976 1.317335 640.200000 -1.799371 0.327951
0.546137 1.317236 640.300000 -1.773977 1.167970
0.546279 1.317041 640.400000 -1.706708 0.373294
0.546414 1.316961 640.500000 -1.679510 1.264708
0.546530 1.317540 640.600000 -1.607877 -3.170801
0.546686 1.317337 640.700000 -1.758378 -0.199223
0.546842 1.317147 640.800000 -1.759547 0.449391
0.546990 1.317024 640.900000 -1.728280 -1.024866
0.547149 1.316819 641.000000 -1.770882 -0.030901
0.547307 1.316613 641.100000 -1.763572 0.049047
0.547461 1.316420 641.200000 -1.752302 -0.393682
0.547618 1.316686 641.300000 -1.763225 2.458064
0.547740 1.316511 641.400000 -1.631505 -0.626482
0.547868 1.316498 641.500000 -1.654672 -1.569043
0.548014 1.316340 641.600000 -1.724851 -0.778787
0.548169 1.316136 641.700000 -1.755166 0.089286
0.548320 1.315944 641.800000 -1.741926 -0.419446
0.548474 1.316185 641.900000 -1.754188 -2.391587
0.548659 1.316539 642.000000 -1.864997 -2.680573
0.548882 1.316343 642.100000 -1.989701 0.334533
0.549097 1.316159 642.200000 -1.963025 -0.522072
0.549316 1.316071 642.300000 -1.979314 -1.224503
0.549552 1.315878 642.400000 -2.030642 0.395227
0.549777 1.315870 642.500000 -2.000728 -1.589682
0.550025 1.315666 642.600000 -2.070208 -0.074823
0.550271 1.315470 642.700000 -2.063598 0.342152
0.550508 1.315290 642.800000 -2.036173 0.555981
0.550733 1.315742 642.900000 -1.998193 -2.906796
0.551001 1.315847 643.000000 -2.133542 -1.994528
0.551299 1.316330 643.100000 -2.222600 -2.974058
0.551647 1.316364 643.200000 -2.360190 -1.751727
0.552022 1.316197 643.300000 -2.435976 -0.695420
0.552406 1.315992 643.400000 -2.458567 0.020281
0.552785 1.315893 643.500000 -2.445260 1.161539
0.553137 1.315907 643.600000 -2.374957 1.678102
0.553454 1.316407 643.700000 -2.279177 3.011209
0.553716 1.316244 643.800000 -2.117221 0.733199
0.553963 1.316074 643.900000 -2.069975 0.666362
0.554196 1.315949 644.000000 -2.026307 -1.011022
0.554441 1.315867 644.100000 -2.066726 -1.256338
0.554704 1.315663 644.200000 -2.119209 0.025180
0.554962 1.316220 644.300000 -2.107354 -3.131359
0.555270 1.316199 644.400000 -2.253386 -1.539251
0.555601 1.316130 644.500000 -2.319081 -1.318391
0.555952 1.316018 644.600000 -2.373405 1.086864
0.556278 1.315887 644.700000 -2.307195 0.971715
0.556584 1.315798 644.800000 -2.247073 1.218092
0.556864 1.315908 644.900000 -2.174933 2.015130
0.557108 1.315708 645.000000 -2.063302 0.214093
0.557345 1.315644 645.100000 -2.042281 -1.341251
0.557600 1.315566 645.200000 -2.099132 -1.276859
0.557872 1.315368 645.300000 -2.152479 -0.265472
0.558145 1.315267 645.400000 -2.154991 1.152533
0.558396 1.315070 645.500000 -2.086589 -0.305082
0.558648 1.314928 645.600000 -2.091410 -0.893673
0.558912 1.315158 645.700000 -2.125637 -2.365219
0.559211 1.315049 645.800000 -2.233270 1.107529
0.559488 1.314944 645.900000 -2.166727 1.127330
0.559743 1.314821 646.000000 -2.099527 1.018153
0.559977 1.314623 646.100000 -2.038121 -0.265418
0.560213 1.314436 646.200000 -2.041202 0.461560
0.560438 1.314410 646.300000 -2.007918 1.513457
0.560637 1.314630 646.400000 -1.922205 -2.339892
0.560869 1.314458 646.500000 -2.029589 -0.642958
0.561108 1.314382 646.600000 -2.051589 -1.280095
0.561364 1.314179 646.700000 -2.105336 -0.010296
0.561616 1.314216 646.800000 -2.095324 1.763612
0.561838 1.314077 646.900000 -1.996666 -0.912772
0.562070 1.313956 647.000000 -2.032322 -1.032205
0.562315 1.313754 647.100000 -2.073770 0.058096
0.562556 1.313831 647.200000 -2.060497 1.904218
0.562765 1.314330 647.300000 -1.954983 3.015846
0.562926 1.314338 647.400000 -1.794416 1.650749
0.563063 1.314492 647.500000 -1.702907 2.150576
0.563171 1.314400 647.600000 -1.586863 -1.197842
0.563291 1.314203 647.700000 -1.638821 0.281362
0.563406 1.314002 647.800000 -1.616559 0.179085
0.563516 1.313903 647.900000 -1.599522 -1.159355
0.563639 1.313956 648.000000 -1.649492 -1.819164
0.563784 1.313770 648.100000 -1.732203 -0.468392
0.563932 1.313604 648.200000 -1.746961 0.686485
0.564069 1.313425 648.300000 -1.703902 0.556029
0.564197 1.313288 648.400000 -1.667581 -0.919848
0.564334 1.313204 648.500000 -1.705236 1.241030
0.564453 1.313012 648.600000 -1.634658 -0.359669
0.564574 1.313057 648.700000 -1.644468 1.793068
0.564672 1.313049 648.800000 -1.546592 1.587110
0.564749 1.312863 648.900000 -1.459504 -0.466325
0.564829 1.312686 649.000000 -1.475523 -0.569586
0.564915 1.312607 649.100000 -1.496624 1.266445
0.564984 1.312655 649.200000 -1.425819 1.801569
0.565033 1.312552 649.300000 -1.328611 1.136038
0.565069 1.312461 649.400000 -1.265167 1.198006
0.565093 1.312261 649.500000 -1.198940 -0.192248
0.565117 1.313309 649.600000 -1.202558 -4.030055
0.565181 1.313690 649.700000 -1.398048 -2.751722
0.565274 1.313764 649.800000 -1.528644 -1.896001
0.565388 1.313959 649.900000 -1.615801 2.269722
0.565472 1.313757 650.000000 -1.494236 -0.087799
0.565556 1.313563 650.100000 -1.491154 0.324764
0.565635 1.314076 650.200000 -1.467460 3.049841
0.565679 1.313888 650.300000 -1.307631 0.417696
0.565718 1.313708 650.400000 -1.280208 0.543144
0.565751 1.313539 650.500000 -1.246650 0.646867
0.565776 1.313459 650.600000 -1.208073 1.260560
0.565789 1.314068 650.700000 -1.139005 3.249678
0.565774 1.314283 650.800000 -0.970826 2.329842
0.565743 1.314090 650.900000 -0.849480 0.324953
0.565709 1.314317 651.000000 -0.828985 2.362792
0.565660 1.314855 651.100000 -0.706700 3.105248
0.565596 1.314709 651.200000 -0.547904 0.856601
0.565529 1.314517 651.300000 -0.502335 -0.348384
0.565463 1.314431 651.400000 -0.517242 -1.229319
0.565401 1.314409 651.500000 -0.576122 -1.530579
0.565347 1.314208 651.600000 -0.649770 0.075315
0.565292 1.314009 651.700000 -0.642756 0.183071
0.565236 1.313818 651.800000 -0.630388 -0.370697
0.565181 1.314074 651.900000 -0.645771 2.443043
0.565115 1.314356 652.000000 -0.520390 2.512050
0.565040 1.314953 652.100000 -0.392186 3.226274
0.564958 1.314756 652.200000 -0.228911 -0.248627
0.564875 1.314674 652.300000 -0.240198 1.248782
0.564791 1.314496 652.400000 -0.176558 0.559104
0.564706 1.314331 652.500000 -0.147720 -0.684653
0.564622 1.314354 652.600000 -0.181214 -1.712200
0.564541 1.314187 652.700000 -0.265918 0.666689
0.564459 1.314057 652.800000 -0.231254 0.966431
0.564375 1.314313 652.900000 -0.181776 -2.442114
0.564296 1.314160 653.000000 -0.302973 0.798847
0.564215 1.314050 653.100000 -0.261516 1.092508
0.564131 1.313890 653.200000 -0.205583 -0.727167
0.564049 1.313716 653.300000 -0.240913 -0.597129
0.563969 1.313613 653.400000 -0.269565 -1.132551
0.563891 1.313687 653.500000 -0.324845 1.896859
0.563808 1.313530 653.600000 -0.228378 0.755993
0.563725 1.313331 653.700000 -0.189436 -0.173473
0.563642 1.313531 653.800000 -0.197162 -2.288311
0.563563 1.313389 653.900000 -0.310592 -0.873946
0.563486 1.313438 654.000000 -0.352737 -1.808799
0.563415 1.314138 654.100000 -0.441413 -3.433544
0.563357 1.314158 654.200000 -0.610883 -1.701222
0.563308 1.313975 654.300000 -0.692890 0.481464
0.563256 1.313986 654.400000 -0.665352 -1.662412
0.563212 1.313795 654.500000 -0.745146 -0.364473
0.563170 1.313649 654.600000 -0.759644 0.842862
0.563123 1.313904 654.700000 -0.713702 2.442484
0.563063 1.313770 654.800000 -0.588010 0.933747
0.562999 1.313581 654.900000 -0.538382 0.391170
0.562934 1.313800 655.000000 -0.516132 2.344291
0.562860 1.313599 655.100000 -0.396337 0.028812
0.562786 1.313945 655.200000 -0.392914 -2.674984
0.562721 1.313763 655.300000 -0.524699 0.493275
0.562654 1.313768 655.400000 -0.497412 -1.640960
0.562594 1.313569 655.500000 -0.576973 0.135660
0.562532 1.313453 655.600000 -0.567305 1.050475
0.562466 1.313269 655.700000 -0.511945 0.472598
0.562399 1.313074 655.800000 -0.485755 -0.254364
0.562332 1.312922 655.900000 -0.496044 -0.793049
0.562268 1.312861 656.000000 -0.533217 1.352225
0.562198 1.312785 656.100000 -0.462939 1.275004
0.562125 1.312756 656.200000 -0.396874 -1.498906
0.562056 1.312558 656.300000 -0.469835 -0.169883
0.561987 1.312472 656.400000 -0.475980 1.222563
0.561915 1.313164 656.500000 -0.412472 3.422497
0.561834 1.313284 656.600000 -0.239285 2.050105
0.561750 1.313248 656.700000 -0.135583 1.468522
0.561664 1.313141 656.800000 -0.061479 1.099849
0.561579 1.313273 656.900000 -0.006180 2.089094
0.561494 1.313589 657.000000 0.098306 2.603032
0.561413 1.313491 657.100000 0.227966 1.159778
0.561333 1.313297 657.200000 0.284815 -0.286166
0.561253 1.313244 657.300000 0.269083 -1.388091
0.561171 1.313046 657.400000 0.198333 -0.164121
0.561088 1.313052 657.500000 0.189135 -1.642138
0.561004 1.313327 657.600000 0.106083 -2.499708
0.560919 1.313471 657.700000 -0.019433 -2.124234
0.560835 1.313483 657.800000 -0.125548 1.671843
0.560750 1.313923 657.900000 -0.041328 2.900618
0.560665 1.313920 658.000000 0.103910 1.610361
0.560583 1.313952 658.100000 0.183908 1.746496
0.560503 1.313932 658.200000 0.270313 -1.535855
0.560421 1.313809 658.300000 0.192169 -1.001559
0.560337 1.313609 658.400000 0.141130 -0.010810
0.560253 1.313411 658.500000 0.139884 -0.140417
0.560170 1.314467 658.600000 0.132164 -4.065646
0.560085 1.314273 658.700000 -0.071779 -0.287352
0.560001 1.314193 658.800000 -0.085788 -1.254004
0.559917 1.314013 658.900000 -0.148059 -0.510171
0.559835 1.313882 659.000000 -0.172828 0.948208
0.559751 1.314095 659.100000 -0.124553 2.331201
0.559666 1.314273 659.200000 -0.007370 2.230643
0.559582 1.315106 659.300000 0.104199 3.689475
0.559503 1.314974 659.400000 0.288152 0.944351
0.559427 1.314831 659.500000 0.333928 -0.856441
0.559349 1.314639 659.600000 0.289437 -0.319866
0.559269 1.314604 659.700000 0.271996 -1.473655
0.559188 1.314418 659.800000 0.196953 0.413719
0.559106 1.314358 659.900000 0.216655 -1.354663
0.559023 1.314579 660.000000 0.147838 -2.356408
0.558939 1.314873 660.100000 0.029279 2.551325
0.558856 1.314804 660.200000 0.156698 1.312147
0.558775 1.314690 660.300000 0.221522 1.058617
0.558696 1.314846 660.400000 0.273346 -2.164245
0.558614 1.315283 660.500000 0.163767 -2.900208
0.558529 1.315094 660.600000 0.017937 -0.352586
0.558445 1.315047 660.700000 0.000218 -1.419650
0.558360 1.315154 660.800000 -0.070765 -2.011083
0.558278 1.314980 660.900000 -0.170966 -0.571729
0.558197 1.314861 661.000000 -0.198697 1.029427
0.558114 1.314695 661.100000 -0.146232 0.652916
0.558030 1.314544 661.200000 -0.112855 -0.794609
0.557948 1.314555 661.300000 -0.152022 -1.668544
0.557868 1.314744 661.400000 -0.234689 -2.262998
0.557792 1.314735 661.500000 -0.346665 -1.586556
0.557722 1.314835 661.600000 -0.424260 -1.987662
0.557658 1.314650 661.700000 -0.521521 0.423711
0.557592 1.314541 661.800000 -0.497728 1.088983
0.557523 1.314347 661.900000 -0.440791 0.243721
0.557452 1.314174 662.000000 -0.426401 -0.583447
0.557384 1.314213 662.100000 -0.453441 1.774870
0.557310 1.314475 662.200000 -0.362430 2.468645
0.557230 1.314483 662.300000 -0.237186 1.655694
0.557147 1.314377 662.400000 -0.153215 1.103743
0.557064 1.314194 662.500000 -0.097262 0.451004
0.556980 1.314036 662.600000 -0.074225 0.732475
0.556896 1.314052 662.700000 -0.037231 -1.683877
0.556813 1.313854 662.800000 -0.121238 -0.063187
0.556731 1.313932 662.900000 -0.123791 -1.915706
0.556650 1.313739 663.000000 -0.218958 0.247740
0.556570 1.314068 663.100000 -0.205476 2.645599
0.556486 1.314699 663.200000 -0.072169 3.314608
0.556403 1.314517 663.300000 0.093923 0.463140
0.556320 1.314344 663.400000 0.116610 0.580845
0.556238 1.314190 663.500000 0.145069 0.767637
0.556156 1.314099 663.600000 0.182726 -1.188365
0.556074 1.314102 663.700000 0.122394 -1.633894
0.555990 1.313983 663.800000 0.040087 1.024774
0.555907 1.313804 663.900000 0.091125 -0.499616
0.555824 1.313806 664.000000 0.065689 1.631858
0.555742 1.313922 664.100000 0.146953 -2.040988
0.555658 1.313762 664.200000 0.044169 -0.704190
0.555574 1.313738 664.300000 0.008739 -1.520418
0.555491 1.313562 664.400000 -0.067326 -0.532032
0.555408 1.313366 664.500000 -0.093591 -0.170859
0.555325 1.313173 664.600000 -0.101666 -0.230111
0.555243 1.313270 664.700000 -0.112663 1.980739
0.555159 1.313075 664.800000 -0.013063 -0.162550
0.555076 1.312878 664.900000 -0.021125 -0.092203
0.554993 1.312770 665.000000 -0.025629 -1.094201
0.554910 1.312574 665.100000 -0.080211 -0.123985
0.554827 1.312383 665.200000 -0.086009 0.280996
0.554744 1.312194 665.300000 -0.071530 0.327052
0.554661 1.312047 665.400000 -0.054819 0.824385
0.554577 1.311925 665.500000 -0.013326 0.996843
0.554494 1.311780 665.600000 0.036583 0.831675
0.554411 1.311622 665.700000 0.077984 0.726368
0.554329 1.311632 665.800000 0.113912 -1.656726
0.554246 1.311437 665.900000 0.030506 0.160851
0.554163 1.311246 666.000000 0.038396 -0.283546
0.554080 1.311168 666.100000 0.024027 -1.258847
0.553997 1.311986 666.200000 -0.039035 -3.677969
0.553917 1.312436 666.300000 -0.222739 -2.935975
0.553844 1.312504 666.400000 -0.368424 -1.880620
0.553777 1.312337 666.500000 -0.460613 -0.622239
0.553712 1.312309 666.600000 -0.489422 -1.501607
0.553653 1.312341 666.700000 -0.562055 -1.745483
0.553601 1.312751 666.800000 -0.646519 -2.845137
0.553564 1.312578 666.900000 -0.785543 -0.564354
0.553530 1.312459 667.000000 -0.809833 -1.020489
0.553502 1.312274 667.100000 -0.856808 0.397915
0.553471 1.312116 667.200000 -0.832628 -0.713681
0.553444 1.312111 667.300000 -0.864149 1.601976
0.553407 1.312044 667.400000 -0.779730 1.315424
0.553362 1.311913 667.500000 -0.710060 0.935417
0.553312 1.311837 667.600000 -0.659739 1.268583
0.553255 1.311744 667.700000 -0.593011 1.174278
0.553193 1.311576 667.800000 -0.531332 0.617676
0.553129 1.311790 667.900000 -0.497792 2.340344
0.553057 1.311701 668.000000 -0.378285 1.195665
0.552982 1.311652 668.100000 -0.316611 1.402683
0.552904 1.311543 668.200000 -0.244893 1.081275
0.552823 1.312493 668.300000 -0.189605 3.915127
0.552741 1.312563 668.400000 0.007099 1.887201
0.552659 1.312550 668.500000 0.101424 1.564194
0.552579 1.312467 668.600000 0.179126 1.231189
0.552500 1.312272 668.700000 0.239790 0.120041
0.552422 1.312097 668.800000 0.244593 -0.540058
0.552343 1.312317 668.900000 0.216367 2.358964
0.552269 1.312194 669.000000 0.333234 0.984944
0.552197 1.312058 669.100000 0.380815 -0.899692
0.552123 1.312359 669.200000 0.333926 -2.579437
0.552044 1.312510 669.300000 0.203285 -2.156250
0.551962 1.312883 669.400000 0.094456 -2.761093
0.551880 1.312695 669.500000 -0.044071 -0.308363
0.551797 1.312499 669.600000 -0.059269 0.092260
0.551715 1.312303 669.700000 -0.054360 -0.055233
0.551633 1.312109 669.800000 -0.056850 -0.156961
0.551551 1.312015 669.900000 -0.064413 -1.164195
0.551470 1.311830 670.000000 -0.122301 -0.377809
0.551389 1.311655 670.100000 -0.140580 -0.534093
0.551309 1.311505 670.200000 -0.166582 0.784225
0.551228 1.311404 670.300000 -0.126538 1.127806
0.551146 1.311337 670.400000 -0.069515 1.312403
0.551064 1.311142 670.500000 -0.003547 0.066484
0.550982 1.311075 670.600000 -0.000205 1.313635
0.550900 1.310880 670.700000 0.065478 -0.090461
0.550818 1.310761 670.800000 0.060627 1.007991
0.550737 1.310747 670.900000 0.110724 1.561289
0.550657 1.310762 671.000000 0.188235 -1.679495
0.550576 1.310782 671.100000 0.103319 -1.700344
0.550494 1.310631 671.200000 0.017785 -0.769791
0.550412 1.310459 671.300000 -0.020794 -0.562089
0.550330 1.310273 671.400000 -0.048794 -0.349318
0.550249 1.310081 671.500000 -0.066016 0.202844
0.550167 1.310051 671.600000 -0.055544 1.489010
0.550085 1.309893 671.700000 0.019185 -0.704131
0.550003 1.309905 671.800000 -0.016118 -1.669318
0.549922 1.309803 671.900000 -0.099503 -1.115514
0.549842 1.309891 672.000000 -0.154781 1.949513
0.549761 1.309732 672.100000 -0.056532 0.697182
0.549679 1.309862 672.200000 -0.021390 -2.087839
0.549598 1.309866 672.300000 -0.125675 -1.637062
0.549520 1.309686 672.400000 -0.206900 0.438171
0.549441 1.309586 672.500000 -0.183957 1.128633
0.549360 1.309416 672.600000 -0.126605 0.578203
0.549279 1.309528 672.700000 -0.097062 2.032723
0.549198 1.309349 672.800000 0.005059 0.453965
0.549116 1.309194 672.900000 0.027732 0.732135
0.549035 1.309000 673.000000 0.064200 0.075677
0.548954 1.309388 673.100000 0.067663 -2.799536
0.548872 1.309346 673.200000 -0.072652 -1.435129
0.548792 1.309153 673.300000 -0.144045 -0.139391
0.548713 1.308999 673.400000 -0.150295 -0.735042
0.548634 1.308818 673.500000 -0.186295 0.423844
0.548554 1.308781 673.600000 -0.164171 -1.453849
0.548477 1.308601 673.700000 -0.236043 -0.447175
0.548401 1.308809 673.800000 -0.257222 2.328891
0.548321 1.308717 673.900000 -0.139491 1.168774
0.548240 1.308589 674.000000 -0.080355 -0.946963
0.548160 1.308407 674.100000 -0.127301 0.405723
0.548079 1.308330 674.200000 -0.106379 1.253987
0.547998 1.308352 674.300000 -0.043147 1.710282
0.547917 1.308190 674.400000 0.042583 -0.657060
0.547836 1.308030 674.500000 0.009517 -0.674917
0.547755 1.307953 674.600000 -0.024277 1.255375
0.547674 1.308080 674.700000 0.038613 2.080044
0.547594 1.308981 674.800000 0.142422 3.843492
0.547521 1.310160 674.900000 0.333885 4.306180
0.547462 1.309966 675.000000 0.547525 -0.024167
0.547403 1.309816 675.100000 0.543579 -0.772534
0.547341 1.310127 675.200000 0.502234 -2.611155
0.547270 1.310106 675.300000 0.369165 -1.527779
0.547195 1.309912 675.400000 0.290930 0.070029
0.547120 1.309761 675.500000 0.292977 -0.759004
0.547044 1.309764 675.600000 0.253562 -1.630149
0.546965 1.309604 675.700000 0.170787 -0.677747
0.546886 1.310142 675.800000 0.136045 -3.144329
0.546805 1.309965 675.900000 -0.021851 -0.475838
0.546724 1.309852 676.000000 -0.045534 -1.046070
0.546644 1.309830 676.100000 -0.097610 -1.522812
0.546565 1.309672 676.200000 -0.173262 0.699868
0.546486 1.309525 676.300000 -0.137403 0.792466
0.546406 1.309332 676.400000 -0.097092 0.094756
0.546326 1.309213 676.500000 -0.091869 -1.000140
0.546246 1.309021 676.600000 -0.141417 -0.153515
0.546167 1.309644 676.700000 -0.148385 -3.324849
0.546094 1.309943 676.800000 -0.313886 -2.581269
0.546028 1.310664 676.900000 -0.441380 -3.519902
0.545975 1.310633 677.000000 -0.615168 -1.483106
0.545929 1.310519 677.100000 -0.686248 1.034287
0.545878 1.310396 677.200000 -0.631102 -0.978518
0.545831 1.310210 677.300000 -0.676872 -0.331751
0.545786 1.310071 677.400000 -0.690075 -0.851487
0.545744 1.309885 677.500000 -0.729199 0.318416
0.545701 1.309895 677.600000 -0.709633 1.662112
0.545649 1.309796 677.700000 -0.622979 1.129003
0.545592 1.309619 677.800000 -0.563414 0.468633
0.545533 1.309596 677.900000 -0.537165 -1.518065
0.545480 1.309688 678.000000 -0.610383 1.968010
0.545419 1.309597 678.100000 -0.508930 1.174128
0.545353 1.309627 678.200000 -0.447679 -1.741999
0.545293 1.309462 678.300000 -0.532541 -0.609114
0.545236 1.309513 678.400000 -0.560334 1.819696
0.545172 1.309377 678.500000 -0.466547 0.881662
0.545105 1.309449 678.600000 -0.420131 -1.894809
0.545044 1.309421 678.700000 -0.512771 1.495881
0.544977 1.309323 678.800000 -0.435413 -1.139066
0.544915 1.309158 678.900000 -0.490189 -0.616933
0.544854 1.309229 679.000000 -0.518585 -1.892000
0.544802 1.309146 679.100000 -0.610592 -1.222516
0.544754 1.309207 679.200000 -0.668665 1.853512
0.544698 1.309365 679.300000 -0.572646 2.182878
0.544634 1.309214 679.400000 -0.460639 0.753397
0.544566 1.309109 679.500000 -0.420666 1.095502
0.544496 1.308921 679.600000 -0.363787 0.240693
0.544425 1.308744 679.700000 -0.349934 0.458301
0.544353 1.308561 679.800000 -0.325269 -0.363652
0.544281 1.308867 679.900000 -0.341825 -2.603132
0.544217 1.308967 680.000000 -0.470273 -1.995543
0.544161 1.308775 680.100000 -0.567699 -0.031321
0.544105 1.308642 680.200000 -0.566426 -0.902825
0.544052 1.308527 680.300000 -0.608735 -1.021968
0.544004 1.308581 680.400000 -0.656790 -1.829972
0.543965 1.308922 680.500000 -0.745005 -2.694063
0.543941 1.309309 680.600000 -0.875983 -2.810097
0.543936 1.309363 680.700000 -1.012108 -1.831331
0.543945 1.309752 680.800000 -1.098614 -2.811880
0.543977 1.310816 680.900000 -1.233715 -4.136770
0.544048 1.310777 681.000000 -1.434385 -1.445192
0.544133 1.310954 681.100000 -1.499472 -2.243588
0.544242 1.311108 681.200000 -1.604154 -2.173563
0.544376 1.310955 681.300000 -1.704812 -0.733978
0.544516 1.310861 681.400000 -1.732987 -1.159053
0.544669 1.311093 681.500000 -1.782274 2.404794
0.544790 1.311077 681.600000 -1.653123 1.549109
0.544890 1.310924 681.700000 -1.567402 0.732547
0.544980 1.310732 681.800000 -1.522938 0.024522
0.545068 1.310573 681.900000 -1.514097 -0.674188
0.545162 1.310388 682.000000 -1.540236 0.306972
0.545251 1.310964 682.100000 -1.517186 -3.237944
0.545376 1.310964 682.200000 -1.671497 -1.618534
0.545519 1.311628 682.300000 -1.744067 -3.419486
0.545705 1.311588 682.400000 -1.906321 -1.439906
0.545909 1.311873 682.500000 -1.968784 -2.552949
0.546148 1.311704 682.600000 -2.086588 -0.555064
0.546392 1.311595 682.700000 -2.103908 1.065261
0.546617 1.311696 682.800000 -2.040126 2.003262
0.546810 1.312596 682.900000 -1.929762 3.861818
0.546948 1.312750 683.000000 -1.727022 2.173503
0.547058 1.312558 683.100000 -1.609712 -0.002399
0.547165 1.312409 683.200000 -1.601783 0.772271
0.547262 1.312354 683.300000 -1.555161 1.365599
0.547342 1.312254 683.400000 -1.479105 1.125955
0.547409 1.312130 683.500000 -1.415412 -0.957836
0.547484 1.312026 683.600000 -1.456226 -1.102456
0.547569 1.311924 683.700000 -1.504068 1.106267
0.547641 1.311742 683.800000 -1.441234 0.364554
0.547707 1.312096 683.900000 -1.415801 2.731413
0.547745 1.312036 684.000000 -1.272151 1.346492
0.547770 1.311869 684.100000 -1.198466 0.583212
0.547789 1.311861 684.200000 -1.163313 1.583818
0.547794 1.311729 684.300000 -1.078305 0.907316
0.547791 1.311538 684.400000 -1.027548 -0.088689
0.547788 1.311424 684.500000 -1.026845 -1.029334
0.547792 1.311279 684.600000 -1.073177 -0.795595
0.547802 1.311095 684.700000 -1.107591 0.313401
0.547808 1.310949 684.800000 -1.086383 0.794901
0.547807 1.310790 684.900000 -1.041206 0.665404
0.547801 1.310656 685.000000 -1.002730 -0.880992
0.547800 1.310476 685.100000 -1.041766 0.406018
0.547795 1.310954 685.200000 -1.016256 -3.027026
0.547814 1.310926 685.300000 -1.162526 -1.497157
0.547845 1.310737 685.400000 -1.231571 -0.194359
0.547876 1.310556 685.500000 -1.235131 0.366159
0.547903 1.310366 685.600000 -1.210648 -0.122890
0.547930 1.310974 685.700000 -1.210739 -3.311190
0.547987 1.311543 685.800000 -1.370245 -3.229309
0.548076 1.311627 685.900000 -1.524859 -1.942357
0.548187 1.311665 686.000000 -1.614353 -1.773487
0.548316 1.311495 686.100000 -1.694955 -0.533585
0.548450 1.311380 686.200000 -1.713160 1.026103
0.548569 1.311508 686.300000 -1.653289 2.090499
0.548662 1.313028 686.400000 -1.540497 4.846816
0.548703 1.314229 686.500000 -1.290454 4.373286
0.548706 1.314164 686.600000 -1.065338 1.316088
0.548698 1.314268 686.700000 -0.994206 2.013683
0.548676 1.314177 686.800000 -0.888551 1.177476
0.548645 1.314005 686.900000 -0.825235 -0.517328
0.548618 1.313927 687.000000 -0.846975 -1.247015
0.548598 1.313746 687.100000 -0.905091 -0.359597
0.548579 1.313761 687.200000 -0.918545 1.686306
0.548549 1.313734 687.300000 -0.829637 1.498921
0.548511 1.313597 687.400000 -0.750543 -0.864597
0.548476 1.313425 687.500000 -0.790020 -0.520168
0.548444 1.313236 687.600000 -0.812078 -0.157388
0.548413 1.313134 687.700000 -0.815887 -1.106509
0.548388 1.312947 687.800000 -0.867133 -0.225432
0.548364 1.312789 687.900000 -0.874069 0.666301
0.548335 1.312598 688.000000 -0.836384 0.062810
0.548305 1.312434 688.100000 -0.829061 -0.607433
0.548279 1.312247 688.200000 -0.855288 0.221514
0.548250 1.312220 688.300000 -0.839936 -1.498818
0.548231 1.312128 688.400000 -0.910677 -1.169474
0.548219 1.312107 688.500000 -0.964597 -1.528370
0.548217 1.311952 688.600000 -1.036193 0.691868
0.548210 1.312503 688.700000 -0.996418 3.196824
0.548180 1.312490 688.800000 -0.831595 1.562720
0.548141 1.312603 688.900000 -0.749301 2.045405
0.548092 1.312600 689.000000 -0.643284 1.605911
0.548035 1.312765 689.100000 -0.559772 2.214113
0.547970 1.312576 689.200000 -0.446268 0.161574
0.547904 1.312445 689.300000 -0.435958 0.903499
0.547836 1.312271 689.400000 -0.388603 0.481767
0.547766 1.312097 689.500000 -0.362572 0.472356
0.547695 1.312012 689.600000 -0.337141 1.203727
0.547621 1.311823 689.700000 -0.275269 -0.145831
0.547547 1.311633 689.800000 -0.281184 -0.018428
0.547474 1.311998 689.900000 -0.280700 -2.766477
0.547407 1.311890 690.000000 -0.417620 -1.067951
0.547344 1.312015 690.100000 -0.468929 2.083473
0.547274 1.311968 690.200000 -0.362411 -1.407892
0.547208 1.311811 690.300000 -0.430994 -0.670416
0.547144 1.311847 690.400000 -0.462360 1.766875
0.547075 1.311727 690.500000 -0.371704 -0.987050
0.547008 1.311736 690.600000 -0.419198 -1.654764
0.546947 1.311546 690.700000 -0.499840 -0.025067
0.546886 1.311428 690.800000 -0.498594 -0.996735
0.546829 1.311242 690.900000 -0.545938 -0.229166
0.546772 1.311077 691.000000 -0.554667 0.582820
0.546712 1.310983 691.100000 -0.522752 -1.153244
0.546657 1.311610 691.200000 -0.577801 -3.359100
0.546618 1.312066 691.300000 -0.742867 -2.987717
0.546596 1.311896 691.400000 -0.888538 0.529063
0.546570 1.311799 691.500000 -0.857642 1.131508
0.546537 1.311688 691.600000 -0.796779 -1.045710
0.546510 1.311507 691.700000 -0.845080 -0.340788
0.546484 1.311630 691.800000 -0.857895 -2.078103
0.546471 1.311872 691.900000 -0.957510 -2.443868
0.546476 1.311813 692.000000 -1.074916 -1.347514
0.546490 1.311729 692.100000 -1.136917 -1.205306
0.546514 1.311573 692.200000 -1.191498 0.681395
0.546531 1.312434 692.300000 -1.151471 -3.813588
0.546581 1.312259 692.400000 -1.336393 -0.452970
0.546634 1.312147 692.500000 -1.352359 1.038581
0.546676 1.312843 692.600000 -1.293668 3.501372
0.546686 1.312684 692.700000 -1.112131 0.648462
0.546691 1.313388 692.800000 -1.074148 3.519769
0.546669 1.313207 692.900000 -0.892788 0.341253
0.546645 1.313101 693.000000 -0.871262 -1.076379
0.546627 1.313027 693.100000 -0.920725 1.263361
0.546601 1.313339 693.200000 -0.852953 2.636459
0.546559 1.313314 693.300000 -0.716865 1.510140
0.546510 1.313151 693.400000 -0.637774 -0.601352
0.546463 1.313093 693.500000 -0.664653 -1.349906
0.546422 1.313022 693.600000 -0.728825 -1.283412
0.546388 1.312862 693.700000 -0.789351 -0.640554
0.546358 1.312731 693.800000 -0.817432 -0.898779
0.546332 1.312542 693.900000 -0.858284 -0.031498
0.546306 1.312413 694.000000 -0.855567 0.913176
0.546274 1.312449 694.100000 -0.805631 1.768023
0.546232 1.312411 694.200000 -0.713201 1.445473
0.546183 1.312225 694.300000 -0.637362 -0.211883
0.546134 1.312254 694.400000 -0.644769 1.740213
0.546078 1.312100 694.500000 -0.554534 0.699119
0.546018 1.311949 694.600000 -0.516806 -0.726122
0.545961 1.311852 694.700000 -0.550528 -1.125924
0.545909 1.311670 694.800000 -0.604072 -0.321070
0.545858 1.311482 694.900000 -0.617105 0.066303
0.545806 1.311308 695.000000 -0.610704 -0.447092
0.545756 1.311233 695.100000 -0.630005 1.259368
0.545701 1.311661 695.200000 -0.563887 2.927950
0.545635 1.311474 695.300000 -0.414670 0.136796
0.545568 1.311287 695.400000 -0.405757 0.133928
0.545501 1.311240 695.500000 -0.397031 -1.407286
0.545438 1.311099 695.600000 -0.465411 0.807168
0.545372 1.311003 695.700000 -0.422725 1.134880
0.545304 1.310848 695.800000 -0.363867 0.686696
0.545233 1.311346 695.900000 -0.327713 3.090415
0.545157 1.311391 696.000000 -0.171554 1.800902
0.545079 1.311623 696.100000 -0.080651 2.419521
0.545001 1.312768 696.200000 0.040728 4.310142
0.544927 1.312832 696.300000 0.256032 1.875270
0.544858 1.313480 696.400000 0.348515 3.412041
0.544799 1.313426 696.500000 0.517374 1.370976
0.544745 1.313491 696.600000 0.583336 -1.879276
0.544684 1.313503 696.700000 0.486456 -1.672294
0.544617 1.313604 696.800000 0.400409 -2.007137
0.544545 1.313439 696.900000 0.298050 -0.571764
0.544472 1.313302 697.000000 0.267972 -0.846285
0.544398 1.313313 697.100000 0.224318 -1.669236
0.544321 1.313145 697.200000 0.139734 0.532685
0.544245 1.312967 697.300000 0.165670 0.375600
0.544169 1.312781 697.400000 0.183621 -0.185342
0.544094 1.312618 697.500000 0.173436 0.591553
0.544019 1.312530 697.600000 0.202147 -1.185104
0.543942 1.312348 697.700000 0.141881 0.269165
0.543866 1.312282 697.800000 0.154630 1.304906
0.543791 1.312095 697.900000 0.219102 0.155087
0.543717 1.311960 698.000000 0.225761 -0.861150
0.543642 1.311825 698.100000 0.181574 0.855348
0.543567 1.311651 698.200000 0.223434 0.436082
0.543494 1.311465 698.300000 0.244121 0.163577
0.543420 1.311717 698.400000 0.251079 -2.479095
0.543344 1.311529 698.500000 0.125869 -0.022296
0.543267 1.311583 698.600000 0.124125 -1.837521
0.543189 1.311403 698.700000 0.031628 -0.329561
0.543112 1.311235 698.800000 0.014992 0.525242
0.543034 1.311232 698.900000 0.041179 -1.605904
0.542957 1.311072 699.000000 -0.039322 0.623831
0.542879 1.310885 699.100000 -0.007934 -0.014646
0.542801 1.310706 699.200000 -0.008627 -0.352303
0.542724 1.310553 699.300000 -0.026199 -0.694186
0.542646 1.310391 699.400000 -0.060777 -0.592132
0.542569 1.310542 699.500000 -0.090080 -2.175439
0.542495 1.310478 699.600000 -0.198401 -1.313453
0.542422 1.310294 699.700000 -0.263082 0.211744
0.542349 1.310993 699.800000 -0.251179 -3.522660
0.542285 1.310807 699.900000 -0.426056 0.113600
0.542220 1.310675 700.000000 -0.418246 0.877249
0.542152 1.310599 700.100000 -0.372292 1.248511
0.542081 1.310523 700.200000 -0.308005 1.250845
0.542008 1.310356 700.300000 -0.243923 -0.523738
0.541936 1.310265 700.400000 -0.268890 -1.164179
0.541866 1.310171 700.500000 -0.325755 -1.136767
0.541799 1.309993 700.600000 -0.380964 -0.362507
0.541733 1.310344 700.700000 -0.397185 2.746006
0.541661 1.310621 700.800000 -0.257899 2.549633
0.541585 1.310783 700.900000 -0.129128 2.211029
0.541507 1.312041 701.000000 -0.017930 4.501647
0.541433 1.311854 701.100000 0.207242 -0.072947
0.541359 1.311713 701.200000 0.202558 -0.800242
0.541284 1.311545 701.300000 0.161533 -0.521522
0.541208 1.311383 701.400000 0.134649 -0.586718
0.541131 1.312682 701.500000 0.104640 -4.566596
0.541055 1.313112 701.600000 -0.124213 -2.943260
0.540984 1.312964 701.700000 -0.270755 -0.739806
0.540913 1.313057 701.800000 -0.306391 1.981681
0.540839 1.313782 701.900000 -0.205775 3.578278
0.540762 1.313876 702.000000 -0.025832 1.986547
0.540686 1.313729 702.100000 0.073624 0.755741
0.540609 1.313606 702.200000 0.111043 0.944170
0.540534 1.313429 702.300000 0.157696 0.383315
0.540459 1.313518 702.400000 0.176074 -1.970832
0.540383 1.313338 702.500000 0.076652 -0.300809
0.540306 1.313942 702.600000 0.061228 3.333831
0.540233 1.313878 702.700000 0.227613 1.313615
0.540162 1.314666 702.800000 0.292156 3.702132
0.540102 1.314726 702.900000 0.475802 1.863507
0.540048 1.314794 703.000000 0.566598 -1.894321
0.539986 1.315195 703.100000 0.469049 -2.876505
0.539917 1.315656 703.200000 0.322879 -3.018968
0.539842 1.315904 703.300000 0.170316 -2.472284
0.539766 1.315929 703.400000 0.045850 -1.727630
0.539689 1.315820 703.500000 -0.040761 -1.048725
0.539613 1.315653 703.600000 -0.092993 -0.536025
0.539537 1.315562 703.700000 -0.119330 -1.162158
0.539463 1.315436 703.800000 -0.176841 0.924684
0.539388 1.315306 703.900000 -0.129722 -0.890273
0.539313 1.315749 704.000000 -0.173587 -2.978626
0.539244 1.315580 704.100000 -0.321651 -0.504058
0.539176 1.315425 704.200000 -0.345245 -0.674004
0.539109 1.315250 704.300000 -0.377219 0.397683
0.539042 1.315068 704.400000 -0.355449 0.257104
0.538974 1.314981 704.500000 -0.340817 -1.185033
0.538908 1.314827 704.600000 -0.398364 -0.681876
0.538845 1.314893 704.700000 -0.430466 1.885181
0.538776 1.314751 704.800000 -0.334055 -0.791589
0.538710 1.314657 704.900000 -0.371964 1.140208
0.538640 1.314506 705.000000 -0.313094 0.706745
0.538569 1.314334 705.100000 -0.276191 -0.451279
0.538499 1.314477 705.200000 -0.297374 2.156275
0.538426 1.314594 705.300000 -0.188074 2.068100
0.538350 1.314407 705.400000 -0.083728 0.009967
0.538274 1.314767 705.500000 -0.082811 -2.774833
0.538201 1.314641 705.600000 -0.221139 0.922228
0.538127 1.314533 705.700000 -0.173922 1.055615
0.538052 1.314348 705.800000 -0.120271 -0.133934
0.537977 1.314196 705.900000 -0.126367 0.689627
0.537901 1.314186 706.000000 -0.091254 -1.575781
0.537827 1.314000 706.100000 -0.169586 -0.025963
0.537753 1.314115 706.200000 -0.170037 2.062763
0.537677 1.313964 706.300000 -0.066048 0.708031
0.537601 1.314048 706.400000 -0.030316 -1.951119
0.537526 1.313868 706.500000 -0.127721 -0.301162
0.537451 1.314325 706.600000 -0.142140 -3.014607
0.537381 1.315192 706.700000 -0.292160 -3.857789
0.537322 1.315329 706.800000 -0.483589 -2.136581
0.537270 1.315143 706.900000 -0.588000 -0.053400
0.537219 1.314959 707.000000 -0.587730 -0.186725
0.537168 1.314830 707.100000 -0.594127 0.895435
0.537113 1.314747 707.200000 -0.546385 1.206786
0.537054 1.314597 707.300000 -0.483314 0.713800
0.536992 1.314419 707.400000 -0.445207 0.331842
0.536929 1.314240 707.500000 -0.426389 -0.309057
0.536866 1.314620 707.600000 -0.439710 2.827833
0.536797 1.314580 707.700000 -0.296120 1.439259
0.536724 1.314396 707.800000 -0.222676 0.133398
0.536652 1.314249 707.900000 -0.214893 -0.742495
0.536581 1.314065 708.000000 -0.250943 0.157977
0.536509 1.314162 708.100000 -0.241790 1.999031
0.536435 1.314391 708.200000 -0.140629 2.422635
0.536359 1.314239 708.300000 -0.018794 0.691046
0.536283 1.314287 708.400000 0.015852 1.821354
0.536208 1.314113 708.500000 0.106841 0.388623
0.536134 1.314085 708.600000 0.125737 1.497406
0.536061 1.314169 708.700000 0.199979 1.954367
0.535992 1.314543 708.800000 0.296698 2.816296
0.535929 1.314556 708.900000 0.436029 1.675397
0.535873 1.314381 709.000000 0.517619 0.378823
0.535817 1.314195 709.100000 0.533972 -0.042236
0.535761 1.314172 709.200000 0.529190 1.514733
0.535711 1.313988 709.300000 0.602281 0.155650
0.535662 1.313923 709.400000 0.607052 1.306443
0.535618 1.313771 709.500000 0.669339 0.682818
0.535577 1.313658 709.600000 0.700133 1.012278
0.535541 1.313522 709.700000 0.747246 0.834177
0.535509 1.313533 709.800000 0.785219 1.668166
0.535486 1.313432 709.900000 0.864701 1.088978
0.535470 1.313412 710.000000 0.914826 -1.531907
0.535443 1.313374 710.100000 0.833657 -1.443778
0.535408 1.313208 710.200000 0.757300 -0.524288
0.535370 1.313120 710.300000 0.727299 -1.173463
0.535326 1.313967 710.400000 0.664989 -3.828135
0.535266 1.313967 710.500000 0.470257 -1.621647
0.535201 1.314553 710.600000 0.386824 -3.309526
0.535129 1.314835 710.700000 0.219413 -2.577690
0.535055 1.315185 710.800000 0.089432 -2.758487
0.534980 1.315000 710.900000 -0.048940 0.035789
0.534904 1.314929 711.000000 -0.046905 1.273556
0.534829 1.315001 711.100000 0.017007 1.908526
0.534755 1.314831 711.200000 0.112348 0.467122
0.534681 1.314692 711.300000 0.135142 0.810757
0.534608 1.314574 711.400000 0.175005 0.971704
0.534536 1.314501 711.500000 0.222715 1.262272
0.534467 1.314368 711.600000 0.284715 0.852726
0.534399 1.314197 711.700000 0.325928 -0.452714
0.534331 1.315404 711.800000 0.301662 -4.451185
0.534256 1.315581 711.900000 0.077595 -2.268225
0.534181 1.315411 712.000000 -0.036205 -0.459294
0.534106 1.315231 712.100000 -0.058988 0.249943
0.534032 1.315225 712.200000 -0.046196 1.598124
0.533957 1.315173 712.300000 0.033941 1.372115
0.533883 1.315569 712.400000 0.102377 2.877455
0.533812 1.315767 712.500000 0.245738 2.334377
0.533746 1.315590 712.600000 0.361228 -0.326313
0.533679 1.315412 712.700000 0.343106 0.299561
0.533614 1.315336 712.800000 0.356369 -1.248522
0.533545 1.315724 712.900000 0.292161 -2.856207
0.533471 1.316382 713.000000 0.147890 -3.466877
0.533397 1.316611 713.100000 -0.026194 -2.428056
0.533323 1.316527 713.200000 -0.147465 -1.199468
0.533252 1.316518 713.300000 -0.206701 1.579887
0.533178 1.316930 713.400000 -0.126674 2.917414
0.533103 1.317259 713.500000 0.019830 2.708644
0.533030 1.317240 713.600000 0.155164 1.537323
0.532959 1.317810 713.700000 0.231254 3.281028
0.532896 1.317994 713.800000 0.394149 2.295908
0.532839 1.317918 713.900000 0.506974 1.244386
0.532787 1.317735 714.000000 0.566658 0.124679
0.532735 1.317555 714.100000 0.570059 -0.251030
0.532682 1.317374 714.200000 0.554657 -0.251362
0.532628 1.317212 714.300000 0.539315 0.557075
0.532575 1.317055 714.400000 0.564473 0.627215
0.532526 1.317436 714.500000 0.593011 2.842495
0.532489 1.317670 714.600000 0.732171 2.444884
0.532465 1.317650 714.700000 0.850754 1.533916
0.532450 1.317466 714.800000 0.923196 -0.051351
0.532434 1.317301 714.900000 0.916013 0.522921
0.532421 1.317123 715.000000 0.937579 0.293579
0.532409 1.317186 715.100000 0.947570 1.881317
0.532410 1.317184 715.200000 1.036898 1.613147
0.532422 1.317029 715.300000 1.112371 0.652715
0.532438 1.316863 715.400000 1.139444 0.502047
0.532458 1.316737 715.500000 1.158850 0.910127
0.532484 1.316571 715.600000 1.198562 0.510182
0.532513 1.316530 715.700000 1.218078 -1.431345
0.532530 1.316373 715.800000 1.140420 -0.623543
0.532540 1.316241 715.900000 1.103541 -0.862355
0.532544 1.316058 716.000000 1.054906 -0.069644
0.532546 1.316114 716.100000 1.046149 -1.851424
0.532534 1.315963 716.200000 0.948347 0.690727
0.532526 1.316277 716.300000 0.978142 2.670103
0.532538 1.316129 716.400000 1.106756 -0.713692
0.532543 1.315977 716.500000 1.065538 -0.672948
0.532542 1.315964 716.600000 1.026563 1.563557
0.532552 1.316040 716.700000 1.099608 1.931703
0.532576 1.316574 716.800000 1.190695 3.205761
0.532628 1.316446 716.900000 1.345029 0.896968
0.532687 1.316264 717.000000 1.383153 -0.133120
0.532744 1.316331 717.100000 1.369581 1.896608
0.532818 1.316240 717.200000 1.457563 1.149793
0.532902 1.316057 717.300000 1.507765 0.113828
0.532986 1.315907 717.400000 1.505918 -0.692040
0.533061 1.315724 717.500000 1.463786 -0.033839
0.533134 1.315543 717.600000 1.454775 0.197855
0.533207 1.315376 717.700000 1.457394 0.475179
0.533284 1.315305 717.800000 1.473866 1.270810
0.533373 1.315124 717.900000 1.530037 -0.175507
0.533458 1.315061 718.000000 1.513612 1.316047
0.533556 1.314922 718.100000 1.571846 0.795804
0.533661 1.314822 718.200000 1.603777 -1.091766
0.533752 1.314661 718.300000 1.541170 -0.559645
0.533835 1.314606 718.400000 1.505482 1.356554
0.533932 1.314492 718.500000 1.565782 0.995898
0.534037 1.314311 718.600000 1.607748 0.142742
0.534143 1.314202 718.700000 1.606846 -1.035248
0.534235 1.314092 718.800000 1.547050 -1.020259
0.534314 1.313915 718.900000 1.488302 0.293075
0.534396 1.313737 719.000000 1.495514 0.267073
0.534478 1.313604 719.100000 1.501390 0.844824
0.534568 1.313425 719.200000 1.536124 0.218766
0.534658 1.313557 719.300000 1.539382 2.127674
0.534770 1.313480 719.400000 1.638069 -1.229977
0.534867 1.313313 719.500000 1.568379 0.476133
0.534967 1.313130 719.600000 1.584344 -0.047464
0.535065 1.312948 719.700000 1.574049 -0.058813
0.535160 1.312771 719.800000 1.563238 0.267976
0.535257 1.312642 719.900000 1.568821 -0.875253
0.535342 1.312728 720.000000 1.517214 -1.966468
0.535406 1.312563 720.100000 1.411305 -0.500232
0.535464 1.312392 720.200000 1.379237 -0.393208
0.535517 1.312254 720.300000 1.352680 -0.800670
0.535561 1.312072 720.400000 1.305883 -0.010342
0.535603 1.311941 720.500000 1.298837 0.859373
0.535653 1.311766 720.600000 1.335311 -0.329601
0.535698 1.311824 720.700000 1.312154 -1.857963
0.535726 1.311704 720.800000 1.212695 0.947670
0.535760 1.311653 720.900000 1.254015 1.370581
0.535806 1.311498 721.000000 1.316274 0.632597
0.535857 1.311349 721.100000 1.341323 -0.682285
0.535900 1.311254 721.200000 1.300502 -1.119868
0.535932 1.311370 721.300000 1.238006 -2.073029
0.535945 1.311202 721.400000 1.128165 0.437758
0.535962 1.311033 721.500000 1.144412 0.438290
0.535981 1.310919 721.600000 1.160604 0.987359
0.536007 1.310746 721.700000 1.204169 -0.341068
0.536030 1.310624 721.800000 1.181095 0.933759
0.536059 1.310454 721.900000 1.221877 -0.409700
0.536083 1.310274 722.000000 1.195283 -0.095741
0.536106 1.310217 722.100000 1.184519 1.343191
0.536139 1.310066 722.200000 1.245756 0.659149
0.536177 1.310008 722.300000 1.272485 -1.337914
0.536203 1.310027 722.400000 1.199227 -1.701246
0.536213 1.309884 722.500000 1.108169 -0.741950
0.536218 1.310009 722.600000 1.065530 2.105010
0.536238 1.309884 722.700000 1.165453 -0.897452
0.536249 1.309709 722.800000 1.114753 -0.302916
0.536258 1.309529 722.900000 1.094034 -0.133855
0.536265 1.309482 723.000000 1.081871 1.394216
0.536281 1.309301 723.100000 1.146172 0.027615
0.536297 1.309217 723.200000 1.141822 -1.181330
0.536303 1.309042 723.300000 1.077046 0.299898
0.536311 1.308861 723.400000 1.086656 0.044884
0.536318 1.308785 723.500000 1.083467 -1.227837
0.536315 1.309224 723.600000 1.016658 -2.995799
0.536292 1.309964 723.700000 0.861785 -3.652178
0.536250 1.309824 723.800000 0.674867 -0.769260
0.536203 1.309646 723.900000 0.633029 -0.183911
0.536156 1.309570 724.000000 0.620669 -1.236265
0.536103 1.309748 724.100000 0.555752 -2.278233
0.536042 1.309576 724.200000 0.439062 0.353739
0.535983 1.309449 724.300000 0.454553 0.888588
0.535926 1.309344 724.400000 0.496710 1.045197
0.535872 1.309749 724.500000 0.546486 -2.914303
0.535809 1.309571 724.600000 0.398039 -0.191337
0.535746 1.309431 724.700000 0.386482 -0.768151
0.535680 1.309360 724.800000 0.346142 -1.262273
0.535612 1.309729 724.900000 0.281297 -2.821527
0.535539 1.310222 725.000000 0.138815 -3.126214
0.535465 1.310443 725.100000 -0.018190 -2.413191
0.535393 1.310985 725.200000 -0.138759 -3.237588
0.535325 1.310828 725.300000 -0.299944 0.582619
0.535256 1.310647 725.400000 -0.269314 -0.045226
0.535188 1.311009 725.500000 -0.270229 -2.804997
0.535126 1.311320 725.600000 -0.409127 -2.671596
0.535072 1.311544 725.700000 -0.540661 2.423028
0.535010 1.311456 725.800000 -0.416807 1.163224
0.534945 1.311353 725.900000 -0.356561 1.060603
0.534878 1.311226 726.000000 -0.301749 0.885658
0.534809 1.311046 726.100000 -0.255957 -0.033480
0.534740 1.310870 726.200000 -0.256351 0.257942
0.534670 1.310701 726.300000 -0.242172 -0.402594
0.534601 1.310569 726.400000 -0.261091 -0.840794
0.534534 1.310549 726.500000 -0.301825 1.526740
0.534464 1.310380 726.600000 -0.223979 0.416056
0.534393 1.310386 726.700000 -0.202056 -1.641598
0.534325 1.310529 726.800000 -0.283126 -2.170503
0.534262 1.310350 726.900000 -0.390236 0.116083
0.534199 1.310293 727.000000 -0.382480 -1.339822
0.534139 1.310119 727.100000 -0.447559 0.299103
0.534078 1.309939 727.200000 -0.430366 -0.056130
0.534017 1.309760 727.300000 -0.431021 -0.096821
0.533957 1.309894 727.400000 -0.433707 -2.139049
0.533904 1.309955 727.500000 -0.538491 -1.873102
0.533857 1.309784 727.600000 -0.629453 0.363876
0.533809 1.310244 727.700000 -0.608112 -3.051365
0.533776 1.311218 727.800000 -0.757640 -4.098550
0.533765 1.311498 727.900000 -0.958779 -2.588548
0.533773 1.312003 728.000000 -1.083413 -3.159257
0.533804 1.311838 728.100000 -1.235959 0.467230
0.533831 1.311799 728.200000 -1.206417 1.432892
0.533845 1.312063 728.300000 -1.128741 2.544272
0.533840 1.312239 728.400000 -0.995883 2.276216
0.533819 1.312158 728.500000 -0.877093 1.203546
0.533791 1.312006 728.600000 -0.812530 -0.643083
0.533767 1.311835 728.700000 -0.840622 -0.356195
0.533743 1.311659 728.800000 -0.854228 0.251761
0.533718 1.311621 728.900000 -0.837369 -1.437821
0.533701 1.312116 729.000000 -0.905073 -3.136347
0.533705 1.312194 729.100000 -1.057365 -1.938701
0.533722 1.312045 729.200000 -1.149014 0.670448
0.533733 1.312083 729.300000 -1.109746 1.783472
0.533731 1.311904 729.400000 -1.015024 -0.114809
0.533728 1.313021 729.500000 -1.015689 -4.351027
0.533759 1.313863 729.600000 -1.228162 -3.861348
0.533823 1.313790 729.700000 -1.415089 -1.247356
0.533898 1.313610 729.800000 -1.470381 0.077693
0.533970 1.313491 729.900000 -1.459144 -0.942598
0.534051 1.313542 730.000000 -1.498979 1.837263
0.534112 1.314020 730.100000 -1.399621 3.099233
0.534144 1.313840 730.200000 -1.237661 0.044676
0.534174 1.313663 730.300000 -1.229239 -0.191596
0.534205 1.313485 730.400000 -1.232672 -0.186274
0.534236 1.314288 730.500000 -1.235823 3.788500
0.534237 1.314766 730.600000 -1.040219 3.100855
0.534217 1.314687 730.700000 -0.879975 1.214486
0.534190 1.314813 730.800000 -0.814851 2.114492
0.534150 1.314679 730.900000 -0.705052 0.822207
0.534107 1.314503 731.000000 -0.660416 0.219199
0.534063 1.314579 731.100000 -0.646154 1.935063
0.534010 1.314428 731.200000 -0.546170 0.642389
0.533955 1.314329 731.300000 -0.511320 1.089332
0.533896 1.314149 731.400000 -0.454297 -0.040061
0.533837 1.314007 731.500000 -0.454028 -0.733214
0.533780 1.313892 731.600000 -0.488419 -0.978819
0.533727 1.313840 731.700000 -0.534918 1.362652
0.533669 1.313682 731.800000 -0.464110 -0.565824
0.533612 1.313567 731.900000 -0.490081 0.973825
0.533553 1.313430 732.000000 -0.438939 0.780303
0.533491 1.313514 732.100000 -0.397730 1.965016
0.533424 1.313349 732.200000 -0.297490 -0.460472
0.533358 1.313184 732.300000 -0.319026 0.460958
0.533291 1.313106 732.400000 -0.294383 -1.214686
0.533227 1.313521 732.500000 -0.353646 -2.951408
0.533171 1.313609 732.600000 -0.499448 -1.977655
0.533122 1.313429 732.700000 -0.595833 0.027094
0.533074 1.313258 732.800000 -0.591499 -0.342001
0.533026 1.313112 732.900000 -0.605642 0.698070
0.532975 1.313020 733.000000 -0.567710 -1.128819
0.532929 1.312923 733.100000 -0.621313 1.096828
0.532878 1.312752 733.200000 -0.563365 0.341423
0.532825 1.312574 733.300000 -0.543477 -0.132702
0.532773 1.312407 733.400000 -0.547394 0.424139
0.532719 1.312304 733.500000 -0.523450 1.049771
0.532661 1.312483 733.600000 -0.468345 2.292939
0.532597 1.312312 733.700000 -0.351356 -0.344561
0.532534 1.312139 733.800000 -0.366827 0.278848
0.532470 1.312021 733.900000 -0.351051 -0.947278
0.532408 1.312110 734.000000 -0.396659 -1.983073
0.532352 1.312128 734.100000 -0.493830 -1.697717
0.532302 1.312093 734.200000 -0.576246 -1.453506
0.532258 1.312017 734.300000 -0.646040 1.231010
0.532209 1.311891 734.400000 -0.581260 0.879744
0.532156 1.311911 734.500000 -0.534366 1.704216
0.532097 1.311788 734.600000 -0.446484 -0.907191
0.532041 1.311614 734.700000 -0.489611 -0.248902
0.531985 1.311769 734.800000 -0.499608 -2.216122
0.531938 1.311655 734.900000 -0.607916 -0.971636
0.531895 1.311658 735.000000 -0.653458 -1.630988
0.531859 1.311756 735.100000 -0.731740 -2.019090
0.531833 1.311643 735.200000 -0.829036 -0.973291
0.531813 1.311543 735.300000 -0.873555 1.079996
0.531785 1.311365 735.400000 -0.815188 0.007575
0.531758 1.311351 735.500000 -0.810733 1.554690
0.531722 1.311399 735.600000 -0.728945 1.822598
0.531677 1.311297 735.700000 -0.634170 1.063049
0.531627 1.311165 735.800000 -0.577847 -0.820020
0.531581 1.311800 735.900000 -0.615959 -3.459410
0.531550 1.311663 736.000000 -0.785849 0.782338
0.531516 1.312693 736.100000 -0.742803 4.217386
0.531463 1.312773 736.200000 -0.528220 1.949397
0.531403 1.312975 736.300000 -0.428109 2.367453
0.531337 1.312970 736.400000 -0.307596 1.599164
0.531268 1.312875 736.500000 -0.226100 -1.107467
0.531202 1.312724 736.600000 -0.280343 -0.633417
0.531136 1.312826 736.700000 -0.310612 -2.030873
0.531075 1.312689 736.800000 -0.410602 -0.775388
0.531017 1.312768 736.900000 -0.447319 -1.947207
0.530965 1.312653 737.000000 -0.542442 0.966921
0.530909 1.312562 737.100000 -0.491384 1.131831
0.530850 1.312844 737.200000 -0.432336 -2.603892
0.530799 1.312682 737.300000 -0.560369 -0.489827
0.530750 1.312570 737.400000 -0.582058 0.986864
0.530697 1.312454 737.500000 -0.529805 0.953238
0.530641 1.312504 737.600000 -0.479494 1.835512
0.530579 1.312346 737.700000 -0.385321 -0.548066
0.530519 1.312247 737.800000 -0.410797 1.075007
0.530455 1.312338 737.900000 -0.354993 1.991774
0.530388 1.312336 738.000000 -0.253629 1.612721
0.530318 1.312426 738.100000 -0.171725 1.988508
0.530246 1.313455 738.200000 -0.071441 4.220216
0.530176 1.313345 738.300000 0.139927 1.005145
0.530107 1.313174 738.400000 0.189484 0.313965
0.530038 1.313045 738.500000 0.204235 0.846120
0.529970 1.313018 738.600000 0.245520 1.493062
0.529905 1.312970 738.700000 0.318946 1.383249
0.529843 1.312793 738.800000 0.386513 -0.139933
0.529781 1.313241 738.900000 0.377584 -3.039803
0.529713 1.313931 739.000000 0.223706 -3.582287
0.529642 1.314327 739.100000 0.043473 -2.912616
0.529571 1.314190 739.200000 -0.102375 -0.776934
0.529500 1.314036 739.300000 -0.140710 -0.589112
0.529431 1.313933 739.400000 -0.169462 -1.049535
0.529362 1.313850 739.500000 -0.221091 -1.182344
0.529296 1.313675 739.600000 -0.279103 -0.207086
0.529230 1.313506 739.700000 -0.288062 0.357382
0.529164 1.313329 739.800000 -0.268752 0.015315
0.529097 1.313171 739.900000 -0.266643 -0.536083
0.529031 1.313106 740.000000 -0.292114 -1.294188
0.528968 1.312994 740.100000 -0.355363 0.983329
0.528903 1.312827 740.200000 -0.304419 0.392617
0.528837 1.312766 740.300000 -0.283267 -1.308865
0.528774 1.312638 740.400000 -0.347293 -0.860198
0.528712 1.312461 740.500000 -0.388567 0.001032
0.528651 1.312379 740.600000 -0.386572 -1.189657
0.528593 1.312203 740.700000 -0.444122 0.113347
0.528535 1.312222 740.800000 -0.436234 1.704287
0.528472 1.312088 740.900000 -0.348839 0.795144
0.528407 1.311938 741.000000 -0.307338 0.643471
0.528340 1.311901 741.100000 -0.273627 -1.438673
0.528277 1.312004 741.200000 -0.344193 -2.037455
0.528219 1.311849 741.300000 -0.444345 -0.572974
0.528163 1.312095 741.400000 -0.470772 -2.504537
0.528115 1.312110 741.500000 -0.593645 -1.686861
0.528075 1.312057 741.600000 -0.675019 -1.355088
0.528041 1.311935 741.700000 -0.739399 -0.901207
0.528010 1.311768 741.800000 -0.780762 -0.385521
0.527982 1.311891 741.900000 -0.796134 -2.108831
0.527965 1.311994 742.000000 -0.897595 2.036146
0.527936 1.311817 742.100000 -0.791300 -0.017160
0.527907 1.311735 742.200000 -0.788201 1.187150
0.527871 1.311575 742.300000 -0.724903 -0.495526
0.527838 1.311404 742.400000 -0.746055 -0.290846
0.527805 1.311263 742.500000 -0.756867 -0.730441
0.527776 1.311090 742.600000 -0.789604 -0.215994
0.527748 1.311191 742.700000 -0.796456 -2.029385
0.527730 1.311768 742.800000 -0.893943 -3.347745
0.527735 1.311592 742.900000 -1.056861 -0.070790
0.527738 1.311417 743.000000 -1.055116 0.114507
0.527741 1.311419 743.100000 -1.044115 -1.632227
0.527754 1.311622 743.200000 -1.120506 -2.373083
0.527786 1.311835 743.300000 -1.233557 -2.406562
0.527837 1.311945 743.400000 -1.347718 -2.063422
0.527906 1.312500 743.500000 -1.444150 -3.298760
0.528007 1.312686 743.600000 -1.601867 -2.323377
0.528133 1.312824 743.700000 -1.710027 -2.162387
0.528282 1.312717 743.800000 -1.809596 -1.015538
0.528442 1.312541 743.900000 -1.851325 0.090043
0.528597 1.312387 744.000000 -1.837566 0.579945
0.528744 1.312213 744.100000 -1.799381 -0.150343
0.528890 1.312101 744.200000 -1.797901 0.983538
0.529022 1.311947 744.300000 -1.739735 0.566192
0.529146 1.311803 744.400000 -1.702727 0.699796
0.529260 1.311736 744.500000 -1.659223 1.275252
0.529358 1.311745 744.600000 -1.587164 1.660355
0.529437 1.311570 744.700000 -1.496211 -0.080445
0.529515 1.311426 744.800000 -1.492752 -0.697393
0.529599 1.312010 744.900000 -1.520158 -3.365798
0.529718 1.311874 745.000000 -1.680847 -0.771374
0.529843 1.311946 745.100000 -1.711012 1.923553
0.529945 1.311838 745.200000 -1.606279 1.003526
0.530035 1.311666 745.300000 -1.548071 -0.237517
0.530126 1.311598 745.400000 -1.552207 -1.269216
0.530228 1.311527 745.500000 -1.607906 -1.248648
0.530342 1.311423 745.600000 -1.662299 -1.036744
0.530466 1.311490 745.700000 -1.705825 -1.905716
0.530610 1.311472 745.800000 -1.792582 -1.534186
0.530771 1.311744 745.900000 -1.860328 -2.584637
0.530963 1.311687 746.000000 -1.980258 -1.329973
0.531170 1.311612 746.100000 -2.036856 -1.225150
0.531390 1.311495 746.200000 -2.087929 0.938316
0.531595 1.311647 746.300000 -2.030573 2.213308
0.531769 1.312006 746.400000 -1.909755 2.823643
0.531905 1.312120 746.500000 -1.759024 2.081149
0.532015 1.312054 746.600000 -1.646172 1.277784
0.532109 1.312014 746.700000 -1.574052 1.425925
0.532188 1.312113 746.800000 -1.494885 2.023718
0.532245 1.312017 746.900000 -1.386225 1.090612
0.532291 1.313165 747.000000 -1.324763 4.448080
0.532300 1.313004 747.100000 -1.095735 0.461310
0.532305 1.312834 747.200000 -1.067191 0.305532
0.532307 1.312777 747.300000 -1.046578 1.330336
0.532300 1.312678 747.400000 -0.974829 1.068935
0.532285 1.312534 747.500000 -0.916508 -0.691981
0.532273 1.312412 747.600000 -0.946524 0.895493
0.532256 1.312277 747.700000 -0.897017 0.780326
0.532234 1.312260 747.800000 -0.853516 -1.538972
0.532220 1.312233 747.900000 -0.926197 -1.488287
0.532215 1.312077 748.000000 -0.995980 0.535157
0.532206 1.311907 748.100000 -0.964242 0.291505
0.532195 1.311834 748.200000 -0.944846 -1.235944
0.532190 1.311768 748.300000 -1.001919 -1.279234
0.532195 1.311692 748.400000 -1.060871 -1.218219
0.532207 1.311917 748.500000 -1.116478 -2.448313
0.532237 1.312053 748.600000 -1.233311 -2.157695
0.532285 1.312021 748.700000 -1.335029 -1.465438
0.532345 1.311849 748.800000 -1.401626 0.214579
0.532402 1.311705 748.900000 -1.383889 -0.686437
0.532464 1.311530 749.000000 -1.411291 -0.096907
0.532525 1.312104 749.100000 -1.409080 3.349391
0.532556 1.312343 749.200000 -1.234565 2.489674
0.532566 1.312186 749.300000 -1.103909 0.531578
0.532572 1.312023 749.400000 -1.071810 -0.422298
0.532580 1.312138 749.500000 -1.087566 2.085053
0.532572 1.311964 749.600000 -0.977875 0.143301
0.532564 1.312034 749.700000 -0.965821 -1.915798
0.532567 1.312001 749.800000 -1.056782 -1.455789
0.532580 1.311872 749.900000 -1.124287 -0.834153
0.532599 1.311709 750.000000 -1.160374 0.418945
0.532614 1.311534 750.100000 -1.133624 -0.017756
0.532628 1.311371 750.200000 -1.128844 -0.414252
0.532644 1.311197 750.300000 -1.143912 0.129649
0.532658 1.312258 750.400000 -1.131710 -4.306448
0.532707 1.312942 750.500000 -1.341374 -3.590520
0.532789 1.312783 750.600000 -1.514193 0.498262
0.532864 1.312629 750.700000 -1.481709 0.555285
0.532932 1.312656 750.800000 -1.446537 1.742058
0.532983 1.312485 750.900000 -1.352201 0.233032
0.533031 1.312362 751.000000 -1.333788 -0.882100
0.533085 1.312756 751.100000 -1.371224 -2.921954
0.533166 1.312620 751.200000 -1.510466 -0.766479
0.533253 1.312576 751.300000 -1.541238 1.402552
0.533324 1.312512 751.400000 -1.463404 -1.289457
0.533407 1.312562 751.500000 -1.520560 1.834426
0.533471 1.312459 751.600000 -1.421236 1.039916
0.533523 1.312302 751.700000 -1.362134 -0.517194
0.533579 1.312187 751.800000 -1.381183 -0.942134
0.533642 1.313008 751.900000 -1.421383 -3.871048
0.533743 1.312870 752.000000 -1.607829 -0.734700
0.533850 1.312802 752.100000 -1.636525 1.266362
0.533942 1.312771 752.200000 -1.565024 1.469676
0.534017 1.313046 752.300000 -1.483715 2.601614
0.534067 1.313127 752.400000 -1.346216 1.960669
0.534098 1.313051 752.500000 -1.241451 -1.217298
0.534139 1.312882 752.600000 -1.296109 -0.280868
0.534181 1.312761 752.700000 -1.303672 0.900902
0.534214 1.312898 752.800000 -1.252108 2.163032
0.534229 1.312726 752.900000 -1.137696 -0.179068
0.534245 1.312613 753.000000 -1.140961 -0.964053
0.534267 1.312724 753.100000 -1.183459 -2.072141
0.534305 1.312864 753.200000 -1.281149 -2.175540
0.534361 1.312908 753.300000 -1.383520 -1.815427
0.534433 1.313205 753.400000 -1.467374 -2.665609
0.534530 1.313120 753.500000 -1.593317 -1.160006
0.534638 1.312987 753.600000 -1.643351 -0.783667
0.534753 1.312813 753.700000 -1.674318 0.009265
0.534866 1.312849 753.800000 -1.665483 1.783353
0.534959 1.313025 753.900000 -1.567988 2.295135
0.535026 1.312851 754.000000 -1.445391 -0.051710
0.535093 1.312778 754.100000 -1.440750 1.234456
0.535147 1.312797 754.200000 -1.371823 1.709329
0.535184 1.312652 754.300000 -1.279497 0.658036
0.535215 1.312611 754.400000 -1.240198 1.414479
0.535234 1.312502 754.500000 -1.163273 0.995116
0.535244 1.312694 754.600000 -1.107701 2.349647
0.535238 1.313157 754.700000 -0.984680 3.101340
0.535212 1.313040 754.800000 -0.824690 0.927973
0.535181 1.312871 754.900000 -0.774168 -0.257164
0.535150 1.312894 755.000000 -0.783155 1.724183
0.535111 1.312743 755.100000 -0.693030 0.593174
0.535069 1.313644 755.200000 -0.659906 4.029276
0.535012 1.313567 755.300000 -0.455143 1.208255
0.534951 1.313699 755.400000 -0.392454 2.149455
0.534886 1.313702 755.500000 -0.283019 1.633152
0.534818 1.313543 755.600000 -0.199947 -0.487943
0.534750 1.314081 755.700000 -0.223344 3.278537
0.534680 1.313969 755.800000 -0.058301 0.969428
0.534609 1.313795 755.900000 -0.009538 0.046219
0.534538 1.314102 756.000000 -0.007179 -2.694276
0.534469 1.313928 756.100000 -0.141857 -0.040257
0.534400 1.313850 756.200000 -0.143160 -1.202706
0.534332 1.313808 756.300000 -0.202580 -1.414835
0.534266 1.313702 756.400000 -0.272309 1.006376
0.534199 1.313528 756.500000 -0.220629 -0.064734
0.534131 1.313359 756.600000 -0.222762 -0.249295
0.534064 1.313509 756.700000 -0.234113 2.212909
0.533995 1.313380 756.800000 -0.122297 0.820197
0.533925 1.313208 756.900000 -0.080676 -0.164465
0.533855 1.313323 757.000000 -0.088495 2.087823
0.533784 1.313386 757.100000 0.016338 1.895690
0.533715 1.313307 757.200000 0.111041 1.190484
0.533646 1.313135 757.300000 0.170010 -0.169331
0.533577 1.313178 757.400000 0.160693 1.811565
0.533511 1.313668 757.500000 0.250468 3.169026
0.533452 1.314187 757.600000 0.407667 3.239039
0.533402 1.314023 757.700000 0.567581 0.379982
0.533355 1.313983 757.800000 0.583742 1.424006
0.533312 1.313811 757.900000 0.652023 -0.108958
0.533269 1.313677 758.000000 0.643315 -0.773391
0.533223 1.313521 758.100000 0.601429 -0.512187
0.533174 1.313353 758.200000 0.572813 -0.283541
0.533124 1.313213 758.300000 0.555772 0.715414
0.533077 1.313070 758.400000 0.588764 0.672368
0.533032 1.312903 758.500000 0.619438 0.287981
0.532988 1.313067 758.600000 0.630740 -2.261791
0.532935 1.312921 758.700000 0.514497 -0.644940
0.532880 1.313052 758.800000 0.479677 -2.149702
0.532819 1.313391 758.900000 0.369794 -2.786612
0.532752 1.313249 759.000000 0.228614 -0.681958
0.532684 1.313335 759.100000 0.193373 1.986398
0.532620 1.313163 759.200000 0.291726 -0.059968
0.532555 1.313034 759.300000 0.287269 0.822396
0.532492 1.312868 759.400000 0.326953 0.318653
0.532429 1.312696 759.500000 0.341250 -0.054080
0.532367 1.312595 759.600000 0.336840 1.047900
0.532307 1.312462 759.700000 0.387551 0.779698
0.532248 1.312345 759.800000 0.424598 0.918076
0.532193 1.312331 759.900000 0.468379 -1.554161
0.532133 1.312764 760.000000 0.388329 -3.033356
0.532066 1.312757 760.100000 0.234720 -1.587565
0.531998 1.312912 760.200000 0.154168 -2.233018
0.531928 1.312825 760.300000 0.041746 -1.137865
0.531858 1.312888 760.400000 -0.015356 -1.893497
0.531789 1.312785 760.500000 -0.109954 -1.032771
0.531721 1.312654 760.600000 -0.161043 0.789439
0.531652 1.312679 760.700000 -0.120766 -1.737227
0.531585 1.312669 760.800000 -0.207023 -1.572145
0.531520 1.312497 760.900000 -0.284595 -0.076186
0.531456 1.312487 761.000000 -0.286982 -1.571556
0.531395 1.312315 761.100000 -0.364125 -0.070037
0.531334 1.312143 761.200000 -0.365806 -0.110534
0.531273 1.311993 761.300000 -0.369503 0.576502
0.531211 1.312145 761.400000 -0.338831 2.222890
0.531144 1.312321 761.500000 -0.225992 2.303374
0.531075 1.312183 761.600000 -0.109693 0.717886
0.531006 1.312395 761.700000 -0.073251 2.420197
0.530936 1.313161 761.800000 0.048125 3.781605
0.530870 1.313161 761.900000 0.236965 1.619594
0.530807 1.313060 762.000000 0.316760 1.046345
0.530747 1.312931 762.100000 0.367493 0.808481
0.530688 1.312874 762.200000 0.406080 1.326129
0.530633 1.312809 762.300000 0.470356 -1.276441
0.530574 1.312892 762.400000 0.404182 -1.975814
0.530510 1.312772 762.500000 0.303370 -0.888418
0.530445 1.312673 762.600000 0.257433 1.057089
0.530382 1.313100 762.700000 0.309000 -3.022803
0.530314 1.313152 762.800000 0.156315 -1.848141
0.530245 1.313088 762.900000 0.063126 -1.287743
0.530175 1.313308 763.000000 -0.001577 -2.445009
0.530107 1.313198 763.100000 -0.123819 -0.971058
0.530039 1.313026 763.200000 -0.171753 -0.073817
0.529972 1.312864 763.300000 -0.174585 0.392763
0.529904 1.312707 763.400000 -0.154074 -0.473918
0.529836 1.312672 763.500000 -0.176999 -1.444574
0.529771 1.312798 763.600000 -0.248343 -2.132717
0.529710 1.312694 763.700000 -0.353737 1.023694
0.529647 1.312522 763.800000 -0.300784 0.041214
0.529583 1.312394 763.900000 -0.297219 0.811709
0.529518 1.312347 764.000000 -0.255148 1.383891
0.529451 1.312437 764.100000 -0.184677 -1.996808
0.529387 1.312266 764.200000 -0.283594 0.155228
0.529323 1.312096 764.300000 -0.274415 -0.141846
0.529258 1.312302 764.400000 -0.280135 2.401804
0.529191 1.312407 764.500000 -0.158644 2.058996
0.529122 1.312295 764.600000 -0.054901 0.954578
0.529053 1.312138 764.700000 -0.006898 0.475261
0.528983 1.312152 764.800000 0.016900 1.682372
0.528915 1.312328 764.900000 0.100934 2.306184
0.528849 1.312162 765.000000 0.215738 -0.281520
0.528782 1.312050 765.100000 0.200583 -0.953382
0.528715 1.311889 765.200000 0.151911 0.412540
0.528648 1.311737 765.300000 0.171779 0.543912
0.528581 1.311587 765.400000 0.198116 0.574847
0.528515 1.311474 765.500000 0.225867 -0.941646
0.528449 1.311305 765.600000 0.177656 0.197791
0.528382 1.311258 765.700000 0.186657 -1.375664
0.528314 1.311171 765.800000 0.116941 -1.135511
0.528245 1.311202 765.900000 0.059580 1.760781
0.528177 1.311399 766.000000 0.147321 2.375163
0.528113 1.311435 766.100000 0.265343 1.783186
0.528052 1.311565 766.200000 0.353176 2.148789
0.527997 1.311658 766.300000 0.458849 2.011824
0.527949 1.311506 766.400000 0.557146 0.543017
0.527902 1.311528 766.500000 0.581511 1.718127
0.527862 1.311359 766.600000 0.664510 -0.206418
0.527820 1.311632 766.700000 0.650867 -2.608643
0.527769 1.311671 766.800000 0.517180 -1.793745
0.527712 1.311515 766.900000 0.424907 -0.474871
0.527654 1.311413 767.000000 0.399039 -1.033168
0.527593 1.311262 767.100000 0.345385 -0.543525
0.527530 1.311096 767.200000 0.316482 -0.295282
0.527467 1.310927 767.300000 0.300136 -0.165500
0.527404 1.310764 767.400000 0.290360 -0.342702
0.527340 1.310604 767.500000 0.271773 0.408236
0.527277 1.310449 767.600000 0.290826 -0.480068
0.527213 1.310283 767.700000 0.265368 0.278633
0.527149 1.310329 767.800000 0.277973 -1.826294
0.527083 1.310171 767.900000 0.185269 0.429439
0.527017 1.310071 768.000000 0.205814 -1.039101
0.526950 1.309901 768.100000 0.152830 0.108837
0.526883 1.309820 768.200000 0.157508 1.171431
0.526818 1.309670 768.300000 0.215292 -0.563167
0.526751 1.309710 768.400000 0.186057 -1.801045
0.526683 1.309649 768.500000 0.095074 -1.293932
0.526615 1.309632 768.600000 0.029903 1.535313
0.526547 1.309464 768.700000 0.106519 -0.177740
0.526479 1.309417 768.800000 0.097099 -1.377058
0.526411 1.309246 768.900000 0.027761 0.016138
0.526342 1.309311 769.000000 0.028429 1.900618
0.526275 1.309156 769.100000 0.123318 0.478019
0.526208 1.308998 769.200000 0.146602 -0.436391
0.526141 1.308835 769.300000 0.124049 0.340027
0.526074 1.308670 769.400000 0.140430 0.265802
0.526007 1.308507 769.500000 0.153018 -0.345881
0.525940 1.308409 769.600000 0.134959 1.052227
0.525873 1.308460 769.700000 0.186896 1.844524
0.525810 1.308731 769.800000 0.278188 2.606106
0.525753 1.308597 769.900000 0.407102 0.734754
0.525697 1.308767 770.000000 0.441804 -2.288391
0.525636 1.308811 770.100000 0.325175 -1.816710
0.525571 1.308890 770.200000 0.232714 -1.956923
0.525504 1.308927 770.300000 0.133704 -1.785793
0.525436 1.308759 770.400000 0.043746 -0.178300
0.525368 1.308769 770.500000 0.034612 -1.664989
0.525300 1.308827 770.600000 -0.048810 -1.875076
0.525233 1.308662 770.700000 -0.142320 0.276586
0.525166 1.308538 770.800000 -0.127779 0.837214
0.525098 1.309061 770.900000 -0.085279 3.269162
0.525030 1.309438 771.000000 0.078605 2.902000
0.524966 1.309392 771.100000 0.223312 -1.381418
0.524899 1.309273 771.200000 0.153125 -0.886280
0.524832 1.309468 771.300000 0.108045 -2.374023
0.524764 1.309833 771.400000 -0.011196 -2.872500
0.524697 1.309664 771.500000 -0.154765 0.106689
0.524631 1.309652 771.600000 -0.148657 1.556704
0.524563 1.309598 771.700000 -0.070079 1.337130
0.524495 1.309475 771.800000 -0.002872 0.846077
0.524427 1.309328 771.900000 0.039446 -0.601416
0.524359 1.309175 772.000000 0.009178 0.503875
0.524292 1.309006 772.100000 0.034326 -0.074721
0.524224 1.309542 772.200000 0.030419 -3.301223
0.524157 1.309435 772.300000 -0.134795 -0.980765
0.524091 1.309398 772.400000 -0.183159 1.430875
0.524024 1.309235 772.500000 -0.110699 0.327128
0.523957 1.309166 772.600000 -0.093789 -1.245444
0.523891 1.309029 772.700000 -0.155593 -0.702734
0.523825 1.308937 772.800000 -0.189951 1.092171
0.523759 1.308792 772.900000 -0.134393 -0.621482
0.523693 1.308623 773.000000 -0.164795 -0.025125
0.523627 1.308463 773.100000 -0.165228 0.378516
0.523560 1.308571 773.200000 -0.145476 2.071149
0.523493 1.308640 773.300000 -0.041191 1.920300
0.523425 1.308576 773.400000 0.055030 -1.275909
0.523358 1.308411 773.500000 -0.009040 -0.237651
0.523290 1.308452 773.600000 -0.020878 1.804719
0.523223 1.308284 773.700000 0.069463 0.139977
0.523156 1.308117 773.800000 0.076114 0.146064
0.523088 1.307991 773.900000 0.083037 0.818300
0.523022 1.308300 774.000000 0.123537 2.719236
0.522959 1.308449 774.100000 0.258881 2.219420
0.522900 1.308350 774.200000 0.368557 1.045357
0.522844 1.308212 774.300000 0.418982 0.688830
0.522789 1.308466 774.400000 0.451329 -2.559250
0.522728 1.308538 774.500000 0.321110 -1.930652
0.522664 1.308369 774.600000 0.222972 0.042059
0.522600 1.308238 774.700000 0.223960 0.766371
0.522537 1.308071 774.800000 0.261158 0.181234
0.522474 1.308122 774.900000 0.268914 -1.843119
0.522409 1.309759 775.000000 0.175414 -5.291456
0.522342 1.310126 775.100000 -0.090036 -2.881546
0.522278 1.310782 775.200000 -0.233663 -3.578276
0.522222 1.310614 775.300000 -0.411409 0.062115
0.522165 1.310705 775.400000 -0.406246 2.010744
0.522104 1.310549 775.500000 -0.303677 -0.443998
0.522043 1.310406 775.600000 -0.324359 0.631170
0.521981 1.310255 775.700000 -0.291179 -0.527641
0.521920 1.310088 775.800000 -0.316105 -0.169416
0.521860 1.309925 775.900000 -0.322995 -0.319878
0.521800 1.309767 776.000000 -0.337374 0.401826
0.521739 1.309675 776.100000 -0.315596 1.089412
0.521676 1.309507 776.200000 -0.259547 -0.114397
0.521613 1.309657 776.300000 -0.263969 -2.225335
0.521555 1.309656 776.400000 -0.373916 -1.611731
0.521501 1.309575 776.500000 -0.452633 -1.166372
0.521451 1.309520 776.600000 -0.508689 -1.330613
0.521405 1.309694 776.700000 -0.572676 -2.308209
0.521368 1.309993 776.800000 -0.685223 -2.693199
0.521344 1.310504 776.900000 -0.816457 -3.249737
0.521338 1.310363 777.000000 -0.974861 0.656099
0.521327 1.310280 777.100000 -0.937182 1.157603
0.521309 1.310143 777.200000 -0.874616 0.693568
0.521287 1.309981 777.300000 -0.835565 0.336345
0.521263 1.309924 777.400000 -0.814570 1.316651
0.521231 1.309757 777.500000 -0.744664 0.106863
0.521199 1.309925 777.600000 -0.735598 -2.288509
0.521178 1.310007 777.700000 -0.846345 -1.971838
0.521168 1.309839 777.800000 -0.940705 0.116291
0.521157 1.309716 777.900000 -0.930187 -0.836848
0.521150 1.309776 778.000000 -0.967379 1.887927
0.521131 1.309630 778.100000 -0.868145 -0.578378
0.521116 1.309564 778.200000 -0.892724 -1.262836
0.521107 1.309505 778.300000 -0.951402 -1.305085
0.521106 1.309426 778.400000 -1.011899 -1.176938
0.521112 1.309267 778.500000 -1.065686 -0.383923
0.521120 1.309513 778.600000 -1.079554 -2.539959
0.521145 1.309507 778.700000 -1.201154 -1.589582
0.521183 1.309339 778.800000 -1.274628 -0.050581
0.521219 1.309367 778.900000 -1.270784 -1.745542
0.521270 1.309199 779.000000 -1.351707 -0.017612
0.521319 1.309303 779.100000 -1.345829 -2.059528
0.521386 1.309138 779.200000 -1.442076 -0.207304
0.521453 1.309324 779.300000 -1.445231 2.349933
0.521498 1.309732 779.400000 -1.320508 2.997806
0.521518 1.309951 779.500000 -1.164015 2.456870
0.521520 1.310479 779.600000 -1.035352 3.292464
0.521501 1.310362 779.700000 -0.865552 0.899025
0.521477 1.310195 779.800000 -0.816273 -0.053374
0.521452 1.310290 779.900000 -0.814860 2.028499
0.521418 1.310386 780.000000 -0.709361 2.029592
0.521374 1.310462 780.100000 -0.604334 1.950461
0.521324 1.310780 780.200000 -0.503790 2.753388
0.521265 1.310794 780.300000 -0.363601 1.683711
0.521203 1.310700 780.400000 -0.277598 1.078883
0.521140 1.310647 780.500000 -0.222266 1.334872
0.521075 1.310525 780.600000 -0.154411 0.850224
0.521009 1.310455 780.700000 -0.111127 -1.235739
0.520944 1.310288 780.800000 -0.172359 -0.089214
0.520879 1.310125 780.900000 -0.175958 -0.296007
0.520815 1.310023 781.000000 -0.189878 -1.007766
0.520752 1.309920 781.100000 -0.239317 -1.009488
0.520690 1.309821 781.200000 -0.288595 -1.032258
0.520631 1.309704 781.300000 -0.338765 -0.888164
0.520574 1.309676 781.400000 -0.381479 -1.480571
0.520520 1.309509 781.500000 -0.453600 -0.024942
0.520467 1.309434 781.600000 -0.452579 1.206397
0.520410 1.309310 781.700000 -0.389997 -0.819028
0.520355 1.309163 781.800000 -0.428998 -0.561980
0.520302 1.309133 781.900000 -0.454952 -1.467191
0.520253 1.308986 782.000000 -0.526037 0.566101
0.520202 1.308861 782.100000 -0.495102 -0.816950
0.520154 1.308709 782.200000 -0.533474 0.491557
0.520104 1.308548 782.300000 -0.506228 0.312841
0.520053 1.308382 782.400000 -0.488055 0.126721
0.520001 1.308284 782.500000 -0.479279 1.036613
0.519946 1.308316 782.600000 -0.425052 1.768121
0.519887 1.308149 782.700000 -0.334521 -0.064396
0.519828 1.308218 782.800000 -0.336068 1.922512
0.519765 1.308401 782.900000 -0.238262 2.342081
0.519699 1.308250 783.000000 -0.119966 0.492848
0.519634 1.308094 783.100000 -0.094724 0.416937
0.519568 1.307966 783.200000 -0.073404 -0.779513
0.519502 1.307973 783.300000 -0.112012 -1.653104
0.519438 1.307818 783.400000 -0.194107 0.425056
0.519374 1.308038 783.500000 -0.171884 2.463057
0.519308 1.308315 783.600000 -0.047872 2.636747
0.519242 1.308184 783.700000 0.084205 0.756935
0.519176 1.308087 783.800000 0.121631 -1.044779
0.519111 1.309090 783.900000 0.068783 -4.283480
0.519046 1.309227 784.000000 -0.145734 -2.181388
0.518984 1.309351 784.100000 -0.254075 -2.136634
0.518926 1.309204 784.200000 -0.359636 -0.555908
0.518869 1.309083 784.300000 -0.385634 -0.849301
0.518814 1.308957 784.400000 -0.426171 -0.807261
0.518762 1.308793 784.500000 -0.464403 0.185058
0.518709 1.308639 784.600000 -0.452828 -0.447931
0.518657 1.308551 784.700000 -0.472960 1.110039
0.518602 1.308522 784.800000 -0.415093 1.474997
0.518543 1.308447 784.900000 -0.339268 -1.196534
0.518487 1.308301 785.000000 -0.397398 -0.576085
0.518433 1.308151 785.100000 -0.424216 -0.498865
0.518380 1.308048 785.200000 -0.447038 -1.003901
0.518329 1.307946 785.300000 -0.494998 -1.005121
0.518282 1.307934 785.400000 -0.542779 -1.556290
0.518240 1.307807 785.500000 -0.617879 0.796190
0.518195 1.307970 785.600000 -0.574980 2.272037
0.518143 1.307814 785.700000 -0.458504 0.413176
0.518089 1.307787 785.800000 -0.435552 -1.482727
0.518039 1.307761 785.900000 -0.507511 -1.482901
0.517995 1.307678 786.000000 -0.579118 -1.148178
0.517954 1.307514 786.100000 -0.633632 0.175562
0.517913 1.307382 786.200000 -0.621685 -0.733990
0.517875 1.307217 786.300000 -0.655277 -0.152706
0.517836 1.307335 786.400000 -0.659635 2.112223
0.517790 1.307228 786.500000 -0.550726 0.966649
0.517740 1.307366 786.600000 -0.499640 2.186580
0.517684 1.307415 786.700000 -0.387813 1.842125
0.517623 1.307249 786.800000 -0.293768 0.032358
0.517563 1.307097 786.900000 -0.290681 -0.467862
0.517503 1.306941 787.000000 -0.312621 -0.405326
0.517445 1.306924 787.100000 -0.331324 -1.530700
0.517389 1.307476 787.200000 -0.406202 -3.362492
0.517344 1.307680 787.300000 -0.572296 -2.412627
0.517309 1.307773 787.400000 -0.690066 -2.022682
0.517283 1.307762 787.500000 -0.787749 -1.560324
0.517264 1.308236 787.600000 -0.861827 -3.176171
0.517264 1.308071 787.700000 -1.016326 0.136174
0.517262 1.307906 787.800000 -1.004436 -0.083757
0.517261 1.307740 787.900000 -1.003602 -0.013428
0.517258 1.307715 788.000000 -0.999255 1.490982
0.517246 1.308257 788.100000 -0.919710 3.340356
0.517216 1.308476 788.200000 -0.748093 2.464782
0.517175 1.308444 788.300000 -0.621114 1.452481
0.517128 1.308323 788.400000 -0.545384 0.843112
0.517079 1.308300 788.500000 -0.500501 -1.502085
0.517034 1.308135 788.600000 -0.573103 -0.072483
0.516989 1.307975 788.700000 -0.573862 -0.319152
0.516946 1.307809 788.800000 -0.586950 0.034066
0.516902 1.308097 788.900000 -0.582312 2.673953
0.516849 1.308160 789.000000 -0.445703 1.900562
0.516791 1.308736 789.100000 -0.348446 3.421217
0.516727 1.308570 789.200000 -0.175643 0.022747
0.516664 1.308702 789.300000 -0.173628 2.167115
0.516599 1.308536 789.400000 -0.064404 0.048676
0.516533 1.308421 789.500000 -0.061648 -0.897984
0.516469 1.308260 789.600000 -0.106239 0.268147
0.516404 1.308096 789.700000 -0.092300 0.160557
0.516339 1.307988 789.800000 -0.083811 0.947960
0.516274 1.307836 789.900000 -0.035994 -0.470380
0.516209 1.307696 790.000000 -0.059333 0.633237
0.516143 1.307958 790.100000 -0.027375 2.600991
0.516079 1.307845 790.200000 0.102812 0.905579
0.516015 1.307799 790.300000 0.147577 1.372976
0.515952 1.307834 790.400000 0.215488 -1.782934
0.515888 1.307704 790.500000 0.125264 -0.743274
0.515823 1.307538 790.600000 0.087474 -0.024029
0.515759 1.307482 790.700000 0.085835 1.314379
0.515695 1.307549 790.800000 0.151125 -1.916268
0.515630 1.307384 790.900000 0.054556 -0.070596
0.515565 1.307289 791.000000 0.050753 1.050678
0.515500 1.307771 791.100000 0.103033 -3.200157
0.515435 1.307882 791.200000 -0.057490 -2.091734
0.515372 1.307742 791.300000 -0.161789 -0.635703
0.515309 1.307612 791.400000 -0.192765 -0.743649
0.515247 1.307551 791.500000 -0.228984 1.283391
0.515184 1.307410 791.600000 -0.163670 -0.626785
0.515121 1.307281 791.700000 -0.194190 -0.754402
0.515060 1.307273 791.800000 -0.230940 1.576345
0.514996 1.307256 791.900000 -0.150968 1.533948
0.514931 1.307342 792.000000 -0.073515 1.991250
0.514866 1.307437 792.100000 0.026415 2.030193
0.514802 1.307381 792.200000 0.127792 -1.316932
0.514738 1.307271 792.300000 0.061307 0.934869
0.514674 1.307515 792.400000 0.107744 2.544326
0.514612 1.307454 792.500000 0.234421 1.284438
0.514553 1.307310 792.600000 0.297471 0.574368
0.514494 1.307150 792.700000 0.324702 -0.287073
0.514436 1.307003 792.800000 0.308725 -0.526346
0.514376 1.306874 792.900000 0.280864 0.754948
0.514317 1.306886 793.000000 0.317207 1.676506
0.514262 1.306727 793.100000 0.399446 -0.300374
0.514207 1.306788 793.200000 0.382430 1.890161
0.514156 1.306769 793.300000 0.475026 -1.523931
0.514101 1.306624 793.400000 0.396455 -0.554073
0.514045 1.306642 793.500000 0.366769 1.704684
0.513993 1.306579 793.600000 0.450169 1.268468
0.513945 1.306510 793.700000 0.511342 1.230521
0.513900 1.306378 793.800000 0.570311 -0.722687
0.513854 1.306233 793.900000 0.531325 0.555313
0.513808 1.306077 794.000000 0.556434 -0.358824
0.513762 1.305930 794.100000 0.535711 -0.525732
0.513713 1.305765 794.200000 0.506745 0.031926
0.513665 1.305602 794.300000 0.505808 0.124684
0.513616 1.305697 794.400000 0.509513 -2.031186
0.513562 1.305796 794.500000 0.405406 2.046641
0.513513 1.305793 794.600000 0.505711 1.601444
0.513470 1.305706 794.700000 0.583255 -1.102659
0.513423 1.305569 794.800000 0.525206 0.659372
0.513378 1.305578 794.900000 0.555548 -1.659647
0.513327 1.305638 795.000000 0.469788 -1.887058
0.513271 1.305529 795.100000 0.373086 -0.939010
0.513213 1.305380 795.200000 0.324271 0.499863
0.513156 1.305226 795.300000 0.347642 0.392984
0.513100 1.305070 795.400000 0.365553 -0.364569
0.513043 1.305497 795.500000 0.345497 -3.065822
0.512981 1.305512 795.600000 0.190479 -1.688749
0.512917 1.305392 795.700000 0.105089 -0.841276
0.512853 1.305271 795.800000 0.062499 -0.825129
0.512789 1.305143 795.900000 0.020930 -0.750549
0.512724 1.304982 796.000000 -0.016702 -0.228853
0.512660 1.304846 796.100000 -0.028061 0.671677
0.512596 1.304816 796.200000 0.005663 1.457936
0.512532 1.304753 796.300000 0.078532 1.265919
0.512469 1.304604 796.400000 0.141435 -0.490602
0.512405 1.304463 796.500000 0.116198 -0.604482
0.512341 1.305029 796.600000 0.085393 3.410054
0.512281 1.304870 796.700000 0.255469 0.258140
0.512221 1.304944 796.800000 0.267098 -1.949514
0.512159 1.304869 796.900000 0.168287 1.189772
0.512098 1.304742 797.000000 0.226934 0.759603
0.512038 1.304610 797.100000 0.263780 -0.705872
0.511977 1.304448 797.200000 0.227167 -0.178290
0.511916 1.304412 797.300000 0.217117 -1.426300
0.511853 1.304599 797.400000 0.144716 -2.363959
0.511789 1.304613 797.500000 0.025795 1.685097
0.511725 1.304466 797.600000 0.109921 0.506193
0.511662 1.304515 797.700000 0.134681 1.841151
0.511601 1.304504 797.800000 0.226065 -1.563521
0.511539 1.304770 797.900000 0.146758 -2.617200
0.511474 1.305517 798.000000 0.015165 -3.812548
0.511412 1.306561 798.100000 -0.175539 -4.390947
0.511358 1.306398 798.200000 -0.394208 -0.060294
0.511304 1.306482 798.300000 -0.395252 1.989340
0.511245 1.306334 798.400000 -0.293809 -0.496202
0.511187 1.306191 798.500000 -0.317150 0.581617
0.511129 1.306268 798.600000 -0.286483 -1.958453
0.511074 1.306114 798.700000 -0.382973 0.395635
0.511018 1.305994 798.800000 -0.361277 0.826659
0.510960 1.305864 798.900000 -0.318137 -0.739298
0.510904 1.305702 799.000000 -0.353512 0.110332
0.510848 1.305581 799.100000 -0.346227 0.822487
0.510790 1.305432 799.200000 -0.303372 -0.485315
0.510732 1.305550 799.300000 -0.326121 2.122091
0.510671 1.305679 799.400000 -0.218386 2.161811
0.510608 1.305649 799.500000 -0.109203 1.458588
0.510545 1.305492 799.600000 -0.035728 -0.324345
0.510481 1.305568 799.700000 -0.051766 1.953049
0.510417 1.305774 799.800000 0.046145 2.432320
0.510355 1.305612 799.900000 0.167530 0.148168
0.510293 1.305489 800.000000 0.174101 -0.795801
0.510231 1.305609 800.100000 0.133440 2.128252
0.510170 1.305520 800.200000 0.239186 1.094408
0.510112 1.305535 800.300000 0.292710 1.686260
0.510057 1.305466 800.400000 0.375560 1.228317
0.510005 1.305568 800.500000 0.435098 2.061776
0.509959 1.305405 800.600000 0.536011 0.010609
0.509914 1.305358 800.700000 0.533861 1.359429
0.509872 1.305263 800.800000 0.599164 -1.043757
0.509827 1.305133 800.900000 0.543980 -0.724876
0.509779 1.305303 801.000000 0.505016 -2.309777
0.509725 1.305186 801.100000 0.387002 -0.861870
0.509669 1.305220 801.200000 0.341974 -1.774542
0.509609 1.305339 801.300000 0.251537 -2.125245
0.509547 1.305442 801.400000 0.144017 -2.064886
0.509483 1.305291 801.500000 0.040052 -0.440331
0.509420 1.305193 801.600000 0.017836 -1.016288
0.509356 1.305091 801.700000 -0.033068 0.993864
0.509293 1.304929 801.800000 0.016791 -0.107820
0.509229 1.305082 801.900000 0.011316 -2.247874
0.509167 1.305030 802.000000 -0.101135 1.332128
0.509103 1.305042 802.100000 -0.034023 -1.676467
0.509041 1.304914 802.200000 -0.117676 -0.749026
0.508979 1.304759 802.300000 -0.154539 -0.348436
0.508917 1.305002 802.400000 -0.171188 2.548962
0.508854 1.304950 802.500000 -0.042884 1.332820
0.508790 1.304816 802.600000 0.023972 -0.675933
0.508727 1.305261 802.700000 -0.009945 -3.123464
0.508665 1.305291 802.800000 -0.166068 -1.759829
0.508606 1.305638 802.900000 -0.253229 -2.861316
0.508552 1.305601 803.000000 -0.395029 -1.416427
0.508502 1.305446 803.100000 -0.463875 0.362000
0.508451 1.305295 803.200000 -0.443456 -0.434524
0.508401 1.305180 803.300000 -0.462965 0.873792
0.508349 1.305019 803.400000 -0.416960 0.109652
0.508296 1.304901 803.500000 -0.409393 0.850835
0.508241 1.304785 803.600000 -0.364804 -0.857224
0.508188 1.304690 803.700000 -0.405841 1.040071
0.508133 1.304933 803.800000 -0.351809 -2.553279
0.508084 1.305009 803.900000 -0.477714 -1.956214
0.508041 1.305497 804.000000 -0.573136 -3.235726
0.508011 1.305348 804.100000 -0.732056 0.449941
0.507979 1.305437 804.200000 -0.705899 2.014152
0.507938 1.305488 804.300000 -0.601662 1.851156
0.507891 1.305336 804.400000 -0.506096 0.403931
0.507842 1.305200 804.500000 -0.483369 -0.646173
0.507796 1.305093 804.600000 -0.513261 -0.944864
0.507752 1.305066 804.700000 -0.557937 -1.477103
0.507713 1.304904 804.800000 -0.629003 0.005302
0.507675 1.305053 804.900000 -0.625593 -2.236561
0.507645 1.304896 805.000000 -0.734293 0.302845
0.507614 1.304902 805.100000 -0.715479 1.641805
0.507575 1.304756 805.200000 -0.629811 0.514109
0.507535 1.304595 805.300000 -0.600957 0.144896
0.507493 1.304456 805.400000 -0.590707 0.603597
0.507450 1.304296 805.500000 -0.557574 -0.182353
0.507407 1.304161 805.600000 -0.563904 0.656635
0.507361 1.304004 805.700000 -0.528253 0.285794
0.507314 1.303993 805.800000 -0.511322 1.557214
0.507263 1.303930 805.900000 -0.430904 1.261436
0.507208 1.303770 806.000000 -0.365678 -0.183296
0.507154 1.303670 806.100000 -0.373014 -0.994846
0.507102 1.303579 806.200000 -0.420892 -1.070710
0.507053 1.303506 806.300000 -0.472323 -1.195953
0.507007 1.303729 806.400000 -0.529759 -2.488702
0.506971 1.303647 806.500000 -0.651545 -1.134871
0.506939 1.303830 806.600000 -0.705031 -2.357164
0.506918 1.303669 806.700000 -0.819364 0.144114
0.506895 1.303527 806.800000 -0.808061 -0.556997
0.506875 1.303543 806.900000 -0.831871 1.690444
0.506847 1.303416 807.000000 -0.743189 -0.747083
0.506821 1.303348 807.100000 -0.776827 1.234241
0.506790 1.303187 807.200000 -0.711231 0.020160
0.506758 1.303104 807.300000 -0.706667 1.125049
0.506721 1.302948 807.400000 -0.646881 0.280346
0.506683 1.302819 807.500000 -0.629630 -0.726128
0.506647 1.302678 807.600000 -0.662788 0.568667
0.506609 1.302686 807.700000 -0.631041 1.654020
0.506565 1.302715 807.800000 -0.545184 1.757170
0.506515 1.303124 807.900000 -0.454600 3.034908
0.506458 1.303385 808.000000 -0.300582 2.612140
0.506397 1.303271 808.100000 -0.168472 0.872979
0.506335 1.303118 808.200000 -0.123980 -0.357717
0.506274 1.302959 808.300000 -0.141246 0.182224
0.506212 1.302898 808.400000 -0.131429 1.275736
0.506150 1.302782 808.500000 -0.066985 0.856049
0.506088 1.302636 808.600000 -0.023848 0.494447
0.506025 1.302531 808.700000 0.000994 -0.951969
0.505963 1.302389 808.800000 -0.046609 0.545255
0.505900 1.302249 808.900000 -0.019114 -0.593294
0.505838 1.302513 809.000000 -0.048683 2.621601
0.505776 1.302962 809.100000 0.082641 3.142529
0.505717 1.303639 809.200000 0.239354 3.682457
0.505665 1.303618 809.300000 0.422280 1.507097
0.505618 1.303691 809.400000 0.495523 1.943423
0.505577 1.303548 809.500000 0.590217 0.544212
0.505538 1.303388 809.600000 0.614476 0.125524
0.505499 1.303361 809.700000 0.617680 -1.473298
0.505455 1.303593 809.800000 0.540927 -2.523049
0.505403 1.303467 809.900000 0.412070 -0.754377
0.505349 1.303881 810.000000 0.372291 3.051573
0.505303 1.304352 810.100000 0.523008 3.199206
0.505270 1.304581 810.200000 0.680353 2.514338
0.505247 1.304700 810.300000 0.802668 2.131925
0.505235 1.304549 810.400000 0.905251 -0.397499
0.505221 1.304397 810.500000 0.880850 0.367991
0.505208 1.304322 810.600000 0.894845 1.181434
0.505201 1.304383 810.700000 0.949443 1.898836
0.505205 1.304262 810.800000 1.039637 0.799868
0.505214 1.304897 810.900000 1.074433 3.594218
0.505248 1.305101 811.000000 1.248771 2.432019
0.505301 1.304980 811.100000 1.364128 0.804479
0.505359 1.304980 811.200000 1.397532 1.613148
0.505430 1.304841 811.300000 1.471202 -0.606047
0.505494 1.304903 811.400000 1.433543 1.899666
0.505574 1.304835 811.500000 1.521359 1.224014
0.505665 1.304746 811.600000 1.574953 -1.082936
0.505744 1.304594 811.700000 1.512931 -0.377983
0.505817 1.304938 811.800000 1.486467 -2.861357
0.505865 1.304810 811.900000 1.335967 -0.731346
0.505906 1.304665 812.000000 1.292720 -0.511506
0.505941 1.304816 812.100000 1.260681 -2.249783
0.505959 1.304659 812.200000 1.141888 -0.229726
0.505975 1.304606 812.300000 1.124693 1.323030
0.505999 1.304758 812.400000 1.185221 2.254049
0.506039 1.304753 812.500000 1.291997 1.591336
0.506092 1.304854 812.600000 1.365104 2.058814
0.506161 1.304731 812.700000 1.461219 -0.780385
0.506222 1.304593 812.800000 1.414894 -0.609449
0.506276 1.304582 812.900000 1.377347 -1.557980
0.506316 1.305003 813.000000 1.292561 -3.074586
0.506333 1.305262 813.100000 1.132369 -2.614855
0.506332 1.305840 813.200000 0.995964 -3.465800
0.506311 1.305759 813.300000 0.817695 -1.135219
0.506284 1.305667 813.400000 0.756845 -1.056547
0.506251 1.305571 813.500000 0.700234 -1.019531
0.506215 1.305427 813.600000 0.645756 0.529949
0.506180 1.305717 813.700000 0.669025 2.705904
0.506157 1.306295 813.800000 0.800975 3.467352
0.506153 1.306324 813.900000 0.970337 1.754771
0.506159 1.306167 814.000000 1.053224 0.232511
0.506166 1.306006 814.100000 1.059584 0.077614
0.506172 1.305859 814.200000 1.058167 -0.460327
0.506175 1.305891 814.300000 1.029859 -1.767660
0.506167 1.306277 814.400000 0.936327 2.984763
0.506177 1.306512 814.500000 1.080884 2.538659
0.506203 1.306864 814.600000 1.202412 2.887493
0.506251 1.307408 814.700000 1.340775 3.388118
0.506328 1.307453 814.800000 1.503477 1.828965
0.506420 1.307486 814.900000 1.587408 1.778039
0.506529 1.307522 815.000000 1.668372 1.790422
0.506655 1.307463 815.100000 1.749552 -1.283776
0.506765 1.307318 815.200000 1.676615 -0.497671
0.506868 1.307158 815.300000 1.643349 -0.121836
0.506969 1.307316 815.400000 1.629040 -2.277175
0.507046 1.307198 815.500000 1.507036 -0.826211
0.507114 1.307065 815.600000 1.458190 0.672689
0.507187 1.306930 815.700000 1.484534 -0.640835
0.507253 1.306881 815.800000 1.445069 -1.347370
0.507306 1.306827 815.900000 1.370476 -1.317087
0.507347 1.306681 816.000000 1.297769 0.469714
0.507391 1.306814 816.100000 1.314766 2.188633
0.507452 1.306930 816.200000 1.417624 2.122925
0.507530 1.306904 816.300000 1.516682 -1.478862
0.507594 1.306981 816.400000 1.435155 -1.968902
0.507640 1.306845 816.500000 1.329534 -0.625672
0.507680 1.306758 816.600000 1.291603 1.090541
0.507728 1.306952 816.700000 1.339672 2.405466
0.507795 1.307048 816.800000 1.453247 2.044257
0.507880 1.307147 816.900000 1.548194 2.057855
0.507983 1.307141 817.000000 1.643345 1.588624
0.508100 1.307154 817.100000 1.714560 1.677187
0.508234 1.307702 817.200000 1.789846 3.403348
0.508405 1.307609 817.300000 1.951065 -1.041024
0.508561 1.307459 817.400000 1.889258 -0.409420
0.508710 1.307524 817.500000 1.859341 -1.918913
0.508836 1.307500 817.600000 1.754098 -1.487201
0.508945 1.307585 817.700000 1.670968 -2.002392
0.509032 1.307428 817.800000 1.562494 -0.232514
0.509115 1.307317 817.900000 1.543055 -0.893972
0.509189 1.307254 818.000000 1.490641 -1.259035
0.509250 1.308371 818.100000 1.420236 -4.570266
0.509273 1.309935 818.200000 1.184622 -5.311272
0.509262 1.310061 818.300000 0.913135 -2.164948
0.509239 1.310360 818.400000 0.800322 -2.742493
0.509203 1.310578 818.500000 0.659196 -2.486309
0.509158 1.310585 818.600000 0.531585 -1.652320
0.509108 1.310427 818.700000 0.446311 0.202868
0.509059 1.310455 818.800000 0.454222 -1.754895
0.509004 1.310335 818.900000 0.364207 0.808509
0.508952 1.310198 819.000000 0.402811 -0.619842
0.508898 1.310048 819.100000 0.369805 -0.402829
0.508844 1.309918 819.200000 0.347814 0.697060
0.508790 1.309812 819.300000 0.380928 -0.934767
0.508735 1.310164 819.400000 0.332285 -2.897289
0.508675 1.310450 819.500000 0.185759 -2.702828
0.508613 1.310490 819.600000 0.049689 -1.812061
0.508551 1.310574 819.700000 -0.041162 -1.998275
0.508490 1.310804 819.800000 -0.140870 -2.529892
0.508433 1.310735 819.900000 -0.266660 -1.220341
0.508377 1.310893 820.000000 -0.326344 -2.282032
0.508327 1.311450 820.100000 -0.438814 -3.428802
0.508288 1.311290 820.200000 -0.608060 -0.033165
0.508248 1.311139 820.300000 -0.606678 0.390526
0.508207 1.311240 820.400000 -0.584118 2.065939
0.508159 1.311097 820.500000 -0.477901 0.531082
0.508109 1.310989 820.600000 -0.448957 0.922266
0.508057 1.310981 820.700000 -0.400599 1.577347
0.508002 1.310825 820.800000 -0.319729 0.241157
0.507945 1.310823 820.900000 -0.306072 1.608182
0.507887 1.311406 821.000000 -0.224133 3.493181
0.507825 1.311397 821.100000 -0.048353 1.573202
0.507763 1.311242 821.200000 0.030549 0.261412
0.507701 1.311094 821.300000 0.043467 0.449895
0.507640 1.310968 821.400000 0.065744 -0.743971
0.507578 1.311054 821.500000 0.028217 -2.006315
0.507517 1.310918 821.600000 -0.072240 -0.630560
0.507456 1.310851 821.700000 -0.103407 1.232520
0.507394 1.310706 821.800000 -0.041264 0.477503
0.507332 1.310554 821.900000 -0.017182 0.350341
0.507270 1.310788 822.000000 0.000421 2.543930
0.507210 1.310701 822.100000 0.127615 1.093200
0.507150 1.310794 822.200000 0.181637 2.035803
0.507093 1.311087 822.300000 0.282519 -2.728775
0.507033 1.311181 822.400000 0.144667 -2.041377
0.506971 1.311240 822.500000 0.041875 1.895005
0.506911 1.311081 822.600000 0.136416 -0.101729
0.506850 1.310994 822.700000 0.130648 1.088595
0.506791 1.310858 822.800000 0.184424 0.620466
0.506732 1.310717 822.900000 0.214525 -0.551254
0.506673 1.311299 823.000000 0.185890 3.493412
0.506619 1.311999 823.100000 0.359631 3.760533
0.506575 1.311842 823.200000 0.545860 0.210441
0.506532 1.312043 823.300000 0.553652 -2.433537
0.506482 1.312095 823.400000 0.429207 -1.866162
0.506427 1.311975 823.500000 0.333753 -0.808754
0.506371 1.312308 823.600000 0.291647 -2.846397
0.506311 1.312194 823.700000 0.147869 -0.865608
0.506250 1.312035 823.800000 0.103849 -0.080765
0.506189 1.311899 823.900000 0.099291 -0.623189
0.506128 1.311786 824.000000 0.067635 0.872278
0.506068 1.311638 824.100000 0.110911 0.430360
0.506007 1.311483 824.200000 0.131875 -0.253832
0.505947 1.311328 824.300000 0.118524 -0.242975
0.505886 1.311266 824.400000 0.105782 1.267895
0.505826 1.311217 824.500000 0.168648 1.350014
0.505768 1.311290 824.600000 0.235306 -1.954669
0.505708 1.311577 824.700000 0.136396 -2.711405
0.505647 1.311605 824.800000 0.000143 -1.755040
0.505586 1.311454 824.900000 -0.087609 -0.371876
0.505525 1.311457 825.000000 -0.105765 -1.633842
0.505466 1.311499 825.100000 -0.186928 -1.821727
0.505410 1.311517 825.200000 -0.277080 -1.710959
0.505356 1.311380 825.300000 -0.361243 -0.602855
0.505304 1.311223 825.400000 -0.389579 -0.172970
0.505253 1.312155 825.500000 -0.396280 -4.242347
0.505214 1.313978 825.600000 -0.606416 -5.722198
0.505200 1.314913 825.700000 -0.889494 -4.249790
0.505212 1.315195 825.800000 -1.097536 -2.701056
0.505242 1.315255 825.900000 -1.227101 -1.900718
0.505286 1.315222 826.000000 -1.316001 -1.444137
0.505340 1.315149 826.100000 -1.381628 1.194890
0.505384 1.315205 826.200000 -1.314975 1.885860
0.505412 1.315327 826.300000 -1.214107 2.154784
0.505424 1.315277 826.400000 -1.100298 1.345107
0.505427 1.315218 826.500000 -1.027541 1.287231
0.505421 1.315209 826.600000 -0.958042 -1.576398
0.505424 1.315055 826.700000 -1.032071 0.274999
0.505425 1.314933 826.800000 -1.013161 -0.782127
0.505430 1.314774 826.900000 -1.047202 0.050372
0.505435 1.314622 827.000000 -1.039447 -0.338351
0.505440 1.314464 827.100000 -1.051167 -0.138458
0.505446 1.314392 827.200000 -1.052834 1.194827
0.505444 1.314782 827.300000 -0.987829 3.015143
0.505425 1.314796 827.400000 -0.832133 1.688634
0.505397 1.314637 827.500000 -0.743540 0.075800
0.505369 1.314749 827.600000 -0.736032 2.118135
0.505331 1.314621 827.700000 -0.626445 0.710201
0.505291 1.314713 827.800000 -0.587803 2.036717
0.505244 1.314594 827.900000 -0.483028 0.818795
0.505195 1.314461 828.000000 -0.439673 0.654002
0.505144 1.314303 828.100000 -0.404775 -0.072601
0.505093 1.314163 828.200000 -0.406381 0.558860
0.505040 1.314025 828.300000 -0.376406 0.583796
0.504987 1.313956 828.400000 -0.345334 -1.218976
0.504936 1.313859 828.500000 -0.404557 1.006498
0.504882 1.313707 828.600000 -0.352209 0.339380
0.504828 1.313731 828.700000 -0.333479 1.740227
0.504771 1.313980 828.800000 -0.244800 2.598509
0.504711 1.314325 828.900000 -0.113651 2.887793
0.504650 1.314217 829.000000 0.031307 0.917811
0.504589 1.314271 829.100000 0.077041 1.879027
0.504530 1.314133 829.200000 0.170607 0.573989
0.504472 1.313977 829.300000 0.198454 -0.204284
0.504413 1.313885 829.400000 0.187247 1.055279
0.504356 1.313737 829.500000 0.239075 0.412207
0.504299 1.313595 829.600000 0.258490 -0.517765
0.504241 1.313455 829.700000 0.231309 0.543991
0.504185 1.313573 829.800000 0.257352 -2.141455
0.504125 1.313418 829.900000 0.148993 0.230032
0.504066 1.313511 830.000000 0.159750 -2.043097
0.504005 1.313559 830.100000 0.056796 -1.850847
0.503945 1.313431 830.200000 -0.036030 -0.706186
0.503884 1.313296 830.300000 -0.071160 0.628075
0.503824 1.313215 830.400000 -0.039400 1.126852
0.503763 1.313213 830.500000 0.017140 1.611237
0.503703 1.313145 830.600000 0.097616 1.227740
0.503644 1.312987 830.700000 0.158515 -0.001324
0.503585 1.312908 830.800000 0.157656 1.145607
0.503527 1.312890 830.900000 0.214148 -1.522756
0.503468 1.312782 831.000000 0.136939 -0.913627
0.503408 1.312734 831.100000 0.090573 1.353229
0.503348 1.312578 831.200000 0.157782 0.181543
0.503290 1.312557 831.300000 0.166070 -1.507806
0.503230 1.312471 831.400000 0.089849 -1.087685
0.503169 1.312468 831.500000 0.035016 -1.607717
0.503109 1.312314 831.600000 -0.045545 -0.261405
0.503048 1.312639 831.700000 -0.058387 -2.833588
0.502990 1.312581 831.800000 -0.199775 -1.285273
0.502934 1.312425 831.900000 -0.263040 0.166569
0.502877 1.312268 832.000000 -0.253396 0.096298
0.502821 1.312130 832.100000 -0.247314 0.573522
0.502763 1.312079 832.200000 -0.217401 1.333059
0.502704 1.312130 832.300000 -0.149662 -1.864350
0.502647 1.312131 832.400000 -0.242131 -1.623748
0.502593 1.311999 832.500000 -0.322107 -0.660343
0.502540 1.312193 832.600000 -0.353514 2.417856
0.502483 1.312361 832.700000 -0.230854 2.328928
0.502424 1.312319 832.800000 -0.113253 1.389300
0.502363 1.312276 832.900000 -0.043222 -1.382439
0.502304 1.312270 833.000000 -0.112128 1.588534
0.502244 1.312121 833.100000 -0.032140 0.366137
0.502183 1.312034 833.200000 -0.013673 1.085722
0.502123 1.311880 833.300000 0.040682 0.239140
0.502063 1.311828 833.400000 0.052435 1.327544
0.502004 1.311689 833.500000 0.118550 0.542037
0.501945 1.311631 833.600000 0.145059 -1.287349
0.501885 1.311527 833.700000 0.079967 0.950047
0.501826 1.311689 833.800000 0.127069 2.304655
0.501769 1.311543 833.900000 0.241667 -0.435117
0.501712 1.311562 834.000000 0.218702 -1.715786
0.501653 1.311406 834.100000 0.131820 0.141416
0.501594 1.311255 834.200000 0.138231 0.323760
0.501535 1.311220 834.300000 0.153728 -1.427446
0.501475 1.311108 834.400000 0.081587 -0.866027
0.501415 1.311053 834.500000 0.037878 -1.308685
0.501355 1.310913 834.600000 -0.027746 -0.534971
0.501295 1.310774 834.700000 -0.054356 -0.540441
0.501236 1.311487 834.800000 -0.081106 -3.812798
0.501180 1.311838 834.900000 -0.271340 -2.911724
0.501130 1.311926 835.000000 -0.415570 -2.022657
0.501086 1.311798 835.100000 -0.514625 -0.693686
0.501044 1.311771 835.200000 -0.546736 -1.478046
0.501007 1.311675 835.300000 -0.617905 -1.005630
0.500974 1.311550 835.400000 -0.665097 -0.732231
0.500943 1.311454 835.500000 -0.698383 -1.010413
0.500916 1.311346 835.600000 -0.745411 -0.905553
0.500893 1.311190 835.700000 -0.786962 -0.101422
0.500870 1.311042 835.800000 -0.788098 0.379216
0.500846 1.310989 835.900000 -0.765197 1.318374
0.500815 1.310987 836.000000 -0.695452 1.607577
0.500777 1.310832 836.100000 -0.611596 -0.210240
0.500740 1.311051 836.200000 -0.619050 2.503866
0.500695 1.310918 836.300000 -0.490762 -0.638305
0.500651 1.310992 836.400000 -0.520223 1.963716
0.500602 1.312440 836.500000 -0.419436 5.182483
0.500543 1.313809 836.600000 -0.158215 5.053041
0.500484 1.314420 836.700000 0.095228 3.584133
0.500429 1.314564 836.800000 0.273959 2.245526
0.500378 1.314487 836.900000 0.384865 -1.159613
0.500324 1.314655 837.000000 0.324960 -2.331500
0.500267 1.314507 837.100000 0.206761 -0.377556
0.500209 1.314489 837.200000 0.186849 -1.530416
0.500150 1.315380 837.300000 0.109394 -4.189279
0.500091 1.315608 837.400000 -0.100617 -2.538346
0.500035 1.315573 837.500000 -0.227031 -1.432717
0.499980 1.315752 837.600000 -0.297532 2.372413
0.499922 1.316085 837.700000 -0.177424 2.864686
0.499863 1.315928 837.800000 -0.033302 0.039474
0.499803 1.315789 837.900000 -0.031162 0.544241
0.499744 1.315752 838.000000 -0.003794 1.418474
0.499684 1.315946 838.100000 0.067149 2.424962
0.499627 1.315796 838.200000 0.188061 0.350885
0.499570 1.315666 838.300000 0.204665 -0.674605
0.499512 1.315667 838.400000 0.169911 1.628641
0.499456 1.315663 838.500000 0.250494 1.598257
0.499403 1.315704 838.600000 0.329154 -1.821063
0.499347 1.315561 838.700000 0.236455 0.488342
0.499291 1.315419 838.800000 0.259690 0.500927
0.499236 1.315439 838.900000 0.283438 1.720335
0.499185 1.315286 839.000000 0.368037 0.270784
0.499134 1.315655 839.100000 0.379736 -2.968399
0.499078 1.315681 839.200000 0.229418 -1.752814
0.499019 1.316172 839.300000 0.140630 3.298879
0.498966 1.316245 839.400000 0.304871 1.961467
0.498916 1.316133 839.500000 0.401420 -0.869659
0.498864 1.315979 839.600000 0.355930 -0.231056
0.498811 1.315824 839.700000 0.342597 -0.167146
0.498759 1.315689 839.800000 0.332527 0.592729
0.498707 1.315579 839.900000 0.360501 0.884600
0.498657 1.315435 840.000000 0.402928 0.469200
0.498609 1.315325 840.100000 0.424374 0.883713
0.498562 1.315268 840.200000 0.466438 -1.295952
0.498512 1.315148 840.300000 0.399308 0.775957
0.498464 1.315217 840.400000 0.436109 1.949219
0.498422 1.315129 840.500000 0.531389 1.073559
0.498383 1.314986 840.600000 0.582410 0.465493
0.498345 1.314831 840.700000 0.602773 0.140700
0.498308 1.314692 840.800000 0.606794 -0.542955
0.498268 1.314717 840.900000 0.576613 -1.750059
0.498223 1.314693 841.000000 0.486226 -1.486611
0.498174 1.314940 841.100000 0.409465 2.606586
0.498132 1.315308 841.200000 0.537747 2.969923
0.498100 1.315245 841.300000 0.683554 1.250046
0.498074 1.315588 841.400000 0.742639 2.899119
0.498061 1.315453 841.500000 0.883882 0.606701
0.498051 1.315305 841.600000 0.909797 -0.361680
0.498039 1.315153 841.700000 0.887164 0.265417
0.498027 1.315301 841.800000 0.895999 -2.264569
0.498004 1.315224 841.900000 0.778291 -1.153649
0.497976 1.315342 842.000000 0.716717 -2.150626
0.497938 1.315255 842.100000 0.605602 -1.080156
0.497897 1.315114 842.200000 0.548566 0.505149
0.497857 1.314959 842.300000 0.571081 -0.077688
0.497817 1.314820 842.400000 0.564341 0.541050
0.497778 1.314664 842.500000 0.588572 -0.049143
0.497740 1.314529 842.600000 0.583172 0.590709
0.497703 1.314413 842.700000 0.609791 0.826257
0.497668 1.314331 842.800000 0.648055 1.111977
0.497638 1.314578 842.900000 0.700414 -2.606204
0.497598 1.314535 843.000000 0.566601 -1.384132
0.497554 1.314511 843.100000 0.494562 1.490592
0.497514 1.314518 843.200000 0.566619 1.657639
0.497480 1.314472 843.300000 0.646667 1.362727
0.497451 1.314340 843.400000 0.711570 -0.635071
0.497419 1.314284 843.500000 0.676259 -1.295819
0.497382 1.314271 843.600000 0.608087 -1.552937
0.497339 1.314653 843.700000 0.527400 -3.011890
0.497289 1.314824 843.800000 0.374168 -2.346936
0.497234 1.315232 843.900000 0.254950 -3.085790
0.497175 1.315426 844.000000 0.099386 -2.429000
0.497117 1.315338 844.100000 -0.022561 -1.070385
0.497058 1.315321 844.200000 -0.075967 1.534648
0.496999 1.315309 844.300000 0.001145 1.554335
0.496941 1.315190 844.400000 0.078856 0.792437
0.496883 1.315050 844.500000 0.118084 0.510154
0.496825 1.315215 844.600000 0.143001 2.327924
0.496770 1.315130 844.700000 0.258682 1.093774
0.496717 1.315106 844.800000 0.312077 -1.491378
0.496662 1.315033 844.900000 0.235948 1.179947
0.496608 1.315162 845.000000 0.293766 2.194565
0.496559 1.315213 845.100000 0.402025 1.866676
0.496515 1.315094 845.200000 0.493349 0.792165
0.496472 1.315002 845.300000 0.530490 -1.037392
0.496427 1.314847 845.400000 0.475968 0.077869
0.496382 1.314717 845.500000 0.477482 -0.658927
0.496335 1.314741 845.600000 0.442148 1.743639
0.496292 1.314634 845.700000 0.527119 0.902548
0.496253 1.314492 845.800000 0.569611 -0.475737
0.496212 1.314427 845.900000 0.542976 1.234664
0.496175 1.314341 846.000000 0.601994 1.083065
0.496141 1.314310 846.100000 0.653138 1.448985
0.496113 1.314188 846.200000 0.722321 -0.760214
0.496082 1.314056 846.300000 0.680699 -0.619741
0.496048 1.313962 846.400000 0.646308 1.017558
0.496018 1.313973 846.500000 0.693955 1.677521
0.495995 1.313899 846.600000 0.774361 1.171943
0.495977 1.313836 846.700000 0.829086 -1.252653
0.495953 1.313681 846.800000 0.762308 -0.017619
0.495928 1.313590 846.900000 0.757616 1.044834
0.495908 1.313941 847.000000 0.806069 -2.926715
0.495875 1.313787 847.100000 0.655703 0.158343
0.495842 1.313693 847.200000 0.660342 -1.015369
0.495805 1.313745 847.300000 0.606272 -1.870587
0.495762 1.314028 847.400000 0.509711 -2.725123
0.495711 1.313905 847.500000 0.370906 -0.739050
0.495659 1.313921 847.600000 0.332099 -1.700993
0.495604 1.313919 847.700000 0.245389 -1.612629
0.495548 1.313766 847.800000 0.163531 -0.174025
0.495491 1.313688 847.900000 0.154012 -1.143330
0.495433 1.313998 848.000000 0.096075 2.807764
0.495378 1.313880 848.100000 0.235983 0.791793
0.495324 1.314046 848.200000 0.274393 2.335195
0.495274 1.313903 848.300000 0.389781 0.451963
0.495226 1.313768 848.400000 0.410430 -0.578119
0.495176 1.313706 848.500000 0.379472 -1.256049
0.495123 1.313872 848.600000 0.314772 -2.332545
0.495067 1.313862 848.700000 0.196571 -1.567082
0.495010 1.313735 848.800000 0.117234 -0.689441
0.494952 1.313606 848.900000 0.082176 -0.663612
0.494894 1.313756 849.000000 0.048584 -2.273443
0.494836 1.313636 849.100000 -0.065331 -0.762474
0.494778 1.313529 849.200000 -0.103128 0.903967
0.494720 1.313819 849.300000 -0.057414 2.747445
0.494662 1.313688 849.400000 0.080245 -0.632849
0.494604 1.313693 849.500000 0.048202 1.648212
0.494547 1.313644 849.600000 0.130371 1.337786
0.494491 1.313740 849.700000 0.196609 2.064497
0.494438 1.313856 849.800000 0.298851 2.145259
0.494389 1.314007 849.900000 0.404619 2.280488
0.494347 1.314479 850.000000 0.516621 3.261725
0.494316 1.314722 850.100000 0.677124 2.602524
0.494296 1.314673 850.200000 0.803864 1.338351
0.494282 1.314591 850.300000 0.866763 1.110270
0.494273 1.314447 850.400000 0.917942 0.435641
0.494266 1.314454 850.500000 0.935135 1.655476
0.494269 1.314300 850.600000 1.013233 0.092561
0.494271 1.314150 850.700000 1.012795 0.286586
0.494274 1.313997 850.800000 1.022060 0.133274
0.494278 1.313844 850.900000 1.023613 0.160634
0.494281 1.313711 851.000000 1.026527 -0.608775
0.494281 1.313648 851.100000 0.990956 1.243744
0.494288 1.313690 851.200000 1.048188 1.827691
0.494305 1.313648 851.300000 1.134332 1.381192
0.494331 1.314527 851.400000 1.197719 4.196535
0.494389 1.314662 851.500000 1.401558 2.219987
0.494464 1.314922 851.600000 1.505549 2.656466
0.494562 1.314878 851.700000 1.630845 1.367847
0.494671 1.314979 851.800000 1.691083 -2.085593
0.494760 1.314868 851.900000 1.578348 -0.865542
0.494838 1.314729 852.000000 1.527179 0.496493
0.494920 1.314581 852.100000 1.544368 -0.325702
0.494998 1.314445 852.200000 1.520361 0.572273
0.495079 1.314295 852.300000 1.541373 -0.261211
0.495157 1.314336 852.400000 1.520605 -1.825069
0.495217 1.314454 852.500000 1.421749 -2.150439
0.495259 1.314315 852.600000 1.307118 -0.518797
0.495296 1.314170 852.700000 1.274643 -0.399973
0.495330 1.314024 852.800000 1.248271 -0.358201
0.495359 1.314157 852.900000 1.224119 -2.214890
0.495373 1.314082 853.000000 1.107254 -1.156146
0.495379 1.313950 853.100000 1.043911 0.617132
0.495388 1.313799 853.200000 1.069548 0.234961
0.495398 1.313763 853.300000 1.075948 -1.418390
0.495398 1.313651 853.400000 0.999649 0.848187
0.495403 1.313902 853.500000 1.037060 2.629482
0.495424 1.313806 853.600000 1.163349 -0.987886
0.495438 1.313690 853.700000 1.108138 -0.809293
0.495446 1.313555 853.800000 1.062132 0.559892
0.495457 1.313583 853.900000 1.084816 1.762216
0.495479 1.313453 854.000000 1.167503 -0.645082
0.495496 1.313381 854.100000 1.129411 1.182626
0.495520 1.313713 854.200000 1.182896 2.879985
0.495564 1.313701 854.300000 1.320980 1.554385
0.495619 1.313576 854.400000 1.392095 0.700181
0.495679 1.313476 854.500000 1.420143 -0.959637
0.495730 1.313324 854.600000 1.365061 0.173057
0.495781 1.313186 854.700000 1.366888 -0.523807
0.495827 1.314132 854.800000 1.333864 4.335612
0.495909 1.314502 854.900000 1.543975 2.992366
0.496017 1.314384 855.000000 1.685873 0.780438
0.496131 1.314374 855.100000 1.716466 1.565676
0.496260 1.314287 855.200000 1.786167 -1.068037
0.496376 1.314253 855.300000 1.723835 -1.435933
0.496475 1.314369 855.400000 1.643419 -2.146353
0.496554 1.314318 855.500000 1.527884 1.322102
0.496643 1.314248 855.600000 1.586350 -1.200720
0.496719 1.314211 855.700000 1.518382 -1.409622
0.496783 1.314877 855.800000 1.440309 -3.746459
0.496815 1.314975 855.900000 1.245784 -2.072735
0.496833 1.314876 856.000000 1.135919 -0.967767
0.496843 1.314726 856.100000 1.081851 0.253937
0.496854 1.314761 856.200000 1.089138 1.800244
0.496876 1.314681 856.300000 1.173705 1.118813
0.496906 1.314539 856.400000 1.223777 0.450142
0.496938 1.314387 856.500000 1.240165 -0.157545
0.496967 1.314347 856.600000 1.226087 -1.389421
0.496987 1.314551 856.700000 1.150486 -2.477209
0.496989 1.314655 856.800000 1.020873 -2.100228
0.496980 1.315032 856.900000 0.910757 -3.014172
0.496955 1.314895 857.000000 0.755495 0.539117
0.496933 1.314760 857.100000 0.778673 -0.556959
0.496907 1.314630 857.200000 0.746932 -0.636483
0.496879 1.314493 857.300000 0.711373 0.513414
0.496852 1.314420 857.400000 0.733487 1.173975
0.496830 1.314304 857.500000 0.788518 -0.807737
0.496805 1.314327 857.600000 0.744189 -1.738684
0.496772 1.314198 857.700000 0.653533 -0.643461
0.496736 1.314178 857.800000 0.618093 -1.510619
0.496695 1.314105 857.900000 0.539471 -1.175711
0.496651 1.313996 858.000000 0.477988 -0.863515
0.496604 1.313858 858.100000 0.432423 -0.516893
0.496555 1.313768 858.200000 0.404416 1.042746
0.496510 1.313669 858.300000 0.454531 0.959104
0.496466 1.313615 858.400000 0.500214 1.305112
0.496427 1.313559 858.500000 0.562968 1.289688
0.496392 1.314578 858.600000 0.624638 4.485805
0.496376 1.314498 858.700000 0.845805 1.121878
0.496365 1.314438 858.800000 0.897670 1.262281
0.496360 1.314396 858.900000 0.956295 1.384787
0.496363 1.314954 859.000000 1.020753 -3.495475
0.496346 1.314926 859.100000 0.840876 -1.462321
0.496323 1.315579 859.200000 0.763555 -3.721242
0.496284 1.316192 859.300000 0.573675 -3.630820
0.496235 1.316357 859.400000 0.389266 -2.335181
0.496182 1.316203 859.500000 0.270561 0.035539
0.496128 1.316083 859.600000 0.270985 0.753527
0.496076 1.315931 859.700000 0.307306 -0.061956
0.496024 1.315783 859.800000 0.302672 -0.302775
0.495971 1.315971 859.900000 0.286020 2.422711
0.495923 1.315896 860.000000 0.405725 -1.155294
0.495872 1.316056 860.100000 0.345932 -2.322451
0.495817 1.315930 860.200000 0.228080 -0.679041
0.495762 1.315806 860.300000 0.192987 0.705050
0.495707 1.315680 860.400000 0.227275 -0.685511
0.495652 1.315573 860.500000 0.191863 -0.881014
0.495595 1.315532 860.600000 0.146853 -1.390786
0.495538 1.315433 860.700000 0.076579 -0.963159
0.495481 1.315375 860.800000 0.028038 -1.273535
0.495423 1.315223 860.900000 -0.035778 -0.117624
0.495366 1.315147 861.000000 -0.041481 1.149008
0.495308 1.315006 861.100000 0.016177 0.465417
0.495251 1.314856 861.200000 0.039367 0.209417
0.495193 1.314709 861.300000 0.049641 -0.305430
0.495136 1.314556 861.400000 0.034121 -0.000570
0.495079 1.314571 861.500000 0.033922 1.696097
0.495022 1.314619 861.600000 0.118558 1.860754
0.494967 1.314710 861.700000 0.211002 2.050151
0.494915 1.314860 861.800000 0.312455 2.281500
0.494868 1.314770 861.900000 0.424968 1.042633
0.494824 1.314661 862.000000 0.474975 0.866893
0.494782 1.314911 862.100000 0.515944 2.634461
0.494749 1.314999 862.200000 0.645088 2.036214
0.494724 1.315238 862.300000 0.743673 2.597312
0.494710 1.315768 862.400000 0.869820 3.430387
0.494715 1.315641 862.500000 1.036990 0.668141
0.494724 1.315490 862.600000 1.065212 -0.149078
0.494730 1.315416 862.700000 1.052432 1.165825
0.494744 1.315699 862.800000 1.105462 2.741229
0.494775 1.316164 862.900000 1.236996 3.264204
0.494830 1.316133 863.000000 1.394021 1.448397
0.494896 1.316158 863.100000 1.459471 1.751789
0.494976 1.316058 863.200000 1.539763 -0.945261
0.495047 1.315940 863.300000 1.484801 -0.777177
0.495109 1.315854 863.400000 1.438518 -1.070771
0.495162 1.316148 863.500000 1.377787 -2.777162
0.495192 1.316032 863.600000 1.232040 -0.786817
0.495217 1.316065 863.700000 1.186539 -1.789862
0.495228 1.316093 863.800000 1.091113 -1.767209
0.495228 1.316192 863.900000 0.997297 -2.084895
0.495217 1.316550 864.000000 0.888066 -2.967876
0.495191 1.316773 864.100000 0.735232 -2.546238
0.495155 1.316691 864.200000 0.604244 -1.105165
0.495114 1.316720 864.300000 0.545964 -1.772139
0.495069 1.316633 864.400000 0.454627 -1.064417
0.495021 1.316547 864.500000 0.399133 -1.070816
0.494971 1.316448 864.600000 0.343597 -0.959325
0.494918 1.316296 864.700000 0.293913 -0.029891
0.494866 1.316178 864.800000 0.290949 0.763686
0.494815 1.316054 864.900000 0.327678 0.703527
0.494765 1.315931 865.000000 0.361216 -0.705188
0.494714 1.315779 865.100000 0.324151 -0.001783
0.494663 1.315637 865.200000 0.322441 -0.413844
0.494611 1.315613 865.300000 0.300136 -1.489505
0.494557 1.315752 865.400000 0.224160 -2.246773
0.494501 1.315735 865.500000 0.110701 -1.527702
0.494444 1.315607 865.600000 0.033762 -0.643560
0.494386 1.315488 865.700000 0.001416 0.748190
0.494329 1.315353 865.800000 0.038818 -0.549916
0.494272 1.315210 865.900000 0.011128 0.383704
0.494215 1.315059 866.000000 0.030258 -0.159061
0.494158 1.315083 866.100000 0.022153 -1.744796
0.494101 1.315029 866.200000 -0.065197 1.303825
0.494044 1.314963 866.300000 0.000320 1.216100
0.493988 1.314816 866.400000 0.061123 0.287722
0.493931 1.314664 866.500000 0.075204 0.006851
0.493874 1.314882 866.600000 0.075170 -2.529781
0.493817 1.314756 866.700000 -0.051694 0.664582
0.493761 1.314657 866.800000 -0.018207 -0.956907
0.493704 1.314560 866.900000 -0.065961 -0.972037
0.493648 1.314523 867.000000 -0.114233 1.414555
0.493591 1.314380 867.100000 -0.042934 -0.384790
0.493534 1.314263 867.200000 -0.061959 0.768760
0.493477 1.314164 867.300000 -0.023211 -0.952337
0.493421 1.314023 867.400000 -0.070712 0.441497
0.493364 1.313886 867.500000 -0.048284 -0.494394
0.493307 1.313778 867.600000 -0.072762 -0.863564
0.493251 1.313676 867.700000 -0.115576 -0.929268
0.493196 1.313624 867.800000 -0.161462 -1.313722
0.493142 1.313589 867.900000 -0.226341 -1.419448
0.493090 1.313818 868.000000 -0.296181 -2.569940
0.493044 1.314042 868.100000 -0.423197 -2.554751
0.493004 1.314183 868.200000 -0.548819 -2.249903
0.492973 1.314140 868.300000 -0.658570 -1.376976
0.492946 1.313998 868.400000 -0.724126 0.403878
0.492918 1.313919 868.500000 -0.700311 -1.114072
0.492893 1.313767 868.600000 -0.752513 -0.015919
0.492869 1.313629 868.700000 -0.749547 -0.473631
0.492846 1.313478 868.800000 -0.769481 -0.099792
0.492824 1.313753 868.900000 -0.770623 2.718801
0.492790 1.314056 869.000000 -0.630830 2.810412
0.492747 1.314183 869.100000 -0.487155 2.200254
0.492698 1.314262 869.200000 -0.374706 1.998175
0.492646 1.314112 869.300000 -0.272924 0.166427
0.492593 1.313988 869.400000 -0.263238 0.685453
0.492540 1.313858 869.500000 -0.227649 0.604352
0.492485 1.313755 869.600000 -0.196294 0.911160
0.492430 1.313625 869.700000 -0.149754 -0.607901
0.492375 1.313482 869.800000 -0.179400 0.390746
0.492320 1.313332 869.900000 -0.158966 0.111501
0.492265 1.313246 870.000000 -0.152596 1.060600
0.492209 1.313101 870.100000 -0.098803 -0.319119
0.492153 1.312989 870.200000 -0.114265 -0.826124
0.492098 1.312840 870.300000 -0.155000 0.155284
0.492042 1.312890 870.400000 -0.146461 -1.870168
0.491989 1.312740 870.500000 -0.239237 0.104927
0.491936 1.312749 870.600000 -0.232794 1.669951
0.491881 1.312604 870.700000 -0.148133 0.311788
0.491825 1.312603 870.800000 -0.131803 -1.616834
0.491771 1.312592 870.900000 -0.211985 -1.558040
0.491720 1.312716 871.000000 -0.288827 -2.188324
0.491672 1.313146 871.100000 -0.396800 -3.181566
0.491633 1.313434 871.200000 -0.553894 -2.764033
0.491604 1.313468 871.300000 -0.689326 -1.793608
0.491582 1.314044 871.400000 -0.775560 -3.560044
0.491578 1.314249 871.500000 -0.949684 -2.489913
0.491587 1.314178 871.600000 -1.069431 1.178163
0.491588 1.314067 871.700000 -1.005176 0.834432
0.491585 1.313918 871.800000 -0.958429 0.157481
0.491580 1.313848 871.900000 -0.945762 1.185079
0.491568 1.313722 872.000000 -0.881780 -0.660628
0.491559 1.313664 872.100000 -0.910402 1.267949
0.491543 1.313933 872.200000 -0.842453 -2.705958
0.491541 1.313952 872.300000 -0.973538 -1.721649
0.491549 1.313849 872.400000 -1.054753 -0.914557
0.491561 1.313861 872.500000 -1.095207 1.683327
0.491563 1.313888 872.600000 -1.005565 1.757186
0.491554 1.313757 872.700000 -0.912678 0.588689
0.491542 1.313607 872.800000 -0.878680 -0.071060
0.491530 1.313456 872.900000 -0.877839 -0.034087
0.491517 1.313560 873.000000 -0.875155 -2.108716
0.491516 1.313416 873.100000 -0.976215 0.324855
0.491512 1.313266 873.200000 -0.955091 0.076884
0.491507 1.313239 873.300000 -0.946471 1.465453
0.491494 1.313089 873.400000 -0.868466 0.137121
0.491479 1.313001 873.500000 -0.857268 -1.043239
0.491470 1.312979 873.600000 -0.905143 -1.495241
0.491468 1.312999 873.700000 -0.975380 -1.725670
0.491476 1.313076 873.800000 -1.056786 1.993449
0.491471 1.312952 873.900000 -0.951830 0.675540
0.491463 1.312813 874.000000 -0.913294 -0.431361
0.491456 1.312852 874.100000 -0.930295 1.821956
0.491440 1.312927 874.200000 -0.834546 1.982589
0.491414 1.312833 874.300000 -0.731244 0.994038
0.491384 1.313067 874.400000 -0.677886 2.590910
0.491345 1.313026 874.500000 -0.544951 1.382740
0.491302 1.312881 874.600000 -0.473089 -0.287364
0.491259 1.312744 874.700000 -0.485092 -0.484484
0.491217 1.312645 874.800000 -0.506891 -0.940996
0.491179 1.312590 874.900000 -0.551406 1.289637
0.491136 1.312440 875.000000 -0.484167 0.028806
0.491093 1.312297 875.100000 -0.480306 0.362074
0.491049 1.312229 875.200000 -0.459801 -1.195141
0.491008 1.312088 875.300000 -0.517259 0.397407
0.490966 1.311938 875.400000 -0.494802 -0.032565
0.490924 1.311958 875.500000 -0.493956 1.722403
0.490877 1.311808 875.600000 -0.405366 0.032856
0.490830 1.311929 875.700000 -0.401697 -2.176004
0.490789 1.311940 875.800000 -0.508488 -1.680197
0.490753 1.312050 875.900000 -0.589956 -2.135436
0.490724 1.312150 876.000000 -0.693778 -2.091575
0.490705 1.312041 876.100000 -0.794888 -0.845457
0.490688 1.311955 876.200000 -0.833186 1.053864
0.490667 1.311944 876.300000 -0.776327 1.558926
0.490638 1.311840 876.400000 -0.694499 0.892091
0.490606 1.311768 876.500000 -0.646422 -1.168266
0.490578 1.311731 876.600000 -0.701603 -1.406926
0.490556 1.311742 876.700000 -0.768441 -1.675479
0.490541 1.311890 876.800000 -0.848373 -2.286066
0.490537 1.311881 876.900000 -0.958435 -1.568367
0.490542 1.311961 877.000000 -1.032061 -2.009905
0.490559 1.312340 877.100000 -1.127396 -3.044116
0.490595 1.312409 877.200000 -1.273965 -1.957159
0.490646 1.312351 877.300000 -1.365453 -1.271271
0.490705 1.312507 877.400000 -1.422189 2.314355
0.490745 1.312604 877.500000 -1.299360 2.080289
0.490770 1.312468 877.600000 -1.188849 -0.496687
0.490797 1.312327 877.700000 -1.207739 0.383560
0.490821 1.312183 877.800000 -1.182522 0.303153
0.490842 1.312106 877.900000 -1.161452 1.127178
0.490854 1.312200 878.000000 -1.099286 2.068427
0.490854 1.312235 878.100000 -0.990368 1.800601
0.490844 1.312099 878.200000 -0.895386 0.485871
0.490831 1.312158 878.300000 -0.866616 1.913679
0.490809 1.312036 878.400000 -0.766599 -0.689102
0.490789 1.312017 878.500000 -0.797221 -1.512229
0.490776 1.312250 878.600000 -0.868846 -2.593703
0.490776 1.312131 878.700000 -0.994187 0.726194
0.490772 1.312353 878.800000 -0.952907 2.554488
0.490755 1.312870 878.900000 -0.820418 3.423753
0.490723 1.312721 879.000000 -0.645128 -0.035676
0.490690 1.312575 879.100000 -0.643686 0.240480
0.490657 1.312496 879.200000 -0.628444 1.113212
0.490620 1.312357 879.300000 -0.569641 -0.410757
0.490583 1.312329 879.400000 -0.587331 1.459542
0.490543 1.312179 879.500000 -0.511417 -0.039299
0.490502 1.312131 879.600000 -0.510825 1.333290
0.490457 1.312185 879.700000 -0.441606 -1.888873
0.490417 1.312379 879.800000 -0.533842 -2.457251
0.490386 1.312486 879.900000 -0.654035 2.124779
0.490347 1.313030 880.000000 -0.544526 3.491950
0.490299 1.313219 880.100000 -0.367206 2.440430
0.490247 1.313394 880.200000 -0.243348 2.388007
0.490192 1.313285 880.300000 -0.122731 0.847570
0.490137 1.313313 880.400000 -0.079739 -1.761649
0.490082 1.313163 880.500000 -0.167423 -0.027394
0.490028 1.313213 880.600000 -0.167955 -1.872460
0.489977 1.313081 880.700000 -0.260738 0.542153
0.489924 1.313096 880.800000 -0.232327 1.698571
0.489870 1.313009 880.900000 -0.146237 1.046077
0.489815 1.312945 881.000000 -0.093202 1.226292
0.489759 1.313315 881.100000 -0.031421 -3.025247
0.489705 1.313267 881.200000 -0.182527 -1.334250
0.489653 1.313144 881.300000 -0.248326 -0.674523
0.489602 1.313450 881.400000 -0.280811 -2.833187
0.489557 1.313315 881.500000 -0.421066 -0.481088
0.489512 1.313488 881.600000 -0.443015 -2.384900
0.489475 1.313353 881.700000 -0.560045 0.490544
0.489435 1.313658 881.800000 -0.532718 2.831127
0.489388 1.313582 881.900000 -0.388498 1.128429
0.489339 1.313978 882.000000 -0.330134 3.100519
0.489285 1.313838 882.100000 -0.173457 -0.402774
0.489232 1.314006 882.200000 -0.192729 -2.365664
0.489182 1.314080 882.300000 -0.310048 -1.983480
0.489136 1.314159 882.400000 -0.407672 -2.004217
0.489095 1.314288 882.500000 -0.505845 -2.214910
0.489061 1.314160 882.600000 -0.614061 -0.603572
0.489029 1.314167 882.700000 -0.641169 1.663229
0.488991 1.314064 882.800000 -0.554802 0.900370
0.488950 1.313971 882.900000 -0.507009 0.986947
0.488906 1.313845 883.000000 -0.455127 -0.640388
0.488864 1.313697 883.100000 -0.484871 -0.105540
0.488822 1.313591 883.200000 -0.487723 -0.872325
0.488783 1.313447 883.300000 -0.528901 -0.264884
0.488744 1.313352 883.400000 -0.539501 0.978851
0.488702 1.313593 883.500000 -0.487861 2.621872
0.488654 1.313668 883.600000 -0.354328 1.988477
0.488602 1.313527 883.700000 -0.253132 -0.378819
0.488551 1.313389 883.800000 -0.270807 -0.431371
0.488501 1.313392 883.900000 -0.291022 1.635825
0.488448 1.313559 884.000000 -0.207776 2.363701
0.488393 1.314110 884.100000 -0.088552 3.517471
0.488338 1.314487 884.200000 0.087765 3.048534
0.488286 1.314729 884.300000 0.239752 2.628194
0.488239 1.315185 884.400000 0.369963 3.269868
0.488200 1.315040 884.500000 0.531607 -0.241219
0.488160 1.315252 884.600000 0.516888 2.526744
0.488128 1.315288 884.700000 0.640641 1.806992
0.488102 1.315366 884.800000 0.727787 -2.003775
0.488069 1.315589 884.900000 0.623959 -2.564576
0.488028 1.315697 885.000000 0.492611 -2.131747
0.487981 1.315548 885.100000 0.383560 0.059097
0.487934 1.315408 885.200000 0.384598 0.389511
0.487888 1.316029 885.300000 0.402150 -3.691061
0.487836 1.316030 885.400000 0.215586 -1.627867
0.487782 1.315883 885.500000 0.133115 0.142184
0.487728 1.315768 885.600000 0.139559 -0.779774
0.487673 1.315697 885.700000 0.099872 -1.169003
0.487618 1.315553 885.800000 0.040923 -0.266260
0.487563 1.315633 885.900000 0.027405 -2.015159
0.487509 1.315504 886.000000 -0.073490 0.590874
0.487454 1.315400 886.100000 -0.043579 -0.882180
0.487399 1.315259 886.200000 -0.087470 0.362296
0.487344 1.315157 886.300000 -0.068918 0.904510
0.487289 1.315199 886.400000 -0.023348 1.836644
0.487235 1.315195 886.500000 0.068601 1.599967
0.487181 1.315047 886.600000 0.148257 0.078556
0.487127 1.314902 886.700000 0.151443 0.250330
0.487074 1.314824 886.800000 0.163202 1.115586
0.487022 1.314705 886.900000 0.218166 0.723565
0.486970 1.314668 887.000000 0.253253 1.401527
0.486921 1.314937 887.100000 0.322063 2.722457
0.486878 1.314820 887.200000 0.456576 0.742819
0.486837 1.314687 887.300000 0.491434 -0.510233
0.486794 1.314550 887.400000 0.463465 -0.459168
0.486750 1.314480 887.500000 0.438189 -1.178270
0.486703 1.314517 887.600000 0.377085 -1.812529
0.486653 1.314670 887.700000 0.284573 -2.309575
0.486600 1.314598 887.800000 0.167671 -1.163948
0.486546 1.314828 887.900000 0.108636 -2.589932
0.486491 1.315294 888.000000 -0.021404 -3.304606
0.486438 1.316228 888.100000 -0.186527 -4.384298
0.486393 1.316443 888.200000 -0.404810 -2.538328
0.486354 1.316433 888.300000 -0.529702 1.569129
0.486310 1.316320 888.400000 -0.448597 -0.790652
0.486269 1.316571 888.500000 -0.485887 -2.661622
0.486236 1.316803 888.600000 -0.616538 -2.600203
0.486212 1.316968 888.700000 -0.743466 -2.361384
0.486199 1.316845 888.800000 -0.857818 -0.667771
0.486188 1.316706 888.900000 -0.886917 -0.404363
0.486179 1.316577 889.000000 -0.902701 -0.579018
0.486173 1.316567 889.100000 -0.927138 -1.563530
0.486175 1.316589 889.200000 -1.000679 -1.742883
0.486186 1.316765 889.300000 -1.082820 2.398633
0.486183 1.316627 889.400000 -0.957474 0.433336
0.486177 1.317010 889.500000 -0.931020 -3.071669
0.486188 1.317042 889.600000 -1.079948 -1.789475
0.486209 1.316931 889.700000 -1.164022 -0.818868
0.486235 1.316783 889.800000 -1.199145 -0.064602
0.486261 1.316667 889.900000 -1.196380 0.749771
0.486281 1.316560 890.000000 -1.152909 -0.857656
0.486306 1.316495 890.100000 -1.190028 -1.208506
0.486338 1.316358 890.200000 -1.244503 -0.443812
0.486373 1.316563 890.300000 -1.260471 -2.505891
0.486425 1.316625 890.400000 -1.379463 -1.934500
0.486492 1.317940 890.500000 -1.469291 -5.103874
0.486603 1.318327 890.600000 -1.717138 -3.088685
0.486743 1.318179 890.700000 -1.862987 -0.049320
0.486882 1.318079 890.800000 -1.856138 0.919386
0.487009 1.318115 890.900000 -1.800888 -1.811379
0.487153 1.317992 891.000000 -1.882452 -0.673908
0.487303 1.317860 891.100000 -1.906735 0.529475
0.487444 1.317845 891.200000 -1.870728 1.538370
0.487568 1.317763 891.300000 -1.784456 -1.082479
0.487701 1.318851 891.400000 -1.829657 -4.693339
0.487883 1.319135 891.500000 -2.055176 -2.775602
0.488096 1.319114 891.600000 -2.183680 -1.502925
0.488325 1.318967 891.700000 -2.247908 0.154192
0.488548 1.318964 891.800000 -2.228959 1.606032
0.488750 1.318931 891.900000 -2.137513 1.430927
0.488932 1.319070 892.000000 -2.055279 2.265127
0.489086 1.318983 892.100000 -1.931746 1.035767
0.489227 1.318974 892.200000 -1.870299 1.575737
0.489350 1.318828 892.300000 -1.782161 -0.198943
0.489474 1.318721 892.400000 -1.783197 0.853186
0.489587 1.318607 892.500000 -1.731622 0.775569
0.489691 1.318660 892.600000 -1.684185 -1.892888
0.489811 1.318625 892.700000 -1.770409 -1.416070
0.489945 1.319271 892.800000 -1.832360 -3.764573
0.490116 1.319310 892.900000 -2.011427 -1.825390
0.490307 1.319366 893.000000 -2.092639 -1.910402
0.490517 1.319278 893.100000 -2.177696 -1.034670
0.490738 1.319174 893.200000 -2.218541 -0.877023
0.490966 1.319201 893.300000 -2.251300 -1.768165
0.491215 1.319082 893.400000 -2.328451 -0.715262
0.491470 1.318938 893.500000 -2.352572 0.237648
0.491718 1.318804 893.600000 -2.328927 0.502510
0.491957 1.318657 893.700000 -2.292157 0.045234
0.492192 1.318526 893.800000 -2.278434 0.544217
0.492418 1.318419 893.900000 -2.239831 0.852547
0.492630 1.318272 894.000000 -2.186005 0.040291
0.492839 1.318171 894.100000 -2.173060 -0.914647
0.493056 1.318403 894.200000 -2.207927 2.606116
0.493240 1.318261 894.300000 -2.066582 0.295648
0.493418 1.318126 894.400000 -2.041467 0.481467
0.493588 1.318054 894.500000 -2.007186 1.156876
0.493743 1.318002 894.600000 -1.939306 1.310219
0.493882 1.317855 894.700000 -1.864099 -0.070344
0.494020 1.317834 894.800000 -1.858295 1.502055
0.494140 1.317689 894.900000 -1.773901 -0.181704
0.494261 1.317647 895.000000 -1.774117 1.375032
0.494366 1.317576 895.100000 -1.696495 1.166496
0.494459 1.317681 895.200000 -1.629687 2.126264
0.494532 1.317672 895.300000 -1.515226 1.571382
0.494591 1.317872 895.400000 -1.429080 2.494077
0.494630 1.317914 895.500000 -1.297231 1.839212
0.494655 1.318055 895.600000 -1.198784 2.271636
0.494665 1.317987 895.700000 -1.079209 1.189657
0.494667 1.317878 895.800000 -1.014330 0.833902
0.494664 1.317992 895.900000 -0.967563 2.159632
0.494650 1.317929 896.000000 -0.854744 1.228335
0.494629 1.317836 896.100000 -0.789053 0.983916
0.494604 1.317956 896.200000 -0.735912 2.191204
0.494571 1.317904 896.300000 -0.622672 -1.299862
0.494542 1.317846 896.400000 -0.684552 1.267671
0.494508 1.317730 896.500000 -0.617746 0.747804
0.494471 1.317937 896.600000 -0.577267 2.516473
0.494427 1.317942 896.700000 -0.448557 1.655237
0.494379 1.317830 896.800000 -0.363552 0.783677
0.494330 1.317850 896.900000 -0.322551 1.731686
0.494278 1.317782 897.000000 -0.234354 1.191373
0.494225 1.317643 897.100000 -0.173613 0.372310
0.494171 1.317498 897.200000 -0.154130 0.182112
0.494117 1.317357 897.300000 -0.144253 -0.315065
0.494063 1.317237 897.400000 -0.159285 -0.692118
0.494010 1.317090 897.500000 -0.193095 -0.087325
0.493957 1.317142 897.600000 -0.196496 1.889146
0.493903 1.317009 897.700000 -0.101056 -0.498282
0.493849 1.317007 897.800000 -0.125465 -1.610395
0.493796 1.317118 897.900000 -0.205357 -2.150993
0.493747 1.317621 898.000000 -0.311880 -3.414640
0.493705 1.317841 898.100000 -0.481052 -2.567143
0.493670 1.317697 898.200000 -0.607004 -0.239068
0.493636 1.317742 898.300000 -0.615923 1.855411
0.493596 1.317843 898.400000 -0.520073 2.109571
0.493551 1.318057 898.500000 -0.411994 -2.544455
0.493512 1.318040 898.600000 -0.537156 -1.525805
0.493478 1.318066 898.700000 -0.610761 1.764891
0.493438 1.319208 898.800000 -0.519463 4.811888
0.493387 1.319102 898.900000 -0.276271 -0.862140
0.493338 1.319077 899.000000 -0.317997 -1.479902
0.493292 1.319021 899.100000 -0.390402 -1.277367
0.493248 1.318920 899.200000 -0.452318 -0.899695
0.493207 1.318799 899.300000 -0.495041 0.681291
0.493164 1.319470 899.400000 -0.458501 3.835593
0.493113 1.319325 899.500000 -0.264429 -0.190724
0.493062 1.319267 899.600000 -0.272643 -1.260020
0.493014 1.319420 899.700000 -0.334281 -2.322751
0.492970 1.319431 899.800000 -0.448747 -1.684885
0.492931 1.319304 899.900000 -0.530748 -0.594421
0.492893 1.319409 900.000000 -0.557815 -2.127078
0.492863 1.319554 900.100000 -0.661380 -2.292879
0.492841 1.319530 900.200000 -0.772717 -1.481540
0.492826 1.319479 900.300000 -0.842930 -1.313694
0.492817 1.319367 900.400000 -0.904400 0.784306
0.492803 1.319298 900.500000 -0.860663 -1.185682
0.492795 1.319462 900.600000 -0.915644 -2.362678
0.492799 1.319543 900.700000 -1.029200 -2.024905
0.492815 1.319448 900.800000 -1.125299 0.967721
0.492824 1.319333 900.900000 -1.071286 -0.751327
0.492837 1.319219 901.000000 -1.103496 -0.760016
0.492854 1.319079 901.100000 -1.135980 -0.356486
0.492872 1.318943 901.200000 -1.148124 -0.426162
0.492892 1.318829 901.300000 -1.163691 0.764775
0.492907 1.318728 901.400000 -1.119634 0.902393
0.492916 1.318917 901.500000 -1.068916 2.459301
0.492910 1.318880 901.600000 -0.940607 1.405214
0.492897 1.319042 901.700000 -0.865643 2.354826
0.492873 1.318963 901.800000 -0.743574 1.102318
0.492845 1.318820 901.900000 -0.684740 0.260469
0.492815 1.318707 902.000000 -0.668293 -0.769965
0.492788 1.318561 902.100000 -0.703449 0.086702
0.492760 1.318423 902.200000 -0.695597 -0.383819
0.492733 1.318285 902.300000 -0.711310 0.377958
0.492705 1.318139 902.400000 -0.688856 -0.073363
0.492677 1.318015 902.500000 -0.689079 -0.628165
0.492650 1.317992 902.600000 -0.717042 -1.488687
0.492630 1.317931 902.700000 -0.787891 1.242192
0.492605 1.317831 902.800000 -0.721842 -0.903012
0.492582 1.317838 902.900000 -0.763384 -1.666692
0.492567 1.317769 903.000000 -0.842901 1.178716
0.492546 1.317713 903.100000 -0.779751 1.268647
0.492520 1.317589 903.200000 -0.712420 0.634104
0.492491 1.317459 903.300000 -0.677153 -0.532157
0.492463 1.317333 903.400000 -0.700375 0.603378
0.492433 1.317289 903.500000 -0.666704 1.353377
0.492398 1.317209 903.600000 -0.595702 1.092739
0.492360 1.317064 903.700000 -0.538086 -0.067316
0.492322 1.317095 903.800000 -0.538761 1.791628
0.492278 1.316958 903.900000 -0.446486 0.391532
0.492234 1.316814 904.000000 -0.424677 -0.143930
0.492189 1.316794 904.100000 -0.429750 -1.508547
0.492149 1.316730 904.200000 -0.503029 -1.217999
0.492112 1.316961 904.300000 -0.561414 2.607568
0.492068 1.317011 904.400000 -0.428228 -1.882679
0.492028 1.317113 904.500000 -0.520221 2.115853
0.491983 1.317230 904.600000 -0.411827 2.179532
0.491934 1.317321 904.700000 -0.300792 -2.071167
0.491889 1.317194 904.800000 -0.402846 -0.581504
0.491844 1.317143 904.900000 -0.429907 -1.307137
0.491804 1.317002 905.000000 -0.493114 0.289910
0.491762 1.316857 905.100000 -0.476153 -0.086092
0.491720 1.316757 905.200000 -0.478077 -0.903125
0.491681 1.316850 905.300000 -0.520843 -2.079936
0.491648 1.316705 905.400000 -0.622236 -0.030651
0.491615 1.316635 905.500000 -0.620657 -1.167507
0.491586 1.316539 905.600000 -0.675929 -0.945297
0.491560 1.316409 905.700000 -0.719814 -0.532783
0.491536 1.316264 905.800000 -0.742854 0.016629
0.491512 1.316125 905.900000 -0.738309 -0.345036
0.491489 1.316044 906.000000 -0.751869 1.077803
0.491461 1.316010 906.100000 -0.694219 1.423541
0.491428 1.315896 906.200000 -0.619571 0.751877
0.491393 1.315873 906.300000 -0.578879 1.484592
0.491352 1.315825 906.400000 -0.501755 -1.329410
0.491316 1.316150 906.500000 -0.565717 2.918235
0.491271 1.316010 906.600000 -0.416977 -0.308559
0.491227 1.315866 906.700000 -0.430320 -0.169002
0.491183 1.315800 906.800000 -0.436618 1.192657
0.491137 1.315893 906.900000 -0.374802 -2.080878
0.491095 1.315756 907.000000 -0.476972 0.389363
0.491053 1.315644 907.100000 -0.455119 0.763468
0.491008 1.315503 907.200000 -0.414670 -0.269474
0.490964 1.315378 907.300000 -0.426071 -0.609754
0.490921 1.315235 907.400000 -0.454428 -0.176302
0.490879 1.315106 907.500000 -0.460971 0.544201
0.490835 1.314962 907.600000 -0.431456 0.143480
0.490791 1.314836 907.700000 -0.422125 0.581332
0.490745 1.314697 907.800000 -0.390948 -0.308040
0.490700 1.314563 907.900000 -0.404395 -0.445200
0.490656 1.314453 908.000000 -0.424633 -0.795178
0.490614 1.314330 908.100000 -0.462269 0.631561
0.490570 1.314504 908.200000 -0.428379 2.404219
0.490521 1.314489 908.300000 -0.306026 1.540442
0.490470 1.314346 908.400000 -0.227474 -0.130556
0.490419 1.314415 908.500000 -0.232865 1.972200
0.490366 1.314941 908.600000 -0.133090 3.491299
0.490312 1.314825 908.700000 0.042140 0.720550
0.490258 1.314737 908.800000 0.077957 -1.011101
0.490204 1.314828 908.900000 0.027012 2.070967
0.490151 1.314684 909.000000 0.130426 0.106356
0.490099 1.314759 909.100000 0.135091 1.998920
0.490048 1.314641 909.200000 0.234362 0.689160
0.489998 1.314680 909.300000 0.267648 1.829694
0.489951 1.314953 909.400000 0.357794 2.756409
0.489910 1.315855 909.500000 0.493826 4.363939
0.489884 1.316433 909.600000 0.709554 3.625018
0.489874 1.316888 909.700000 0.887257 3.303370
0.489880 1.317138 909.800000 1.047989 2.681428
0.489902 1.317256 909.900000 1.176820 2.186952
0.489939 1.317558 910.000000 1.280284 2.850946
0.489995 1.317421 910.100000 1.416430 0.375916
0.490053 1.317361 910.200000 1.428143 1.238150
0.490120 1.317563 910.300000 1.482910 2.514142
0.490207 1.317542 910.400000 1.601203 -1.498932
0.490280 1.317469 910.500000 1.518250 -1.143653
0.490342 1.317336 910.600000 1.453476 -0.457959
0.490399 1.317572 910.700000 1.423311 -2.634857
0.490436 1.317431 910.800000 1.284452 0.249875
0.490474 1.317362 910.900000 1.290523 1.173096
0.490519 1.317220 911.000000 1.342725 -0.193762
0.490562 1.317207 911.100000 1.326324 -1.548618
0.490592 1.317171 911.200000 1.242261 -1.411953
0.490613 1.317189 911.300000 1.165452 -1.719287
0.490622 1.317215 911.400000 1.073660 1.763385
0.490642 1.317072 911.500000 1.156461 -0.165119
0.490660 1.317097 911.600000 1.142423 1.757973
0.490688 1.317459 911.700000 1.224610 3.037778
0.490737 1.317326 911.800000 1.370376 -0.461360
0.490782 1.317502 911.900000 1.340456 2.418386
0.490844 1.317455 912.000000 1.454673 1.332859
0.490916 1.317459 912.100000 1.514042 1.647327
0.491001 1.317457 912.200000 1.588838 -1.609273
0.491070 1.317381 912.300000 1.500431 -1.117864
0.491130 1.317264 912.400000 1.437035 -0.705536
0.491182 1.317120 912.500000 1.394573 0.024712
0.491234 1.317061 912.600000 1.388836 -1.247591
0.491276 1.317015 912.700000 1.319512 -1.340461
0.491307 1.317177 912.800000 1.245892 -2.366639
0.491322 1.317166 912.900000 1.121330 1.561173
0.491346 1.317225 913.000000 1.193782 -1.924546
0.491358 1.317392 913.100000 1.091586 -2.386096
0.491355 1.317570 913.200000 0.966823 -2.424068
0.491340 1.317426 913.300000 0.840786 0.120111
0.491325 1.317311 913.400000 0.842587 -0.730666
0.491306 1.317178 913.500000 0.801841 -0.447274
0.491285 1.317036 913.600000 0.775468 0.175317
0.491265 1.317076 913.700000 0.780357 -1.836966
0.491237 1.316963 913.800000 0.684607 0.745617
0.491211 1.317003 913.900000 0.718465 1.836999
0.491193 1.316923 914.000000 0.806722 1.084401
0.491180 1.316908 914.100000 0.856909 -1.533465
0.491159 1.316789 914.200000 0.775951 -0.680400
0.491135 1.316910 914.300000 0.738051 2.200072
0.491120 1.316853 914.400000 0.844364 1.264414
0.491111 1.316737 914.500000 0.903363 0.717143
0.491105 1.316779 914.600000 0.934704 -1.843717
0.491090 1.316759 914.700000 0.837844 -1.504128
0.491068 1.316700 914.800000 0.758449 -1.245413
0.491040 1.316603 914.900000 0.692386 -0.923927
0.491009 1.316725 915.000000 0.642727 -2.206687
0.490971 1.316632 915.100000 0.529179 -0.968362
0.490930 1.316702 915.200000 0.478115 -1.977627
0.490884 1.316578 915.300000 0.376844 0.599739
0.490839 1.316606 915.400000 0.404946 1.777239
0.490799 1.316517 915.500000 0.491784 -0.994144
0.490756 1.316376 915.600000 0.439617 -0.248079
0.490712 1.316235 915.700000 0.425015 0.212197
0.490669 1.316107 915.800000 0.433500 -0.532454
0.490624 1.315968 915.900000 0.404710 -0.315662
0.490579 1.315842 916.000000 0.386903 0.564027
0.490534 1.316052 916.100000 0.413170 2.544909
0.490497 1.316315 916.200000 0.538350 2.729307
0.490468 1.316233 916.300000 0.672123 -1.065842
0.490435 1.316091 916.400000 0.615471 0.158207
0.490402 1.316114 916.500000 0.620304 1.746007
0.490376 1.315987 916.600000 0.704502 -0.559807
0.490347 1.315849 916.700000 0.672990 -0.306738
0.490317 1.315795 916.800000 0.654288 1.286170
0.490291 1.316117 916.900000 0.715325 2.919690
0.490278 1.316553 917.000000 0.857733 3.261243
0.490281 1.316419 917.100000 1.016506 -0.410896
0.490281 1.316278 917.200000 0.990879 -0.244454
0.490279 1.316164 917.300000 0.973702 -0.728114
0.490273 1.316250 917.400000 0.932427 2.053948
0.490278 1.316112 917.500000 1.030463 0.297433
0.490283 1.315990 917.600000 1.040182 0.636079
0.490292 1.315974 917.700000 1.066785 1.527668
0.490309 1.315952 917.800000 1.137835 1.491464
0.490335 1.315865 917.900000 1.206719 1.015712
0.490367 1.315776 918.000000 1.251471 1.004719
0.490405 1.315690 918.100000 1.295449 1.021372
0.490449 1.315562 918.200000 1.340041 -0.535865
0.490489 1.315447 918.300000 1.306547 0.722988
0.490532 1.315308 918.400000 1.336164 0.278899
0.490577 1.315263 918.500000 1.343428 1.342607
0.490631 1.315129 918.600000 1.403841 -0.406562
0.490681 1.315317 918.700000 1.376494 -2.466013
0.490712 1.315198 918.800000 1.246311 -0.659258
0.490738 1.315877 918.900000 1.207116 -3.888685
0.490740 1.316021 919.000000 1.006646 -2.298205
0.490729 1.316206 919.100000 0.886703 -2.456357
0.490707 1.316105 919.200000 0.759452 -0.880956
0.490681 1.315964 919.300000 0.711607 0.175880
0.490656 1.315846 919.400000 0.716843 -0.674071
0.490627 1.315728 919.500000 0.679555 -0.684145
0.490596 1.315973 919.600000 0.641950 -2.671942
0.490557 1.316248 919.700000 0.505143 -2.773042
0.490511 1.316162 919.800000 0.363965 -1.026794
0.490463 1.316251 919.900000 0.310806 -2.066454
0.490412 1.316316 920.000000 0.205929 1.957565
0.490363 1.316187 920.100000 0.302777 0.503522
0.490316 1.316107 920.200000 0.326440 1.079833
0.490270 1.315965 920.300000 0.378799 0.075301
0.490225 1.315853 920.400000 0.380670 0.761540
0.490181 1.315712 920.500000 0.416844 0.180457
0.490138 1.315805 920.600000 0.423782 2.082812
0.490100 1.315770 920.700000 0.525804 -1.410223
0.490057 1.315637 920.800000 0.452664 0.428112
0.490016 1.315523 920.900000 0.471806 0.732807
0.489977 1.315382 921.000000 0.506088 0.146370
0.489938 1.315347 921.100000 0.510876 1.413334
0.489903 1.315465 921.200000 0.578988 2.192512
0.489875 1.315566 921.300000 0.685719 2.118287
0.489856 1.315432 921.400000 0.788204 0.394472
0.489838 1.315327 921.500000 0.803987 -0.842069
0.489816 1.315239 921.600000 0.757863 0.998545
0.489798 1.315188 921.700000 0.804001 1.299935
0.489785 1.315113 921.800000 0.864978 1.120499
0.489778 1.314979 921.900000 0.916678 0.385760
0.489772 1.314851 922.000000 0.931383 0.533219
0.489768 1.315056 922.100000 0.953387 2.530037
0.489777 1.315000 922.200000 1.075122 -1.263136
0.489779 1.314956 922.300000 1.006589 -1.350731
0.489773 1.314879 922.400000 0.934020 1.099892
0.489773 1.314738 922.500000 0.984344 0.136607
0.489772 1.314626 922.600000 0.986253 -0.747608
0.489768 1.314484 922.700000 0.943941 0.157157
0.489763 1.315141 922.800000 0.947079 3.839544
0.489780 1.315032 922.900000 1.134321 0.791709
0.489801 1.315149 923.000000 1.168235 -2.189554
0.489808 1.315527 923.100000 1.052916 -3.100010
0.489798 1.315440 923.200000 0.892651 -1.005857
0.489783 1.315568 923.300000 0.837895 -2.235194
0.489758 1.315931 923.400000 0.721946 -3.057027
0.489722 1.316939 923.500000 0.565485 -4.608648
0.489675 1.317156 923.600000 0.332225 -2.577112
0.489624 1.317059 923.700000 0.201708 -0.921271
0.489573 1.316952 923.800000 0.154636 -0.816167
0.489520 1.316816 923.900000 0.113055 0.345473
0.489468 1.316745 924.000000 0.129763 1.145867
0.489417 1.316805 924.100000 0.186408 1.934141
0.489369 1.317036 924.200000 0.282183 -2.627148
0.489317 1.316894 924.300000 0.149414 0.091017
0.489265 1.316782 924.400000 0.153218 -0.752950
0.489213 1.316639 924.500000 0.114804 -0.007319
0.489161 1.316503 924.600000 0.113864 -0.325277
0.489108 1.316361 924.700000 0.097031 -0.074549
0.489056 1.316237 924.800000 0.092819 0.592552
0.489004 1.316109 924.900000 0.121982 0.499265
0.488952 1.316019 925.000000 0.146336 0.987702
0.488901 1.315916 925.100000 0.194989 -0.848689
0.488850 1.315818 925.200000 0.151580 0.911590
0.488799 1.315713 925.300000 0.196401 0.822578
0.488749 1.315571 925.400000 0.236548 0.059131
0.488700 1.315434 925.500000 0.238322 0.304377
0.488650 1.315405 925.600000 0.252349 1.447166
0.488603 1.315699 925.700000 0.323446 2.842976
0.488562 1.315582 925.800000 0.463977 0.676886
0.488522 1.315662 925.900000 0.495502 2.029890
0.488489 1.315521 926.000000 0.594519 -0.107592
0.488455 1.316102 926.100000 0.586166 3.660258
0.488434 1.316223 926.200000 0.766248 2.209195
0.488422 1.316084 926.300000 0.872877 0.224627
0.488411 1.315954 926.400000 0.879744 0.473791
0.488402 1.315821 926.500000 0.899035 -0.396684
0.488390 1.315681 926.600000 0.874705 -0.211766
0.488378 1.315818 926.700000 0.859744 -2.275291
0.488355 1.315798 926.800000 0.741680 -1.504205
0.488326 1.315705 926.900000 0.662762 0.947878
0.488300 1.315814 927.000000 0.706842 -2.156304
0.488266 1.315767 927.100000 0.595492 -1.327835
0.488229 1.315634 927.200000 0.526123 0.410294
0.488192 1.316391 927.300000 0.544007 -4.083391
0.488145 1.317932 927.400000 0.337118 -5.586471
0.488093 1.318609 927.500000 0.056108 -3.898567
0.488041 1.318670 927.600000 -0.139100 -1.942097
0.487992 1.318721 927.700000 -0.235510 -1.893947
0.487945 1.318598 927.800000 -0.329030 -0.587336
0.487899 1.318503 927.900000 -0.356751 0.933731
0.487852 1.318495 928.000000 -0.308281 1.580278
0.487802 1.318370 928.100000 -0.227726 0.555647
0.487752 1.318506 928.200000 -0.198805 -2.272064
0.487704 1.318441 928.300000 -0.311414 -1.196452
0.487659 1.318332 928.400000 -0.369679 -0.783572
0.487616 1.318450 928.500000 -0.407010 2.196533
0.487568 1.319054 928.600000 -0.295148 3.724500
0.487516 1.319589 928.700000 -0.107447 3.544142
0.487464 1.319708 928.800000 0.070297 2.202386
0.487413 1.319736 928.900000 0.180065 1.776947
0.487364 1.319691 929.000000 0.268012 1.346269
0.487318 1.319859 929.100000 0.333985 -2.402009
0.487268 1.319766 929.200000 0.212215 -0.948599
0.487217 1.319720 929.300000 0.163724 -1.335471
0.487165 1.319847 929.400000 0.096132 -2.236742
0.487113 1.319736 929.500000 -0.016186 0.763601
0.487060 1.320034 929.600000 0.022075 2.859279
0.487009 1.320218 929.700000 0.164929 2.460369
0.486961 1.320438 929.800000 0.287122 2.594719
0.486918 1.320410 929.900000 0.415423 1.457742
0.486879 1.320305 930.000000 0.486233 -0.834238
0.486837 1.320209 930.100000 0.442090 -0.916349
0.486793 1.320083 930.200000 0.394062 0.553160
0.486750 1.319952 930.300000 0.419749 0.440736
0.486708 1.319834 930.400000 0.439687 -0.670960
0.486665 1.319705 930.500000 0.403941 -0.490856
0.486620 1.319685 930.600000 0.377379 -1.504958
0.486572 1.319664 930.700000 0.300244 -1.500273
0.486523 1.319699 930.800000 0.223729 -1.815277
0.486472 1.319562 930.900000 0.131846 0.276018
0.486420 1.319480 931.000000 0.144988 1.058281
0.486370 1.319340 931.100000 0.197177 0.145569
0.486320 1.319199 931.200000 0.203470 0.168755
0.486270 1.319132 931.300000 0.210890 1.173310
0.486222 1.319109 931.400000 0.268501 1.487648
0.486176 1.319304 931.500000 0.341541 2.505739
0.486136 1.319303 931.600000 0.465120 -1.617426
0.486091 1.319274 931.700000 0.381923 1.447755
0.486050 1.319133 931.800000 0.452401 -0.069691
0.486009 1.319343 931.900000 0.446655 -2.561256
0.485962 1.319250 932.000000 0.316359 0.953578
0.485917 1.319822 932.100000 0.362456 3.646528
0.485880 1.319818 932.200000 0.542970 1.604911
0.485849 1.319712 932.300000 0.620501 -0.805044
0.485815 1.319586 932.400000 0.577146 -0.547066
0.485779 1.319535 932.500000 0.546907 1.298905
0.485747 1.319416 932.600000 0.609118 -0.649507
0.485712 1.319381 932.700000 0.573597 1.405559
0.485682 1.319374 932.800000 0.641007 1.582794
0.485658 1.319390 932.900000 0.716941 1.715406
0.485640 1.319502 933.000000 0.799127 2.175729
0.485631 1.319883 933.100000 0.903918 3.123273
0.485639 1.319872 933.200000 1.055562 1.560391
0.485655 1.319788 933.300000 1.128304 1.028218
0.485677 1.319825 933.400000 1.174073 1.824197
0.485710 1.319688 933.500000 1.259412 -0.285808
0.485740 1.319572 933.600000 1.238825 0.700788
0.485774 1.319614 933.700000 1.267670 -1.847105
0.485795 1.319562 933.800000 1.168977 -1.292921
0.485808 1.319652 933.900000 1.098486 2.077997
0.485833 1.319705 934.000000 1.196893 1.906300
0.485869 1.319740 934.100000 1.286224 1.815131
0.485918 1.319600 934.200000 1.370549 -0.157066
0.485964 1.319593 934.300000 1.355843 -1.582239
0.485998 1.320009 934.400000 1.269952 -3.226652
0.486011 1.320082 934.500000 1.102270 -2.003120
0.486012 1.320154 934.600000 0.996602 -1.992821
0.486003 1.320026 934.700000 0.891978 0.508409
0.485996 1.319888 934.800000 0.912939 -0.219561
0.485987 1.319749 934.900000 0.897396 -0.233534
0.485976 1.319650 935.000000 0.881232 -0.885970
0.485961 1.319531 935.100000 0.832528 -0.641273
0.485943 1.319576 935.200000 0.796301 -1.867629
0.485917 1.319491 935.300000 0.698938 1.023644
0.485895 1.319386 935.400000 0.746626 -0.812284
0.485870 1.319284 935.500000 0.702279 -0.863989
0.485841 1.319329 935.600000 0.655568 -1.864740
0.485806 1.319350 935.700000 0.559053 -1.738835
0.485765 1.319324 935.800000 0.469316 -1.466771
0.485722 1.319413 935.900000 0.393631 2.074942
0.485683 1.319307 936.000000 0.495410 -0.811264
0.485642 1.319221 936.100000 0.452370 -1.015211
0.485599 1.319095 936.200000 0.399347 0.524169
0.485556 1.318969 936.300000 0.423559 0.532141
0.485515 1.318830 936.400000 0.448048 -0.160738
0.485474 1.318889 936.500000 0.437771 -1.937121
0.485428 1.318756 936.600000 0.338726 -0.383604
0.485382 1.318621 936.700000 0.317852 -0.331730
0.485335 1.318584 936.800000 0.299677 -1.392896
0.485286 1.318460 936.900000 0.228533 0.561083
0.485237 1.318409 937.000000 0.255445 1.296907
0.485191 1.318366 937.100000 0.319013 1.351271
0.485147 1.318235 937.200000 0.384981 0.433687
0.485104 1.318158 937.300000 0.404741 1.086474
0.485063 1.318035 937.400000 0.457041 -0.580607
0.485021 1.318056 937.500000 0.425725 -1.738645
0.484976 1.317916 937.600000 0.336664 0.149112
0.484930 1.317792 937.700000 0.342437 0.551363
0.484886 1.317715 937.800000 0.368293 1.091753
0.484843 1.317592 937.900000 0.421039 0.579038
0.484802 1.317457 938.000000 0.447886 -0.319248
0.484761 1.317390 938.100000 0.429684 -1.166966
0.484716 1.317294 938.200000 0.369187 -0.918020
0.484670 1.317283 938.300000 0.321440 -1.554879
0.484622 1.317144 938.400000 0.242089 -0.192803
0.484573 1.317123 938.500000 0.231238 -1.497513
0.484522 1.316988 938.600000 0.155206 0.322309
0.484472 1.316858 938.700000 0.170546 0.424857
0.484423 1.316720 938.800000 0.190936 0.215832
0.484373 1.316922 938.900000 0.200773 2.534438
0.484327 1.317402 939.000000 0.326491 3.414743
0.484289 1.317277 939.100000 0.495596 0.527398
0.484252 1.317167 939.200000 0.519488 0.752462
0.484216 1.317076 939.300000 0.554513 -0.962155
0.484178 1.317385 939.400000 0.503633 -2.906249
0.484134 1.317467 939.500000 0.355802 -2.041408
0.484086 1.317327 939.600000 0.251953 -0.001165
0.484037 1.317750 939.700000 0.250635 -3.254727
0.483986 1.317627 939.800000 0.086645 -0.560646
0.483935 1.317496 939.900000 0.058180 0.432889
0.483884 1.317518 940.000000 0.079533 -1.743765
0.483832 1.317404 940.100000 -0.008053 -0.697062
0.483781 1.317632 940.200000 -0.042865 2.633305
0.483730 1.317567 940.300000 0.089014 1.183231
0.483680 1.317439 940.400000 0.147731 0.481740
0.483630 1.317299 940.500000 0.171079 -0.086604
0.483580 1.317205 940.600000 0.165893 -0.928911
0.483529 1.317109 940.700000 0.118618 -0.907949
0.483478 1.317116 940.800000 0.072628 -1.665648
0.483427 1.317025 940.900000 -0.011018 -0.961000
0.483376 1.316930 941.000000 -0.059013 -0.920616
0.483325 1.317098 941.100000 -0.104748 -2.405225
0.483276 1.316970 941.200000 -0.224486 -0.485865
0.483228 1.316959 941.300000 -0.247657 1.553708
0.483178 1.316820 941.400000 -0.168733 -0.108506
0.483128 1.316712 941.500000 -0.173315 0.779813
0.483078 1.316587 941.600000 -0.133457 0.522866
0.483027 1.316721 941.700000 -0.106647 -2.273141
0.482979 1.316878 941.800000 -0.219771 -2.361844
0.482933 1.316811 941.900000 -0.336764 1.172786
0.482886 1.316742 942.000000 -0.276441 -1.158406
0.482841 1.316724 942.100000 -0.332979 -1.513917
0.482798 1.316610 942.200000 -0.407010 -0.692036
0.482757 1.316505 942.300000 -0.439577 -0.812687
0.482718 1.316419 942.400000 -0.478013 1.001077
0.482677 1.316389 942.500000 -0.425569 -1.442159
0.482639 1.316250 942.600000 -0.495549 -0.029396
0.482600 1.316175 942.700000 -0.494541 -1.105414
0.482565 1.316036 942.800000 -0.547339 0.141547
0.482529 1.315927 942.900000 -0.537525 0.750808
0.482491 1.315806 943.000000 -0.497297 -0.595786
0.482455 1.315674 943.100000 -0.524600 0.381704
0.482417 1.315702 943.200000 -0.502892 -1.776301
0.482384 1.315579 943.300000 -0.589193 -0.562937
0.482353 1.315973 943.400000 -0.614393 -3.170985
0.482333 1.315863 943.500000 -0.769871 -0.752640
0.482316 1.315728 943.600000 -0.803653 -0.272656
0.482300 1.315590 943.700000 -0.813268 0.187685
0.482283 1.315463 943.800000 -0.799817 0.487189
0.482264 1.315368 943.900000 -0.771459 0.910318
0.482240 1.315343 944.000000 -0.722086 1.470047
0.482211 1.315205 944.100000 -0.644973 -0.132180
0.482182 1.315122 944.200000 -0.648357 1.031605
0.482150 1.314992 944.300000 -0.593535 -0.413658
0.482119 1.314860 944.400000 -0.611250 0.385768
0.482086 1.314775 944.500000 -0.588906 -1.011763
0.482056 1.314842 944.600000 -0.636549 -1.973741
0.482034 1.315195 944.700000 -0.732053 -3.049937
0.482024 1.315331 944.800000 -0.880890 -2.277901
0.482025 1.315277 944.900000 -0.990381 -1.269475
0.482032 1.315267 945.000000 -1.048903 -1.565829
0.482047 1.315323 945.100000 -1.121949 -1.921347
0.482074 1.315198 945.200000 -1.212407 -0.517322
0.482103 1.315103 945.300000 -1.232211 -0.904755
0.482138 1.315182 945.400000 -1.271288 -2.031438
0.482186 1.315048 945.500000 -1.366503 -0.316781
0.482235 1.315008 945.600000 -1.375510 -1.366752
0.482293 1.315021 945.700000 -1.436970 -1.700241
0.482363 1.315270 945.800000 -1.514797 2.707391
0.482412 1.315299 945.900000 -1.371854 1.781786
0.482447 1.315411 946.000000 -1.275905 2.182535
0.482467 1.315293 946.100000 -1.160399 0.619397
0.482483 1.315161 946.200000 -1.123627 -0.361704
0.482500 1.315022 946.300000 -1.136094 -0.066138
0.482517 1.314974 946.400000 -1.133720 1.310087
0.482525 1.314999 946.500000 -1.062547 1.761875
0.482524 1.314938 946.600000 -0.969141 1.215796
0.482516 1.314817 946.700000 -0.903505 0.581185
0.482505 1.314689 946.800000 -0.869929 0.449131
0.482492 1.314640 946.900000 -0.843122 1.307718
0.482472 1.314590 947.000000 -0.773521 1.299118
0.482448 1.314549 947.100000 -0.704697 1.360870
0.482418 1.314559 947.200000 -0.633130 1.678748
0.482383 1.314643 947.300000 -0.546027 2.051434
0.482342 1.314661 947.400000 -0.440726 1.724350
0.482298 1.314556 947.500000 -0.352304 -0.800651
0.482255 1.314563 947.600000 -0.390575 -1.662506
0.482216 1.314510 947.700000 -0.471748 -1.278605
0.482180 1.314380 947.800000 -0.533319 0.403882
0.482143 1.314256 947.900000 -0.510459 -0.511874
0.482107 1.314117 948.000000 -0.533500 -0.057624
0.482071 1.314310 948.100000 -0.533714 2.507135
0.482029 1.314433 948.200000 -0.405688 2.228909
0.481983 1.314311 948.300000 -0.292215 -0.556032
0.481937 1.314173 948.400000 -0.318555 0.102498
0.481891 1.314105 948.500000 -0.311837 1.156501
0.481844 1.314183 948.600000 -0.252453 2.024607
0.481794 1.314079 948.700000 -0.149961 -0.812183
0.481746 1.314679 948.800000 -0.189820 -3.743727
0.481702 1.314729 948.900000 -0.376057 -1.891412
0.481663 1.314685 949.000000 -0.468747 -1.342056
0.481627 1.314550 949.100000 -0.533506 -0.260468
0.481592 1.314439 949.200000 -0.543862 0.713493
0.481555 1.314350 949.300000 -0.505468 -0.974795
0.481520 1.314230 949.400000 -0.551681 0.590574
0.481484 1.314147 949.500000 -0.519394 -1.021151
0.481450 1.314407 949.600000 -0.567854 2.751465
0.481409 1.314377 949.700000 -0.427442 1.436244
0.481365 1.314284 949.800000 -0.353492 0.931457
0.481319 1.314236 949.900000 -0.305152 1.305805
0.481271 1.314100 950.000000 -0.238336 -0.228475
0.481224 1.314224 950.100000 -0.248568 2.234238
0.481174 1.314095 950.200000 -0.135613 0.402430
0.481124 1.314166 950.300000 -0.114814 1.997268
0.481074 1.314077 950.400000 -0.014376 0.961270
0.481023 1.314138 950.500000 0.033759 1.947075
0.480973 1.314050 950.600000 0.130944 -0.981339
0.480923 1.314130 950.700000 0.081222 2.035066
0.480874 1.314120 950.800000 0.182570 -1.561274
0.480824 1.313991 950.900000 0.103593 -0.423415
0.480774 1.313981 951.000000 0.081904 1.559032
0.480725 1.313891 951.100000 0.159446 -0.962986
0.480675 1.313920 951.200000 0.110500 -1.780868
0.480625 1.313798 951.300000 0.020904 -0.554907
0.480574 1.314706 951.400000 -0.006946 4.462151
0.480526 1.314667 951.500000 0.216196 1.372899
0.480480 1.314611 951.600000 0.283760 -1.247535
0.480432 1.314490 951.700000 0.219965 0.579255
0.480385 1.314537 951.800000 0.247828 -1.878954
0.480335 1.314411 951.900000 0.152641 -0.470527
0.480286 1.314276 952.000000 0.128351 0.238337
0.480236 1.314139 952.100000 0.139626 0.119645
0.480187 1.314006 952.200000 0.144910 0.316493
0.480138 1.314025 952.300000 0.160011 1.732030
0.480091 1.314152 952.400000 0.245812 2.244769
0.480047 1.314095 952.500000 0.356821 1.242753
0.480006 1.314079 952.600000 0.417175 1.525020
0.479968 1.314206 952.700000 0.491340 2.244253
0.479937 1.314070 952.800000 0.601096 0.227155
0.479906 1.314033 952.900000 0.609448 -1.386674
0.479871 1.313921 953.000000 0.537067 -0.699073
0.479833 1.313796 953.100000 0.499428 -0.487987
0.479795 1.313660 953.200000 0.472532 -0.215409
0.479755 1.313523 953.300000 0.459399 -0.006726
0.479716 1.313407 953.400000 0.456765 0.644779
0.479678 1.313508 953.500000 0.486721 2.137052
0.479646 1.313382 953.600000 0.591140 -0.457336
0.479613 1.313494 953.700000 0.565317 -2.183827
0.479573 1.313396 953.800000 0.453299 -0.871033
0.479532 1.313455 953.900000 0.407481 1.938407
0.479495 1.313424 954.000000 0.502364 1.425097
0.479461 1.313313 954.100000 0.571107 -0.714165
0.479426 1.313203 954.200000 0.532543 -0.728750
0.479389 1.313131 954.300000 0.493443 -1.113278
0.479348 1.313025 954.400000 0.435312 -0.783729
0.479306 1.313033 954.500000 0.393949 1.665424
0.479268 1.313231 954.600000 0.475250 2.532426
0.479236 1.313308 954.700000 0.599495 2.021317
0.479212 1.313757 954.800000 0.697564 3.347784
0.479200 1.313696 954.900000 0.861465 1.211091
0.479194 1.313747 955.000000 0.917712 1.894368
0.479197 1.313663 955.100000 1.007842 1.016315
0.479205 1.313640 955.200000 1.053619 -1.477309
0.479205 1.313554 955.300000 0.974485 0.991874
0.479209 1.313419 955.400000 1.019207 0.199541
0.479214 1.313299 955.500000 1.024088 0.585654
0.479221 1.313245 955.600000 1.048250 1.260703
0.479235 1.313148 955.700000 1.106044 0.880951
0.479253 1.313363 955.800000 1.144561 2.595603
0.479287 1.314197 955.900000 1.268618 4.309066
0.479351 1.314112 956.000000 1.477729 1.000712
0.479422 1.313982 956.100000 1.520375 -0.382930
0.479489 1.313850 956.200000 1.493627 -0.334341
0.479551 1.313726 956.300000 1.469442 -0.500582
0.479609 1.314798 956.400000 1.437066 -4.808798
0.479633 1.315093 956.500000 1.189440 -2.879283
0.479639 1.315323 956.600000 1.039529 -2.650976
0.479632 1.315604 956.700000 0.901783 -2.829975
0.479611 1.315606 956.800000 0.755775 -1.632966
0.479585 1.315510 956.900000 0.670348 -0.888559
0.479555 1.315432 957.000000 0.622568 1.072121
0.479529 1.315465 957.100000 0.673061 1.803163
0.479509 1.315518 957.200000 0.759854 1.908345
0.479496 1.315468 957.300000 0.851472 1.298128
0.479490 1.315361 957.400000 0.912121 0.755117
0.479486 1.315266 957.500000 0.945316 0.898876
0.479487 1.315543 957.600000 0.985534 2.818673
0.479503 1.315434 957.700000 1.121540 0.735953
0.479522 1.315300 957.800000 1.152730 -0.240117
0.479539 1.315258 957.900000 1.134960 -1.351819
0.479548 1.315867 958.000000 1.061694 -3.781187
0.479537 1.316022 958.100000 0.867327 -2.368425
0.479516 1.315915 958.200000 0.744569 0.760247
0.479498 1.316357 958.300000 0.778858 3.333843
0.479494 1.316685 958.400000 0.941656 2.984351
0.479505 1.316627 958.500000 1.086165 1.233536
0.479523 1.316489 958.600000 1.142411 0.026667
0.479541 1.316548 958.700000 1.138033 1.936682
0.479570 1.316442 958.800000 1.229176 0.776785
0.479603 1.316321 958.900000 1.261870 0.568921
0.479639 1.316215 959.000000 1.284007 0.767420
0.479679 1.316244 959.100000 1.315958 -1.785279
0.479706 1.316123 959.200000 1.220114 -0.555345
0.479730 1.315994 959.300000 1.186246 -0.397383
0.479750 1.315914 959.400000 1.160446 1.054496
0.479776 1.316128 959.500000 1.207368 -2.595725
0.479786 1.316638 959.600000 1.071545 -3.523791
0.479777 1.316506 959.700000 0.889998 -0.303489
0.479766 1.316482 959.800000 0.870373 -1.472912
0.479749 1.316360 959.900000 0.792376 0.541133
0.479734 1.316441 960.000000 0.815471 -2.045663
0.479710 1.316341 960.100000 0.709110 -0.846089
0.479683 1.316220 960.200000 0.663260 -0.554868
0.479654 1.316084 960.300000 0.632200 0.139122
0.479625 1.316298 960.400000 0.635996 -2.598705
0.479588 1.316162 960.500000 0.502880 -0.098703
0.479551 1.316057 960.600000 0.495431 0.788013
0.479516 1.315920 960.700000 0.532354 -0.004891
0.479481 1.315800 960.800000 0.529448 0.565238
0.479447 1.315665 960.900000 0.555063 0.199089
0.479413 1.315537 961.000000 0.562242 0.427827
0.479381 1.315406 961.100000 0.580822 0.327701
0.479349 1.315538 961.200000 0.594303 -2.273641
0.479311 1.315475 961.300000 0.477649 -1.189463
0.479271 1.315348 961.400000 0.415788 0.443847
0.479231 1.315323 961.500000 0.435901 -1.465836
0.479188 1.315190 961.600000 0.360430 -0.247995
0.479144 1.315073 961.700000 0.346228 -0.616271
0.479099 1.314937 961.800000 0.313683 -0.116697
0.479054 1.314806 961.900000 0.306280 0.349834
0.479010 1.314846 962.000000 0.322240 1.839459
0.478969 1.314718 962.100000 0.412602 -0.416053
0.478927 1.314689 962.200000 0.389737 -1.439357
0.478883 1.314557 962.300000 0.315820 -0.303368
0.478837 1.314436 962.400000 0.299073 0.547118
0.478793 1.314305 962.500000 0.324933 0.332190
0.478749 1.314170 962.600000 0.339918 0.175401
0.478706 1.314044 962.700000 0.346988 -0.436766
0.478662 1.313910 962.800000 0.323415 0.246390
0.478618 1.314191 962.900000 0.334118 2.834119
0.478580 1.314065 963.000000 0.474153 0.442915
0.478543 1.314066 963.100000 0.493928 -1.626640
0.478502 1.314331 963.200000 0.410126 -2.783091
0.478456 1.314299 963.300000 0.268921 -1.414666
0.478408 1.314299 963.400000 0.196843 -1.625353
0.478359 1.314167 963.500000 0.114591 0.285947
0.478311 1.314052 963.600000 0.128316 0.636306
0.478262 1.314287 963.700000 0.159489 2.676707
0.478217 1.314179 963.800000 0.292527 -0.730164
0.478171 1.314042 963.900000 0.254557 0.013411
0.478125 1.314577 964.000000 0.253954 3.596784
0.478085 1.315271 964.100000 0.432524 4.001759
0.478056 1.315440 964.200000 0.630449 2.425795
0.478035 1.315347 964.300000 0.748587 0.918368
0.478018 1.315329 964.400000 0.790762 1.512592
0.478007 1.315348 964.500000 0.862438 1.731052
0.478004 1.315299 964.600000 0.944678 1.297012
0.478006 1.315175 964.700000 1.004805 0.489994
0.478011 1.315039 964.800000 1.024281 0.005485
0.478016 1.314907 964.900000 1.019434 -0.284971
0.478018 1.314801 965.000000 1.000088 -0.771892
0.478016 1.314775 965.100000 0.956493 -1.458349
0.478006 1.314648 965.200000 0.878793 -0.412873
0.477995 1.314516 965.300000 0.853756 -0.279096
0.477981 1.314421 965.400000 0.835532 -0.895318
0.477964 1.314288 965.500000 0.786588 -0.246026
0.477945 1.314780 965.600000 0.770354 3.482598
0.477941 1.314648 965.700000 0.940632 -0.275241
0.477936 1.314554 965.800000 0.922167 0.900677
0.477934 1.314441 965.900000 0.962590 0.673770
0.477936 1.314306 966.000000 0.991466 -0.138491
0.477936 1.314176 966.100000 0.979584 0.344775
0.477937 1.314197 966.200000 0.991925 1.742484
0.477948 1.314084 966.300000 1.074089 -0.662780
0.477954 1.313948 966.400000 1.035580 -0.033621
0.477959 1.313814 966.500000 1.028721 -0.152860
0.477963 1.313689 966.600000 1.015934 0.477988
0.477969 1.313764 966.700000 1.034754 -2.016036
0.477964 1.313828 966.800000 0.928778 -1.967780
0.477950 1.313772 966.900000 0.825745 -1.245114
0.477930 1.313682 967.000000 0.759361 -0.933294
0.477907 1.313578 967.100000 0.708900 -0.788961
0.477880 1.313444 967.200000 0.665907 -0.196553
0.477853 1.313309 967.300000 0.652750 0.134845
0.477826 1.313180 967.400000 0.656228 0.349947
0.477800 1.313083 967.500000 0.670444 0.865846
0.477776 1.313006 967.600000 0.710385 1.068918
0.477757 1.312910 967.700000 0.760279 0.873961
0.477740 1.313316 967.800000 0.800175 3.237128
0.477739 1.313210 967.900000 0.958031 0.765880
0.477740 1.313142 968.000000 0.991535 -1.139369
0.477735 1.313095 968.100000 0.929608 -1.312711
0.477724 1.312992 968.200000 0.859325 0.795781
0.477716 1.312869 968.300000 0.894817 -0.498730
0.477705 1.312832 968.400000 0.865407 -1.376364
0.477688 1.313108 968.500000 0.792261 -2.824605
0.477661 1.312976 968.600000 0.647070 0.265039
0.477634 1.312851 968.700000 0.657086 0.446863
0.477608 1.312863 968.800000 0.676144 -1.694133
0.477577 1.312783 968.900000 0.588057 1.035663
0.477548 1.312993 969.000000 0.636900 2.585484
0.477529 1.313635 969.100000 0.762989 3.882313
0.477527 1.313524 969.200000 0.953290 -0.694568
0.477520 1.313399 969.300000 0.913795 -0.447129
0.477512 1.313290 969.400000 0.886870 -0.715143
0.477499 1.313178 969.500000 0.846678 0.672773
0.477490 1.313106 969.600000 0.876084 1.110212
0.477485 1.312973 969.700000 0.927214 -0.237406
0.477478 1.312891 969.800000 0.910707 1.010453
0.477476 1.312793 969.900000 0.956677 -0.849689
0.477470 1.312689 970.000000 0.909409 -0.790338
0.477459 1.312564 970.100000 0.865345 -0.445767
0.477446 1.312571 970.200000 0.838730 -1.659978
0.477426 1.312737 970.300000 0.751537 -2.416031
0.477397 1.312628 970.400000 0.626978 -0.719709
0.477366 1.312548 970.500000 0.587858 -1.039433
0.477331 1.312997 970.600000 0.532947 -3.365971
0.477289 1.313188 970.700000 0.361983 -2.517371
0.477242 1.313267 970.800000 0.234305 -2.041899
0.477194 1.313194 970.900000 0.131038 -1.096446
0.477145 1.313219 971.000000 0.075561 1.760812
0.477098 1.313105 971.100000 0.163224 0.641986
0.477050 1.312980 971.200000 0.194507 0.458879
0.477004 1.312845 971.300000 0.216478 -0.018110
0.476957 1.312717 971.400000 0.214490 0.361056
0.476911 1.312680 971.500000 0.231471 1.382012
0.476866 1.312552 971.600000 0.299414 0.364053
0.476822 1.312434 971.700000 0.316120 -0.584413
0.476777 1.312587 971.800000 0.285318 -2.367655
0.476730 1.312936 971.900000 0.165509 -3.066528
0.476681 1.313159 972.000000 0.011355 -2.638826
0.476632 1.313099 972.100000 -0.120643 -1.206033
0.476585 1.312992 972.200000 -0.180342 -0.744475
0.476538 1.312894 972.300000 -0.216664 -0.849351
0.476493 1.312909 972.400000 -0.258048 -1.704471
0.476450 1.312781 972.500000 -0.341981 0.382355
0.476406 1.312652 972.600000 -0.321153 -0.331072
0.476363 1.312558 972.700000 -0.336101 -0.891588
0.476321 1.312423 972.800000 -0.379000 -0.053072
0.476280 1.312292 972.900000 -0.379759 0.268026
0.476238 1.312438 973.000000 -0.364459 2.339813
0.476192 1.312381 973.100000 -0.245646 1.224330
0.476145 1.312385 973.200000 -0.183201 1.644191
0.476096 1.312639 973.300000 -0.100075 2.753359
0.476048 1.312764 973.400000 0.038093 2.246909
0.476000 1.312835 973.500000 0.150248 2.001513
0.475954 1.312755 973.600000 0.249572 -1.037403
0.475907 1.312790 973.700000 0.196454 -1.820794
0.475859 1.313058 973.800000 0.104432 -2.798386
0.475810 1.312924 973.900000 -0.036009 -0.117041
0.475761 1.312789 974.000000 -0.041681 0.063201
0.475713 1.312670 974.100000 -0.038313 -0.558411
0.475664 1.312536 974.200000 -0.066042 0.084593
0.475615 1.312402 974.300000 -0.061482 -0.109014
0.475567 1.312279 974.400000 -0.066625 -0.479895
0.475518 1.313138 974.500000 -0.090287 -4.400488
0.475475 1.313410 974.600000 -0.309860 -2.815303
0.475436 1.313672 974.700000 -0.449076 -2.782223
0.475405 1.313665 974.800000 -0.585941 -1.581098
0.475379 1.313536 974.900000 -0.662067 0.324782
0.475351 1.313813 975.000000 -0.642517 -2.832564
0.475334 1.314017 975.100000 -0.780933 -2.572447
0.475327 1.314192 975.200000 -0.905650 -2.458148
0.475332 1.314118 975.300000 -1.024030 -1.086177
0.475342 1.313986 975.400000 -1.073218 0.239023
0.475351 1.313883 975.500000 -1.055901 0.785668
0.475354 1.314017 975.600000 -1.011338 2.290601
0.475346 1.315182 975.700000 -0.891751 5.035562
0.475318 1.315428 975.800000 -0.635515 2.726379
0.475282 1.315509 975.900000 -0.496018 2.052146
0.475241 1.315376 976.000000 -0.390931 0.205466
0.475200 1.315386 976.100000 -0.378703 1.676321
0.475156 1.315416 976.200000 -0.292993 1.795505
0.475109 1.315465 976.300000 -0.201753 1.895487
0.475061 1.315522 976.400000 -0.105970 1.933861
0.475013 1.315388 976.500000 -0.008747 -0.063035
0.474964 1.315253 976.600000 -0.011855 0.107398
0.474915 1.315186 976.700000 -0.006426 -1.145586
0.474867 1.315053 976.800000 -0.063673 -0.192305
0.474819 1.314929 976.900000 -0.072970 0.443962
0.474770 1.315143 977.000000 -0.050407 2.609738
0.474722 1.315091 977.100000 0.080332 -1.273888
0.474673 1.315023 977.200000 0.016236 1.141787
0.474625 1.315084 977.300000 0.073244 1.951947
0.474578 1.314974 977.400000 0.170475 0.703906
0.474532 1.314849 977.500000 0.204818 0.416211
0.474486 1.314714 977.600000 0.224605 -0.022844
0.474440 1.314585 977.700000 0.222340 -0.315044
0.474393 1.314473 977.800000 0.205476 0.669577
0.474348 1.314339 977.900000 0.237927 -0.031387
0.474302 1.314209 978.000000 0.235168 0.284709
0.474257 1.314077 978.100000 0.248228 -0.222330
0.474211 1.313956 978.200000 0.235870 0.514395
0.474166 1.313860 978.300000 0.260410 -0.863945
0.474120 1.313859 978.400000 0.215911 -1.614476
0.474072 1.313741 978.500000 0.134108 -0.556555
0.474024 1.313630 978.600000 0.105610 0.679562
0.473977 1.313528 978.700000 0.139060 0.794648
0.473930 1.313547 978.800000 0.178097 1.730212
0.473885 1.313438 978.900000 0.263717 -0.706597
0.473840 1.313513 979.000000 0.227068 -2.024791
0.473792 1.313380 979.100000 0.124694 0.127817
0.473745 1.313339 979.200000 0.130461 -1.353121
0.473696 1.313251 979.300000 0.062153 -0.948223
0.473648 1.313333 979.400000 0.014431 -2.056571
0.473600 1.314138 979.500000 -0.088470 -4.290220
0.473556 1.314182 979.600000 -0.302539 -1.866823
0.473516 1.314233 979.700000 -0.394367 -1.902566
0.473480 1.314281 979.800000 -0.487524 -1.889882
0.473449 1.314247 979.900000 -0.579580 -1.404043
0.473422 1.314186 980.000000 -0.646884 -1.195870
0.473399 1.314239 980.100000 -0.703443 -1.916070
0.473383 1.314849 980.200000 -0.795730 -3.819434
0.473384 1.314761 980.300000 -0.982723 0.952399
0.473379 1.314630 980.400000 -0.930189 0.231993
0.473374 1.314724 980.500000 -0.913939 -2.116084
0.473378 1.314773 980.600000 -1.015173 -1.892797
0.473392 1.314641 980.700000 -1.104737 0.178655
0.473404 1.314543 980.800000 -1.090281 0.848432
0.473411 1.314421 980.900000 -1.042408 -0.479475
0.473421 1.314429 981.000000 -1.061169 -1.666911
0.473438 1.314631 981.100000 -1.139209 -2.569871
0.473471 1.314803 981.200000 -1.262007 -2.450950
0.473520 1.314962 981.300000 -1.378244 -2.397026
0.473585 1.314863 981.400000 -1.491204 -0.833865
0.473655 1.314730 981.500000 -1.525441 -0.019816
0.473724 1.314615 981.600000 -1.518805 -0.617380
0.473797 1.314493 981.700000 -1.542080 -0.486454
0.473873 1.314382 981.800000 -1.558692 -0.663329
0.473952 1.314327 981.900000 -1.584065 -1.244250
0.474041 1.314193 982.000000 -1.638357 -0.029692
0.474128 1.314162 982.100000 -1.631650 1.420837
0.474202 1.314032 982.200000 -1.552450 -0.265938
0.474278 1.314077 982.300000 -1.557985 -1.878257
0.474367 1.313947 982.400000 -1.644108 -0.266507
0.474457 1.314249 982.500000 -1.649212 2.923877
0.474522 1.314138 982.600000 -1.494773 0.669968
0.474582 1.314016 982.700000 -1.453800 -0.478057
0.474643 1.313928 982.800000 -1.470434 -0.946980
0.474711 1.313975 982.900000 -1.510431 1.887018
0.474764 1.314076 983.000000 -1.408528 -2.147766
0.474831 1.313961 983.100000 -1.508874 -0.597846
0.474902 1.313877 983.200000 -1.531222 0.991647
0.474964 1.313844 983.300000 -1.473983 1.408528
0.475015 1.313898 983.400000 -1.396187 1.917623
0.475052 1.313764 983.500000 -1.293325 -0.041206
0.475088 1.313634 983.600000 -1.288918 -0.248825
0.475125 1.313597 983.700000 -1.294915 1.382747
0.475152 1.313641 983.800000 -1.219303 -1.867153
0.475191 1.313722 983.900000 -1.306564 -2.053551
0.475242 1.314157 984.000000 -1.402709 -3.346197
0.475318 1.314209 984.100000 -1.563005 -1.909169
0.475408 1.314278 984.200000 -1.650649 -2.000162
0.475514 1.314182 984.300000 -1.742404 -0.856878
0.475626 1.314074 984.400000 -1.776535 0.711085
0.475730 1.314047 984.500000 -1.732099 1.442418
0.475820 1.313915 984.600000 -1.651317 0.197977
0.475907 1.313817 984.700000 -1.633162 0.834562
0.475986 1.313852 984.800000 -1.583268 1.822858
0.476050 1.313979 984.900000 -1.484209 2.264266
0.476096 1.314290 985.000000 -1.363574 2.956998
0.476122 1.314183 985.100000 -1.208906 0.729188
0.476143 1.314181 985.200000 -1.166402 -1.604367
0.476172 1.314158 985.300000 -1.240789 -1.477208
0.476211 1.314254 985.400000 -1.308445 -2.127160
0.476263 1.314315 985.500000 -1.408261 -1.957096
0.476329 1.314203 985.600000 -1.499075 -0.640543
0.476398 1.314269 985.700000 -1.523606 -1.982728
0.476482 1.314306 985.800000 -1.615125 -1.836390
0.476580 1.314638 985.900000 -1.698869 -3.026570
0.476704 1.314963 986.000000 -1.841703 -3.006967
0.476855 1.315034 986.100000 -1.982843 -2.006673
0.477024 1.314904 986.200000 -2.073262 -0.279926
0.477195 1.315042 986.300000 -2.076892 2.313737
0.477339 1.315521 986.400000 -1.950821 3.474989
0.477449 1.315412 986.500000 -1.767317 0.689032
0.477551 1.316166 986.600000 -1.724029 4.185616
0.477618 1.316083 986.700000 -1.506128 -0.994868
0.477691 1.315952 986.800000 -1.548341 0.223355
0.477761 1.315925 986.900000 -1.529431 -1.446304
0.477841 1.315832 987.000000 -1.594099 -0.890241
0.477928 1.316073 987.100000 -1.630641 -2.721012
0.478036 1.315943 987.200000 -1.758538 0.228422
0.478141 1.315831 987.300000 -1.738325 -0.646688
0.478249 1.315835 987.400000 -1.761967 -1.648787
0.478371 1.315738 987.500000 -1.835597 -0.846854
0.478500 1.315605 987.600000 -1.868762 0.002213
0.478626 1.315472 987.700000 -1.859307 -0.095543
0.478752 1.315395 987.800000 -1.854788 1.053330
0.478866 1.315267 987.900000 -1.792847 0.325515
0.478976 1.315139 988.000000 -1.767607 0.298525
0.479081 1.315019 988.100000 -1.743843 -0.514387
0.479190 1.314895 988.200000 -1.760843 -0.413481
0.479300 1.314781 988.300000 -1.772713 0.628369
0.479403 1.314791 988.400000 -1.732431 -1.678973
0.479520 1.314958 988.500000 -1.807717 -2.433849
0.479658 1.314825 988.600000 -1.920371 -0.010338
0.479794 1.314705 988.700000 -1.911286 0.517615
0.479924 1.314585 988.800000 -1.875849 -0.506519
0.480056 1.314485 988.900000 -1.891796 -0.799599
0.480195 1.314363 989.000000 -1.922317 -0.464907
0.480335 1.314335 989.100000 -1.935951 -1.445488
0.480489 1.314321 989.200000 -1.998545 -1.527610
0.480656 1.314845 989.300000 -2.064933 -3.606946
0.480859 1.315022 989.400000 -2.234956 -2.477283
0.481089 1.314893 989.500000 -2.347645 -0.266625
0.481320 1.314766 989.600000 -2.349238 -0.326147
0.481551 1.315028 989.700000 -2.353799 -2.797715
0.481813 1.315084 989.800000 -2.481916 -1.934463
0.482097 1.314953 989.900000 -2.566230 0.165407
0.482376 1.315005 990.000000 -2.545128 1.913126
0.482627 1.314873 990.100000 -2.436746 0.128010
0.482873 1.314809 990.200000 -2.418162 -1.168413
0.483131 1.315972 990.300000 -2.464492 -5.066379
0.483452 1.316532 990.400000 -2.705488 -3.704320
0.483821 1.316461 990.500000 -2.877177 -1.108073
0.484202 1.316512 990.600000 -2.918194 -1.910414
0.484607 1.316470 990.700000 -2.999124 1.339925
0.484987 1.316433 990.800000 -2.917132 1.378558
0.485344 1.316355 990.900000 -2.833619 1.041556
0.485681 1.316224 991.000000 -2.767373 -0.193915
0.486017 1.316104 991.100000 -2.763232 0.507092
0.486342 1.316204 991.200000 -2.724061 -2.147544
0.486694 1.316140 991.300000 -2.817818 1.169814
0.487025 1.316050 991.400000 -2.745238 0.911833
0.487339 1.315998 991.500000 -2.685920 -1.268132
0.487668 1.315870 991.600000 -2.735897 -0.308174
0.487996 1.315741 991.700000 -2.737627 0.282816
0.488317 1.316176 991.800000 -2.709798 3.353643
0.488590 1.317316 991.900000 -2.528566 5.026387
0.488799 1.317313 992.000000 -2.264604 1.603903
0.488988 1.317204 992.100000 -2.173086 -0.676244
0.489182 1.317159 992.200000 -2.196033 1.322003
0.489359 1.317079 992.300000 -2.118953 -1.027502
0.489544 1.317562 992.400000 -2.159733 -3.494069
0.489767 1.317652 992.500000 -2.323638 -2.102557
0.490012 1.317689 992.600000 -2.417147 -1.837127
0.490277 1.317660 992.700000 -2.496918 -1.436265
0.490556 1.317534 992.800000 -2.556247 -0.363160
0.490837 1.317483 992.900000 -2.561623 1.271003
0.491099 1.317356 993.000000 -2.485265 -0.351006
0.491362 1.317450 993.100000 -2.490389 2.119639
0.491595 1.317320 993.200000 -2.371955 -0.253489
0.491829 1.317189 993.300000 -2.372770 0.165336
0.492058 1.317167 993.400000 -2.352639 -1.480125
0.492302 1.317091 993.500000 -2.414882 -1.062447
0.492556 1.317035 993.600000 -2.455930 1.232408
0.492792 1.316949 993.700000 -2.382030 0.962095
0.493014 1.316824 993.800000 -2.322015 0.383951
0.493228 1.316741 993.900000 -2.291208 0.994862
0.493429 1.316674 994.000000 -2.230008 -1.141435
0.493640 1.316574 994.100000 -2.275930 0.794835
0.493839 1.316818 994.200000 -2.224809 2.736933
0.494006 1.316854 994.300000 -2.076838 1.828555
0.494153 1.316730 994.400000 -1.975026 0.419932
0.494293 1.316612 994.500000 -1.944154 0.532638
0.494426 1.316656 994.600000 -1.907802 1.871576
0.494540 1.316525 994.700000 -1.804684 0.164613
0.494651 1.316422 994.800000 -1.787430 0.767450
0.494754 1.316290 994.900000 -1.740120 0.018531
0.494854 1.316878 995.000000 -1.730493 3.785822
0.494923 1.317139 995.100000 -1.532550 2.797977
0.494969 1.317880 995.200000 -1.384988 4.170459
0.494988 1.318307 995.300000 -1.169540 3.336543
0.494988 1.318508 995.400000 -0.996865 2.577268
0.494976 1.318798 995.500000 -0.863017 2.901855
0.494952 1.318669 995.600000 -0.713610 0.230033
0.494927 1.319026 995.700000 -0.698540 3.123457
0.494892 1.319071 995.800000 -0.538874 1.877759
0.494852 1.319010 995.900000 -0.442292 1.199459
0.494809 1.319127 996.000000 -0.380108 2.228268
0.494763 1.319037 996.100000 -0.266794 0.921774
0.494716 1.318926 996.200000 -0.219371 -0.647347
0.494669 1.318817 996.300000 -0.250642 0.688679
0.494622 1.318688 996.400000 -0.214954 -0.240308
0.494575 1.318556 996.500000 -0.225895 -0.003921
0.494528 1.318519 996.600000 -0.224962 -1.380476
0.494483 1.318396 996.700000 -0.292861 -0.429925
0.494438 1.318321 996.800000 -0.312892 -1.069834
0.494395 1.318303 996.900000 -0.364820 -1.505516
0.494355 1.318653 997.000000 -0.438271 3.102816
0.494309 1.319081 997.100000 -0.280939 3.342374
0.494261 1.318971 997.200000 -0.112416 0.668507
0.494211 1.319513 997.300000 -0.078428 -3.667266
0.494165 1.319572 997.400000 -0.261400 1.952351
0.494117 1.319515 997.500000 -0.162475 1.227700
0.494068 1.319412 997.600000 -0.100278 -0.759168
0.494019 1.319291 997.700000 -0.137735 -0.467440
0.493971 1.319159 997.800000 -0.160418 0.076523
0.493923 1.319034 997.900000 -0.155790 0.385837
0.493874 1.319169 998.000000 -0.135719 2.309258
0.493825 1.319377 998.100000 -0.019578 2.606191
0.493776 1.319392 998.200000 0.110830 1.715189
0.493728 1.319655 998.300000 0.196035 2.807607
0.493685 1.319675 998.400000 0.335435 1.741682
0.493644 1.319585 998.500000 0.420842 0.921354
0.493606 1.319961 998.600000 0.464806 3.186120
0.493575 1.319830 998.700000 0.621788 0.129933
0.493546 1.319701 998.800000 0.625175 0.280420
0.493516 1.319570 998.900000 0.636071 0.119403
0.493487 1.319526 999.000000 0.638860 -1.322813
0.493454 1.319396 999.100000 0.569525 0.223149
0.493422 1.319302 999.200000 0.577835 0.869794
0.493391 1.319395 999.300000 0.618436 -2.121209
0.493355 1.319264 999.400000 0.509283 -0.127344
0.493318 1.319132 999.500000 0.500370 -0.076234
0.493281 1.319013 999.600000 0.494056 0.513380
0.493245 1.318934 999.700000 0.517255 1.021369
0.493212 1.318814 999.800000 0.565737 0.501096
0.493180 1.318904 999.900000 0.587963 2.105146
